eta_almacenamiento,eta_temporal_real,diferencia_absoluta
1.4655733596639797,1.4655733596639797,0.0
1.0604144663097126,1.0604144663097126,0.0
1.1025853837050443,1.1025853837050443,0.0
1.5111557204065564,1.5111557204065564,0.0
1.369946004140657,1.369946004140657,0.0
1.878813177995854,1.878813177995854,0.0
1.1374877473500151,1.1374877473500151,0.0
0.330019701053061,0.330019701053061,0.0
0.9406841283592579,0.9406841283592579,0.0
1.8715216755047452,1.8715216755047452,0.0
1.2721334412577572,1.2721334412577572,0.0
1.390089468095282,1.390089468095282,0.0
1.510372468561955,1.510372468561955,0.0
1.577652189114323,1.577652189114323,0.0
1.0591730599090532,1.0591730599090532,0.0
1.4622050151074646,1.4622050151074646,0.0
2.0625985432989262,2.0625985432989262,0.0
1.7989609345042223,1.7989609345042223,0.0
1.1708462014576106,1.1708462014576106,0.0
0.21863175729719336,0.21863175729719336,0.0
0.5212946666154602,0.5212946666154602,0.0
1.7159849169795407,1.7159849169795407,0.0
0.5182624353478251,0.5182624353478251,0.0
1.5752521609080221,1.5752521609080221,0.0
1.261329520517104,1.261329520517104,0.0
1.263109565563575,1.263109565563575,0.0
0.4330595088824912,0.4330595088824912,0.0
1.4872730457875838,1.4872730457875838,0.0
1.3985400830587247,1.3985400830587247,0.0
0.7813136835957656,0.7813136835957656,0.0
1.342077838390407,1.342077838390407,0.0
0.896010712466114,0.896010712466114,0.0
1.551594476749509,1.551594476749509,0.0
1.1925729042131192,1.1925729042131192,0.0
1.7182284708387294,1.7182284708387294,0.0
1.4838041597690501,1.4838041597690501,0.0
1.3496064947343582,1.3496064947343582,0.0
1.2561826724399874,1.2561826724399874,0.0
0.0561712391504963,0.0561712391504963,0.0
1.2639081876261422,1.2639081876261422,0.0
1.7153557160525643,1.7153557160525643,0.0
1.8724913776901275,1.8724913776901275,0.0
1.3656170919757837,1.3656170919757837,0.0
2.1497964346349074,2.1497964346349074,0.0
1.5535634679447197,1.5535634679447197,0.0
1.5483909798593662,1.5483909798593662,0.0
1.8148365269376279,1.8148365269376279,0.0
1.7480199890203232,1.7480199890203232,0.0
1.4881896167906348,1.4881896167906348,0.0
1.3739949345969544,1.3739949345969544,0.0
1.3513219727365882,1.3513219727365882,0.0
1.437233904945702,1.437233904945702,0.0
1.7972004687030116,1.7972004687030116,0.0
0.9775499211310898,0.9775499211310898,0.0
1.4801047104951206,1.4801047104951206,0.0
1.7219277219538052,1.7219277219538052,0.0
1.5803021015481045,1.5803021015481045,0.0
1.0443308457783569,1.0443308457783569,0.0
1.8951481727134973,1.8951481727134973,0.0
1.729338750091796,1.729338750091796,0.0
1.2334706668871325,1.2334706668871325,0.0
1.118518437102619,1.118518437102619,0.0
1.1034308587909503,1.1034308587909503,0.0
1.7185906834114835,1.7185906834114835,0.0
1.0363256231649638,1.0363256231649638,0.0
1.4157663000579364,1.4157663000579364,0.0
1.2314983100807444,1.2314983100807444,0.0
1.8312545281489616,1.8312545281489616,0.0
1.401301172140315,1.401301172140315,0.0
1.0929174653302869,1.0929174653302869,0.0
1.772447514253037,1.772447514253037,0.0
0.8809334971281639,0.8809334971281639,0.0
1.4555922942800152,1.4555922942800152,0.0
1.3477547263779293,1.3477547263779293,0.0
1.4316631136743905,1.4316631136743905,0.0
1.198864874827523,1.198864874827523,0.0
0.7076863640805753,0.7076863640805753,0.0
1.3165176696615264,1.3165176696615264,0.0
1.4469914922372493,1.4469914922372493,0.0
1.4361057623332334,1.4361057623332334,0.0
1.3268676814663303,1.3268676814663303,0.0
0.7585047308373253,0.7585047308373253,0.0
1.622147888197817,1.622147888197817,0.0
1.7115102717671895,1.7115102717671895,0.0
1.19428850033536,1.19428850033536,0.0
2.056751831918375,2.056751831918375,0.0
1.794260466052809,1.794260466052809,0.0
1.6217004234911268,1.6217004234911268,0.0
1.5335410176081856,1.5335410176081856,0.0
1.1225064343489881,1.1225064343489881,0.0
1.308967589746791,1.308967589746791,0.0
1.0109768434972497,1.0109768434972497,0.0
1.2004703262283412,1.2004703262283412,0.0
0.8373077308159101,0.8373077308159101,0.0
1.3450977635845014,1.3450977635845014,0.0
1.9743501663982495,1.9743501663982495,0.0
0.185822016909218,0.185822016909218,0.0
1.510324593065219,1.510324593065219,0.0
1.2049404175389649,1.2049404175389649,0.0
1.6437602955967405,1.6437602955967405,0.0
1.4701341711309504,1.4701341711309504,0.0
0.5580004338975479,0.5580004338975479,0.0
1.324120849495003,1.324120849495003,0.0
1.4088413451118944,1.4088413451118944,0.0
1.8985624257471747,1.8985624257471747,0.0
1.420935644902229,1.420935644902229,0.0
1.6099426669509378,1.6099426669509378,0.0
0.8519301706543446,0.8519301706543446,0.0
0.9791382880385909,0.9791382880385909,0.0
1.5019036025198935,1.5019036025198935,0.0
1.383653984063676,1.383653984063676,0.0
1.5483518135266294,1.5483518135266294,0.0
1.4661995624249704,1.4661995624249704,0.0
1.979681105112146,1.979681105112146,0.0
0.311759492534075,0.311759492534075,0.0
1.7056318070146894,1.7056318070146894,0.0
1.5800169337124648,1.5800169337124648,0.0
1.1950473074596184,1.1950473074596184,0.0
1.3452208215759325,1.3452208215759325,0.0
0.751667570262374,0.751667570262374,0.0
0.8527399910211048,0.8527399910211048,0.0
1.6326780770453402,1.6326780770453402,0.0
1.1382968465455587,1.1382968465455587,0.0
1.2361616766747943,1.2361616766747943,0.0
1.7861090025433275,1.7861090025433275,0.0
1.504533941703447,1.504533941703447,0.0
1.066076900371676,1.066076900371676,0.0
1.7440285794652783,1.7440285794652783,0.0
1.3893279447170128,1.3893279447170128,0.0
1.6414775093950886,1.6414775093950886,0.0
1.6391468735377634,1.6391468735377634,0.0
1.7661697678534256,1.7661697678534256,0.0
1.5010488907477366,1.5010488907477366,0.0
1.5720952424640693,1.5720952424640693,0.0
1.0969183941034668,1.0969183941034668,0.0
0.8685053990874085,0.8685053990874085,0.0
1.1749556783102952,1.1749556783102952,0.0
2.059260385498626,2.059260385498626,0.0
1.325741182969911,1.325741182969911,0.0
1.2768148674215622,1.2768148674215622,0.0
1.6974975714379623,1.6974975714379623,0.0
1.3468856453356945,1.3468856453356945,0.0
1.210387293431643,1.210387293431643,0.0
1.7328792321399038,1.7328792321399038,0.0
1.1868974453588774,1.1868974453588774,0.0
1.6020310751388924,1.6020310751388924,0.0
1.0752861661301447,1.0752861661301447,0.0
1.7129125479812546,1.7129125479812546,0.0
1.5578020119065885,1.5578020119065885,0.0
1.8120756213691094,1.8120756213691094,0.0
1.6534071076915478,1.6534071076915478,0.0
0.6772303001842517,0.6772303001842517,0.0
0.8260622790691068,0.8260622790691068,0.0
1.1836963629321189,1.1836963629321189,0.0
0.7452413574874908,0.7452413574874908,0.0
1.8903841783660214,1.8903841783660214,0.0
1.9591432984451655,1.9591432984451655,0.0
1.3762250479747118,1.3762250479747118,0.0
1.397552782725093,1.397552782725093,0.0
1.1404546214421447,1.1404546214421447,0.0
1.4575600578813384,1.4575600578813384,0.0
1.498099033442139,1.498099033442139,0.0
1.3989883437416732,1.3989883437416732,0.0
1.305602015074852,1.305602015074852,0.0
0.9181705318402434,0.9181705318402434,0.0
1.536409847740755,1.536409847740755,0.0
1.084888544834152,1.084888544834152,0.0
0.9275565560384066,0.9275565560384066,0.0
0.605301565317539,0.605301565317539,0.0
1.3999950316063337,1.3999950316063337,0.0
0.1108346285409795,0.1108346285409795,0.0
1.6271788280925201,1.6271788280925201,0.0
1.2034165787924729,1.2034165787924729,0.0
1.4134077045102873,1.4134077045102873,0.0
0.5887277323706841,0.5887277323706841,0.0
1.6023484268414276,1.6023484268414276,0.0
1.6169248380817383,1.6169248380817383,0.0
1.010587052572561,1.010587052572561,0.0
1.4217612688799195,1.4217612688799195,0.0
1.7823338798447312,1.7823338798447312,0.0
2.0197044175060044,2.0197044175060044,0.0
1.1845699741705982,1.1845699741705982,0.0
1.3370394880361018,1.3370394880361018,0.0
2.1196662335188967,2.1196662335188967,0.0
1.3050403161896036,1.3050403161896036,0.0
1.4245066254887262,1.4245066254887262,0.0
1.1166669263557598,1.1166669263557598,0.0
1.5234587294275257,1.5234587294275257,0.0
0.6808786777935865,0.6808786777935865,0.0
1.2832377722799064,1.2832377722799064,0.0
1.3025628735266284,1.3025628735266284,0.0
0.7818482519280621,0.7818482519280621,0.0
1.3572903007954689,1.3572903007954689,0.0
1.660791979228796,1.660791979228796,0.0
1.741141891320521,1.741141891320521,0.0
1.026320587814489,1.026320587814489,0.0
1.1998192445579954,1.1998192445579954,0.0
0.7759882102523988,0.7759882102523988,0.0
0.9289846147988126,0.9289846147988126,0.0
1.6176244087875666,1.6176244087875666,0.0
1.3515740669362029,1.3515740669362029,0.0
1.9924762392334487,1.9924762392334487,0.0
1.7991125157858818,1.7991125157858818,0.0
1.4682129909792103,1.4682129909792103,0.0
1.0962968593388456,1.0962968593388456,0.0
0.7386983703207523,0.7386983703207523,0.0
1.5604266873984418,1.5604266873984418,0.0
1.4728631108695514,1.4728631108695514,0.0
1.9414032428632118,1.9414032428632118,0.0
1.3488259652043681,1.3488259652043681,0.0
1.7897929099142071,1.7897929099142071,0.0
1.4049629490625772,1.4049629490625772,0.0
1.5844691964140183,1.5844691964140183,0.0
1.361981399290007,1.361981399290007,0.0
1.222239381071396,1.222239381071396,0.0
0.15216346727693428,0.15216346727693428,0.0
0.8179018420730723,0.8179018420730723,0.0
1.560200058047667,1.560200058047667,0.0
1.1468553657885523,1.1468553657885523,0.0
1.055842650162245,1.055842650162245,0.0
1.7062343186658306,1.7062343186658306,0.0
1.4154267965030494,1.4154267965030494,0.0
1.6390928609254294,1.6390928609254294,0.0
1.5876250075430458,1.5876250075430458,0.0
1.4963038335232168,1.4963038335232168,0.0
1.467116423474032,1.467116423474032,0.0
1.8216469730893565,1.8216469730893565,0.0
1.9746063407633554,1.9746063407633554,0.0
1.948782165176197,1.948782165176197,0.0
1.6037606103256277,1.6037606103256277,0.0
1.7767206090034664,1.7767206090034664,0.0
1.4147971068093406,1.4147971068093406,0.0
1.19927935398348,1.19927935398348,0.0
0.6867464663997593,0.6867464663997593,0.0
1.5139850573348073,1.5139850573348073,0.0
1.5902369374752992,1.5902369374752992,0.0
1.629198345962613,1.629198345962613,0.0
1.340129519271824,1.340129519271824,0.0
1.6475566039663585,1.6475566039663585,0.0
1.507060427465994,1.507060427465994,0.0
1.5223049076083304,1.5223049076083304,0.0
0.800052827799399,0.800052827799399,0.0
1.5903851907331432,1.5903851907331432,0.0
1.512273121819125,1.512273121819125,0.0
1.4846817056529362,1.4846817056529362,0.0
1.5451992351907382,1.5451992351907382,0.0
1.1653245632366147,1.1653245632366147,0.0
1.6707454670270048,1.6707454670270048,0.0
1.6690925011557236,1.6690925011557236,0.0
1.7955666638296062,1.7955666638296062,0.0
1.4329764660841227,1.4329764660841227,0.0
1.9036564190397183,1.9036564190397183,0.0
1.3611678920578807,1.3611678920578807,0.0
1.7443301449630846,1.7443301449630846,0.0
0.8480566499060074,0.8480566499060074,0.0
1.7656397047908796,1.7656397047908796,0.0
1.507625379280047,1.507625379280047,0.0
0.6352590522762191,0.6352590522762191,0.0
1.3349109793333431,1.3349109793333431,0.0
1.436369104239742,1.436369104239742,0.0
1.294190678221173,1.294190678221173,0.0
1.4957036105567416,1.4957036105567416,0.0
1.6028159847189776,1.6028159847189776,0.0
1.5943731721559051,1.5943731721559051,0.0
1.8531609724312323,1.8531609724312323,0.0
1.259636557417186,1.259636557417186,0.0
1.1704659184513067,1.1704659184513067,0.0
1.532959888773077,1.532959888773077,0.0
1.664559279397785,1.664559279397785,0.0
1.4385643401812138,1.4385643401812138,0.0
1.0517889642897553,1.0517889642897553,0.0
1.2915166205425384,1.2915166205425384,0.0
1.2650840712818423,1.2650840712818423,0.0
1.0613778699482626,1.0613778699482626,0.0
1.4885314731611925,1.4885314731611925,0.0
1.2339640729107806,1.2339640729107806,0.0
1.2188366031150923,1.2188366031150923,0.0
1.9448738159151495,1.9448738159151495,0.0
1.4743920618732895,1.4743920618732895,0.0
1.1616895705701997,1.1616895705701997,0.0
1.8079241280184428,1.8079241280184428,0.0
1.5291157361958925,1.5291157361958925,0.0
1.59301914154961,1.59301914154961,0.0
1.2954824391282804,1.2954824391282804,0.0
1.3007422912086644,1.3007422912086644,0.0
1.1906657341317417,1.1906657341317417,0.0
1.4313551091475585,1.4313551091475585,0.0
0.6506885294327609,0.6506885294327609,0.0
1.2625126544730576,1.2625126544730576,0.0
0.8920650781320865,0.8920650781320865,0.0
1.143028306532231,1.143028306532231,0.0
1.4459016253760537,1.4459016253760537,0.0
1.4015491641462838,1.4015491641462838,0.0
0.9229196060652018,0.9229196060652018,0.0
1.4858104520056181,1.4858104520056181,0.0
1.4486910022636943,1.4486910022636943,0.0
1.2986109994810386,1.2986109994810386,0.0
1.591806707993769,1.591806707993769,0.0
1.3726524769048645,1.3726524769048645,0.0
0.560083976868346,0.560083976868346,0.0
1.6024319667551086,1.6024319667551086,0.0
1.5577652684321832,1.5577652684321832,0.0
1.076803663861004,1.076803663861004,0.0
1.238524069700209,1.238524069700209,0.0
1.6583857675514466,1.6583857675514466,0.0
1.8353756673807289,1.8353756673807289,0.0
1.1502995915406855,1.1502995915406855,0.0
1.5062813355962714,1.5062813355962714,0.0
1.1040033424632643,1.1040033424632643,0.0
1.9442702113002488,1.9442702113002488,0.0
0.27780211457503656,0.27780211457503656,0.0
0.21047803341611654,0.21047803341611654,0.0
1.7093562382718381,1.7093562382718381,0.0
0.8805037391579632,0.8805037391579632,0.0
0.6815729920609034,0.6815729920609034,0.0
1.7415188956463268,1.7415188956463268,0.0
1.4467533165249793,1.4467533165249793,0.0
1.523408160113206,1.523408160113206,0.0
1.2510849245337223,1.2510849245337223,0.0
1.0716719557218963,1.0716719557218963,0.0
1.3713757358495633,1.3713757358495633,0.0
0.8872296455445069,0.8872296455445069,0.0
1.4372127851018555,1.4372127851018555,0.0
1.2377228803536888,1.2377228803536888,0.0
1.2935734149137412,1.2935734149137412,0.0
0.8921323086856688,0.8921323086856688,0.0
1.0306281586566628,1.0306281586566628,0.0
1.4692335885979033,1.4692335885979033,0.0
1.2270459160461042,1.2270459160461042,0.0
0.5649446999764388,0.5649446999764388,0.0
1.047448136491183,1.047448136491183,0.0
1.652847138892407,1.652847138892407,0.0
1.6847541833185138,1.6847541833185138,0.0
1.8236552297125914,1.8236552297125914,0.0
1.7567060341341152,1.7567060341341152,0.0
1.3677131209655968,1.3677131209655968,0.0
0.7703270631961168,0.7703270631961168,0.0
1.5416343157011267,1.5416343157011267,0.0
1.1778518791076882,1.1778518791076882,0.0
1.7321109936073535,1.7321109936073535,0.0
1.2356625035587012,1.2356625035587012,0.0
0.923637919578747,0.923637919578747,0.0
1.4927918729528284,1.4927918729528284,0.0
1.5843115243152663,1.5843115243152663,0.0
1.8834642969422433,1.8834642969422433,0.0
1.2568792737035912,1.2568792737035912,0.0
1.4021897223899367,1.4021897223899367,0.0
1.2821997920169608,1.2821997920169608,0.0
1.4433932693719935,1.4433932693719935,0.0
1.395437515046227,1.395437515046227,0.0
1.495879381276454,1.495879381276454,0.0
1.2003558334067497,1.2003558334067497,0.0
1.5559996906852636,1.5559996906852636,0.0
1.6779089291139848,1.6779089291139848,0.0
0.6737015979851142,0.6737015979851142,0.0
1.2537708912810681,1.2537708912810681,0.0
1.0003187820759625,1.0003187820759625,0.0
0.7648342327650104,0.7648342327650104,0.0
1.2502339530703694,1.2502339530703694,0.0
1.1601342054036186,1.1601342054036186,0.0
0.682628164834723,0.682628164834723,0.0
1.3019325932083934,1.3019325932083934,0.0
1.883723484192246,1.883723484192246,0.0
1.7020925436423477,1.7020925436423477,0.0
1.488383426379813,1.488383426379813,0.0
1.7847798520439557,1.7847798520439557,0.0
0.8829357922517944,0.8829357922517944,0.0
1.3035496191292744,1.3035496191292744,0.0
1.133017633479293,1.133017633479293,0.0
1.7308548999484399,1.7308548999484399,0.0
1.319902271348664,1.319902271348664,0.0
0.7044715109182319,0.7044715109182319,0.0
1.4961203609752252,1.4961203609752252,0.0
0.9138561043473906,0.9138561043473906,0.0
1.3693516594376378,1.3693516594376378,0.0
1.646323975080404,1.646323975080404,0.0
0.6150355000421552,0.6150355000421552,0.0
1.4470039298750512,1.4470039298750512,0.0
1.5307687060480362,1.5307687060480362,0.0
1.9228062244005022,1.9228062244005022,0.0
1.6094629746624967,1.6094629746624967,0.0
0.8075481330843722,0.8075481330843722,0.0
1.5753868892691638,1.5753868892691638,0.0
1.3797932020789467,1.3797932020789467,0.0
1.3699442705621603,1.3699442705621603,0.0
1.0732234559549234,1.0732234559549234,0.0
1.4424152834079218,1.4424152834079218,0.0
1.4955389226508322,1.4955389226508322,0.0
1.513279402251554,1.513279402251554,0.0
1.2556671358822311,1.2556671358822311,0.0
1.0594265276577253,1.0594265276577253,0.0
1.231753290603549,1.231753290603549,0.0
0.9011159200059067,0.9011159200059067,0.0
1.4078690401056244,1.4078690401056244,0.0
1.5542172479302547,1.5542172479302547,0.0
1.0847869485113493,1.0847869485113493,0.0
1.464103796688742,1.464103796688742,0.0
0.7334540698546267,0.7334540698546267,0.0
1.0908515258663878,1.0908515258663878,0.0
1.7215559238929068,1.7215559238929068,0.0
1.649222631714963,1.649222631714963,0.0
1.1638847626348703,1.1638847626348703,0.0
0.8176810683366368,0.8176810683366368,0.0
1.1345302919433848,1.1345302919433848,0.0
1.5420804951518856,1.5420804951518856,0.0
1.8996003078254007,1.8996003078254007,0.0
1.4569686469817191,1.4569686469817191,0.0
0.7919301223474089,0.7919301223474089,0.0
1.418930093074371,1.418930093074371,0.0
1.93855277298326,1.93855277298326,0.0
1.5945860454318719,1.5945860454318719,0.0
1.4627100834929994,1.4627100834929994,0.0
1.553043906493786,1.553043906493786,0.0
0.12471648224673833,0.12471648224673833,0.0
1.2862949743925658,1.2862949743925658,0.0
1.389721580581345,1.389721580581345,0.0
0.709118759375915,0.709118759375915,0.0
1.7596027952359727,1.7596027952359727,0.0
2.0035549086343005,2.0035549086343005,0.0
1.497553330945372,1.497553330945372,0.0
1.1585259738462124,1.1585259738462124,0.0
1.3930207076658991,1.3930207076658991,0.0
1.7072799639833305,1.7072799639833305,0.0
1.8847897018661568,1.8847897018661568,0.0
1.7161017656885857,1.7161017656885857,0.0
1.4261457023465995,1.4261457023465995,0.0
1.597811892454349,1.597811892454349,0.0
0.7465940884774698,0.7465940884774698,0.0
1.38976048756903,1.38976048756903,0.0
0.7355139648198048,0.7355139648198048,0.0
1.5258285706029724,1.5258285706029724,0.0
1.7420615174235392,1.7420615174235392,0.0
1.5829730600013259,1.5829730600013259,0.0
1.4522992738758393,1.4522992738758393,0.0
1.3466726686190664,1.3466726686190664,0.0
1.9419477382861148,1.9419477382861148,0.0
1.690886900144117,1.690886900144117,0.0
1.5394406010566892,1.5394406010566892,0.0
1.0341111334540207,1.0341111334540207,0.0
1.3707585968449407,1.3707585968449407,0.0
1.377999709392149,1.377999709392149,0.0
1.116048892595198,1.116048892595198,0.0
1.3528839140077908,1.3528839140077908,0.0
1.8932265676350812,1.8932265676350812,0.0
0.7932048786757316,0.7932048786757316,0.0
1.6353533020075268,1.6353533020075268,0.0
1.3701850400450066,1.3701850400450066,0.0
1.5670040490524488,1.5670040490524488,0.0
1.067753280846477,1.067753280846477,0.0
1.3392637564667447,1.3392637564667447,0.0
1.6319620807240278,1.6319620807240278,0.0
1.2451251340718457,1.2451251340718457,0.0
1.1884365981925757,1.1884365981925757,0.0
1.7769530680487595,1.7769530680487595,0.0
2.038422794240172,2.038422794240172,0.0
1.3930160731903531,1.3930160731903531,0.0
0.7699326215471001,0.7699326215471001,0.0
1.1338372926986486,1.1338372926986486,0.0
1.7820649085201976,1.7820649085201976,0.0
1.0666823524838593,1.0666823524838593,0.0
0.887104519143981,0.887104519143981,0.0
0.989971487210263,0.989971487210263,0.0
1.7659334773238975,1.7659334773238975,0.0
1.4561007400324946,1.4561007400324946,0.0
2.496189490323794,2.496189490323794,0.0
1.8850897880539847,1.8850897880539847,0.0
0.8525898578341728,0.8525898578341728,0.0
1.158477162279181,1.158477162279181,0.0
1.4295209342583695,1.4295209342583695,0.0
1.7304449682309389,1.7304449682309389,0.0
1.5790457003292033,1.5790457003292033,0.0
1.1496977734011846,1.1496977734011846,0.0
1.981369189650356,1.981369189650356,0.0
1.4188830837889106,1.4188830837889106,0.0
1.3231659081372174,1.3231659081372174,0.0
1.525145654969693,1.525145654969693,0.0
1.7801362485456578,1.7801362485456578,0.0
1.5011406374733849,1.5011406374733849,0.0
1.9363584366788298,1.9363584366788298,0.0
1.5301681546729733,1.5301681546729733,0.0
1.182962103598215,1.182962103598215,0.0
0.8674702386084508,0.8674702386084508,0.0
1.403676686411832,1.403676686411832,0.0
0.5945731229027067,0.5945731229027067,0.0
0.28863431621655244,0.28863431621655244,0.0
0.9890884028395529,0.9890884028395529,0.0
0.9502253824463334,0.9502253824463334,0.0
1.0242655719118803,1.0242655719118803,0.0
0.03830530700199033,0.03830530700199033,0.0
1.5152488674292954,1.5152488674292954,0.0
2.045854108714335,2.045854108714335,0.0
1.3376969052716692,1.3376969052716692,0.0
1.1827036416926273,1.1827036416926273,0.0
1.7670205566239614,1.7670205566239614,0.0
1.089479277477201,1.089479277477201,0.0
1.4174180484153107,1.4174180484153107,0.0
0.9818899981510238,0.9818899981510238,0.0
1.7818203590224415,1.7818203590224415,0.0
1.2466791960419774,1.2466791960419774,0.0
1.1262968784728569,1.1262968784728569,0.0
1.54417034455571,1.54417034455571,0.0
1.9820664512337942,1.9820664512337942,0.0
1.430796108558158,1.430796108558158,0.0
2.0775868891123013,2.0775868891123013,0.0
1.6144821940495455,1.6144821940495455,0.0
1.4959571064601984,1.4959571064601984,0.0
0.7592162426357812,0.7592162426357812,0.0
1.809212075200934,1.809212075200934,0.0
0.13303144912737566,0.13303144912737566,0.0
1.7310786903347282,1.7310786903347282,0.0
1.606382397251796,1.606382397251796,0.0
1.2310067498398989,1.2310067498398989,0.0
1.565178146752523,1.565178146752523,0.0
1.6282254862715326,1.6282254862715326,0.0
1.5144589390379022,1.5144589390379022,0.0
1.3532435192957453,1.3532435192957453,0.0
2.0144934036824713,2.0144934036824713,0.0
1.976362848417827,1.976362848417827,0.0
1.5290375277062758,1.5290375277062758,0.0
1.5661351856797363,1.5661351856797363,0.0
0.7754096425867177,0.7754096425867177,0.0
1.652435646559769,1.652435646559769,0.0
1.4222353048732428,1.4222353048732428,0.0
1.3504606662196683,1.3504606662196683,0.0
1.7141969594744666,1.7141969594744666,0.0
0.81472369002302,0.81472369002302,0.0
0.993929476387638,0.993929476387638,0.0
1.7311671588489657,1.7311671588489657,0.0
1.3867803059924808,1.3867803059924808,0.0
0.963153105608979,0.963153105608979,0.0
1.7138132238964237,1.7138132238964237,0.0
1.0842604159343578,1.0842604159343578,0.0
1.5845626669002988,1.5845626669002988,0.0
1.709726947055651,1.709726947055651,0.0
1.725985842069535,1.725985842069535,0.0
1.1587444108258496,1.1587444108258496,0.0
1.5829201717549621,1.5829201717549621,0.0
0.940351070432776,0.940351070432776,0.0
1.7106080134947201,1.7106080134947201,0.0
1.6697672460213944,1.6697672460213944,0.0
0.7102629705020276,0.7102629705020276,0.0
1.002982231154335,1.002982231154335,0.0
0.8124419619633234,0.8124419619633234,0.0
1.4638439437232762,1.4638439437232762,0.0
1.0290221662575068,1.0290221662575068,0.0
1.1821972947545394,1.1821972947545394,0.0
0.7028033349561149,0.7028033349561149,0.0
1.9765070974760977,1.9765070974760977,0.0
0.7795691199670983,0.7795691199670983,0.0
1.391070578874451,1.391070578874451,0.0
1.7516436637013224,1.7516436637013224,0.0
1.675664086021582,1.675664086021582,0.0
0.9644382293787214,0.9644382293787214,0.0
0.1663194189878225,0.1663194189878225,0.0
1.3805405074687596,1.3805405074687596,0.0
1.736313260433737,1.736313260433737,0.0
1.8542102481167961,1.8542102481167961,0.0
0.7802791420756396,0.7802791420756396,0.0
1.513184931695538,1.513184931695538,0.0
1.580968871843764,1.580968871843764,0.0
1.1081532454234597,1.1081532454234597,0.0
1.1055004141341558,1.1055004141341558,0.0
1.2664709284365425,1.2664709284365425,0.0
1.916917784454951,1.916917784454951,0.0
1.693891324490988,1.693891324490988,0.0
1.9195123746540501,1.9195123746540501,0.0
1.728043997637977,1.728043997637977,0.0
1.1761906812832497,1.1761906812832497,0.0
1.618981810016533,1.618981810016533,0.0
2.0255361909135776,2.0255361909135776,0.0
1.6502826622565228,1.6502826622565228,0.0
1.734449572993966,1.734449572993966,0.0
0.7042844571899904,0.7042844571899904,0.0
1.7694016846738545,1.7694016846738545,0.0
1.4106486860577123,1.4106486860577123,0.0
0.632060322944313,0.632060322944313,0.0
1.1031965403886148,1.1031965403886148,0.0
1.229448210867498,1.229448210867498,0.0
0.9997166107554282,0.9997166107554282,0.0
1.3194396623788138,1.3194396623788138,0.0
1.982329633911549,1.982329633911549,0.0
0.4619501450095119,0.4619501450095119,0.0
1.325756484832991,1.325756484832991,0.0
1.3573907158654779,1.3573907158654779,0.0
2.255561463653554,2.255561463653554,0.0
1.4780136247001014,1.4780136247001014,0.0
1.5350193274594475,1.5350193274594475,0.0
1.3514276190804533,1.3514276190804533,0.0
1.3239955821714091,1.3239955821714091,0.0
1.6374659731797763,1.6374659731797763,0.0
1.4003449033300963,1.4003449033300963,0.0
1.2978257427801658,1.2978257427801658,0.0
0.7929426969126495,0.7929426969126495,0.0
1.1336797662267573,1.1336797662267573,0.0
1.4732643303053103,1.4732643303053103,0.0
1.4554353627046326,1.4554353627046326,0.0
1.2656697506975412,1.2656697506975412,0.0
2.730983456745264,2.730983456745264,0.0
1.364940898975235,1.364940898975235,0.0
1.4809279175034564,1.4809279175034564,0.0
1.0033488648749371,1.0033488648749371,0.0
1.0630573153565461,1.0630573153565461,0.0
1.3359339284307656,1.3359339284307656,0.0
1.523270663724344,1.523270663724344,0.0
0.9568095484469497,0.9568095484469497,0.0
1.6771790441315895,1.6771790441315895,0.0
1.8981308505707528,1.8981308505707528,0.0
1.1491285870795431,1.1491285870795431,0.0
1.8933230737234212,1.8933230737234212,0.0
0.9288313207424895,0.9288313207424895,0.0
0.8538372690821395,0.8538372690821395,0.0
0.7733598856430967,0.7733598856430967,0.0
1.6209779054159832,1.6209779054159832,0.0
1.2770777500398618,1.2770777500398618,0.0
1.458834544097013,1.458834544097013,0.0
1.8471419248178935,1.8471419248178935,0.0
1.273370502833808,1.273370502833808,0.0
1.6458523947435693,1.6458523947435693,0.0
1.25124052385697,1.25124052385697,0.0
1.7248696595284572,1.7248696595284572,0.0
1.1036763219025174,1.1036763219025174,0.0
1.226122651721674,1.226122651721674,0.0
1.7114278698062129,1.7114278698062129,0.0
1.4520341770811538,1.4520341770811538,0.0
1.6628871163843704,1.6628871163843704,0.0
1.9309802654469912,1.9309802654469912,0.0
2.183414789953685,2.183414789953685,0.0
1.7262904241558334,1.7262904241558334,0.0
1.5858932176006304,1.5858932176006304,0.0
1.0078701260387102,1.0078701260387102,0.0
2.1659671882287026,2.1659671882287026,0.0
0.5484965714276291,0.5484965714276291,0.0
1.1134339324363032,1.1134339324363032,0.0
1.3442990486394237,1.3442990486394237,0.0
1.7372529095677427,1.7372529095677427,0.0
1.2772347133763784,1.2772347133763784,0.0
1.146152862493027,1.146152862493027,0.0
1.6633011918896292,1.6633011918896292,0.0
1.0386098364804035,1.0386098364804035,0.0
0.7440013859913315,0.7440013859913315,0.0
1.970953314711042,1.970953314711042,0.0
0.7635765203385447,0.7635765203385447,0.0
1.655908501560479,1.655908501560479,0.0
1.2960077231984493,1.2960077231984493,0.0
0.7664956980725105,0.7664956980725105,0.0
1.3049272488541424,1.3049272488541424,0.0
1.5176703761915638,1.5176703761915638,0.0
1.4019998496761774,1.4019998496761774,0.0
1.4426384403153425,1.4426384403153425,0.0
1.631888481730225,1.631888481730225,0.0
1.616276195406607,1.616276195406607,0.0
1.5727881808954438,1.5727881808954438,0.0
1.1563101501069177,1.1563101501069177,0.0
1.780331272023564,1.780331272023564,0.0
1.064890992564905,1.064890992564905,0.0
1.5405615971434572,1.5405615971434572,0.0
1.3587089574557307,1.3587089574557307,0.0
1.641519565594473,1.641519565594473,0.0
1.1723029220920271,1.1723029220920271,0.0
1.1927077382459539,1.1927077382459539,0.0
1.181162392822538,1.181162392822538,0.0
1.6885586127621606,1.6885586127621606,0.0
0.7257898463325227,0.7257898463325227,0.0
1.4314472202510111,1.4314472202510111,0.0
1.451422226365084,1.451422226365084,0.0
1.812054520534478,1.812054520534478,0.0
1.4534895419452907,1.4534895419452907,0.0
1.6313994708856168,1.6313994708856168,0.0
1.7928026144823361,1.7928026144823361,0.0
0.8309470413960741,0.8309470413960741,0.0
1.3095775639211977,1.3095775639211977,0.0
1.1970898008370994,1.1970898008370994,0.0
1.6654836475877708,1.6654836475877708,0.0
1.0646668460709308,1.0646668460709308,0.0
1.499832936922243,1.499832936922243,0.0
1.9327540867975035,1.9327540867975035,0.0
1.551385113777789,1.551385113777789,0.0
1.552873786487658,1.552873786487658,0.0
1.4624829914649566,1.4624829914649566,0.0
1.4913602259659056,1.4913602259659056,0.0
0.6102030705861144,0.6102030705861144,0.0
1.7825827473274276,1.7825827473274276,0.0
0.6233084465247615,0.6233084465247615,0.0
1.5471467198981437,1.5471467198981437,0.0
1.6384073537912123,1.6384073537912123,0.0
1.6701648512433738,1.6701648512433738,0.0
1.250728348068974,1.250728348068974,0.0
0.5669556309748863,0.5669556309748863,0.0
0.9210335722167547,0.9210335722167547,0.0
1.3199283825275225,1.3199283825275225,0.0
1.2452256086519844,1.2452256086519844,0.0
1.0085739346334615,1.0085739346334615,0.0
1.1720581107243464,1.1720581107243464,0.0
0.7552502795188881,0.7552502795188881,0.0
0.791288879477209,0.791288879477209,0.0
0.9097640534040378,0.9097640534040378,0.0
1.5911321725014214,1.5911321725014214,0.0
1.533949722295968,1.533949722295968,0.0
1.1914498535370068,1.1914498535370068,0.0
1.889917779521207,1.889917779521207,0.0
1.6464040416111059,1.6464040416111059,0.0
1.700859138668972,1.700859138668972,0.0
0.8605527473612464,0.8605527473612464,0.0
1.7491681466055624,1.7491681466055624,0.0
1.1950494136517829,1.1950494136517829,0.0
1.4798229153790727,1.4798229153790727,0.0
1.4624198283920622,1.4624198283920622,0.0
1.4391432676008153,1.4391432676008153,0.0
1.3413683768188236,1.3413683768188236,0.0
0.8917679588359134,0.8917679588359134,0.0
1.649875795303318,1.649875795303318,0.0
1.7414415199215576,1.7414415199215576,0.0
1.3259438853377135,1.3259438853377135,0.0
1.594988594653743,1.594988594653743,0.0
1.780325641922755,1.780325641922755,0.0
1.271619728244361,1.271619728244361,0.0
1.5624199004498893,1.5624199004498893,0.0
1.6084971077347798,1.6084971077347798,0.0
1.328057774421187,1.328057774421187,0.0
1.1210386753656247,1.1210386753656247,0.0
0.6284995259942687,0.6284995259942687,0.0
1.4575810586992495,1.4575810586992495,0.0
1.402210912108105,1.402210912108105,0.0
1.5914444011002957,1.5914444011002957,0.0
2.1952527297839453,2.1952527297839453,0.0
0.43296230550086184,0.43296230550086184,0.0
1.5999078728442206,1.5999078728442206,0.0
1.1740220113277966,1.1740220113277966,0.0
1.0550404762350927,1.0550404762350927,0.0
0.6346876916275737,0.6346876916275737,0.0
1.379382628404254,1.379382628404254,0.0
1.0627911870623377,1.0627911870623377,0.0
0.9585951599379329,0.9585951599379329,0.0
1.5535966742730767,1.5535966742730767,0.0
1.54552472320446,1.54552472320446,0.0
1.5750073083539275,1.5750073083539275,0.0
1.7492878221638402,1.7492878221638402,0.0
2.0165401471522566,2.0165401471522566,0.0
1.5058731808049912,1.5058731808049912,0.0
1.2638075970659834,1.2638075970659834,0.0
1.4405092978886658,1.4405092978886658,0.0
1.8254572535153943,1.8254572535153943,0.0
1.5107177571395884,1.5107177571395884,0.0
0.6836661705175614,0.6836661705175614,0.0
0.8397077547589239,0.8397077547589239,0.0
1.1009456939391382,1.1009456939391382,0.0
1.290461713516414,1.290461713516414,0.0
1.5719780607140719,1.5719780607140719,0.0
0.616968960162188,0.616968960162188,0.0
1.711860974425815,1.711860974425815,0.0
1.5154960404320252,1.5154960404320252,0.0
1.3544527359734608,1.3544527359734608,0.0
1.023490436596274,1.023490436596274,0.0
1.4694258322665783,1.4694258322665783,0.0
1.2668782407702233,1.2668782407702233,0.0
2.096115472751689,2.096115472751689,0.0
1.5777687640684406,1.5777687640684406,0.0
1.4191167624257313,1.4191167624257313,0.0
1.3317971345767512,1.3317971345767512,0.0
1.5745253324147752,1.5745253324147752,0.0
1.4915493070094707,1.4915493070094707,0.0
0.29147067115485736,0.29147067115485736,0.0
1.791687004385732,1.791687004385732,0.0
1.1113681273883431,1.1113681273883431,0.0
1.6716023517572725,1.6716023517572725,0.0
1.928776171403419,1.928776171403419,0.0
0.9008794327725287,0.9008794327725287,0.0
1.5218093201612817,1.5218093201612817,0.0
0.9770120454293937,0.9770120454293937,0.0
1.4742750170421903,1.4742750170421903,0.0
1.7697519272516737,1.7697519272516737,0.0
1.8750673612032278,1.8750673612032278,0.0
0.8074390424363811,0.8074390424363811,0.0
1.9907540649559217,1.9907540649559217,0.0
1.3032606483222913,1.3032606483222913,0.0
1.3241257758245863,1.3241257758245863,0.0
1.2060930722861325,1.2060930722861325,0.0
0.44300353804782805,0.44300353804782805,0.0
1.3676608749797274,1.3676608749797274,0.0
1.8409776889640528,1.8409776889640528,0.0
0.8370727255484707,0.8370727255484707,0.0
1.847142650118334,1.847142650118334,0.0
1.64958902964622,1.64958902964622,0.0
0.8958651081241266,0.8958651081241266,0.0
1.4257557655801691,1.4257557655801691,0.0
1.5048985351544852,1.5048985351544852,0.0
1.7506282426263255,1.7506282426263255,0.0
0.6595691188391559,0.6595691188391559,0.0
1.6139109716095763,1.6139109716095763,0.0
1.486868049201723,1.486868049201723,0.0
1.5503892134348403,1.5503892134348403,0.0
1.0519500770192578,1.0519500770192578,0.0
0.9379943364436566,0.9379943364436566,0.0
1.5263954446909251,1.5263954446909251,0.0
1.8110719073215513,1.8110719073215513,0.0
1.4758665540369549,1.4758665540369549,0.0
1.9318945918700305,1.9318945918700305,0.0
1.6946587191573383,1.6946587191573383,0.0
1.3029568081860192,1.3029568081860192,0.0
1.8106379418258487,1.8106379418258487,0.0
0.9704641508554306,0.9704641508554306,0.0
0.8877788021901852,0.8877788021901852,0.0
1.7123593710638654,1.7123593710638654,0.0
1.4452191765602167,1.4452191765602167,0.0
1.0012353406039565,1.0012353406039565,0.0
1.3022663940532504,1.3022663940532504,0.0
1.714672089508838,1.714672089508838,0.0
0.9614248468498048,0.9614248468498048,0.0
1.5820520107110545,1.5820520107110545,0.0
1.3308657839098097,1.3308657839098097,0.0
0.6244006705681062,0.6244006705681062,0.0
1.4080795488347004,1.4080795488347004,0.0
1.6590088907234304,1.6590088907234304,0.0
1.4598970529576065,1.4598970529576065,0.0
1.577155942033203,1.577155942033203,0.0
0.6496325795614948,0.6496325795614948,0.0
1.5243276834601078,1.5243276834601078,0.0
1.3105597005933391,1.3105597005933391,0.0
1.483507205693889,1.483507205693889,0.0
1.4368897032707182,1.4368897032707182,0.0
0.4929061261649293,0.4929061261649293,0.0
1.5254853086165845,1.5254853086165845,0.0
1.4954131673661661,1.4954131673661661,0.0
1.9044836361397184,1.9044836361397184,0.0
1.320061061704227,1.320061061704227,0.0
1.8626513993877214,1.8626513993877214,0.0
1.4458405876132376,1.4458405876132376,0.0
1.1237169930175366,1.1237169930175366,0.0
1.252842304991206,1.252842304991206,0.0
1.4351576776327197,1.4351576776327197,0.0
1.9297120751770203,1.9297120751770203,0.0
1.9966674813920684,1.9966674813920684,0.0
2.272953061328601,2.272953061328601,0.0
1.8724936800662313,1.8724936800662313,0.0
1.0555858772379996,1.0555858772379996,0.0
1.5205326896614055,1.5205326896614055,0.0
1.620871902820468,1.620871902820468,0.0
0.9194641975175033,0.9194641975175033,0.0
1.5133346824419527,1.5133346824419527,0.0
1.3301975219763391,1.3301975219763391,0.0
1.4286411141543496,1.4286411141543496,0.0
0.8053608274089121,0.8053608274089121,0.0
1.5150632174901797,1.5150632174901797,0.0
1.3513487593506537,1.3513487593506537,0.0
1.5646366445488582,1.5646366445488582,0.0
1.736623941159191,1.736623941159191,0.0
1.3530328319191463,1.3530328319191463,0.0
0.9514667352143659,0.9514667352143659,0.0
1.4518377827756053,1.4518377827756053,0.0
1.6524510380306854,1.6524510380306854,0.0
1.3136375598313306,1.3136375598313306,0.0
1.1662407548272418,1.1662407548272418,0.0
0.9755060944182087,0.9755060944182087,0.0
1.3503173876509948,1.3503173876509948,0.0
1.4471978044389582,1.4471978044389582,0.0
1.080520791890884,1.080520791890884,0.0
1.5537005447059014,1.5537005447059014,0.0
1.1101994460822169,1.1101994460822169,0.0
1.6404425425346043,1.6404425425346043,0.0
1.7339953680677682,1.7339953680677682,0.0
1.0102662080248057,1.0102662080248057,0.0
1.713588494895385,1.713588494895385,0.0
1.2565072452769617,1.2565072452769617,0.0
1.3225714780844624,1.3225714780844624,0.0
1.4707639838423126,1.4707639838423126,0.0
1.5250929963431477,1.5250929963431477,0.0
1.3065074948358828,1.3065074948358828,0.0
0.783246869088236,0.783246869088236,0.0
2.44172169844354,2.44172169844354,0.0
0.7870588344952935,0.7870588344952935,0.0
1.5874217559962436,1.5874217559962436,0.0
1.6558143220756456,1.6558143220756456,0.0
1.4181350992608321,1.4181350992608321,0.0
1.434287960360704,1.434287960360704,0.0
1.737670152015091,1.737670152015091,0.0
0.05182415552366882,0.05182415552366882,0.0
1.585061048751549,1.585061048751549,0.0
1.4403325108688705,1.4403325108688705,0.0
1.4466736783593488,1.4466736783593488,0.0
1.4640654201693504,1.4640654201693504,0.0
1.6317453637506811,1.6317453637506811,0.0
1.3521145465091127,1.3521145465091127,0.0
1.51142122360444,1.51142122360444,0.0
0.8413954772601359,0.8413954772601359,0.0
1.3794528111959097,1.3794528111959097,0.0
1.5912564077017,1.5912564077017,0.0
1.126116653300709,1.126116653300709,0.0
1.2426093759602246,1.2426093759602246,0.0
0.998102491912461,0.998102491912461,0.0
1.135674743462011,1.135674743462011,0.0
1.537554210290021,1.537554210290021,0.0
0.44381416894488185,0.44381416894488185,0.0
0.543702041714535,0.543702041714535,0.0
0.32033702913211404,0.32033702913211404,0.0
1.3442981894179935,1.3442981894179935,0.0
0.9190840969685918,0.9190840969685918,0.0
1.0102197649382776,1.0102197649382776,0.0
1.0379973208803486,1.0379973208803486,0.0
1.3693637098342053,1.3693637098342053,0.0
1.4324613553214236,1.4324613553214236,0.0
1.7097454077924108,1.7097454077924108,0.0
1.35072418551775,1.35072418551775,0.0
1.8924041761023869,1.8924041761023869,0.0
1.3783682410416294,1.3783682410416294,0.0
1.1308912976508636,1.1308912976508636,0.0
1.9357933447092197,1.9357933447092197,0.0
1.315633721769878,1.315633721769878,0.0
1.5175275327914122,1.5175275327914122,0.0
1.8577163606250258,1.8577163606250258,0.0
1.436521018987407,1.436521018987407,0.0
1.5589425347157666,1.5589425347157666,0.0
1.0539412492191853,1.0539412492191853,0.0
1.0872789001411165,1.0872789001411165,0.0
0.9961351607748719,0.9961351607748719,0.0
1.6512051769113942,1.6512051769113942,0.0
1.326680749264432,1.326680749264432,0.0
1.9194924925215493,1.9194924925215493,0.0
0.04647742051980983,0.04647742051980983,0.0
1.4746489299454113,1.4746489299454113,0.0
0.8480871370136507,0.8480871370136507,0.0
0.7516989892534796,0.7516989892534796,0.0
1.0696353423537592,1.0696353423537592,0.0
1.6080640599674716,1.6080640599674716,0.0
1.5799299803579223,1.5799299803579223,0.0
0.9708134671963322,0.9708134671963322,0.0
1.1688182539748777,1.1688182539748777,0.0
1.0301328393989853,1.0301328393989853,0.0
1.6946447040394057,1.6946447040394057,0.0
1.586481201559607,1.586481201559607,0.0
1.4118312197586171,1.4118312197586171,0.0
1.2830209003991557,1.2830209003991557,0.0
1.3293086512113197,1.3293086512113197,0.0
1.1411928679421846,1.1411928679421846,0.0
1.4659404657230433,1.4659404657230433,0.0
0.8462934711193532,0.8462934711193532,0.0
1.3416993738200862,1.3416993738200862,0.0
0.8937073593164971,0.8937073593164971,0.0
1.6141424157792048,1.6141424157792048,0.0
0.7951717227375503,0.7951717227375503,0.0
1.2205119629300696,1.2205119629300696,0.0
1.1192408617702856,1.1192408617702856,0.0
1.4930462436693144,1.4930462436693144,0.0
0.8438067187544576,0.8438067187544576,0.0
1.6671042352592151,1.6671042352592151,0.0
1.5161509640050344,1.5161509640050344,0.0
1.1027238897034652,1.1027238897034652,0.0
1.3528359189456423,1.3528359189456423,0.0
1.5155582596117168,1.5155582596117168,0.0
1.2680876999519088,1.2680876999519088,0.0
1.3394471656121423,1.3394471656121423,0.0
1.8848602587948797,1.8848602587948797,0.0
1.4107386712946197,1.4107386712946197,0.0
1.6287268575756748,1.6287268575756748,0.0
1.67602453150932,1.67602453150932,0.0
1.4220329164326924,1.4220329164326924,0.0
1.598800679341707,1.598800679341707,0.0
0.7415681393468144,0.7415681393468144,0.0
1.7243690509695717,1.7243690509695717,0.0
0.8334216413867342,0.8334216413867342,0.0
2.01009811971002,2.01009811971002,0.0
0.9375505397965218,0.9375505397965218,0.0
1.813295934660964,1.813295934660964,0.0
1.572063961993801,1.572063961993801,0.0
1.6759297992780218,1.6759297992780218,0.0
1.479136668448284,1.479136668448284,0.0
1.319640328901907,1.319640328901907,0.0
1.1547919728052194,1.1547919728052194,0.0
0.8963835600087717,0.8963835600087717,0.0
1.1690270872555037,1.1690270872555037,0.0
0.9394772964396798,0.9394772964396798,0.0
1.6131141732495167,1.6131141732495167,0.0
1.6336252999246832,1.6336252999246832,0.0
1.2049587165310558,1.2049587165310558,0.0
1.3206064236150887,1.3206064236150887,0.0
1.2483510575613959,1.2483510575613959,0.0
1.8705312249145232,1.8705312249145232,0.0
0.8592910499118741,0.8592910499118741,0.0
1.124097461276277,1.124097461276277,0.0
1.181208852438025,1.181208852438025,0.0
1.0885012516265768,1.0885012516265768,0.0
1.174167219980168,1.174167219980168,0.0
1.0307806495775762,1.0307806495775762,0.0
1.9039889197383424,1.9039889197383424,0.0
1.0262038132656361,1.0262038132656361,0.0
0.9139035762784854,0.9139035762784854,0.0
0.8579698756389768,0.8579698756389768,0.0
1.8474316695314768,1.8474316695314768,0.0
1.0341677741885675,1.0341677741885675,0.0
1.4540722053207553,1.4540722053207553,0.0
1.7978623912260985,1.7978623912260985,0.0
1.3921912859509156,1.3921912859509156,0.0
0.7877715254004523,0.7877715254004523,0.0
0.9129440139749494,0.9129440139749494,0.0
2.020183536887128,2.020183536887128,0.0
1.0640536964647835,1.0640536964647835,0.0
0.03149265495474969,0.03149265495474969,0.0
1.8034881834835836,1.8034881834835836,0.0
0.991387017596628,0.991387017596628,0.0
0.7541204858821905,0.7541204858821905,0.0
1.0689642337022456,1.0689642337022456,0.0
1.975936671420079,1.975936671420079,0.0
0.8966715163342284,0.8966715163342284,0.0
1.6504533296451127,1.6504533296451127,0.0
1.201274738195961,1.201274738195961,0.0
1.4647896886275018,1.4647896886275018,0.0
1.5812480194626441,1.5812480194626441,0.0
1.5818069880959427,1.5818069880959427,0.0
1.7700410632841093,1.7700410632841093,0.0
1.7214824044951935,1.7214824044951935,0.0
1.053408794428582,1.053408794428582,0.0
1.1717928347694835,1.1717928347694835,0.0
1.953919509207222,1.953919509207222,0.0
1.5409171856198127,1.5409171856198127,0.0
1.1345895628790958,1.1345895628790958,0.0
1.315120137405114,1.315120137405114,0.0
1.800804924140702,1.800804924140702,0.0
1.9357729574075893,1.9357729574075893,0.0
1.5936041473290075,1.5936041473290075,0.0
1.3618563233663379,1.3618563233663379,0.0
1.2877833800029521,1.2877833800029521,0.0
1.1900821366930987,1.1900821366930987,0.0
1.608210880062614,1.608210880062614,0.0
1.4509859779321377,1.4509859779321377,0.0
1.66748827935355,1.66748827935355,0.0
1.5416560005021136,1.5416560005021136,0.0
1.7582934789666747,1.7582934789666747,0.0
1.3621644899208596,1.3621644899208596,0.0
1.0401541026096512,1.0401541026096512,0.0
1.6789719148062627,1.6789719148062627,0.0
1.6101060486534242,1.6101060486534242,0.0
1.270527513878109,1.270527513878109,0.0
1.2194521710255675,1.2194521710255675,0.0
0.744884581554264,0.744884581554264,0.0
1.4066986606780711,1.4066986606780711,0.0
0.7542123116921179,0.7542123116921179,0.0
1.6254067060232715,1.6254067060232715,0.0
0.9583129039305595,0.9583129039305595,0.0
1.391660973224293,1.391660973224293,0.0
1.0705495852724343,1.0705495852724343,0.0
1.7375550764575838,1.7375550764575838,0.0
0.9125796417998556,0.9125796417998556,0.0
1.9592289837416204,1.9592289837416204,0.0
0.8927240609284506,0.8927240609284506,0.0
1.4856546098523833,1.4856546098523833,0.0
1.2956049089964317,1.2956049089964317,0.0
1.5778229098941232,1.5778229098941232,0.0
1.4223944216504036,1.4223944216504036,0.0
1.7496988182890467,1.7496988182890467,0.0
1.4520558384758828,1.4520558384758828,0.0
0.07308987210627205,0.07308987210627205,0.0
0.8709317409561441,0.8709317409561441,0.0
1.112183359726687,1.112183359726687,0.0
1.203943649513332,1.203943649513332,0.0
1.4301662310558774,1.4301662310558774,0.0
1.5910270121051107,1.5910270121051107,0.0
0.8164680947231807,0.8164680947231807,0.0
1.0867010446421421,1.0867010446421421,0.0
0.9831110095453494,0.9831110095453494,0.0
0.6872591140265348,0.6872591140265348,0.0
0.9854712253596349,0.9854712253596349,0.0
1.2590738778743995,1.2590738778743995,0.0
1.3874148873198493,1.3874148873198493,0.0
1.8120263211864795,1.8120263211864795,0.0
1.2259485803484595,1.2259485803484595,0.0
1.20924079015893,1.20924079015893,0.0
1.024711014923751,1.024711014923751,0.0
1.2555744755314586,1.2555744755314586,0.0
1.4894576928007697,1.4894576928007697,0.0
0.9811267491195346,0.9811267491195346,0.0
1.4443083585045784,1.4443083585045784,0.0
1.0229465122061212,1.0229465122061212,0.0
1.1722292339537999,1.1722292339537999,0.0
1.6114854037346364,1.6114854037346364,0.0
1.6878753648103721,1.6878753648103721,0.0
1.4436958474938428,1.4436958474938428,0.0
1.5636771541046488,1.5636771541046488,0.0
1.8430889666609325,1.8430889666609325,0.0
1.4950219023118856,1.4950219023118856,0.0
1.002866186267353,1.002866186267353,0.0
0.7181811070804613,0.7181811070804613,0.0
1.634106629062015,1.634106629062015,0.0
1.4384651934739194,1.4384651934739194,0.0
1.1540557316661533,1.1540557316661533,0.0
1.6290130790399522,1.6290130790399522,0.0
1.0875709508547666,1.0875709508547666,0.0
1.2286332056357265,1.2286332056357265,0.0
1.6553162447693832,1.6553162447693832,0.0
1.9423483653727267,1.9423483653727267,0.0
1.7639670341457945,1.7639670341457945,0.0
0.11034927391408675,0.11034927391408675,0.0
1.3173216390318039,1.3173216390318039,0.0
1.5667637365337819,1.5667637365337819,0.0
0.11600018070091808,0.11600018070091808,0.0
1.7574899840413853,1.7574899840413853,0.0
1.314999260707841,1.314999260707841,0.0
1.2953522537305562,1.2953522537305562,0.0
1.3177292810944752,1.3177292810944752,0.0
0.6871194442436201,0.6871194442436201,0.0
1.0606969675604534,1.0606969675604534,0.0
1.6498115994742222,1.6498115994742222,0.0
1.0329363644635676,1.0329363644635676,0.0
1.625336720454915,1.625336720454915,0.0
0.9698267121910105,0.9698267121910105,0.0
1.3821590518065496,1.3821590518065496,0.0
0.5182619125241744,0.5182619125241744,0.0
1.5369192672199643,1.5369192672199643,0.0
1.5139055268030226,1.5139055268030226,0.0
0.8614023628656909,0.8614023628656909,0.0
0.04938205991717002,0.04938205991717002,0.0
1.0593306143567274,1.0593306143567274,0.0
1.2845705767507016,1.2845705767507016,0.0
1.2624533409305885,1.2624533409305885,0.0
1.4817091544465242,1.4817091544465242,0.0
1.2888266732934242,1.2888266732934242,0.0
1.403626211289727,1.403626211289727,0.0
1.6173484776861442,1.6173484776861442,0.0
1.3063852335018455,1.3063852335018455,0.0
1.1160752738695698,1.1160752738695698,0.0
1.3973605404046812,1.3973605404046812,0.0
1.1810140253119585,1.1810140253119585,0.0
1.8516186794197487,1.8516186794197487,0.0
1.7153363706182543,1.7153363706182543,0.0
1.0689968355343058,1.0689968355343058,0.0
1.4762212826888532,1.4762212826888532,0.0
0.9240662053126611,0.9240662053126611,0.0
1.6054923343857437,1.6054923343857437,0.0
1.932407628536328,1.932407628536328,0.0
1.4478480046159363,1.4478480046159363,0.0
1.299365508254618,1.299365508254618,0.0
1.393961698485438,1.393961698485438,0.0
0.7951027245122247,0.7951027245122247,0.0
1.8624826826793823,1.8624826826793823,0.0
1.5217329271240412,1.5217329271240412,0.0
1.6940953726402659,1.6940953726402659,0.0
1.6941003332894784,1.6941003332894784,0.0
2.001965352233513,2.001965352233513,0.0
0.784987228892486,0.784987228892486,0.0
1.2582512493279225,1.2582512493279225,0.0
1.0157665734352206,1.0157665734352206,0.0
1.2637554743486221,1.2637554743486221,0.0
1.7777492223979874,1.7777492223979874,0.0
0.8743938301934504,0.8743938301934504,0.0
1.5016494957309001,1.5016494957309001,0.0
1.6587814499848763,1.6587814499848763,0.0
1.5716891108631947,1.5716891108631947,0.0
1.1197505734215907,1.1197505734215907,0.0
0.3192388704216339,0.3192388704216339,0.0
1.2183530286582638,1.2183530286582638,0.0
0.10988601296454907,0.10988601296454907,0.0
1.626406214426211,1.626406214426211,0.0
1.2125941189610017,1.2125941189610017,0.0
1.4787261255899944,1.4787261255899944,0.0
0.6817953619004882,0.6817953619004882,0.0
1.3260569835293592,1.3260569835293592,0.0
1.3616677105773323,1.3616677105773323,0.0
0.5905309498644341,0.5905309498644341,0.0
1.7628832779021901,1.7628832779021901,0.0
1.2951424750436427,1.2951424750436427,0.0
1.28425817900151,1.28425817900151,0.0
1.0189864745516641,1.0189864745516641,0.0
1.4906610825180968,1.4906610825180968,0.0
1.1647047612539672,1.1647047612539672,0.0
1.3585378733028548,1.3585378733028548,0.0
1.440087977640884,1.440087977640884,0.0
0.7659001166907073,0.7659001166907073,0.0
1.4789117112396515,1.4789117112396515,0.0
1.3050252782058893,1.3050252782058893,0.0
1.4771265699571399,1.4771265699571399,0.0
1.8633168396376105,1.8633168396376105,0.0
1.4029563986400477,1.4029563986400477,0.0
1.000445488863782,1.000445488863782,0.0
1.1688615763974608,1.1688615763974608,0.0
1.367383024823963,1.367383024823963,0.0
1.1297039412558938,1.1297039412558938,0.0
0.9416159721190003,0.9416159721190003,0.0
1.6484193773705096,1.6484193773705096,0.0
0.601773269397397,0.601773269397397,0.0
1.88947380038822,1.88947380038822,0.0
1.5529591511650764,1.5529591511650764,0.0
1.3831899933726615,1.3831899933726615,0.0
1.522854075363536,1.522854075363536,0.0
1.2208539498714575,1.2208539498714575,0.0
1.5320934258274421,1.5320934258274421,0.0
1.8137855009045685,1.8137855009045685,0.0
1.0221792806760084,1.0221792806760084,0.0
0.8990639637331013,0.8990639637331013,0.0
1.1903140132826033,1.1903140132826033,0.0
1.4904484469151373,1.4904484469151373,0.0
1.7249174437975412,1.7249174437975412,0.0
1.758433440913578,1.758433440913578,0.0
1.6173458882315006,1.6173458882315006,0.0
0.8406933376833822,0.8406933376833822,0.0
1.9276529791022952,1.9276529791022952,0.0
0.7575591435982765,0.7575591435982765,0.0
1.3590376254725538,1.3590376254725538,0.0
0.9762697057869459,0.9762697057869459,0.0
1.5548642049699346,1.5548642049699346,0.0
1.040267540842561,1.040267540842561,0.0
1.510750031801707,1.510750031801707,0.0
0.9331829472021842,0.9331829472021842,0.0
1.6399731076085278,1.6399731076085278,0.0
1.5850303320648216,1.5850303320648216,0.0
1.526707313909768,1.526707313909768,0.0
0.9662370191767047,0.9662370191767047,0.0
1.9987339994510949,1.9987339994510949,0.0
1.730325452424919,1.730325452424919,0.0
1.2610998966419324,1.2610998966419324,0.0
1.395279902821617,1.395279902821617,0.0
1.7581452086100295,1.7581452086100295,0.0
0.9876060366339435,0.9876060366339435,0.0
1.4768606994793987,1.4768606994793987,0.0
1.4889812478122753,1.4889812478122753,0.0
1.4791690112106004,1.4791690112106004,0.0
1.534513157798811,1.534513157798811,0.0
0.7654216068625828,0.7654216068625828,0.0
1.531870432231644,1.531870432231644,0.0
1.3270733398885937,1.3270733398885937,0.0
1.2503463859777828,1.2503463859777828,0.0
1.707975030617962,1.707975030617962,0.0
2.0762407675736947,2.0762407675736947,0.0
1.6281627822777076,1.6281627822777076,0.0
1.1219482826605844,1.1219482826605844,0.0
0.8252228887704436,0.8252228887704436,0.0
0.9696478171942272,0.9696478171942272,0.0
0.7728570955488356,0.7728570955488356,0.0
1.328984372782759,1.328984372782759,0.0
1.37928271474629,1.37928271474629,0.0
2.2198516989029864,2.2198516989029864,0.0
1.6610105794654222,1.6610105794654222,0.0
1.8956887040833175,1.8956887040833175,0.0
1.4574378164514357,1.4574378164514357,0.0
1.481080162603162,1.481080162603162,0.0
1.5690015427742827,1.5690015427742827,0.0
1.2975347293619,1.2975347293619,0.0
0.9166596097430636,0.9166596097430636,0.0
1.3555705976461898,1.3555705976461898,0.0
1.1295717454658618,1.1295717454658618,0.0
1.3265236795979933,1.3265236795979933,0.0
0.8190241904477327,0.8190241904477327,0.0
1.2057587644933625,1.2057587644933625,0.0
1.295178643444648,1.295178643444648,0.0
1.453417357931424,1.453417357931424,0.0
1.2622976576892602,1.2622976576892602,0.0
1.369767063843583,1.369767063843583,0.0
1.4515902735646409,1.4515902735646409,0.0
1.2111936636761147,1.2111936636761147,0.0
1.5192980131065992,1.5192980131065992,0.0
0.9368791308943705,0.9368791308943705,0.0
0.8646397823743526,0.8646397823743526,0.0
0.7400279873965204,0.7400279873965204,0.0
0.7870191067926321,0.7870191067926321,0.0
1.39625386528544,1.39625386528544,0.0
1.7861305620226013,1.7861305620226013,0.0
1.6722669843149778,1.6722669843149778,0.0
1.3698140105280496,1.3698140105280496,0.0
1.1784207904325616,1.1784207904325616,0.0
1.2799195892274338,1.2799195892274338,0.0
0.7377988391750192,0.7377988391750192,0.0
1.5625103651017196,1.5625103651017196,0.0
1.4156555513761093,1.4156555513761093,0.0
1.2079017353152641,1.2079017353152641,0.0
1.4951372848450677,1.4951372848450677,0.0
1.7645233743921955,1.7645233743921955,0.0
1.1423287538735671,1.1423287538735671,0.0
1.4567753758452995,1.4567753758452995,0.0
1.4906260813000942,1.4906260813000942,0.0
1.1076606200468504,1.1076606200468504,0.0
1.3252369674310553,1.3252369674310553,0.0
1.356028054723869,1.356028054723869,0.0
1.6353859651628704,1.6353859651628704,0.0
0.8816808086871896,0.8816808086871896,0.0
1.9730851895369843,1.9730851895369843,0.0
1.2262755157594996,1.2262755157594996,0.0
1.3699378406312814,1.3699378406312814,0.0
1.5160388837447158,1.5160388837447158,0.0
1.442861141253701,1.442861141253701,0.0
1.536662214991976,1.536662214991976,0.0
1.1956962381748832,1.1956962381748832,0.0
0.784051039374409,0.784051039374409,0.0
1.6588646003143126,1.6588646003143126,0.0
0.9049575795013689,0.9049575795013689,0.0
1.6862300684594431,1.6862300684594431,0.0
1.4717288646689577,1.4717288646689577,0.0
1.5393119342978656,1.5393119342978656,0.0
0.9726632228412323,0.9726632228412323,0.0
1.1156542614763514,1.1156542614763514,0.0
1.2733635445429243,1.2733635445429243,0.0
1.9210729510566245,1.9210729510566245,0.0
0.9187012599926166,0.9187012599926166,0.0
1.3583919167053073,1.3583919167053073,0.0
1.6010491249053511,1.6010491249053511,0.0
1.7099875359962382,1.7099875359962382,0.0
1.6462247836298982,1.6462247836298982,0.0
1.5125186885022617,1.5125186885022617,0.0
1.4138565302815924,1.4138565302815924,0.0
1.3755600073195557,1.3755600073195557,0.0
2.2074686235480856,2.2074686235480856,0.0
1.3653387370289043,1.3653387370289043,0.0
1.2958905287726077,1.2958905287726077,0.0
1.6489659223737643,1.6489659223737643,0.0
1.7906141151979702,1.7906141151979702,0.0
1.6801169431072749,1.6801169431072749,0.0
1.623994598452528,1.623994598452528,0.0
1.6049726896288188,1.6049726896288188,0.0
1.5039173443174196,1.5039173443174196,0.0
0.6938846322918247,0.6938846322918247,0.0
1.0494716382206313,1.0494716382206313,0.0
0.8810585918397849,0.8810585918397849,0.0
1.5069365118755436,1.5069365118755436,0.0
1.723638348089924,1.723638348089924,0.0
1.3273323815846807,1.3273323815846807,0.0
1.1698907317246476,1.1698907317246476,0.0
1.6363128819944888,1.6363128819944888,0.0
0.9076805227577955,0.9076805227577955,0.0
1.7287954215473338,1.7287954215473338,0.0
0.5382311628145694,0.5382311628145694,0.0
1.5906013943049875,1.5906013943049875,0.0
0.9171223091877678,0.9171223091877678,0.0
2.129993714677237,2.129993714677237,0.0
0.625776759736983,0.625776759736983,0.0
1.273405060892665,1.273405060892665,0.0
1.5595174685564723,1.5595174685564723,0.0
0.6323247705372054,0.6323247705372054,0.0
1.029491619485418,1.029491619485418,0.0
0.6182741456438363,0.6182741456438363,0.0
1.479510363392052,1.479510363392052,0.0
0.8884855443253831,0.8884855443253831,0.0
1.1502736752250853,1.1502736752250853,0.0
1.476538783328697,1.476538783328697,0.0
1.392272535939792,1.392272535939792,0.0
1.3252204638030316,1.3252204638030316,0.0
1.197146426331585,1.197146426331585,0.0
1.4198501849208942,1.4198501849208942,0.0
0.20958759452770323,0.20958759452770323,0.0
1.6603331234369822,1.6603331234369822,0.0
1.2975817152665818,1.2975817152665818,0.0
0.8685990459809068,0.8685990459809068,0.0
1.5680047488490938,1.5680047488490938,0.0
1.6270486552371066,1.6270486552371066,0.0
1.7269795881592025,1.7269795881592025,0.0
1.2736168839258555,1.2736168839258555,0.0
2.039162446390136,2.039162446390136,0.0
1.4834385274114896,1.4834385274114896,0.0
1.672438715073763,1.672438715073763,0.0
1.163206252730257,1.163206252730257,0.0
1.6180555914155952,1.6180555914155952,0.0
1.1632559934793163,1.1632559934793163,0.0
1.8020770492635696,1.8020770492635696,0.0
0.9703742796992999,0.9703742796992999,0.0
1.657339815370258,1.657339815370258,0.0
1.3217516415425876,1.3217516415425876,0.0
0.9659851298873144,0.9659851298873144,0.0
2.0327738018930703,2.0327738018930703,0.0
1.770781997323623,1.770781997323623,0.0
1.051568882758388,1.051568882758388,0.0
1.6796170188206,1.6796170188206,0.0
0.9675374058360333,0.9675374058360333,0.0
0.9453134461291092,0.9453134461291092,0.0
1.1259702850957582,1.1259702850957582,0.0
1.2915088252763582,1.2915088252763582,0.0
1.5171589304191977,1.5171589304191977,0.0
1.3837448068209708,1.3837448068209708,0.0
1.5534039549243521,1.5534039549243521,0.0
1.0215594860242583,1.0215594860242583,0.0
1.0955215375146625,1.0955215375146625,0.0
0.07116211068839681,0.07116211068839681,0.0
1.208541937789737,1.208541937789737,0.0
1.3185317949680926,1.3185317949680926,0.0
1.5480162848090089,1.5480162848090089,0.0
1.4809519132058435,1.4809519132058435,0.0
0.9942838925015228,0.9942838925015228,0.0
1.227998777057249,1.227998777057249,0.0
1.0659318226027972,1.0659318226027972,0.0
1.58939106396326,1.58939106396326,0.0
1.2975326427254594,1.2975326427254594,0.0
1.6740699404571335,1.6740699404571335,0.0
1.0844486040916645,1.0844486040916645,0.0
0.946006741132403,0.946006741132403,0.0
1.2968382033079058,1.2968382033079058,0.0
1.1296067902573383,1.1296067902573383,0.0
0.5956567544899976,0.5956567544899976,0.0
1.6574113166410211,1.6574113166410211,0.0
0.8407507318479159,0.8407507318479159,0.0
1.1441403945152953,1.1441403945152953,0.0
1.4862402220467843,1.4862402220467843,0.0
1.159649273193494,1.159649273193494,0.0
1.1561459054732675,1.1561459054732675,0.0
1.3769097409116098,1.3769097409116098,0.0
1.15029295610867,1.15029295610867,0.0
1.267066227135652,1.267066227135652,0.0
1.737429126306787,1.737429126306787,0.0
0.11032597988638246,0.11032597988638246,0.0
1.4477872743488829,1.4477872743488829,0.0
1.153692638428249,1.153692638428249,0.0
1.2841488425191163,1.2841488425191163,0.0
1.5203424246483936,1.5203424246483936,0.0
0.05817103378029642,0.05817103378029642,0.0
1.5644270621080612,1.5644270621080612,0.0
1.5542227880775064,1.5542227880775064,0.0
1.1981236404295936,1.1981236404295936,0.0
0.9245625097753124,0.9245625097753124,0.0
0.7590120601226924,0.7590120601226924,0.0
1.179224876264057,1.179224876264057,0.0
1.0464294216180603,1.0464294216180603,0.0
1.8806364497424197,1.8806364497424197,0.0
1.2255728501921204,1.2255728501921204,0.0
1.765117667882137,1.765117667882137,0.0
2.0096030016401936,2.0096030016401936,0.0
1.2343421295288857,1.2343421295288857,0.0
1.8625224202129531,1.8625224202129531,0.0
1.4198475239904211,1.4198475239904211,0.0
1.4930421760030856,1.4930421760030856,0.0
0.8096957993417966,0.8096957993417966,0.0
1.930536022807385,1.930536022807385,0.0
1.9853548753481907,1.9853548753481907,0.0
1.4277429451144361,1.4277429451144361,0.0
1.7059899777527638,1.7059899777527638,0.0
1.2771461210064328,1.2771461210064328,0.0
0.9358035964286433,0.9358035964286433,0.0
1.556345497260582,1.556345497260582,0.0
1.6512310556068226,1.6512310556068226,0.0
1.0174155459450025,1.0174155459450025,0.0
1.4383327753736972,1.4383327753736972,0.0
1.0992268008559534,1.0992268008559534,0.0
1.3315235783256998,1.3315235783256998,0.0
1.5866772705967163,1.5866772705967163,0.0
1.5971057108701707,1.5971057108701707,0.0
1.1177423203824313,1.1177423203824313,0.0
1.2451915598802434,1.2451915598802434,0.0
1.3103051681109354,1.3103051681109354,0.0
0.27191470086178177,0.27191470086178177,0.0
1.0092089324486495,1.0092089324486495,0.0
1.3060257623688332,1.3060257623688332,0.0
0.4586033356498088,0.4586033356498088,0.0
1.2134756728403557,1.2134756728403557,0.0
1.4511405555754124,1.4511405555754124,0.0
1.633218521667888,1.633218521667888,0.0
1.2992041977351165,1.2992041977351165,0.0
1.9681390563945615,1.9681390563945615,0.0
1.4429418623040204,1.4429418623040204,0.0
1.4451063453990558,1.4451063453990558,0.0
1.6081697106514674,1.6081697106514674,0.0
2.0465562735181493,2.0465562735181493,0.0
1.4689225267279087,1.4689225267279087,0.0
1.0324193191619209,1.0324193191619209,0.0
1.4435742720140348,1.4435742720140348,0.0
1.2089081621907707,1.2089081621907707,0.0
1.5269548765005259,1.5269548765005259,0.0
1.5016239082075755,1.5016239082075755,0.0
1.4200044462878707,1.4200044462878707,0.0
1.030698919274849,1.030698919274849,0.0
1.692533401185386,1.692533401185386,0.0
1.4861785364215276,1.4861785364215276,0.0
2.237543528169277,2.237543528169277,0.0
1.1007739618142462,1.1007739618142462,0.0
2.1002128328915806,2.1002128328915806,0.0
0.9537436451159922,0.9537436451159922,0.0
1.813708376254981,1.813708376254981,0.0
1.2207033848982123,1.2207033848982123,0.0
1.5343166331182125,1.5343166331182125,0.0
1.4059844072507475,1.4059844072507475,0.0
1.507552529117192,1.507552529117192,0.0
1.823049637886398,1.823049637886398,0.0
1.3329836528530696,1.3329836528530696,0.0
1.288128909844165,1.288128909844165,0.0
1.5648915142764521,1.5648915142764521,0.0
1.1541160470294147,1.1541160470294147,0.0
0.8844809841218525,0.8844809841218525,0.0
1.7489896109378158,1.7489896109378158,0.0
1.1290476854485558,1.1290476854485558,0.0
0.6620505068458702,0.6620505068458702,0.0
0.7101404535827981,0.7101404535827981,0.0
0.9161175953875651,0.9161175953875651,0.0
0.9666750351865903,0.9666750351865903,0.0
1.795693003253401,1.795693003253401,0.0
1.2301290805250829,1.2301290805250829,0.0
1.3778035478580464,1.3778035478580464,0.0
1.4173077909225302,1.4173077909225302,0.0
0.6821666284360764,0.6821666284360764,0.0
1.0727835518377002,1.0727835518377002,0.0
1.7810770133345966,1.7810770133345966,0.0
1.3421499365981,1.3421499365981,0.0
0.9849291196388988,0.9849291196388988,0.0
1.6060733622833834,1.6060733622833834,0.0
1.4236464972001412,1.4236464972001412,0.0
0.8419346682760867,0.8419346682760867,0.0
1.2851968838840169,1.2851968838840169,0.0
1.6230014106174013,1.6230014106174013,0.0
1.5561950132636673,1.5561950132636673,0.0
1.8126028670008194,1.8126028670008194,0.0
1.4362890472780254,1.4362890472780254,0.0
1.084918710205614,1.084918710205614,0.0
1.743226297671948,1.743226297671948,0.0
1.6919385892403955,1.6919385892403955,0.0
1.4638447844933125,1.4638447844933125,0.0
1.7877783371824223,1.7877783371824223,0.0
1.405290576545613,1.405290576545613,0.0
1.5483590230234505,1.5483590230234505,0.0
2.037203688297108,2.037203688297108,0.0
0.8244265256464861,0.8244265256464861,0.0
1.7097335075435958,1.7097335075435958,0.0
1.029508450992859,1.029508450992859,0.0
2.1364041995837,2.1364041995837,0.0
1.7422093154843366,1.7422093154843366,0.0
1.5789119632287467,1.5789119632287467,0.0
1.7923825320053288,1.7923825320053288,0.0
1.4907734508407582,1.4907734508407582,0.0
0.8702081087962453,0.8702081087962453,0.0
0.9022264911612436,0.9022264911612436,0.0
0.2748174418029761,0.2748174418029761,0.0
1.517539296078399,1.517539296078399,0.0
1.399579189814007,1.399579189814007,0.0
1.5764033926032506,1.5764033926032506,0.0
1.7340254626728737,1.7340254626728737,0.0
1.5867617191999321,1.5867617191999321,0.0
1.7018802954990209,1.7018802954990209,0.0
1.5607693250613819,1.5607693250613819,0.0
1.4556278412501067,1.4556278412501067,0.0
1.4418379282385758,1.4418379282385758,0.0
1.5268389557126916,1.5268389557126916,0.0
1.6319793752048506,1.6319793752048506,0.0
1.751380604946027,1.751380604946027,0.0
1.6313008388958412,1.6313008388958412,0.0
0.8890151786826564,0.8890151786826564,0.0
0.888971661841363,0.888971661841363,0.0
1.1556270361969336,1.1556270361969336,0.0
0.877001899605437,0.877001899605437,0.0
1.1613066530462792,1.1613066530462792,0.0
0.9191940193841172,0.9191940193841172,0.0
0.8542218225776111,0.8542218225776111,0.0
1.6270505676175375,1.6270505676175375,0.0
1.6102045963617164,1.6102045963617164,0.0
1.5763992474497794,1.5763992474497794,0.0
1.7587573119920568,1.7587573119920568,0.0
1.3772636822584836,1.3772636822584836,0.0
1.4761453566780254,1.4761453566780254,0.0
1.4729398134449196,1.4729398134449196,0.0
1.4405040374740334,1.4405040374740334,0.0
0.6828259719611719,0.6828259719611719,0.0
1.9657194137621976,1.9657194137621976,0.0
1.5819712655482647,1.5819712655482647,0.0
1.0192710989820826,1.0192710989820826,0.0
1.2644830249903918,1.2644830249903918,0.0
1.1485780284871216,1.1485780284871216,0.0
0.5521872538921538,0.5521872538921538,0.0
0.07747933796208273,0.07747933796208273,0.0
1.2431956186799447,1.2431956186799447,0.0
1.5716504121380246,1.5716504121380246,0.0
1.4625699966136927,1.4625699966136927,0.0
1.604772933859299,1.604772933859299,0.0
1.66291774999057,1.66291774999057,0.0
1.4382926751852527,1.4382926751852527,0.0
1.611554141252152,1.611554141252152,0.0
1.2304770480143712,1.2304770480143712,0.0
0.771514171143684,0.771514171143684,0.0
1.501525350977866,1.501525350977866,0.0
1.3343620864210486,1.3343620864210486,0.0
0.8081851593921786,0.8081851593921786,0.0
1.8293149332954044,1.8293149332954044,0.0
1.3130980896763385,1.3130980896763385,0.0
0.7877589094817532,0.7877589094817532,0.0
1.72345758198468,1.72345758198468,0.0
1.6084431758959152,1.6084431758959152,0.0
1.8696303805135608,1.8696303805135608,0.0
1.7967817517206037,1.7967817517206037,0.0
1.3339041464460182,1.3339041464460182,0.0
0.7778927653834349,0.7778927653834349,0.0
1.4899660693455807,1.4899660693455807,0.0
1.8584024371274996,1.8584024371274996,0.0
0.8054648679359603,0.8054648679359603,0.0
0.8324801375545154,0.8324801375545154,0.0
0.984946012740705,0.984946012740705,0.0
1.2679863102362428,1.2679863102362428,0.0
1.5130568336950885,1.5130568336950885,0.0
1.659373616420849,1.659373616420849,0.0
0.08218356368410487,0.08218356368410487,0.0
1.2669547402744596,1.2669547402744596,0.0
1.9512709754625097,1.9512709754625097,0.0
1.4803954445424725,1.4803954445424725,0.0
1.1255269925539808,1.1255269925539808,0.0
1.2532807329225768,1.2532807329225768,0.0
1.1993564736447466,1.1993564736447466,0.0
1.35158960326777,1.35158960326777,0.0
1.2671726956692124,1.2671726956692124,0.0
1.3877436495944342,1.3877436495944342,0.0
1.773979999448766,1.773979999448766,0.0
1.4759601360354846,1.4759601360354846,0.0
0.7847918721201264,0.7847918721201264,0.0
1.7756259931898255,1.7756259931898255,0.0
1.9215170553140961,1.9215170553140961,0.0
1.3412303622408879,1.3412303622408879,0.0
0.05259346549637084,0.05259346549637084,0.0
0.6709605418063604,0.6709605418063604,0.0
1.0448772690463581,1.0448772690463581,0.0
1.6248150586612198,1.6248150586612198,0.0
0.6697454811897581,0.6697454811897581,0.0
1.0303054335432327,1.0303054335432327,0.0
1.5416879354971995,1.5416879354971995,0.0
0.699520558094989,0.699520558094989,0.0
2.1973401811964623,2.1973401811964623,0.0
1.4028612039132344,1.4028612039132344,0.0
1.3963667611107355,1.3963667611107355,0.0
1.522864540063352,1.522864540063352,0.0
1.3443057320303968,1.3443057320303968,0.0
1.6211628700907201,1.6211628700907201,0.0
0.9419656572179304,0.9419656572179304,0.0
1.5308758078508344,1.5308758078508344,0.0
1.5501905711968786,1.5501905711968786,0.0
1.170811084128403,1.170811084128403,0.0
1.3363403589244092,1.3363403589244092,0.0
1.4352344081596757,1.4352344081596757,0.0
1.304857827317669,1.304857827317669,0.0
0.8226025924346472,0.8226025924346472,0.0
1.2737422686628972,1.2737422686628972,0.0
1.767466134554625,1.767466134554625,0.0
1.4904209844226097,1.4904209844226097,0.0
1.7071609852987262,1.7071609852987262,0.0
1.560748375447856,1.560748375447856,0.0
1.0785237640354384,1.0785237640354384,0.0
1.3146296799213844,1.3146296799213844,0.0
0.14810243325285066,0.14810243325285066,0.0
0.876115007111312,0.876115007111312,0.0
1.5638119332865315,1.5638119332865315,0.0
1.1211006812231177,1.1211006812231177,0.0
2.083535090849673,2.083535090849673,0.0
1.767190057786684,1.767190057786684,0.0
1.151736881689627,1.151736881689627,0.0
1.510305103915859,1.510305103915859,0.0
2.1053225919177394,2.1053225919177394,0.0
1.9703391729375535,1.9703391729375535,0.0
2.1088470410212823,2.1088470410212823,0.0
1.3794313907357194,1.3794313907357194,0.0
1.631233348055989,1.631233348055989,0.0
0.04463855027528592,0.04463855027528592,0.0
0.7924329036712096,0.7924329036712096,0.0
1.568305653093649,1.568305653093649,0.0
0.9669599956363162,0.9669599956363162,0.0
1.320515214291276,1.320515214291276,0.0
0.943342219221891,0.943342219221891,0.0
1.0045261944973949,1.0045261944973949,0.0
1.29351194751848,1.29351194751848,0.0
1.4284690918604228,1.4284690918604228,0.0
0.6689789353109846,0.6689789353109846,0.0
1.1824553466680388,1.1824553466680388,0.0
1.7670271443599932,1.7670271443599932,0.0
0.7828442986491653,0.7828442986491653,0.0
1.5418784962313679,1.5418784962313679,0.0
1.9051220902113308,1.9051220902113308,0.0
1.4211887812292014,1.4211887812292014,0.0
0.5920042177371095,0.5920042177371095,0.0
1.3077221085304864,1.3077221085304864,0.0
1.0700721771727995,1.0700721771727995,0.0
1.0232725668172904,1.0232725668172904,0.0
1.5481360566052715,1.5481360566052715,0.0
1.2063620890099773,1.2063620890099773,0.0
1.7289360468786714,1.7289360468786714,0.0
1.0986611960446069,1.0986611960446069,0.0
1.681239885144279,1.681239885144279,0.0
1.4213497377638629,1.4213497377638629,0.0
1.6692157856425494,1.6692157856425494,0.0
0.808020558008309,0.808020558008309,0.0
1.3221038186483747,1.3221038186483747,0.0
0.643594158985385,0.643594158985385,0.0
0.4239002928838323,0.4239002928838323,0.0
1.1613670646346705,1.1613670646346705,0.0
0.6490374425312789,0.6490374425312789,0.0
1.1750994392345915,1.1750994392345915,0.0
1.3082115460823844,1.3082115460823844,0.0
0.997752519720755,0.997752519720755,0.0
1.0876041161141274,1.0876041161141274,0.0
1.6332945244395585,1.6332945244395585,0.0
1.617740469201401,1.617740469201401,0.0
1.9451433461896992,1.9451433461896992,0.0
1.666172188493335,1.666172188493335,0.0
1.2377328136743229,1.2377328136743229,0.0
1.7516201788167152,1.7516201788167152,0.0
1.677614506386989,1.677614506386989,0.0
1.3404685983829634,1.3404685983829634,0.0
1.4414849138908685,1.4414849138908685,0.0
1.5979711065730222,1.5979711065730222,0.0
1.0525207462288553,1.0525207462288553,0.0
1.3302721478756976,1.3302721478756976,0.0
1.72777889300851,1.72777889300851,0.0
1.748879071117411,1.748879071117411,0.0
0.7426251414394219,0.7426251414394219,0.0
0.7033999428908283,0.7033999428908283,0.0
1.046450892578289,1.046450892578289,0.0
1.4612684669181695,1.4612684669181695,0.0
1.5256313404929385,1.5256313404929385,0.0
0.9681541392569427,0.9681541392569427,0.0
1.3411375189976815,1.3411375189976815,0.0
0.5491001480207095,0.5491001480207095,0.0
0.909448647756509,0.909448647756509,0.0
1.3785525083089845,1.3785525083089845,0.0
1.857822959544427,1.857822959544427,0.0
1.680776196876761,1.680776196876761,0.0
0.6275914667253297,0.6275914667253297,0.0
1.7936978455651948,1.7936978455651948,0.0
1.5668308077148336,1.5668308077148336,0.0
1.2473807210968197,1.2473807210968197,0.0
1.1435710249197928,1.1435710249197928,0.0
1.4994644433158932,1.4994644433158932,0.0
0.6413960840522569,0.6413960840522569,0.0
1.5407329981353626,1.5407329981353626,0.0
1.5185210135180225,1.5185210135180225,0.0
1.3935348743897074,1.3935348743897074,0.0
1.0928002274811532,1.0928002274811532,0.0
1.5954592228037554,1.5954592228037554,0.0
1.5309106538377937,1.5309106538377937,0.0
1.1170537916560783,1.1170537916560783,0.0
1.9850839767374715,1.9850839767374715,0.0
1.746568411121459,1.746568411121459,0.0
0.9605941206297293,0.9605941206297293,0.0
0.8823697825171931,0.8823697825171931,0.0
0.6526873860644279,0.6526873860644279,0.0
1.2174532135943632,1.2174532135943632,0.0
1.6373556046770161,1.6373556046770161,0.0
1.234123910877535,1.234123910877535,0.0
0.7421451207951574,0.7421451207951574,0.0
0.45726549683774487,0.45726549683774487,0.0
1.1061381181906773,1.1061381181906773,0.0
1.6308201723413578,1.6308201723413578,0.0
2.0209966966245196,2.0209966966245196,0.0
1.107229222936394,1.107229222936394,0.0
0.6218643996950577,0.6218643996950577,0.0
1.7964119888520076,1.7964119888520076,0.0
1.8062618454679809,1.8062618454679809,0.0
1.542394394138178,1.542394394138178,0.0
1.452660582649235,1.452660582649235,0.0
1.469661295539374,1.469661295539374,0.0
1.6213101674707262,1.6213101674707262,0.0
0.036363909449587055,0.036363909449587055,0.0
0.907184780168071,0.907184780168071,0.0
0.8646865892238271,0.8646865892238271,0.0
1.1366557323811046,1.1366557323811046,0.0
1.310339584505767,1.310339584505767,0.0
1.4137172493833183,1.4137172493833183,0.0
1.0378271815999576,1.0378271815999576,0.0
1.5289632811397291,1.5289632811397291,0.0
0.9847750109489564,0.9847750109489564,0.0
0.834093187722338,0.834093187722338,0.0
1.1372522526654536,1.1372522526654536,0.0
1.4320838879850093,1.4320838879850093,0.0
0.06944556951429837,0.06944556951429837,0.0
0.7973580136327184,0.7973580136327184,0.0
1.396799908987266,1.396799908987266,0.0
1.5134407172446454,1.5134407172446454,0.0
1.2598297461250236,1.2598297461250236,0.0
1.5837834988401196,1.5837834988401196,0.0
1.354911115699381,1.354911115699381,0.0
1.3163752990639002,1.3163752990639002,0.0
1.0969508132374854,1.0969508132374854,0.0
1.796419615011554,1.796419615011554,0.0
1.8973993264966789,1.8973993264966789,0.0
2.136401019312966,2.136401019312966,0.0
1.5141667447785232,1.5141667447785232,0.0
1.9005845578805318,1.9005845578805318,0.0
0.5875575557203376,0.5875575557203376,0.0
1.1149306308454694,1.1149306308454694,0.0
1.5303840725460394,1.5303840725460394,0.0
1.1989237486640356,1.1989237486640356,0.0
1.6018099814694944,1.6018099814694944,0.0
1.3467051677744708,1.3467051677744708,0.0
1.1664211477576332,1.1664211477576332,0.0
0.7362234777684525,0.7362234777684525,0.0
0.8241682520614932,0.8241682520614932,0.0
0.894525579014585,0.894525579014585,0.0
1.5168888015829454,1.5168888015829454,0.0
1.1787159101929467,1.1787159101929467,0.0
1.0247062814926708,1.0247062814926708,0.0
1.2395145094959776,1.2395145094959776,0.0
2.00620524097545,2.00620524097545,0.0
1.5208620734207299,1.5208620734207299,0.0
1.133714887423249,1.133714887423249,0.0
1.5651555808064628,1.5651555808064628,0.0
1.8143376504098554,1.8143376504098554,0.0
1.4180418546515388,1.4180418546515388,0.0
1.6801545008070196,1.6801545008070196,0.0
1.6993356742029047,1.6993356742029047,0.0
1.2432453539394266,1.2432453539394266,0.0
0.7873264757104772,0.7873264757104772,0.0
2.5765080891939207,2.5765080891939207,0.0
1.7603518185312714,1.7603518185312714,0.0
0.9777087802908275,0.9777087802908275,0.0
1.5563632414041029,1.5563632414041029,0.0
1.2717701272179933,1.2717701272179933,0.0
1.4324243796271081,1.4324243796271081,0.0
1.3920782818881303,1.3920782818881303,0.0
1.4044551296621848,1.4044551296621848,0.0
0.8755903013564944,0.8755903013564944,0.0
1.715798599648115,1.715798599648115,0.0
1.5887220045613397,1.5887220045613397,0.0
1.0499113212586428,1.0499113212586428,0.0
1.5488356028049834,1.5488356028049834,0.0
1.993921032718175,1.993921032718175,0.0
1.3778843708318766,1.3778843708318766,0.0
1.347511294750151,1.347511294750151,0.0
1.1987379904231172,1.1987379904231172,0.0
1.1742635055038797,1.1742635055038797,0.0
1.4912055832891158,1.4912055832891158,0.0
1.3309162693036263,1.3309162693036263,0.0
1.6248821771461377,1.6248821771461377,0.0
1.832424564540809,1.832424564540809,0.0
0.9241353713051746,0.9241353713051746,0.0
1.5630396846867733,1.5630396846867733,0.0
1.5649741060328344,1.5649741060328344,0.0
0.10765329194261081,0.10765329194261081,0.0
1.25867085156668,1.25867085156668,0.0
1.3204254687972903,1.3204254687972903,0.0
1.6474618913120052,1.6474618913120052,0.0
0.6943439011075082,0.6943439011075082,0.0
1.638421395871834,1.638421395871834,0.0
1.7693975520072316,1.7693975520072316,0.0
1.153573302328916,1.153573302328916,0.0
1.2709234464632173,1.2709234464632173,0.0
1.5958034976263207,1.5958034976263207,0.0
1.1000733541771393,1.1000733541771393,0.0
0.8153400675846835,0.8153400675846835,0.0
0.7598458957926035,0.7598458957926035,0.0
0.06929796291816145,0.06929796291816145,0.0
1.5613764940297354,1.5613764940297354,0.0
1.334933559392525,1.334933559392525,0.0
0.9628895201603395,0.9628895201603395,0.0
0.8559532706953675,0.8559532706953675,0.0
1.7320753341929864,1.7320753341929864,0.0
1.319172240667737,1.319172240667737,0.0
0.8101729210131738,0.8101729210131738,0.0
1.8134097703004448,1.8134097703004448,0.0
0.9715480699558539,0.9715480699558539,0.0
1.2074069139692203,1.2074069139692203,0.0
2.056968198434964,2.056968198434964,0.0
1.1153339090792542,1.1153339090792542,0.0
0.2392037866726931,0.2392037866726931,0.0
0.5957882008090634,0.5957882008090634,0.0
1.428263758411118,1.428263758411118,0.0
1.2875888871079502,1.2875888871079502,0.0
1.56709701638796,1.56709701638796,0.0
1.3188581971007511,1.3188581971007511,0.0
1.9687727057992073,1.9687727057992073,0.0
1.2463110287773729,1.2463110287773729,0.0
1.2620363219413002,1.2620363219413002,0.0
1.5187157608234687,1.5187157608234687,0.0
0.11475889035074975,0.11475889035074975,0.0
1.045402510668892,1.045402510668892,0.0
1.7364418199419667,1.7364418199419667,0.0
0.5784018492263135,0.5784018492263135,0.0
1.300602231655837,1.300602231655837,0.0
1.1840327551491825,1.1840327551491825,0.0
1.4296850480373409,1.4296850480373409,0.0
1.871176231541609,1.871176231541609,0.0
1.9660078579017328,1.9660078579017328,0.0
1.517330281279794,1.517330281279794,0.0
1.3528902597114376,1.3528902597114376,0.0
1.419891219288406,1.419891219288406,0.0
1.377049449752586,1.377049449752586,0.0
1.0738214384693778,1.0738214384693778,0.0
1.783974671633125,1.783974671633125,0.0
0.8719518158016194,0.8719518158016194,0.0
1.624779639030626,1.624779639030626,0.0
1.2728522024399676,1.2728522024399676,0.0
1.0025764172810674,1.0025764172810674,0.0
1.9879552553347197,1.9879552553347197,0.0
1.533573919272909,1.533573919272909,0.0
1.7329768058270087,1.7329768058270087,0.0
0.4946589708125931,0.4946589708125931,0.0
1.4541041082278288,1.4541041082278288,0.0
1.140931227622696,1.140931227622696,0.0
1.589781126369468,1.589781126369468,0.0
1.5381554324472435,1.5381554324472435,0.0
0.34780908490298373,0.34780908490298373,0.0
1.1820560207614483,1.1820560207614483,0.0
1.5773002688036142,1.5773002688036142,0.0
1.6012812842412123,1.6012812842412123,0.0
0.8652868693767908,0.8652868693767908,0.0
1.6464638613908116,1.6464638613908116,0.0
1.551876650503816,1.551876650503816,0.0
1.2172460589174867,1.2172460589174867,0.0
1.224393426910823,1.224393426910823,0.0
1.461337686017662,1.461337686017662,0.0
1.396404809600107,1.396404809600107,0.0
1.0195969191219605,1.0195969191219605,0.0
1.6312043506834333,1.6312043506834333,0.0
1.2073390305709633,1.2073390305709633,0.0
1.8755659704988539,1.8755659704988539,0.0
2.082252421502144,2.082252421502144,0.0
1.2924566257442593,1.2924566257442593,0.0
1.47187458182029,1.47187458182029,0.0
1.5443219951036995,1.5443219951036995,0.0
1.4237058658835997,1.4237058658835997,0.0
1.5716852297649113,1.5716852297649113,0.0
1.5408739141909833,1.5408739141909833,0.0
1.096613516788372,1.096613516788372,0.0
1.0286301058952558,1.0286301058952558,0.0
1.1143855378251712,1.1143855378251712,0.0
0.8008952156894533,0.8008952156894533,0.0
1.061206593446781,1.061206593446781,0.0
1.1392681922889678,1.1392681922889678,0.0
1.3096285907605796,1.3096285907605796,0.0
1.5434124218126912,1.5434124218126912,0.0
1.3719066334621062,1.3719066334621062,0.0
1.4000091374071018,1.4000091374071018,0.0
1.6032970014729924,1.6032970014729924,0.0
1.5140990656664217,1.5140990656664217,0.0
1.4769266063251405,1.4769266063251405,0.0
0.9780520265883663,0.9780520265883663,0.0
1.1158338666143006,1.1158338666143006,0.0
2.1113268067238673,2.1113268067238673,0.0
1.4730851883600928,1.4730851883600928,0.0
0.636562409630695,0.636562409630695,0.0
1.4978443415423568,1.4978443415423568,0.0
1.6612800614738978,1.6612800614738978,0.0
0.8320478462409998,0.8320478462409998,0.0
1.518762569409936,1.518762569409936,0.0
0.8317527740428218,0.8317527740428218,0.0
1.8848845978116562,1.8848845978116562,0.0
1.2601438795927342,1.2601438795927342,0.0
0.7346714527728319,0.7346714527728319,0.0
1.6437768807998232,1.6437768807998232,0.0
1.1284729229986363,1.1284729229986363,0.0
1.2531115905134607,1.2531115905134607,0.0
0.7093799512439953,0.7093799512439953,0.0
2.0254575569370505,2.0254575569370505,0.0
1.4367604430408216,1.4367604430408216,0.0
0.936676055735236,0.936676055735236,0.0
1.2415005213706967,1.2415005213706967,0.0
1.3150167757130753,1.3150167757130753,0.0
1.0849641820133524,1.0849641820133524,0.0
1.645848823423753,1.645848823423753,0.0
1.3258842840378438,1.3258842840378438,0.0
1.4664167441672291,1.4664167441672291,0.0
1.290852299346654,1.290852299346654,0.0
0.7747055030795205,0.7747055030795205,0.0
1.5260671636327965,1.5260671636327965,0.0
1.480110700285206,1.480110700285206,0.0
1.1398940378667262,1.1398940378667262,0.0
1.1599935953539784,1.1599935953539784,0.0
1.2140873883595502,1.2140873883595502,0.0
1.3736621164933107,1.3736621164933107,0.0
2.1515834960251237,2.1515834960251237,0.0
0.6261379618989348,0.6261379618989348,0.0
1.3937024973208876,1.3937024973208876,0.0
1.4897300070663835,1.4897300070663835,0.0
1.7838580984343764,1.7838580984343764,0.0
1.561282511401785,1.561282511401785,0.0
1.9557443090812026,1.9557443090812026,0.0
1.708657699364458,1.708657699364458,0.0
0.7146840577756556,0.7146840577756556,0.0
1.9670848509994798,1.9670848509994798,0.0
1.218086239703495,1.218086239703495,0.0
1.5596526416078842,1.5596526416078842,0.0
1.71647848560161,1.71647848560161,0.0
1.5883781857576136,1.5883781857576136,0.0
1.5429825979914369,1.5429825979914369,0.0
1.814807307968421,1.814807307968421,0.0
1.6026598590555887,1.6026598590555887,0.0
1.6140765000831905,1.6140765000831905,0.0
1.3064659594633266,1.3064659594633266,0.0
1.631350702326698,1.631350702326698,0.0
1.1146639083001155,1.1146639083001155,0.0
1.4682900706262338,1.4682900706262338,0.0
1.1372124570816522,1.1372124570816522,0.0
1.7741037386130802,1.7741037386130802,0.0
1.4079902494141732,1.4079902494141732,0.0
1.4506640512913445,1.4506640512913445,0.0
1.021809852986353,1.021809852986353,0.0
1.5846254890601805,1.5846254890601805,0.0
0.8289456913520583,0.8289456913520583,0.0
1.787778749729836,1.787778749729836,0.0
1.7281203343457616,1.7281203343457616,0.0
1.3517107458880973,1.3517107458880973,0.0
1.5844657019464332,1.5844657019464332,0.0
1.1189275901191504,1.1189275901191504,0.0
0.8983873489283103,0.8983873489283103,0.0
1.5232473144568417,1.5232473144568417,0.0
1.037713764102898,1.037713764102898,0.0
1.8602673305544561,1.8602673305544561,0.0
1.475147656836676,1.475147656836676,0.0
0.8752215241010212,0.8752215241010212,0.0
1.2339062157090526,1.2339062157090526,0.0
0.9187762952919203,0.9187762952919203,0.0
1.6756926596670427,1.6756926596670427,0.0
1.7275981724865843,1.7275981724865843,0.0
1.6118104187218676,1.6118104187218676,0.0
0.8228242623077658,0.8228242623077658,0.0
1.4738626490293416,1.4738626490293416,0.0
1.0111381558358492,1.0111381558358492,0.0
1.4278290313238515,1.4278290313238515,0.0
0.8824250638040547,0.8824250638040547,0.0
1.6568426152892068,1.6568426152892068,0.0
0.8761366057265615,0.8761366057265615,0.0
0.9354755924304182,0.9354755924304182,0.0
1.3347597148962493,1.3347597148962493,0.0
1.6549135724054083,1.6549135724054083,0.0
0.9483812587241884,0.9483812587241884,0.0
1.287481456533948,1.287481456533948,0.0
1.4159275631107493,1.4159275631107493,0.0
0.9144183473277055,0.9144183473277055,0.0
0.8776675128364614,0.8776675128364614,0.0
1.1082418282075248,1.1082418282075248,0.0
1.5991333351756936,1.5991333351756936,0.0
1.9036990048234486,1.9036990048234486,0.0
1.4166177568044862,1.4166177568044862,0.0
1.193355454083176,1.193355454083176,0.0
1.5725588026385247,1.5725588026385247,0.0
1.8602944814144835,1.8602944814144835,0.0
1.4228094979890271,1.4228094979890271,0.0
1.3621555834065753,1.3621555834065753,0.0
0.44473439026749856,0.44473439026749856,0.0
0.7603708331514192,0.7603708331514192,0.0
1.501511869997777,1.501511869997777,0.0
1.492335125850915,1.492335125850915,0.0
1.011434806409858,1.011434806409858,0.0
1.5198953074941732,1.5198953074941732,0.0
1.4859798213898112,1.4859798213898112,0.0
0.7463941399737819,0.7463941399737819,0.0
1.1609618173019112,1.1609618173019112,0.0
1.9519354506963402,1.9519354506963402,0.0
1.9507980506873777,1.9507980506873777,0.0
0.9108452791088547,0.9108452791088547,0.0
1.5009049024914392,1.5009049024914392,0.0
1.6905074086453948,1.6905074086453948,0.0
1.8847457703941985,1.8847457703941985,0.0
1.2909983965066147,1.2909983965066147,0.0
1.775051893656554,1.775051893656554,0.0
1.2146619064007016,1.2146619064007016,0.0
1.6678257822158074,1.6678257822158074,0.0
1.4797205634617092,1.4797205634617092,0.0
1.5788218253987942,1.5788218253987942,0.0
0.6408575854840632,0.6408575854840632,0.0
1.7155719949343358,1.7155719949343358,0.0
1.4719396787879975,1.4719396787879975,0.0
1.2797058438828088,1.2797058438828088,0.0
1.8007767342022878,1.8007767342022878,0.0
0.6488830098021755,0.6488830098021755,0.0
1.375358955855242,1.375358955855242,0.0
1.6993070675189543,1.6993070675189543,0.0
1.393659933409415,1.393659933409415,0.0
1.5777206086979483,1.5777206086979483,0.0
1.56809844328056,1.56809844328056,0.0
1.445551312540428,1.445551312540428,0.0
1.8770752998223355,1.8770752998223355,0.0
1.474786026928606,1.474786026928606,0.0
0.8220623923870688,0.8220623923870688,0.0
1.2673433403471093,1.2673433403471093,0.0
1.424264485235187,1.424264485235187,0.0
1.892797514628576,1.892797514628576,0.0
1.5965488118352196,1.5965488118352196,0.0
1.7623122928938524,1.7623122928938524,0.0
0.7966566706689634,0.7966566706689634,0.0
1.0234651210893082,1.0234651210893082,0.0
1.5822214808371766,1.5822214808371766,0.0
1.1459735124372912,1.1459735124372912,0.0
1.1036913344213082,1.1036913344213082,0.0
1.032797167969713,1.032797167969713,0.0
1.4861911333026507,1.4861911333026507,0.0
1.9181177504474711,1.9181177504474711,0.0
1.7452912690374605,1.7452912690374605,0.0
1.604111354119331,1.604111354119331,0.0
1.2349323038226099,1.2349323038226099,0.0
1.5466736939574897,1.5466736939574897,0.0
0.9608710151139332,0.9608710151139332,0.0
0.8723666188523609,0.8723666188523609,0.0
1.8239293367744625,1.8239293367744625,0.0
1.3517710218866243,1.3517710218866243,0.0
1.0864053597533065,1.0864053597533065,0.0
1.2422300091693057,1.2422300091693057,0.0
1.2798808982985523,1.2798808982985523,0.0
0.9023410821087653,0.9023410821087653,0.0
0.9627708458796607,0.9627708458796607,0.0
1.1427332347760941,1.1427332347760941,0.0
0.7700157095235872,0.7700157095235872,0.0
1.7462204642081696,1.7462204642081696,0.0
1.5732595475173405,1.5732595475173405,0.0
1.511379881847631,1.511379881847631,0.0
1.1008732299244464,1.1008732299244464,0.0
1.444843333078014,1.444843333078014,0.0
1.5003559002721045,1.5003559002721045,0.0
1.2072185500934918,1.2072185500934918,0.0
2.022545718546963,2.022545718546963,0.0
1.7507668539656929,1.7507668539656929,0.0
1.757658776406749,1.757658776406749,0.0
1.5569485303406754,1.5569485303406754,0.0
1.2996914819478815,1.2996914819478815,0.0
1.6346125309572408,1.6346125309572408,0.0
0.8651917442205592,0.8651917442205592,0.0
1.2618213946965755,1.2618213946965755,0.0
1.3188179188547684,1.3188179188547684,0.0
1.2477674692491103,1.2477674692491103,0.0
1.5285736736357645,1.5285736736357645,0.0
1.332486028588567,1.332486028588567,0.0
1.405143387258686,1.405143387258686,0.0
0.9777091539240226,0.9777091539240226,0.0
1.9455203899316003,1.9455203899316003,0.0
1.1316807623043452,1.1316807623043452,0.0
1.3856219789651518,1.3856219789651518,0.0
0.8674593575087755,0.8674593575087755,0.0
1.3472370234346402,1.3472370234346402,0.0
1.0313087548657371,1.0313087548657371,0.0
1.5454356966476759,1.5454356966476759,0.0
1.4725409213333303,1.4725409213333303,0.0
0.7064824687187713,0.7064824687187713,0.0
0.14248788313326735,0.14248788313326735,0.0
1.717069347513531,1.717069347513531,0.0
1.6025718930803596,1.6025718930803596,0.0
0.589107280692373,0.589107280692373,0.0
1.4626147788925306,1.4626147788925306,0.0
1.8823739872193785,1.8823739872193785,0.0
1.4761466124919238,1.4761466124919238,0.0
0.5584353099868883,0.5584353099868883,0.0
1.4880488301104422,1.4880488301104422,0.0
0.851763650055458,0.851763650055458,0.0
0.7442909815781246,0.7442909815781246,0.0
0.9832590416517041,0.9832590416517041,0.0
1.3576270330475242,1.3576270330475242,0.0
0.9907600018409001,0.9907600018409001,0.0
1.6543750219453697,1.6543750219453697,0.0
1.2505238937127343,1.2505238937127343,0.0
0.9659538379432743,0.9659538379432743,0.0
1.7133587113185271,1.7133587113185271,0.0
1.4662357313848942,1.4662357313848942,0.0
1.570650329781171,1.570650329781171,0.0
1.727524855557915,1.727524855557915,0.0
1.4548246345081464,1.4548246345081464,0.0
1.6303486423772287,1.6303486423772287,0.0
1.316818132871833,1.316818132871833,0.0
1.3000865573707512,1.3000865573707512,0.0
1.3941391439642512,1.3941391439642512,0.0
0.8137961475582467,0.8137961475582467,0.0
1.41838161386254,1.41838161386254,0.0
1.4447715336426359,1.4447715336426359,0.0
1.448301090134998,1.448301090134998,0.0
1.0016556802283227,1.0016556802283227,0.0
1.639174893232341,1.639174893232341,0.0
1.3499933353024347,1.3499933353024347,0.0
1.3804270174400177,1.3804270174400177,0.0
0.49491013001988227,0.49491013001988227,0.0
1.1572573014208538,1.1572573014208538,0.0
1.4718273632774808,1.4718273632774808,0.0
1.3322584016080197,1.3322584016080197,0.0
1.3637020399582982,1.3637020399582982,0.0
1.182321384249645,1.182321384249645,0.0
1.5869368958448953,1.5869368958448953,0.0
1.6651196285893979,1.6651196285893979,0.0
1.46149765644544,1.46149765644544,0.0
1.2303851468238491,1.2303851468238491,0.0
1.4456802962664557,1.4456802962664557,0.0
1.9411786196334238,1.9411786196334238,0.0
2.2772507962653745,2.2772507962653745,0.0
1.6423562780491874,1.6423562780491874,0.0
1.3273549571359642,1.3273549571359642,0.0
2.026592912044417,2.026592912044417,0.0
1.4269681723853547,1.4269681723853547,0.0
0.7326900617525398,0.7326900617525398,0.0
1.270381519084679,1.270381519084679,0.0
1.3531573383416349,1.3531573383416349,0.0
1.4825478454486707,1.4825478454486707,0.0
1.69076395081387,1.69076395081387,0.0
0.982503992779565,0.982503992779565,0.0
1.4953465547433842,1.4953465547433842,0.0
1.175800980936745,1.175800980936745,0.0
1.113844473884164,1.113844473884164,0.0
0.6219199626445754,0.6219199626445754,0.0
1.4296664501171452,1.4296664501171452,0.0
1.5267933638656999,1.5267933638656999,0.0
1.4198955590300077,1.4198955590300077,0.0
1.4821452766257743,1.4821452766257743,0.0
1.6544142862362,1.6544142862362,0.0
1.7653768584399636,1.7653768584399636,0.0
1.4488182060140988,1.4488182060140988,0.0
1.366139284991115,1.366139284991115,0.0
0.8480847312752475,0.8480847312752475,0.0
1.239505726839483,1.239505726839483,0.0
0.8612910037146593,0.8612910037146593,0.0
0.38259629925831845,0.38259629925831845,0.0
0.4629235635417937,0.4629235635417937,0.0
1.7122683923331603,1.7122683923331603,0.0
1.3531721853534762,1.3531721853534762,0.0
1.5394652642516748,1.5394652642516748,0.0
0.8071173282563797,0.8071173282563797,0.0
1.5545678080678258,1.5545678080678258,0.0
1.2430301169308624,1.2430301169308624,0.0
1.4453015718956355,1.4453015718956355,0.0
1.5167696558595412,1.5167696558595412,0.0
1.4548055478226747,1.4548055478226747,0.0
1.489141249660751,1.489141249660751,0.0
1.726611135897967,1.726611135897967,0.0
1.37004589635264,1.37004589635264,0.0
1.4824201165907553,1.4824201165907553,0.0
1.1146816091132987,1.1146816091132987,0.0
1.5703279940452246,1.5703279940452246,0.0
0.9949689907097063,0.9949689907097063,0.0
1.133451830100993,1.133451830100993,0.0
0.8075791498699176,0.8075791498699176,0.0
1.6795451006484137,1.6795451006484137,0.0
1.4120609229868875,1.4120609229868875,0.0
1.965091955792591,1.965091955792591,0.0
1.6191692401208408,1.6191692401208408,0.0
1.5672154857333376,1.5672154857333376,0.0
0.03371561467223148,0.03371561467223148,0.0
0.9810896816634681,0.9810896816634681,0.0
1.3131916364286167,1.3131916364286167,0.0
1.6549806765120465,1.6549806765120465,0.0
1.4948863517914546,1.4948863517914546,0.0
1.2630768270255224,1.2630768270255224,0.0
1.5650963973922567,1.5650963973922567,0.0
2.0254654590751007,2.0254654590751007,0.0
1.7380391838541185,1.7380391838541185,0.0
1.7152394967138738,1.7152394967138738,0.0
0.8514235156998589,0.8514235156998589,0.0
1.1376692418765242,1.1376692418765242,0.0
1.3077178602804749,1.3077178602804749,0.0
1.8281033068604309,1.8281033068604309,0.0
1.1100030032521342,1.1100030032521342,0.0
1.3673063604489237,1.3673063604489237,0.0
0.8224825555246866,0.8224825555246866,0.0
1.1613753054150788,1.1613753054150788,0.0
1.4762279292989124,1.4762279292989124,0.0
1.6747278554053513,1.6747278554053513,0.0
1.5783159503300996,1.5783159503300996,0.0
0.8167914546379803,0.8167914546379803,0.0
1.0985314844707823,1.0985314844707823,0.0
1.6165299530315707,1.6165299530315707,0.0
1.32149652461394,1.32149652461394,0.0
1.7441752218748499,1.7441752218748499,0.0
0.9925770165685806,0.9925770165685806,0.0
1.4952910504005714,1.4952910504005714,0.0
1.6650338382986414,1.6650338382986414,0.0
1.4628404186122335,1.4628404186122335,0.0
1.0157900637423503,1.0157900637423503,0.0
1.0816449504238295,1.0816449504238295,0.0
1.3826652965582142,1.3826652965582142,0.0
1.286564557015662,1.286564557015662,0.0
1.4514322988900423,1.4514322988900423,0.0
1.3991669256037902,1.3991669256037902,0.0
0.8893876810706386,0.8893876810706386,0.0
0.7489948586856787,0.7489948586856787,0.0
1.1541884120016948,1.1541884120016948,0.0
1.4849550736458252,1.4849550736458252,0.0
2.1352249590487546,2.1352249590487546,0.0
1.395845079610044,1.395845079610044,0.0
0.584479770980816,0.584479770980816,0.0
1.7686455049772019,1.7686455049772019,0.0
1.1866860998979174,1.1866860998979174,0.0
1.1575500492003552,1.1575500492003552,0.0
1.797117350068401,1.797117350068401,0.0
1.6654109489052296,1.6654109489052296,0.0
0.8812354082292191,0.8812354082292191,0.0
1.2311925634472751,1.2311925634472751,0.0
1.382244975472188,1.382244975472188,0.0
1.3587054984542983,1.3587054984542983,0.0
1.5524511625742698,1.5524511625742698,0.0
1.590250027141842,1.590250027141842,0.0
1.1743854172117856,1.1743854172117856,0.0
1.8942725939404277,1.8942725939404277,0.0
1.9206189665723012,1.9206189665723012,0.0
1.4415470581231362,1.4415470581231362,0.0
0.6298852059210819,0.6298852059210819,0.0
1.052328347583748,1.052328347583748,0.0
1.132565287463841,1.132565287463841,0.0
1.478230122398772,1.478230122398772,0.0
1.6286518500842306,1.6286518500842306,0.0
1.5155328584272143,1.5155328584272143,0.0
1.4464260451929176,1.4464260451929176,0.0
1.7787973480747405,1.7787973480747405,0.0
0.9397530218332587,0.9397530218332587,0.0
1.8175755487771557,1.8175755487771557,0.0
1.165638852324313,1.165638852324313,0.0
1.1565572555781303,1.1565572555781303,0.0
1.2386565189717529,1.2386565189717529,0.0
1.8913682927026036,1.8913682927026036,0.0
1.4215971285252542,1.4215971285252542,0.0
1.6655364424137546,1.6655364424137546,0.0
1.7873562053649217,1.7873562053649217,0.0
0.9009898887972131,0.9009898887972131,0.0
1.0437669270935024,1.0437669270935024,0.0
0.7991053280471128,0.7991053280471128,0.0
1.4856873153766823,1.4856873153766823,0.0
1.0009993540720565,1.0009993540720565,0.0
1.8179080106199401,1.8179080106199401,0.0
0.9305721860236572,0.9305721860236572,0.0
1.3956224119833291,1.3956224119833291,0.0
1.8363796888910764,1.8363796888910764,0.0
1.5639384429220269,1.5639384429220269,0.0
0.5759586804688251,0.5759586804688251,0.0
1.3931553302656088,1.3931553302656088,0.0
1.0534200891726417,1.0534200891726417,0.0
1.6759787268629895,1.6759787268629895,0.0
1.4220776206332575,1.4220776206332575,0.0
1.530274749553931,1.530274749553931,0.0
1.1825622250099734,1.1825622250099734,0.0
0.6668103668911227,0.6668103668911227,0.0
1.1559796089291658,1.1559796089291658,0.0
1.5072012769161536,1.5072012769161536,0.0
0.8349903978555222,0.8349903978555222,0.0
1.345907481322918,1.345907481322918,0.0
1.2766247380514515,1.2766247380514515,0.0
1.8936073843325314,1.8936073843325314,0.0
1.9187626424251216,1.9187626424251216,0.0
1.6886102022954006,1.6886102022954006,0.0
1.0358187522983644,1.0358187522983644,0.0
0.8103105974086229,0.8103105974086229,0.0
1.1801109363501883,1.1801109363501883,0.0
1.5722184033842654,1.5722184033842654,0.0
1.0291447768006892,1.0291447768006892,0.0
1.7811863926857279,1.7811863926857279,0.0
1.7886905840395684,1.7886905840395684,0.0
1.4318885809231074,1.4318885809231074,0.0
1.7152278382950583,1.7152278382950583,0.0
1.3825511835384268,1.3825511835384268,0.0
1.5338236753064525,1.5338236753064525,0.0
1.1429046916406953,1.1429046916406953,0.0
1.8268090385166158,1.8268090385166158,0.0
1.240388987755164,1.240388987755164,0.0
1.4017488110450107,1.4017488110450107,0.0
1.9326791389602425,1.9326791389602425,0.0
1.405038476166382,1.405038476166382,0.0
1.0030467993199907,1.0030467993199907,0.0
1.7125920641091583,1.7125920641091583,0.0
1.0253199046413313,1.0253199046413313,0.0
0.945530176373121,0.945530176373121,0.0
1.7852778452355205,1.7852778452355205,0.0
1.571659452411129,1.571659452411129,0.0
1.4795154672624307,1.4795154672624307,0.0
1.706502575229307,1.706502575229307,0.0
0.0658591345196574,0.0658591345196574,0.0
1.468716339529816,1.468716339529816,0.0
1.5147841905893975,1.5147841905893975,0.0
1.8323303922765737,1.8323303922765737,0.0
1.5024079889871875,1.5024079889871875,0.0
1.047481314993763,1.047481314993763,0.0
1.3947808721050956,1.3947808721050956,0.0
1.7268682482227584,1.7268682482227584,0.0
1.8213774274000374,1.8213774274000374,0.0
1.4395810663736601,1.4395810663736601,0.0
1.3691611730682791,1.3691611730682791,0.0
1.424424912164246,1.424424912164246,0.0
1.6052549953620499,1.6052549953620499,0.0
1.3227757461135499,1.3227757461135499,0.0
1.491743850062083,1.491743850062083,0.0
1.1826960158034612,1.1826960158034612,0.0
1.4880556821145214,1.4880556821145214,0.0
1.6911132419417967,1.6911132419417967,0.0
0.9102655584275965,0.9102655584275965,0.0
1.3827271677917905,1.3827271677917905,0.0
1.4399465000625233,1.4399465000625233,0.0
1.1076066892452772,1.1076066892452772,0.0
0.6902154035013469,0.6902154035013469,0.0
1.330415670703259,1.330415670703259,0.0
1.7510653438762473,1.7510653438762473,0.0
1.738464218737926,1.738464218737926,0.0
1.0614935872791775,1.0614935872791775,0.0
2.1926682900191645,2.1926682900191645,0.0
1.2597877522484515,1.2597877522484515,0.0
1.4049793142727967,1.4049793142727967,0.0
0.7426433793101734,0.7426433793101734,0.0
1.4220872363901937,1.4220872363901937,0.0
0.6296863390765934,0.6296863390765934,0.0
1.258955293013643,1.258955293013643,0.0
1.5502986010180229,1.5502986010180229,0.0
1.528644133152862,1.528644133152862,0.0
1.6862522333077505,1.6862522333077505,0.0
0.6079311462015563,0.6079311462015563,0.0
1.2360629737805557,1.2360629737805557,0.0
1.419817122793201,1.419817122793201,0.0
1.9348947659364875,1.9348947659364875,0.0
1.8104986626824087,1.8104986626824087,0.0
1.570937513907229,1.570937513907229,0.0
1.3785092982795981,1.3785092982795981,0.0
0.8103979140808476,0.8103979140808476,0.0
1.7525384921491332,1.7525384921491332,0.0
1.6426476062403854,1.6426476062403854,0.0
1.2972095157848809,1.2972095157848809,0.0
1.1566058833329396,1.1566058833329396,0.0
1.0368963415559072,1.0368963415559072,0.0
0.5494064335544847,0.5494064335544847,0.0
1.1657803589518345,1.1657803589518345,0.0
0.803270335306481,0.803270335306481,0.0
2.1903235584300087,2.1903235584300087,0.0
1.505845353878666,1.505845353878666,0.0
1.3364504084277469,1.3364504084277469,0.0
1.508628698297237,1.508628698297237,0.0
0.9361576851286214,0.9361576851286214,0.0
1.2987305216447822,1.2987305216447822,0.0
1.2364426470813163,1.2364426470813163,0.0
1.6222122822486946,1.6222122822486946,0.0
0.6121239696777764,0.6121239696777764,0.0
0.9971071585908577,0.9971071585908577,0.0
1.3754486621943927,1.3754486621943927,0.0
1.2170341284225674,1.2170341284225674,0.0
2.85050168940722,2.85050168940722,0.0
1.3265520391939303,1.3265520391939303,0.0
1.4663530814713142,1.4663530814713142,0.0
1.706469642185117,1.706469642185117,0.0
1.3025421951156595,1.3025421951156595,0.0
0.0321997989589957,0.0321997989589957,0.0
1.2632890881914822,1.2632890881914822,0.0
1.2143847567172628,1.2143847567172628,0.0
0.6324336719124343,0.6324336719124343,0.0
1.0631540080663033,1.0631540080663033,0.0
1.5151205303093855,1.5151205303093855,0.0
0.9507469454766585,0.9507469454766585,0.0
1.4910550624455983,1.4910550624455983,0.0
1.0656991933145432,1.0656991933145432,0.0
1.1986480181625967,1.1986480181625967,0.0
1.6894602600261044,1.6894602600261044,0.0
1.8284410985144117,1.8284410985144117,0.0
0.6413387472940802,0.6413387472940802,0.0
1.6069273428093158,1.6069273428093158,0.0
1.8308541822468904,1.8308541822468904,0.0
1.2470371858560063,1.2470371858560063,0.0
1.5819198910021393,1.5819198910021393,0.0
1.55996239992424,1.55996239992424,0.0
1.5669243737781033,1.5669243737781033,0.0
1.7895147070068036,1.7895147070068036,0.0
1.3104757424402187,1.3104757424402187,0.0
1.9141530513736766,1.9141530513736766,0.0
1.4683434870475263,1.4683434870475263,0.0
0.7975040063009234,0.7975040063009234,0.0
1.7007449981439606,1.7007449981439606,0.0
1.4851002059809721,1.4851002059809721,0.0
1.7389170920080936,1.7389170920080936,0.0
1.0141231690596983,1.0141231690596983,0.0
0.8527550214297887,0.8527550214297887,0.0
1.4324647494756497,1.4324647494756497,0.0
1.5455461523591105,1.5455461523591105,0.0
1.989838322960814,1.989838322960814,0.0
2.128748178306089,2.128748178306089,0.0
1.4903452718467096,1.4903452718467096,0.0
1.442118622084502,1.442118622084502,0.0
0.7356306629149071,0.7356306629149071,0.0
1.7747884058447967,1.7747884058447967,0.0
1.6610292720323552,1.6610292720323552,0.0
1.9064845986360215,1.9064845986360215,0.0
1.5645686918145996,1.5645686918145996,0.0
1.4048550131805644,1.4048550131805644,0.0
1.825414408897644,1.825414408897644,0.0
1.8098845879860672,1.8098845879860672,0.0
1.4787309956788715,1.4787309956788715,0.0
0.7043355582275991,0.7043355582275991,0.0
1.3994231060788391,1.3994231060788391,0.0
1.4326351253436334,1.4326351253436334,0.0
1.3235658609008127,1.3235658609008127,0.0
1.3985561887131583,1.3985561887131583,0.0
0.9815455358765799,0.9815455358765799,0.0
0.7517089150565486,0.7517089150565486,0.0
1.5870974070388855,1.5870974070388855,0.0
1.549249131633345,1.549249131633345,0.0
0.7933980636424377,0.7933980636424377,0.0
1.3535895817055439,1.3535895817055439,0.0
0.6279629047087107,0.6279629047087107,0.0
1.5642580293923292,1.5642580293923292,0.0
1.32779947310697,1.32779947310697,0.0
0.8537709792616679,0.8537709792616679,0.0
1.5490985545816003,1.5490985545816003,0.0
1.052434968929627,1.052434968929627,0.0
1.409270899285945,1.409270899285945,0.0
1.4359492436848924,1.4359492436848924,0.0
1.481775498361625,1.481775498361625,0.0
1.754220866689619,1.754220866689619,0.0
0.92848032701804,0.92848032701804,0.0
0.8155708958108125,0.8155708958108125,0.0
0.028713059665367864,0.028713059665367864,0.0
1.495988685079955,1.495988685079955,0.0
1.7907209652268667,1.7907209652268667,0.0
1.5494335275559372,1.5494335275559372,0.0
1.4484950386156947,1.4484950386156947,0.0
1.1906777429903916,1.1906777429903916,0.0
1.8784668165565916,1.8784668165565916,0.0
0.9378426429349083,0.9378426429349083,0.0
1.7744321768576068,1.7744321768576068,0.0
1.380445159800665,1.380445159800665,0.0
1.6945076566562207,1.6945076566562207,0.0
1.7209404025642234,1.7209404025642234,0.0
1.7227068054468127,1.7227068054468127,0.0
1.2716592907406499,1.2716592907406499,0.0
1.0943718993514537,1.0943718993514537,0.0
1.5680421477946092,1.5680421477946092,0.0
1.8973715403828117,1.8973715403828117,0.0
1.624444927463395,1.624444927463395,0.0
1.4233155317177846,1.4233155317177846,0.0
1.5160388837447158,1.5160388837447158,0.0
1.4006937464942977,1.4006937464942977,0.0
1.78651407186062,1.78651407186062,0.0
1.391586489378287,1.391586489378287,0.0
0.8709830139668706,0.8709830139668706,0.0
1.4337101782635324,1.4337101782635324,0.0
0.9782783658623713,0.9782783658623713,0.0
1.0013032655670133,1.0013032655670133,0.0
1.9526684536331733,1.9526684536331733,0.0
2.0419197457006755,2.0419197457006755,0.0
0.8116503224394093,0.8116503224394093,0.0
1.3222042551002793,1.3222042551002793,0.0
1.2369972208360978,1.2369972208360978,0.0
1.4883473695722136,1.4883473695722136,0.0
1.2123737178452123,1.2123737178452123,0.0
1.4060365606804042,1.4060365606804042,0.0
0.9500062182278762,0.9500062182278762,0.0
2.23662709031451,2.23662709031451,0.0
1.4604036552785138,1.4604036552785138,0.0
1.1544457690679784,1.1544457690679784,0.0
1.4080795141822637,1.4080795141822637,0.0
1.4369096997909097,1.4369096997909097,0.0
1.0393968692398587,1.0393968692398587,0.0
1.7702965990807316,1.7702965990807316,0.0
1.2074324955369486,1.2074324955369486,0.0
1.7413822332255353,1.7413822332255353,0.0
1.7161263024644764,1.7161263024644764,0.0
1.2974021069912856,1.2974021069912856,0.0
0.40001499920663003,0.40001499920663003,0.0
0.9119811232785595,0.9119811232785595,0.0
2.1331876506743797,2.1331876506743797,0.0
0.6215636225678552,0.6215636225678552,0.0
1.600416710427028,1.600416710427028,0.0
1.3779433352168913,1.3779433352168913,0.0
1.3688318478765729,1.3688318478765729,0.0
1.2879651626101574,1.2879651626101574,0.0
1.487099051529474,1.487099051529474,0.0
1.3173206864716571,1.3173206864716571,0.0
0.8334332178032425,0.8334332178032425,0.0
2.0656130215136685,2.0656130215136685,0.0
1.3356815630170913,1.3356815630170913,0.0
1.5066396162185012,1.5066396162185012,0.0
1.3822362333011549,1.3822362333011549,0.0
1.4055863486647617,1.4055863486647617,0.0
1.5315201248606969,1.5315201248606969,0.0
1.4449284116606496,1.4449284116606496,0.0
1.379939457828832,1.379939457828832,0.0
1.3212704088585723,1.3212704088585723,0.0
1.2873401359073344,1.2873401359073344,0.0
1.6440010978831694,1.6440010978831694,0.0
0.8665897227523818,0.8665897227523818,0.0
1.5714171104186443,1.5714171104186443,0.0
1.7477763460570526,1.7477763460570526,0.0
1.5749052914573398,1.5749052914573398,0.0
0.7580825756907841,0.7580825756907841,0.0
1.7712598761202227,1.7712598761202227,0.0
1.5564279225679127,1.5564279225679127,0.0
1.4888085853558055,1.4888085853558055,0.0
1.7861395940965168,1.7861395940965168,0.0
1.8237567260379381,1.8237567260379381,0.0
1.2414086296444977,1.2414086296444977,0.0
1.3829820832564157,1.3829820832564157,0.0
0.4062080738655651,0.4062080738655651,0.0
0.9730306465794317,0.9730306465794317,0.0
1.7203076412886518,1.7203076412886518,0.0
1.219111694224271,1.219111694224271,0.0
1.0958024918813205,1.0958024918813205,0.0
1.3510923692894545,1.3510923692894545,0.0
1.6167151540306959,1.6167151540306959,0.0
1.7540231422986297,1.7540231422986297,0.0
1.548553328169409,1.548553328169409,0.0
0.9962303736770637,0.9962303736770637,0.0
1.791543795663738,1.791543795663738,0.0
1.0184418485500533,1.0184418485500533,0.0
1.4638299044503735,1.4638299044503735,0.0
1.3114587747314739,1.3114587747314739,0.0
1.289498705449312,1.289498705449312,0.0
1.320583551370779,1.320583551370779,0.0
1.557214869077248,1.557214869077248,0.0
1.785106200944872,1.785106200944872,0.0
0.7266445265564694,0.7266445265564694,0.0
0.6847801574268372,0.6847801574268372,0.0
1.471408527683548,1.471408527683548,0.0
1.2938825739384812,1.2938825739384812,0.0
0.6604890131431017,0.6604890131431017,0.0
1.4333707289482651,1.4333707289482651,0.0
1.3232702763695294,1.3232702763695294,0.0
1.1112699795830963,1.1112699795830963,0.0
1.66700744466682,1.66700744466682,0.0
1.2451539761065686,1.2451539761065686,0.0
1.7202045946088385,1.7202045946088385,0.0
1.6365930391548011,1.6365930391548011,0.0
1.3747795801673488,1.3747795801673488,0.0
1.3433680795460616,1.3433680795460616,0.0
1.0334521229954254,1.0334521229954254,0.0
2.057507070064577,2.057507070064577,0.0
1.5343947710627526,1.5343947710627526,0.0
0.6179232179061861,0.6179232179061861,0.0
1.2154843336138257,1.2154843336138257,0.0
0.7712598075348192,0.7712598075348192,0.0
1.2058240992090614,1.2058240992090614,0.0
1.6851987468875087,1.6851987468875087,0.0
1.3867628838111632,1.3867628838111632,0.0
1.6093754375582974,1.6093754375582974,0.0
1.1422849806281197,1.1422849806281197,0.0
0.6344489069474892,0.6344489069474892,0.0
1.4872754753141881,1.4872754753141881,0.0
0.7627433947831418,0.7627433947831418,0.0
2.1715454295161085,2.1715454295161085,0.0
0.47211194310287086,0.47211194310287086,0.0
1.1761139333770296,1.1761139333770296,0.0
1.4740171403075377,1.4740171403075377,0.0
1.572225835471554,1.572225835471554,0.0
1.6188635831131832,1.6188635831131832,0.0
1.5487928917228362,1.5487928917228362,0.0
1.4257398303285278,1.4257398303285278,0.0
1.9108990344936878,1.9108990344936878,0.0
1.4691365706910935,1.4691365706910935,0.0
1.059636603036912,1.059636603036912,0.0
1.999815351306072,1.999815351306072,0.0
1.4778959974243924,1.4778959974243924,0.0
1.4903763413614426,1.4903763413614426,0.0
1.1167199513560144,1.1167199513560144,0.0
0.6367958776627949,0.6367958776627949,0.0
0.733914111680337,0.733914111680337,0.0
1.5775478253377753,1.5775478253377753,0.0
1.2737483097258124,1.2737483097258124,0.0
0.8768379568240965,0.8768379568240965,0.0
1.226262287044394,1.226262287044394,0.0
1.1333496980868254,1.1333496980868254,0.0
1.5960350978222873,1.5960350978222873,0.0
1.355602804154983,1.355602804154983,0.0
1.5960071366928061,1.5960071366928061,0.0
1.5381666823801554,1.5381666823801554,0.0
0.15340093860484302,0.15340093860484302,0.0
1.1613063952107896,1.1613063952107896,0.0
0.6431577860343872,0.6431577860343872,0.0
1.4772999098050779,1.4772999098050779,0.0
1.6742310891395074,1.6742310891395074,0.0
0.9811966947564368,0.9811966947564368,0.0
1.2016855968253324,1.2016855968253324,0.0
1.3868336573481823,1.3868336573481823,0.0
1.0647619522950278,1.0647619522950278,0.0
1.2480538729795492,1.2480538729795492,0.0
1.9672130321370263,1.9672130321370263,0.0
1.0226910046047613,1.0226910046047613,0.0
1.4896543939792664,1.4896543939792664,0.0
1.2690252070071066,1.2690252070071066,0.0
1.4271176017665332,1.4271176017665332,0.0
1.3433773260765833,1.3433773260765833,0.0
1.4226132021261555,1.4226132021261555,0.0
1.935384775456319,1.935384775456319,0.0
0.9084631260005687,0.9084631260005687,0.0
0.9228981183247219,0.9228981183247219,0.0
1.5781664127724182,1.5781664127724182,0.0
0.6155786478555876,0.6155786478555876,0.0
1.6749221222163588,1.6749221222163588,0.0
1.8742320261340204,1.8742320261340204,0.0
1.6013119291402713,1.6013119291402713,0.0
1.7992525540222835,1.7992525540222835,0.0
1.672633090856625,1.672633090856625,0.0
1.4627941570243075,1.4627941570243075,0.0
1.3966250457973577,1.3966250457973577,0.0
0.29593250406226446,0.29593250406226446,0.0
1.824897649053717,1.824897649053717,0.0
1.664204748830524,1.664204748830524,0.0
1.5830044848378295,1.5830044848378295,0.0
1.2877055089402627,1.2877055089402627,0.0
1.7370350248760988,1.7370350248760988,0.0
1.3584461838331712,1.3584461838331712,0.0
1.527315524562641,1.527315524562641,0.0
1.7185728894681276,1.7185728894681276,0.0
1.7341365386828174,1.7341365386828174,0.0
2.061921694878914,2.061921694878914,0.0
1.1630243187718103,1.1630243187718103,0.0
1.2651046839254987,1.2651046839254987,0.0
1.3776628121469452,1.3776628121469452,0.0
1.4824240652909162,1.4824240652909162,0.0
1.2641689939212797,1.2641689939212797,0.0
1.4526286476694037,1.4526286476694037,0.0
1.9478066271289463,1.9478066271289463,0.0
1.5580609941549572,1.5580609941549572,0.0
1.7381766970388448,1.7381766970388448,0.0
1.4989535062563426,1.4989535062563426,0.0
1.2541242725644564,1.2541242725644564,0.0
1.9700579639150284,1.9700579639150284,0.0
1.1591028857104293,1.1591028857104293,0.0
1.4307242967316656,1.4307242967316656,0.0
1.4140268539277432,1.4140268539277432,0.0
1.031383784586979,1.031383784586979,0.0
1.1217478468749023,1.1217478468749023,0.0
2.1593333630527667,2.1593333630527667,0.0
1.489686658705767,1.489686658705767,0.0
0.8082194064382117,0.8082194064382117,0.0
0.816957752510386,0.816957752510386,0.0
1.1229330123294181,1.1229330123294181,0.0
0.7497312838507388,0.7497312838507388,0.0
1.7045337306104484,1.7045337306104484,0.0
1.5658723293726564,1.5658723293726564,0.0
1.5012575498621816,1.5012575498621816,0.0
0.8870862319204893,0.8870862319204893,0.0
1.8427781922909645,1.8427781922909645,0.0
1.5711398377045742,1.5711398377045742,0.0
0.7881725811998772,0.7881725811998772,0.0
1.276252969690011,1.276252969690011,0.0
1.4522529145919758,1.4522529145919758,0.0
1.6749896452985136,1.6749896452985136,0.0
0.8757542152854878,0.8757542152854878,0.0
1.2122417646441075,1.2122417646441075,0.0
1.3994667074154314,1.3994667074154314,0.0
0.8320797619397817,0.8320797619397817,0.0
1.6903834169966292,1.6903834169966292,0.0
1.8563876200870468,1.8563876200870468,0.0
1.2599237351767987,1.2599237351767987,0.0
1.227464281951994,1.227464281951994,0.0
0.8556496716406787,0.8556496716406787,0.0
1.0803874091375971,1.0803874091375971,0.0
1.42650172404351,1.42650172404351,0.0
1.572078768320649,1.572078768320649,0.0
1.415908898106613,1.415908898106613,0.0
1.6702792616070214,1.6702792616070214,0.0
1.0841014938216635,1.0841014938216635,0.0
1.8568897032339162,1.8568897032339162,0.0
1.0122361200828789,1.0122361200828789,0.0
1.687085980526891,1.687085980526891,0.0
1.481008487042051,1.481008487042051,0.0
1.5687219032089732,1.5687219032089732,0.0
0.6871361919768634,0.6871361919768634,0.0
1.6596216554554077,1.6596216554554077,0.0
1.884983392886317,1.884983392886317,0.0
1.506975217340011,1.506975217340011,0.0
1.6765520773190032,1.6765520773190032,0.0
1.4677556678581989,1.4677556678581989,0.0
0.9350357603725906,0.9350357603725906,0.0
1.5702417837116596,1.5702417837116596,0.0
1.168980481507968,1.168980481507968,0.0
1.8222887019551999,1.8222887019551999,0.0
0.5377363310076233,0.5377363310076233,0.0
1.6253539413089189,1.6253539413089189,0.0
1.4697873940107022,1.4697873940107022,0.0
1.1547313496987313,1.1547313496987313,0.0
1.1196833482598083,1.1196833482598083,0.0
1.3415499149976176,1.3415499149976176,0.0
1.1700060835252226,1.1700060835252226,0.0
1.5631611032340869,1.5631611032340869,0.0
1.5865972024042019,1.5865972024042019,0.0
0.4991187976437384,0.4991187976437384,0.0
1.4239130442487589,1.4239130442487589,0.0
0.9799819409447629,0.9799819409447629,0.0
1.366145134569046,1.366145134569046,0.0
1.9223756556858105,1.9223756556858105,0.0
0.9861759776777127,0.9861759776777127,0.0
2.0680117095901824,2.0680117095901824,0.0
1.1815355507873797,1.1815355507873797,0.0
1.6156200609772293,1.6156200609772293,0.0
0.8023767640855155,0.8023767640855155,0.0
2.210098770005107,2.210098770005107,0.0
1.0453362657217955,1.0453362657217955,0.0
2.04681278422509,2.04681278422509,0.0
1.7072801095961825,1.7072801095961825,0.0
1.698253338544178,1.698253338544178,0.0
1.5258521385124724,1.5258521385124724,0.0
1.312310360241683,1.312310360241683,0.0
1.3171682272778322,1.3171682272778322,0.0
1.2915890842856377,1.2915890842856377,0.0
1.2149879714391927,1.2149879714391927,0.0
1.4495912651878933,1.4495912651878933,0.0
1.4710356523110826,1.4710356523110826,0.0
1.7827377832162719,1.7827377832162719,0.0
1.281506233637172,1.281506233637172,0.0
1.2926950131941835,1.2926950131941835,0.0
1.1050070335050541,1.1050070335050541,0.0
1.2909580313735083,1.2909580313735083,0.0
1.3113563442948293,1.3113563442948293,0.0
1.5730365937880526,1.5730365937880526,0.0
1.3863738797418224,1.3863738797418224,0.0
1.4308258186952032,1.4308258186952032,0.0
0.9550599942529402,0.9550599942529402,0.0
1.2850025365095854,1.2850025365095854,0.0
1.7011913999382913,1.7011913999382913,0.0
1.4257040745956562,1.4257040745956562,0.0
1.6679341237221248,1.6679341237221248,0.0
1.389712330879323,1.389712330879323,0.0
1.264928276924984,1.264928276924984,0.0
0.7757480416336676,0.7757480416336676,0.0
1.5193107221052096,1.5193107221052096,0.0
0.7199911118322602,0.7199911118322602,0.0
1.3138399665126197,1.3138399665126197,0.0
1.4367985583715026,1.4367985583715026,0.0
0.9925194747331316,0.9925194747331316,0.0
1.9086008558735725,1.9086008558735725,0.0
1.970297647667555,1.970297647667555,0.0
1.0150337306991406,1.0150337306991406,0.0
1.347462168044401,1.347462168044401,0.0
1.7715068251978263,1.7715068251978263,0.0
1.1125117405562086,1.1125117405562086,0.0
1.6599267877014963,1.6599267877014963,0.0
0.8352640835236803,0.8352640835236803,0.0
1.2252077460853383,1.2252077460853383,0.0
1.2953606555731847,1.2953606555731847,0.0
1.0494313139725049,1.0494313139725049,0.0
1.4468730090758142,1.4468730090758142,0.0
1.2244904073620875,1.2244904073620875,0.0
1.4656571127970897,1.4656571127970897,0.0
1.7276762203645906,1.7276762203645906,0.0
1.4564460135014499,1.4564460135014499,0.0
1.2120004324930889,1.2120004324930889,0.0
1.4254737810070313,1.4254737810070313,0.0
1.6514343509333311,1.6514343509333311,0.0
1.608052575220342,1.608052575220342,0.0
1.1749764983765825,1.1749764983765825,0.0
1.4973853806131598,1.4973853806131598,0.0
0.6281587504884858,0.6281587504884858,0.0
0.9154782300096924,0.9154782300096924,0.0
1.9305251795288487,1.9305251795288487,0.0
1.3746344064068399,1.3746344064068399,0.0
1.0089540910875499,1.0089540910875499,0.0
1.3117141920786988,1.3117141920786988,0.0
0.9750830092849165,0.9750830092849165,0.0
1.3399764410782136,1.3399764410782136,0.0
1.6250145918316214,1.6250145918316214,0.0
1.5577945117631524,1.5577945117631524,0.0
1.6406746114402553,1.6406746114402553,0.0
1.623469848696838,1.623469848696838,0.0
1.3401371881655255,1.3401371881655255,0.0
1.7125057830462154,1.7125057830462154,0.0
1.5553788081371571,1.5553788081371571,0.0
1.3236009664114705,1.3236009664114705,0.0
0.5256097048987747,0.5256097048987747,0.0
1.5368076208552137,1.5368076208552137,0.0
0.5731409832671004,0.5731409832671004,0.0
1.4548443065087127,1.4548443065087127,0.0
1.8254770608861421,1.8254770608861421,0.0
1.0687484362379047,1.0687484362379047,0.0
2.153656103894182,2.153656103894182,0.0
1.1147269959961401,1.1147269959961401,0.0
1.5331686547611596,1.5331686547611596,0.0
1.5200717213178523,1.5200717213178523,0.0
1.9145277212560456,1.9145277212560456,0.0
1.347847764439254,1.347847764439254,0.0
1.5393047803496287,1.5393047803496287,0.0
1.1646349553098936,1.1646349553098936,0.0
1.5399659283883038,1.5399659283883038,0.0
1.6112618376042844,1.6112618376042844,0.0
0.47495349004658344,0.47495349004658344,0.0
1.6877388207822233,1.6877388207822233,0.0
1.6232140278554874,1.6232140278554874,0.0
1.1163658406010206,1.1163658406010206,0.0
1.6492664366964476,1.6492664366964476,0.0
2.2416325928459364,2.2416325928459364,0.0
0.7483315397563363,0.7483315397563363,0.0
1.693134191954853,1.693134191954853,0.0
1.821241525721945,1.821241525721945,0.0
1.0323578942930014,1.0323578942930014,0.0
2.0631795445620864,2.0631795445620864,0.0
1.5813233235142141,1.5813233235142141,0.0
1.752971356956302,1.752971356956302,0.0
1.7274394587351187,1.7274394587351187,0.0
1.6804992461512995,1.6804992461512995,0.0
1.8597877956222875,1.8597877956222875,0.0
1.6809606478259504,1.6809606478259504,0.0
0.9998667220536295,0.9998667220536295,0.0
1.5584810882619446,1.5584810882619446,0.0
1.5967277108054179,1.5967277108054179,0.0
0.11529481707936126,0.11529481707936126,0.0
1.3829301742223168,1.3829301742223168,0.0
1.6920332620584422,1.6920332620584422,0.0
1.8019068367435416,1.8019068367435416,0.0
1.397833654865247,1.397833654865247,0.0
1.447732261690766,1.447732261690766,0.0
1.6337529042407972,1.6337529042407972,0.0
1.5106366092397354,1.5106366092397354,0.0
1.3443793788569196,1.3443793788569196,0.0
1.6593995843169205,1.6593995843169205,0.0
0.7281961470167726,0.7281961470167726,0.0
1.8510434658262576,1.8510434658262576,0.0
0.9156159601211581,0.9156159601211581,0.0
1.6576301305611973,1.6576301305611973,0.0
1.170913256103956,1.170913256103956,0.0
1.1581668801381877,1.1581668801381877,0.0
1.1730140662547344,1.1730140662547344,0.0
0.011217090876989286,0.011217090876989286,0.0
1.8104950503110164,1.8104950503110164,0.0
1.5516278520991127,1.5516278520991127,0.0
1.4267290074465668,1.4267290074465668,0.0
1.5748493852125793,1.5748493852125793,0.0
1.620560400020448,1.620560400020448,0.0
1.8561025826925908,1.8561025826925908,0.0
1.076208836735882,1.076208836735882,0.0
1.6090051427568464,1.6090051427568464,0.0
1.5340491306948052,1.5340491306948052,0.0
1.366688930315373,1.366688930315373,0.0
1.6311150924004392,1.6311150924004392,0.0
1.238267847440615,1.238267847440615,0.0
0.9287626014717729,0.9287626014717729,0.0
1.9545758747547988,1.9545758747547988,0.0
0.8337901407380166,0.8337901407380166,0.0
0.13202133096485932,0.13202133096485932,0.0
1.4048590464006814,1.4048590464006814,0.0
1.4175065396667716,1.4175065396667716,0.0
1.0073596251706853,1.0073596251706853,0.0
0.5731799022468308,0.5731799022468308,0.0
1.5046355228276902,1.5046355228276902,0.0
1.3124819591813772,1.3124819591813772,0.0
1.061944785908902,1.061944785908902,0.0
0.8088275561478979,0.8088275561478979,0.0
1.4572658107714125,1.4572658107714125,0.0
1.5880045705669523,1.5880045705669523,0.0
1.0696656565589762,1.0696656565589762,0.0
1.9143918748023323,1.9143918748023323,0.0
1.5194330511597482,1.5194330511597482,0.0
0.8665150391200582,0.8665150391200582,0.0
0.8574570748476731,0.8574570748476731,0.0
1.8517231276618706,1.8517231276618706,0.0
2.1953952950271263,2.1953952950271263,0.0
0.9200821457467082,0.9200821457467082,0.0
0.929221590923956,0.929221590923956,0.0
0.6828611982805055,0.6828611982805055,0.0
1.0974101734829496,1.0974101734829496,0.0
1.385523889402213,1.385523889402213,0.0
1.4856937655925762,1.4856937655925762,0.0
1.938014363561117,1.938014363561117,0.0
1.340139752104364,1.340139752104364,0.0
0.5405153998943751,0.5405153998943751,0.0
0.8442095613934175,0.8442095613934175,0.0
1.7939987504457817,1.7939987504457817,0.0
1.1540991100099234,1.1540991100099234,0.0
1.6949439853028645,1.6949439853028645,0.0
1.6263024875938996,1.6263024875938996,0.0
1.296271047943148,1.296271047943148,0.0
0.8400417787472331,0.8400417787472331,0.0
1.3907676184038618,1.3907676184038618,0.0
0.9601853163671331,0.9601853163671331,0.0
1.9933736191476878,1.9933736191476878,0.0
1.2790603930811242,1.2790603930811242,0.0
1.0895114465360232,1.0895114465360232,0.0
1.9283122410048203,1.9283122410048203,0.0
1.324552174374203,1.324552174374203,0.0
1.4556332948868014,1.4556332948868014,0.0
1.8439415383567221,1.8439415383567221,0.0
0.11163611874731032,0.11163611874731032,0.0
1.2364464778199182,1.2364464778199182,0.0
1.6618068344101422,1.6618068344101422,0.0
1.7325094555454996,1.7325094555454996,0.0
1.7997248121352691,1.7997248121352691,0.0
1.5339090932132131,1.5339090932132131,0.0
1.6131144755705142,1.6131144755705142,0.0
1.4693330515686107,1.4693330515686107,0.0
1.3179111118352231,1.3179111118352231,0.0
1.5387566217007778,1.5387566217007778,0.0
1.7979743530869496,1.7979743530869496,0.0
1.2027619372206804,1.2027619372206804,0.0
1.3835758065987076,1.3835758065987076,0.0
0.6471813501944502,0.6471813501944502,0.0
1.3534704426958306,1.3534704426958306,0.0
1.4133477419999148,1.4133477419999148,0.0
1.0657741604388735,1.0657741604388735,0.0
1.8438605518134958,1.8438605518134958,0.0
0.79440427088672,0.79440427088672,0.0
1.4950767554405178,1.4950767554405178,0.0
1.6111818530943787,1.6111818530943787,0.0
1.6257760317146164,1.6257760317146164,0.0
1.8760836395590494,1.8760836395590494,0.0
0.5465461229644096,0.5465461229644096,0.0
1.4217613458505685,1.4217613458505685,0.0
1.4761283547006117,1.4761283547006117,0.0
0.5483206074307347,0.5483206074307347,0.0
1.5986679473983452,1.5986679473983452,0.0
1.0553643173737022,1.0553643173737022,0.0
1.3877014514708867,1.3877014514708867,0.0
1.5059136760201233,1.5059136760201233,0.0
1.4815802115171048,1.4815802115171048,0.0
1.0498344714869143,1.0498344714869143,0.0
1.807254625886587,1.807254625886587,0.0
1.1494349454650408,1.1494349454650408,0.0
1.5532470182326492,1.5532470182326492,0.0
1.6742395555929313,1.6742395555929313,0.0
1.17784436164015,1.17784436164015,0.0
1.306970234214854,1.306970234214854,0.0
1.525255596229482,1.525255596229482,0.0
1.4837704500201792,1.4837704500201792,0.0
1.5238340637676067,1.5238340637676067,0.0
1.4430031015657547,1.4430031015657547,0.0
1.6961703448457397,1.6961703448457397,0.0
0.9760260783654895,0.9760260783654895,0.0
1.4910564794524235,1.4910564794524235,0.0
2.288731220032552,2.288731220032552,0.0
1.613118986930914,1.613118986930914,0.0
1.8152006614218126,1.8152006614218126,0.0
1.360893675844463,1.360893675844463,0.0
1.2206748887449428,1.2206748887449428,0.0
0.8798006173830124,0.8798006173830124,0.0
1.1857311060768683,1.1857311060768683,0.0
1.3998669358925389,1.3998669358925389,0.0
1.2451539761065686,1.2451539761065686,0.0
1.6536876888836094,1.6536876888836094,0.0
1.6950559895281567,1.6950559895281567,0.0
1.3967059720170318,1.3967059720170318,0.0
1.2785690266312124,1.2785690266312124,0.0
0.8857050391726634,0.8857050391726634,0.0
1.5418691794946435,1.5418691794946435,0.0
1.912846999561711,1.912846999561711,0.0
1.7947201765659746,1.7947201765659746,0.0
1.1777180245135033,1.1777180245135033,0.0
1.9104591172911671,1.9104591172911671,0.0
1.5705520454999935,1.5705520454999935,0.0
1.5803704193920387,1.5803704193920387,0.0
1.5532768729135835,1.5532768729135835,0.0
1.059603592452274,1.059603592452274,0.0
1.458194332279428,1.458194332279428,0.0
1.8199810110220136,1.8199810110220136,0.0
1.3883971269588795,1.3883971269588795,0.0
1.7633181775101014,1.7633181775101014,0.0
1.425761152226146,1.425761152226146,0.0
1.1738082232554539,1.1738082232554539,0.0
1.1436548370501016,1.1436548370501016,0.0
1.3819465311244332,1.3819465311244332,0.0
0.10039127260531142,0.10039127260531142,0.0
1.5876923577826088,1.5876923577826088,0.0
1.3959754926346055,1.3959754926346055,0.0
1.3662875384088051,1.3662875384088051,0.0
1.8681645334152694,1.8681645334152694,0.0
1.5319221208852867,1.5319221208852867,0.0
1.5359236422111546,1.5359236422111546,0.0
1.5353049363414615,1.5353049363414615,0.0
0.8943819686914496,0.8943819686914496,0.0
1.5838584986587303,1.5838584986587303,0.0
1.4195285743704378,1.4195285743704378,0.0
1.4157245204579705,1.4157245204579705,0.0
0.6533287730025255,0.6533287730025255,0.0
1.1758964721925111,1.1758964721925111,0.0
0.9816972077153727,0.9816972077153727,0.0
1.506962829366272,1.506962829366272,0.0
0.8529910991494238,0.8529910991494238,0.0
0.9546027238451003,0.9546027238451003,0.0
0.8038741891393616,0.8038741891393616,0.0
0.30812235813530187,0.30812235813530187,0.0
1.4264736177582387,1.4264736177582387,0.0
1.3277680861383243,1.3277680861383243,0.0
0.6634818897907492,0.6634818897907492,0.0
1.307592486777387,1.307592486777387,0.0
1.6201493939767377,1.6201493939767377,0.0
0.8665658697591077,0.8665658697591077,0.0
1.0434776646190103,1.0434776646190103,0.0
1.6088847291484791,1.6088847291484791,0.0
1.6017884889299239,1.6017884889299239,0.0
0.9106273618293622,0.9106273618293622,0.0
1.70574892623462,1.70574892623462,0.0
0.8794711755351443,0.8794711755351443,0.0
1.2664288957767493,1.2664288957767493,0.0
1.1782108628588224,1.1782108628588224,0.0
1.4574491978513193,1.4574491978513193,0.0
0.8666215729652444,0.8666215729652444,0.0
0.9727408136747089,0.9727408136747089,0.0
1.3767059246516875,1.3767059246516875,0.0
1.4224247604899578,1.4224247604899578,0.0
0.7367177968634189,0.7367177968634189,0.0
1.6087872190711823,1.6087872190711823,0.0
1.370173005595441,1.370173005595441,0.0
1.2289835631521016,1.2289835631521016,0.0
1.9129870087276017,1.9129870087276017,0.0
0.6834793579433791,0.6834793579433791,0.0
1.6547600587741977,1.6547600587741977,0.0
1.1213552303992473,1.1213552303992473,0.0
1.3691246829459514,1.3691246829459514,0.0
1.5048056339336502,1.5048056339336502,0.0
1.7539310827287344,1.7539310827287344,0.0
1.7943691432287694,1.7943691432287694,0.0
1.6377692939493045,1.6377692939493045,0.0
1.9996535608277326,1.9996535608277326,0.0
0.8198876110122932,0.8198876110122932,0.0
0.9384965584552587,0.9384965584552587,0.0
1.1374456089148628,1.1374456089148628,0.0
1.6945235582065004,1.6945235582065004,0.0
1.0564300240381026,1.0564300240381026,0.0
1.5785540823560706,1.5785540823560706,0.0
1.5690132864371766,1.5690132864371766,0.0
0.8378331513623454,0.8378331513623454,0.0
1.7206375253697646,1.7206375253697646,0.0
1.350414673942773,1.350414673942773,0.0
1.5623375730977342,1.5623375730977342,0.0
1.8635127581002953,1.8635127581002953,0.0
1.4040406971398556,1.4040406971398556,0.0
1.5074682524584644,1.5074682524584644,0.0
1.3709332320346488,1.3709332320346488,0.0
1.807638119193851,1.807638119193851,0.0
1.5080724641210514,1.5080724641210514,0.0
1.0643837303723143,1.0643837303723143,0.0
1.4042263949947649,1.4042263949947649,0.0
1.6231663551325435,1.6231663551325435,0.0
1.687774442595807,1.687774442595807,0.0
1.066550787159883,1.066550787159883,0.0
1.0454529161522572,1.0454529161522572,0.0
1.499027213571731,1.499027213571731,0.0
1.1668735231414882,1.1668735231414882,0.0
1.1514483782151534,1.1514483782151534,0.0
1.0919403589649024,1.0919403589649024,0.0
1.7060063482028947,1.7060063482028947,0.0
1.3680523698240268,1.3680523698240268,0.0
1.3771190596764258,1.3771190596764258,0.0
1.2933275140177345,1.2933275140177345,0.0
1.174549308852237,1.174549308852237,0.0
1.5620118154128226,1.5620118154128226,0.0
1.6856749563410691,1.6856749563410691,0.0
1.4305662688922827,1.4305662688922827,0.0
1.0176780255204372,1.0176780255204372,0.0
1.854316587476232,1.854316587476232,0.0
1.2235729850657644,1.2235729850657644,0.0
1.7461094911896873,1.7461094911896873,0.0
1.1841871379301894,1.1841871379301894,0.0
1.8837358846254137,1.8837358846254137,0.0
1.548368228687823,1.548368228687823,0.0
0.9533713673036396,0.9533713673036396,0.0
1.4183153991406865,1.4183153991406865,0.0
2.308782378687853,2.308782378687853,0.0
1.6467219827618278,1.6467219827618278,0.0
0.7888782922812428,0.7888782922812428,0.0
1.3422799260385365,1.3422799260385365,0.0
1.6215723819165584,1.6215723819165584,0.0
1.5189382204160533,1.5189382204160533,0.0
1.5079802755624954,1.5079802755624954,0.0
1.7770991878416809,1.7770991878416809,0.0
1.3714301022626032,1.3714301022626032,0.0
1.595770669132135,1.595770669132135,0.0
1.4146207164804416,1.4146207164804416,0.0
1.179471637391128,1.179471637391128,0.0
1.366573961815057,1.366573961815057,0.0
0.7897748553929151,0.7897748553929151,0.0
1.1321116930215893,1.1321116930215893,0.0
1.2045455161047869,1.2045455161047869,0.0
0.9854690275121365,0.9854690275121365,0.0
0.861341615507702,0.861341615507702,0.0
1.8418472567791777,1.8418472567791777,0.0
1.5093635471735003,1.5093635471735003,0.0
0.8832564433668174,0.8832564433668174,0.0
1.3919303134537708,1.3919303134537708,0.0
0.42546242729441675,0.42546242729441675,0.0
1.210896718980493,1.210896718980493,0.0
1.784326979569357,1.784326979569357,0.0
0.8477873652462753,0.8477873652462753,0.0
1.5325748534010557,1.5325748534010557,0.0
1.3423721362954983,1.3423721362954983,0.0
0.7354844873918426,0.7354844873918426,0.0
0.9495507016141613,0.9495507016141613,0.0
1.2175654441954706,1.2175654441954706,0.0
1.6106075008926801,1.6106075008926801,0.0
1.315663641092566,1.315663641092566,0.0
1.0596227588065665,1.0596227588065665,0.0
1.8678784173058658,1.8678784173058658,0.0
0.9968966974143204,0.9968966974143204,0.0
1.543014720674227,1.543014720674227,0.0
1.3629417996018411,1.3629417996018411,0.0
1.982495194185068,1.982495194185068,0.0
1.2374165936108688,1.2374165936108688,0.0
1.5170718564706254,1.5170718564706254,0.0
1.6084599506802133,1.6084599506802133,0.0
1.2745503845569208,1.2745503845569208,0.0
0.8937907542761794,0.8937907542761794,0.0
1.3852441305858307,1.3852441305858307,0.0
2.182712964564346,2.182712964564346,0.0
1.3774810863580302,1.3774810863580302,0.0
1.196650620931872,1.196650620931872,0.0
2.022192974728775,2.022192974728775,0.0
1.598278752200556,1.598278752200556,0.0
1.8527083801952569,1.8527083801952569,0.0
1.3376730018324847,1.3376730018324847,0.0
1.5177144948004828,1.5177144948004828,0.0
1.2498755854883714,1.2498755854883714,0.0
1.699932122521892,1.699932122521892,0.0
1.4067279156999863,1.4067279156999863,0.0
0.9045928574187001,0.9045928574187001,0.0
0.7961215083412707,0.7961215083412707,0.0
1.8089891134237401,1.8089891134237401,0.0
1.3962813290825864,1.3962813290825864,0.0
1.538194886821043,1.538194886821043,0.0
2.1800657975463253,2.1800657975463253,0.0
0.7933948050818946,0.7933948050818946,0.0
1.7902700434330752,1.7902700434330752,0.0
0.37730782062696405,0.37730782062696405,0.0
1.514411420980244,1.514411420980244,0.0
2.1816437375499307,2.1816437375499307,0.0
0.8948721190120584,0.8948721190120584,0.0
1.6760935737474294,1.6760935737474294,0.0
0.8040152025091944,0.8040152025091944,0.0
0.9708486136094411,0.9708486136094411,0.0
0.3194186243224833,0.3194186243224833,0.0
1.0370079450601497,1.0370079450601497,0.0
1.9692171556064677,1.9692171556064677,0.0
1.4228942899071275,1.4228942899071275,0.0
1.557921805890473,1.557921805890473,0.0
1.336224527434691,1.336224527434691,0.0
1.2585978980716936,1.2585978980716936,0.0
1.4895854553169374,1.4895854553169374,0.0
1.6452239238994981,1.6452239238994981,0.0
1.5074007408278884,1.5074007408278884,0.0
1.8395351430484563,1.8395351430484563,0.0
1.6895567411010024,1.6895567411010024,0.0
0.8395246605921475,0.8395246605921475,0.0
1.121746391329503,1.121746391329503,0.0
1.0761117347525424,1.0761117347525424,0.0
0.35630198284519643,0.35630198284519643,0.0
1.2008895575969885,1.2008895575969885,0.0
0.3406289001228798,0.3406289001228798,0.0
0.9791749083419417,0.9791749083419417,0.0
1.2253573182422695,1.2253573182422695,0.0
0.6935904229614259,0.6935904229614259,0.0
1.4657639627538648,1.4657639627538648,0.0
1.324237676363975,1.324237676363975,0.0
1.5588350896142442,1.5588350896142442,0.0
1.314528689380528,1.314528689380528,0.0
1.9318105373070722,1.9318105373070722,0.0
0.9915312581925989,0.9915312581925989,0.0
1.1515945705447121,1.1515945705447121,0.0
0.7079095790252836,0.7079095790252836,0.0
1.4243880060929734,1.4243880060929734,0.0
1.7144454592935299,1.7144454592935299,0.0
1.2365045033675683,1.2365045033675683,0.0
1.0348936846074315,1.0348936846074315,0.0
1.8356255389654106,1.8356255389654106,0.0
1.275915991401384,1.275915991401384,0.0
2.1420251123048706,2.1420251123048706,0.0
1.46403236625008,1.46403236625008,0.0
0.8824225633895837,0.8824225633895837,0.0
1.7496068699100236,1.7496068699100236,0.0
1.5332045175788065,1.5332045175788065,0.0
1.145822463212866,1.145822463212866,0.0
0.7055610553670885,0.7055610553670885,0.0
1.0955999358381017,1.0955999358381017,0.0
1.1253592612865975,1.1253592612865975,0.0
1.415908898106613,1.415908898106613,0.0
1.1182516797602782,1.1182516797602782,0.0
1.139702478484435,1.139702478484435,0.0
1.4685881052718341,1.4685881052718341,0.0
0.9706364232516852,0.9706364232516852,0.0
1.6852518143085349,1.6852518143085349,0.0
1.4127706072641721,1.4127706072641721,0.0
1.2349026206922078,1.2349026206922078,0.0
1.6470224487676992,1.6470224487676992,0.0
0.7000813559806137,0.7000813559806137,0.0
1.285437650086625,1.285437650086625,0.0
1.5396411718589957,1.5396411718589957,0.0
1.4346864290507928,1.4346864290507928,0.0
1.342921965152157,1.342921965152157,0.0
1.7312341402908604,1.7312341402908604,0.0
1.3380826195035351,1.3380826195035351,0.0
1.2576360033248646,1.2576360033248646,0.0
1.5605127727096133,1.5605127727096133,0.0
0.8120630404092241,0.8120630404092241,0.0
1.1870083804180172,1.1870083804180172,0.0
1.4117864310687502,1.4117864310687502,0.0
1.8308549690021603,1.8308549690021603,0.0
1.5268329897261128,1.5268329897261128,0.0
0.9751197086119933,0.9751197086119933,0.0
1.4802847375171588,1.4802847375171588,0.0
1.5240068296184421,1.5240068296184421,0.0
1.078335682803687,1.078335682803687,0.0
1.4751956893568534,1.4751956893568534,0.0
0.9069784238293689,0.9069784238293689,0.0
2.1782064088008304,2.1782064088008304,0.0
1.099323822258682,1.099323822258682,0.0
1.1961198230952759,1.1961198230952759,0.0
1.387762080595047,1.387762080595047,0.0
1.3517603706033015,1.3517603706033015,0.0
1.8115317735033631,1.8115317735033631,0.0
1.1582912967979988,1.1582912967979988,0.0
1.5081376099368835,1.5081376099368835,0.0
1.7489639746016767,1.7489639746016767,0.0
1.029733024979379,1.029733024979379,0.0
1.7381914213196683,1.7381914213196683,0.0
1.2532907484982145,1.2532907484982145,0.0
1.421060264817567,1.421060264817567,0.0
1.426616704707281,1.426616704707281,0.0
0.8141050866555143,0.8141050866555143,0.0
2.3172526420427815,2.3172526420427815,0.0
1.9512123161944535,1.9512123161944535,0.0
0.8265563144753508,0.8265563144753508,0.0
1.4595429404406028,1.4595429404406028,0.0
1.4378992431679056,1.4378992431679056,0.0
0.9223353618566187,0.9223353618566187,0.0
1.469022321243397,1.469022321243397,0.0
1.2978999231338066,1.2978999231338066,0.0
1.3607461464148194,1.3607461464148194,0.0
1.9505060454158507,1.9505060454158507,0.0
1.248519171068783,1.248519171068783,0.0
1.7295365326444794,1.7295365326444794,0.0
1.806854200339107,1.806854200339107,0.0
2.016160611022322,2.016160611022322,0.0
1.4003510724611872,1.4003510724611872,0.0
1.8265952872357647,1.8265952872357647,0.0
1.7898627193876204,1.7898627193876204,0.0
1.6243328466746838,1.6243328466746838,0.0
1.3237231620138006,1.3237231620138006,0.0
0.9277198125441761,0.9277198125441761,0.0
0.7408042672999192,0.7408042672999192,0.0
1.0797442323523023,1.0797442323523023,0.0
1.2691790346822989,1.2691790346822989,0.0
1.2060287152900862,1.2060287152900862,0.0
0.9221489121131738,0.9221489121131738,0.0
1.17433519326003,1.17433519326003,0.0
1.7556770895013023,1.7556770895013023,0.0
1.636183899106668,1.636183899106668,0.0
1.5543424341036327,1.5543424341036327,0.0
1.1523841982285927,1.1523841982285927,0.0
0.874671969317098,0.874671969317098,0.0
1.3903969877441407,1.3903969877441407,0.0
0.701665847996583,0.701665847996583,0.0
0.728347688725865,0.728347688725865,0.0
1.1520205176314415,1.1520205176314415,0.0
1.1848407776120418,1.1848407776120418,0.0
0.7348178517840428,0.7348178517840428,0.0
1.3093855832222008,1.3093855832222008,0.0
1.4240286200908125,1.4240286200908125,0.0
1.5495792763707583,1.5495792763707583,0.0
1.1838265110993316,1.1838265110993316,0.0
0.7236586334360968,0.7236586334360968,0.0
1.2640417343179629,1.2640417343179629,0.0
1.4820936983632254,1.4820936983632254,0.0
1.7711882898456373,1.7711882898456373,0.0
1.7323530290250095,1.7323530290250095,0.0
1.3607833156304503,1.3607833156304503,0.0
1.567271224447856,1.567271224447856,0.0
1.4000495336803067,1.4000495336803067,0.0
1.1015727834171467,1.1015727834171467,0.0
0.9559632103246554,0.9559632103246554,0.0
1.1706604086711643,1.1706604086711643,0.0
1.3172057774789212,1.3172057774789212,0.0
1.5453370793607768,1.5453370793607768,0.0
0.6443155107098714,0.6443155107098714,0.0
1.6160353683335849,1.6160353683335849,0.0
1.0480519550424525,1.0480519550424525,0.0
1.975792608709063,1.975792608709063,0.0
0.8524906740727309,0.8524906740727309,0.0
1.44515299922456,1.44515299922456,0.0
1.5110428091695964,1.5110428091695964,0.0
1.472594414933224,1.472594414933224,0.0
0.97312189901825,0.97312189901825,0.0
1.421639534065116,1.421639534065116,0.0
1.4040864146222967,1.4040864146222967,0.0
1.5817466122177584,1.5817466122177584,0.0
1.4106201811749888,1.4106201811749888,0.0
1.949103407642055,1.949103407642055,0.0
2.485137440541893,2.485137440541893,0.0
0.9734144087423876,0.9734144087423876,0.0
2.0017129978703787,2.0017129978703787,0.0
1.1091150769014941,1.1091150769014941,0.0
0.7523959789669062,0.7523959789669062,0.0
1.6727479960375071,1.6727479960375071,0.0
1.3850602995400836,1.3850602995400836,0.0
1.9883675463847117,1.9883675463847117,0.0
1.558782260557992,1.558782260557992,0.0
0.8759259100419517,0.8759259100419517,0.0
1.6634059436400634,1.6634059436400634,0.0
1.2654814913909944,1.2654814913909944,0.0
1.1418299242932162,1.1418299242932162,0.0
0.3545119703218229,0.3545119703218229,0.0
1.4794978990833658,1.4794978990833658,0.0
1.514040416465527,1.514040416465527,0.0
1.1683892380709275,1.1683892380709275,0.0
1.4940028574565012,1.4940028574565012,0.0
1.4054567106714502,1.4054567106714502,0.0
2.4130251881408227,2.4130251881408227,0.0
1.8468074029420787,1.8468074029420787,0.0
1.067206770814897,1.067206770814897,0.0
1.1114996054713286,1.1114996054713286,0.0
1.637703176708352,1.637703176708352,0.0
1.5095554838099443,1.5095554838099443,0.0
1.6104945022993504,1.6104945022993504,0.0
0.05516077804691756,0.05516077804691756,0.0
1.0397846027048967,1.0397846027048967,0.0
1.1064290604741405,1.1064290604741405,0.0
1.823034432129166,1.823034432129166,0.0
1.4297693884802125,1.4297693884802125,0.0
1.396261658046744,1.396261658046744,0.0
1.7169986679909661,1.7169986679909661,0.0
1.1016331398407118,1.1016331398407118,0.0
1.678046549278438,1.678046549278438,0.0
1.130543955154361,1.130543955154361,0.0
1.4287888429539803,1.4287888429539803,0.0
1.6819983270280303,1.6819983270280303,0.0
1.187235086179713,1.187235086179713,0.0
1.478733303050422,1.478733303050422,0.0
1.2133215190871691,1.2133215190871691,0.0
1.1881381001877709,1.1881381001877709,0.0
1.7577562970296157,1.7577562970296157,0.0
1.7830453392834873,1.7830453392834873,0.0
1.8554896877441038,1.8554896877441038,0.0
1.128670408505285,1.128670408505285,0.0
0.6670900217689331,0.6670900217689331,0.0
1.379932029503046,1.379932029503046,0.0
1.47252589772249,1.47252589772249,0.0
1.0757877541407221,1.0757877541407221,0.0
1.823523756358507,1.823523756358507,0.0
1.4273125755160507,1.4273125755160507,0.0
1.3116104090271663,1.3116104090271663,0.0
1.5610748559320564,1.5610748559320564,0.0
1.1918390034123383,1.1918390034123383,0.0
1.231006283887101,1.231006283887101,0.0
1.3659718634044264,1.3659718634044264,0.0
1.7559526970201784,1.7559526970201784,0.0
1.51843812764517,1.51843812764517,0.0
1.3991248680400923,1.3991248680400923,0.0
2.5916665678576516,2.5916665678576516,0.0
0.8061117202544097,0.8061117202544097,0.0
0.7168586174795579,0.7168586174795579,0.0
1.7498451630746912,1.7498451630746912,0.0
0.9802306517693714,0.9802306517693714,0.0
1.7308161412102032,1.7308161412102032,0.0
0.9518456174245595,0.9518456174245595,0.0
1.952881002777141,1.952881002777141,0.0
1.668734465705315,1.668734465705315,0.0
1.7208552517658513,1.7208552517658513,0.0
1.3802605141299316,1.3802605141299316,0.0
1.2845789187369607,1.2845789187369607,0.0
1.3360597159167296,1.3360597159167296,0.0
1.5081823990935654,1.5081823990935654,0.0
1.3861568093451613,1.3861568093451613,0.0
2.009907854442855,2.009907854442855,0.0
1.3188311837596591,1.3188311837596591,0.0
1.6292877484699193,1.6292877484699193,0.0
1.2400192515917396,1.2400192515917396,0.0
1.4693634259261557,1.4693634259261557,0.0
0.9696464761745667,0.9696464761745667,0.0
1.30204200256215,1.30204200256215,0.0
1.4878312225898622,1.4878312225898622,0.0
1.3361486451187903,1.3361486451187903,0.0
1.6567875005208414,1.6567875005208414,0.0
1.6176709039116381,1.6176709039116381,0.0
1.5849986453128309,1.5849986453128309,0.0
1.9222945707322956,1.9222945707322956,0.0
1.4117279955160231,1.4117279955160231,0.0
1.6611273212032172,1.6611273212032172,0.0
1.0899646161834957,1.0899646161834957,0.0
1.2786438440774122,1.2786438440774122,0.0
1.6086391070115242,1.6086391070115242,0.0
1.16547774063949,1.16547774063949,0.0
1.4685005374198956,1.4685005374198956,0.0
0.802883270420898,0.802883270420898,0.0
1.3184767629016165,1.3184767629016165,0.0
0.46012879986499494,0.46012879986499494,0.0
1.041490322449021,1.041490322449021,0.0
1.4531462338578054,1.4531462338578054,0.0
1.5736346996085249,1.5736346996085249,0.0
1.4265679461107108,1.4265679461107108,0.0
0.8982792387944112,0.8982792387944112,0.0
1.2757965188548843,1.2757965188548843,0.0
1.0324313365084006,1.0324313365084006,0.0
1.5506071560387797,1.5506071560387797,0.0
0.9737373291741448,0.9737373291741448,0.0
1.368752265327932,1.368752265327932,0.0
1.6046624731984902,1.6046624731984902,0.0
1.414766544530913,1.414766544530913,0.0
1.2466237784469687,1.2466237784469687,0.0
0.06843110781890753,0.06843110781890753,0.0
1.4198501849208942,1.4198501849208942,0.0
0.7963141877821879,0.7963141877821879,0.0
1.6323046202781324,1.6323046202781324,0.0
1.2967919121839153,1.2967919121839153,0.0
1.3846815316948018,1.3846815316948018,0.0
1.8225154167538358,1.8225154167538358,0.0
1.2063101554147835,1.2063101554147835,0.0
1.20828714770447,1.20828714770447,0.0
1.8222225612251566,1.8222225612251566,0.0
1.809889832622582,1.809889832622582,0.0
1.385438394930027,1.385438394930027,0.0
1.0065499378363036,1.0065499378363036,0.0
1.2933721036036332,1.2933721036036332,0.0
0.7745588465159086,0.7745588465159086,0.0
1.0332826603011998,1.0332826603011998,0.0
1.4186442906946235,1.4186442906946235,0.0
0.9267902836450141,0.9267902836450141,0.0
0.7997124609969398,0.7997124609969398,0.0
1.5482270111714271,1.5482270111714271,0.0
1.0731292517388829,1.0731292517388829,0.0
1.576573553534138,1.576573553534138,0.0
1.4270955812488455,1.4270955812488455,0.0
1.232323617237015,1.232323617237015,0.0
0.6440944099691533,0.6440944099691533,0.0
0.9770814790199067,0.9770814790199067,0.0
1.6035353764437439,1.6035353764437439,0.0
1.2865740386088773,1.2865740386088773,0.0
1.534458399255666,1.534458399255666,0.0
1.5018385313393665,1.5018385313393665,0.0
1.611624946495148,1.611624946495148,0.0
0.8396122720712309,0.8396122720712309,0.0
1.0394939418962978,1.0394939418962978,0.0
1.020655587708171,1.020655587708171,0.0
0.7260816058401063,0.7260816058401063,0.0
0.8423645363329335,0.8423645363329335,0.0
1.6324685462040585,1.6324685462040585,0.0
1.3973998727730472,1.3973998727730472,0.0
1.423021488574546,1.423021488574546,0.0
1.5524453976638695,1.5524453976638695,0.0
1.4646177224263661,1.4646177224263661,0.0
0.8857433483223964,0.8857433483223964,0.0
1.402546822061261,1.402546822061261,0.0
1.6174728768140907,1.6174728768140907,0.0
1.5226187712005357,1.5226187712005357,0.0
2.0291800914567473,2.0291800914567473,0.0
1.4059314494023247,1.4059314494023247,0.0
1.8107811767766089,1.8107811767766089,0.0
1.0803777763735947,1.0803777763735947,0.0
1.288064430402309,1.288064430402309,0.0
1.7618613754174843,1.7618613754174843,0.0
1.4828199835885272,1.4828199835885272,0.0
1.387774205332803,1.387774205332803,0.0
1.7899795319282927,1.7899795319282927,0.0
1.6667765058720614,1.6667765058720614,0.0
1.6853325379290436,1.6853325379290436,0.0
1.6194915547908886,1.6194915547908886,0.0
0.5420458883910858,0.5420458883910858,0.0
0.7884358101211002,0.7884358101211002,0.0
1.7096792665573954,1.7096792665573954,0.0
1.1512116357571092,1.1512116357571092,0.0
1.7495392980945141,1.7495392980945141,0.0
1.2464694164614223,1.2464694164614223,0.0
1.3193484778771456,1.3193484778771456,0.0
0.7170849519762793,0.7170849519762793,0.0
1.6322517614871184,1.6322517614871184,0.0
1.8061930425396582,1.8061930425396582,0.0
1.334578130367332,1.334578130367332,0.0
0.900086126217943,0.900086126217943,0.0
1.2880848852381241,1.2880848852381241,0.0
1.6047267560894956,1.6047267560894956,0.0
1.8942277270872618,1.8942277270872618,0.0
1.2699787785411378,1.2699787785411378,0.0
1.1088806279224286,1.1088806279224286,0.0
1.149175808463209,1.149175808463209,0.0
1.863329926163149,1.863329926163149,0.0
1.5014359504085506,1.5014359504085506,0.0
0.5702471399232926,0.5702471399232926,0.0
0.925851313831572,0.925851313831572,0.0
0.9197385975125077,0.9197385975125077,0.0
0.9948942603975821,0.9948942603975821,0.0
1.3229973475830588,1.3229973475830588,0.0
0.7444504100955455,0.7444504100955455,0.0
1.0809789798035558,1.0809789798035558,0.0
1.6405399363238038,1.6405399363238038,0.0
0.7887901346072167,0.7887901346072167,0.0
0.8909069415780643,0.8909069415780643,0.0
1.4752929937150276,1.4752929937150276,0.0
1.8887879889525252,1.8887879889525252,0.0
1.919463163699766,1.919463163699766,0.0
0.9745308924452458,0.9745308924452458,0.0
0.9721758421515281,0.9721758421515281,0.0
0.7634650924376493,0.7634650924376493,0.0
0.8228584658600587,0.8228584658600587,0.0
0.8715821555988427,0.8715821555988427,0.0
1.3634458287759599,1.3634458287759599,0.0
1.6135745774167296,1.6135745774167296,0.0
1.354065137886862,1.354065137886862,0.0
1.419277580312012,1.419277580312012,0.0
1.2810431809317722,1.2810431809317722,0.0
1.5479797666058863,1.5479797666058863,0.0
0.7353054572245452,0.7353054572245452,0.0
1.7892167651631257,1.7892167651631257,0.0
0.09432771151584965,0.09432771151584965,0.0
1.4112083507027304,1.4112083507027304,0.0
1.1617150780717709,1.1617150780717709,0.0
1.372007401326969,1.372007401326969,0.0
1.2996111667565302,1.2996111667565302,0.0
1.1013519163160033,1.1013519163160033,0.0
0.8112910568750838,0.8112910568750838,0.0
1.2900835029051765,1.2900835029051765,0.0
0.9264098057621326,0.9264098057621326,0.0
1.276651751807042,1.276651751807042,0.0
1.8171885659994378,1.8171885659994378,0.0
1.5659356249577203,1.5659356249577203,0.0
0.9559619459129137,0.9559619459129137,0.0
1.7180249224386481,1.7180249224386481,0.0
0.6863840830318992,0.6863840830318992,0.0
1.3895247345225787,1.3895247345225787,0.0
1.8693499116572356,1.8693499116572356,0.0
1.5332370680426657,1.5332370680426657,0.0
1.0352143398813074,1.0352143398813074,0.0
0.6857198490164951,0.6857198490164951,0.0
0.045662952682337554,0.045662952682337554,0.0
1.4817609881046285,1.4817609881046285,0.0
1.826177017684182,1.826177017684182,0.0
1.4631262502157583,1.4631262502157583,0.0
1.4139084643937518,1.4139084643937518,0.0
2.0206250346333454,2.0206250346333454,0.0
1.7877059499488288,1.7877059499488288,0.0
1.5213986231615566,1.5213986231615566,0.0
1.2456091791283108,1.2456091791283108,0.0
1.8837046074661958,1.8837046074661958,0.0
1.5774014583934188,1.5774014583934188,0.0
1.6739448685552893,1.6739448685552893,0.0
1.390473304850803,1.390473304850803,0.0
1.4400271377268017,1.4400271377268017,0.0
1.0287228398836243,1.0287228398836243,0.0
0.08298258980635989,0.08298258980635989,0.0
1.7171928270507844,1.7171928270507844,0.0
1.0603642879552224,1.0603642879552224,0.0
1.429383045042917,1.429383045042917,0.0
0.7448494885944897,0.7448494885944897,0.0
0.8151991260049157,0.8151991260049157,0.0
1.163228222384908,1.163228222384908,0.0
1.0772618246060817,1.0772618246060817,0.0
1.8851229672639374,1.8851229672639374,0.0
1.3993426067254227,1.3993426067254227,0.0
2.042216960907728,2.042216960907728,0.0
1.7690922269571823,1.7690922269571823,0.0
1.5896223731547796,1.5896223731547796,0.0
1.8263337278599312,1.8263337278599312,0.0
1.340317134607478,1.340317134607478,0.0
0.5351533362572998,0.5351533362572998,0.0
1.0704287577769889,1.0704287577769889,0.0
1.7571805791502721,1.7571805791502721,0.0
1.6767402759136312,1.6767402759136312,0.0
1.2815190374494112,1.2815190374494112,0.0
0.6740717715841736,0.6740717715841736,0.0
1.3780549760695995,1.3780549760695995,0.0
1.1934161255730638,1.1934161255730638,0.0
1.5069346500362906,1.5069346500362906,0.0
1.1014457031251395,1.1014457031251395,0.0
1.7008640360825655,1.7008640360825655,0.0
0.7220641597953487,0.7220641597953487,0.0
1.2791113465834658,1.2791113465834658,0.0
1.712483984990147,1.712483984990147,0.0
1.4999224858430846,1.4999224858430846,0.0
1.7951715494158158,1.7951715494158158,0.0
0.686382745216184,0.686382745216184,0.0
1.2429523190277223,1.2429523190277223,0.0
0.7940317347304529,0.7940317347304529,0.0
1.9379075918945443,1.9379075918945443,0.0
1.3181164603795865,1.3181164603795865,0.0
0.779494481399271,0.779494481399271,0.0
0.8982512327257268,0.8982512327257268,0.0
0.8854450188728791,0.8854450188728791,0.0
1.591300038051853,1.591300038051853,0.0
1.8295665383758517,1.8295665383758517,0.0
1.3540951687555955,1.3540951687555955,0.0
0.8925076615521963,0.8925076615521963,0.0
1.4807318474699094,1.4807318474699094,0.0
1.830631983653579,1.830631983653579,0.0
1.3040973754434948,1.3040973754434948,0.0
1.4008118839675434,1.4008118839675434,0.0
1.3614204138206385,1.3614204138206385,0.0
1.7482359492948965,1.7482359492948965,0.0
1.2612110029208081,1.2612110029208081,0.0
0.5374432903089686,0.5374432903089686,0.0
1.5417200263808672,1.5417200263808672,0.0
1.4197310010309068,1.4197310010309068,0.0
1.507174853120643,1.507174853120643,0.0
1.8040864479645793,1.8040864479645793,0.0
1.3906497168693126,1.3906497168693126,0.0
1.6059290426632513,1.6059290426632513,0.0
0.9109146184983449,0.9109146184983449,0.0
1.2581713248292636,1.2581713248292636,0.0
1.7730187960707093,1.7730187960707093,0.0
1.2922438589421075,1.2922438589421075,0.0
0.8341501752348527,0.8341501752348527,0.0
1.1341363831055784,1.1341363831055784,0.0
1.3929763168689633,1.3929763168689633,0.0
1.3917629520492694,1.3917629520492694,0.0
1.6948716601974614,1.6948716601974614,0.0
1.79507341303432,1.79507341303432,0.0
1.6433682500169102,1.6433682500169102,0.0
0.4494359869734078,0.4494359869734078,0.0
1.5816266651328528,1.5816266651328528,0.0
1.7751754271895108,1.7751754271895108,0.0
1.542251306413532,1.542251306413532,0.0
1.5594383806705268,1.5594383806705268,0.0
1.3267233345956155,1.3267233345956155,0.0
1.375422680238616,1.375422680238616,0.0
1.575113374248628,1.575113374248628,0.0
1.0908134087383263,1.0908134087383263,0.0
0.8173125227203623,0.8173125227203623,0.0
1.272570950715339,1.272570950715339,0.0
1.5730799754760203,1.5730799754760203,0.0
1.8665439860371862,1.8665439860371862,0.0
1.3914397445732916,1.3914397445732916,0.0
1.1484936199139884,1.1484936199139884,0.0
1.7036943338990753,1.7036943338990753,0.0
1.2054764548281482,1.2054764548281482,0.0
0.016615127430218552,0.016615127430218552,0.0
1.5475323044959586,1.5475323044959586,0.0
1.3298303824897575,1.3298303824897575,0.0
1.8293226878868545,1.8293226878868545,0.0
0.7424323465991978,0.7424323465991978,0.0
0.9451366677249787,0.9451366677249787,0.0
0.8821710648514938,0.8821710648514938,0.0
1.2088746110091233,1.2088746110091233,0.0
1.5575588738351918,1.5575588738351918,0.0
0.12449606241563305,0.12449606241563305,0.0
1.5019637671276873,1.5019637671276873,0.0
1.0171613774844717,1.0171613774844717,0.0
1.2108577541668728,1.2108577541668728,0.0
1.4139635435172002,1.4139635435172002,0.0
1.492765895045977,1.492765895045977,0.0
0.6210698025941622,0.6210698025941622,0.0
0.8462666371220389,0.8462666371220389,0.0
1.4647807714378493,1.4647807714378493,0.0
1.6938029995969097,1.6938029995969097,0.0
1.4904045617979167,1.4904045617979167,0.0
1.0774024363633337,1.0774024363633337,0.0
1.5610215705657173,1.5610215705657173,0.0
1.3113294389828625,1.3113294389828625,0.0
1.5117953196399283,1.5117953196399283,0.0
0.6060169394241249,0.6060169394241249,0.0
1.9752229672774309,1.9752229672774309,0.0
1.362520248824359,1.362520248824359,0.0
1.436733917405115,1.436733917405115,0.0
1.4678765808848602,1.4678765808848602,0.0
1.371148316488627,1.371148316488627,0.0
1.2502792377599083,1.2502792377599083,0.0
1.534405384856792,1.534405384856792,0.0
0.22932489132914718,0.22932489132914718,0.0
0.08118317642686639,0.08118317642686639,0.0
1.237364277318621,1.237364277318621,0.0
1.7957057843625959,1.7957057843625959,0.0
1.8407491410219015,1.8407491410219015,0.0
1.43475193928583,1.43475193928583,0.0
0.9666077886946416,0.9666077886946416,0.0
1.2201095586603115,1.2201095586603115,0.0
1.7607541431668974,1.7607541431668974,0.0
0.9508591120184064,0.9508591120184064,0.0
1.3152958595794144,1.3152958595794144,0.0
1.8622512981695962,1.8622512981695962,0.0
1.021156893387912,1.021156893387912,0.0
1.77644473128961,1.77644473128961,0.0
1.56008428574102,1.56008428574102,0.0
1.5779796578393246,1.5779796578393246,0.0
1.162356361598102,1.162356361598102,0.0
1.7534156775893603,1.7534156775893603,0.0
1.5925984339942922,1.5925984339942922,0.0
1.1841796468026973,1.1841796468026973,0.0
1.6413638233810008,1.6413638233810008,0.0
1.919715267575471,1.919715267575471,0.0
1.247806257433006,1.247806257433006,0.0
1.5945158158851624,1.5945158158851624,0.0
1.3232349328127535,1.3232349328127535,0.0
1.5301652553563037,1.5301652553563037,0.0
0.5567275949114187,0.5567275949114187,0.0
1.374444426658139,1.374444426658139,0.0
0.6744413354966357,0.6744413354966357,0.0
1.7875003637407965,1.7875003637407965,0.0
1.7333330758296839,1.7333330758296839,0.0
0.6974203963574285,0.6974203963574285,0.0
1.1010635671565236,1.1010635671565236,0.0
0.9839642490978783,0.9839642490978783,0.0
0.8734331777055396,0.8734331777055396,0.0
0.8620648494769404,0.8620648494769404,0.0
2.0829713529451106,2.0829713529451106,0.0
1.2405768644047137,1.2405768644047137,0.0
0.8249689319693713,0.8249689319693713,0.0
1.5341234789874048,1.5341234789874048,0.0
1.252872562277315,1.252872562277315,0.0
0.8755725122543783,0.8755725122543783,0.0
1.0119620319912095,1.0119620319912095,0.0
1.2098795187374065,1.2098795187374065,0.0
1.0218838440136118,1.0218838440136118,0.0
1.574178503797929,1.574178503797929,0.0
1.5841841546089168,1.5841841546089168,0.0
1.459159651650919,1.459159651650919,0.0
1.835719778312689,1.835719778312689,0.0
1.5402727407942576,1.5402727407942576,0.0
1.5073869700156797,1.5073869700156797,0.0
2.1259470669332328,2.1259470669332328,0.0
1.3807652645817445,1.3807652645817445,0.0
1.5680367251345968,1.5680367251345968,0.0
0.6521684493893477,0.6521684493893477,0.0
0.9201371390147114,0.9201371390147114,0.0
0.9873168183587656,0.9873168183587656,0.0
0.703459371053071,0.703459371053071,0.0
1.466586316043081,1.466586316043081,0.0
1.7952599258677888,1.7952599258677888,0.0
0.9605088166024538,0.9605088166024538,0.0
0.9560547363069043,0.9560547363069043,0.0
1.7324982685409689,1.7324982685409689,0.0
1.7146985550835883,1.7146985550835883,0.0
0.7496332545438549,0.7496332545438549,0.0
2.1410492745546708,2.1410492745546708,0.0
1.7913052313095579,1.7913052313095579,0.0
1.10746947673881,1.10746947673881,0.0
1.611369026372916,1.611369026372916,0.0
1.7584647904579804,1.7584647904579804,0.0
1.212260329634997,1.212260329634997,0.0
2.1581927047295717,2.1581927047295717,0.0
1.6239005005482647,1.6239005005482647,0.0
0.9474194230701034,0.9474194230701034,0.0
2.0705709986518173,2.0705709986518173,0.0
1.6036191494772494,1.6036191494772494,0.0
1.411290098392776,1.411290098392776,0.0
2.0083855971850806,2.0083855971850806,0.0
1.22128943808311,1.22128943808311,0.0
1.128552291294024,1.128552291294024,0.0
1.4144601396617218,1.4144601396617218,0.0
1.7400000630994585,1.7400000630994585,0.0
1.4668538036419274,1.4668538036419274,0.0
1.3182190411021646,1.3182190411021646,0.0
1.9622616664414043,1.9622616664414043,0.0
2.0583955974726273,2.0583955974726273,0.0
1.6007995572622773,1.6007995572622773,0.0
1.63009673616566,1.63009673616566,0.0
0.9849571306738064,0.9849571306738064,0.0
0.8303268933927357,0.8303268933927357,0.0
1.2014258330680752,1.2014258330680752,0.0
0.983975320805348,0.983975320805348,0.0
1.7892176275684741,1.7892176275684741,0.0
1.6107592123839036,1.6107592123839036,0.0
1.9686904576331898,1.9686904576331898,0.0
1.4177290851231894,1.4177290851231894,0.0
2.0164753097120744,2.0164753097120744,0.0
1.3925047853422254,1.3925047853422254,0.0
1.111090459431241,1.111090459431241,0.0
0.9720003511884329,0.9720003511884329,0.0
1.4264721080473828,1.4264721080473828,0.0
1.4014299236370817,1.4014299236370817,0.0
1.3434579834027094,1.3434579834027094,0.0
1.569961386467691,1.569961386467691,0.0
1.5040035711525268,1.5040035711525268,0.0
1.8602476005834172,1.8602476005834172,0.0
1.4545506620039903,1.4545506620039903,0.0
1.6315711847704795,1.6315711847704795,0.0
1.7511005345513295,1.7511005345513295,0.0
1.615580039203304,1.615580039203304,0.0
1.0913288472762128,1.0913288472762128,0.0
1.1725775209321798,1.1725775209321798,0.0
1.1891390218545657,1.1891390218545657,0.0
1.186589619857819,1.186589619857819,0.0
1.361545756880063,1.361545756880063,0.0
1.1258383205026254,1.1258383205026254,0.0
1.725845580213211,1.725845580213211,0.0
1.3457819346932651,1.3457819346932651,0.0
1.411801220454148,1.411801220454148,0.0
1.5162076437070364,1.5162076437070364,0.0
0.9265113092059669,0.9265113092059669,0.0
1.2628999626675828,1.2628999626675828,0.0
1.2517096183543401,1.2517096183543401,0.0
1.8703558386071193,1.8703558386071193,0.0
1.3812275771022051,1.3812275771022051,0.0
2.0807285528041195,2.0807285528041195,0.0
1.4826055183258777,1.4826055183258777,0.0
0.9124961949685202,0.9124961949685202,0.0
1.1468986719988907,1.1468986719988907,0.0
1.5855710033516086,1.5855710033516086,0.0
0.8452510333665636,0.8452510333665636,0.0
1.2729278152440424,1.2729278152440424,0.0
1.365237697500361,1.365237697500361,0.0
1.2970771472071114,1.2970771472071114,0.0
1.5496769661939755,1.5496769661939755,0.0
1.465225467421061,1.465225467421061,0.0
0.745391609050731,0.745391609050731,0.0
1.5434046182445997,1.5434046182445997,0.0
1.8517520542135832,1.8517520542135832,0.0
1.3155495569747029,1.3155495569747029,0.0
0.7090423731271426,0.7090423731271426,0.0
1.166950814765206,1.166950814765206,0.0
1.4472258455896727,1.4472258455896727,0.0
1.9159315471512663,1.9159315471512663,0.0
1.6932041568756524,1.6932041568756524,0.0
0.7864177706943596,0.7864177706943596,0.0
1.1163409538562499,1.1163409538562499,0.0
1.2931835165764485,1.2931835165764485,0.0
1.9007324087743838,1.9007324087743838,0.0
1.2015732534927528,1.2015732534927528,0.0
1.9292296555955424,1.9292296555955424,0.0
0.2506336198278035,0.2506336198278035,0.0
1.848757116556686,1.848757116556686,0.0
1.2389934957046023,1.2389934957046023,0.0
1.482077357473221,1.482077357473221,0.0
0.930339086485497,0.930339086485497,0.0
1.6076273355918735,1.6076273355918735,0.0
1.165653555690356,1.165653555690356,0.0
1.4221724924012127,1.4221724924012127,0.0
0.8251039211381072,0.8251039211381072,0.0
2.029921659236261,2.029921659236261,0.0
1.61938526622991,1.61938526622991,0.0
1.3226336400834795,1.3226336400834795,0.0
1.57513681417104,1.57513681417104,0.0
1.366024297150726,1.366024297150726,0.0
1.735285955672653,1.735285955672653,0.0
0.12163367208649624,0.12163367208649624,0.0
1.4292228790355854,1.4292228790355854,0.0
1.5536525723632484,1.5536525723632484,0.0
1.7169877704981036,1.7169877704981036,0.0
1.459091307643708,1.459091307643708,0.0
1.1391783140339022,1.1391783140339022,0.0
0.7184486135973217,0.7184486135973217,0.0
0.9413890988275307,0.9413890988275307,0.0
1.3673021232582068,1.3673021232582068,0.0
1.4763032455575822,1.4763032455575822,0.0
1.603048614685395,1.603048614685395,0.0
0.8105666039600341,0.8105666039600341,0.0
0.7561832831002011,0.7561832831002011,0.0
1.5502997505044172,1.5502997505044172,0.0
1.0284183429113098,1.0284183429113098,0.0
1.4427528759335646,1.4427528759335646,0.0
1.1194768820485226,1.1194768820485226,0.0
1.9229918500085577,1.9229918500085577,0.0
1.331967354922342,1.331967354922342,0.0
1.8859899987399087,1.8859899987399087,0.0
1.1465123972321285,1.1465123972321285,0.0
1.7040758662961921,1.7040758662961921,0.0
1.326723596652427,1.326723596652427,0.0
1.5587566576708847,1.5587566576708847,0.0
1.535801040648493,1.535801040648493,0.0
1.4137374624622918,1.4137374624622918,0.0
1.3618374682301821,1.3618374682301821,0.0
1.4588387538508207,1.4588387538508207,0.0
1.7347777139751035,1.7347777139751035,0.0
0.7676882032257921,0.7676882032257921,0.0
1.6253311638695573,1.6253311638695573,0.0
0.6039286225190212,0.6039286225190212,0.0
0.856406824867753,0.856406824867753,0.0
1.4182024009962129,1.4182024009962129,0.0
1.4442300596145836,1.4442300596145836,0.0
2.1171914396265468,2.1171914396265468,0.0
1.115206311681187,1.115206311681187,0.0
1.4992502521131335,1.4992502521131335,0.0
0.8922904800473036,0.8922904800473036,0.0
2.0148466436456727,2.0148466436456727,0.0
0.5003597560062141,0.5003597560062141,0.0
1.668127491294838,1.668127491294838,0.0
0.7335234885677155,0.7335234885677155,0.0
1.7149435421275807,1.7149435421275807,0.0
0.8844440773836137,0.8844440773836137,0.0
0.6769222306802044,0.6769222306802044,0.0
1.4722179794184274,1.4722179794184274,0.0
1.2050588256448913,1.2050588256448913,0.0
2.1970643629486437,2.1970643629486437,0.0
1.2011438662140435,1.2011438662140435,0.0
1.683916690435787,1.683916690435787,0.0
0.9961363697783322,0.9961363697783322,0.0
1.6921729795251528,1.6921729795251528,0.0
1.6079585178931624,1.6079585178931624,0.0
0.995356807303527,0.995356807303527,0.0
1.6950885562557167,1.6950885562557167,0.0
1.73826097345576,1.73826097345576,0.0
0.8502897248121236,0.8502897248121236,0.0
1.9237703917985438,1.9237703917985438,0.0
1.4339809195493853,1.4339809195493853,0.0
0.4404703715795467,0.4404703715795467,0.0
0.6783689800554665,0.6783689800554665,0.0
1.6781045433788166,1.6781045433788166,0.0
1.2288796785765177,1.2288796785765177,0.0
1.4906876744156232,1.4906876744156232,0.0
1.67468419679837,1.67468419679837,0.0
1.7549231875778921,1.7549231875778921,0.0
0.951591785789406,0.951591785789406,0.0
1.5530940058895297,1.5530940058895297,0.0
1.0537179052110597,1.0537179052110597,0.0
2.128416527499983,2.128416527499983,0.0
0.830789505285822,0.830789505285822,0.0
1.9939253465338773,1.9939253465338773,0.0
1.2487505434412822,1.2487505434412822,0.0
1.5242803518347117,1.5242803518347117,0.0
1.1175149129337871,1.1175149129337871,0.0
1.3507216488024172,1.3507216488024172,0.0
1.1084753650827166,1.1084753650827166,0.0
1.3446933282121039,1.3446933282121039,0.0
1.373575735470047,1.373575735470047,0.0
1.5683776060234424,1.5683776060234424,0.0
1.3625034843338912,1.3625034843338912,0.0
1.3230633793961166,1.3230633793961166,0.0
0.9963318742676337,0.9963318742676337,0.0
1.799385896791973,1.799385896791973,0.0
1.471397820651777,1.471397820651777,0.0
1.3331640295661453,1.3331640295661453,0.0
1.3435907271624081,1.3435907271624081,0.0
1.2444034718103456,1.2444034718103456,0.0
1.3306435712038351,1.3306435712038351,0.0
1.4813139985688484,1.4813139985688484,0.0
1.0875962917783075,1.0875962917783075,0.0
1.5212661863066463,1.5212661863066463,0.0
1.2848382530546485,1.2848382530546485,0.0
1.2775740511389535,1.2775740511389535,0.0
1.6320885378219405,1.6320885378219405,0.0
1.6047993845605357,1.6047993845605357,0.0
0.519774743115183,0.519774743115183,0.0
1.4815550148650618,1.4815550148650618,0.0
1.450410507810652,1.450410507810652,0.0
1.4036689722953404,1.4036689722953404,0.0
0.6707800536871137,0.6707800536871137,0.0
1.7161659340854398,1.7161659340854398,0.0
0.9598903172941742,0.9598903172941742,0.0
1.1337472476105732,1.1337472476105732,0.0
1.8935163280216663,1.8935163280216663,0.0
1.3707540125787696,1.3707540125787696,0.0
2.1793002439546556,2.1793002439546556,0.0
1.9992179924285731,1.9992179924285731,0.0
1.2932683831696103,1.2932683831696103,0.0
1.12726700762887,1.12726700762887,0.0
1.4062708078634636,1.4062708078634636,0.0
1.0462596661995924,1.0462596661995924,0.0
1.5539978274975186,1.5539978274975186,0.0
1.4638867420002193,1.4638867420002193,0.0
1.264085947491981,1.264085947491981,0.0
1.3499675206281043,1.3499675206281043,0.0
0.23840521294998684,0.23840521294998684,0.0
1.8894434858177087,1.8894434858177087,0.0
1.5193582737698652,1.5193582737698652,0.0
1.5803012345629235,1.5803012345629235,0.0
1.0568848410011804,1.0568848410011804,0.0
0.7659001166907073,0.7659001166907073,0.0
1.9829069230326914,1.9829069230326914,0.0
1.4970108237992967,1.4970108237992967,0.0
1.4602857586388163,1.4602857586388163,0.0
1.3495065689195913,1.3495065689195913,0.0
1.177539392031008,1.177539392031008,0.0
1.485249453422816,1.485249453422816,0.0
1.6892353754836564,1.6892353754836564,0.0
0.7065543339734406,0.7065543339734406,0.0
1.3650863790548986,1.3650863790548986,0.0
1.2721037273696674,1.2721037273696674,0.0
1.3783900619930405,1.3783900619930405,0.0
0.871419086603031,0.871419086603031,0.0
1.6487675123872525,1.6487675123872525,0.0
0.7609948082037901,0.7609948082037901,0.0
1.4480067811422466,1.4480067811422466,0.0
1.134955560325776,1.134955560325776,0.0
1.415576186307168,1.415576186307168,0.0
1.429550617744379,1.429550617744379,0.0
0.8848087866201341,0.8848087866201341,0.0
0.9816777822738609,0.9816777822738609,0.0
1.2994410403958403,1.2994410403958403,0.0
1.7749165753092215,1.7749165753092215,0.0
1.4690580419839026,1.4690580419839026,0.0
1.3788163191130267,1.3788163191130267,0.0
0.8658494325780871,0.8658494325780871,0.0
1.4409403296515357,1.4409403296515357,0.0
0.8801500629826424,0.8801500629826424,0.0
1.2111467227540547,1.2111467227540547,0.0
1.6279282817309197,1.6279282817309197,0.0
1.3422811375869994,1.3422811375869994,0.0
1.0429237546400494,1.0429237546400494,0.0
1.6723089272029759,1.6723089272029759,0.0
1.5122008650818257,1.5122008650818257,0.0
1.6188560390814728,1.6188560390814728,0.0
1.920365075848883,1.920365075848883,0.0
1.2123948594738956,1.2123948594738956,0.0
1.0052253179527306,1.0052253179527306,0.0
1.6911714310946835,1.6911714310946835,0.0
0.6690795234675663,0.6690795234675663,0.0
1.7995490427194907,1.7995490427194907,0.0
1.3929296816875387,1.3929296816875387,0.0
1.00502394142503,1.00502394142503,0.0
0.888147741633427,0.888147741633427,0.0
0.740162804559354,0.740162804559354,0.0
1.5960636918259723,1.5960636918259723,0.0
0.9682597853067008,0.9682597853067008,0.0
1.60949548640725,1.60949548640725,0.0
1.1704767710268797,1.1704767710268797,0.0
1.1046674200807962,1.1046674200807962,0.0
1.460224467204393,1.460224467204393,0.0
1.4429936194918604,1.4429936194918604,0.0
1.6050670472640105,1.6050670472640105,0.0
0.8752270930537338,0.8752270930537338,0.0
1.0067547935343162,1.0067547935343162,0.0
0.8135717750897187,0.8135717750897187,0.0
1.7047100728047777,1.7047100728047777,0.0
1.6856540864627496,1.6856540864627496,0.0
2.0052823106242372,2.0052823106242372,0.0
1.5781147892669196,1.5781147892669196,0.0
1.7524662076338076,1.7524662076338076,0.0
1.669458912504388,1.669458912504388,0.0
1.8957169675682963,1.8957169675682963,0.0
0.6282666556330037,0.6282666556330037,0.0
1.6606632972976356,1.6606632972976356,0.0
1.3891187766902646,1.3891187766902646,0.0
1.0533843133984189,1.0533843133984189,0.0
2.253430598687281,2.253430598687281,0.0
1.5826692842502148,1.5826692842502148,0.0
0.03042930281685,0.03042930281685,0.0
1.0316811798210435,1.0316811798210435,0.0
1.752178062609072,1.752178062609072,0.0
1.4220813135034147,1.4220813135034147,0.0
1.4993790805762321,1.4993790805762321,0.0
1.4904507187911038,1.4904507187911038,0.0
0.6053090084077938,0.6053090084077938,0.0
1.8233782434405519,1.8233782434405519,0.0
1.5559331084853256,1.5559331084853256,0.0
1.8376716285258157,1.8376716285258157,0.0
1.1728335582892835,1.1728335582892835,0.0
1.9327238404720242,1.9327238404720242,0.0
1.7347122219885032,1.7347122219885032,0.0
0.902483583775785,0.902483583775785,0.0
1.3195863530192824,1.3195863530192824,0.0
1.6339987808949832,1.6339987808949832,0.0
1.7074772648403012,1.7074772648403012,0.0
0.6538116268293747,0.6538116268293747,0.0
1.1957223501396732,1.1957223501396732,0.0
0.6648840003510902,0.6648840003510902,0.0
0.7395717766406007,0.7395717766406007,0.0
1.0351912991397878,1.0351912991397878,0.0
1.5762414498457336,1.5762414498457336,0.0
1.6699216843128246,1.6699216843128246,0.0
0.9470406228019612,0.9470406228019612,0.0
1.2009277121660196,1.2009277121660196,0.0
1.9878723305396988,1.9878723305396988,0.0
1.5631303352933827,1.5631303352933827,0.0
1.6901026928718446,1.6901026928718446,0.0
1.278145638801713,1.278145638801713,0.0
1.8221101075128485,1.8221101075128485,0.0
0.9071068692455431,0.9071068692455431,0.0
1.4289842448126684,1.4289842448126684,0.0
0.8843843483011824,0.8843843483011824,0.0
1.4150420630038998,1.4150420630038998,0.0
1.4530380386976849,1.4530380386976849,0.0
1.4166911950030967,1.4166911950030967,0.0
1.1648841119136024,1.1648841119136024,0.0
1.6194149816667307,1.6194149816667307,0.0
1.4131453448517057,1.4131453448517057,0.0
1.4779880503691591,1.4779880503691591,0.0
1.5327868118749555,1.5327868118749555,0.0
1.0860624278568196,1.0860624278568196,0.0
1.0600901949607489,1.0600901949607489,0.0
1.1830350784896853,1.1830350784896853,0.0
1.1548396701180685,1.1548396701180685,0.0
1.5972133011330816,1.5972133011330816,0.0
1.527159387541125,1.527159387541125,0.0
0.9992624511717754,0.9992624511717754,0.0
1.4405418463687825,1.4405418463687825,0.0
1.8260758702192355,1.8260758702192355,0.0
1.523550605834649,1.523550605834649,0.0
1.665002483372078,1.665002483372078,0.0
0.972694994155551,0.972694994155551,0.0
1.4203218870209344,1.4203218870209344,0.0
1.75006589780632,1.75006589780632,0.0
0.8917372111208277,0.8917372111208277,0.0
1.853780351543436,1.853780351543436,0.0
1.4747890662004408,1.4747890662004408,0.0
1.8723584525880435,1.8723584525880435,0.0
1.563677423861249,1.563677423861249,0.0
1.5500209040088588,1.5500209040088588,0.0
1.6975721927450467,1.6975721927450467,0.0
1.811422581308838,1.811422581308838,0.0
1.497965894662415,1.497965894662415,0.0
0.8890173789312174,0.8890173789312174,0.0
1.499745972787543,1.499745972787543,0.0
1.4890365495192803,1.4890365495192803,0.0
1.411938130030088,1.411938130030088,0.0
1.6233603569693706,1.6233603569693706,0.0
0.5801396418140952,0.5801396418140952,0.0
1.0059444070847796,1.0059444070847796,0.0
1.7957394767508368,1.7957394767508368,0.0
0.8297959850118755,0.8297959850118755,0.0
1.728409404917236,1.728409404917236,0.0
1.191546609937667,1.191546609937667,0.0
1.3773471172545488,1.3773471172545488,0.0
1.619863750345564,1.619863750345564,0.0
1.9145870733202432,1.9145870733202432,0.0
1.1139344050804303,1.1139344050804303,0.0
0.8942673361158914,0.8942673361158914,0.0
1.4000043899342183,1.4000043899342183,0.0
0.9995823175505998,0.9995823175505998,0.0
1.3015182884415295,1.3015182884415295,0.0
1.3106881651691364,1.3106881651691364,0.0
1.5775113652148487,1.5775113652148487,0.0
1.661994278059092,1.661994278059092,0.0
1.8993488663774534,1.8993488663774534,0.0
1.5130678091028174,1.5130678091028174,0.0
0.5461448226093532,0.5461448226093532,0.0
1.0908101886674295,1.0908101886674295,0.0
1.2958564029308204,1.2958564029308204,0.0
0.808909098935501,0.808909098935501,0.0
1.4999671313034015,1.4999671313034015,0.0
1.5757007753661232,1.5757007753661232,0.0
1.7237734584900306,1.7237734584900306,0.0
1.4170847449601738,1.4170847449601738,0.0
1.052357529575757,1.052357529575757,0.0
1.7540708924912722,1.7540708924912722,0.0
1.671227839737075,1.671227839737075,0.0
1.5932761553566068,1.5932761553566068,0.0
1.754526113772291,1.754526113772291,0.0
1.4072330166498739,1.4072330166498739,0.0
1.2496834442039984,1.2496834442039984,0.0
1.3714078839829948,1.3714078839829948,0.0
0.9474668919984691,0.9474668919984691,0.0
1.9424463478491474,1.9424463478491474,0.0
1.6898595243936494,1.6898595243936494,0.0
1.4738893359490552,1.4738893359490552,0.0
1.0514849728419737,1.0514849728419737,0.0
1.516414173453594,1.516414173453594,0.0
1.09239719707954,1.09239719707954,0.0
1.414418228687991,1.414418228687991,0.0
1.6427971168111273,1.6427971168111273,0.0
1.1135945025323728,1.1135945025323728,0.0
1.6738785099480389,1.6738785099480389,0.0
1.3371845525795305,1.3371845525795305,0.0
2.0579180924012745,2.0579180924012745,0.0
1.627436737554842,1.627436737554842,0.0
1.4467562180202866,1.4467562180202866,0.0
1.25357070360279,1.25357070360279,0.0
1.6739579588190967,1.6739579588190967,0.0
1.2019763882675574,1.2019763882675574,0.0
1.5246977537393192,1.5246977537393192,0.0
1.8162407468937676,1.8162407468937676,0.0
1.8219796343484382,1.8219796343484382,0.0
1.5692994468328296,1.5692994468328296,0.0
1.0387302206179294,1.0387302206179294,0.0
2.090869339894986,2.090869339894986,0.0
1.432280915859073,1.432280915859073,0.0
1.8616121527129024,1.8616121527129024,0.0
1.5375406408177945,1.5375406408177945,0.0
1.2880065303910408,1.2880065303910408,0.0
1.540343892754983,1.540343892754983,0.0
1.6056179490052505,1.6056179490052505,0.0
1.0606350633231845,1.0606350633231845,0.0
1.592061114290309,1.592061114290309,0.0
1.4397146306144892,1.4397146306144892,0.0
1.6719860206786132,1.6719860206786132,0.0
1.354037071736873,1.354037071736873,0.0
0.8476371546247993,0.8476371546247993,0.0
1.7847031143129766,1.7847031143129766,0.0
0.9528687415332233,0.9528687415332233,0.0
1.3094669833890353,1.3094669833890353,0.0
1.980703437761824,1.980703437761824,0.0
1.2237988802490771,1.2237988802490771,0.0
0.8777931617982989,0.8777931617982989,0.0
1.4427869386748469,1.4427869386748469,0.0
1.4639260917398924,1.4639260917398924,0.0
1.2998911854706257,1.2998911854706257,0.0
1.2981345163174731,1.2981345163174731,0.0
1.1417154298831906,1.1417154298831906,0.0
1.3800095250860769,1.3800095250860769,0.0
1.4221398805248777,1.4221398805248777,0.0
1.4960699669066688,1.4960699669066688,0.0
0.8131170658195483,0.8131170658195483,0.0
0.8771941849690511,0.8771941849690511,0.0
0.6253295278436162,0.6253295278436162,0.0
1.5049327028282864,1.5049327028282864,0.0
1.5537382645790423,1.5537382645790423,0.0
1.244558837376391,1.244558837376391,0.0
1.0890749803059798,1.0890749803059798,0.0
1.834215770212102,1.834215770212102,0.0
2.1090256581246463,2.1090256581246463,0.0
0.9431736905961535,0.9431736905961535,0.0
0.9864707155961217,0.9864707155961217,0.0
1.7909968590503278,1.7909968590503278,0.0
1.4077176564480323,1.4077176564480323,0.0
1.2766009121887343,1.2766009121887343,0.0
1.7858199214238883,1.7858199214238883,0.0
1.7013048232982868,1.7013048232982868,0.0
1.4754542292615782,1.4754542292615782,0.0
1.7270499872575718,1.7270499872575718,0.0
0.702048766223555,0.702048766223555,0.0
1.422992311671863,1.422992311671863,0.0
1.604927063479057,1.604927063479057,0.0
1.4701367646886947,1.4701367646886947,0.0
1.724268406458273,1.724268406458273,0.0
1.6622044562371814,1.6622044562371814,0.0
1.372565731828907,1.372565731828907,0.0
0.966551112316673,0.966551112316673,0.0
1.741178447246633,1.741178447246633,0.0
1.6984631054217774,1.6984631054217774,0.0
0.4681955241642197,0.4681955241642197,0.0
1.380202549928794,1.380202549928794,0.0
1.2088751176252885,1.2088751176252885,0.0
1.1388656400314545,1.1388656400314545,0.0
1.4400963308274033,1.4400963308274033,0.0
1.4231828322133357,1.4231828322133357,0.0
1.1316053648325626,1.1316053648325626,0.0
0.5432438559733331,0.5432438559733331,0.0
1.6591201783235756,1.6591201783235756,0.0
1.2053930455204,1.2053930455204,0.0
1.5356126997449766,1.5356126997449766,0.0
1.6805024151167087,1.6805024151167087,0.0
1.437595954755156,1.437595954755156,0.0
1.090725456362547,1.090725456362547,0.0
0.7313407238952685,0.7313407238952685,0.0
1.6626533146440383,1.6626533146440383,0.0
1.6186229441886268,1.6186229441886268,0.0
1.398645091772309,1.398645091772309,0.0
1.2945757255307162,1.2945757255307162,0.0
1.6090578150976287,1.6090578150976287,0.0
1.4721785651902093,1.4721785651902093,0.0
1.3109487619412012,1.3109487619412012,0.0
1.9012339244145533,1.9012339244145533,0.0
1.4746697358835639,1.4746697358835639,0.0
1.7170432384252003,1.7170432384252003,0.0
1.021344167136493,1.021344167136493,0.0
1.6452641760357132,1.6452641760357132,0.0
1.6330614999772788,1.6330614999772788,0.0
0.11326318929973836,0.11326318929973836,0.0
0.9722330405011236,0.9722330405011236,0.0
1.666948943804999,1.666948943804999,0.0
1.1758993560970303,1.1758993560970303,0.0
1.745058912137766,1.745058912137766,0.0
1.4924728554863957,1.4924728554863957,0.0
0.8655892166282103,0.8655892166282103,0.0
0.024944972070315628,0.024944972070315628,0.0
1.3149626347184176,1.3149626347184176,0.0
1.2200853781600451,1.2200853781600451,0.0
1.2538114216112617,1.2538114216112617,0.0
1.6153437713124514,1.6153437713124514,0.0
1.6035458423706548,1.6035458423706548,0.0
1.5605190468767918,1.5605190468767918,0.0
1.642493206190118,1.642493206190118,0.0
1.6232145506547346,1.6232145506547346,0.0
1.2449993620826292,1.2449993620826292,0.0
1.3172612631873848,1.3172612631873848,0.0
1.198623051651914,1.198623051651914,0.0
1.5732375695811276,1.5732375695811276,0.0
1.0072542167891927,1.0072542167891927,0.0
1.4083520172824397,1.4083520172824397,0.0
1.513471148506507,1.513471148506507,0.0
1.5468766226939556,1.5468766226939556,0.0
1.6592630967150954,1.6592630967150954,0.0
1.5281154835310977,1.5281154835310977,0.0
1.9818139652198021,1.9818139652198021,0.0
1.1456736276469923,1.1456736276469923,0.0
1.598886915489753,1.598886915489753,0.0
1.803821896265826,1.803821896265826,0.0
1.6505927258683255,1.6505927258683255,0.0
1.7121806835090387,1.7121806835090387,0.0
0.9778258145598743,0.9778258145598743,0.0
1.0262117713682692,1.0262117713682692,0.0
1.2760300142712593,1.2760300142712593,0.0
0.7355634598719445,0.7355634598719445,0.0
0.8078581341304837,0.8078581341304837,0.0
1.2470881760701493,1.2470881760701493,0.0
1.8266517972690166,1.8266517972690166,0.0
1.4074852029925866,1.4074852029925866,0.0
1.4550670480634016,1.4550670480634016,0.0
1.2835250568107566,1.2835250568107566,0.0
1.3846813584277615,1.3846813584277615,0.0
1.6979244412511938,1.6979244412511938,0.0
1.4610592284227488,1.4610592284227488,0.0
1.2606403621699351,1.2606403621699351,0.0
1.7056959506817264,1.7056959506817264,0.0
1.7489910905992843,1.7489910905992843,0.0
1.4006602762455418,1.4006602762455418,0.0
1.954333396799711,1.954333396799711,0.0
1.5868231083951043,1.5868231083951043,0.0
1.471535234417771,1.471535234417771,0.0
0.7287218941977953,0.7287218941977953,0.0
2.203035579886965,2.203035579886965,0.0
1.3417022057433605,1.3417022057433605,0.0
0.1766776870096111,0.1766776870096111,0.0
1.356065649486408,1.356065649486408,0.0
1.0278341308606531,1.0278341308606531,0.0
1.4235717851485026,1.4235717851485026,0.0
1.04797072896957,1.04797072896957,0.0
1.7960988101702622,1.7960988101702622,0.0
0.846645041753899,0.846645041753899,0.0
1.862039210248531,1.862039210248531,0.0
1.534779285206642,1.534779285206642,0.0
0.9660693928086596,0.9660693928086596,0.0
0.8120947884548475,0.8120947884548475,0.0
1.8614125665778816,1.8614125665778816,0.0
1.2505633284036999,1.2505633284036999,0.0
0.6956143660282936,0.6956143660282936,0.0
0.8592722651962234,0.8592722651962234,0.0
1.646876259320227,1.646876259320227,0.0
1.3519342021916194,1.3519342021916194,0.0
1.5651473352050922,1.5651473352050922,0.0
1.35348742050704,1.35348742050704,0.0
2.074785737216883,2.074785737216883,0.0
0.8445388225374246,0.8445388225374246,0.0
1.890415787632482,1.890415787632482,0.0
1.5124731799537616,1.5124731799537616,0.0
0.9723447728483495,0.9723447728483495,0.0
1.4131538342754402,1.4131538342754402,0.0
1.2748938981068865,1.2748938981068865,0.0
1.9282409281366575,1.9282409281366575,0.0
1.6249844567800296,1.6249844567800296,0.0
1.2328522252625114,1.2328522252625114,0.0
1.4781742545663463,1.4781742545663463,0.0
1.4709870506987897,1.4709870506987897,0.0
1.3456766097210155,1.3456766097210155,0.0
1.447659145053369,1.447659145053369,0.0
1.0221118915835115,1.0221118915835115,0.0
2.1897254304710474,2.1897254304710474,0.0
0.7515992872346026,0.7515992872346026,0.0
0.9590367851923887,0.9590367851923887,0.0
1.0465303403462882,1.0465303403462882,0.0
1.3332734501505066,1.3332734501505066,0.0
0.9784843144315605,0.9784843144315605,0.0
1.1438501757685962,1.1438501757685962,0.0
1.6662341277117243,1.6662341277117243,0.0
1.5712266187834465,1.5712266187834465,0.0
1.3520625054229596,1.3520625054229596,0.0
1.3462114285080882,1.3462114285080882,0.0
1.7987761745024675,1.7987761745024675,0.0
1.1765488922105856,1.1765488922105856,0.0
1.5033173064401242,1.5033173064401242,0.0
0.6388869611113699,0.6388869611113699,0.0
1.3566137331893637,1.3566137331893637,0.0
1.3792745248849232,1.3792745248849232,0.0
1.294820740353543,1.294820740353543,0.0
1.7473898924050466,1.7473898924050466,0.0
1.6427537396809517,1.6427537396809517,0.0
1.0580468541031585,1.0580468541031585,0.0
1.4056866159894414,1.4056866159894414,0.0
1.7563191059012517,1.7563191059012517,0.0
1.6712173233059568,1.6712173233059568,0.0
1.8225867513164595,1.8225867513164595,0.0
1.6035426475331576,1.6035426475331576,0.0
1.2782189957354522,1.2782189957354522,0.0
1.1496398512459087,1.1496398512459087,0.0
1.656663332993253,1.656663332993253,0.0
1.4084247158934802,1.4084247158934802,0.0
1.375254653250686,1.375254653250686,0.0
1.6632052329666451,1.6632052329666451,0.0
0.6002432354415287,0.6002432354415287,0.0
0.831293679338147,0.831293679338147,0.0
1.1873240725205063,1.1873240725205063,0.0
1.3244314985349028,1.3244314985349028,0.0
1.047615896708832,1.047615896708832,0.0
0.7751609408817051,0.7751609408817051,0.0
1.6575857682020694,1.6575857682020694,0.0
2.1693002187085884,2.1693002187085884,0.0
1.1898384875101153,1.1898384875101153,0.0
1.0406172877911886,1.0406172877911886,0.0
1.4777834656044382,1.4777834656044382,0.0
1.0272069868257094,1.0272069868257094,0.0
1.7075501072597565,1.7075501072597565,0.0
1.737018309273427,1.737018309273427,0.0
1.4226040752801823,1.4226040752801823,0.0
1.6662743237472981,1.6662743237472981,0.0
1.4890360523813038,1.4890360523813038,0.0
1.4516534969751989,1.4516534969751989,0.0
1.238046323621021,1.238046323621021,0.0
0.686771675088451,0.686771675088451,0.0
1.2698893556597888,1.2698893556597888,0.0
1.5115731064669151,1.5115731064669151,0.0
2.034879428967524,2.034879428967524,0.0
1.5239935422680286,1.5239935422680286,0.0
1.4260791131255333,1.4260791131255333,0.0
1.7738379565146807,1.7738379565146807,0.0
2.0568866838867588,2.0568866838867588,0.0
1.2839587136534323,1.2839587136534323,0.0
1.6239950035383355,1.6239950035383355,0.0
1.287477627975116,1.287477627975116,0.0
1.1475708314907314,1.1475708314907314,0.0
1.2691536641251844,1.2691536641251844,0.0
1.0153120630135035,1.0153120630135035,0.0
1.0493836401624208,1.0493836401624208,0.0
1.737630828733917,1.737630828733917,0.0
1.5366963352191292,1.5366963352191292,0.0
0.818259605698644,0.818259605698644,0.0
0.7705729690687467,0.7705729690687467,0.0
1.0814663276204872,1.0814663276204872,0.0
1.6836137197539094,1.6836137197539094,0.0
1.45020973971613,1.45020973971613,0.0
1.044841506488647,1.044841506488647,0.0
1.2553094301294208,1.2553094301294208,0.0
1.2752519560409648,1.2752519560409648,0.0
1.8124222552584364,1.8124222552584364,0.0
1.0523991368711665,1.0523991368711665,0.0
1.6601236779336355,1.6601236779336355,0.0
1.4902892681019144,1.4902892681019144,0.0
0.6921964004496942,0.6921964004496942,0.0
0.9945882068228892,0.9945882068228892,0.0
1.283150165963609,1.283150165963609,0.0
1.0499276983147559,1.0499276983147559,0.0
0.7979753248578282,0.7979753248578282,0.0
1.5805937524036244,1.5805937524036244,0.0
1.5002313810985837,1.5002313810985837,0.0
0.9891549811942874,0.9891549811942874,0.0
1.4804558240014183,1.4804558240014183,0.0
1.5335521666096479,1.5335521666096479,0.0
0.896551754652253,0.896551754652253,0.0
1.2521817269437219,1.2521817269437219,0.0
1.4769105231927657,1.4769105231927657,0.0
1.0489641221016315,1.0489641221016315,0.0
1.0196327923623587,1.0196327923623587,0.0
1.5708858139558162,1.5708858139558162,0.0
0.4644218184965649,0.4644218184965649,0.0
0.8678924343102508,0.8678924343102508,0.0
1.1135249418096957,1.1135249418096957,0.0
0.8138405437835483,0.8138405437835483,0.0
0.9512853944373275,0.9512853944373275,0.0
0.8003398052944218,0.8003398052944218,0.0
1.8102674460177794,1.8102674460177794,0.0
1.2677853396799892,1.2677853396799892,0.0
1.6198609824769568,1.6198609824769568,0.0
1.0203445209087425,1.0203445209087425,0.0
1.318987772489259,1.318987772489259,0.0
1.115912406671063,1.115912406671063,0.0
0.8811926737722818,0.8811926737722818,0.0
1.7023866526423108,1.7023866526423108,0.0
0.6900758447753347,0.6900758447753347,0.0
1.4360042050737585,1.4360042050737585,0.0
1.6220410404086574,1.6220410404086574,0.0
1.854806456021949,1.854806456021949,0.0
1.6544739734358584,1.6544739734358584,0.0
1.3327258481224749,1.3327258481224749,0.0
1.7133723671832224,1.7133723671832224,0.0
1.4108200731719047,1.4108200731719047,0.0
0.08436372108824065,0.08436372108824065,0.0
1.6324963444851301,1.6324963444851301,0.0
0.9888363663677652,0.9888363663677652,0.0
1.1292107482422886,1.1292107482422886,0.0
1.0406988743533139,1.0406988743533139,0.0
1.6284889006521395,1.6284889006521395,0.0
1.9540358485706837,1.9540358485706837,0.0
1.3539682618843065,1.3539682618843065,0.0
1.0650968080530345,1.0650968080530345,0.0
1.4060433618704928,1.4060433618704928,0.0
1.3013244479543624,1.3013244479543624,0.0
0.8994526670711394,0.8994526670711394,0.0
1.0405392796535744,1.0405392796535744,0.0
1.088895944512021,1.088895944512021,0.0
1.7694390253797594,1.7694390253797594,0.0
1.5501291784317244,1.5501291784317244,0.0
0.7693864692548429,0.7693864692548429,0.0
0.8903791315796071,0.8903791315796071,0.0
1.6320545446277668,1.6320545446277668,0.0
1.122972996732879,1.122972996732879,0.0
1.6299846553434907,1.6299846553434907,0.0
1.4671993224053985,1.4671993224053985,0.0
1.3918325868818229,1.3918325868818229,0.0
1.85374003788894,1.85374003788894,0.0
1.7802256937284209,1.7802256937284209,0.0
1.563529340855749,1.563529340855749,0.0
1.965424211861923,1.965424211861923,0.0
1.6048640778159675,1.6048640778159675,0.0
1.2122692628763048,1.2122692628763048,0.0
1.3569407120563153,1.3569407120563153,0.0
0.8566030740974911,0.8566030740974911,0.0
0.6861516545805124,0.6861516545805124,0.0
1.0360919932125081,1.0360919932125081,0.0
1.2609973134633075,1.2609973134633075,0.0
2.0054156693425655,2.0054156693425655,0.0
1.5391235104349508,1.5391235104349508,0.0
1.7012973111405627,1.7012973111405627,0.0
1.4304624856157464,1.4304624856157464,0.0
1.0846964460397668,1.0846964460397668,0.0
1.4587442624285851,1.4587442624285851,0.0
1.6370034984416584,1.6370034984416584,0.0
1.5118621873402156,1.5118621873402156,0.0
1.410506544446493,1.410506544446493,0.0
1.4755758591000794,1.4755758591000794,0.0
0.887803706529032,0.887803706529032,0.0
1.53284541598164,1.53284541598164,0.0
0.8559271563428542,0.8559271563428542,0.0
1.961604313602753,1.961604313602753,0.0
1.3559333533381583,1.3559333533381583,0.0
1.0056480888505894,1.0056480888505894,0.0
1.407539795756023,1.407539795756023,0.0
1.3198540335111657,1.3198540335111657,0.0
0.7906019415205198,0.7906019415205198,0.0
0.8497100909367132,0.8497100909367132,0.0
1.2002997967116675,1.2002997967116675,0.0
1.9684845583231632,1.9684845583231632,0.0
1.8082257817018361,1.8082257817018361,0.0
1.4246504008437848,1.4246504008437848,0.0
0.7182264773877163,0.7182264773877163,0.0
1.2693729491670405,1.2693729491670405,0.0
1.6101097587173765,1.6101097587173765,0.0
1.2721711735683594,1.2721711735683594,0.0
0.5945437634642811,0.5945437634642811,0.0
1.2456995351801932,1.2456995351801932,0.0
1.4907680299083386,1.4907680299083386,0.0
2.0273669984822527,2.0273669984822527,0.0
1.5881095097694922,1.5881095097694922,0.0
1.754254875372366,1.754254875372366,0.0
0.8281470266010511,0.8281470266010511,0.0
1.3138212929126667,1.3138212929126667,0.0
1.3718438720783357,1.3718438720783357,0.0
0.9203008683816584,0.9203008683816584,0.0
1.6990689594507546,1.6990689594507546,0.0
0.7628396855139254,0.7628396855139254,0.0
2.250192373426912,2.250192373426912,0.0
1.4405791596229902,1.4405791596229902,0.0
1.2163342134687065,1.2163342134687065,0.0
1.6312347133892715,1.6312347133892715,0.0
2.072585437054636,2.072585437054636,0.0
1.3051032288244402,1.3051032288244402,0.0
1.6232950402912145,1.6232950402912145,0.0
0.6735094786933156,0.6735094786933156,0.0
1.2627509578526148,1.2627509578526148,0.0
1.556925396776949,1.556925396776949,0.0
1.0106439380783783,1.0106439380783783,0.0
1.4240624254993854,1.4240624254993854,0.0
0.8546618084999411,0.8546618084999411,0.0
1.7358629587905527,1.7358629587905527,0.0
1.9777290775400904,1.9777290775400904,0.0
0.7613518603952926,0.7613518603952926,0.0
1.5897751986292836,1.5897751986292836,0.0
1.5251077762610683,1.5251077762610683,0.0
1.5020996939890892,1.5020996939890892,0.0
1.6352880875588074,1.6352880875588074,0.0
2.095369896964903,2.095369896964903,0.0
0.8004477326645957,0.8004477326645957,0.0
1.7520374363564815,1.7520374363564815,0.0
1.0260610469207032,1.0260610469207032,0.0
1.4871418930633609,1.4871418930633609,0.0
1.2902065962927394,1.2902065962927394,0.0
1.2722152143888898,1.2722152143888898,0.0
1.6386431819604752,1.6386431819604752,0.0
1.747700567340738,1.747700567340738,0.0
1.595773512479982,1.595773512479982,0.0
1.7722833410278631,1.7722833410278631,0.0
1.5421579199757116,1.5421579199757116,0.0
1.3606821605232406,1.3606821605232406,0.0
1.5103558044371834,1.5103558044371834,0.0
1.2157645414464477,1.2157645414464477,0.0
1.0720474481309155,1.0720474481309155,0.0
1.6849650808822743,1.6849650808822743,0.0
1.24473707511602,1.24473707511602,0.0
0.7178220119041989,0.7178220119041989,0.0
1.4217838244144625,1.4217838244144625,0.0
1.0144371565367503,1.0144371565367503,0.0
1.1419523417575859,1.1419523417575859,0.0
1.7409147571376888,1.7409147571376888,0.0
1.3061360048868393,1.3061360048868393,0.0
1.3714301022626032,1.3714301022626032,0.0
1.0495238819794503,1.0495238819794503,0.0
1.4765763812277517,1.4765763812277517,0.0
1.060054371039186,1.060054371039186,0.0
1.1224670627896616,1.1224670627896616,0.0
1.3659691419121713,1.3659691419121713,0.0
1.852758361100109,1.852758361100109,0.0
1.3028552993679867,1.3028552993679867,0.0
1.256413359998326,1.256413359998326,0.0
1.546371245734587,1.546371245734587,0.0
1.507908847682825,1.507908847682825,0.0
1.201781171398693,1.201781171398693,0.0
1.4427260739646872,1.4427260739646872,0.0
1.330366710585853,1.330366710585853,0.0
1.3974899444251945,1.3974899444251945,0.0
1.2799705540168353,1.2799705540168353,0.0
1.038835196117235,1.038835196117235,0.0
1.4998641507191026,1.4998641507191026,0.0
1.4784533310843262,1.4784533310843262,0.0
1.5054737505538096,1.5054737505538096,0.0
1.2531342155767227,1.2531342155767227,0.0
0.6847129724971313,0.6847129724971313,0.0
1.4233201999225848,1.4233201999225848,0.0
0.8735058902715187,0.8735058902715187,0.0
1.314488385710344,1.314488385710344,0.0
0.8537932764759623,0.8537932764759623,0.0
1.4093606746692564,1.4093606746692564,0.0
1.4878714076646058,1.4878714076646058,0.0
1.4310405932757906,1.4310405932757906,0.0
1.6292729206013967,1.6292729206013967,0.0
2.0033675926696173,2.0033675926696173,0.0
1.4574676977868697,1.4574676977868697,0.0
1.5532148294554917,1.5532148294554917,0.0
1.2051007745153068,1.2051007745153068,0.0
1.4771969115649366,1.4771969115649366,0.0
0.8777956202316537,0.8777956202316537,0.0
1.392810467937767,1.392810467937767,0.0
1.6232288386651486,1.6232288386651486,0.0
1.1606136677650447,1.1606136677650447,0.0
1.2523853413649042,1.2523853413649042,0.0
1.223910938144327,1.223910938144327,0.0
1.5185595262251392,1.5185595262251392,0.0
1.5861056156303144,1.5861056156303144,0.0
1.3144332499128302,1.3144332499128302,0.0
1.593440255644484,1.593440255644484,0.0
1.9746775835800656,1.9746775835800656,0.0
1.402097848230705,1.402097848230705,0.0
1.1727848250213793,1.1727848250213793,0.0
1.2539922754261992,1.2539922754261992,0.0
1.420598192074034,1.420598192074034,0.0
1.498184663211343,1.498184663211343,0.0
0.6216036984176019,0.6216036984176019,0.0
2.0055237442661698,2.0055237442661698,0.0
0.2610165741117343,0.2610165741117343,0.0
1.1737939686054644,1.1737939686054644,0.0
1.4986103186016695,1.4986103186016695,0.0
1.1759150920575308,1.1759150920575308,0.0
1.5834390521382011,1.5834390521382011,0.0
1.2236425410926317,1.2236425410926317,0.0
1.3298703936997398,1.3298703936997398,0.0
1.414012318687891,1.414012318687891,0.0
1.2285222441733532,1.2285222441733532,0.0
0.6201154069899509,0.6201154069899509,0.0
1.2428129911873291,1.2428129911873291,0.0
1.855420478510822,1.855420478510822,0.0
0.05957597173039775,0.05957597173039775,0.0
0.9374105453838282,0.9374105453838282,0.0
1.6277127632859747,1.6277127632859747,0.0
0.949589552357701,0.949589552357701,0.0
1.77422970729357,1.77422970729357,0.0
1.6363922724808275,1.6363922724808275,0.0
1.8579063509579863,1.8579063509579863,0.0
1.596343761088822,1.596343761088822,0.0
1.726965440170132,1.726965440170132,0.0
1.5401789646303732,1.5401789646303732,0.0
1.3002031371996754,1.3002031371996754,0.0
1.4031306020787742,1.4031306020787742,0.0
0.5707647126830386,0.5707647126830386,0.0
1.3136343466872917,1.3136343466872917,0.0
0.7104506304459156,0.7104506304459156,0.0
1.3555345303285953,1.3555345303285953,0.0
1.4456189767368215,1.4456189767368215,0.0
1.4594632287372677,1.4594632287372677,0.0
0.7177092838422978,0.7177092838422978,0.0
1.3953341328908355,1.3953341328908355,0.0
1.9294562978731988,1.9294562978731988,0.0
1.8402126841329791,1.8402126841329791,0.0
1.5099966321829728,1.5099966321829728,0.0
1.417369390879247,1.417369390879247,0.0
0.9938091572835515,0.9938091572835515,0.0
1.513855762732064,1.513855762732064,0.0
0.12633588846955274,0.12633588846955274,0.0
1.7557658054388727,1.7557658054388727,0.0
1.5836792715614276,1.5836792715614276,0.0
2.1934941097052567,2.1934941097052567,0.0
1.7666312717272161,1.7666312717272161,0.0
0.8303939179258851,0.8303939179258851,0.0
1.3179457545980402,1.3179457545980402,0.0
1.6635091878706658,1.6635091878706658,0.0
1.194926574907932,1.194926574907932,0.0
0.9414492379499613,0.9414492379499613,0.0
1.274359403052965,1.274359403052965,0.0
0.6552648625043795,0.6552648625043795,0.0
1.2417379929882537,1.2417379929882537,0.0
0.703601652383372,0.703601652383372,0.0
1.4523579476534114,1.4523579476534114,0.0
1.5637904487354644,1.5637904487354644,0.0
1.3176102394500053,1.3176102394500053,0.0
1.1510405617590702,1.1510405617590702,0.0
1.7743422671086762,1.7743422671086762,0.0
1.484787748476248,1.484787748476248,0.0
1.7730741839685504,1.7730741839685504,0.0
1.1752330061325833,1.1752330061325833,0.0
1.019271146498536,1.019271146498536,0.0
1.6979665697889448,1.6979665697889448,0.0
1.201725707720895,1.201725707720895,0.0
1.4287785725568283,1.4287785725568283,0.0
1.9842198893662717,1.9842198893662717,0.0
1.5673727330129665,1.5673727330129665,0.0
0.8641296231706872,0.8641296231706872,0.0
1.5930138733539079,1.5930138733539079,0.0
0.7927849315572741,0.7927849315572741,0.0
0.7078462669784138,0.7078462669784138,0.0
1.3360102409939152,1.3360102409939152,0.0
0.22225192654642414,0.22225192654642414,0.0
1.1498579257693022,1.1498579257693022,0.0
1.8287994335079167,1.8287994335079167,0.0
1.2309224032369426,1.2309224032369426,0.0
1.630331824989205,1.630331824989205,0.0
1.8199724918853715,1.8199724918853715,0.0
1.0306869508921421,1.0306869508921421,0.0
1.7037338544129956,1.7037338544129956,0.0
1.922858319000597,1.922858319000597,0.0
1.5803157728551698,1.5803157728551698,0.0
1.1273220590272413,1.1273220590272413,0.0
1.5301728400718615,1.5301728400718615,0.0
1.5204380259662953,1.5204380259662953,0.0
1.653055189525116,1.653055189525116,0.0
1.7849527190325511,1.7849527190325511,0.0
1.4905584114143213,1.4905584114143213,0.0
1.7997684654504154,1.7997684654504154,0.0
1.7532841888536512,1.7532841888536512,0.0
1.0897731775862736,1.0897731775862736,0.0
1.1724940005633988,1.1724940005633988,0.0
1.7468445571641062,1.7468445571641062,0.0
1.6071959365611312,1.6071959365611312,0.0
1.3882839090800692,1.3882839090800692,0.0
1.6035592382720352,1.6035592382720352,0.0
0.8643089540568892,0.8643089540568892,0.0
1.2608890676562952,1.2608890676562952,0.0
1.4338682767457716,1.4338682767457716,0.0
1.1102614238744557,1.1102614238744557,0.0
0.9546274416865186,0.9546274416865186,0.0
1.4780674326939092,1.4780674326939092,0.0
1.8131886627623335,1.8131886627623335,0.0
1.4457670567828595,1.4457670567828595,0.0
2.054433243343196,2.054433243343196,0.0
1.2384106798792787,1.2384106798792787,0.0
1.1223499684178593,1.1223499684178593,0.0
1.594400886983443,1.594400886983443,0.0
1.1875545764481623,1.1875545764481623,0.0
1.2425706437760982,1.2425706437760982,0.0
1.6056207892859131,1.6056207892859131,0.0
0.7435579318718285,0.7435579318718285,0.0
1.0929689260053777,1.0929689260053777,0.0
1.2297538793985063,1.2297538793985063,0.0
0.9074918179554972,0.9074918179554972,0.0
1.0820310495013554,1.0820310495013554,0.0
1.1669216655551566,1.1669216655551566,0.0
1.296289660984559,1.296289660984559,0.0
1.2524412333234498,1.2524412333234498,0.0
1.6423601653433582,1.6423601653433582,0.0
1.2827169517947368,1.2827169517947368,0.0
0.8884309004487541,0.8884309004487541,0.0
1.616542086151496,1.616542086151496,0.0
1.7120631407426283,1.7120631407426283,0.0
1.464449851801628,1.464449851801628,0.0
1.547667388433903,1.547667388433903,0.0
1.767836208577803,1.767836208577803,0.0
1.2912450790804773,1.2912450790804773,0.0
0.770857768773472,0.770857768773472,0.0
1.6174346233977908,1.6174346233977908,0.0
0.850414638595467,0.850414638595467,0.0
0.8550687395203729,0.8550687395203729,0.0
1.1052802153675705,1.1052802153675705,0.0
1.5200122232498559,1.5200122232498559,0.0
1.2810038355388316,1.2810038355388316,0.0
1.0868101439229403,1.0868101439229403,0.0
1.6466039269756965,1.6466039269756965,0.0
0.9738974476333762,0.9738974476333762,0.0
1.7319294634003666,1.7319294634003666,0.0
1.653624335219794,1.653624335219794,0.0
0.34202976181128614,0.34202976181128614,0.0
1.1247126767817883,1.1247126767817883,0.0
1.3713275037091306,1.3713275037091306,0.0
0.9035946119032586,0.9035946119032586,0.0
1.4212545509265513,1.4212545509265513,0.0
1.8323231178572572,1.8323231178572572,0.0
1.2965493249721212,1.2965493249721212,0.0
0.7836756566441483,0.7836756566441483,0.0
1.7956900517256202,1.7956900517256202,0.0
0.8515572208343946,0.8515572208343946,0.0
1.359427099622422,1.359427099622422,0.0
1.2938914344540986,1.2938914344540986,0.0
1.4556856196548194,1.4556856196548194,0.0
1.7440192747081453,1.7440192747081453,0.0
1.3182129824367812,1.3182129824367812,0.0
1.7061849731122571,1.7061849731122571,0.0
1.4053703382947975,1.4053703382947975,0.0
1.8444563301301546,1.8444563301301546,0.0
0.9455002713535714,0.9455002713535714,0.0
1.5585377665902673,1.5585377665902673,0.0
1.408940780328326,1.408940780328326,0.0
1.0974158948020973,1.0974158948020973,0.0
1.1811597724148115,1.1811597724148115,0.0
1.342161978844094,1.342161978844094,0.0
1.8051789750040186,1.8051789750040186,0.0
1.6429905598180787,1.6429905598180787,0.0
1.6255641039103417,1.6255641039103417,0.0
2.009997036863261,2.009997036863261,0.0
1.1045058347901286,1.1045058347901286,0.0
1.420903964665037,1.420903964665037,0.0
1.1205341542971063,1.1205341542971063,0.0
0.8312339965898617,0.8312339965898617,0.0
0.9387417658971208,0.9387417658971208,0.0
1.5682986961350371,1.5682986961350371,0.0
1.1262939810546921,1.1262939810546921,0.0
1.04112326681647,1.04112326681647,0.0
1.4281231645324601,1.4281231645324601,0.0
1.4395267340173847,1.4395267340173847,0.0
1.2563849735938408,1.2563849735938408,0.0
1.4321025033686254,1.4321025033686254,0.0
0.9489171572310635,0.9489171572310635,0.0
1.2513094121441821,1.2513094121441821,0.0
1.3506749488196212,1.3506749488196212,0.0
0.6332747760489646,0.6332747760489646,0.0
1.5591757592694855,1.5591757592694855,0.0
1.4367484051584156,1.4367484051584156,0.0
2.0074240803042738,2.0074240803042738,0.0
1.6085716161562216,1.6085716161562216,0.0
0.7215405629664281,0.7215405629664281,0.0
1.530907442417296,1.530907442417296,0.0
1.4823884859217302,1.4823884859217302,0.0
1.6201687341690456,1.6201687341690456,0.0
1.715614030060297,1.715614030060297,0.0
1.2994702147576922,1.2994702147576922,0.0
0.5674181503003289,0.5674181503003289,0.0
1.9171640265557608,1.9171640265557608,0.0
1.3938146220727499,1.3938146220727499,0.0
1.0294023927863591,1.0294023927863591,0.0
2.279599455992255,2.279599455992255,0.0
1.56188458840214,1.56188458840214,0.0
2.055340270473647,2.055340270473647,0.0
0.5370623471536059,0.5370623471536059,0.0
1.1321949263805329,1.1321949263805329,0.0
1.7982714335544248,1.7982714335544248,0.0
1.2113337849983714,1.2113337849983714,0.0
1.2775473430502513,1.2775473430502513,0.0
0.6831657793759109,0.6831657793759109,0.0
1.052097686296686,1.052097686296686,0.0
1.1245480947096351,1.1245480947096351,0.0
0.2046718026867996,0.2046718026867996,0.0
1.5002149480116744,1.5002149480116744,0.0
1.396664479162147,1.396664479162147,0.0
1.474051195577221,1.474051195577221,0.0
1.4512801197894298,1.4512801197894298,0.0
1.7659841237270324,1.7659841237270324,0.0
1.4210009714289702,1.4210009714289702,0.0
1.6847207543251157,1.6847207543251157,0.0
1.3977953755815233,1.3977953755815233,0.0
1.7039487357533252,1.7039487357533252,0.0
1.6874938993108113,1.6874938993108113,0.0
1.2273901083445147,1.2273901083445147,0.0
1.6499351650792715,1.6499351650792715,0.0
1.550642682130675,1.550642682130675,0.0
1.7177985389216446,1.7177985389216446,0.0
0.6995229113885445,0.6995229113885445,0.0
1.3903664353099858,1.3903664353099858,0.0
1.301789635447864,1.301789635447864,0.0
1.2289998523590702,1.2289998523590702,0.0
0.9086404111807749,0.9086404111807749,0.0
1.3388556452628118,1.3388556452628118,0.0
1.359008059759925,1.359008059759925,0.0
0.8621840854087354,0.8621840854087354,0.0
1.2172952388024978,1.2172952388024978,0.0
1.1772759281243945,1.1772759281243945,0.0
1.007145188874996,1.007145188874996,0.0
0.7665466364730285,0.7665466364730285,0.0
1.4955996254671406,1.4955996254671406,0.0
0.39653332770791777,0.39653332770791777,0.0
1.9764345318854686,1.9764345318854686,0.0
1.7908743329434378,1.7908743329434378,0.0
0.6993959247503663,0.6993959247503663,0.0
1.2682134932424898,1.2682134932424898,0.0
1.849390640492735,1.849390640492735,0.0
1.7597247125409023,1.7597247125409023,0.0
1.3359296691104943,1.3359296691104943,0.0
1.6240739555766233,1.6240739555766233,0.0
0.9295179043551419,0.9295179043551419,0.0
1.2798575767238725,1.2798575767238725,0.0
1.404951641773923,1.404951641773923,0.0
1.4142948824058708,1.4142948824058708,0.0
1.4889572281388972,1.4889572281388972,0.0
1.4394640597712431,1.4394640597712431,0.0
1.2110453088505988,1.2110453088505988,0.0
0.9880201661955184,0.9880201661955184,0.0
1.4178482211706585,1.4178482211706585,0.0
0.8402613039500922,0.8402613039500922,0.0
1.4660430488628038,1.4660430488628038,0.0
0.8085576676527781,0.8085576676527781,0.0
1.634739278287361,1.634739278287361,0.0
1.434220185014852,1.434220185014852,0.0
2.3496278970632187,2.3496278970632187,0.0
0.04646299513840423,0.04646299513840423,0.0
1.8289680673123585,1.8289680673123585,0.0
1.8304102891835041,1.8304102891835041,0.0
1.1536949703593788,1.1536949703593788,0.0
0.4434751855985814,0.4434751855985814,0.0
0.9894416190452158,0.9894416190452158,0.0
1.953272195660946,1.953272195660946,0.0
1.1054411930607273,1.1054411930607273,0.0
1.6565205913801921,1.6565205913801921,0.0
1.2363587054088074,1.2363587054088074,0.0
1.8590357727893787,1.8590357727893787,0.0
1.5119879787679016,1.5119879787679016,0.0
1.589006847465884,1.589006847465884,0.0
1.0283672588607875,1.0283672588607875,0.0
1.2884857189269585,1.2884857189269585,0.0
1.509674107954325,1.509674107954325,0.0
1.917253972070105,1.917253972070105,0.0
1.4796304601296357,1.4796304601296357,0.0
1.7994073498585605,1.7994073498585605,0.0
1.0939889133421352,1.0939889133421352,0.0
1.08177104738422,1.08177104738422,0.0
1.6062832955497481,1.6062832955497481,0.0
0.5263167769834941,0.5263167769834941,0.0
1.54250169311623,1.54250169311623,0.0
1.3020568996197486,1.3020568996197486,0.0
1.70157182426736,1.70157182426736,0.0
1.4363588589429173,1.4363588589429173,0.0
1.299241974156201,1.299241974156201,0.0
1.1902855842842506,1.1902855842842506,0.0
1.5267013718272306,1.5267013718272306,0.0
1.2762233203023488,1.2762233203023488,0.0
0.981456821505695,0.981456821505695,0.0
1.3886288537659852,1.3886288537659852,0.0
1.346529177119045,1.346529177119045,0.0
1.5968081335668045,1.5968081335668045,0.0
1.4108729943948939,1.4108729943948939,0.0
1.3419285378342583,1.3419285378342583,0.0
1.1340552379494453,1.1340552379494453,0.0
1.8224422994604559,1.8224422994604559,0.0
1.3890957999453672,1.3890957999453672,0.0
1.5736477880652728,1.5736477880652728,0.0
1.4827321124206354,1.4827321124206354,0.0
1.4959493801461103,1.4959493801461103,0.0
1.6619945116544728,1.6619945116544728,0.0
1.0953729328058839,1.0953729328058839,0.0
1.3212146543520171,1.3212146543520171,0.0
0.8091665805537827,0.8091665805537827,0.0
1.4797384150647321,1.4797384150647321,0.0
1.6679780952432322,1.6679780952432322,0.0
1.0804051807110222,1.0804051807110222,0.0
1.0532825591968433,1.0532825591968433,0.0
1.0579997893181519,1.0579997893181519,0.0
1.296624534732611,1.296624534732611,0.0
1.381999353781996,1.381999353781996,0.0
1.453119110585454,1.453119110585454,0.0
1.3602355400458703,1.3602355400458703,0.0
1.3151446509773883,1.3151446509773883,0.0
1.891575634165959,1.891575634165959,0.0
1.401321437305273,1.401321437305273,0.0
1.5759257569598308,1.5759257569598308,0.0
1.2005106924573463,1.2005106924573463,0.0
1.4193101699897726,1.4193101699897726,0.0
1.4556681115921075,1.4556681115921075,0.0
1.5698093548539365,1.5698093548539365,0.0
0.8449532255228048,0.8449532255228048,0.0
0.7793687017277122,0.7793687017277122,0.0
1.8418319660815414,1.8418319660815414,0.0
1.5574580213531195,1.5574580213531195,0.0
1.5531486306772055,1.5531486306772055,0.0
1.854920369601317,1.854920369601317,0.0
1.8326753874659787,1.8326753874659787,0.0
1.4669012590496249,1.4669012590496249,0.0
1.0537992659583244,1.0537992659583244,0.0
1.6353407120580976,1.6353407120580976,0.0
0.4247489811049497,0.4247489811049497,0.0
1.6160160492433746,1.6160160492433746,0.0
1.932003598068377,1.932003598068377,0.0
1.4503941984855477,1.4503941984855477,0.0
1.466136658403782,1.466136658403782,0.0
0.894934135546058,0.894934135546058,0.0
0.7662813396052859,0.7662813396052859,0.0
0.6391081369664295,0.6391081369664295,0.0
1.9347961044739794,1.9347961044739794,0.0
1.0752465112049703,1.0752465112049703,0.0
1.551787934913616,1.551787934913616,0.0
1.525373881824247,1.525373881824247,0.0
1.5760891342868744,1.5760891342868744,0.0
1.3878152089181315,1.3878152089181315,0.0
1.6343988005984353,1.6343988005984353,0.0
2.2445046140081493,2.2445046140081493,0.0
0.6438903098116213,0.6438903098116213,0.0
0.15445077797910417,0.15445077797910417,0.0
0.7556435139176474,0.7556435139176474,0.0
1.4419821517561062,1.4419821517561062,0.0
1.4803070089352237,1.4803070089352237,0.0
0.9452757168737791,0.9452757168737791,0.0
1.2493327243483194,1.2493327243483194,0.0
1.5265379245661566,1.5265379245661566,0.0
1.4996319167914418,1.4996319167914418,0.0
1.565809081460295,1.565809081460295,0.0
1.2061698387779847,1.2061698387779847,0.0
1.471229979242157,1.471229979242157,0.0
1.6962234537820173,1.6962234537820173,0.0
1.0324471930688675,1.0324471930688675,0.0
1.0549405718560516,1.0549405718560516,0.0
1.9504146781880949,1.9504146781880949,0.0
1.0752679991189618,1.0752679991189618,0.0
1.3040316226131115,1.3040316226131115,0.0
1.3469294599661268,1.3469294599661268,0.0
1.5495937879203343,1.5495937879203343,0.0
1.1157263199631298,1.1157263199631298,0.0
1.1332024039541773,1.1332024039541773,0.0
1.632798551110681,1.632798551110681,0.0
1.7852505368883906,1.7852505368883906,0.0
1.6710334441620491,1.6710334441620491,0.0
1.3108998725901075,1.3108998725901075,0.0
1.3319316727573174,1.3319316727573174,0.0
1.0312182006785744,1.0312182006785744,0.0
1.9080321434595502,1.9080321434595502,0.0
0.7229581729092968,0.7229581729092968,0.0
1.54775097225534,1.54775097225534,0.0
1.4279560792543013,1.4279560792543013,0.0
1.0855831097534336,1.0855831097534336,0.0
1.7370650708764472,1.7370650708764472,0.0
1.4614759408598093,1.4614759408598093,0.0
1.7941806430950622,1.7941806430950622,0.0
1.96000111334675,1.96000111334675,0.0
1.8768301560500387,1.8768301560500387,0.0
0.9385587643840207,0.9385587643840207,0.0
1.0848420498459397,1.0848420498459397,0.0
1.9752187929877985,1.9752187929877985,0.0
1.6846233117625316,1.6846233117625316,0.0
0.6930191367210476,0.6930191367210476,0.0
1.0971637778801153,1.0971637778801153,0.0
1.5968500019193974,1.5968500019193974,0.0
1.9298533034063172,1.9298533034063172,0.0
0.7503601666406374,0.7503601666406374,0.0
2.0526782714835656,2.0526782714835656,0.0
1.5799718489068793,1.5799718489068793,0.0
1.5542967019885898,1.5542967019885898,0.0
1.6783768454479358,1.6783768454479358,0.0
0.9558842666977915,0.9558842666977915,0.0
1.4249063291299484,1.4249063291299484,0.0
1.3202425635465969,1.3202425635465969,0.0
1.1522424958002389,1.1522424958002389,0.0
1.6700885589158136,1.6700885589158136,0.0
0.9898397602960068,0.9898397602960068,0.0
2.119057732235262,2.119057732235262,0.0
1.6123844368715599,1.6123844368715599,0.0
1.7477081901784002,1.7477081901784002,0.0
1.4559357750819164,1.4559357750819164,0.0
1.9405887454648931,1.9405887454648931,0.0
0.9570113346183122,0.9570113346183122,0.0
0.7371155666573476,0.7371155666573476,0.0
2.3534799013671455,2.3534799013671455,0.0
1.3780518526921655,1.3780518526921655,0.0
0.8432387624557118,0.8432387624557118,0.0
0.8944527389449523,0.8944527389449523,0.0
1.4368310940400595,1.4368310940400595,0.0
1.1290492158366128,1.1290492158366128,0.0
1.3664903722828732,1.3664903722828732,0.0
1.088486747246893,1.088486747246893,0.0
1.9884216429191592,1.9884216429191592,0.0
1.3261994821045624,1.3261994821045624,0.0
1.5196536418983944,1.5196536418983944,0.0
1.3943232941481956,1.3943232941481956,0.0
0.4921406994040237,0.4921406994040237,0.0
1.61401042927398,1.61401042927398,0.0
1.5337592219279053,1.5337592219279053,0.0
1.6361194819629175,1.6361194819629175,0.0
1.396529370835436,1.396529370835436,0.0
1.3607002434666204,1.3607002434666204,0.0
1.3885584944543545,1.3885584944543545,0.0
1.5138725215538062,1.5138725215538062,0.0
1.4668585187449095,1.4668585187449095,0.0
1.0749317172885156,1.0749317172885156,0.0
1.3772616657717072,1.3772616657717072,0.0
1.57220847294769,1.57220847294769,0.0
1.8195351044905184,1.8195351044905184,0.0
1.2123419273905438,1.2123419273905438,0.0
1.4926002059326435,1.4926002059326435,0.0
1.523206451038509,1.523206451038509,0.0
1.881887611829387,1.881887611829387,0.0
0.9045375395335099,0.9045375395335099,0.0
1.6197357691624745,1.6197357691624745,0.0
1.8334975929832718,1.8334975929832718,0.0
1.4994150819744965,1.4994150819744965,0.0
1.4816456903278625,1.4816456903278625,0.0
1.9422395775836516,1.9422395775836516,0.0
0.012824236510629302,0.012824236510629302,0.0
1.5924924961217932,1.5924924961217932,0.0
0.9496530253258957,0.9496530253258957,0.0
1.3865108106423918,1.3865108106423918,0.0
1.5465751625502253,1.5465751625502253,0.0
0.7899480356675804,0.7899480356675804,0.0
2.0588172457725884,2.0588172457725884,0.0
1.5771960103600693,1.5771960103600693,0.0
1.1612333892866495,1.1612333892866495,0.0
0.9585496524929029,0.9585496524929029,0.0
0.05885517066280547,0.05885517066280547,0.0
0.62666337895204,0.62666337895204,0.0
1.4306005988740071,1.4306005988740071,0.0
1.6407125000989495,1.6407125000989495,0.0
0.7945078302049549,0.7945078302049549,0.0
1.7831307085947588,1.7831307085947588,0.0
1.5677883082180721,1.5677883082180721,0.0
1.6621416713113937,1.6621416713113937,0.0
1.5349696365472765,1.5349696365472765,0.0
1.8002080473190751,1.8002080473190751,0.0
1.163671316890212,1.163671316890212,0.0
0.6912601216375469,0.6912601216375469,0.0
1.7249601030282409,1.7249601030282409,0.0
1.4993162588714446,1.4993162588714446,0.0
1.5578731752452302,1.5578731752452302,0.0
1.448258788255695,1.448258788255695,0.0
1.4082934329959678,1.4082934329959678,0.0
1.295598284850108,1.295598284850108,0.0
1.0396426451230922,1.0396426451230922,0.0
1.383977031927859,1.383977031927859,0.0
1.5538265924424446,1.5538265924424446,0.0
0.044077542104349415,0.044077542104349415,0.0
1.520179335134825,1.520179335134825,0.0
2.5264473688969438,2.5264473688969438,0.0
1.1402103848399696,1.1402103848399696,0.0
1.1372426298122875,1.1372426298122875,0.0
1.6378907048122409,1.6378907048122409,0.0
1.6010509731908757,1.6010509731908757,0.0
1.0866463998591283,1.0866463998591283,0.0
1.2107776507447219,1.2107776507447219,0.0
1.3195903995611187,1.3195903995611187,0.0
1.476833495539183,1.476833495539183,0.0
1.5350848195136602,1.5350848195136602,0.0
1.104031011910342,1.104031011910342,0.0
1.4967071964501564,1.4967071964501564,0.0
2.0452409043367274,2.0452409043367274,0.0
1.3673433169746447,1.3673433169746447,0.0
1.3441214145408495,1.3441214145408495,0.0
0.7626413209826536,0.7626413209826536,0.0
1.308190469923287,1.308190469923287,0.0
0.9277327006790421,0.9277327006790421,0.0
1.3881834961799009,1.3881834961799009,0.0
0.8539633579473286,0.8539633579473286,0.0
1.6120562794757893,1.6120562794757893,0.0
1.5798368114067365,1.5798368114067365,0.0
1.965155101383836,1.965155101383836,0.0
1.4972478590806615,1.4972478590806615,0.0
1.5612790075384626,1.5612790075384626,0.0
1.2507415131892845,1.2507415131892845,0.0
1.5957182653773667,1.5957182653773667,0.0
1.4591913981391167,1.4591913981391167,0.0
1.310316563183337,1.310316563183337,0.0
1.7243813679727478,1.7243813679727478,0.0
1.2669953680616577,1.2669953680616577,0.0
1.580920545928001,1.580920545928001,0.0
1.7510340115430887,1.7510340115430887,0.0
1.7804430434842315,1.7804430434842315,0.0
0.8498851058077999,0.8498851058077999,0.0
1.647931818158059,1.647931818158059,0.0
1.2403291153529838,1.2403291153529838,0.0
1.6278833635396472,1.6278833635396472,0.0
1.5423486555118244,1.5423486555118244,0.0
1.676434607061157,1.676434607061157,0.0
1.0946641475474335,1.0946641475474335,0.0
1.083078501773855,1.083078501773855,0.0
1.1772791278568389,1.1772791278568389,0.0
1.0111710998680465,1.0111710998680465,0.0
1.335298285392453,1.335298285392453,0.0
1.2447407111258877,1.2447407111258877,0.0
0.6963381663996517,0.6963381663996517,0.0
1.4814383062355516,1.4814383062355516,0.0
1.0044606531389142,1.0044606531389142,0.0
1.4656221429941834,1.4656221429941834,0.0
1.587137798344575,1.587137798344575,0.0
0.7745130364907438,0.7745130364907438,0.0
1.5779588303390555,1.5779588303390555,0.0
1.5390251136630968,1.5390251136630968,0.0
1.748004810789471,1.748004810789471,0.0
1.0240846479486643,1.0240846479486643,0.0
2.089185546050501,2.089185546050501,0.0
0.7109403297453071,0.7109403297453071,0.0
1.5520036357645288,1.5520036357645288,0.0
1.5321172632608973,1.5321172632608973,0.0
1.652253462946874,1.652253462946874,0.0
1.373915896027434,1.373915896027434,0.0
0.9817301155059468,0.9817301155059468,0.0
1.0007872441955905,1.0007872441955905,0.0
1.716136260636274,1.716136260636274,0.0
1.28034100946288,1.28034100946288,0.0
1.3278848942388544,1.3278848942388544,0.0
2.1318831381044188,2.1318831381044188,0.0
1.3205211089334679,1.3205211089334679,0.0
1.6221670307008398,1.6221670307008398,0.0
1.7645235409747013,1.7645235409747013,0.0
1.7400198732650058,1.7400198732650058,0.0
1.1758863354705182,1.1758863354705182,0.0
0.8624865988641385,0.8624865988641385,0.0
1.510734248126634,1.510734248126634,0.0
1.0701619970514589,1.0701619970514589,0.0
1.8026678998489714,1.8026678998489714,0.0
1.4973669643649454,1.4973669643649454,0.0
1.2076717743152534,1.2076717743152534,0.0
1.4340836838282647,1.4340836838282647,0.0
1.4197804160795322,1.4197804160795322,0.0
1.253992023114423,1.253992023114423,0.0
0.7849901146786815,0.7849901146786815,0.0
1.2179863484386442,1.2179863484386442,0.0
1.4449639933085012,1.4449639933085012,0.0
0.6597139629946706,0.6597139629946706,0.0
1.7757126704346005,1.7757126704346005,0.0
0.6935392060923334,0.6935392060923334,0.0
1.1084101723445936,1.1084101723445936,0.0
0.8171101074316746,0.8171101074316746,0.0
0.9801357013215957,0.9801357013215957,0.0
2.1108497909361885,2.1108497909361885,0.0
2.0253455647818024,2.0253455647818024,0.0
1.5584177563167958,1.5584177563167958,0.0
1.6497799994162308,1.6497799994162308,0.0
1.5199615376673963,1.5199615376673963,0.0
1.5966277525798391,1.5966277525798391,0.0
1.5633992695558163,1.5633992695558163,0.0
1.6166077611133467,1.6166077611133467,0.0
1.3768921956260387,1.3768921956260387,0.0
1.0459912554038862,1.0459912554038862,0.0
0.6403700037633522,0.6403700037633522,0.0
1.5036701346109975,1.5036701346109975,0.0
1.6098055032038734,1.6098055032038734,0.0
1.7061193884541204,1.7061193884541204,0.0
1.1318185897932234,1.1318185897932234,0.0
1.2979995707398464,1.2979995707398464,0.0
1.6169351766920064,1.6169351766920064,0.0
1.2958068988989515,1.2958068988989515,0.0
0.765116235680316,0.765116235680316,0.0
1.631577380121196,1.631577380121196,0.0
1.4989854698266403,1.4989854698266403,0.0
1.4938773259963631,1.4938773259963631,0.0
1.6702103030048587,1.6702103030048587,0.0
1.5691014261669427,1.5691014261669427,0.0
1.293492553342155,1.293492553342155,0.0
1.3530544003207154,1.3530544003207154,0.0
1.4254583789694197,1.4254583789694197,0.0
0.880085290312688,0.880085290312688,0.0
1.672276586963433,1.672276586963433,0.0
1.3999521845466736,1.3999521845466736,0.0
1.5328755087613657,1.5328755087613657,0.0
1.5310157990095357,1.5310157990095357,0.0
0.9396152784430971,0.9396152784430971,0.0
1.031348012020809,1.031348012020809,0.0
1.6287872727776118,1.6287872727776118,0.0
1.6370994765119236,1.6370994765119236,0.0
1.7295567180608415,1.7295567180608415,0.0
1.0597161573577754,1.0597161573577754,0.0
1.2900961736291385,1.2900961736291385,0.0
0.5081366465283912,0.5081366465283912,0.0
0.865270641841544,0.865270641841544,0.0
0.8816447273297713,0.8816447273297713,0.0
1.5047407533343506,1.5047407533343506,0.0
1.0858169230528236,1.0858169230528236,0.0
1.028602498754994,1.028602498754994,0.0
1.61384265824251,1.61384265824251,0.0
1.0148060994902468,1.0148060994902468,0.0
1.0434143481978007,1.0434143481978007,0.0
2.0988514516140198,2.0988514516140198,0.0
1.571651881278891,1.571651881278891,0.0
1.5927846360255982,1.5927846360255982,0.0
1.685243193798471,1.685243193798471,0.0
1.2497273653966336,1.2497273653966336,0.0
1.491698767693025,1.491698767693025,0.0
1.253216893710408,1.253216893710408,0.0
1.5081758178534743,1.5081758178534743,0.0
1.307605959299642,1.307605959299642,0.0
1.5014146415070309,1.5014146415070309,0.0
0.7662785443683066,0.7662785443683066,0.0
1.0289251726119615,1.0289251726119615,0.0
1.6549263574345945,1.6549263574345945,0.0
1.0449360664692937,1.0449360664692937,0.0
1.0203069895132235,1.0203069895132235,0.0
0.7644242108655122,0.7644242108655122,0.0
1.2042055587631078,1.2042055587631078,0.0
1.5290290178974788,1.5290290178974788,0.0
1.4201027498541503,1.4201027498541503,0.0
0.7536155600145119,0.7536155600145119,0.0
1.573965357402235,1.573965357402235,0.0
1.8347681937642324,1.8347681937642324,0.0
1.5841088232948222,1.5841088232948222,0.0
0.8403001553672655,0.8403001553672655,0.0
1.7023688214368196,1.7023688214368196,0.0
0.8205230588682888,0.8205230588682888,0.0
0.7328826602260962,0.7328826602260962,0.0
1.8638759485029528,1.8638759485029528,0.0
1.7160292824041337,1.7160292824041337,0.0
1.3411594541309921,1.3411594541309921,0.0
1.1829015371448444,1.1829015371448444,0.0
1.5743881414992025,1.5743881414992025,0.0
1.34147659905609,1.34147659905609,0.0
1.7437593184953306,1.7437593184953306,0.0
1.7188002902426482,1.7188002902426482,0.0
1.5781901071408941,1.5781901071408941,0.0
0.9421402577230547,0.9421402577230547,0.0
1.5858567312396457,1.5858567312396457,0.0
1.6539492722686826,1.6539492722686826,0.0
1.3269791060163951,1.3269791060163951,0.0
0.9500426442261839,0.9500426442261839,0.0
2.2464648419734536,2.2464648419734536,0.0
0.4019902953537453,0.4019902953537453,0.0
2.0645933086529387,2.0645933086529387,0.0
1.703696876682423,1.703696876682423,0.0
1.7938080055319725,1.7938080055319725,0.0
1.639464495504642,1.639464495504642,0.0
0.10761423691041531,0.10761423691041531,0.0
0.936582914641568,0.936582914641568,0.0
1.7651603906675333,1.7651603906675333,0.0
1.4211134920875412,1.4211134920875412,0.0
1.620802140516726,1.620802140516726,0.0
1.8465178153905533,1.8465178153905533,0.0
1.83143454028111,1.83143454028111,0.0
1.4710758648116296,1.4710758648116296,0.0
1.6788252840397437,1.6788252840397437,0.0
1.3331926088649222,1.3331926088649222,0.0
0.9755240154575366,0.9755240154575366,0.0
1.2912265189357734,1.2912265189357734,0.0
1.7305171720169137,1.7305171720169137,0.0
1.287138025870989,1.287138025870989,0.0
1.589283422447746,1.589283422447746,0.0
1.6041809170555328,1.6041809170555328,0.0
1.8159940490463085,1.8159940490463085,0.0
1.444218666376094,1.444218666376094,0.0
0.07193093331304436,0.07193093331304436,0.0
1.292212048556202,1.292212048556202,0.0
0.7584435951714481,0.7584435951714481,0.0
2.4113037988265384,2.4113037988265384,0.0
1.183283443290716,1.183283443290716,0.0
1.7696330614092282,1.7696330614092282,0.0
1.0508370426282287,1.0508370426282287,0.0
2.0883816361103045,2.0883816361103045,0.0
1.4488426760354682,1.4488426760354682,0.0
1.650522462353319,1.650522462353319,0.0
1.1732336119892508,1.1732336119892508,0.0
1.3242610583419894,1.3242610583419894,0.0
1.5417686516524696,1.5417686516524696,0.0
1.9897271827498486,1.9897271827498486,0.0
1.5842886869745765,1.5842886869745765,0.0
2.1664903763686807,2.1664903763686807,0.0
1.9124895565176563,1.9124895565176563,0.0
1.5827244796961544,1.5827244796961544,0.0
1.8244754725148125,1.8244754725148125,0.0
1.245745084284994,1.245745084284994,0.0
1.0373846579764225,1.0373846579764225,0.0
1.7280876915595165,1.7280876915595165,0.0
0.7459878520655204,0.7459878520655204,0.0
1.7269642543338362,1.7269642543338362,0.0
1.7248426168473847,1.7248426168473847,0.0
0.7919236505683394,0.7919236505683394,0.0
1.2453168355167057,1.2453168355167057,0.0
1.624468558600172,1.624468558600172,0.0
0.6095722584845519,0.6095722584845519,0.0
1.1422836609550777,1.1422836609550777,0.0
1.521760325476836,1.521760325476836,0.0
0.923558057892283,0.923558057892283,0.0
1.059777852973881,1.059777852973881,0.0
1.364408220355808,1.364408220355808,0.0
1.39715978243344,1.39715978243344,0.0
0.622580080345114,0.622580080345114,0.0
0.9441689230751782,0.9441689230751782,0.0
1.6487536972754742,1.6487536972754742,0.0
1.6054773773435111,1.6054773773435111,0.0
0.029581093815906533,0.029581093815906533,0.0
0.7144869563964661,0.7144869563964661,0.0
1.385892210268885,1.385892210268885,0.0
1.728832472516079,1.728832472516079,0.0
1.790154743496821,1.790154743496821,0.0
0.9777037966455324,0.9777037966455324,0.0
0.5022698309607155,0.5022698309607155,0.0
1.5301278178789586,1.5301278178789586,0.0
1.2828496474008335,1.2828496474008335,0.0
1.0939133687102711,1.0939133687102711,0.0
1.1001593600395791,1.1001593600395791,0.0
1.3718256810918554,1.3718256810918554,0.0
1.5439958989472955,1.5439958989472955,0.0
1.7223943600767637,1.7223943600767637,0.0
1.4558342202602295,1.4558342202602295,0.0
1.8654960840553279,1.8654960840553279,0.0
1.1978743605876276,1.1978743605876276,0.0
1.4166473495982586,1.4166473495982586,0.0
1.7565046780833444,1.7565046780833444,0.0
1.6295595937125682,1.6295595937125682,0.0
1.7914119582764538,1.7914119582764538,0.0
1.6415991517779738,1.6415991517779738,0.0
1.5731348960756766,1.5731348960756766,0.0
1.6972621536423589,1.6972621536423589,0.0
1.3351350587444553,1.3351350587444553,0.0
1.4506233578235388,1.4506233578235388,0.0
1.810802066023847,1.810802066023847,0.0
1.383871904832037,1.383871904832037,0.0
1.3856592891345618,1.3856592891345618,0.0
0.14141673001528707,0.14141673001528707,0.0
0.34816137272251546,0.34816137272251546,0.0
0.9165386750249884,0.9165386750249884,0.0
0.872372514103936,0.872372514103936,0.0
2.12476162617165,2.12476162617165,0.0
1.5546959227202417,1.5546959227202417,0.0
1.1250099419321975,1.1250099419321975,0.0
1.6435084209427182,1.6435084209427182,0.0
1.5789959038162549,1.5789959038162549,0.0
1.6599659318929365,1.6599659318929365,0.0
1.5405751876963445,1.5405751876963445,0.0
1.0036184516778246,1.0036184516778246,0.0
1.3280432410159706,1.3280432410159706,0.0
1.5982161582865224,1.5982161582865224,0.0
1.0603042140707206,1.0603042140707206,0.0
1.8302839183345352,1.8302839183345352,0.0
1.7132830554022298,1.7132830554022298,0.0
1.5079626499025596,1.5079626499025596,0.0
1.851970557645698,1.851970557645698,0.0
1.7580513851691006,1.7580513851691006,0.0
1.6525966436496955,1.6525966436496955,0.0
2.067277631216568,2.067277631216568,0.0
1.8353228887090798,1.8353228887090798,0.0
1.1147642574985548,1.1147642574985548,0.0
1.2218031640958849,1.2218031640958849,0.0
1.376848617183168,1.376848617183168,0.0
1.4405887556213406,1.4405887556213406,0.0
1.353973055319177,1.353973055319177,0.0
1.1640878988354109,1.1640878988354109,0.0
1.5194158987904773,1.5194158987904773,0.0
2.4836301762054056,2.4836301762054056,0.0
1.2073788911687304,1.2073788911687304,0.0
1.109190418000392,1.109190418000392,0.0
0.6514916894404129,0.6514916894404129,0.0
1.467592726225136,1.467592726225136,0.0
1.66952840110756,1.66952840110756,0.0
1.5174492044988799,1.5174492044988799,0.0
1.8101580158360429,1.8101580158360429,0.0
1.4746659656746057,1.4746659656746057,0.0
1.4263305044670018,1.4263305044670018,0.0
1.6406911792617613,1.6406911792617613,0.0
1.40174950781255,1.40174950781255,0.0
1.5304921127789717,1.5304921127789717,0.0
1.316874108637269,1.316874108637269,0.0
1.438711532750006,1.438711532750006,0.0
0.9015764462559226,0.9015764462559226,0.0
1.2130245629374443,1.2130245629374443,0.0
1.5491030278464588,1.5491030278464588,0.0
1.4017820131708363,1.4017820131708363,0.0
1.3293548329632783,1.3293548329632783,0.0
2.5853333969167167,2.5853333969167167,0.0
1.5000230093371492,1.5000230093371492,0.0
1.476745776920547,1.476745776920547,0.0
1.5519604333768382,1.5519604333768382,0.0
1.2791883818553205,1.2791883818553205,0.0
1.7182545595755663,1.7182545595755663,0.0
1.0149426773130583,1.0149426773130583,0.0
0.35721354534463917,0.35721354534463917,0.0
1.5917394111219474,1.5917394111219474,0.0
0.5895859282016129,0.5895859282016129,0.0
1.374342738089092,1.374342738089092,0.0
1.6290819594765127,1.6290819594765127,0.0
1.799723998655456,1.799723998655456,0.0
1.8105329566742352,1.8105329566742352,0.0
0.9831404785805915,0.9831404785805915,0.0
0.9892742859831546,0.9892742859831546,0.0
0.8492248773576807,0.8492248773576807,0.0
1.8485075810432872,1.8485075810432872,0.0
1.7106173105770184,1.7106173105770184,0.0
1.2211010947086407,1.2211010947086407,0.0
1.0022709364701856,1.0022709364701856,0.0
1.284668287346684,1.284668287346684,0.0
0.7525753404477828,0.7525753404477828,0.0
1.3483887508492438,1.3483887508492438,0.0
1.363271787326439,1.363271787326439,0.0
1.1477094494196487,1.1477094494196487,0.0
1.3456152689601577,1.3456152689601577,0.0
1.504710313427619,1.504710313427619,0.0
1.1011850165810908,1.1011850165810908,0.0
1.0136061072749223,1.0136061072749223,0.0
1.6194025876704432,1.6194025876704432,0.0
0.7780745096216868,0.7780745096216868,0.0
1.7599215183459513,1.7599215183459513,0.0
1.3859426416892908,1.3859426416892908,0.0
1.0506039678857002,1.0506039678857002,0.0
1.3972466957315577,1.3972466957315577,0.0
1.5228815524749129,1.5228815524749129,0.0
2.0104073942871072,2.0104073942871072,0.0
0.9310257928554186,0.9310257928554186,0.0
1.8208879162129494,1.8208879162129494,0.0
0.9619995437437544,0.9619995437437544,0.0
1.1622994606016164,1.1622994606016164,0.0
1.9139701522595423,1.9139701522595423,0.0
1.3253854784716383,1.3253854784716383,0.0
1.6190237382857078,1.6190237382857078,0.0
0.6823533088404319,0.6823533088404319,0.0
1.5158374810080597,1.5158374810080597,0.0
1.1833986924148694,1.1833986924148694,0.0
0.8440458507304456,0.8440458507304456,0.0
1.3520261428869833,1.3520261428869833,0.0
1.2882042247406151,1.2882042247406151,0.0
1.2297962227160175,1.2297962227160175,0.0
1.21287241287671,1.21287241287671,0.0
1.3749328786004607,1.3749328786004607,0.0
0.7506647991067065,0.7506647991067065,0.0
1.2901682725502597,1.2901682725502597,0.0
1.334539296150787,1.334539296150787,0.0
1.4073010784841393,1.4073010784841393,0.0
1.4762429845941283,1.4762429845941283,0.0
1.4189912020381754,1.4189912020381754,0.0
1.3910502169139096,1.3910502169139096,0.0
1.3384122496687876,1.3384122496687876,0.0
0.8446213664722122,0.8446213664722122,0.0
1.7486282717250392,1.7486282717250392,0.0
0.8857751203017638,0.8857751203017638,0.0
0.8762444282012019,0.8762444282012019,0.0
1.0226492708379082,1.0226492708379082,0.0
0.6208283687297236,0.6208283687297236,0.0
1.534057726230663,1.534057726230663,0.0
1.7116384191606575,1.7116384191606575,0.0
0.883051448343248,0.883051448343248,0.0
1.5415251882628391,1.5415251882628391,0.0
1.5783518593188037,1.5783518593188037,0.0
1.2640376406689642,1.2640376406689642,0.0
1.4875830016144933,1.4875830016144933,0.0
1.3909522396498442,1.3909522396498442,0.0
1.8750262524289496,1.8750262524289496,0.0
1.7174210606552787,1.7174210606552787,0.0
1.3896131599217614,1.3896131599217614,0.0
0.8506168736030807,0.8506168736030807,0.0
1.9421000509318747,1.9421000509318747,0.0
1.3769000067328063,1.3769000067328063,0.0
1.4895854553169374,1.4895854553169374,0.0
1.4923823543628272,1.4923823543628272,0.0
1.7233242063571037,1.7233242063571037,0.0
1.6451872633673505,1.6451872633673505,0.0
1.5089778914426462,1.5089778914426462,0.0
0.7858742722350532,0.7858742722350532,0.0
1.2270709093181569,1.2270709093181569,0.0
1.6615412377043544,1.6615412377043544,0.0
1.5239746087155712,1.5239746087155712,0.0
1.4389645125912727,1.4389645125912727,0.0
1.6090802703977076,1.6090802703977076,0.0
1.7510372776402232,1.7510372776402232,0.0
1.4561692809670612,1.4561692809670612,0.0
1.5032503246611286,1.5032503246611286,0.0
2.282061141658901,2.282061141658901,0.0
1.4578228533624327,1.4578228533624327,0.0
0.9246447594954109,0.9246447594954109,0.0
1.3073207806990823,1.3073207806990823,0.0
1.281445396334872,1.281445396334872,0.0
1.0195907608301715,1.0195907608301715,0.0
1.7186525108765205,1.7186525108765205,0.0
1.6831795655618058,1.6831795655618058,0.0
1.9777661515518792,1.9777661515518792,0.0
0.8313483235779998,0.8313483235779998,0.0
1.3591372266840882,1.3591372266840882,0.0
1.9165865325091838,1.9165865325091838,0.0
0.9677451534715091,0.9677451534715091,0.0
1.7590442363283196,1.7590442363283196,0.0
1.466589842430827,1.466589842430827,0.0
1.408324214057874,1.408324214057874,0.0
1.2556764464266656,1.2556764464266656,0.0
1.4400058722387794,1.4400058722387794,0.0
1.8855023099540655,1.8855023099540655,0.0
1.0325118428771822,1.0325118428771822,0.0
1.181238509990495,1.181238509990495,0.0
1.3182695704993264,1.3182695704993264,0.0
0.9294740401034739,0.9294740401034739,0.0
0.6331565696745324,0.6331565696745324,0.0
0.7963213697853503,0.7963213697853503,0.0
1.2269532857643548,1.2269532857643548,0.0
1.6038399940807957,1.6038399940807957,0.0
1.9558790593792836,1.9558790593792836,0.0
1.6324692046617038,1.6324692046617038,0.0
0.92172193198965,0.92172193198965,0.0
1.7221748385021982,1.7221748385021982,0.0
1.5587345962300403,1.5587345962300403,0.0
1.8910361184514235,1.8910361184514235,0.0
1.483185576623932,1.483185576623932,0.0
1.268046171989688,1.268046171989688,0.0
1.3501228772306244,1.3501228772306244,0.0
1.1267596001206814,1.1267596001206814,0.0
0.8180734097266933,0.8180734097266933,0.0
1.857161382974264,1.857161382974264,0.0
0.8873949670330931,0.8873949670330931,0.0
1.376591717524488,1.376591717524488,0.0
1.4891878789762312,1.4891878789762312,0.0
2.078078870733627,2.078078870733627,0.0
1.752067846036665,1.752067846036665,0.0
1.593991725002099,1.593991725002099,0.0
1.1824597309497575,1.1824597309497575,0.0
1.3891674501432223,1.3891674501432223,0.0
0.9714940941105144,0.9714940941105144,0.0
1.6368564508829195,1.6368564508829195,0.0
1.2988177148529032,1.2988177148529032,0.0
1.4009357213984934,1.4009357213984934,0.0
1.3169221263406992,1.3169221263406992,0.0
0.7466344207413842,0.7466344207413842,0.0
1.158656318158378,1.158656318158378,0.0
1.2327031103352677,1.2327031103352677,0.0
1.5880788543177717,1.5880788543177717,0.0
1.0988246480225154,1.0988246480225154,0.0
1.3941151656014872,1.3941151656014872,0.0
2.117175709106726,2.117175709106726,0.0
0.5429182915848296,0.5429182915848296,0.0
1.1715432617510702,1.1715432617510702,0.0
1.310049778509681,1.310049778509681,0.0
1.545491202611731,1.545491202611731,0.0
1.0926487981136475,1.0926487981136475,0.0
0.7682094776743197,0.7682094776743197,0.0
1.5716412787012806,1.5716412787012806,0.0
1.358100412206223,1.358100412206223,0.0
1.3348474518331912,1.3348474518331912,0.0
1.749486473627059,1.749486473627059,0.0
1.0577652290814878,1.0577652290814878,0.0
1.7621670635199143,1.7621670635199143,0.0
1.3974855890006108,1.3974855890006108,0.0
1.3781435812444203,1.3781435812444203,0.0
1.5632795727743007,1.5632795727743007,0.0
0.8955175676495087,0.8955175676495087,0.0
2.3463521665887903,2.3463521665887903,0.0
0.6753754647936673,0.6753754647936673,0.0
0.9973085237338717,0.9973085237338717,0.0
1.4455872927879079,1.4455872927879079,0.0
1.3865498009589325,1.3865498009589325,0.0
1.750282771776388,1.750282771776388,0.0
1.2473712540386392,1.2473712540386392,0.0
2.132126288202669,2.132126288202669,0.0
0.8640970426788346,0.8640970426788346,0.0
1.6511968389877618,1.6511968389877618,0.0
1.896202068760494,1.896202068760494,0.0
1.7205879068925756,1.7205879068925756,0.0
1.3867512805059603,1.3867512805059603,0.0
1.2662712030419034,1.2662712030419034,0.0
0.7459740386513097,0.7459740386513097,0.0
0.7056225037813653,0.7056225037813653,0.0
1.7417433751186573,1.7417433751186573,0.0
1.3834588165427832,1.3834588165427832,0.0
1.573500647126313,1.573500647126313,0.0
0.9013603461259597,0.9013603461259597,0.0
1.3707287772058867,1.3707287772058867,0.0
1.3862259796273948,1.3862259796273948,0.0
1.8693091483481,1.8693091483481,0.0
1.3205830151300642,1.3205830151300642,0.0
1.8049516147983968,1.8049516147983968,0.0
1.5370919096990343,1.5370919096990343,0.0
1.7505220214275534,1.7505220214275534,0.0
1.381774490680566,1.381774490680566,0.0
1.4337587629390025,1.4337587629390025,0.0
1.809246566487426,1.809246566487426,0.0
0.958834049650759,0.958834049650759,0.0
0.9967504434837678,0.9967504434837678,0.0
2.0173907285373165,2.0173907285373165,0.0
1.3049554048779322,1.3049554048779322,0.0
1.7545753721626318,1.7545753721626318,0.0
1.3710522615180463,1.3710522615180463,0.0
2.0615769739226586,2.0615769739226586,0.0
1.5559272294074347,1.5559272294074347,0.0
0.7742954576262108,0.7742954576262108,0.0
1.471192434241405,1.471192434241405,0.0
1.0464281785640297,1.0464281785640297,0.0
1.8429043292563276,1.8429043292563276,0.0
0.7472700456751245,0.7472700456751245,0.0
1.64524231790448,1.64524231790448,0.0
1.3531257254101627,1.3531257254101627,0.0
1.4735799483250938,1.4735799483250938,0.0
1.2300034891472102,1.2300034891472102,0.0
1.0837515098819435,1.0837515098819435,0.0
1.7642922593798451,1.7642922593798451,0.0
1.8797622374117138,1.8797622374117138,0.0
1.2884231261412629,1.2884231261412629,0.0
0.8115639564167381,0.8115639564167381,0.0
1.2109437665742198,1.2109437665742198,0.0
0.7047165453233816,0.7047165453233816,0.0
0.8690190281951609,0.8690190281951609,0.0
1.1078633637714037,1.1078633637714037,0.0
1.3351866597423216,1.3351866597423216,0.0
0.6847269834488866,0.6847269834488866,0.0
1.0961268853817538,1.0961268853817538,0.0
0.5769585146439856,0.5769585146439856,0.0
0.2806822310846157,0.2806822310846157,0.0
1.7399058641074452,1.7399058641074452,0.0
1.5210057940942117,1.5210057940942117,0.0
1.3470176593483008,1.3470176593483008,0.0
1.5119766332751228,1.5119766332751228,0.0
1.3969788727104953,1.3969788727104953,0.0
0.9395429818532262,0.9395429818532262,0.0
1.3732940858860745,1.3732940858860745,0.0
1.1176323080598523,1.1176323080598523,0.0
2.06284686835862,2.06284686835862,0.0
1.6130019369005644,1.6130019369005644,0.0
1.1652327149052786,1.1652327149052786,0.0
1.521299928626156,1.521299928626156,0.0
0.8725001903532352,0.8725001903532352,0.0
1.3649901034862895,1.3649901034862895,0.0
0.5901382486767588,0.5901382486767588,0.0
1.4246473694416997,1.4246473694416997,0.0
0.9680865990628362,0.9680865990628362,0.0
2.7911653539412686,2.7911653539412686,0.0
0.9321010688193354,0.9321010688193354,0.0
1.7070426349979568,1.7070426349979568,0.0
1.5877453425046815,1.5877453425046815,0.0
2.009412375692771,2.009412375692771,0.0
1.710951304797146,1.710951304797146,0.0
0.5148706607954727,0.5148706607954727,0.0
1.5099390557444414,1.5099390557444414,0.0
0.9556865633065289,0.9556865633065289,0.0
0.9800125604558424,0.9800125604558424,0.0
1.5459765373211019,1.5459765373211019,0.0
0.45698420697589487,0.45698420697589487,0.0
1.671203439395166,1.671203439395166,0.0
1.957520804783776,1.957520804783776,0.0
1.5001604564211706,1.5001604564211706,0.0
1.800201304423268,1.800201304423268,0.0
1.334977209969889,1.334977209969889,0.0
1.1742543963402785,1.1742543963402785,0.0
1.9227402537860754,1.9227402537860754,0.0
1.107200165371432,1.107200165371432,0.0
1.8550120541023523,1.8550120541023523,0.0
1.304153915008578,1.304153915008578,0.0
1.409900002389936,1.409900002389936,0.0
1.5448962723663149,1.5448962723663149,0.0
1.5580755999892375,1.5580755999892375,0.0
1.4304906357597154,1.4304906357597154,0.0
1.1597219547593067,1.1597219547593067,0.0
1.5535752830393528,1.5535752830393528,0.0
1.6557412062533825,1.6557412062533825,0.0
1.2928808316537197,1.2928808316537197,0.0
1.5399836453414766,1.5399836453414766,0.0
1.5535834024792554,1.5535834024792554,0.0
1.3641482914950633,1.3641482914950633,0.0
1.5292594827774308,1.5292594827774308,0.0
1.363239317637407,1.363239317637407,0.0
1.737033326511626,1.737033326511626,0.0
1.2689508002659107,1.2689508002659107,0.0
1.8469405348997883,1.8469405348997883,0.0
1.4368885298177274,1.4368885298177274,0.0
1.4994483347557632,1.4994483347557632,0.0
1.201990479352268,1.201990479352268,0.0
1.6392215772224903,1.6392215772224903,0.0
1.346208179112772,1.346208179112772,0.0
1.6072683705995952,1.6072683705995952,0.0
2.0140006113958977,2.0140006113958977,0.0
1.5097408830219392,1.5097408830219392,0.0
1.8774032404982537,1.8774032404982537,0.0
1.4484026580901372,1.4484026580901372,0.0
0.8518900972406322,0.8518900972406322,0.0
1.648416317261874,1.648416317261874,0.0
1.4210294060795448,1.4210294060795448,0.0
1.0380704808915049,1.0380704808915049,0.0
0.8589540745344386,0.8589540745344386,0.0
1.4059636836648257,1.4059636836648257,0.0
1.793147699644037,1.793147699644037,0.0
1.4002435717938457,1.4002435717938457,0.0
1.495388593203295,1.495388593203295,0.0
1.2977769728818558,1.2977769728818558,0.0
1.8102078635459267,1.8102078635459267,0.0
1.817711688786688,1.817711688786688,0.0
1.4504990990322804,1.4504990990322804,0.0
1.259866392766442,1.259866392766442,0.0
1.505950802574199,1.505950802574199,0.0
1.5825574244217984,1.5825574244217984,0.0
1.5900816247464278,1.5900816247464278,0.0
1.7634566263222142,1.7634566263222142,0.0
0.6941819634331092,0.6941819634331092,0.0
0.8223619959293861,0.8223619959293861,0.0
0.9297098003347892,0.9297098003347892,0.0
1.4246898384322528,1.4246898384322528,0.0
1.0672600604976965,1.0672600604976965,0.0
1.6801073411654701,1.6801073411654701,0.0
1.134376832787505,1.134376832787505,0.0
1.4861309510247138,1.4861309510247138,0.0
1.8743264235344517,1.8743264235344517,0.0
1.6512011827411457,1.6512011827411457,0.0
1.2661143227597886,1.2661143227597886,0.0
1.4987502419557268,1.4987502419557268,0.0
1.3812077872794675,1.3812077872794675,0.0
1.196661648666658,1.196661648666658,0.0
2.037744986743555,2.037744986743555,0.0
1.475653468805031,1.475653468805031,0.0
1.345607327498732,1.345607327498732,0.0
1.4166592934282871,1.4166592934282871,0.0
1.3931137653278396,1.3931137653278396,0.0
1.142936325376473,1.142936325376473,0.0
0.8023683160063168,0.8023683160063168,0.0
2.4312502415948947,2.4312502415948947,0.0
1.0872215625956505,1.0872215625956505,0.0
1.4898396506799023,1.4898396506799023,0.0
0.9998350593173135,0.9998350593173135,0.0
1.505323001687925,1.505323001687925,0.0
1.848345530912777,1.848345530912777,0.0
1.896050863399149,1.896050863399149,0.0
1.843241222670154,1.843241222670154,0.0
1.1353440053182724,1.1353440053182724,0.0
1.4113209472175074,1.4113209472175074,0.0
1.2634937828694253,1.2634937828694253,0.0
1.2215862910164057,1.2215862910164057,0.0
0.853350094180821,0.853350094180821,0.0
1.5255522702722772,1.5255522702722772,0.0
1.723857774331633,1.723857774331633,0.0
1.0805896970801205,1.0805896970801205,0.0
0.6945502605845778,0.6945502605845778,0.0
1.5146032224572656,1.5146032224572656,0.0
1.4593231397380309,1.4593231397380309,0.0
1.4314468386452677,1.4314468386452677,0.0
1.5715402724279348,1.5715402724279348,0.0
1.7255423647018275,1.7255423647018275,0.0
0.898353891619716,0.898353891619716,0.0
1.633094957521576,1.633094957521576,0.0
0.8349966948428468,0.8349966948428468,0.0
1.5437361749650094,1.5437361749650094,0.0
1.3168903446371136,1.3168903446371136,0.0
1.3401557262972195,1.3401557262972195,0.0
1.1836090055623252,1.1836090055623252,0.0
2.1284102104133433,2.1284102104133433,0.0
1.3480570807163006,1.3480570807163006,0.0
1.008249214261312,1.008249214261312,0.0
1.5632966024767807,1.5632966024767807,0.0
1.7086698632520445,1.7086698632520445,0.0
1.4463042367514112,1.4463042367514112,0.0
1.0913931163804864,1.0913931163804864,0.0
1.3680100234084975,1.3680100234084975,0.0
0.9488087288076253,0.9488087288076253,0.0
1.1205299395091672,1.1205299395091672,0.0
1.224325436643925,1.224325436643925,0.0
1.1413260318747418,1.1413260318747418,0.0
1.401527001430819,1.401527001430819,0.0
1.479559490908337,1.479559490908337,0.0
1.4848407654969127,1.4848407654969127,0.0
0.9085678062032613,0.9085678062032613,0.0
1.4284168609420167,1.4284168609420167,0.0
1.5265991379014598,1.5265991379014598,0.0
1.5595964174672674,1.5595964174672674,0.0
1.2947456793064043,1.2947456793064043,0.0
1.2854267829221937,1.2854267829221937,0.0
1.862084319982779,1.862084319982779,0.0
1.4374218621263901,1.4374218621263901,0.0
1.396645117222966,1.396645117222966,0.0
1.6565189002243506,1.6565189002243506,0.0
1.2826788729138416,1.2826788729138416,0.0
1.883875988672835,1.883875988672835,0.0
1.438512177972852,1.438512177972852,0.0
1.6650695638467015,1.6650695638467015,0.0
1.0281751937127814,1.0281751937127814,0.0
1.2930985744256118,1.2930985744256118,0.0
1.2618550327077245,1.2618550327077245,0.0
2.0077610193251996,2.0077610193251996,0.0
1.41990384364153,1.41990384364153,0.0
1.0751167075647872,1.0751167075647872,0.0
1.3352435937271094,1.3352435937271094,0.0
1.4733754986043854,1.4733754986043854,0.0
1.2498947932504063,1.2498947932504063,0.0
1.154325381206752,1.154325381206752,0.0
1.96777729198188,1.96777729198188,0.0
1.3694249607364872,1.3694249607364872,0.0
1.5334898258130953,1.5334898258130953,0.0
1.2410960998543592,1.2410960998543592,0.0
0.8806114539395569,0.8806114539395569,0.0
1.828169968193465,1.828169968193465,0.0
1.706707618260371,1.706707618260371,0.0
1.6303011925012876,1.6303011925012876,0.0
2.0808520211155836,2.0808520211155836,0.0
1.4309605124133125,1.4309605124133125,0.0
0.9389070818384024,0.9389070818384024,0.0
1.7620348005639161,1.7620348005639161,0.0
1.6825920230836489,1.6825920230836489,0.0
1.22176633516478,1.22176633516478,0.0
1.4123034078080485,1.4123034078080485,0.0
1.2310948252876848,1.2310948252876848,0.0
1.400405552600468,1.400405552600468,0.0
1.2814765918849078,1.2814765918849078,0.0
1.5716540401384376,1.5716540401384376,0.0
0.9222805158702984,0.9222805158702984,0.0
1.639401824113609,1.639401824113609,0.0
1.5865210023248963,1.5865210023248963,0.0
1.6494753631194927,1.6494753631194927,0.0
0.7751116592717501,0.7751116592717501,0.0
1.0381727391779658,1.0381727391779658,0.0
1.3816214816322867,1.3816214816322867,0.0
1.803231311510585,1.803231311510585,0.0
1.6435401197856818,1.6435401197856818,0.0
1.3851813199314034,1.3851813199314034,0.0
2.035227631013731,2.035227631013731,0.0
0.9762446778124617,0.9762446778124617,0.0
1.2750038039320588,1.2750038039320588,0.0
1.507526197450318,1.507526197450318,0.0
1.1853375009131142,1.1853375009131142,0.0
1.851388442053599,1.851388442053599,0.0
1.6030445373174558,1.6030445373174558,0.0
1.509501990559614,1.509501990559614,0.0
0.8131834583613349,0.8131834583613349,0.0
1.6532199391182245,1.6532199391182245,0.0
1.5457957186922586,1.5457957186922586,0.0
1.8048582357552483,1.8048582357552483,0.0
1.508570281920122,1.508570281920122,0.0
1.6904292751016046,1.6904292751016046,0.0
1.4612635423786657,1.4612635423786657,0.0
1.161404070963565,1.161404070963565,0.0
1.433416518119093,1.433416518119093,0.0
1.6904932118710723,1.6904932118710723,0.0
1.5829991017387695,1.5829991017387695,0.0
1.6793483984829807,1.6793483984829807,0.0
2.0222496151210536,2.0222496151210536,0.0
1.6783514224373348,1.6783514224373348,0.0
1.789975522484906,1.789975522484906,0.0
1.4639967533578766,1.4639967533578766,0.0
1.454823158864781,1.454823158864781,0.0
1.4888810725777444,1.4888810725777444,0.0
1.720940553013703,1.720940553013703,0.0
1.146927676162139,1.146927676162139,0.0
0.7826054477630053,0.7826054477630053,0.0
0.9668391917934924,0.9668391917934924,0.0
1.5078859132839906,1.5078859132839906,0.0
1.4033365374730462,1.4033365374730462,0.0
1.3461787981287119,1.3461787981287119,0.0
1.3869224613623734,1.3869224613623734,0.0
1.1430342783224223,1.1430342783224223,0.0
1.621596483416311,1.621596483416311,0.0
1.2757467770205888,1.2757467770205888,0.0
1.4466790632582451,1.4466790632582451,0.0
0.9177997229969452,0.9177997229969452,0.0
1.377077658151465,1.377077658151465,0.0
1.664425166333622,1.664425166333622,0.0
1.304875905245634,1.304875905245634,0.0
1.3858983812713517,1.3858983812713517,0.0
0.8425489047919957,0.8425489047919957,0.0
1.482812822856722,1.482812822856722,0.0
1.6057314084346386,1.6057314084346386,0.0
1.2514032151481747,1.2514032151481747,0.0
1.6141762035522242,1.6141762035522242,0.0
1.886998842997002,1.886998842997002,0.0
1.2978750470408216,1.2978750470408216,0.0
1.7420356718817858,1.7420356718817858,0.0
1.0623511064777624,1.0623511064777624,0.0
1.4731997304661304,1.4731997304661304,0.0
1.4361861515018044,1.4361861515018044,0.0
1.1843949340412985,1.1843949340412985,0.0
1.370559312479447,1.370559312479447,0.0
0.9272290394117454,0.9272290394117454,0.0
1.3982749392082443,1.3982749392082443,0.0
1.3578326986700913,1.3578326986700913,0.0
1.7972136434976462,1.7972136434976462,0.0
1.5286738546840057,1.5286738546840057,0.0
1.3013832176932068,1.3013832176932068,0.0
1.5829210641032088,1.5829210641032088,0.0
0.93348907421159,0.93348907421159,0.0
1.3731468126085542,1.3731468126085542,0.0
1.344594737938253,1.344594737938253,0.0
1.1779637468261748,1.1779637468261748,0.0
1.374283256023995,1.374283256023995,0.0
1.1282027269565367,1.1282027269565367,0.0
1.4118192525398259,1.4118192525398259,0.0
0.8241643885327077,0.8241643885327077,0.0
1.1021824012351913,1.1021824012351913,0.0
1.5582777708745057,1.5582777708745057,0.0
0.8508607654782698,0.8508607654782698,0.0
1.3854292255775453,1.3854292255775453,0.0
2.0859368071275948,2.0859368071275948,0.0
1.951974331424748,1.951974331424748,0.0
1.3947307740948287,1.3947307740948287,0.0
1.238052176406676,1.238052176406676,0.0
1.6628090494462227,1.6628090494462227,0.0
1.4793617693202645,1.4793617693202645,0.0
2.133379774046978,2.133379774046978,0.0
1.4052996515930716,1.4052996515930716,0.0
1.443935995356769,1.443935995356769,0.0
1.5364447301108333,1.5364447301108333,0.0
0.989119263452568,0.989119263452568,0.0
1.341034274185771,1.341034274185771,0.0
2.001686635572663,2.001686635572663,0.0
1.574849419953764,1.574849419953764,0.0
1.5616389534409498,1.5616389534409498,0.0
1.259228692671171,1.259228692671171,0.0
1.3581609212313646,1.3581609212313646,0.0
1.3355218659792731,1.3355218659792731,0.0
1.2869026535390893,1.2869026535390893,0.0
0.9311472893029086,0.9311472893029086,0.0
1.489765973206137,1.489765973206137,0.0
0.22203233346709092,0.22203233346709092,0.0
1.176093648413357,1.176093648413357,0.0
1.2505539179041367,1.2505539179041367,0.0
1.0725800664427008,1.0725800664427008,0.0
1.1867199707399259,1.1867199707399259,0.0
1.090539992009642,1.090539992009642,0.0
1.5303365004343281,1.5303365004343281,0.0
1.6097827711590862,1.6097827711590862,0.0
1.5175249641060806,1.5175249641060806,0.0
1.4269222163139783,1.4269222163139783,0.0
1.5831569247774109,1.5831569247774109,0.0
1.021712314119202,1.021712314119202,0.0
1.130951900836177,1.130951900836177,0.0
1.573941928133989,1.573941928133989,0.0
1.2752755336921089,1.2752755336921089,0.0
1.8728537284235511,1.8728537284235511,0.0
0.15245015410319787,0.15245015410319787,0.0
1.0566377488010938,1.0566377488010938,0.0
1.3218674737488452,1.3218674737488452,0.0
1.7014532625307695,1.7014532625307695,0.0
1.2937804538769107,1.2937804538769107,0.0
0.8053939610741986,0.8053939610741986,0.0
2.0061581131531527,2.0061581131531527,0.0
2.0641274183412435,2.0641274183412435,0.0
1.7150954234367988,1.7150954234367988,0.0
1.8879383637117133,1.8879383637117133,0.0
1.5102745270153344,1.5102745270153344,0.0
1.4855773034001292,1.4855773034001292,0.0
1.4217371724473984,1.4217371724473984,0.0
1.0217513142568213,1.0217513142568213,0.0
1.4266648758231875,1.4266648758231875,0.0
1.4015594281646855,1.4015594281646855,0.0
0.6406629415687888,0.6406629415687888,0.0
1.490527222548323,1.490527222548323,0.0
1.8283621002314772,1.8283621002314772,0.0
0.7256471797453266,0.7256471797453266,0.0
1.3687950035128906,1.3687950035128906,0.0
2.056187241981524,2.056187241981524,0.0
1.6860567360523981,1.6860567360523981,0.0
1.511447781414878,1.511447781414878,0.0
1.4723922802440907,1.4723922802440907,0.0
1.533661075857486,1.533661075857486,0.0
1.443321132239911,1.443321132239911,0.0
1.9107810759883843,1.9107810759883843,0.0
1.8153242945542303,1.8153242945542303,0.0
0.8172477635762686,0.8172477635762686,0.0
0.9788298159525506,0.9788298159525506,0.0
1.35018020581943,1.35018020581943,0.0
1.390746747013697,1.390746747013697,0.0
1.4903836332818314,1.4903836332818314,0.0
1.2181964826241822,1.2181964826241822,0.0
1.1094090655833384,1.1094090655833384,0.0
1.275520394778558,1.275520394778558,0.0
1.8033102865774175,1.8033102865774175,0.0
0.9864361010779933,0.9864361010779933,0.0
1.2860350008173085,1.2860350008173085,0.0
1.4418014225528302,1.4418014225528302,0.0
1.2701957808646258,1.2701957808646258,0.0
2.0612875686067063,2.0612875686067063,0.0
1.5368933445940407,1.5368933445940407,0.0
0.5428766864479682,0.5428766864479682,0.0
1.5956838678121459,1.5956838678121459,0.0
0.642578424086408,0.642578424086408,0.0
1.5841825594108676,1.5841825594108676,0.0
1.5820484294613366,1.5820484294613366,0.0
1.7888970656928773,1.7888970656928773,0.0
1.46449246197541,1.46449246197541,0.0
1.735615418865773,1.735615418865773,0.0
0.9033066451990841,0.9033066451990841,0.0
1.719927792448055,1.719927792448055,0.0
1.2353486349128906,1.2353486349128906,0.0
1.5422077565572514,1.5422077565572514,0.0
1.2206911517127887,1.2206911517127887,0.0
1.592495556074663,1.592495556074663,0.0
1.6131215417369724,1.6131215417369724,0.0
0.670981983847616,0.670981983847616,0.0
1.5209660329238346,1.5209660329238346,0.0
0.6133353994671081,0.6133353994671081,0.0
1.4790888893796386,1.4790888893796386,0.0
1.6141882626363695,1.6141882626363695,0.0
1.331573315668789,1.331573315668789,0.0
1.2145359531177216,1.2145359531177216,0.0
1.6230879558752243,1.6230879558752243,0.0
1.2488064932811156,1.2488064932811156,0.0
1.6994132470020527,1.6994132470020527,0.0
0.6919021206763962,0.6919021206763962,0.0
0.703395180613826,0.703395180613826,0.0
1.5835392470908494,1.5835392470908494,0.0
1.4915819450398817,1.4915819450398817,0.0
1.4479094961630055,1.4479094961630055,0.0
0.7889538449760296,0.7889538449760296,0.0
1.0694964024572173,1.0694964024572173,0.0
1.5182253180316436,1.5182253180316436,0.0
1.2085039743082886,1.2085039743082886,0.0
1.4426304067118896,1.4426304067118896,0.0
1.1898148333787701,1.1898148333787701,0.0
1.7207331458888238,1.7207331458888238,0.0
1.6023951764954298,1.6023951764954298,0.0
2.0194443753928315,2.0194443753928315,0.0
1.5474358882954804,1.5474358882954804,0.0
1.138321593846604,1.138321593846604,0.0
1.5889396080369051,1.5889396080369051,0.0
2.0764713820399447,2.0764713820399447,0.0
1.205172783831749,1.205172783831749,0.0
1.3003337344393866,1.3003337344393866,0.0
1.0904587367425815,1.0904587367425815,0.0
1.5720768443342168,1.5720768443342168,0.0
0.9006745012400817,0.9006745012400817,0.0
1.5255997338886012,1.5255997338886012,0.0
1.695915573026199,1.695915573026199,0.0
1.6030657233677486,1.6030657233677486,0.0
1.4011653199691443,1.4011653199691443,0.0
1.1612718475295993,1.1612718475295993,0.0
1.6892004876960514,1.6892004876960514,0.0
1.3627881071338024,1.3627881071338024,0.0
0.8860367341615422,0.8860367341615422,0.0
1.072441196901515,1.072441196901515,0.0
1.5638671052700102,1.5638671052700102,0.0
1.6809869067732177,1.6809869067732177,0.0
0.6705905992006016,0.6705905992006016,0.0
1.244599668645172,1.244599668645172,0.0
0.9338771910862146,0.9338771910862146,0.0
1.3509672052744484,1.3509672052744484,0.0
0.6812539608781726,0.6812539608781726,0.0
1.668711678493989,1.668711678493989,0.0
1.2194365152239715,1.2194365152239715,0.0
1.4706501553731548,1.4706501553731548,0.0
1.594957824934492,1.594957824934492,0.0
1.200425055750667,1.200425055750667,0.0
2.272083042730404,2.272083042730404,0.0
1.4973726762846413,1.4973726762846413,0.0
1.2748244858441187,1.2748244858441187,0.0
1.3380463810081278,1.3380463810081278,0.0
1.4929495962396786,1.4929495962396786,0.0
1.1580569951087634,1.1580569951087634,0.0
1.2690054858702526,1.2690054858702526,0.0
0.991319736453742,0.991319736453742,0.0
1.481322194147425,1.481322194147425,0.0
1.24157997423393,1.24157997423393,0.0
0.9253051624885887,0.9253051624885887,0.0
1.4244836476653282,1.4244836476653282,0.0
0.46490473223315076,0.46490473223315076,0.0
2.041936833599188,2.041936833599188,0.0
1.5038402856905986,1.5038402856905986,0.0
1.9358219287251393,1.9358219287251393,0.0
1.0670298569497867,1.0670298569497867,0.0
0.06424242250495485,0.06424242250495485,0.0
1.7663058893820234,1.7663058893820234,0.0
1.5102335197591568,1.5102335197591568,0.0
1.8002955158146798,1.8002955158146798,0.0
1.6560808298811744,1.6560808298811744,0.0
0.9036100750185049,0.9036100750185049,0.0
1.5501924202324455,1.5501924202324455,0.0
0.7591699966859888,0.7591699966859888,0.0
1.3750964256797376,1.3750964256797376,0.0
1.3886529118017228,1.3886529118017228,0.0
0.7456917194633075,0.7456917194633075,0.0
1.5021475956604788,1.5021475956604788,0.0
1.4638942979952727,1.4638942979952727,0.0
1.6253409875265359,1.6253409875265359,0.0
1.5160891442885842,1.5160891442885842,0.0
0.6303653353464408,0.6303653353464408,0.0
1.465863915668853,1.465863915668853,0.0
1.297052092567077,1.297052092567077,0.0
1.934176679094587,1.934176679094587,0.0
1.8227381479311164,1.8227381479311164,0.0
0.8011466668052499,0.8011466668052499,0.0
2.0568698699934527,2.0568698699934527,0.0
1.6482413710170234,1.6482413710170234,0.0
1.3850225794775965,1.3850225794775965,0.0
1.9481926741375872,1.9481926741375872,0.0
1.3582259160020007,1.3582259160020007,0.0
0.378381618208774,0.378381618208774,0.0
1.1328486622320115,1.1328486622320115,0.0
1.1882009620336953,1.1882009620336953,0.0
1.5362303697797894,1.5362303697797894,0.0
0.9823699147853121,0.9823699147853121,0.0
0.8285983554456767,0.8285983554456767,0.0
1.4047549719274457,1.4047549719274457,0.0
1.687273736901025,1.687273736901025,0.0
1.260251284470625,1.260251284470625,0.0
1.3679984025510694,1.3679984025510694,0.0
1.3235295792712982,1.3235295792712982,0.0
1.6451171953924026,1.6451171953924026,0.0
2.108202288582056,2.108202288582056,0.0
1.2775433495851929,1.2775433495851929,0.0
1.6459834998362153,1.6459834998362153,0.0
1.3513388532128665,1.3513388532128665,0.0
0.6767310605629888,0.6767310605629888,0.0
1.403903180668673,1.403903180668673,0.0
1.4478509867655385,1.4478509867655385,0.0
1.7089174244413077,1.7089174244413077,0.0
1.0160088082801548,1.0160088082801548,0.0
1.7392233941476332,1.7392233941476332,0.0
0.9896408055837342,0.9896408055837342,0.0
1.085179321157881,1.085179321157881,0.0
2.3469426598756256,2.3469426598756256,0.0
0.869739686096951,0.869739686096951,0.0
1.1021786406494638,1.1021786406494638,0.0
1.8971632404665981,1.8971632404665981,0.0
1.4282074823688806,1.4282074823688806,0.0
1.2229829548371483,1.2229829548371483,0.0
1.3693330694014323,1.3693330694014323,0.0
1.1256503701333131,1.1256503701333131,0.0
1.8570644280553428,1.8570644280553428,0.0
1.2588609856920163,1.2588609856920163,0.0
1.322597373670559,1.322597373670559,0.0
1.2234578089784514,1.2234578089784514,0.0
1.2101225032431502,1.2101225032431502,0.0
1.5979858288016313,1.5979858288016313,0.0
1.0136965976868058,1.0136965976868058,0.0
0.9257978405311129,0.9257978405311129,0.0
1.106875122672213,1.106875122672213,0.0
1.602586085937909,1.602586085937909,0.0
1.181636888842206,1.181636888842206,0.0
0.41419512787294394,0.41419512787294394,0.0
0.9772362501789899,0.9772362501789899,0.0
1.1200565308416497,1.1200565308416497,0.0
0.8963238435667209,0.8963238435667209,0.0
0.617270956111404,0.617270956111404,0.0
1.2159152567376594,1.2159152567376594,0.0
1.409942580130193,1.409942580130193,0.0
1.698646661790347,1.698646661790347,0.0
1.2412393354271798,1.2412393354271798,0.0
1.394864496579296,1.394864496579296,0.0
1.5399656287781989,1.5399656287781989,0.0
1.3391146820442787,1.3391146820442787,0.0
0.63798762055085,0.63798762055085,0.0
1.3969602794594465,1.3969602794594465,0.0
1.7615573228457788,1.7615573228457788,0.0
1.5336300042498494,1.5336300042498494,0.0
0.7154110822016876,0.7154110822016876,0.0
1.1292357250709337,1.1292357250709337,0.0
1.5758272171830874,1.5758272171830874,0.0
0.7952670849613368,0.7952670849613368,0.0
1.3532238548115831,1.3532238548115831,0.0
1.7960783828351736,1.7960783828351736,0.0
1.5396485735589827,1.5396485735589827,0.0
1.7130109452316922,1.7130109452316922,0.0
1.3101096295486887,1.3101096295486887,0.0
1.3122322253218772,1.3122322253218772,0.0
0.6866742897606705,0.6866742897606705,0.0
1.5737485445786759,1.5737485445786759,0.0
1.210089758823478,1.210089758823478,0.0
0.7064792418855863,0.7064792418855863,0.0
1.175523247894386,1.175523247894386,0.0
1.0652669213938881,1.0652669213938881,0.0
0.8441330385420308,0.8441330385420308,0.0
1.3231688485796405,1.3231688485796405,0.0
1.4439087859810975,1.4439087859810975,0.0
1.2641930055170796,1.2641930055170796,0.0
1.304557154085483,1.304557154085483,0.0
1.1899834789164232,1.1899834789164232,0.0
1.1765192112639602,1.1765192112639602,0.0
1.3449609586935156,1.3449609586935156,0.0
1.5814316117509422,1.5814316117509422,0.0
1.4119543064983653,1.4119543064983653,0.0
1.700646163376066,1.700646163376066,0.0
1.5365713956715794,1.5365713956715794,0.0
1.7007725068363893,1.7007725068363893,0.0
1.5508996608292045,1.5508996608292045,0.0
1.856826721181028,1.856826721181028,0.0
2.1763919218287446,2.1763919218287446,0.0
1.2028766747709625,1.2028766747709625,0.0
1.7054892870667142,1.7054892870667142,0.0
1.421695949031952,1.421695949031952,0.0
0.7722342903405045,0.7722342903405045,0.0
1.5995347510748144,1.5995347510748144,0.0
1.4577009089508461,1.4577009089508461,0.0
1.272347677475445,1.272347677475445,0.0
1.4137397500739965,1.4137397500739965,0.0
0.969472818873201,0.969472818873201,0.0
1.637781142874306,1.637781142874306,0.0
1.256128270237403,1.256128270237403,0.0
1.3740882658422735,1.3740882658422735,0.0
1.3197751907469866,1.3197751907469866,0.0
1.3918184197834775,1.3918184197834775,0.0
1.9443167841441,1.9443167841441,0.0
1.1406188131626,1.1406188131626,0.0
0.74885220451967,0.74885220451967,0.0
0.8105330901279809,0.8105330901279809,0.0
1.3291583667572417,1.3291583667572417,0.0
0.8796700216372056,0.8796700216372056,0.0
1.9249920695491451,1.9249920695491451,0.0
1.6927209981942761,1.6927209981942761,0.0
0.8863429871009622,0.8863429871009622,0.0
1.5813416530032962,1.5813416530032962,0.0
1.4947121136123585,1.4947121136123585,0.0
1.4139580372561467,1.4139580372561467,0.0
1.5530001745268278,1.5530001745268278,0.0
1.1810173326899704,1.1810173326899704,0.0
1.1112532584408192,1.1112532584408192,0.0
0.9243591549130589,0.9243591549130589,0.0
1.4199224981256755,1.4199224981256755,0.0
0.9299158286351065,0.9299158286351065,0.0
1.010316723150723,1.010316723150723,0.0
1.5002856649441583,1.5002856649441583,0.0
1.4672838257264094,1.4672838257264094,0.0
0.9054972142505757,0.9054972142505757,0.0
1.7751138762261955,1.7751138762261955,0.0
1.6350042240874312,1.6350042240874312,0.0
2.045396221014232,2.045396221014232,0.0
1.6519214963065216,1.6519214963065216,0.0
1.3548816689261425,1.3548816689261425,0.0
1.1365606581820453,1.1365606581820453,0.0
1.8309348493376436,1.8309348493376436,0.0
1.1240230083323641,1.1240230083323641,0.0
1.0629587721548548,1.0629587721548548,0.0
0.9582900877805857,0.9582900877805857,0.0
1.6611062635634908,1.6611062635634908,0.0
0.5992807481991534,0.5992807481991534,0.0
1.6977949459961483,1.6977949459961483,0.0
1.6151899341325426,1.6151899341325426,0.0
1.488910967990833,1.488910967990833,0.0
1.3715003336447373,1.3715003336447373,0.0
1.6875297587627387,1.6875297587627387,0.0
1.7252009685901628,1.7252009685901628,0.0
1.5170760697948837,1.5170760697948837,0.0
1.2539173301285362,1.2539173301285362,0.0
1.0171414340960783,1.0171414340960783,0.0
1.4050920570746,1.4050920570746,0.0
1.7110331297757064,1.7110331297757064,0.0
1.4644395485603976,1.4644395485603976,0.0
0.7245634802316515,0.7245634802316515,0.0
1.7549638791993416,1.7549638791993416,0.0
1.3392201575424492,1.3392201575424492,0.0
1.1393276172874465,1.1393276172874465,0.0
2.01833448812764,2.01833448812764,0.0
2.0561544263933897,2.0561544263933897,0.0
0.9234712486965819,0.9234712486965819,0.0
1.4466042480796644,1.4466042480796644,0.0
1.2916033161319658,1.2916033161319658,0.0
0.5311569161732174,0.5311569161732174,0.0
1.6009342436117415,1.6009342436117415,0.0
0.8293291255174117,0.8293291255174117,0.0
2.007159767259832,2.007159767259832,0.0
1.6759627875202208,1.6759627875202208,0.0
1.5652656189841392,1.5652656189841392,0.0
1.1814448067431929,1.1814448067431929,0.0
1.3651762737362314,1.3651762737362314,0.0
1.131891334023217,1.131891334023217,0.0
1.674109999158438,1.674109999158438,0.0
1.3336687510926055,1.3336687510926055,0.0
0.1477651267309708,0.1477651267309708,0.0
1.5553159085091273,1.5553159085091273,0.0
1.7862009254661606,1.7862009254661606,0.0
1.3210682982899562,1.3210682982899562,0.0
0.9006171361992424,0.9006171361992424,0.0
1.4192822328163612,1.4192822328163612,0.0
0.896516303371597,0.896516303371597,0.0
1.262213192360425,1.262213192360425,0.0
1.4797621993142316,1.4797621993142316,0.0
1.018291812852929,1.018291812852929,0.0
1.102488555262779,1.102488555262779,0.0
0.8667890576420918,0.8667890576420918,0.0
0.9274616430960356,0.9274616430960356,0.0
1.370502244681383,1.370502244681383,0.0
1.46862356886571,1.46862356886571,0.0
2.3648046034890116,2.3648046034890116,0.0
1.622038926736538,1.622038926736538,0.0
1.5954628873671117,1.5954628873671117,0.0
1.4943859584806436,1.4943859584806436,0.0
1.3330775536886519,1.3330775536886519,0.0
1.3571490995732631,1.3571490995732631,0.0
0.9629487210868625,0.9629487210868625,0.0
1.2531853046293606,1.2531853046293606,0.0
1.5745982636072635,1.5745982636072635,0.0
1.391317017672015,1.391317017672015,0.0
0.9685919526148408,0.9685919526148408,0.0
0.6587739520783079,0.6587739520783079,0.0
0.6164030853957413,0.6164030853957413,0.0
2.181679581651739,2.181679581651739,0.0
1.6183859792935782,1.6183859792935782,0.0
1.597742200909168,1.597742200909168,0.0
1.8353026385521383,1.8353026385521383,0.0
1.540682369614047,1.540682369614047,0.0
1.5325502216656601,1.5325502216656601,0.0
0.818128668931638,0.818128668931638,0.0
1.4470012112425998,1.4470012112425998,0.0
1.4251207541731177,1.4251207541731177,0.0
1.0916985247514401,1.0916985247514401,0.0
1.2973471243798473,1.2973471243798473,0.0
1.2652231384904067,1.2652231384904067,0.0
2.009109570173456,2.009109570173456,0.0
1.7754080120130082,1.7754080120130082,0.0
1.0113711886926626,1.0113711886926626,0.0
1.3989827229882243,1.3989827229882243,0.0
1.276802276978717,1.276802276978717,0.0
1.313045738659673,1.313045738659673,0.0
1.3600841927604366,1.3600841927604366,0.0
0.7541870779705266,0.7541870779705266,0.0
1.3904912173406347,1.3904912173406347,0.0
0.26732551522136155,0.26732551522136155,0.0
1.1407066193312352,1.1407066193312352,0.0
1.687492010106252,1.687492010106252,0.0
1.454685726825209,1.454685726825209,0.0
1.0138094964754907,1.0138094964754907,0.0
1.8197182177590185,1.8197182177590185,0.0
1.6958777950565658,1.6958777950565658,0.0
0.8770775803804995,0.8770775803804995,0.0
1.3646423194387336,1.3646423194387336,0.0
1.6193311886363018,1.6193311886363018,0.0
0.7776291353031024,0.7776291353031024,0.0
2.0119155660822687,2.0119155660822687,0.0
1.0281726551941117,1.0281726551941117,0.0
0.7431536758280908,0.7431536758280908,0.0
1.5402098736307606,1.5402098736307606,0.0
1.5146982010544008,1.5146982010544008,0.0
1.1236538625487082,1.1236538625487082,0.0
1.3197878272850854,1.3197878272850854,0.0
1.612594002987887,1.612594002987887,0.0
1.4543079845305222,1.4543079845305222,0.0
1.540016900738904,1.540016900738904,0.0
0.6291467768246767,0.6291467768246767,0.0
1.581524014488959,1.581524014488959,0.0
1.3241175087215744,1.3241175087215744,0.0
1.711538887177089,1.711538887177089,0.0
1.0910804610554106,1.0910804610554106,0.0
0.05676737349697348,0.05676737349697348,0.0
1.7436025160480966,1.7436025160480966,0.0
1.963151652563519,1.963151652563519,0.0
1.2934681120511247,1.2934681120511247,0.0
1.2219172049439122,1.2219172049439122,0.0
1.5886126932466687,1.5886126932466687,0.0
2.2204008761381835,2.2204008761381835,0.0
1.4312564333543343,1.4312564333543343,0.0
2.350720334862607,2.350720334862607,0.0
1.0130971635882215,1.0130971635882215,0.0
0.9353040250230257,0.9353040250230257,0.0
1.3096349069856656,1.3096349069856656,0.0
0.7747855003603304,0.7747855003603304,0.0
0.85039096584393,0.85039096584393,0.0
1.4818987978103815,1.4818987978103815,0.0
1.5220621442934672,1.5220621442934672,0.0
0.8244743576937963,0.8244743576937963,0.0
0.6923748450551753,0.6923748450551753,0.0
1.377379044452176,1.377379044452176,0.0
0.589108843997091,0.589108843997091,0.0
1.3448846323639703,1.3448846323639703,0.0
1.8137718433745167,1.8137718433745167,0.0
1.2732922827762332,1.2732922827762332,0.0
1.473355065275877,1.473355065275877,0.0
1.524223578075484,1.524223578075484,0.0
1.1945372868571498,1.1945372868571498,0.0
1.4420031394673374,1.4420031394673374,0.0
1.6032842550451163,1.6032842550451163,0.0
1.4777900883379584,1.4777900883379584,0.0
1.1697647769316786,1.1697647769316786,0.0
1.6454879251603998,1.6454879251603998,0.0
1.4771780468839186,1.4771780468839186,0.0
1.3370669550318528,1.3370669550318528,0.0
1.090605769390534,1.090605769390534,0.0
1.0093066699145177,1.0093066699145177,0.0
1.278835752917372,1.278835752917372,0.0
1.6180315606679112,1.6180315606679112,0.0
1.8590662297432852,1.8590662297432852,0.0
1.3125441980143373,1.3125441980143373,0.0
1.5978939735407134,1.5978939735407134,0.0
1.3769087895749887,1.3769087895749887,0.0
1.431364693148964,1.431364693148964,0.0
1.158319017845444,1.158319017845444,0.0
0.6249771978436406,0.6249771978436406,0.0
1.4332692740124315,1.4332692740124315,0.0
1.8025786632833285,1.8025786632833285,0.0
1.408731841374075,1.408731841374075,0.0
1.3670446165284327,1.3670446165284327,0.0
1.3738629344539022,1.3738629344539022,0.0
0.23402335703779645,0.23402335703779645,0.0
0.8796755302149246,0.8796755302149246,0.0
1.0727490063121696,1.0727490063121696,0.0
1.702791237015386,1.702791237015386,0.0
0.9480411057101651,0.9480411057101651,0.0
0.9968029242462761,0.9968029242462761,0.0
1.761071193962342,1.761071193962342,0.0
1.8704292785992727,1.8704292785992727,0.0
1.3096923917593388,1.3096923917593388,0.0
1.51618910221304,1.51618910221304,0.0
1.2178609724194798,1.2178609724194798,0.0
1.3184047170461577,1.3184047170461577,0.0
1.2744747725658856,1.2744747725658856,0.0
1.2371301979851907,1.2371301979851907,0.0
1.7164945751912646,1.7164945751912646,0.0
1.1555234735295592,1.1555234735295592,0.0
0.8321548049109224,0.8321548049109224,0.0
1.685687623009909,1.685687623009909,0.0
1.163276736269566,1.163276736269566,0.0
1.4360390675515857,1.4360390675515857,0.0
1.6016110509386787,1.6016110509386787,0.0
1.2308159879100224,1.2308159879100224,0.0
1.4209749548427901,1.4209749548427901,0.0
1.7755958489056016,1.7755958489056016,0.0
1.2652671843263799,1.2652671843263799,0.0
0.7764853353234222,0.7764853353234222,0.0
0.8815516767100149,0.8815516767100149,0.0
1.1637303253882492,1.1637303253882492,0.0
1.2582735359157131,1.2582735359157131,0.0
1.2050322653909455,1.2050322653909455,0.0
1.717189244374423,1.717189244374423,0.0
1.6518981778905129,1.6518981778905129,0.0
1.471192434241405,1.471192434241405,0.0
1.903440847410266,1.903440847410266,0.0
0.8341732714014416,0.8341732714014416,0.0
1.3992635338738,1.3992635338738,0.0
1.8385173131194832,1.8385173131194832,0.0
0.9068561570335245,0.9068561570335245,0.0
0.7771201071603019,0.7771201071603019,0.0
1.1576432630012516,1.1576432630012516,0.0
1.72732486895459,1.72732486895459,0.0
1.7055872868333375,1.7055872868333375,0.0
1.013682698888461,1.013682698888461,0.0
1.4440266443283722,1.4440266443283722,0.0
0.639080417443036,0.639080417443036,0.0
1.6051934881316652,1.6051934881316652,0.0
1.2684702372924948,1.2684702372924948,0.0
1.8395836843343787,1.8395836843343787,0.0
1.5739239701330663,1.5739239701330663,0.0
1.7281320825275814,1.7281320825275814,0.0
1.2682039395971498,1.2682039395971498,0.0
1.5076939691658575,1.5076939691658575,0.0
1.8135550006142322,1.8135550006142322,0.0
1.2302068288133825,1.2302068288133825,0.0
0.8377407700151609,0.8377407700151609,0.0
0.9614024135527899,0.9614024135527899,0.0
1.600858100908484,1.600858100908484,0.0
1.041694148722792,1.041694148722792,0.0
1.5056765122884845,1.5056765122884845,0.0
1.7312536127100542,1.7312536127100542,0.0
1.4173909796085011,1.4173909796085011,0.0
1.0527057426606683,1.0527057426606683,0.0
1.5486729956413305,1.5486729956413305,0.0
0.9863308945487967,0.9863308945487967,0.0
0.018170214317027908,0.018170214317027908,0.0
1.4470098723206852,1.4470098723206852,0.0
1.7038356875792569,1.7038356875792569,0.0
1.919620130411498,1.919620130411498,0.0
0.993799536061677,0.993799536061677,0.0
1.02475776657059,1.02475776657059,0.0
0.7365608300861589,0.7365608300861589,0.0
1.8398882788583286,1.8398882788583286,0.0
1.235702723228135,1.235702723228135,0.0
0.833204001500966,0.833204001500966,0.0
1.8390728658020643,1.8390728658020643,0.0
1.8592886907861175,1.8592886907861175,0.0
0.736522220156143,0.736522220156143,0.0
1.3820627600779358,1.3820627600779358,0.0
1.1511959240231882,1.1511959240231882,0.0
1.4647097882353792,1.4647097882353792,0.0
0.9646660024897404,0.9646660024897404,0.0
1.6385447411846268,1.6385447411846268,0.0
0.9442275494664321,0.9442275494664321,0.0
1.2317814919205774,1.2317814919205774,0.0
0.9993701662394423,0.9993701662394423,0.0
1.5140348290077235,1.5140348290077235,0.0
1.409335838078711,1.409335838078711,0.0
1.2298188232520233,1.2298188232520233,0.0
1.5656651271915951,1.5656651271915951,0.0
1.7118886245923872,1.7118886245923872,0.0
1.0143295269297883,1.0143295269297883,0.0
0.7812758391272832,0.7812758391272832,0.0
1.293504379216785,1.293504379216785,0.0
1.524581472179302,1.524581472179302,0.0
1.7445712481232156,1.7445712481232156,0.0
1.238921619754928,1.238921619754928,0.0
1.2951548321787905,1.2951548321787905,0.0
0.9348483681262444,0.9348483681262444,0.0
1.1039627373128047,1.1039627373128047,0.0
1.485994096124515,1.485994096124515,0.0
1.7187187012882454,1.7187187012882454,0.0
1.7403012690089659,1.7403012690089659,0.0
1.0808871683394532,1.0808871683394532,0.0
0.8677705459846191,0.8677705459846191,0.0
1.3706015420807116,1.3706015420807116,0.0
1.4797614322920654,1.4797614322920654,0.0
0.035086128387263965,0.035086128387263965,0.0
0.06724235322385527,0.06724235322385527,0.0
0.9843851107663275,0.9843851107663275,0.0
0.7403848827485953,0.7403848827485953,0.0
1.2519632725693863,1.2519632725693863,0.0
0.8050122073237655,0.8050122073237655,0.0
1.2428135851033253,1.2428135851033253,0.0
1.809707805573842,1.809707805573842,0.0
1.150053634149054,1.150053634149054,0.0
1.5158145347362038,1.5158145347362038,0.0
1.1271204759345654,1.1271204759345654,0.0
1.3198954228636328,1.3198954228636328,0.0
1.8207479420989485,1.8207479420989485,0.0
1.951885776851665,1.951885776851665,0.0
1.536428327543304,1.536428327543304,0.0
1.372953049805268,1.372953049805268,0.0
1.5140900420447316,1.5140900420447316,0.0
1.101251015812004,1.101251015812004,0.0
1.331524576968623,1.331524576968623,0.0
1.6782462766694934,1.6782462766694934,0.0
1.4788010169647365,1.4788010169647365,0.0
1.0774154934790583,1.0774154934790583,0.0
1.0297156175391458,1.0297156175391458,0.0
1.2334182876386812,1.2334182876386812,0.0
1.0056635720116391,1.0056635720116391,0.0
1.3777046819244356,1.3777046819244356,0.0
0.6989279805106406,0.6989279805106406,0.0
1.1792525710025854,1.1792525710025854,0.0
1.2113654861297474,1.2113654861297474,0.0
1.7139534449243516,1.7139534449243516,0.0
1.7339849243114973,1.7339849243114973,0.0
0.8449330471498433,0.8449330471498433,0.0
1.3126139462754938,1.3126139462754938,0.0
1.781739979574194,1.781739979574194,0.0
1.6271785660605858,1.6271785660605858,0.0
1.070900215591498,1.070900215591498,0.0
1.112505237578721,1.112505237578721,0.0
1.2650760885566872,1.2650760885566872,0.0
1.727456595615037,1.727456595615037,0.0
1.3081027303660477,1.3081027303660477,0.0
1.3722623755977414,1.3722623755977414,0.0
1.8328423884453717,1.8328423884453717,0.0
1.5462502934785618,1.5462502934785618,0.0
1.4694274583448073,1.4694274583448073,0.0
1.6539583308974088,1.6539583308974088,0.0
1.0505752045168,1.0505752045168,0.0
1.4666354596336468,1.4666354596336468,0.0
1.3295815052287308,1.3295815052287308,0.0
0.9735417867258024,0.9735417867258024,0.0
1.461039633392459,1.461039633392459,0.0
0.80489914766759,0.80489914766759,0.0
1.513031919505436,1.513031919505436,0.0
1.3775391695455972,1.3775391695455972,0.0
1.80521515865667,1.80521515865667,0.0
1.7322218544909675,1.7322218544909675,0.0
1.8234715262927645,1.8234715262927645,0.0
1.7150524279801196,1.7150524279801196,0.0
2.2311977451934712,2.2311977451934712,0.0
1.1835573372198658,1.1835573372198658,0.0
1.974467655619323,1.974467655619323,0.0
1.5073131863283744,1.5073131863283744,0.0
0.775347685195741,0.775347685195741,0.0
1.0160546165393696,1.0160546165393696,0.0
1.2862585481469724,1.2862585481469724,0.0
1.7315154630734089,1.7315154630734089,0.0
1.4367005813819835,1.4367005813819835,0.0
0.7877971612254085,0.7877971612254085,0.0
1.1843589428062045,1.1843589428062045,0.0
1.5139758219980766,1.5139758219980766,0.0
2.1347600309106443,2.1347600309106443,0.0
1.6435750770716524,1.6435750770716524,0.0
1.5867267634824667,1.5867267634824667,0.0
1.730943317641826,1.730943317641826,0.0
1.2520385783695085,1.2520385783695085,0.0
1.6623223478224822,1.6623223478224822,0.0
2.0354488203742784,2.0354488203742784,0.0
1.3010586138218885,1.3010586138218885,0.0
1.848835197379068,1.848835197379068,0.0
1.2677796487669006,1.2677796487669006,0.0
1.3363751445582934,1.3363751445582934,0.0
1.6868307929906217,1.6868307929906217,0.0
1.8893706766301985,1.8893706766301985,0.0
1.6445421379523253,1.6445421379523253,0.0
1.4491884017352004,1.4491884017352004,0.0
1.350550939269205,1.350550939269205,0.0
1.1181497742154058,1.1181497742154058,0.0
1.431638669513892,1.431638669513892,0.0
1.4513477241144603,1.4513477241144603,0.0
1.7277657824073223,1.7277657824073223,0.0
1.663690672791556,1.663690672791556,0.0
1.5775532912647148,1.5775532912647148,0.0
0.6678501620391815,0.6678501620391815,0.0
1.2590262126980718,1.2590262126980718,0.0
1.2225762048714681,1.2225762048714681,0.0
1.1310125141250091,1.1310125141250091,0.0
1.0685377677486863,1.0685377677486863,0.0
1.1983526256401562,1.1983526256401562,0.0
1.5483726663657933,1.5483726663657933,0.0
1.5422847964773172,1.5422847964773172,0.0
2.18046134485516,2.18046134485516,0.0
1.2875429094124173,1.2875429094124173,0.0
1.182105511791769,1.182105511791769,0.0
1.7130487483228192,1.7130487483228192,0.0
1.1244466928229122,1.1244466928229122,0.0
0.9906858566567415,0.9906858566567415,0.0
1.0553710663127756,1.0553710663127756,0.0
0.6638855959517415,0.6638855959517415,0.0
0.9230391065456198,0.9230391065456198,0.0
1.5454053452038239,1.5454053452038239,0.0
1.830502411497658,1.830502411497658,0.0
1.6783133032291058,1.6783133032291058,0.0
0.8117142443483497,0.8117142443483497,0.0
1.8463189290799278,1.8463189290799278,0.0
1.2186116238604734,1.2186116238604734,0.0
1.1318925291846682,1.1318925291846682,0.0
1.6134244269479743,1.6134244269479743,0.0
1.068404965151492,1.068404965151492,0.0
2.085237839219066,2.085237839219066,0.0
0.633502257026783,0.633502257026783,0.0
1.5845898656411137,1.5845898656411137,0.0
1.5932033482168786,1.5932033482168786,0.0
1.2793986623357474,1.2793986623357474,0.0
0.9390796414117554,0.9390796414117554,0.0
1.2575834005387456,1.2575834005387456,0.0
0.6070998115424336,0.6070998115424336,0.0
1.6810183425376255,1.6810183425376255,0.0
1.5254890979983018,1.5254890979983018,0.0
1.1895987713052516,1.1895987713052516,0.0
0.4389830653864317,0.4389830653864317,0.0
1.3126520222960263,1.3126520222960263,0.0
1.008720646619829,1.008720646619829,0.0
1.6536053939674533,1.6536053939674533,0.0
1.1679132876261134,1.1679132876261134,0.0
1.6423354608858685,1.6423354608858685,0.0
0.32759862105345405,0.32759862105345405,0.0
0.9641490750473626,0.9641490750473626,0.0
0.06720057377073549,0.06720057377073549,0.0
0.7643458323053102,0.7643458323053102,0.0
1.0324734428947255,1.0324734428947255,0.0
1.8392550789010593,1.8392550789010593,0.0
1.6775220435584757,1.6775220435584757,0.0
1.7789833440541563,1.7789833440541563,0.0
0.7891636399131744,0.7891636399131744,0.0
0.8680392317066458,0.8680392317066458,0.0
1.3774214687519204,1.3774214687519204,0.0
1.5385799636583573,1.5385799636583573,0.0
1.295918143273078,1.295918143273078,0.0
2.2954589244368506,2.2954589244368506,0.0
1.0664703654723091,1.0664703654723091,0.0
1.152135282078103,1.152135282078103,0.0
0.06959635277017724,0.06959635277017724,0.0
1.4469309559574268,1.4469309559574268,0.0
1.5340491129642917,1.5340491129642917,0.0
2.176018040392001,2.176018040392001,0.0
1.6048218382911161,1.6048218382911161,0.0
1.898479568762027,1.898479568762027,0.0
1.3599947499346348,1.3599947499346348,0.0
1.2213876600913938,1.2213876600913938,0.0
1.5823622836627618,1.5823622836627618,0.0
1.6332284492402258,1.6332284492402258,0.0
1.4936256727504693,1.4936256727504693,0.0
1.5735338895714817,1.5735338895714817,0.0
1.2352302612321544,1.2352302612321544,0.0
1.2275870682416026,1.2275870682416026,0.0
0.9902240475130603,0.9902240475130603,0.0
1.5144544244122218,1.5144544244122218,0.0
0.816756977187446,0.816756977187446,0.0
1.3124189032255156,1.3124189032255156,0.0
0.956159262223672,0.956159262223672,0.0
1.2782198088131507,1.2782198088131507,0.0
0.961997472355907,0.961997472355907,0.0
1.3989683939333206,1.3989683939333206,0.0
1.210273286833658,1.210273286833658,0.0
0.6948665335234855,0.6948665335234855,0.0
1.2250872368740924,1.2250872368740924,0.0
1.388431649607047,1.388431649607047,0.0
0.7327595110610874,0.7327595110610874,0.0
1.8179080106199401,1.8179080106199401,0.0
1.5744165068603646,1.5744165068603646,0.0
1.423752386313661,1.423752386313661,0.0
1.5497824500492263,1.5497824500492263,0.0
1.3095634152505329,1.3095634152505329,0.0
1.8621780541742006,1.8621780541742006,0.0
1.518430590318411,1.518430590318411,0.0
1.8276568962143354,1.8276568962143354,0.0
1.3795121912802468,1.3795121912802468,0.0
0.6441299973662751,0.6441299973662751,0.0
0.46554847656664294,0.46554847656664294,0.0
1.338325613282485,1.338325613282485,0.0
1.4515082378392066,1.4515082378392066,0.0
1.1402576695859556,1.1402576695859556,0.0
1.2777749269643581,1.2777749269643581,0.0
0.7690424067550247,0.7690424067550247,0.0
1.4109346224012262,1.4109346224012262,0.0
1.6446119599339326,1.6446119599339326,0.0
0.8687977560320809,0.8687977560320809,0.0
1.458136245157096,1.458136245157096,0.0
1.17845044053038,1.17845044053038,0.0
1.4886031315773662,1.4886031315773662,0.0
1.843747626198287,1.843747626198287,0.0
1.4619585413907568,1.4619585413907568,0.0
1.4831474478060007,1.4831474478060007,0.0
1.592345892258522,1.592345892258522,0.0
1.736275812395242,1.736275812395242,0.0
1.5582403157362246,1.5582403157362246,0.0
1.394817430744792,1.394817430744792,0.0
1.8465448614147304,1.8465448614147304,0.0
1.4005672659583241,1.4005672659583241,0.0
1.4641683122534837,1.4641683122534837,0.0
1.4724351672767353,1.4724351672767353,0.0
1.9776207001137887,1.9776207001137887,0.0
1.184316729617552,1.184316729617552,0.0
1.7975752852465918,1.7975752852465918,0.0
0.8261159584735805,0.8261159584735805,0.0
1.4317289643130306,1.4317289643130306,0.0
1.350711119964686,1.350711119964686,0.0
2.0321554346110906,2.0321554346110906,0.0
1.801308936585442,1.801308936585442,0.0
1.5029161104112205,1.5029161104112205,0.0
1.6087541768413058,1.6087541768413058,0.0
1.0686739480511172,1.0686739480511172,0.0
1.677355402607107,1.677355402607107,0.0
1.256359926969609,1.256359926969609,0.0
1.4343665999790867,1.4343665999790867,0.0
1.7677970102889617,1.7677970102889617,0.0
1.268977000587233,1.268977000587233,0.0
1.0962648015242977,1.0962648015242977,0.0
1.666382085119469,1.666382085119469,0.0
1.5314501760702324,1.5314501760702324,0.0
0.7935784468848313,0.7935784468848313,0.0
1.2759456272452705,1.2759456272452705,0.0
2.392023475676537,2.392023475676537,0.0
1.2078294115380748,1.2078294115380748,0.0
1.7211174583927895,1.7211174583927895,0.0
1.4783921701617782,1.4783921701617782,0.0
1.7567845601321128,1.7567845601321128,0.0
2.0869423391908137,2.0869423391908137,0.0
1.4021663201748518,1.4021663201748518,0.0
1.496525010867898,1.496525010867898,0.0
1.9299148567615758,1.9299148567615758,0.0
1.4956359905366874,1.4956359905366874,0.0
1.62956336197873,1.62956336197873,0.0
1.732079016033345,1.732079016033345,0.0
0.5545337273904344,0.5545337273904344,0.0
1.5878520726585563,1.5878520726585563,0.0
1.771053087951728,1.771053087951728,0.0
1.3337774925395447,1.3337774925395447,0.0
0.7387335857787773,0.7387335857787773,0.0
1.0956894585084747,1.0956894585084747,0.0
1.8262272019862869,1.8262272019862869,0.0
1.0667169864540995,1.0667169864540995,0.0
1.4934087248794625,1.4934087248794625,0.0
1.7421555378226476,1.7421555378226476,0.0
1.2679637064034186,1.2679637064034186,0.0
1.1629814981181406,1.1629814981181406,0.0
0.5887785807829511,0.5887785807829511,0.0
0.9555650114908842,0.9555650114908842,0.0
1.0709925517702212,1.0709925517702212,0.0
1.5871413077310093,1.5871413077310093,0.0
1.7259124710199598,1.7259124710199598,0.0
1.3347133486860219,1.3347133486860219,0.0
1.1668010408276892,1.1668010408276892,0.0
1.5735919827690181,1.5735919827690181,0.0
1.2852418703278206,1.2852418703278206,0.0
1.0991614631126434,1.0991614631126434,0.0
1.6677233790154151,1.6677233790154151,0.0
0.8094808336586323,0.8094808336586323,0.0
1.3593201214473167,1.3593201214473167,0.0
0.7621221148744295,0.7621221148744295,0.0
1.36559868819986,1.36559868819986,0.0
0.6911193959120208,0.6911193959120208,0.0
1.6615450667589773,1.6615450667589773,0.0
1.2655399255202127,1.2655399255202127,0.0
1.3504571371299898,1.3504571371299898,0.0
1.1622474782775538,1.1622474782775538,0.0
1.595682935069982,1.595682935069982,0.0
1.2460642921080862,1.2460642921080862,0.0
0.9005954237843223,0.9005954237843223,0.0
0.5872546924752786,0.5872546924752786,0.0
1.0634649213849314,1.0634649213849314,0.0
1.1891106425274642,1.1891106425274642,0.0
1.9929955654671354,1.9929955654671354,0.0
0.9447617208667838,0.9447617208667838,0.0
1.3786386070641645,1.3786386070641645,0.0
1.4648942333473152,1.4648942333473152,0.0
1.145668137545679,1.145668137545679,0.0
1.13099031941358,1.13099031941358,0.0
1.5249501528440184,1.5249501528440184,0.0
2.08654484150969,2.08654484150969,0.0
0.7819869777869413,0.7819869777869413,0.0
0.8784780243182032,0.8784780243182032,0.0
0.6765298346332105,0.6765298346332105,0.0
1.598796044938318,1.598796044938318,0.0
0.8857427435091707,0.8857427435091707,0.0
0.8057786245184153,0.8057786245184153,0.0
1.541870416476405,1.541870416476405,0.0
1.5991377673743719,1.5991377673743719,0.0
1.395200659072415,1.395200659072415,0.0
1.2003398370897946,1.2003398370897946,0.0
1.2002057808470445,1.2002057808470445,0.0
0.9063077815753001,0.9063077815753001,0.0
0.8873655695414278,0.8873655695414278,0.0
1.9944665897705325,1.9944665897705325,0.0
1.2452647097426268,1.2452647097426268,0.0
1.4360627772762564,1.4360627772762564,0.0
0.9308212211372078,0.9308212211372078,0.0
0.698607240526281,0.698607240526281,0.0
1.5862055045980041,1.5862055045980041,0.0
0.9188737170676328,0.9188737170676328,0.0
1.5249505668734786,1.5249505668734786,0.0
1.3802007200310253,1.3802007200310253,0.0
0.8941570590227653,0.8941570590227653,0.0
0.5533637124042419,0.5533637124042419,0.0
1.6338329570345291,1.6338329570345291,0.0
1.66262837250407,1.66262837250407,0.0
0.7145193605420824,0.7145193605420824,0.0
0.9131132779832479,0.9131132779832479,0.0
0.7873905566285809,0.7873905566285809,0.0
1.1295862999298452,1.1295862999298452,0.0
1.9871835479883124,1.9871835479883124,0.0
1.344859554006527,1.344859554006527,0.0
1.471841362795782,1.471841362795782,0.0
1.387437317454356,1.387437317454356,0.0
1.4308997423133696,1.4308997423133696,0.0
1.3656889497676425,1.3656889497676425,0.0
1.6282353404637133,1.6282353404637133,0.0
1.001071094580476,1.001071094580476,0.0
1.5371256368272648,1.5371256368272648,0.0
1.4368687113033332,1.4368687113033332,0.0
1.479250775598944,1.479250775598944,0.0
1.1860608903066499,1.1860608903066499,0.0
1.2505476340284576,1.2505476340284576,0.0
1.4573422897618122,1.4573422897618122,0.0
1.512467612704942,1.512467612704942,0.0
1.5231303271463126,1.5231303271463126,0.0
1.7341421404622699,1.7341421404622699,0.0
1.5999225619235973,1.5999225619235973,0.0
2.1021381833693726,2.1021381833693726,0.0
1.5228050223362137,1.5228050223362137,0.0
1.483993940573986,1.483993940573986,0.0
1.8338541601762868,1.8338541601762868,0.0
1.2684708702659644,1.2684708702659644,0.0
1.681369904167936,1.681369904167936,0.0
0.6773015644697936,0.6773015644697936,0.0
1.2345042763524747,1.2345042763524747,0.0
1.2900563907185412,1.2900563907185412,0.0
0.9212951701378553,0.9212951701378553,0.0
1.6882221232913466,1.6882221232913466,0.0
1.1742543963402785,1.1742543963402785,0.0
1.658694729777502,1.658694729777502,0.0
1.814935329166322,1.814935329166322,0.0
1.3443041876486947,1.3443041876486947,0.0
1.4645591820226371,1.4645591820226371,0.0
1.5327146042716249,1.5327146042716249,0.0
1.178458008657313,1.178458008657313,0.0
1.3820141383937228,1.3820141383937228,0.0
1.624835331271331,1.624835331271331,0.0
1.6845326824709461,1.6845326824709461,0.0
1.4851561617432443,1.4851561617432443,0.0
1.59800197346952,1.59800197346952,0.0
2.0410584576393114,2.0410584576393114,0.0
1.8265917273649677,1.8265917273649677,0.0
1.290201095470111,1.290201095470111,0.0
1.135722347808947,1.135722347808947,0.0
1.7787879720337907,1.7787879720337907,0.0
1.9930770004701335,1.9930770004701335,0.0
1.4583336203434187,1.4583336203434187,0.0
0.5245791424870518,0.5245791424870518,0.0
1.803484381132416,1.803484381132416,0.0
1.950493293087579,1.950493293087579,0.0
1.7224241839364738,1.7224241839364738,0.0
1.4816323048150841,1.4816323048150841,0.0
0.9653312349820008,0.9653312349820008,0.0
1.5347742458305098,1.5347742458305098,0.0
1.08976600783625,1.08976600783625,0.0
1.1018957683324966,1.1018957683324966,0.0
0.7175845554988889,0.7175845554988889,0.0
2.0887550833983926,2.0887550833983926,0.0
0.6601585637865743,0.6601585637865743,0.0
1.6464974236309184,1.6464974236309184,0.0
1.4305717551538757,1.4305717551538757,0.0
1.7096081393513334,1.7096081393513334,0.0
1.3841577962153668,1.3841577962153668,0.0
1.7625032264956966,1.7625032264956966,0.0
1.4330775285461705,1.4330775285461705,0.0
0.6969104657909834,0.6969104657909834,0.0
1.3795978074778832,1.3795978074778832,0.0
1.3158188543947098,1.3158188543947098,0.0
1.426966646558402,1.426966646558402,0.0
0.8483054358278851,0.8483054358278851,0.0
0.5780204133462036,0.5780204133462036,0.0
1.0071996461954766,1.0071996461954766,0.0
1.515493232945725,1.515493232945725,0.0
1.5219459242828208,1.5219459242828208,0.0
1.345004721446261,1.345004721446261,0.0
1.5122723929493325,1.5122723929493325,0.0
1.4284047318423483,1.4284047318423483,0.0
1.6596996173839307,1.6596996173839307,0.0
1.7401026941954432,1.7401026941954432,0.0
1.0768233315061584,1.0768233315061584,0.0
1.3986778177010089,1.3986778177010089,0.0
1.2116564583579623,1.2116564583579623,0.0
1.4266933458842648,1.4266933458842648,0.0
1.2846232868739331,1.2846232868739331,0.0
1.4568697881335313,1.4568697881335313,0.0
1.2922068642366207,1.2922068642366207,0.0
1.5150784981393721,1.5150784981393721,0.0
1.409983066840429,1.409983066840429,0.0
1.609224996155039,1.609224996155039,0.0
0.9504798120374118,0.9504798120374118,0.0
1.7251892680988112,1.7251892680988112,0.0
1.3070074216409728,1.3070074216409728,0.0
0.9041280523208179,0.9041280523208179,0.0
1.3798953369140288,1.3798953369140288,0.0
1.6436355286620021,1.6436355286620021,0.0
2.0905125603022916,2.0905125603022916,0.0
1.064767463840312,1.064767463840312,0.0
1.5314124730297107,1.5314124730297107,0.0
1.3562946830476799,1.3562946830476799,0.0
1.9887355434314058,1.9887355434314058,0.0
1.1455006709146225,1.1455006709146225,0.0
1.008508528194115,1.008508528194115,0.0
1.350567411615987,1.350567411615987,0.0
1.6187910350003287,1.6187910350003287,0.0
1.7496580592936761,1.7496580592936761,0.0
1.2342894179060064,1.2342894179060064,0.0
1.6335097126927864,1.6335097126927864,0.0
0.8455771425580718,0.8455771425580718,0.0
1.4456477195052932,1.4456477195052932,0.0
1.3913133806803875,1.3913133806803875,0.0
1.6657477415553499,1.6657477415553499,0.0
1.433575843154337,1.433575843154337,0.0
1.6931162455180893,1.6931162455180893,0.0
1.3626442723269967,1.3626442723269967,0.0
1.305512805261959,1.305512805261959,0.0
1.5728351790725843,1.5728351790725843,0.0
1.4227205120960558,1.4227205120960558,0.0
1.2904585084531355,1.2904585084531355,0.0
1.369132195159327,1.369132195159327,0.0
1.627910100516205,1.627910100516205,0.0
1.6707240743712959,1.6707240743712959,0.0
1.5515636764263407,1.5515636764263407,0.0
1.4933393089730356,1.4933393089730356,0.0
1.452949290054359,1.452949290054359,0.0
1.3057595908023873,1.3057595908023873,0.0
1.6814458756308819,1.6814458756308819,0.0
1.4369542836060585,1.4369542836060585,0.0
0.8368376702094151,0.8368376702094151,0.0
1.8277408723441144,1.8277408723441144,0.0
0.5610200702417709,0.5610200702417709,0.0
1.6861237315329691,1.6861237315329691,0.0
1.764756365215281,1.764756365215281,0.0
1.024664768695898,1.024664768695898,0.0
1.4761612887398359,1.4761612887398359,0.0
1.124235947366966,1.124235947366966,0.0
1.5389136488334503,1.5389136488334503,0.0
1.412126414296307,1.412126414296307,0.0
1.0186064040840594,1.0186064040840594,0.0
0.805375178031858,0.805375178031858,0.0
1.799072028596068,1.799072028596068,0.0
1.4275395173532461,1.4275395173532461,0.0
1.0756593274724624,1.0756593274724624,0.0
1.755669071938948,1.755669071938948,0.0
1.0180928466108363,1.0180928466108363,0.0
1.2450788741733823,1.2450788741733823,0.0
2.0446242352175372,2.0446242352175372,0.0
2.086491531221938,2.086491531221938,0.0
0.4919439837271497,0.4919439837271497,0.0
1.7410226152906787,1.7410226152906787,0.0
1.5325463227176526,1.5325463227176526,0.0
1.1219497472910869,1.1219497472910869,0.0
1.6506521382734436,1.6506521382734436,0.0
1.7940273068761659,1.7940273068761659,0.0
1.6784574420205078,1.6784574420205078,0.0
0.9259132501903159,0.9259132501903159,0.0
1.5313644220686757,1.5313644220686757,0.0
0.7613632868458589,0.7613632868458589,0.0
1.2334969675493013,1.2334969675493013,0.0
1.2841372219714546,1.2841372219714546,0.0
2.130546985515646,2.130546985515646,0.0
1.5004834731873495,1.5004834731873495,0.0
1.8401505865185541,1.8401505865185541,0.0
1.5393553001800033,1.5393553001800033,0.0
0.591709346594338,0.591709346594338,0.0
1.504336256928045,1.504336256928045,0.0
1.2595834422524002,1.2595834422524002,0.0
0.9428154253237293,0.9428154253237293,0.0
1.299542935786082,1.299542935786082,0.0
2.0018647274955947,2.0018647274955947,0.0
1.5354200864349279,1.5354200864349279,0.0
1.3510447354588402,1.3510447354588402,0.0
1.4459239576707048,1.4459239576707048,0.0
1.7932460659300065,1.7932460659300065,0.0
1.6426086462758385,1.6426086462758385,0.0
1.3635185132080914,1.3635185132080914,0.0
1.7115092011947892,1.7115092011947892,0.0
0.9435292375093102,0.9435292375093102,0.0
1.7538401845537677,1.7538401845537677,0.0
0.9873588929761037,0.9873588929761037,0.0
0.9915561452426269,0.9915561452426269,0.0
1.6637274175974468,1.6637274175974468,0.0
1.1726545000155286,1.1726545000155286,0.0
1.344944418041459,1.344944418041459,0.0
1.555780959012744,1.555780959012744,0.0
1.723422133781153,1.723422133781153,0.0
1.2633198353078883,1.2633198353078883,0.0
1.5425966686688646,1.5425966686688646,0.0
1.5061360531199828,1.5061360531199828,0.0
2.0961178368513407,2.0961178368513407,0.0
1.6969006513557916,1.6969006513557916,0.0
1.6431264491372894,1.6431264491372894,0.0
1.8909757428707814,1.8909757428707814,0.0
0.7333246745949334,0.7333246745949334,0.0
1.2227812887999798,1.2227812887999798,0.0
0.9201615428652045,0.9201615428652045,0.0
1.3035528845695366,1.3035528845695366,0.0
1.366200986837356,1.366200986837356,0.0
1.3859502077373367,1.3859502077373367,0.0
1.7607474426447232,1.7607474426447232,0.0
1.4255367445665914,1.4255367445665914,0.0
1.5563962117006165,1.5563962117006165,0.0
2.203103527061345,2.203103527061345,0.0
1.2832069931308794,1.2832069931308794,0.0
1.4029161846240856,1.4029161846240856,0.0
1.363436158355754,1.363436158355754,0.0
1.7425648134249019,1.7425648134249019,0.0
1.2490150844816548,1.2490150844816548,0.0
1.1723577702556773,1.1723577702556773,0.0
2.0137638305713788,2.0137638305713788,0.0
2.1658895551155632,2.1658895551155632,0.0
1.8498320184316084,1.8498320184316084,0.0
1.2577617575262896,1.2577617575262896,0.0
1.7454255300224786,1.7454255300224786,0.0
0.8945844516799304,0.8945844516799304,0.0
1.572699695913309,1.572699695913309,0.0
1.069452276381849,1.069452276381849,0.0
0.9596942732310134,0.9596942732310134,0.0
1.7865290346232616,1.7865290346232616,0.0
1.6195554746537308,1.6195554746537308,0.0
1.9353605052048883,1.9353605052048883,0.0
1.2243699240772359,1.2243699240772359,0.0
1.36513128293492,1.36513128293492,0.0
0.10395955212433002,0.10395955212433002,0.0
0.7447149083530773,0.7447149083530773,0.0
1.0477968081619542,1.0477968081619542,0.0
1.4377750295054414,1.4377750295054414,0.0
1.7234622025498636,1.7234622025498636,0.0
1.1680011651881843,1.1680011651881843,0.0
1.8591425220506506,1.8591425220506506,0.0
1.4096911497970066,1.4096911497970066,0.0
1.3978793058615469,1.3978793058615469,0.0
1.9323442770529964,1.9323442770529964,0.0
1.1313234705148503,1.1313234705148503,0.0
0.8758868499131537,0.8758868499131537,0.0
1.2541470967115824,1.2541470967115824,0.0
1.3736095533860317,1.3736095533860317,0.0
0.7758306103725731,0.7758306103725731,0.0
1.510527485571848,1.510527485571848,0.0
1.7728197883632786,1.7728197883632786,0.0
1.2064942309957691,1.2064942309957691,0.0
1.1025772361988921,1.1025772361988921,0.0
1.3940645253829307,1.3940645253829307,0.0
1.634762755966975,1.634762755966975,0.0
1.0418201006182481,1.0418201006182481,0.0
1.3763283286140717,1.3763283286140717,0.0
1.7505913827794555,1.7505913827794555,0.0
0.6688459811878282,0.6688459811878282,0.0
1.2221982573728336,1.2221982573728336,0.0
0.6841480441048032,0.6841480441048032,0.0
0.8361507234294985,0.8361507234294985,0.0
1.4000201592102568,1.4000201592102568,0.0
1.4104155388013098,1.4104155388013098,0.0
1.5224897306211074,1.5224897306211074,0.0
1.4122927776582948,1.4122927776582948,0.0
1.5530839458951355,1.5530839458951355,0.0
1.2522351952991913,1.2522351952991913,0.0
1.9096906214476879,1.9096906214476879,0.0
1.4383885780245593,1.4383885780245593,0.0
1.7241799679384053,1.7241799679384053,0.0
1.4687488865948881,1.4687488865948881,0.0
1.2324523277114943,1.2324523277114943,0.0
1.87119893038101,1.87119893038101,0.0
1.1130819365037403,1.1130819365037403,0.0
1.7912299458764949,1.7912299458764949,0.0
1.507832820058554,1.507832820058554,0.0
1.6804103904957706,1.6804103904957706,0.0
1.5817041133045138,1.5817041133045138,0.0
1.5846480192305312,1.5846480192305312,0.0
1.4409877969851421,1.4409877969851421,0.0
1.7531091975687465,1.7531091975687465,0.0
1.6050073507075373,1.6050073507075373,0.0
1.4622429046983063,1.4622429046983063,0.0
1.7997051065840628,1.7997051065840628,0.0
1.2177655095305235,1.2177655095305235,0.0
0.7822105191774782,0.7822105191774782,0.0
0.9214749285783035,0.9214749285783035,0.0
1.587545468452973,1.587545468452973,0.0
1.0532374546114678,1.0532374546114678,0.0
1.4847421029206358,1.4847421029206358,0.0
1.128853363755557,1.128853363755557,0.0
1.3393436110545278,1.3393436110545278,0.0
1.9351014028917528,1.9351014028917528,0.0
1.279614549021699,1.279614549021699,0.0
1.7030563016585678,1.7030563016585678,0.0
1.915078976961194,1.915078976961194,0.0
1.6546623978304167,1.6546623978304167,0.0
0.9954270337886771,0.9954270337886771,0.0
1.4404924568574173,1.4404924568574173,0.0
1.4132302373798908,1.4132302373798908,0.0
1.1644000414888125,1.1644000414888125,0.0
1.702143321699157,1.702143321699157,0.0
1.5367488798528728,1.5367488798528728,0.0
1.8460928249805588,1.8460928249805588,0.0
1.6300319331997015,1.6300319331997015,0.0
0.6437900241186753,0.6437900241186753,0.0
1.2803299488152924,1.2803299488152924,0.0
1.9236657391955005,1.9236657391955005,0.0
1.9031733715618127,1.9031733715618127,0.0
1.593170219658794,1.593170219658794,0.0
2.036570575898952,2.036570575898952,0.0
1.0160984676334557,1.0160984676334557,0.0
1.1896372762895924,1.1896372762895924,0.0
0.5606746503343607,0.5606746503343607,0.0
1.3899630489965518,1.3899630489965518,0.0
1.586954185189597,1.586954185189597,0.0
1.4405143021716045,1.4405143021716045,0.0
0.866475578934252,0.866475578934252,0.0
1.9585058381555358,1.9585058381555358,0.0
0.8246145402206496,0.8246145402206496,0.0
1.4776930432964612,1.4776930432964612,0.0
1.1892729320893536,1.1892729320893536,0.0
1.8425354531736267,1.8425354531736267,0.0
1.1356862483045809,1.1356862483045809,0.0
2.1577005230144355,2.1577005230144355,0.0
1.2047032219131908,1.2047032219131908,0.0
1.2721740995083282,1.2721740995083282,0.0
1.4933688676372554,1.4933688676372554,0.0
0.9699309859219031,0.9699309859219031,0.0
1.13171608070683,1.13171608070683,0.0
0.05148506954048816,0.05148506954048816,0.0
0.843324609935759,0.843324609935759,0.0
1.4723336411691863,1.4723336411691863,0.0
1.3714606061676677,1.3714606061676677,0.0
1.8172090311908526,1.8172090311908526,0.0
1.1529545590626284,1.1529545590626284,0.0
1.6275958346875559,1.6275958346875559,0.0
1.204393978886087,1.204393978886087,0.0
1.7020670471977024,1.7020670471977024,0.0
1.503189257453925,1.503189257453925,0.0
1.4789021895680532,1.4789021895680532,0.0
1.035176805032846,1.035176805032846,0.0
1.1334365002719777,1.1334365002719777,0.0
0.590601801984135,0.590601801984135,0.0
1.2589039154153556,1.2589039154153556,0.0
1.4615190267101206,1.4615190267101206,0.0
1.8260365784603594,1.8260365784603594,0.0
1.4246369522231455,1.4246369522231455,0.0
1.348725155090498,1.348725155090498,0.0
1.4828763670608824,1.4828763670608824,0.0
1.5043162144254794,1.5043162144254794,0.0
1.397874134572165,1.397874134572165,0.0
1.3999337762519442,1.3999337762519442,0.0
1.1732665774939195,1.1732665774939195,0.0
1.3277797139426466,1.3277797139426466,0.0
1.4330832253040655,1.4330832253040655,0.0
1.7355211586113066,1.7355211586113066,0.0
1.118475017770587,1.118475017770587,0.0
1.6492982173848445,1.6492982173848445,0.0
1.3271735715933903,1.3271735715933903,0.0
1.1891037540810336,1.1891037540810336,0.0
1.4500975314659563,1.4500975314659563,0.0
0.7344295679067068,0.7344295679067068,0.0
1.5778537539196542,1.5778537539196542,0.0
1.0847472870646049,1.0847472870646049,0.0
0.8083820151250614,0.8083820151250614,0.0
1.2435375120991337,1.2435375120991337,0.0
0.8568307051838985,0.8568307051838985,0.0
1.4380155091793967,1.4380155091793967,0.0
0.6480250543934053,0.6480250543934053,0.0
1.7079146597136035,1.7079146597136035,0.0
0.8227472174796406,0.8227472174796406,0.0
1.6108396031564678,1.6108396031564678,0.0
0.32425994114398193,0.32425994114398193,0.0
1.4406404575758367,1.4406404575758367,0.0
1.4939032555885354,1.4939032555885354,0.0
1.0137261792464933,1.0137261792464933,0.0
1.2806083896658949,1.2806083896658949,0.0
1.5612884460072036,1.5612884460072036,0.0
1.1481133274332578,1.1481133274332578,0.0
1.3544122110426056,1.3544122110426056,0.0
1.6029762369022271,1.6029762369022271,0.0
0.9383745768416875,0.9383745768416875,0.0
1.425311341370831,1.425311341370831,0.0
1.7794204610714037,1.7794204610714037,0.0
1.5178723315564941,1.5178723315564941,0.0
1.3671827251757134,1.3671827251757134,0.0
1.052714953718102,1.052714953718102,0.0
1.440850112180334,1.440850112180334,0.0
1.005286210791853,1.005286210791853,0.0
1.7309389973102711,1.7309389973102711,0.0
1.5173364359478907,1.5173364359478907,0.0
0.803676805853648,0.803676805853648,0.0
1.4318444185715304,1.4318444185715304,0.0
1.3786216814486036,1.3786216814486036,0.0
1.288154524279505,1.288154524279505,0.0
1.4658627029718507,1.4658627029718507,0.0
0.7739346289942096,0.7739346289942096,0.0
0.8758175947407153,0.8758175947407153,0.0
1.610566865716266,1.610566865716266,0.0
0.8777318615663529,0.8777318615663529,0.0
2.2990083045526033,2.2990083045526033,0.0
0.8740328902593159,0.8740328902593159,0.0
1.002258696696881,1.002258696696881,0.0
1.5313477343373068,1.5313477343373068,0.0
1.1319510925332519,1.1319510925332519,0.0
1.6706961500108815,1.6706961500108815,0.0
1.8303447707926832,1.8303447707926832,0.0
2.179735532260667,2.179735532260667,0.0
1.026574028755945,1.026574028755945,0.0
1.8251102864536637,1.8251102864536637,0.0
1.0281087894501242,1.0281087894501242,0.0
1.4222627702379198,1.4222627702379198,0.0
0.7232088276910414,0.7232088276910414,0.0
1.2704522575136952,1.2704522575136952,0.0
1.4826795264178954,1.4826795264178954,0.0
1.0868383314403787,1.0868383314403787,0.0
1.8712366117799708,1.8712366117799708,0.0
1.4877907142260893,1.4877907142260893,0.0
1.4731696116614146,1.4731696116614146,0.0
0.9839896292798006,0.9839896292798006,0.0
0.8922347733101469,0.8922347733101469,0.0
1.4964801301374673,1.4964801301374673,0.0
1.3884646223134516,1.3884646223134516,0.0
1.5684218074665248,1.5684218074665248,0.0
1.3885858957637276,1.3885858957637276,0.0
1.2019967565461898,1.2019967565461898,0.0
1.7075094423927701,1.7075094423927701,0.0
0.8591210955403005,0.8591210955403005,0.0
1.7494611314087967,1.7494611314087967,0.0
1.43728036835082,1.43728036835082,0.0
1.5293381293109096,1.5293381293109096,0.0
1.6826837198262172,1.6826837198262172,0.0
1.2052684725726648,1.2052684725726648,0.0
1.9940697366859526,1.9940697366859526,0.0
1.4431073902741531,1.4431073902741531,0.0
1.1418852305653902,1.1418852305653902,0.0
2.125032558040189,2.125032558040189,0.0
1.5804661807462783,1.5804661807462783,0.0
1.18248161941845,1.18248161941845,0.0
1.5898360737765922,1.5898360737765922,0.0
1.4583713810214383,1.4583713810214383,0.0
1.2555951954394813,1.2555951954394813,0.0
1.1935769299392618,1.1935769299392618,0.0
1.5577240901615832,1.5577240901615832,0.0
0.6758233849104209,0.6758233849104209,0.0
1.1440744290272753,1.1440744290272753,0.0
1.6053611177405218,1.6053611177405218,0.0
2.2847760950026688,2.2847760950026688,0.0
1.210488386345209,1.210488386345209,0.0
1.3066237979284703,1.3066237979284703,0.0
2.0790905914478452,2.0790905914478452,0.0
1.3678169101381124,1.3678169101381124,0.0
1.0778986378001192,1.0778986378001192,0.0
0.1622480419356017,0.1622480419356017,0.0
0.9823101041784412,0.9823101041784412,0.0
0.6382746511552493,0.6382746511552493,0.0
1.774864912827834,1.774864912827834,0.0
1.1982146182384978,1.1982146182384978,0.0
1.0163184836961794,1.0163184836961794,0.0
1.539794062540991,1.539794062540991,0.0
1.5127619137304322,1.5127619137304322,0.0
1.681346351255938,1.681346351255938,0.0
1.7297068081991742,1.7297068081991742,0.0
1.8502924996159926,1.8502924996159926,0.0
1.1514945921067972,1.1514945921067972,0.0
1.4473362225984592,1.4473362225984592,0.0
1.6300740340877777,1.6300740340877777,0.0
1.8384140447729247,1.8384140447729247,0.0
1.3049235175766272,1.3049235175766272,0.0
1.3307549026020973,1.3307549026020973,0.0
1.8044949738743294,1.8044949738743294,0.0
1.2883718117692922,1.2883718117692922,0.0
1.334474014631647,1.334474014631647,0.0
1.03037284857399,1.03037284857399,0.0
1.4203276256949784,1.4203276256949784,0.0
1.4698696155163198,1.4698696155163198,0.0
1.4713510570095838,1.4713510570095838,0.0
1.4692678396657919,1.4692678396657919,0.0
1.173978453838321,1.173978453838321,0.0
0.7339683139293173,0.7339683139293173,0.0
1.6664535754585683,1.6664535754585683,0.0
0.6280795703635551,0.6280795703635551,0.0
1.3919739409113014,1.3919739409113014,0.0
1.46496027811729,1.46496027811729,0.0
1.1198666097184953,1.1198666097184953,0.0
1.2041763516550705,1.2041763516550705,0.0
0.9202620865741389,0.9202620865741389,0.0
1.6570570042558876,1.6570570042558876,0.0
1.498430527057509,1.498430527057509,0.0
1.6004447605532905,1.6004447605532905,0.0
1.0086943860715052,1.0086943860715052,0.0
1.4817182420041366,1.4817182420041366,0.0
1.6513894882988842,1.6513894882988842,0.0
1.4336212809670361,1.4336212809670361,0.0
1.1761840806318842,1.1761840806318842,0.0
0.8824520080170376,0.8824520080170376,0.0
1.1709222557205452,1.1709222557205452,0.0
1.2903798204358767,1.2903798204358767,0.0
1.584805024350489,1.584805024350489,0.0
1.9088524233774906,1.9088524233774906,0.0
1.3829765096547342,1.3829765096547342,0.0
1.4202101912648877,1.4202101912648877,0.0
1.3711132032413988,1.3711132032413988,0.0
0.990164560232444,0.990164560232444,0.0
1.3723638867393968,1.3723638867393968,0.0
1.3104624082338214,1.3104624082338214,0.0
1.4688131486549538,1.4688131486549538,0.0
1.2905903775289367,1.2905903775289367,0.0
1.4328802375776137,1.4328802375776137,0.0
1.4433780962845455,1.4433780962845455,0.0
1.1212955190226737,1.1212955190226737,0.0
1.4155286015259398,1.4155286015259398,0.0
1.293168235689736,1.293168235689736,0.0
1.9828822857975152,1.9828822857975152,0.0
0.7335066280977596,0.7335066280977596,0.0
1.1833375868665053,1.1833375868665053,0.0
1.5295815375840465,1.5295815375840465,0.0
1.599462954852305,1.599462954852305,0.0
1.3797435733917112,1.3797435733917112,0.0
1.1778192302768342,1.1778192302768342,0.0
1.658296526266394,1.658296526266394,0.0
1.438097057970567,1.438097057970567,0.0
1.2544671113077088,1.2544671113077088,0.0
0.9308211312986401,0.9308211312986401,0.0
1.6537837674148679,1.6537837674148679,0.0
0.5460386456008519,0.5460386456008519,0.0
1.3895581442779026,1.3895581442779026,0.0
0.6258673024251378,0.6258673024251378,0.0
1.8061789258764551,1.8061789258764551,0.0
0.801650476588711,0.801650476588711,0.0
0.762894535275802,0.762894535275802,0.0
1.703653497199807,1.703653497199807,0.0
1.7843823518931698,1.7843823518931698,0.0
0.5500032754742272,0.5500032754742272,0.0
0.7436119365842013,0.7436119365842013,0.0
1.0910406713592111,1.0910406713592111,0.0
1.5284199978262234,1.5284199978262234,0.0
1.2693173254987469,1.2693173254987469,0.0
1.2860014115317593,1.2860014115317593,0.0
1.6030279353033088,1.6030279353033088,0.0
1.4617465370845577,1.4617465370845577,0.0
2.1189500141773556,2.1189500141773556,0.0
1.7243377972586214,1.7243377972586214,0.0
1.5455206014344958,1.5455206014344958,0.0
1.5750355117962873,1.5750355117962873,0.0
1.7925823150830074,1.7925823150830074,0.0
1.3617140424190959,1.3617140424190959,0.0
1.4188427781736648,1.4188427781736648,0.0
1.664228172000477,1.664228172000477,0.0
0.840123057412064,0.840123057412064,0.0
1.073225599870461,1.073225599870461,0.0
1.5904299448202641,1.5904299448202641,0.0
1.8291766644318368,1.8291766644318368,0.0
1.1278171290331127,1.1278171290331127,0.0
1.4871175262614706,1.4871175262614706,0.0
0.9216395779886113,0.9216395779886113,0.0
0.8008636000775032,0.8008636000775032,0.0
1.4762472757990235,1.4762472757990235,0.0
1.9803292313151903,1.9803292313151903,0.0
1.2726696026837494,1.2726696026837494,0.0
1.336198693179326,1.336198693179326,0.0
1.5220581548729615,1.5220581548729615,0.0
1.082721463074099,1.082721463074099,0.0
1.7619944052438912,1.7619944052438912,0.0
1.4879986917600283,1.4879986917600283,0.0
1.8957214854207862,1.8957214854207862,0.0
2.021208578672314,2.021208578672314,0.0
0.8116665928813777,0.8116665928813777,0.0
1.6365699921299595,1.6365699921299595,0.0
1.6986201562008436,1.6986201562008436,0.0
0.9435332271738492,0.9435332271738492,0.0
1.7975524865511656,1.7975524865511656,0.0
2.050335254774222,2.050335254774222,0.0
1.5670014814836986,1.5670014814836986,0.0
1.3719930033603576,1.3719930033603576,0.0
1.5934807409261675,1.5934807409261675,0.0
1.5339712291284957,1.5339712291284957,0.0
0.5009826111642162,0.5009826111642162,0.0
2.0537721090595102,2.0537721090595102,0.0
1.6808130142484874,1.6808130142484874,0.0
1.3927151801245339,1.3927151801245339,0.0
0.7773723962119289,0.7773723962119289,0.0
1.589513645023373,1.589513645023373,0.0
2.3860163610443945,2.3860163610443945,0.0
1.528311848567222,1.528311848567222,0.0
1.3839142707670202,1.3839142707670202,0.0
1.7049347745035945,1.7049347745035945,0.0
1.435185859111666,1.435185859111666,0.0
1.480905812982492,1.480905812982492,0.0
0.8060968683788847,0.8060968683788847,0.0
1.3319424914517237,1.3319424914517237,0.0
1.7229973659311155,1.7229973659311155,0.0
1.6443298577033278,1.6443298577033278,0.0
0.5410208152745705,0.5410208152745705,0.0
1.3968146849902425,1.3968146849902425,0.0
1.4179697451051378,1.4179697451051378,0.0
0.8827692317640059,0.8827692317640059,0.0
1.4376076490813972,1.4376076490813972,0.0
1.545943616259104,1.545943616259104,0.0
1.4347601758213304,1.4347601758213304,0.0
1.1036916984600056,1.1036916984600056,0.0
1.5826311958665145,1.5826311958665145,0.0
0.7696513251091007,0.7696513251091007,0.0
1.4600319309905523,1.4600319309905523,0.0
0.7485119427200876,0.7485119427200876,0.0
1.3441877123889758,1.3441877123889758,0.0
1.5972905888212279,1.5972905888212279,0.0
1.4079644270335725,1.4079644270335725,0.0
1.3775315549854914,1.3775315549854914,0.0
1.5336804221485278,1.5336804221485278,0.0
1.3754077928733917,1.3754077928733917,0.0
0.8777161946955648,0.8777161946955648,0.0
1.4853677312996167,1.4853677312996167,0.0
1.6009202746987958,1.6009202746987958,0.0
1.6104746190028976,1.6104746190028976,0.0
1.9062747666708126,1.9062747666708126,0.0
1.5763433336315955,1.5763433336315955,0.0
1.0531535101169451,1.0531535101169451,0.0
1.9362545125741797,1.9362545125741797,0.0
0.7918783452131465,0.7918783452131465,0.0
0.3778108759865706,0.3778108759865706,0.0
0.823981038212087,0.823981038212087,0.0
1.6224030411032704,1.6224030411032704,0.0
0.826740462477992,0.826740462477992,0.0
1.6423231692145401,1.6423231692145401,0.0
1.3741177228755763,1.3741177228755763,0.0
1.4244452262381826,1.4244452262381826,0.0
1.6255281200690679,1.6255281200690679,0.0
0.6558997965449418,0.6558997965449418,0.0
0.9501387182872676,0.9501387182872676,0.0
1.7738864019040668,1.7738864019040668,0.0
1.255270797599926,1.255270797599926,0.0
1.2551790064143837,1.2551790064143837,0.0
1.3969736570794171,1.3969736570794171,0.0
1.199645263009804,1.199645263009804,0.0
1.3053228414162668,1.3053228414162668,0.0
1.1923226220449612,1.1923226220449612,0.0
1.45712808045995,1.45712808045995,0.0
1.4329241448933339,1.4329241448933339,0.0
1.3417618222077399,1.3417618222077399,0.0
1.1159229149017387,1.1159229149017387,0.0
1.478975894207674,1.478975894207674,0.0
1.6400831308871842,1.6400831308871842,0.0
1.7671956692748279,1.7671956692748279,0.0
1.344947773784815,1.344947773784815,0.0
1.5941285134155976,1.5941285134155976,0.0
1.4572602147500022,1.4572602147500022,0.0
1.3521830696069397,1.3521830696069397,0.0
1.9442141446731043,1.9442141446731043,0.0
1.5227199950766004,1.5227199950766004,0.0
0.5318586945055791,0.5318586945055791,0.0
0.7256770965816858,0.7256770965816858,0.0
1.6808831636349908,1.6808831636349908,0.0
0.6739175561779925,0.6739175561779925,0.0
1.6216574721179637,1.6216574721179637,0.0
1.6021975964393989,1.6021975964393989,0.0
1.8068332537902498,1.8068332537902498,0.0
1.4909680994312104,1.4909680994312104,0.0
1.4233989178724384,1.4233989178724384,0.0
1.1224754341222145,1.1224754341222145,0.0
1.3365304065091264,1.3365304065091264,0.0
1.7099010878003322,1.7099010878003322,0.0
1.4338829122724694,1.4338829122724694,0.0
0.31369867125950895,0.31369867125950895,0.0
1.0143379145738038,1.0143379145738038,0.0
1.579358497669672,1.579358497669672,0.0
0.7992356798364472,0.7992356798364472,0.0
1.4345322242181566,1.4345322242181566,0.0
2.2246197633998888,2.2246197633998888,0.0
1.4202987507321851,1.4202987507321851,0.0
1.8081751444214145,1.8081751444214145,0.0
1.0275889736882315,1.0275889736882315,0.0
1.340004923920762,1.340004923920762,0.0
1.440114572816846,1.440114572816846,0.0
0.14992934122629847,0.14992934122629847,0.0
1.5020377422129634,1.5020377422129634,0.0
1.7255912428917997,1.7255912428917997,0.0
1.520328147853338,1.520328147853338,0.0
1.6169584324983077,1.6169584324983077,0.0
1.2703227001208877,1.2703227001208877,0.0
1.3948933267033556,1.3948933267033556,0.0
1.0763038569094976,1.0763038569094976,0.0
1.893160369873226,1.893160369873226,0.0
1.430494635478474,1.430494635478474,0.0
1.3673558636421823,1.3673558636421823,0.0
1.2806237391188755,1.2806237391188755,0.0
1.2551999079127238,1.2551999079127238,0.0
1.4884822096708783,1.4884822096708783,0.0
1.6594958204414383,1.6594958204414383,0.0
1.4912604746038218,1.4912604746038218,0.0
1.0408887022783626,1.0408887022783626,0.0
1.9074764843504786,1.9074764843504786,0.0
1.188371048512283,1.188371048512283,0.0
2.113632116831827,2.113632116831827,0.0
1.166322154727399,1.166322154727399,0.0
1.4385265283013904,1.4385265283013904,0.0
1.3596267955402814,1.3596267955402814,0.0
1.2403148417852097,1.2403148417852097,0.0
0.9734675155030864,0.9734675155030864,0.0
1.5889321162456858,1.5889321162456858,0.0
1.7048169271315157,1.7048169271315157,0.0
1.443354770198892,1.443354770198892,0.0
1.3323952606339282,1.3323952606339282,0.0
1.1713343875252746,1.1713343875252746,0.0
0.06881947691246332,0.06881947691246332,0.0
0.6477570055440226,0.6477570055440226,0.0
1.124483002527627,1.124483002527627,0.0
1.4223218688471522,1.4223218688471522,0.0
1.298192843877768,1.298192843877768,0.0
0.8266474494344304,0.8266474494344304,0.0
2.1604882916817525,2.1604882916817525,0.0
1.456515778873554,1.456515778873554,0.0
1.9815802487892789,1.9815802487892789,0.0
1.9711320782000838,1.9711320782000838,0.0
2.214564507083547,2.214564507083547,0.0
1.1272098653395142,1.1272098653395142,0.0
1.3274586078314345,1.3274586078314345,0.0
1.4181591931121202,1.4181591931121202,0.0
1.5781303522443404,1.5781303522443404,0.0
2.1348238529422843,2.1348238529422843,0.0
1.1697905158084048,1.1697905158084048,0.0
2.008601770590176,2.008601770590176,0.0
1.3399793185250877,1.3399793185250877,0.0
1.3645227443872008,1.3645227443872008,0.0
1.2696295662318555,1.2696295662318555,0.0
1.3461089519203462,1.3461089519203462,0.0
0.9991349112786506,0.9991349112786506,0.0
1.9513583784160122,1.9513583784160122,0.0
1.8328402815683176,1.8328402815683176,0.0
1.6638976540018353,1.6638976540018353,0.0
1.061170690956882,1.061170690956882,0.0
1.4686684259782428,1.4686684259782428,0.0
0.8830803137222811,0.8830803137222811,0.0
0.9154661157193286,0.9154661157193286,0.0
1.2124566533328407,1.2124566533328407,0.0
1.2068938547514727,1.2068938547514727,0.0
1.0999305373780093,1.0999305373780093,0.0
1.1271370061206734,1.1271370061206734,0.0
0.8506209192111646,0.8506209192111646,0.0
0.6734896954346995,0.6734896954346995,0.0
1.638159369259604,1.638159369259604,0.0
0.25757007854623937,0.25757007854623937,0.0
1.5336572363541274,1.5336572363541274,0.0
1.5548147711759326,1.5548147711759326,0.0
1.5083174702499185,1.5083174702499185,0.0
1.4805418247547744,1.4805418247547744,0.0
0.5603651500614537,0.5603651500614537,0.0
1.2536518563499772,1.2536518563499772,0.0
1.0214837594130948,1.0214837594130948,0.0
1.4519261398954515,1.4519261398954515,0.0
1.316666848268774,1.316666848268774,0.0
1.5766703691866817,1.5766703691866817,0.0
0.8173669040236559,0.8173669040236559,0.0
1.05903284480581,1.05903284480581,0.0
1.6269537870761672,1.6269537870761672,0.0
1.1697982426852527,1.1697982426852527,0.0
0.7685404149469232,0.7685404149469232,0.0
1.7100385049739448,1.7100385049739448,0.0
1.0145910744866267,1.0145910744866267,0.0
0.9886244596100985,0.9886244596100985,0.0
1.3903405021942825,1.3903405021942825,0.0
1.603551351240501,1.603551351240501,0.0
1.2333085656229488,1.2333085656229488,0.0
0.9252271122546736,0.9252271122546736,0.0
1.4732454818399086,1.4732454818399086,0.0
1.489730155256218,1.489730155256218,0.0
1.7949207903102413,1.7949207903102413,0.0
1.253183228076444,1.253183228076444,0.0
0.9783496005140789,0.9783496005140789,0.0
1.6097711398243337,1.6097711398243337,0.0
1.277155218038929,1.277155218038929,0.0
1.7529298020566464,1.7529298020566464,0.0
0.9812791387086668,0.9812791387086668,0.0
1.8745366775597787,1.8745366775597787,0.0
1.4859296665596584,1.4859296665596584,0.0
1.524365748903952,1.524365748903952,0.0
1.6420991518311132,1.6420991518311132,0.0
1.6783307012575372,1.6783307012575372,0.0
1.5812821232330363,1.5812821232330363,0.0
0.8275012343106248,0.8275012343106248,0.0
1.3512922264198048,1.3512922264198048,0.0
1.4246405873116699,1.4246405873116699,0.0
1.5710660843650726,1.5710660843650726,0.0
1.444130858890317,1.444130858890317,0.0
1.5769658240705762,1.5769658240705762,0.0
0.6657534518903756,0.6657534518903756,0.0
1.9115738792043722,1.9115738792043722,0.0
0.8628169213517645,0.8628169213517645,0.0
2.0430611648501906,2.0430611648501906,0.0
0.7520351474918762,0.7520351474918762,0.0
0.013724856526304677,0.013724856526304677,0.0
1.4642094489951079,1.4642094489951079,0.0
1.0043620771345427,1.0043620771345427,0.0
1.3411940220407463,1.3411940220407463,0.0
0.027088302544597417,0.027088302544597417,0.0
1.304877370120369,1.304877370120369,0.0
1.7473692178181097,1.7473692178181097,0.0
1.5578404525248224,1.5578404525248224,0.0
0.24941179836319685,0.24941179836319685,0.0
1.6902918089426402,1.6902918089426402,0.0
1.3088052890255604,1.3088052890255604,0.0
1.835298234158163,1.835298234158163,0.0
1.5083650254925287,1.5083650254925287,0.0
1.5231179506882475,1.5231179506882475,0.0
0.9483223961517528,0.9483223961517528,0.0
0.9079021204559277,0.9079021204559277,0.0
1.8716241849429553,1.8716241849429553,0.0
0.8835239366827152,0.8835239366827152,0.0
1.1417918549598782,1.1417918549598782,0.0
1.3497599273179386,1.3497599273179386,0.0
0.6748091041810401,0.6748091041810401,0.0
1.7727041785578384,1.7727041785578384,0.0
1.5291025477246916,1.5291025477246916,0.0
1.0858352945788112,1.0858352945788112,0.0
1.4424058815465237,1.4424058815465237,0.0
1.474834503591203,1.474834503591203,0.0
1.190726323637978,1.190726323637978,0.0
1.9193909384290155,1.9193909384290155,0.0
1.3212478968641825,1.3212478968641825,0.0
1.3167585847717094,1.3167585847717094,0.0
1.3608619206620531,1.3608619206620531,0.0
0.8108948362310062,0.8108948362310062,0.0
0.7968417386188518,0.7968417386188518,0.0
1.1249095143847447,1.1249095143847447,0.0
1.344079902493898,1.344079902493898,0.0
1.525898126005604,1.525898126005604,0.0
1.5408696093965133,1.5408696093965133,0.0
0.9674434526134238,0.9674434526134238,0.0
1.3762311841735335,1.3762311841735335,0.0
0.21970072260940168,0.21970072260940168,0.0
0.9930213473637459,0.9930213473637459,0.0
1.5350433553802334,1.5350433553802334,0.0
0.6475409968407108,0.6475409968407108,0.0
1.371476738498988,1.371476738498988,0.0
1.5163778276786208,1.5163778276786208,0.0
1.5578543249293249,1.5578543249293249,0.0
1.569168138285509,1.569168138285509,0.0
1.6309088453817606,1.6309088453817606,0.0
0.4988314406867228,0.4988314406867228,0.0
1.5879424994022764,1.5879424994022764,0.0
1.097834625373344,1.097834625373344,0.0
1.4139010688207998,1.4139010688207998,0.0
0.06120214117654388,0.06120214117654388,0.0
1.6161153197305684,1.6161153197305684,0.0
0.8795213613651633,0.8795213613651633,0.0
1.3244413148267646,1.3244413148267646,0.0
0.7589053048749134,0.7589053048749134,0.0
1.631409922413484,1.631409922413484,0.0
1.3467794149723418,1.3467794149723418,0.0
2.0112205257477487,2.0112205257477487,0.0
1.7294906203812912,1.7294906203812912,0.0
1.8207700474812563,1.8207700474812563,0.0
1.4605884552175241,1.4605884552175241,0.0
1.3123266105302043,1.3123266105302043,0.0
0.7907314122111905,0.7907314122111905,0.0
1.7386254448330627,1.7386254448330627,0.0
1.4313704455583935,1.4313704455583935,0.0
1.6102279869174607,1.6102279869174607,0.0
1.74805793306449,1.74805793306449,0.0
1.4293965949740406,1.4293965949740406,0.0
0.6484672539555267,0.6484672539555267,0.0
1.6687305944313053,1.6687305944313053,0.0
1.111915168601509,1.111915168601509,0.0
0.7861742773978446,0.7861742773978446,0.0
1.3035721875909223,1.3035721875909223,0.0
0.6013255572633197,0.6013255572633197,0.0
0.9897400981860025,0.9897400981860025,0.0
0.8672291105281003,0.8672291105281003,0.0
1.8081617455778691,1.8081617455778691,0.0
0.9336969453599553,0.9336969453599553,0.0
1.4161556646425306,1.4161556646425306,0.0
1.291390740651818,1.291390740651818,0.0
1.060968036204705,1.060968036204705,0.0
1.46746868908234,1.46746868908234,0.0
1.3496037016729332,1.3496037016729332,0.0
1.9177743149686846,1.9177743149686846,0.0
1.1398175438502154,1.1398175438502154,0.0
1.5159289857214913,1.5159289857214913,0.0
0.9540446564708216,0.9540446564708216,0.0
1.388102820404076,1.388102820404076,0.0
1.759034180372634,1.759034180372634,0.0
1.7711871643483095,1.7711871643483095,0.0
0.8360040492877412,0.8360040492877412,0.0
1.9628431600371417,1.9628431600371417,0.0
1.064853734907891,1.064853734907891,0.0
1.4220689887869065,1.4220689887869065,0.0
1.2809046563290778,1.2809046563290778,0.0
1.7222869317406293,1.7222869317406293,0.0
1.7895266985732792,1.7895266985732792,0.0
1.4241793345557714,1.4241793345557714,0.0
2.045452927153395,2.045452927153395,0.0
1.2739640972079864,1.2739640972079864,0.0
0.9009260524208921,0.9009260524208921,0.0
0.7308290507232107,0.7308290507232107,0.0
1.1002334052738127,1.1002334052738127,0.0
1.4964457861887699,1.4964457861887699,0.0
0.6083659898170382,0.6083659898170382,0.0
2.6010734095550476,2.6010734095550476,0.0
1.8222314268963158,1.8222314268963158,0.0
1.4134866668557895,1.4134866668557895,0.0
1.822034147439093,1.822034147439093,0.0
1.640794703626771,1.640794703626771,0.0
1.6937038537004225,1.6937038537004225,0.0
2.0402913986102162,2.0402913986102162,0.0
1.2835368532460636,1.2835368532460636,0.0
1.3391487953896148,1.3391487953896148,0.0
2.0271328660283445,2.0271328660283445,0.0
1.1091501271057818,1.1091501271057818,0.0
1.1130456430829314,1.1130456430829314,0.0
1.7115195145426785,1.7115195145426785,0.0
1.4349552697871262,1.4349552697871262,0.0
1.7609872212064408,1.7609872212064408,0.0
0.8347081601287935,0.8347081601287935,0.0
1.7392174082407124,1.7392174082407124,0.0
1.5686887734633252,1.5686887734633252,0.0
0.7382587964162777,0.7382587964162777,0.0
1.3451607529946057,1.3451607529946057,0.0
1.9270505611925708,1.9270505611925708,0.0
0.9715586021260568,0.9715586021260568,0.0
1.3578444219218448,1.3578444219218448,0.0
1.3594136103031342,1.3594136103031342,0.0
1.6096363712928792,1.6096363712928792,0.0
1.0711163288502454,1.0711163288502454,0.0
0.9215095549560319,0.9215095549560319,0.0
1.347363375466825,1.347363375466825,0.0
1.4306047575166037,1.4306047575166037,0.0
0.9359501171619581,0.9359501171619581,0.0
1.6587734696242675,1.6587734696242675,0.0
1.754466687822186,1.754466687822186,0.0
1.253839777407482,1.253839777407482,0.0
1.363545924285789,1.363545924285789,0.0
1.2765316624693426,1.2765316624693426,0.0
1.4788190774238965,1.4788190774238965,0.0
1.3864135464193132,1.3864135464193132,0.0
1.3041203196842361,1.3041203196842361,0.0
0.952896352478872,0.952896352478872,0.0
1.624234246171698,1.624234246171698,0.0
1.5992222515242183,1.5992222515242183,0.0
1.558703385596498,1.558703385596498,0.0
1.3520625054229596,1.3520625054229596,0.0
1.6517266142392264,1.6517266142392264,0.0
1.0864260712132625,1.0864260712132625,0.0
1.1538817929260783,1.1538817929260783,0.0
0.9119811232785595,0.9119811232785595,0.0
1.503165185812748,1.503165185812748,0.0
1.0751113731028035,1.0751113731028035,0.0
1.4201724249530572,1.4201724249530572,0.0
1.3144569099207142,1.3144569099207142,0.0
1.915677890498176,1.915677890498176,0.0
0.3710682931455253,0.3710682931455253,0.0
1.2985097263547454,1.2985097263547454,0.0
1.5913344180697873,1.5913344180697873,0.0
1.0223881547104188,1.0223881547104188,0.0
1.626596735933543,1.626596735933543,0.0
1.6825240034571,1.6825240034571,0.0
0.3072993986977578,0.3072993986977578,0.0
1.729159926480918,1.729159926480918,0.0
1.0945267340687752,1.0945267340687752,0.0
1.366352308029244,1.366352308029244,0.0
1.2220360068606748,1.2220360068606748,0.0
1.3509348364568787,1.3509348364568787,0.0
1.8743148590133412,1.8743148590133412,0.0
1.7782665298708875,1.7782665298708875,0.0
0.8481059366790477,0.8481059366790477,0.0
1.3209274732456444,1.3209274732456444,0.0
1.6402680955752555,1.6402680955752555,0.0
1.5958058394046635,1.5958058394046635,0.0
1.6746516380040792,1.6746516380040792,0.0
1.3673588141431927,1.3673588141431927,0.0
1.0041657550682765,1.0041657550682765,0.0
0.9295886146369904,0.9295886146369904,0.0
1.7018976316609544,1.7018976316609544,0.0
1.4877201177753088,1.4877201177753088,0.0
0.9493205336826505,0.9493205336826505,0.0
1.822080759002477,1.822080759002477,0.0
1.5763314093056149,1.5763314093056149,0.0
1.0052938401791094,1.0052938401791094,0.0
1.2843533282730624,1.2843533282730624,0.0
1.8340436585994233,1.8340436585994233,0.0
1.6867144134505123,1.6867144134505123,0.0
0.23002806020368666,0.23002806020368666,0.0
1.3124705741442104,1.3124705741442104,0.0
1.1850452601395758,1.1850452601395758,0.0
1.6748579789235163,1.6748579789235163,0.0
1.3867502449040618,1.3867502449040618,0.0
1.5775138891789577,1.5775138891789577,0.0
0.316442621574515,0.316442621574515,0.0
1.7875640865855542,1.7875640865855542,0.0
1.2484283564200318,1.2484283564200318,0.0
1.7276663324943038,1.7276663324943038,0.0
1.5267760196127131,1.5267760196127131,0.0
1.264159720246167,1.264159720246167,0.0
1.6503655406207005,1.6503655406207005,0.0
1.4457018804001263,1.4457018804001263,0.0
1.4599535210411414,1.4599535210411414,0.0
1.112436502290673,1.112436502290673,0.0
1.563728593731988,1.563728593731988,0.0
1.179639642630325,1.179639642630325,0.0
1.7248501594183112,1.7248501594183112,0.0
0.947033376570118,0.947033376570118,0.0
1.1768571057677362,1.1768571057677362,0.0
1.7486899286957447,1.7486899286957447,0.0
0.7881503258624856,0.7881503258624856,0.0
1.4685749675329107,1.4685749675329107,0.0
0.1931624139285326,0.1931624139285326,0.0
0.7604426661839366,0.7604426661839366,0.0
0.8890875683491251,0.8890875683491251,0.0
0.8173953468983248,0.8173953468983248,0.0
1.5466126992981832,1.5466126992981832,0.0
1.1917651505040918,1.1917651505040918,0.0
1.5996757906947368,1.5996757906947368,0.0
1.591807898207672,1.591807898207672,0.0
0.864809332253687,0.864809332253687,0.0
1.38632411428746,1.38632411428746,0.0
1.5252929406961873,1.5252929406961873,0.0
1.36431592790545,1.36431592790545,0.0
1.7804388179835338,1.7804388179835338,0.0
1.5227338006242996,1.5227338006242996,0.0
1.562071751201906,1.562071751201906,0.0
1.6853811522911337,1.6853811522911337,0.0
1.2053837621181254,1.2053837621181254,0.0
0.8688657881553054,0.8688657881553054,0.0
1.3957179354018845,1.3957179354018845,0.0
1.22264569146402,1.22264569146402,0.0
1.2633246372984672,1.2633246372984672,0.0
1.5116469884510442,1.5116469884510442,0.0
0.7992544094954579,0.7992544094954579,0.0
1.256258975479667,1.256258975479667,0.0
1.193159019131608,1.193159019131608,0.0
1.458846522996063,1.458846522996063,0.0
1.6763395998378474,1.6763395998378474,0.0
1.895490061042677,1.895490061042677,0.0
1.4412858054868765,1.4412858054868765,0.0
1.6816105516796207,1.6816105516796207,0.0
1.6106051965067985,1.6106051965067985,0.0
2.072348793754287,2.072348793754287,0.0
1.4228828506360394,1.4228828506360394,0.0
0.6774147595163991,0.6774147595163991,0.0
1.3028772718140509,1.3028772718140509,0.0
0.8735311187324455,0.8735311187324455,0.0
1.6117162470728337,1.6117162470728337,0.0
0.7913505150042957,0.7913505150042957,0.0
1.812721999744338,1.812721999744338,0.0
1.5144506004062621,1.5144506004062621,0.0
1.3362405216128312,1.3362405216128312,0.0
1.3344741689739985,1.3344741689739985,0.0
1.526741887358855,1.526741887358855,0.0
2.0883977339852255,2.0883977339852255,0.0
1.7233969074117506,1.7233969074117506,0.0
0.599508228188878,0.599508228188878,0.0
1.320427965024952,1.320427965024952,0.0
1.6523975605537429,1.6523975605537429,0.0
1.502042043067659,1.502042043067659,0.0
1.4401920706290878,1.4401920706290878,0.0
1.3100178525301822,1.3100178525301822,0.0
1.042888223285694,1.042888223285694,0.0
1.452669923495311,1.452669923495311,0.0
1.6654050550556538,1.6654050550556538,0.0
1.9293890929927917,1.9293890929927917,0.0
1.5492209868013214,1.5492209868013214,0.0
1.5179008508373253,1.5179008508373253,0.0
1.8345086749811754,1.8345086749811754,0.0
1.646533797327195,1.646533797327195,0.0
0.9099860252434478,0.9099860252434478,0.0
1.5668721841703828,1.5668721841703828,0.0
1.9305922266410984,1.9305922266410984,0.0
1.6531307974641622,1.6531307974641622,0.0
0.13089560523316815,0.13089560523316815,0.0
1.2750866457357084,1.2750866457357084,0.0
1.6612485259960381,1.6612485259960381,0.0
0.9873081292296756,0.9873081292296756,0.0
1.522268419671999,1.522268419671999,0.0
0.9658962655012858,0.9658962655012858,0.0
1.527345363939571,1.527345363939571,0.0
0.10512345624213329,0.10512345624213329,0.0
1.534683424350802,1.534683424350802,0.0
1.4577365438143803,1.4577365438143803,0.0
0.1138755439148667,0.1138755439148667,0.0
1.7142810169342007,1.7142810169342007,0.0
1.404905878119028,1.404905878119028,0.0
1.3422336567353879,1.3422336567353879,0.0
1.44800847089686,1.44800847089686,0.0
1.2101874889009583,1.2101874889009583,0.0
1.7241696935162307,1.7241696935162307,0.0
1.4321933123880972,1.4321933123880972,0.0
1.879806072932265,1.879806072932265,0.0
1.4381943534626913,1.4381943534626913,0.0
1.4115350126486041,1.4115350126486041,0.0
1.5046362103877007,1.5046362103877007,0.0
1.495033716818426,1.495033716818426,0.0
1.8597260844878762,1.8597260844878762,0.0
1.7015060331606284,1.7015060331606284,0.0
1.4234036772547167,1.4234036772547167,0.0
1.5381230045271386,1.5381230045271386,0.0
1.5849833236776738,1.5849833236776738,0.0
1.9112028685764133,1.9112028685764133,0.0
1.6789173500508037,1.6789173500508037,0.0
1.4042205654946616,1.4042205654946616,0.0
1.233030617441952,1.233030617441952,0.0
1.5015955005075217,1.5015955005075217,0.0
1.4397335303823682,1.4397335303823682,0.0
0.7529022477890592,0.7529022477890592,0.0
1.768062404519175,1.768062404519175,0.0
1.102055902714684,1.102055902714684,0.0
0.8200809000038284,0.8200809000038284,0.0
1.6803702735303891,1.6803702735303891,0.0
0.9800187288861907,0.9800187288861907,0.0
1.3730776647195357,1.3730776647195357,0.0
1.1633239697813356,1.1633239697813356,0.0
1.5426988004314637,1.5426988004314637,0.0
1.2402338996479856,1.2402338996479856,0.0
1.5987433763461107,1.5987433763461107,0.0
1.0025764172810674,1.0025764172810674,0.0
1.4044916711859021,1.4044916711859021,0.0
0.28880312404097797,0.28880312404097797,0.0
1.3352380519491716,1.3352380519491716,0.0
1.851844904698811,1.851844904698811,0.0
0.6985374363381034,0.6985374363381034,0.0
1.5114843170506285,1.5114843170506285,0.0
1.5679561111484912,1.5679561111484912,0.0
1.7153651654973385,1.7153651654973385,0.0
0.8094886223913587,0.8094886223913587,0.0
1.7275983762447968,1.7275983762447968,0.0
1.0224457871422743,1.0224457871422743,0.0
1.4779057320051578,1.4779057320051578,0.0
1.3671055409440842,1.3671055409440842,0.0
0.9970439618221327,0.9970439618221327,0.0
1.602346976894473,1.602346976894473,0.0
0.7719680333726648,0.7719680333726648,0.0
1.3943768177313576,1.3943768177313576,0.0
1.3580579792588447,1.3580579792588447,0.0
1.3507132397743835,1.3507132397743835,0.0
1.4271260454441954,1.4271260454441954,0.0
0.8570564505912672,0.8570564505912672,0.0
2.238827656811701,2.238827656811701,0.0
1.468688121826383,1.468688121826383,0.0
1.4400987152103377,1.4400987152103377,0.0
0.994126575651211,0.994126575651211,0.0
0.870609875562195,0.870609875562195,0.0
0.7897395889515035,0.7897395889515035,0.0
1.3366983358090643,1.3366983358090643,0.0
1.8842585084894912,1.8842585084894912,0.0
1.3102630154060997,1.3102630154060997,0.0
1.633732222885072,1.633732222885072,0.0
1.152318500487055,1.152318500487055,0.0
1.6670844821868254,1.6670844821868254,0.0
1.5722883680698228,1.5722883680698228,0.0
1.3180987940745497,1.3180987940745497,0.0
0.6707367188003986,0.6707367188003986,0.0
1.7100510311886994,1.7100510311886994,0.0
1.2921801994939124,1.2921801994939124,0.0
