n_original,n_relleno_cola,n_efectivo,cola_target_constante,empates_intermedios
331,0,331,False,38
724,0,724,False,189
367,0,367,False,59
1069,0,1069,False,84
498,0,498,False,140
325,0,325,False,40
301,0,301,False,7
733,0,733,False,61
1500,0,1500,False,634
716,1,715,True,389
492,0,492,False,61
1116,0,1116,False,306
261,0,261,False,4
842,0,842,False,230
725,0,725,False,115
363,0,363,False,9
294,0,294,False,31
650,0,650,False,196
272,0,272,False,42
703,0,703,False,183
587,0,587,False,115
539,0,539,False,69
737,0,737,False,87
1106,0,1106,False,164
717,0,717,False,120
1144,0,1144,False,301
403,0,403,False,31
1060,0,1060,False,90
281,0,281,False,8
328,0,328,False,9
796,0,796,False,141
221,0,221,False,32
651,0,651,False,83
1047,0,1047,False,90
228,0,228,False,14
1140,0,1140,False,182
297,0,297,False,18
56,0,56,False,1
208,0,208,False,6
402,0,402,False,36
1094,0,1094,False,100
190,0,190,False,2
774,0,774,False,67
795,0,795,False,291
352,0,352,False,10
103,0,103,False,42
2030,0,2030,False,1166
1067,0,1067,False,371
59,0,59,False,15
209,0,209,False,7
559,0,559,False,50
587,0,587,False,206
901,0,901,False,85
1740,0,1740,False,466
262,0,262,False,12
298,0,298,False,34
513,0,513,False,43
715,0,715,False,92
639,0,639,False,89
467,0,467,False,79
654,0,654,False,108
807,0,807,False,290
325,0,325,False,27
1804,0,1804,False,576
348,0,348,False,32
1021,0,1021,False,98
1867,0,1867,False,997
587,0,587,False,136
54,0,54,False,17
582,0,582,False,135
1137,0,1137,False,358
161,0,161,False,5
797,0,797,False,149
146,0,146,False,46
50,0,50,False,11
578,0,578,False,198
278,0,278,False,11
786,0,786,False,233
469,0,469,False,50
719,0,719,False,75
558,0,558,False,70
364,0,364,False,60
259,0,259,False,13
1222,0,1222,False,213
573,0,573,False,134
678,0,678,False,186
387,0,387,False,30
1149,0,1149,False,383
946,0,946,False,106
524,0,524,False,54
1538,0,1538,False,648
708,0,708,False,172
50,0,50,False,14
256,0,256,False,3
528,0,528,False,73
92,0,92,False,7
348,0,348,False,23
196,0,196,False,5
491,0,491,False,77
1802,0,1802,False,533
567,0,567,False,78
688,0,688,False,96
982,0,982,False,344
79,0,79,False,20
790,0,790,False,79
325,0,325,False,15
627,0,627,False,50
212,0,212,False,5
1655,0,1655,False,419
37,0,37,False,7
765,0,765,False,259
76,0,76,False,20
961,0,961,False,334
1384,0,1384,False,355
268,0,268,False,9
289,0,289,False,30
141,0,141,False,0
901,0,901,False,316
557,0,557,False,77
278,0,278,False,44
121,0,121,False,5
710,0,710,False,277
41,0,41,False,12
80,0,80,False,26
49,0,49,False,11
580,0,580,False,82
69,0,69,False,21
543,0,543,False,153
1164,0,1164,False,117
581,0,581,False,89
857,0,857,False,322
296,0,296,False,27
362,0,362,False,23
1056,0,1056,False,88
348,0,348,False,32
750,1,749,True,438
1034,0,1034,False,100
286,0,286,False,7
727,0,727,False,92
421,0,421,False,24
526,0,526,False,73
461,0,461,False,47
556,1,555,True,288
479,0,479,False,23
338,0,338,False,41
1393,0,1393,False,477
774,0,774,False,117
674,0,674,False,66
999,0,999,False,147
454,0,454,False,48
258,0,258,False,46
221,0,221,False,11
390,0,390,False,104
862,0,862,False,319
624,0,624,False,69
68,0,68,False,0
44,0,44,False,18
435,0,435,False,54
394,1,393,True,196
376,0,376,False,45
276,0,276,False,34
1044,0,1044,False,90
433,0,433,False,57
1009,0,1009,False,292
150,0,150,False,11
274,0,274,False,3
2247,0,2247,False,978
224,0,224,False,100
995,0,995,False,71
143,0,143,False,19
444,0,444,False,19
287,0,287,False,27
565,0,565,False,85
273,0,273,False,17
454,0,454,False,43
278,0,278,False,15
169,0,169,False,0
1452,1,1451,True,1010
997,0,997,False,325
725,0,725,False,104
634,0,634,False,78
639,0,639,False,93
226,0,226,False,3
596,0,596,False,141
674,0,674,False,254
324,0,324,False,71
215,0,215,False,31
57,0,57,False,11
609,0,609,False,84
631,0,631,False,80
578,0,578,False,136
1030,0,1030,False,107
2158,0,2158,False,494
1195,0,1195,False,490
454,0,454,False,64
644,0,644,False,195
56,0,56,False,19
151,0,151,False,3
1147,0,1147,False,326
885,0,885,False,143
993,0,993,False,258
746,0,746,False,57
46,0,46,False,11
267,0,267,False,30
197,0,197,False,3
303,0,303,False,30
556,0,556,False,68
156,0,156,False,4
238,0,238,False,2
1907,0,1907,False,622
632,0,632,False,129
1382,0,1382,False,347
1157,0,1157,False,300
284,0,284,False,5
409,0,409,False,28
2218,0,2218,False,513
641,0,641,False,166
651,0,651,False,84
436,0,436,False,15
443,0,443,False,43
245,0,245,False,56
154,0,154,False,5
118,0,118,False,46
81,0,81,False,27
141,0,141,False,0
914,0,914,False,67
384,0,384,False,104
700,0,700,False,117
764,0,764,False,63
1204,0,1204,False,486
1154,0,1154,False,385
1017,0,1017,False,209
2170,0,2170,False,1349
318,0,318,False,11
1160,0,1160,False,384
450,0,450,False,53
695,0,695,False,177
726,0,726,False,95
154,0,154,False,3
475,0,475,False,45
234,0,234,False,5
426,0,426,False,57
548,0,548,False,80
317,0,317,False,6
335,0,335,False,24
48,0,48,False,14
231,0,231,False,11
62,0,62,False,22
319,0,319,False,18
96,0,96,False,34
1072,0,1072,False,381
77,0,77,False,26
420,0,420,False,12
347,0,347,False,19
1157,0,1157,False,379
1154,0,1154,False,388
197,0,197,False,2
154,0,154,False,61
216,0,216,False,4
208,0,208,False,4
630,0,630,False,76
296,0,296,False,13
616,0,616,False,86
632,0,632,False,61
388,0,388,False,20
2029,0,2029,False,972
1272,1,1271,True,724
1300,0,1300,False,414
866,0,866,False,283
792,0,792,False,103
678,0,678,False,129
367,0,367,False,52
112,0,112,False,1
371,0,371,False,12
344,0,344,False,12
271,0,271,False,10
666,0,666,False,96
487,0,487,False,64
879,0,879,False,268
429,0,429,False,112
193,0,193,False,2
548,0,548,False,67
857,0,857,False,257
497,0,497,False,71
118,0,118,False,11
556,0,556,False,135
2190,0,2190,False,777
512,0,512,False,90
586,0,586,False,72
250,0,250,False,2
153,0,153,False,45
210,0,210,False,3
213,0,213,False,3
1153,0,1153,False,387
43,0,43,False,13
856,0,856,False,313
439,0,439,False,21
266,0,266,False,20
1029,0,1029,False,122
103,0,103,False,4
461,0,461,False,40
459,0,459,False,25
654,0,654,False,177
635,0,635,False,247
225,0,225,False,2
768,0,768,False,294
928,0,928,False,89
742,0,742,False,255
490,0,490,False,37
300,0,300,False,34
594,0,594,False,115
1814,0,1814,False,740
183,0,183,False,2
551,0,551,False,81
1214,0,1214,False,296
536,0,536,False,79
327,0,327,False,15
281,0,281,False,29
273,0,273,False,36
1032,0,1032,False,102
288,0,288,False,38
634,0,634,False,99
716,0,716,False,201
122,0,122,False,0
30,0,30,False,7
838,0,838,False,319
215,0,215,False,11
722,0,722,False,282
181,0,181,False,2
219,0,219,False,33
286,0,286,False,6
1152,0,1152,False,381
455,0,455,False,23
48,0,48,False,15
242,0,242,False,5
508,0,508,False,54
45,0,45,False,18
304,0,304,False,19
311,0,311,False,35
689,0,689,False,121
869,0,869,False,265
413,0,413,False,16
533,0,533,False,63
377,0,377,False,29
1046,0,1046,False,601
293,0,293,False,26
508,0,508,False,96
467,0,467,False,91
53,0,53,False,0
1166,0,1166,False,335
155,0,155,False,3
70,0,70,False,19
190,0,190,False,2
1034,0,1034,False,375
326,0,326,False,19
219,0,219,False,2
210,0,210,False,2
297,0,297,False,9
175,0,175,False,7
350,0,350,False,11
38,0,38,False,11
952,0,952,False,74
229,0,229,False,8
935,0,935,False,156
311,0,311,False,49
2203,0,2203,False,492
1089,0,1089,False,393
626,0,626,False,110
47,0,47,False,1
464,0,464,False,29
984,0,984,False,130
354,0,354,False,7
294,0,294,False,23
150,0,150,False,2
342,0,342,False,50
1013,0,1013,False,290
765,0,765,False,259
580,0,580,False,92
293,0,293,False,24
855,0,855,False,61
801,0,801,False,126
232,0,232,False,21
514,0,514,False,58
253,0,253,False,11
370,0,370,False,28
292,0,292,False,20
1111,0,1111,False,96
47,0,47,False,15
951,0,951,False,73
325,0,325,False,9
468,0,468,False,54
355,0,355,False,21
93,0,93,False,0
1034,0,1034,False,87
1125,0,1125,False,490
172,0,172,False,0
70,0,70,False,19
337,0,337,False,17
335,0,335,False,41
259,0,259,False,42
470,1,469,True,253
785,0,785,False,72
405,0,405,False,36
861,0,861,False,48
665,0,665,False,237
205,0,205,False,10
269,0,269,False,5
581,0,581,False,151
39,0,39,False,12
142,0,142,False,5
506,0,506,False,66
378,0,378,False,41
594,0,594,False,238
663,0,663,False,175
707,0,707,False,148
756,0,756,False,57
550,0,550,False,56
78,0,78,False,18
778,0,778,False,107
972,0,972,False,72
318,0,318,False,18
280,0,280,False,21
410,0,410,False,53
456,0,456,False,51
1046,0,1046,False,104
624,0,624,False,127
1176,0,1176,False,366
317,0,317,False,17
1153,0,1153,False,227
510,0,510,False,55
1457,0,1457,False,426
78,0,78,False,18
723,0,723,False,107
468,0,468,False,80
904,0,904,False,219
252,0,252,False,26
508,0,508,False,50
53,0,53,False,9
252,0,252,False,11
571,0,571,False,75
2346,0,2346,False,572
384,0,384,False,55
650,0,650,False,79
523,0,523,False,53
738,0,738,False,244
161,0,161,False,4
545,0,545,False,80
574,0,574,False,74
522,0,522,False,83
800,0,800,False,241
399,0,399,False,43
52,0,52,False,14
660,0,660,False,133
534,0,534,False,63
926,0,926,False,102
711,0,711,False,165
802,0,802,False,72
93,0,93,False,34
433,0,433,False,51
611,0,611,False,137
276,0,276,False,11
452,0,452,False,23
643,0,643,False,88
221,0,221,False,0
158,0,158,False,57
353,0,353,False,29
723,0,723,False,107
795,0,795,False,112
547,0,547,False,51
1015,0,1015,False,214
665,0,665,False,92
276,0,276,False,5
582,0,582,False,53
592,0,592,False,77
390,0,390,False,64
2092,0,2092,False,996
746,0,746,False,117
1327,0,1327,False,345
459,0,459,False,194
355,0,355,False,12
326,0,326,False,7
738,0,738,False,200
404,0,404,False,42
358,0,358,False,21
77,0,77,False,20
519,0,519,False,78
550,0,550,False,79
41,0,41,False,15
789,0,789,False,226
269,0,269,False,30
422,0,422,False,15
466,0,466,False,55
465,0,465,False,27
1509,0,1509,False,852
93,0,93,False,32
474,0,474,False,61
885,0,885,False,147
545,0,545,False,76
411,0,411,False,15
133,0,133,False,4
245,0,245,False,29
656,0,656,False,119
858,0,858,False,323
333,0,333,False,43
335,0,335,False,29
1090,0,1090,False,296
1136,0,1136,False,178
1484,0,1484,False,339
445,0,445,False,45
638,0,638,False,143
572,0,572,False,62
298,0,298,False,21
459,0,459,False,58
32,0,32,False,8
1107,0,1107,False,386
349,0,349,False,46
226,0,226,False,40
408,0,408,False,74
658,0,658,False,87
143,0,143,False,0
49,0,49,False,12
391,0,391,False,43
103,0,103,False,1
320,0,320,False,15
569,0,569,False,65
76,0,76,False,33
158,0,158,False,6
332,0,332,False,42
411,0,411,False,26
704,0,704,False,176
299,0,299,False,29
124,0,124,False,1
153,0,153,False,5
922,0,922,False,157
380,0,380,False,11
123,0,123,False,2
944,0,944,False,85
701,0,701,False,99
491,0,491,False,31
222,0,222,False,28
500,0,500,False,45
232,0,232,False,12
463,0,463,False,135
777,0,777,False,118
140,0,140,False,0
319,0,319,False,31
1970,0,1970,False,430
290,0,290,False,16
695,0,695,False,113
169,0,169,False,0
663,0,663,False,86
674,0,674,False,78
1095,0,1095,False,479
1337,0,1337,False,527
1195,0,1195,False,89
220,0,220,False,32
48,0,48,False,12
490,0,490,False,37
524,0,524,False,68
110,0,110,False,1
120,0,120,False,43
955,0,955,False,224
41,0,41,False,0
1663,0,1663,False,442
653,0,653,False,197
524,0,524,False,41
374,0,374,False,65
79,0,79,False,24
297,0,297,False,28
1166,0,1166,False,337
526,0,526,False,84
276,0,276,False,44
431,0,431,False,61
752,0,752,False,202
505,0,505,False,42
182,0,182,False,4
607,0,607,False,137
297,0,297,False,35
82,0,82,False,23
886,0,886,False,311
285,0,285,False,26
869,0,869,False,178
521,0,521,False,59
1322,0,1322,False,133
270,0,270,False,38
1186,0,1186,False,403
717,0,717,False,284
72,0,72,False,18
240,0,240,False,20
72,0,72,False,17
305,0,305,False,35
211,0,211,False,25
336,0,336,False,33
566,0,566,False,65
1546,0,1546,False,419
873,0,873,False,75
1007,0,1007,False,298
425,0,425,False,43
441,0,441,False,91
1160,0,1160,False,110
659,0,659,False,179
626,0,626,False,80
193,0,193,False,2
97,0,97,False,43
950,0,950,False,328
279,0,279,False,5
304,0,304,False,32
1158,0,1158,False,301
547,0,547,False,78
742,0,742,False,58
212,0,212,False,4
261,0,261,False,4
159,0,159,False,12
747,0,747,False,256
1130,0,1130,False,99
168,0,168,False,6
2099,0,2099,False,602
1035,0,1035,False,104
766,0,766,False,108
402,0,402,False,103
238,0,238,False,11
53,0,53,False,14
53,0,53,False,16
149,0,149,False,4
937,0,937,False,112
189,0,189,False,3
76,0,76,False,1
1409,0,1409,False,563
472,0,472,False,128
553,0,553,False,66
136,0,136,False,4
756,0,756,False,263
277,0,277,False,5
487,0,487,False,51
437,0,437,False,60
496,0,496,False,77
204,0,204,False,34
536,0,536,False,78
941,0,941,False,89
437,0,437,False,49
505,0,505,False,83
1231,0,1231,False,345
251,0,251,False,1
205,0,205,False,36
79,0,79,False,29
233,0,233,False,9
1313,0,1313,False,459
975,0,975,False,71
176,0,176,False,26
652,0,652,False,162
551,0,551,False,47
75,0,75,False,20
236,0,236,False,24
143,0,143,False,4
153,0,153,False,3
563,0,563,False,71
750,0,750,False,266
1170,0,1170,False,343
997,0,997,False,85
1021,0,1021,False,136
300,0,300,False,32
327,0,327,False,32
60,0,60,False,16
1152,0,1152,False,384
398,0,398,False,43
2264,0,2264,False,536
310,0,310,False,37
1016,0,1016,False,98
48,0,48,False,23
37,0,37,False,12
1233,0,1233,False,320
432,0,432,False,60
209,0,209,False,3
91,0,91,False,28
475,0,475,False,61
76,0,76,False,20
327,0,327,False,28
97,0,97,False,33
475,0,475,False,81
103,0,103,False,3
110,0,110,False,0
1178,0,1178,False,510
930,0,930,False,333
382,0,382,False,53
408,0,408,False,12
634,1,633,True,338
606,0,606,False,57
550,0,550,False,75
50,0,50,False,14
163,0,163,False,3
1415,0,1415,False,395
461,0,461,False,31
435,0,435,False,22
209,0,209,False,26
73,0,73,False,14
569,0,569,False,70
65,0,65,False,15
319,0,319,False,49
1012,0,1012,False,354
43,0,43,False,12
221,0,221,False,9
408,0,408,False,12
229,0,229,False,1
184,0,184,False,13
266,0,266,False,50
37,0,37,False,12
1156,0,1156,False,336
319,0,319,False,40
147,0,147,False,53
508,0,508,False,51
1002,0,1002,False,292
338,0,338,False,37
1175,0,1175,False,507
276,0,276,False,35
180,0,180,False,3
219,0,219,False,2
259,0,259,False,13
530,0,530,False,180
413,0,413,False,38
760,0,760,False,282
426,0,426,False,20
249,0,249,False,27
231,0,231,False,51
672,0,672,False,77
326,0,326,False,9
740,0,740,False,123
968,0,968,False,273
775,0,775,False,284
809,0,809,False,125
257,0,257,False,12
842,0,842,False,240
122,0,122,False,1
1165,0,1165,False,183
396,0,396,False,25
305,0,305,False,35
274,0,274,False,10
1104,0,1104,False,386
359,0,359,False,11
662,0,662,False,95
137,0,137,False,19
291,0,291,False,34
549,0,549,False,129
533,0,533,False,89
200,0,200,False,1
363,0,363,False,64
245,0,245,False,13
281,0,281,False,34
241,0,241,False,5
354,0,354,False,9
1046,0,1046,False,105
1135,0,1135,False,235
72,0,72,False,17
717,0,717,False,263
946,0,946,False,120
349,0,349,False,49
1115,0,1115,False,325
174,0,174,False,7
212,0,212,False,7
315,0,315,False,40
1044,0,1044,False,345
1157,0,1157,False,412
557,0,557,False,73
145,0,145,False,17
527,0,527,False,65
697,0,697,False,69
790,0,790,False,72
499,0,499,False,93
464,0,464,False,27
81,0,81,False,19
716,0,716,False,219
53,0,53,False,9
667,0,667,False,169
368,0,368,False,31
572,0,572,False,84
360,0,360,False,9
746,1,745,True,399
325,0,325,False,7
629,0,629,False,74
516,0,516,False,58
575,0,575,False,79
824,0,824,False,274
394,0,394,False,56
170,0,170,False,8
1603,0,1603,False,317
855,0,855,False,125
158,0,158,False,68
1057,0,1057,False,98
699,0,699,False,196
498,0,498,False,29
714,0,714,False,180
800,0,800,False,126
1100,0,1100,False,273
925,0,925,False,164
69,0,69,False,19
340,0,340,False,44
1947,0,1947,False,521
1240,0,1240,False,104
215,0,215,False,2
555,0,555,False,220
363,0,363,False,30
805,0,805,False,185
206,0,206,False,6
519,0,519,False,81
316,0,316,False,44
331,0,331,False,23
505,0,505,False,54
1050,0,1050,False,95
1100,0,1100,False,101
32,0,32,False,8
452,0,452,False,53
275,0,275,False,5
362,0,362,False,10
671,0,671,False,263
666,0,666,False,98
642,0,642,False,79
269,0,269,False,11
96,0,96,False,41
254,0,254,False,2
424,0,424,False,11
334,0,334,False,58
614,0,614,False,105
61,0,61,False,17
46,0,46,False,16
1012,0,1012,False,292
389,0,389,False,53
602,0,602,False,112
572,0,572,False,115
445,0,445,False,51
1117,0,1117,False,469
550,0,550,False,93
400,0,400,False,54
64,0,64,False,15
334,0,334,False,38
77,0,77,False,22
1227,0,1227,False,97
680,0,680,False,109
417,0,417,False,46
467,0,467,False,62
437,0,437,False,42
488,0,488,False,29
1169,0,1169,False,303
230,0,230,False,8
695,0,695,False,125
1160,0,1160,False,303
534,0,534,False,78
855,0,855,False,81
169,0,169,False,8
170,0,170,False,1
227,0,227,False,6
941,0,941,False,84
272,0,272,False,14
456,0,456,False,21
462,0,462,False,21
2183,0,2183,False,712
588,0,588,False,138
367,0,367,False,47
956,0,956,False,111
1040,0,1040,False,100
435,0,435,False,54
716,0,716,False,106
1137,0,1137,False,195
721,0,721,False,87
77,0,77,False,23
1171,0,1171,False,118
48,0,48,False,9
1949,0,1949,False,580
39,0,39,False,8
382,0,382,False,26
147,0,147,False,59
977,0,977,False,94
275,0,275,False,33
476,0,476,False,84
345,0,345,False,42
409,0,409,False,48
392,0,392,False,51
822,0,822,False,289
1117,0,1117,False,82
174,0,174,False,22
1164,0,1164,False,388
302,0,302,False,29
226,0,226,False,5
782,0,782,False,295
286,0,286,False,6
1156,0,1156,False,331
148,0,148,False,3
1112,0,1112,False,396
278,0,278,False,5
379,0,379,False,48
368,0,368,False,11
371,0,371,False,62
1316,0,1316,False,305
231,0,231,False,11
27,0,27,False,2
1272,0,1272,False,252
318,0,318,False,37
317,0,317,False,7
2745,0,2745,False,954
325,0,325,False,19
647,0,647,False,131
269,0,269,False,10
353,0,353,False,7
577,0,577,False,117
264,0,264,False,2
672,0,672,False,73
300,0,300,False,36
44,0,44,False,14
294,0,294,False,18
389,0,389,False,24
299,0,299,False,42
71,0,71,False,21
227,0,227,False,97
254,0,254,False,11
237,0,237,False,77
213,0,213,False,10
66,0,66,False,23
2224,0,2224,False,577
432,0,432,False,55
678,0,678,False,112
46,0,46,False,11
160,0,160,False,0
580,0,580,False,89
2288,0,2288,False,557
391,0,391,False,52
270,0,270,False,5
798,0,798,False,136
233,0,233,False,2
634,0,634,False,83
1150,0,1150,False,194
452,0,452,False,22
734,0,734,False,71
855,0,855,False,314
231,0,231,False,20
119,0,119,False,7
143,0,143,False,0
580,0,580,False,137
255,0,255,False,16
481,0,481,False,55
252,0,252,False,30
324,0,324,False,38
275,0,275,False,3
1135,0,1135,False,194
306,0,306,False,15
158,0,158,False,2
45,0,45,False,11
476,0,476,False,52
562,0,562,False,71
743,0,743,False,105
374,0,374,False,11
1320,0,1320,False,758
690,0,690,False,96
790,0,790,False,75
376,0,376,False,6
46,0,46,False,21
598,0,598,False,77
584,0,584,False,169
1277,0,1277,False,339
675,0,675,False,267
327,0,327,False,17
588,0,588,False,74
520,0,520,False,52
663,0,663,False,87
77,0,77,False,19
504,0,504,False,60
1640,0,1640,False,466
293,0,293,False,36
303,0,303,False,18
344,0,344,False,21
669,0,669,False,56
854,0,854,False,325
459,0,459,False,69
593,0,593,False,83
947,0,947,False,229
48,0,48,False,13
624,0,624,False,128
188,0,188,False,3
189,0,189,False,2
390,0,390,False,17
679,0,679,False,90
732,0,732,False,264
542,0,542,False,105
27,0,27,False,5
247,0,247,False,10
699,0,699,False,159
1220,0,1220,False,343
840,0,840,False,194
937,0,937,False,66
469,0,469,False,62
532,0,532,False,172
1112,0,1112,False,398
406,0,406,False,14
585,0,585,False,135
157,0,157,False,50
241,0,241,False,16
931,0,931,False,102
1022,0,1022,False,365
95,0,95,False,38
409,0,409,False,50
253,0,253,False,6
523,0,523,False,83
319,0,319,False,28
1997,0,1997,False,596
384,0,384,False,48
268,0,268,False,10
224,0,224,False,20
640,0,640,False,165
76,0,76,False,24
484,1,483,True,261
185,0,185,False,27
47,0,47,False,17
143,0,143,False,56
225,0,225,False,2
928,0,928,False,345
943,0,943,False,84
45,0,45,False,11
1111,0,1111,False,324
1010,0,1010,False,292
913,0,913,False,86
603,0,603,False,239
474,0,474,False,61
576,0,576,False,196
4450,0,4450,False,2863
30,0,30,False,7
191,0,191,False,1
562,0,562,False,68
250,0,250,False,13
807,0,807,False,103
324,0,324,False,48
391,0,391,False,45
758,0,758,False,275
769,0,769,False,303
300,0,300,False,11
358,0,358,False,22
922,0,922,False,269
46,0,46,False,13
832,0,832,False,114
43,0,43,False,10
825,0,825,False,266
393,0,393,False,52
386,0,386,False,47
1818,0,1818,False,745
289,0,289,False,17
274,0,274,False,4
1060,0,1060,False,58
561,0,561,False,76
216,0,216,False,11
526,0,526,False,64
341,0,341,False,21
701,0,701,False,120
168,0,168,False,0
307,0,307,False,5
486,0,486,False,67
232,0,232,False,1
266,0,266,False,29
674,0,674,False,75
198,0,198,False,7
490,0,490,False,48
491,0,491,False,59
285,0,285,False,4
1036,0,1036,False,93
360,0,360,False,46
387,0,387,False,24
393,0,393,False,65
447,0,447,False,36
343,0,343,False,48
758,0,758,False,182
226,0,226,False,7
312,0,312,False,43
167,0,167,False,15
1208,0,1208,False,423
570,0,570,False,145
212,0,212,False,10
247,0,247,False,27
695,0,695,False,127
649,0,649,False,115
50,0,50,False,16
1055,0,1055,False,87
161,0,161,False,5
663,0,663,False,92
57,0,57,False,0
67,0,67,False,15
797,0,797,False,102
758,0,758,False,62
93,0,93,False,37
754,0,754,False,285
197,0,197,False,0
417,0,417,False,18
176,0,176,False,6
253,0,253,False,31
255,0,255,False,10
726,0,726,False,100
139,0,139,False,4
2305,0,2305,False,573
36,0,36,False,12
147,0,147,False,1
219,0,219,False,8
398,0,398,False,31
657,0,657,False,137
399,0,399,False,104
340,0,340,False,72
473,0,473,False,30
639,0,639,False,158
701,0,701,False,100
662,0,662,False,223
311,0,311,False,42
439,0,439,False,57
471,0,471,False,30
2046,0,2046,False,1054
713,0,713,False,265
344,0,344,False,62
680,0,680,False,119
517,0,517,False,53
772,0,772,False,206
497,0,497,False,53
93,0,93,False,30
293,0,293,False,29
532,0,532,False,110
52,0,52,False,17
653,0,653,False,256
43,0,43,False,13
215,0,215,False,21
220,0,220,False,2
695,0,695,False,121
375,0,375,False,47
675,0,675,False,117
545,0,545,False,83
58,0,58,False,15
249,0,249,False,15
148,0,148,False,3
524,0,524,False,59
167,0,167,False,5
322,0,322,False,43
170,0,170,False,1
410,0,410,False,92
2135,0,2135,False,471
275,0,275,False,4
472,0,472,False,50
367,0,367,False,22
278,0,278,False,34
78,0,78,False,23
387,0,387,False,18
2236,0,2236,False,1429
33,0,33,False,0
199,0,199,False,3
1250,0,1250,False,331
437,0,437,False,58
273,0,273,False,10
93,0,93,False,33
452,0,452,False,46
626,0,626,False,104
597,0,597,False,141
47,0,47,False,13
36,0,36,False,2
941,0,941,False,109
158,0,158,False,4
386,0,386,False,53
268,0,268,False,11
656,0,656,False,80
514,0,514,False,59
154,0,154,False,2
657,0,657,False,168
254,0,254,False,3
211,0,211,False,49
42,0,42,False,9
466,0,466,False,53
423,0,423,False,51
427,0,427,False,48
318,0,318,False,46
78,0,78,False,26
1069,0,1069,False,320
472,0,472,False,53
192,0,192,False,2
356,0,356,False,7
440,0,440,False,18
434,0,434,False,19
56,0,56,False,14
195,0,195,False,2
50,0,50,False,16
1017,0,1017,False,127
268,0,268,False,27
1245,0,1245,False,122
736,0,736,False,107
279,0,279,False,36
1473,0,1473,False,619
605,0,605,False,84
385,0,385,False,53
60,0,60,False,14
343,0,343,False,60
44,0,44,False,15
719,0,719,False,229
229,0,229,False,95
251,0,251,False,22
671,0,671,False,86
666,0,666,False,179
1300,0,1300,False,142
286,0,286,False,38
176,0,176,False,28
260,0,260,False,27
2026,0,2026,False,586
612,0,612,False,63
299,0,299,False,58
188,0,188,False,39
938,0,938,False,112
621,0,621,False,98
2057,0,2057,False,662
1412,1,1411,True,822
84,0,84,False,18
547,0,547,False,69
441,0,441,False,40
1157,0,1157,False,387
452,0,452,False,47
44,0,44,False,24
165,0,165,False,1
269,0,269,False,22
358,0,358,False,8
910,0,910,False,88
321,0,321,False,24
46,0,46,False,9
598,0,598,False,116
991,0,991,False,255
565,0,565,False,78
1174,1,1173,True,663
894,0,894,False,80
413,0,413,False,11
640,0,640,False,95
547,0,547,False,59
307,0,307,False,38
129,0,129,False,22
241,0,241,False,5
400,0,400,False,54
807,0,807,False,126
397,0,397,False,13
282,0,282,False,22
745,0,745,False,259
104,0,104,False,10
398,0,398,False,53
678,0,678,False,91
399,0,399,False,54
1190,1,1189,True,674
365,0,365,False,27
44,0,44,False,10
547,0,547,False,78
536,0,536,False,80
288,0,288,False,36
679,0,679,False,197
49,0,49,False,17
638,0,638,False,84
1116,0,1116,False,490
555,0,555,False,83
199,0,199,False,5
329,0,329,False,8
1141,0,1141,False,94
1322,0,1322,False,537
648,0,648,False,89
710,0,710,False,102
248,0,248,False,26
756,0,756,False,278
713,0,713,False,95
692,0,692,False,122
416,0,416,False,14
170,0,170,False,0
321,0,321,False,10
474,0,474,False,127
454,0,454,False,64
2245,0,2245,False,536
591,0,591,False,141
1230,0,1230,False,97
679,0,679,False,90
426,0,426,False,14
95,0,95,False,34
51,0,51,False,15
406,0,406,False,53
247,0,247,False,56
349,0,349,False,34
588,0,588,False,140
643,0,643,False,84
333,0,333,False,27
99,0,99,False,38
619,0,619,False,158
650,0,650,False,101
621,0,621,False,227
412,0,412,False,33
102,0,102,False,15
67,0,67,False,19
799,0,799,False,117
612,0,612,False,114
793,0,793,False,142
93,0,93,False,39
373,0,373,False,11
395,0,395,False,29
449,0,449,False,45
40,0,40,False,7
53,0,53,False,10
155,0,155,False,3
803,0,803,False,124
133,0,133,False,0
124,0,124,False,2
797,0,797,False,239
281,0,281,False,16
139,0,139,False,0
386,0,386,False,43
190,0,190,False,2
230,0,230,False,12
1299,0,1299,False,295
907,0,907,False,193
566,0,566,False,70
2277,0,2277,False,641
1205,0,1205,False,92
149,0,149,False,5
1087,0,1087,False,113
761,0,761,False,291
372,0,372,False,12
442,0,442,False,23
241,0,241,False,7
267,0,267,False,27
385,0,385,False,56
97,0,97,False,42
798,0,798,False,105
146,0,146,False,19
571,0,571,False,134
653,0,653,False,249
413,0,413,False,64
233,0,233,False,22
309,0,309,False,36
161,0,161,False,4
364,0,364,False,54
447,0,447,False,65
220,0,220,False,2
186,0,186,False,9
2297,0,2297,False,676
286,0,286,False,31
575,0,575,False,45
219,0,219,False,26
210,0,210,False,2
680,0,680,False,109
185,0,185,False,5
496,0,496,False,34
254,0,254,False,14
477,0,477,False,81
1532,1,1531,True,1041
179,0,179,False,3
439,0,439,False,23
192,0,192,False,2
747,0,747,False,132
314,0,314,False,40
215,0,215,False,23
426,0,426,False,28
458,0,458,False,24
368,0,368,False,51
188,0,188,False,2
197,0,197,False,2
288,0,288,False,10
458,0,458,False,212
272,0,272,False,64
369,0,369,False,49
399,0,399,False,20
562,0,562,False,95
301,0,301,False,36
1728,1,1727,True,930
294,0,294,False,7
294,0,294,False,36
367,0,367,False,58
678,0,678,False,179
61,0,61,False,16
370,0,370,False,23
241,0,241,False,117
136,0,136,False,6
352,0,352,False,26
599,0,599,False,53
706,0,706,False,102
243,0,243,False,10
141,0,141,False,0
1394,0,1394,False,361
861,0,861,False,322
374,0,374,False,40
305,0,305,False,33
46,0,46,False,14
301,0,301,False,34
596,0,596,False,84
1051,0,1051,False,85
127,0,127,False,43
898,0,898,False,342
1334,0,1334,False,533
45,0,45,False,14
165,0,165,False,7
634,0,634,False,89
315,0,315,False,37
203,0,203,False,9
1020,0,1020,False,97
98,0,98,False,17
492,0,492,False,53
93,0,93,False,0
250,0,250,False,26
361,0,361,False,25
396,0,396,False,33
255,0,255,False,9
256,0,256,False,10
341,0,341,False,44
486,0,486,False,64
747,0,747,False,104
32,0,32,False,7
428,0,428,False,53
77,0,77,False,20
129,0,129,False,8
645,0,645,False,92
117,0,117,False,0
122,0,122,False,21
232,0,232,False,22
12,0,12,False,0
599,0,599,False,234
1111,0,1111,False,73
287,0,287,False,36
124,0,124,False,1
263,0,263,False,19
88,0,88,False,22
265,0,265,False,16
50,0,50,False,15
34,0,34,False,6
1144,0,1144,False,381
734,0,734,False,107
2272,0,2272,False,590
333,0,333,False,51
426,0,426,False,47
741,0,741,False,251
1550,0,1550,False,538
278,0,278,False,37
340,0,340,False,29
742,0,742,False,109
254,0,254,False,28
1165,0,1165,False,113
571,0,571,False,84
1163,0,1163,False,341
47,0,47,False,11
308,0,308,False,14
364,0,364,False,63
479,0,479,False,80
306,0,306,False,31
341,0,341,False,37
482,0,482,False,63
301,0,301,False,128
515,0,515,False,86
662,0,662,False,77
46,0,46,False,11
634,0,634,False,96
48,0,48,False,16
400,0,400,False,43
298,0,298,False,11
241,0,241,False,4
273,0,273,False,4
731,0,731,False,193
931,0,931,False,324
171,0,171,False,2
846,0,846,False,54
170,0,170,False,8
749,0,749,False,108
133,0,133,False,4
980,0,980,False,299
570,0,570,False,76
571,0,571,False,68
2313,0,2313,False,574
614,0,614,False,240
548,0,548,False,80
599,0,599,False,240
644,0,644,False,127
469,0,469,False,77
349,0,349,False,50
692,0,692,False,137
306,0,306,False,13
691,0,691,False,83
1197,0,1197,False,633
274,0,274,False,9
216,0,216,False,11
473,0,473,False,55
77,0,77,False,20
952,0,952,False,495
632,0,632,False,103
176,0,176,False,0
1590,0,1590,False,663
74,0,74,False,20
728,0,728,False,190
612,0,612,False,218
530,0,530,False,63
357,0,357,False,39
560,0,560,False,83
669,0,669,False,92
652,0,652,False,111
691,0,691,False,121
426,0,426,False,76
277,0,277,False,3
49,0,49,False,15
669,0,669,False,244
321,0,321,False,9
214,0,214,False,9
266,0,266,False,39
244,0,244,False,15
1158,0,1158,False,387
645,0,645,False,84
279,0,279,False,27
321,0,321,False,14
205,0,205,False,3
420,0,420,False,61
30,0,30,False,4
480,0,480,False,64
414,0,414,False,89
496,0,496,False,26
696,0,696,False,238
261,0,261,False,12
325,0,325,False,35
833,0,833,False,53
49,0,49,False,13
38,0,38,False,0
967,0,967,False,507
496,0,496,False,146
254,0,254,False,2
556,0,556,False,45
1205,0,1205,False,96
272,0,272,False,41
49,0,49,False,13
944,0,944,False,133
2077,0,2077,False,514
271,0,271,False,40
271,0,271,False,11
402,0,402,False,55
900,0,900,False,81
140,0,140,False,59
172,0,172,False,5
82,0,82,False,10
741,0,741,False,122
333,0,333,False,20
306,0,306,False,95
576,0,576,False,108
606,0,606,False,153
492,0,492,False,43
604,0,604,False,101
412,0,412,False,106
413,0,413,False,50
312,0,312,False,36
209,0,209,False,27
551,0,551,False,40
48,0,48,False,15
338,0,338,False,43
794,0,794,False,141
825,0,825,False,219
295,0,295,False,31
416,0,416,False,12
1234,0,1234,False,217
45,0,45,False,11
356,0,356,False,7
105,0,105,False,0
371,0,371,False,22
602,0,602,False,132
1135,0,1135,False,193
1154,0,1154,False,385
87,0,87,False,14
1794,0,1794,False,534
266,0,266,False,34
1090,0,1090,False,365
288,0,288,False,6
1016,0,1016,False,83
77,0,77,False,22
655,0,655,False,90
1382,0,1382,False,554
176,0,176,False,7
329,0,329,False,8
171,0,171,False,5
375,0,375,False,49
387,0,387,False,58
722,0,722,False,96
1762,0,1762,False,553
253,0,253,False,29
499,0,499,False,134
201,0,201,False,17
47,0,47,False,8
581,0,581,False,87
459,0,459,False,55
857,0,857,False,165
794,0,794,False,272
488,0,488,False,49
403,0,403,False,12
472,0,472,False,59
148,0,148,False,10
508,0,508,False,60
550,0,550,False,80
406,0,406,False,49
227,0,227,False,6
383,0,383,False,104
93,0,93,False,11
298,0,298,False,10
478,0,478,False,24
772,0,772,False,110
430,0,430,False,57
314,0,314,False,7
242,0,242,False,24
221,0,221,False,10
468,0,468,False,51
470,0,470,False,56
982,0,982,False,78
367,0,367,False,29
206,0,206,False,2
290,0,290,False,37
84,0,84,False,27
576,0,576,False,40
1030,0,1030,False,93
82,0,82,False,12
611,0,611,False,144
720,0,720,False,129
290,0,290,False,29
531,0,531,False,66
920,0,920,False,160
318,0,318,False,8
159,0,159,False,3
279,0,279,False,35
142,0,142,False,3
81,0,81,False,20
423,0,423,False,11
91,0,91,False,39
454,0,454,False,24
881,0,881,False,189
269,0,269,False,9
170,0,170,False,4
555,0,555,False,71
388,0,388,False,61
142,0,142,False,58
242,0,242,False,20
634,0,634,False,74
130,0,130,False,3
600,0,600,False,118
327,0,327,False,68
707,0,707,False,256
117,0,117,False,19
397,0,397,False,54
676,0,676,False,91
511,0,511,False,64
637,0,637,False,82
142,0,142,False,60
473,0,473,False,33
366,0,366,False,12
304,0,304,False,35
330,0,330,False,40
51,0,51,False,13
408,0,408,False,29
178,0,178,False,6
324,0,324,False,25
243,0,243,False,24
239,0,239,False,4
603,0,603,False,80
151,0,151,False,3
78,0,78,False,20
653,0,653,False,85
318,0,318,False,38
126,0,126,False,4
747,0,747,False,271
669,0,669,False,76
727,0,727,False,232
302,0,302,False,35
376,0,376,False,23
929,0,929,False,162
1171,0,1171,False,507
475,0,475,False,127
298,0,298,False,41
903,0,903,False,81
857,0,857,False,312
530,1,529,True,279
272,0,272,False,11
409,0,409,False,11
1013,0,1013,False,129
659,0,659,False,99
68,0,68,False,16
52,0,52,False,17
281,0,281,False,5
289,0,289,False,27
1140,0,1140,False,406
335,0,335,False,49
490,0,490,False,56
79,0,79,False,24
711,0,711,False,95
551,0,551,False,74
84,0,84,False,0
47,0,47,False,15
1088,0,1088,False,64
346,0,346,False,30
551,0,551,False,75
491,0,491,False,59
410,0,410,False,15
1130,0,1130,False,99
121,0,121,False,25
952,0,952,False,78
49,0,49,False,10
1237,0,1237,False,333
890,0,890,False,313
290,0,290,False,26
791,0,791,False,138
385,0,385,False,51
1722,0,1722,False,456
167,0,167,False,75
575,0,575,False,135
977,0,977,False,86
275,0,275,False,4
107,0,107,False,40
734,0,734,False,54
667,0,667,False,104
939,0,939,False,344
343,0,343,False,22
637,0,637,False,129
961,0,961,False,71
644,0,644,False,108
457,0,457,False,21
82,0,82,False,23
44,0,44,False,12
248,0,248,False,24
875,0,875,False,75
60,0,60,False,8
272,0,272,False,29
351,0,351,False,35
552,0,552,False,80
182,0,182,False,1
425,0,425,False,20
700,0,700,False,102
478,0,478,False,155
2060,0,2060,False,661
1145,0,1145,False,387
424,0,424,False,63
473,0,473,False,75
528,0,528,False,66
413,0,413,False,73
325,0,325,False,9
266,0,266,False,8
278,0,278,False,18
152,0,152,False,20
170,0,170,False,1
816,0,816,False,150
252,0,252,False,5
46,0,46,False,9
591,0,591,False,53
979,0,979,False,98
75,0,75,False,15
1158,0,1158,False,130
906,0,906,False,224
273,0,273,False,9
288,0,288,False,19
83,0,83,False,10
697,0,697,False,124
137,0,137,False,6
845,0,845,False,307
475,0,475,False,51
78,0,78,False,24
403,0,403,False,39
50,0,50,False,15
1065,0,1065,False,250
411,0,411,False,14
464,0,464,False,18
677,0,677,False,85
678,0,678,False,91
1270,0,1270,False,107
42,0,42,False,10
604,0,604,False,198
167,0,167,False,1
481,0,481,False,58
335,0,335,False,17
522,0,522,False,35
642,0,642,False,88
742,0,742,False,127
147,0,147,False,68
816,0,816,False,85
172,0,172,False,66
132,0,132,False,3
520,0,520,False,109
437,0,437,False,32
675,0,675,False,89
477,0,477,False,63
149,0,149,False,24
641,0,641,False,72
287,0,287,False,21
232,0,232,False,10
736,0,736,False,259
233,0,233,False,11
1154,0,1154,False,105
315,0,315,False,8
401,0,401,False,56
1767,0,1767,False,674
620,0,620,False,92
1042,0,1042,False,240
43,0,43,False,11
169,0,169,False,1
294,0,294,False,24
768,0,768,False,211
908,0,908,False,73
134,0,134,False,0
1032,0,1032,False,430
146,0,146,False,3
1176,1,1175,True,631
1016,0,1016,False,294
761,0,761,False,259
168,0,168,False,103
863,0,863,False,267
163,0,163,False,1
295,0,295,False,27
65,0,65,False,23
279,0,279,False,3
51,0,51,False,14
415,0,415,False,44
120,0,120,False,1
511,0,511,False,50
1161,0,1161,False,385
701,0,701,False,188
49,0,49,False,18
1099,0,1099,False,370
941,0,941,False,110
56,0,56,False,13
698,1,697,True,392
761,0,761,False,278
212,0,212,False,2
168,0,168,False,5
1064,0,1064,False,370
1047,0,1047,False,96
762,0,762,False,60
52,0,52,False,10
704,0,704,False,246
126,0,126,False,36
62,0,62,False,20
304,0,304,False,34
368,0,368,False,21
557,0,557,False,77
667,0,667,False,89
595,0,595,False,95
233,0,233,False,28
130,0,130,False,14
223,0,223,False,33
683,0,683,False,113
372,0,372,False,125
523,0,523,False,59
128,0,128,False,27
497,0,497,False,61
719,0,719,False,231
1231,0,1231,False,344
271,0,271,False,9
1057,0,1057,False,187
365,0,365,False,10
40,0,40,False,0
87,0,87,False,37
269,0,269,False,9
351,0,351,False,33
1128,0,1128,False,184
229,0,229,False,31
853,0,853,False,323
765,0,765,False,260
1477,0,1477,False,364
180,0,180,False,15
207,0,207,False,7
680,0,680,False,121
393,0,393,False,45
194,0,194,False,2
322,0,322,False,23
601,0,601,False,141
283,0,283,False,26
359,0,359,False,9
601,0,601,False,84
35,0,35,False,10
282,0,282,False,39
716,0,716,False,284
64,0,64,False,14
765,0,765,False,194
181,0,181,False,29
1005,0,1005,False,293
628,0,628,False,78
918,0,918,False,191
628,0,628,False,83
729,0,729,False,195
1165,0,1165,False,389
1087,0,1087,False,114
216,0,216,False,31
137,0,137,False,6
472,0,472,False,50
389,0,389,False,50
326,0,326,False,7
370,0,370,False,62
179,0,179,False,5
529,0,529,False,60
744,0,744,False,245
499,0,499,False,58
363,0,363,False,65
49,0,49,False,13
374,0,374,False,126
130,0,130,False,13
455,0,455,False,24
793,0,793,False,132
385,0,385,False,126
137,0,137,False,26
1081,0,1081,False,306
52,0,52,False,10
1095,0,1095,False,88
700,0,700,False,191
745,0,745,False,109
619,0,619,False,182
666,0,666,False,88
665,0,665,False,77
204,0,204,False,11
316,0,316,False,15
160,0,160,False,0
594,0,594,False,115
1123,0,1123,False,166
256,0,256,False,15
192,0,192,False,2
368,0,368,False,10
318,0,318,False,50
236,0,236,False,8
434,0,434,False,25
305,0,305,False,33
347,0,347,False,44
554,0,554,False,65
319,0,319,False,31
185,0,185,False,2
612,0,612,False,75
978,0,978,False,339
146,0,146,False,27
44,0,44,False,13
1356,1,1355,True,785
31,0,31,False,7
119,0,119,False,3
1109,0,1109,False,269
357,0,357,False,47
1096,0,1096,False,264
1068,0,1068,False,392
400,0,400,False,48
167,0,167,False,1
83,0,83,False,28
137,0,137,False,3
1148,0,1148,False,185
631,0,631,False,88
428,0,428,False,14
791,0,791,False,349
33,0,33,False,0
1360,0,1360,False,355
71,0,71,False,22
572,0,572,False,82
199,0,199,False,15
1058,0,1058,False,244
701,0,701,False,116
202,0,202,False,4
1540,1,1539,True,930
411,0,411,False,46
404,0,404,False,11
611,0,611,False,92
208,0,208,False,8
1434,0,1434,False,591
525,0,525,False,59
299,0,299,False,55
423,0,423,False,45
858,0,858,False,178
766,0,766,False,156
45,0,45,False,16
320,0,320,False,33
486,0,486,False,91
275,0,275,False,15
811,0,811,False,143
317,0,317,False,52
859,0,859,False,265
329,0,329,False,25
264,0,264,False,29
354,0,354,False,10
534,0,534,False,95
350,0,350,False,38
590,0,590,False,103
1173,0,1173,False,504
263,0,263,False,74
268,0,268,False,9
143,0,143,False,0
48,0,48,False,14
801,0,801,False,160
273,0,273,False,33
191,0,191,False,2
484,0,484,False,54
896,0,896,False,244
62,0,62,False,4
351,0,351,False,9
460,0,460,False,60
124,0,124,False,10
706,0,706,False,179
93,0,93,False,28
30,0,30,False,5
584,0,584,False,65
1215,0,1215,False,305
50,0,50,False,14
667,0,667,False,96
213,0,213,False,1
753,0,753,False,91
1576,0,1576,False,655
1080,0,1080,False,156
296,0,296,False,25
761,0,761,False,130
644,0,644,False,87
356,0,356,False,54
378,0,378,False,62
284,0,284,False,12
943,0,943,False,88
334,0,334,False,33
83,0,83,False,8
287,0,287,False,36
613,0,613,False,179
532,0,532,False,136
78,0,78,False,25
225,0,225,False,5
142,0,142,False,0
390,0,390,False,43
1150,0,1150,False,186
620,0,620,False,69
755,0,755,False,254
228,0,228,False,6
315,0,315,False,38
219,0,219,False,9
47,0,47,False,15
33,0,33,False,0
784,0,784,False,112
559,0,559,False,225
43,0,43,False,12
284,0,284,False,21
282,0,282,False,88
216,0,216,False,12
371,0,371,False,27
765,0,765,False,142
638,0,638,False,81
68,0,68,False,15
923,0,923,False,207
880,0,880,False,145
1024,0,1024,False,258
574,0,574,False,197
427,0,427,False,40
1046,0,1046,False,97
272,0,272,False,25
254,0,254,False,15
36,0,36,False,12
610,0,610,False,238
384,0,384,False,47
46,0,46,False,9
266,0,266,False,9
605,0,605,False,96
204,0,204,False,32
724,0,724,False,123
770,0,770,False,64
1085,0,1085,False,171
759,0,759,False,135
214,0,214,False,0
461,0,461,False,26
490,0,490,False,54
292,0,292,False,7
49,0,49,False,18
310,0,310,False,37
372,0,372,False,62
859,0,859,False,324
372,0,372,False,40
306,0,306,False,33
42,0,42,False,16
299,0,299,False,6
215,0,215,False,6
448,0,448,False,25
2125,0,2125,False,470
1201,0,1201,False,305
534,0,534,False,94
78,0,78,False,17
792,0,792,False,137
936,0,936,False,345
384,0,384,False,46
147,0,147,False,0
252,0,252,False,22
99,0,99,False,4
682,0,682,False,166
514,0,514,False,39
220,0,220,False,6
219,0,219,False,33
285,0,285,False,38
173,0,173,False,0
269,0,269,False,24
292,0,292,False,35
211,0,211,False,4
263,0,263,False,53
273,0,273,False,23
328,0,328,False,9
520,0,520,False,46
137,0,137,False,66
502,0,502,False,58
666,0,666,False,90
253,0,253,False,11
452,0,452,False,22
728,0,728,False,93
309,0,309,False,36
1220,0,1220,False,353
146,0,146,False,3
243,0,243,False,5
657,0,657,False,246
1179,0,1179,False,101
655,0,655,False,95
646,0,646,False,88
258,0,258,False,26
354,0,354,False,38
308,0,308,False,34
530,0,530,False,95
2093,0,2093,False,585
1441,0,1441,False,495
804,0,804,False,125
793,0,793,False,146
1229,0,1229,False,118
1127,0,1127,False,196
285,0,285,False,28
583,0,583,False,84
519,0,519,False,63
669,0,669,False,99
455,0,455,False,24
642,0,642,False,89
919,0,919,False,89
2154,0,2154,False,523
898,0,898,False,160
221,0,221,False,4
280,0,280,False,31
42,0,42,False,13
31,0,31,False,6
1082,0,1082,False,450
300,0,300,False,6
280,0,280,False,15
450,0,450,False,102
325,0,325,False,22
437,0,437,False,20
597,0,597,False,98
200,0,200,False,36
1745,0,1745,False,503
170,0,170,False,0
127,0,127,False,1
294,0,294,False,20
285,0,285,False,33
1022,0,1022,False,113
80,0,80,False,25
506,0,506,False,57
51,0,51,False,14
874,0,874,False,71
84,0,84,False,36
378,0,378,False,45
428,0,428,False,56
228,0,228,False,42
558,0,558,False,62
260,0,260,False,12
487,0,487,False,60
128,0,128,False,43
355,0,355,False,39
408,0,408,False,11
317,0,317,False,40
206,0,206,False,2
230,0,230,False,21
380,0,380,False,48
277,0,277,False,3
484,0,484,False,53
605,0,605,False,84
511,0,511,False,50
622,0,622,False,117
244,0,244,False,11
1009,0,1009,False,299
524,0,524,False,67
490,0,490,False,61
1206,0,1206,False,85
635,0,635,False,74
278,0,278,False,5
63,0,63,False,5
322,0,322,False,31
1264,0,1264,False,124
400,0,400,False,104
372,0,372,False,126
312,0,312,False,18
246,0,246,False,27
399,0,399,False,30
519,0,519,False,58
1170,0,1170,False,345
561,0,561,False,70
583,0,583,False,227
420,0,420,False,24
344,0,344,False,48
1017,0,1017,False,93
69,0,69,False,17
1144,0,1144,False,194
89,0,89,False,27
725,0,725,False,234
392,0,392,False,43
407,0,407,False,11
495,0,495,False,146
355,0,355,False,21
486,0,486,False,31
703,0,703,False,80
692,0,692,False,121
456,0,456,False,51
96,0,96,False,18
931,0,931,False,74
73,0,73,False,23
622,0,622,False,82
1233,0,1233,False,116
81,0,81,False,17
759,0,759,False,342
272,1,271,True,138
138,0,138,False,22
290,0,290,False,32
1424,0,1424,False,388
682,0,682,False,78
49,0,49,False,4
491,0,491,False,54
337,0,337,False,43
455,0,455,False,62
378,0,378,False,50
794,0,794,False,124
682,0,682,False,98
570,0,570,False,69
1208,0,1208,False,294
764,0,764,False,258
909,0,909,False,80
349,0,349,False,24
361,0,361,False,7
294,0,294,False,9
698,0,698,False,114
442,0,442,False,70
1283,0,1283,False,340
585,0,585,False,69
373,0,373,False,12
866,0,866,False,77
573,0,573,False,197
480,0,480,False,28
995,0,995,False,132
593,0,593,False,61
581,0,581,False,114
626,0,626,False,90
548,0,548,False,79
734,0,734,False,60
488,0,488,False,68
948,0,948,False,91
793,0,793,False,126
407,0,407,False,56
351,0,351,False,33
796,0,796,False,267
1133,0,1133,False,194
779,0,779,False,115
269,0,269,False,8
593,0,593,False,146
515,0,515,False,71
148,0,148,False,31
316,0,316,False,49
499,0,499,False,59
630,0,630,False,116
123,0,123,False,3
313,0,313,False,41
1827,0,1827,False,744
702,0,702,False,119
146,0,146,False,3
622,0,622,False,85
798,0,798,False,106
349,0,349,False,39
234,0,234,False,7
420,0,420,False,73
1328,0,1328,False,136
482,0,482,False,26
368,0,368,False,126
542,0,542,False,83
436,0,436,False,57
476,0,476,False,61
495,0,495,False,65
55,0,55,False,14
482,0,482,False,50
228,0,228,False,12
39,0,39,False,0
332,0,332,False,9
1165,0,1165,False,387
33,0,33,False,8
854,1,853,True,456
442,0,442,False,33
867,0,867,False,144
516,0,516,False,100
132,0,132,False,68
660,0,660,False,77
388,0,388,False,33
704,0,704,False,48
160,0,160,False,56
436,0,436,False,23
419,0,419,False,21
221,0,221,False,25
289,0,289,False,32
230,0,230,False,12
251,0,251,False,22
272,0,272,False,3
582,0,582,False,71
171,0,171,False,1
155,0,155,False,63
201,0,201,False,1
668,0,668,False,255
403,0,403,False,65
117,0,117,False,4
1187,0,1187,False,100
699,0,699,False,117
455,0,455,False,72
600,0,600,False,61
158,0,158,False,3
516,0,516,False,54
427,0,427,False,34
256,0,256,False,10
627,0,627,False,231
1112,0,1112,False,398
700,0,700,False,48
88,0,88,False,2
310,0,310,False,36
1097,0,1097,False,73
257,0,257,False,3
385,0,385,False,39
604,0,604,False,81
189,0,189,False,2
205,0,205,False,3
231,0,231,False,5
585,0,585,False,78
609,0,609,False,135
196,0,196,False,20
207,0,207,False,4
246,0,246,False,7
228,0,228,False,1
766,0,766,False,183
2173,0,2173,False,467
397,0,397,False,104
652,0,652,False,83
543,0,543,False,69
309,0,309,False,27
682,0,682,False,181
464,0,464,False,25
1218,0,1218,False,363
849,0,849,False,323
531,0,531,False,60
297,0,297,False,34
174,0,174,False,4
379,0,379,False,30
333,0,333,False,63
614,0,614,False,110
469,0,469,False,47
60,0,60,False,14
602,0,602,False,142
351,0,351,False,36
195,0,195,False,16
654,0,654,False,165
1900,1,1899,True,1021
60,0,60,False,14
328,0,328,False,24
545,0,545,False,77
33,0,33,False,6
774,0,774,False,233
52,0,52,False,0
375,0,375,False,31
534,0,534,False,65
1062,0,1062,False,370
660,0,660,False,88
417,0,417,False,39
274,0,274,False,9
226,0,226,False,20
486,0,486,False,52
259,0,259,False,14
710,0,710,False,84
153,0,153,False,3
71,0,71,False,3
558,0,558,False,84
379,0,379,False,21
603,0,603,False,235
608,0,608,False,148
45,0,45,False,13
372,0,372,False,24
248,0,248,False,5
140,0,140,False,4
1208,0,1208,False,321
436,0,436,False,22
591,0,591,False,80
586,0,586,False,65
68,0,68,False,21
172,0,172,False,8
1396,0,1396,False,347
42,0,42,False,18
935,0,935,False,111
311,0,311,False,89
1344,0,1344,False,262
171,0,171,False,0
290,0,290,False,32
1396,0,1396,False,342
719,0,719,False,94
755,0,755,False,274
53,0,53,False,14
640,0,640,False,167
270,0,270,False,9
643,0,643,False,139
859,0,859,False,324
461,0,461,False,59
277,0,277,False,15
475,0,475,False,57
729,0,729,False,273
1053,0,1053,False,84
47,0,47,False,14
979,0,979,False,96
186,0,186,False,26
255,0,255,False,9
1472,0,1472,False,473
1058,0,1058,False,359
1107,0,1107,False,90
256,0,256,False,5
46,0,46,False,16
645,0,645,False,82
230,0,230,False,21
117,0,117,False,1
275,0,275,False,23
1135,0,1135,False,90
983,0,983,False,236
457,0,457,False,88
85,0,85,False,0
74,0,74,False,20
883,0,883,False,90
397,0,397,False,18
269,0,269,False,30
291,0,291,False,40
1040,0,1040,False,81
536,0,536,False,81
425,0,425,False,11
584,0,584,False,87
360,0,360,False,61
211,0,211,False,3
539,0,539,False,94
351,0,351,False,55
59,0,59,False,15
739,0,739,False,117
613,0,613,False,145
886,0,886,False,336
775,0,775,False,69
416,0,416,False,71
676,0,676,False,118
547,0,547,False,67
288,0,288,False,36
415,0,415,False,14
215,0,215,False,2
362,0,362,False,19
1382,0,1382,False,554
139,0,139,False,15
248,0,248,False,27
706,0,706,False,116
468,0,468,False,31
608,0,608,False,109
660,0,660,False,102
321,0,321,False,36
69,0,69,False,21
468,0,468,False,78
73,0,73,False,22
233,0,233,False,11
558,0,558,False,76
702,0,702,False,181
119,0,119,False,1
80,0,80,False,20
388,0,388,False,56
147,0,147,False,2
440,0,440,False,40
526,1,525,True,270
509,0,509,False,134
386,0,386,False,45
462,0,462,False,75
574,0,574,False,135
633,0,633,False,84
241,0,241,False,19
177,0,177,False,3
641,0,641,False,167
229,0,229,False,8
1020,0,1020,False,81
714,0,714,False,184
721,0,721,False,283
559,0,559,False,78
726,0,726,False,232
305,0,305,False,12
584,0,584,False,109
160,0,160,False,55
655,0,655,False,100
244,0,244,False,21
1486,0,1486,False,346
212,0,212,False,103
1050,0,1050,False,109
1086,0,1086,False,482
600,0,600,False,143
217,0,217,False,7
191,0,191,False,3
978,0,978,False,345
99,0,99,False,37
714,0,714,False,279
694,0,694,False,78
765,0,765,False,252
319,0,319,False,45
983,0,983,False,197
326,0,326,False,44
171,0,171,False,5
311,0,311,False,13
286,0,286,False,30
88,0,88,False,13
1303,0,1303,False,269
69,0,69,False,18
643,0,643,False,100
733,0,733,False,109
404,0,404,False,30
295,0,295,False,30
542,0,542,False,82
66,0,66,False,13
692,0,692,False,77
1658,0,1658,False,471
318,0,318,False,51
209,0,209,False,8
249,0,249,False,12
1106,0,1106,False,394
223,0,223,False,9
256,0,256,False,14
159,0,159,False,6
687,0,687,False,230
263,0,263,False,6
198,0,198,False,2
299,0,299,False,29
581,0,581,False,68
731,0,731,False,110
592,0,592,False,63
294,0,294,False,34
599,0,599,False,79
709,0,709,False,116
312,0,312,False,13
701,0,701,False,272
331,0,331,False,19
215,0,215,False,34
1098,0,1098,False,91
929,0,929,False,343
139,0,139,False,3
1109,0,1109,False,166
658,0,658,False,71
1060,0,1060,False,95
1490,0,1490,False,338
1224,0,1224,False,358
472,0,472,False,79
1138,0,1138,False,194
73,0,73,False,26
888,0,888,False,188
975,0,975,False,185
667,0,667,False,80
659,0,659,False,92
721,0,721,False,232
766,0,766,False,127
427,0,427,False,125
313,0,313,False,39
194,0,194,False,3
387,0,387,False,46
863,0,863,False,267
326,0,326,False,30
218,0,218,False,32
743,0,743,False,101
54,0,54,False,17
669,0,669,False,50
74,0,74,False,20
267,0,267,False,21
382,0,382,False,12
557,0,557,False,76
312,0,312,False,23
274,0,274,False,5
1163,0,1163,False,309
49,0,49,False,13
696,0,696,False,101
576,0,576,False,79
582,0,582,False,99
1163,0,1163,False,390
293,0,293,False,23
50,0,50,False,11
137,0,137,False,6
651,0,651,False,88
946,0,946,False,110
200,0,200,False,3
328,0,328,False,51
254,0,254,False,12
769,0,769,False,280
518,0,518,False,68
586,0,586,False,80
592,0,592,False,57
595,0,595,False,141
120,0,120,False,2
844,0,844,False,60
318,0,318,False,18
417,0,417,False,40
1203,0,1203,False,377
50,0,50,False,13
253,0,253,False,20
291,0,291,False,26
57,0,57,False,13
180,0,180,False,5
400,0,400,False,79
50,0,50,False,18
244,0,244,False,27
147,0,147,False,58
705,0,705,False,93
359,0,359,False,10
485,0,485,False,31
147,0,147,False,3
1038,0,1038,False,111
954,0,954,False,110
718,0,718,False,262
548,0,548,False,67
169,0,169,False,1
74,0,74,False,18
636,0,636,False,131
604,0,604,False,236
168,0,168,False,5
399,0,399,False,48
598,0,598,False,71
152,0,152,False,48
1162,0,1162,False,260
348,0,348,False,48
1276,0,1276,False,105
1100,0,1100,False,103
728,0,728,False,191
306,0,306,False,33
1049,0,1049,False,88
950,0,950,False,162
135,0,135,False,6
1827,0,1827,False,779
216,0,216,False,2
388,0,388,False,8
470,1,469,True,257
281,0,281,False,11
38,0,38,False,9
147,0,147,False,60
166,0,166,False,33
374,0,374,False,74
213,0,213,False,14
927,0,927,False,99
527,0,527,False,135
785,0,785,False,65
309,0,309,False,44
451,0,451,False,64
50,0,50,False,11
48,0,48,False,11
162,0,162,False,0
44,0,44,False,12
266,0,266,False,24
810,0,810,False,200
960,0,960,False,91
436,0,436,False,75
37,0,37,False,12
791,0,791,False,277
1018,0,1018,False,298
694,0,694,False,124
965,0,965,False,93
733,0,733,False,256
572,0,572,False,51
742,0,742,False,121
66,0,66,False,14
560,0,560,False,86
565,0,565,False,56
862,0,862,False,73
240,0,240,False,15
306,0,306,False,12
426,0,426,False,18
1136,0,1136,False,195
1126,0,1126,False,279
969,0,969,False,90
1005,0,1005,False,131
1218,0,1218,False,298
109,0,109,False,18
485,0,485,False,73
669,0,669,False,92
148,0,148,False,54
286,0,286,False,37
1251,0,1251,False,103
662,0,662,False,128
449,0,449,False,50
597,0,597,False,239
1325,0,1325,False,379
328,0,328,False,25
705,0,705,False,109
712,0,712,False,116
177,0,177,False,13
355,0,355,False,41
77,0,77,False,22
875,0,875,False,270
549,0,549,False,69
283,0,283,False,23
488,0,488,False,29
387,0,387,False,33
1022,0,1022,False,96
39,0,39,False,11
143,0,143,False,3
276,0,276,False,35
53,0,53,False,10
432,0,432,False,54
219,0,219,False,34
52,0,52,False,17
66,0,66,False,19
560,0,560,False,134
951,0,951,False,228
1386,0,1386,False,553
218,0,218,False,2
509,0,509,False,59
369,0,369,False,12
471,0,471,False,78
233,0,233,False,9
651,0,651,False,79
283,0,283,False,34
185,0,185,False,3
863,0,863,False,80
298,0,298,False,11
166,0,166,False,6
182,0,182,False,12
687,0,687,False,161
351,0,351,False,30
994,0,994,False,218
582,0,582,False,66
644,0,644,False,83
242,0,242,False,22
865,0,865,False,165
879,0,879,False,145
1220,1,1219,True,845
605,0,605,False,98
366,0,366,False,11
2033,0,2033,False,494
224,0,224,False,24
436,0,436,False,20
280,0,280,False,31
476,0,476,False,26
176,0,176,False,5
502,0,502,False,49
253,0,253,False,9
420,0,420,False,15
141,0,141,False,69
140,0,140,False,52
71,0,71,False,20
97,0,97,False,40
557,0,557,False,69
714,0,714,False,279
950,0,950,False,76
589,0,589,False,141
126,0,126,False,0
579,0,579,False,142
254,0,254,False,30
959,0,959,False,190
543,0,543,False,83
740,0,740,False,104
651,0,651,False,255
561,0,561,False,44
291,0,291,False,127
1338,0,1338,False,371
256,0,256,False,37
945,0,945,False,118
111,0,111,False,0
935,0,935,False,85
491,0,491,False,26
326,0,326,False,26
584,0,584,False,137
494,0,494,False,48
723,0,723,False,89
251,0,251,False,9
446,0,446,False,59
574,0,574,False,71
550,0,550,False,215
780,0,780,False,283
114,0,114,False,4
1321,0,1321,False,394
41,0,41,False,7
254,0,254,False,30
292,0,292,False,23
1209,0,1209,False,322
966,0,966,False,336
162,0,162,False,0
710,0,710,False,116
74,0,74,False,16
256,0,256,False,17
1000,0,1000,False,110
303,0,303,False,37
662,0,662,False,86
746,0,746,False,63
1412,0,1412,False,382
473,0,473,False,80
269,0,269,False,9
411,0,411,False,78
984,0,984,False,335
69,0,69,False,14
89,0,89,False,10
1489,0,1489,False,557
65,0,65,False,16
583,0,583,False,144
2057,0,2057,False,1049
575,0,575,False,67
781,0,781,False,104
191,0,191,False,3
365,0,365,False,9
1088,0,1088,False,172
56,0,56,False,14
173,0,173,False,6
970,0,970,False,88
682,0,682,False,109
549,0,549,False,78
233,0,233,False,5
608,0,608,False,169
282,0,282,False,8
284,0,284,False,28
877,0,877,False,270
1111,0,1111,False,98
175,0,175,False,5
346,0,346,False,23
285,0,285,False,4
276,0,276,False,11
687,0,687,False,92
159,0,159,False,5
36,0,36,False,8
243,0,243,False,9
401,0,401,False,37
124,0,124,False,11
195,0,195,False,7
699,0,699,False,99
458,0,458,False,89
352,0,352,False,37
317,0,317,False,23
451,0,451,False,60
292,0,292,False,32
473,0,473,False,28
396,0,396,False,19
415,0,415,False,62
754,0,754,False,125
314,0,314,False,33
78,0,78,False,24
691,0,691,False,123
309,0,309,False,36
391,0,391,False,52
573,0,573,False,135
470,0,470,False,80
265,0,265,False,30
1215,0,1215,False,100
403,0,403,False,28
222,0,222,False,34
315,0,315,False,32
598,0,598,False,103
843,0,843,False,143
587,0,587,False,137
161,0,161,False,6
1106,0,1106,False,166
72,0,72,False,15
197,0,197,False,1
994,0,994,False,68
1210,0,1210,False,523
1046,0,1046,False,47
188,0,188,False,3
265,0,265,False,13
467,0,467,False,77
263,0,263,False,15
498,0,498,False,134
802,0,802,False,106
152,0,152,False,1
954,0,954,False,69
911,0,911,False,211
1097,0,1097,False,385
222,0,222,False,12
921,0,921,False,77
695,0,695,False,127
723,0,723,False,287
695,0,695,False,121
1166,0,1166,False,387
511,0,511,False,85
744,0,744,False,164
357,0,357,False,7
326,0,326,False,23
690,0,690,False,118
1771,0,1771,False,734
1165,0,1165,False,340
286,0,286,False,37
125,0,125,False,26
649,0,649,False,164
481,0,481,False,20
652,0,652,False,73
517,0,517,False,43
565,0,565,False,134
286,0,286,False,31
372,0,372,False,69
544,0,544,False,67
174,0,174,False,4
497,0,497,False,45
323,0,323,False,44
140,0,140,False,0
261,0,261,False,13
134,0,134,False,24
46,0,46,False,11
228,0,228,False,13
51,0,51,False,17
288,0,288,False,23
196,0,196,False,18
276,0,276,False,61
596,0,596,False,233
256,0,256,False,17
260,0,260,False,4
1056,0,1056,False,94
401,0,401,False,21
572,0,572,False,68
143,0,143,False,4
120,0,120,False,3
289,0,289,False,23
1195,0,1195,False,480
845,0,845,False,59
712,0,712,False,119
148,0,148,False,3
74,0,74,False,22
257,0,257,False,15
239,0,239,False,1
590,0,590,False,141
170,0,170,False,4
809,0,809,False,119
192,0,192,False,1
173,0,173,False,0
532,0,532,False,34
374,0,374,False,25
227,0,227,False,7
552,0,552,False,70
392,0,392,False,32
292,0,292,False,43
3223,0,3223,False,1377
1002,0,1002,False,92
306,0,306,False,8
858,0,858,False,325
178,0,178,False,7
679,0,679,False,88
696,0,696,False,196
79,0,79,False,0
666,0,666,False,115
276,0,276,False,5
501,0,501,False,47
1032,0,1032,False,112
808,0,808,False,185
331,0,331,False,16
53,0,53,False,11
300,0,300,False,34
156,0,156,False,58
42,0,42,False,15
575,0,575,False,201
369,0,369,False,47
290,0,290,False,26
170,0,170,False,29
109,0,109,False,19
1243,0,1243,False,394
704,0,704,False,148
224,0,224,False,3
746,0,746,False,217
100,0,100,False,36
560,0,560,False,76
221,0,221,False,8
831,0,831,False,113
70,0,70,False,19
226,0,226,False,5
172,0,172,False,8
49,0,49,False,14
58,0,58,False,14
373,0,373,False,30
578,0,578,False,199
298,0,298,False,17
351,0,351,False,34
601,0,601,False,55
265,0,265,False,11
392,0,392,False,61
141,0,141,False,60
174,0,174,False,0
289,0,289,False,15
134,0,134,False,14
1044,0,1044,False,96
277,0,277,False,19
45,0,45,False,14
267,0,267,False,33
51,0,51,False,13
338,0,338,False,25
124,0,124,False,1
500,0,500,False,34
754,0,754,False,61
38,0,38,False,13
1146,0,1146,False,335
403,0,403,False,53
220,0,220,False,2
52,0,52,False,1
880,0,880,False,147
624,0,624,False,80
649,0,649,False,86
1210,0,1210,False,385
707,0,707,False,226
274,0,274,False,36
682,0,682,False,85
277,0,277,False,11
347,0,347,False,46
315,0,315,False,39
52,0,52,False,16
550,0,550,False,87
473,0,473,False,46
463,0,463,False,21
76,0,76,False,24
503,0,503,False,62
79,0,79,False,16
654,0,654,False,95
286,0,286,False,5
686,0,686,False,114
171,0,171,False,4
360,0,360,False,8
228,0,228,False,5
1163,0,1163,False,83
553,0,553,False,42
359,0,359,False,66
1125,0,1125,False,285
717,0,717,False,280
123,0,123,False,3
140,0,140,False,4
761,0,761,False,355
229,0,229,False,28
426,0,426,False,58
468,0,468,False,46
1156,0,1156,False,385
33,0,33,False,0
731,0,731,False,105
559,0,559,False,83
550,0,550,False,60
424,0,424,False,192
171,0,171,False,18
85,0,85,False,28
231,0,231,False,29
457,0,457,False,22
2064,0,2064,False,989
859,0,859,False,77
238,0,238,False,7
37,0,37,False,14
563,0,563,False,68
1117,0,1117,False,254
147,0,147,False,1
81,0,81,False,21
208,0,208,False,2
262,0,262,False,16
413,0,413,False,34
468,0,468,False,40
1245,0,1245,False,99
649,0,649,False,90
376,0,376,False,48
434,0,434,False,73
36,0,36,False,12
476,0,476,False,26
1205,0,1205,False,356
413,0,413,False,29
109,0,109,False,42
1809,0,1809,False,810
515,0,515,False,45
142,0,142,False,12
1084,0,1084,False,98
114,0,114,False,18
47,0,47,False,10
307,0,307,False,23
203,0,203,False,17
881,0,881,False,148
444,0,444,False,22
723,0,723,False,103
226,0,226,False,32
696,0,696,False,79
561,0,561,False,74
729,0,729,False,105
771,0,771,False,253
751,0,751,False,338
698,0,698,False,122
45,0,45,False,15
677,0,677,False,109
329,0,329,False,9
247,0,247,False,30
742,0,742,False,63
206,0,206,False,2
1096,0,1096,False,93
325,0,325,False,19
448,0,448,False,64
855,0,855,False,83
585,0,585,False,137
619,0,619,False,78
345,0,345,False,16
410,0,410,False,27
200,0,200,False,1
558,0,558,False,135
649,0,649,False,88
448,0,448,False,50
45,0,45,False,15
327,0,327,False,8
641,0,641,False,42
179,0,179,False,16
171,0,171,False,9
183,0,183,False,2
489,0,489,False,38
587,0,587,False,202
796,0,796,False,114
592,0,592,False,159
269,0,269,False,19
463,0,463,False,21
503,0,503,False,44
451,0,451,False,22
459,0,459,False,24
734,0,734,False,69
72,0,72,False,19
30,0,30,False,3
1867,0,1867,False,522
1530,0,1530,False,659
1899,0,1899,False,524
298,0,298,False,11
389,0,389,False,78
262,0,262,False,14
1193,0,1193,False,227
186,0,186,False,2
1335,0,1335,False,352
348,0,348,False,35
615,0,615,False,216
390,0,390,False,45
611,0,611,False,73
783,0,783,False,123
264,0,264,False,3
412,0,412,False,41
355,0,355,False,53
1241,0,1241,False,112
50,0,50,False,16
252,0,252,False,11
2141,0,2141,False,926
791,0,791,False,238
408,0,408,False,42
82,0,82,False,18
426,0,426,False,20
1050,0,1050,False,371
93,0,93,False,20
550,0,550,False,81
46,0,46,False,13
450,0,450,False,36
481,0,481,False,31
426,0,426,False,57
802,0,802,False,108
497,0,497,False,56
1123,0,1123,False,73
227,0,227,False,27
1070,0,1070,False,49
260,0,260,False,27
948,0,948,False,114
207,0,207,False,6
12,0,12,False,0
389,0,389,False,29
211,0,211,False,19
1049,0,1049,False,370
254,0,254,False,14
753,0,753,False,108
867,0,867,False,130
145,0,145,False,2
1158,0,1158,False,419
1387,0,1387,False,437
1328,0,1328,False,525
914,0,914,False,103
370,0,370,False,38
136,0,136,False,14
800,0,800,False,293
963,0,963,False,93
427,0,427,False,60
918,0,918,False,84
792,0,792,False,137
685,0,685,False,80
451,0,451,False,22
655,0,655,False,50
710,0,710,False,147
54,0,54,False,17
141,0,141,False,4
177,0,177,False,16
75,0,75,False,18
77,0,77,False,20
269,0,269,False,31
875,0,875,False,156
411,0,411,False,105
41,0,41,False,12
364,0,364,False,9
484,0,484,False,87
31,0,31,False,9
727,0,727,False,100
418,0,418,False,44
151,0,151,False,60
693,0,693,False,103
697,0,697,False,98
252,0,252,False,5
457,0,457,False,57
787,0,787,False,232
499,0,499,False,43
761,0,761,False,255
998,0,998,False,89
515,0,515,False,88
422,0,422,False,15
329,0,329,False,58
620,0,620,False,131
323,0,323,False,30
56,0,56,False,19
1425,0,1425,False,467
413,0,413,False,46
246,0,246,False,12
39,0,39,False,7
564,0,564,False,48
410,0,410,False,65
390,0,390,False,25
686,0,686,False,89
53,0,53,False,11
543,0,543,False,92
333,0,333,False,42
574,0,574,False,90
169,0,169,False,1
448,0,448,False,20
648,0,648,False,103
391,0,391,False,52
1457,0,1457,False,427
228,0,228,False,28
914,0,914,False,149
818,0,818,False,151
759,0,759,False,257
1236,0,1236,False,252
1161,0,1161,False,114
453,0,453,False,33
1450,0,1450,False,341
1269,0,1269,False,315
202,0,202,False,52
396,0,396,False,8
1106,0,1106,False,394
213,0,213,False,14
262,0,262,False,10
257,0,257,False,31
766,0,766,False,262
423,0,423,False,42
168,0,168,False,8
977,0,977,False,314
48,0,48,False,15
80,0,80,False,26
312,0,312,False,53
532,0,532,False,81
51,0,51,False,15
601,0,601,False,54
155,0,155,False,5
143,0,143,False,0
398,0,398,False,33
853,0,853,False,266
1442,0,1442,False,497
262,0,262,False,32
1111,0,1111,False,398
542,0,542,False,44
443,0,443,False,52
152,0,152,False,62
797,0,797,False,117
339,0,339,False,8
305,0,305,False,20
1154,0,1154,False,383
997,0,997,False,321
603,0,603,False,124
1694,0,1694,False,444
228,0,228,False,12
1051,0,1051,False,208
542,0,542,False,84
148,0,148,False,63
706,0,706,False,108
1328,0,1328,False,434
420,0,420,False,11
621,0,621,False,86
577,0,577,False,66
185,0,185,False,2
388,0,388,False,60
356,0,356,False,38
399,0,399,False,42
256,0,256,False,15
40,0,40,False,13
258,0,258,False,11
1254,0,1254,False,328
700,0,700,False,117
463,0,463,False,23
397,0,397,False,58
486,0,486,False,68
282,0,282,False,36
312,0,312,False,36
262,0,262,False,28
457,0,457,False,25
44,0,44,False,11
310,0,310,False,36
311,0,311,False,49
411,0,411,False,106
983,0,983,False,75
203,0,203,False,8
927,0,927,False,298
542,0,542,False,82
278,0,278,False,36
1183,0,1183,False,124
508,0,508,False,128
679,0,679,False,92
208,0,208,False,3
32,0,32,False,10
394,0,394,False,56
551,0,551,False,69
418,0,418,False,32
268,0,268,False,63
311,0,311,False,31
1514,0,1514,False,303
892,0,892,False,84
605,0,605,False,101
53,0,53,False,15
46,0,46,False,18
71,0,71,False,0
164,0,164,False,4
844,0,844,False,67
553,0,553,False,84
410,0,410,False,110
2153,0,2153,False,954
140,0,140,False,17
427,0,427,False,98
688,0,688,False,86
578,0,578,False,44
580,0,580,False,135
44,0,44,False,14
1155,0,1155,False,388
272,1,271,True,139
328,0,328,False,44
697,0,697,False,118
679,0,679,False,123
686,0,686,False,86
1017,0,1017,False,84
657,0,657,False,95
43,0,43,False,15
414,0,414,False,51
429,0,429,False,54
727,0,727,False,113
191,0,191,False,3
584,0,584,False,76
946,0,946,False,363
407,0,407,False,11
608,0,608,False,60
850,0,850,False,257
463,0,463,False,25
298,0,298,False,30
394,0,394,False,52
616,0,616,False,176
175,0,175,False,33
399,0,399,False,51
780,0,780,False,220
728,0,728,False,192
305,0,305,False,11
643,0,643,False,127
210,0,210,False,4
747,0,747,False,150
358,0,358,False,9
325,0,325,False,5
745,0,745,False,256
365,0,365,False,22
232,0,232,False,9
199,0,199,False,4
305,0,305,False,31
367,0,367,False,16
360,0,360,False,45
456,0,456,False,71
392,0,392,False,55
545,0,545,False,79
901,0,901,False,241
975,0,975,False,89
519,0,519,False,93
574,0,574,False,89
634,0,634,False,81
1041,0,1041,False,240
119,0,119,False,3
174,0,174,False,9
1136,0,1136,False,103
705,0,705,False,74
377,0,377,False,22
748,0,748,False,148
657,0,657,False,84
211,0,211,False,43
624,0,624,False,82
153,0,153,False,54
302,0,302,False,34
110,0,110,False,1
76,0,76,False,18
720,0,720,False,284
250,0,250,False,13
391,0,391,False,63
546,0,546,False,192
199,0,199,False,3
441,0,441,False,65
384,0,384,False,45
870,0,870,False,81
587,0,587,False,68
59,0,59,False,20
276,0,276,False,44
378,0,378,False,6
584,0,584,False,78
291,0,291,False,41
537,0,537,False,39
792,0,792,False,223
546,0,546,False,43
478,0,478,False,52
318,0,318,False,32
1164,0,1164,False,387
511,0,511,False,71
420,0,420,False,44
576,0,576,False,87
475,0,475,False,101
1679,0,1679,False,526
274,0,274,False,55
383,0,383,False,75
146,0,146,False,3
444,0,444,False,54
291,0,291,False,31
206,0,206,False,12
79,0,79,False,18
278,0,278,False,11
45,0,45,False,15
1018,0,1018,False,229
974,0,974,False,336
511,0,511,False,29
495,0,495,False,121
865,0,865,False,328
556,0,556,False,75
76,0,76,False,24
95,0,95,False,34
441,0,441,False,63
714,0,714,False,95
332,0,332,False,29
740,0,740,False,261
77,0,77,False,17
315,0,315,False,39
549,0,549,False,35
92,0,92,False,23
582,0,582,False,203
264,0,264,False,18
471,0,471,False,65
504,0,504,False,134
1167,0,1167,False,500
1023,0,1023,False,289
100,0,100,False,45
248,0,248,False,2
1147,0,1147,False,302
872,0,872,False,188
566,0,566,False,62
290,0,290,False,40
230,0,230,False,29
504,0,504,False,32
1055,0,1055,False,369
370,0,370,False,9
255,0,255,False,14
305,0,305,False,7
819,0,819,False,110
335,0,335,False,39
942,0,942,False,116
64,0,64,False,14
547,0,547,False,222
719,0,719,False,280
1239,0,1239,False,292
1476,0,1476,False,350
57,0,57,False,1
141,0,141,False,0
465,0,465,False,61
258,0,258,False,32
304,0,304,False,7
875,0,875,False,270
412,0,412,False,41
474,0,474,False,90
758,0,758,False,256
300,0,300,False,35
540,0,540,False,100
1153,0,1153,False,187
1245,0,1245,False,407
220,0,220,False,21
355,0,355,False,55
75,0,75,False,20
357,0,357,False,16
668,0,668,False,228
399,0,399,False,40
1108,0,1108,False,286
1038,1,1037,True,682
450,0,450,False,98
42,0,42,False,17
886,0,886,False,148
460,0,460,False,55
210,0,210,False,43
446,0,446,False,192
821,0,821,False,112
1006,0,1006,False,68
858,0,858,False,260
657,0,657,False,228
47,0,47,False,15
222,0,222,False,0
696,0,696,False,92
57,0,57,False,2
1199,0,1199,False,420
1222,0,1222,False,100
213,0,213,False,7
255,0,255,False,4
304,0,304,False,12
52,0,52,False,12
762,0,762,False,225
511,0,511,False,130
443,0,443,False,64
571,0,571,False,62
579,0,579,False,136
568,0,568,False,135
49,0,49,False,15
172,0,172,False,8
272,0,272,False,5
1108,0,1108,False,72
46,0,46,False,12
453,0,453,False,51
454,0,454,False,23
529,0,529,False,46
438,0,438,False,52
530,0,530,False,89
761,0,761,False,254
244,0,244,False,2
461,0,461,False,63
467,0,467,False,26
73,0,73,False,22
1026,0,1026,False,90
249,0,249,False,13
609,0,609,False,137
121,0,121,False,0
111,0,111,False,1
720,0,720,False,280
565,0,565,False,81
666,0,666,False,113
397,0,397,False,104
462,0,462,False,21
1136,0,1136,False,196
521,0,521,False,42
431,0,431,False,50
1257,0,1257,False,517
696,0,696,False,124
83,0,83,False,22
152,0,152,False,69
115,0,115,False,1
464,0,464,False,25
458,0,458,False,45
440,0,440,False,90
1187,0,1187,False,124
941,0,941,False,343
460,0,460,False,55
397,0,397,False,55
767,0,767,False,116
261,0,261,False,12
531,0,531,False,292
342,1,341,True,175
1052,0,1052,False,310
414,0,414,False,32
1053,0,1053,False,84
354,0,354,False,36
638,0,638,False,118
609,0,609,False,148
485,0,485,False,60
372,0,372,False,12
282,0,282,False,7
30,0,30,False,6
85,0,85,False,8
272,0,272,False,3
554,0,554,False,81
183,0,183,False,3
296,0,296,False,20
888,0,888,False,81
305,0,305,False,18
1166,0,1166,False,495
528,0,528,False,44
1071,0,1071,False,116
196,0,196,False,5
286,0,286,False,37
1217,0,1217,False,101
926,0,926,False,246
34,0,34,False,11
234,0,234,False,11
97,0,97,False,33
1050,0,1050,False,92
324,0,324,False,25
312,0,312,False,38
104,0,104,False,7
522,0,522,False,57
258,0,258,False,33
265,0,265,False,30
185,0,185,False,2
135,0,135,False,4
654,0,654,False,88
605,0,605,False,83
1106,0,1106,False,395
392,0,392,False,55
122,0,122,False,2
281,0,281,False,20
511,0,511,False,71
679,0,679,False,110
396,0,396,False,56
48,0,48,False,19
209,0,209,False,8
455,0,455,False,23
379,0,379,False,72
669,0,669,False,76
41,0,41,False,8
1163,0,1163,False,491
269,0,269,False,30
340,0,340,False,8
79,0,79,False,23
404,0,404,False,38
642,0,642,False,166
870,0,870,False,103
208,0,208,False,5
206,0,206,False,12
727,0,727,False,155
373,0,373,False,30
542,0,542,False,90
251,0,251,False,14
450,0,450,False,20
299,0,299,False,23
182,0,182,False,20
153,0,153,False,5
442,0,442,False,24
623,0,623,False,153
641,0,641,False,169
312,0,312,False,29
225,0,225,False,13
479,0,479,False,55
1107,0,1107,False,101
313,0,313,False,14
262,0,262,False,23
48,0,48,False,12
235,0,235,False,10
448,0,448,False,50
1063,0,1063,False,96
511,0,511,False,100
499,0,499,False,56
679,0,679,False,74
1418,0,1418,False,579
49,0,49,False,17
70,0,70,False,19
1284,0,1284,False,335
672,0,672,False,58
595,0,595,False,101
570,0,570,False,71
451,0,451,False,60
827,0,827,False,54
676,0,676,False,222
627,0,627,False,122
285,0,285,False,35
1158,0,1158,False,488
624,0,624,False,175
613,0,613,False,86
677,0,677,False,84
1491,0,1491,False,402
825,0,825,False,113
1146,0,1146,False,340
126,0,126,False,0
588,0,588,False,98
603,0,603,False,79
228,0,228,False,12
50,0,50,False,15
438,0,438,False,23
729,0,729,False,235
1099,0,1099,False,367
441,0,441,False,21
255,0,255,False,11
216,0,216,False,2
46,0,46,False,11
412,0,412,False,15
1198,0,1198,False,101
713,0,713,False,110
145,0,145,False,0
259,0,259,False,12
34,0,34,False,10
231,0,231,False,4
282,0,282,False,26
257,0,257,False,17
258,0,258,False,4
128,0,128,False,0
651,0,651,False,86
1160,0,1160,False,389
601,0,601,False,100
248,0,248,False,9
1227,0,1227,False,162
191,0,191,False,14
291,0,291,False,26
603,0,603,False,76
884,0,884,False,146
102,0,102,False,44
156,0,156,False,64
342,0,342,False,45
1161,0,1161,False,103
28,0,28,False,2
171,0,171,False,0
532,0,532,False,117
359,0,359,False,23
740,0,740,False,269
460,0,460,False,24
395,0,395,False,43
933,0,933,False,342
33,0,33,False,0
395,0,395,False,20
437,0,437,False,54
367,0,367,False,58
209,0,209,False,11
277,0,277,False,19
904,0,904,False,322
197,0,197,False,1
382,0,382,False,12
560,0,560,False,65
1192,0,1192,False,404
907,0,907,False,157
314,0,314,False,42
53,0,53,False,17
632,0,632,False,87
308,0,308,False,36
1177,0,1177,False,119
717,0,717,False,98
640,0,640,False,75
349,0,349,False,49
59,0,59,False,18
719,0,719,False,198
634,0,634,False,87
545,0,545,False,78
81,0,81,False,24
31,0,31,False,5
1099,0,1099,False,285
82,0,82,False,23
751,0,751,False,92
381,0,381,False,43
734,0,734,False,255
621,0,621,False,103
53,0,53,False,17
990,0,990,False,130
920,0,920,False,72
356,0,356,False,44
1730,0,1730,False,607
801,0,801,False,122
1157,0,1157,False,333
36,0,36,False,11
633,0,633,False,112
458,0,458,False,23
718,0,718,False,97
114,0,114,False,0
673,0,673,False,81
368,0,368,False,49
42,0,42,False,10
405,0,405,False,104
494,0,494,False,21
328,0,328,False,26
571,0,571,False,66
1272,0,1272,False,205
553,0,553,False,132
1153,0,1153,False,387
455,0,455,False,63
656,0,656,False,110
331,0,331,False,9
253,0,253,False,32
44,0,44,False,10
297,0,297,False,33
301,0,301,False,38
47,0,47,False,13
999,0,999,False,123
720,0,720,False,230
161,0,161,False,4
350,0,350,False,37
275,0,275,False,4
573,0,573,False,71
508,0,508,False,48
46,0,46,False,14
305,0,305,False,28
545,0,545,False,54
237,0,237,False,29
480,0,480,False,33
50,0,50,False,11
624,0,624,False,229
65,0,65,False,20
397,0,397,False,32
582,0,582,False,74
78,0,78,False,19
1229,0,1229,False,118
934,0,934,False,106
577,0,577,False,136
302,0,302,False,40
411,0,411,False,105
975,0,975,False,340
171,0,171,False,5
870,0,870,False,71
790,0,790,False,290
50,0,50,False,12
340,0,340,False,19
1167,0,1167,False,302
952,0,952,False,115
804,0,804,False,115
319,0,319,False,43
852,0,852,False,260
797,0,797,False,138
639,0,639,False,125
1022,0,1022,False,139
622,0,622,False,106
176,0,176,False,30
908,0,908,False,87
207,0,207,False,14
311,0,311,False,26
52,0,52,False,15
164,0,164,False,0
221,0,221,False,11
321,0,321,False,21
1473,0,1473,False,636
388,0,388,False,54
102,0,102,False,21
604,0,604,False,145
249,0,249,False,30
42,0,42,False,9
106,0,106,False,39
320,0,320,False,31
637,0,637,False,79
954,0,954,False,111
261,0,261,False,31
323,0,323,False,13
703,0,703,False,117
427,0,427,False,57
301,0,301,False,33
281,0,281,False,21
1156,0,1156,False,381
188,0,188,False,13
216,0,216,False,2
481,0,481,False,26
269,0,269,False,24
540,0,540,False,80
454,0,454,False,46
458,0,458,False,45
573,0,573,False,89
48,0,48,False,17
462,0,462,False,56
1133,0,1133,False,79
400,0,400,False,11
356,0,356,False,21
595,0,595,False,74
981,0,981,False,252
78,0,78,False,25
455,0,455,False,21
259,0,259,False,12
1152,0,1152,False,385
383,0,383,False,45
834,0,834,False,156
401,0,401,False,55
42,0,42,False,13
1326,0,1326,False,386
796,0,796,False,139
600,0,600,False,143
894,0,894,False,78
45,0,45,False,13
601,0,601,False,79
1120,0,1120,False,188
236,0,236,False,22
320,0,320,False,35
283,0,283,False,33
60,0,60,False,16
523,0,523,False,100
720,0,720,False,271
80,0,80,False,25
192,0,192,False,2
353,0,353,False,56
678,0,678,False,123
78,0,78,False,22
119,0,119,False,1
931,0,931,False,71
218,0,218,False,78
278,0,278,False,5
137,0,137,False,6
754,0,754,False,104
284,0,284,False,5
1030,0,1030,False,108
643,0,643,False,98
53,0,53,False,10
607,0,607,False,127
317,0,317,False,25
811,0,811,False,152
1008,0,1008,False,295
467,0,467,False,54
605,0,605,False,142
590,0,590,False,133
218,0,218,False,8
1124,0,1124,False,472
175,0,175,False,3
1103,0,1103,False,271
87,0,87,False,1
553,0,553,False,170
47,0,47,False,13
1311,0,1311,False,465
82,0,82,False,22
956,0,956,False,77
1124,0,1124,False,78
383,0,383,False,28
128,0,128,False,29
1248,0,1248,False,328
561,0,561,False,111
44,0,44,False,16
189,0,189,False,2
47,0,47,False,9
85,0,85,False,20
1248,0,1248,False,120
329,0,329,False,9
326,0,326,False,8
1484,1,1483,True,789
334,0,334,False,55
734,0,734,False,126
296,0,296,False,30
252,0,252,False,6
746,0,746,False,109
36,0,36,False,12
80,0,80,False,18
525,0,525,False,35
78,0,78,False,19
405,0,405,False,34
276,0,276,False,14
952,0,952,False,233
233,0,233,False,43
1109,0,1109,False,426
763,0,763,False,64
714,0,714,False,119
1558,0,1558,False,544
849,0,849,False,167
421,0,421,False,76
1162,0,1162,False,186
1136,0,1136,False,301
1246,0,1246,False,395
1265,0,1265,False,203
1001,0,1001,False,171
253,0,253,False,10
1680,0,1680,False,656
281,0,281,False,32
474,0,474,False,99
463,0,463,False,25
571,0,571,False,195
191,0,191,False,1
170,0,170,False,9
91,0,91,False,37
1195,0,1195,False,407
890,0,890,False,78
868,0,868,False,84
97,0,97,False,11
30,0,30,False,6
438,0,438,False,21
576,0,576,False,135
536,0,536,False,77
233,0,233,False,20
601,0,601,False,241
557,0,557,False,71
1114,0,1114,False,324
138,0,138,False,18
1067,0,1067,False,93
492,0,492,False,32
249,0,249,False,2
46,0,46,False,11
773,0,773,False,69
672,0,672,False,174
642,0,642,False,87
793,0,793,False,233
225,0,225,False,34
401,0,401,False,56
123,0,123,False,3
399,0,399,False,53
500,0,500,False,60
163,0,163,False,11
217,0,217,False,161
571,0,571,False,80
315,0,315,False,34
190,0,190,False,15
324,0,324,False,33
231,0,231,False,11
467,0,467,False,88
65,0,65,False,21
855,0,855,False,322
290,0,290,False,61
550,0,550,False,83
219,0,219,False,0
46,0,46,False,13
1057,0,1057,False,258
988,0,988,False,289
254,0,254,False,30
421,0,421,False,14
172,0,172,False,1
405,0,405,False,55
385,0,385,False,8
188,0,188,False,3
450,0,450,False,44
404,0,404,False,33
173,0,173,False,0
1131,0,1131,False,95
487,0,487,False,62
434,0,434,False,80
279,0,279,False,32
137,0,137,False,6
198,0,198,False,14
44,0,44,False,16
49,0,49,False,0
71,0,71,False,20
179,0,179,False,4
706,0,706,False,254
1261,0,1261,False,107
665,0,665,False,84
37,0,37,False,2
383,0,383,False,54
75,0,75,False,24
650,0,650,False,83
77,0,77,False,23
818,0,818,False,249
1006,0,1006,False,293
1845,3,1842,True,1411
278,0,278,False,12
727,0,727,False,121
312,0,312,False,11
1850,0,1850,False,435
414,0,414,False,60
438,0,438,False,50
464,0,464,False,58
603,0,603,False,146
77,0,77,False,22
183,0,183,False,12
863,0,863,False,180
40,0,40,False,11
205,0,205,False,0
419,0,419,False,29
240,0,240,False,20
279,0,279,False,15
1676,0,1676,False,455
92,0,92,False,39
132,0,132,False,3
474,0,474,False,68
380,0,380,False,41
145,0,145,False,0
354,0,354,False,45
257,0,257,False,13
170,0,170,False,12
1248,0,1248,False,122
533,0,533,False,49
127,0,127,False,0
562,0,562,False,74
641,0,641,False,86
48,0,48,False,14
897,0,897,False,340
1215,0,1215,False,87
242,0,242,False,10
103,0,103,False,5
67,0,67,False,19
347,0,347,False,33
1040,0,1040,False,204
434,0,434,False,23
695,0,695,False,99
189,0,189,False,2
657,0,657,False,247
925,0,925,False,106
287,0,287,False,29
1100,0,1100,False,316
325,0,325,False,45
479,0,479,False,127
379,0,379,False,30
890,0,890,False,148
359,0,359,False,9
236,0,236,False,13
280,0,280,False,21
247,0,247,False,13
707,0,707,False,115
839,0,839,False,316
302,0,302,False,54
455,0,455,False,27
1111,0,1111,False,393
1096,0,1096,False,121
230,0,230,False,1
113,0,113,False,50
433,0,433,False,50
1101,0,1101,False,395
749,0,749,False,127
475,0,475,False,31
32,0,32,False,0
316,0,316,False,30
1224,0,1224,False,114
503,0,503,False,28
146,0,146,False,4
885,0,885,False,150
545,0,545,False,95
360,0,360,False,8
270,0,270,False,10
415,0,415,False,106
96,0,96,False,56
602,0,602,False,240
726,0,726,False,95
483,0,483,False,65
107,0,107,False,2
651,0,651,False,106
1108,0,1108,False,98
2249,0,2249,False,978
402,0,402,False,20
417,0,417,False,105
1316,0,1316,False,334
1127,0,1127,False,87
360,0,360,False,42
45,0,45,False,10
464,0,464,False,60
55,0,55,False,0
468,0,468,False,52
288,0,288,False,6
314,0,314,False,29
462,0,462,False,27
316,0,316,False,39
251,0,251,False,19
412,0,412,False,70
533,0,533,False,34
45,0,45,False,13
266,0,266,False,34
605,0,605,False,77
208,0,208,False,5
492,0,492,False,49
1012,0,1012,False,88
322,0,322,False,41
569,0,569,False,62
173,0,173,False,0
147,0,147,False,4
767,0,767,False,66
430,0,430,False,19
1067,0,1067,False,376
174,0,174,False,7
167,0,167,False,0
654,0,654,False,99
210,0,210,False,6
764,0,764,False,259
664,0,664,False,90
250,0,250,False,5
1111,0,1111,False,397
78,0,78,False,10
1012,0,1012,False,129
274,0,274,False,3
858,0,858,False,129
329,0,329,False,38
382,0,382,False,54
79,0,79,False,26
576,0,576,False,40
157,0,157,False,59
582,0,582,False,140
403,0,403,False,52
582,0,582,False,136
33,0,33,False,6
318,0,318,False,46
77,0,77,False,21
772,0,772,False,132
56,0,56,False,1
1442,0,1442,False,399
880,0,880,False,150
349,0,349,False,30
628,0,628,False,83
249,0,249,False,25
1107,0,1107,False,372
269,0,269,False,9
367,0,367,False,24
1034,0,1034,False,369
30,0,30,False,6
236,0,236,False,7
88,0,88,False,23
47,0,47,False,0
978,0,978,False,340
689,0,689,False,106
699,0,699,False,228
228,0,228,False,7
212,0,212,False,8
705,0,705,False,261
566,0,566,False,83
601,0,601,False,239
802,0,802,False,140
664,0,664,False,100
147,0,147,False,4
503,0,503,False,62
444,0,444,False,40
653,0,653,False,87
695,0,695,False,102
333,0,333,False,34
381,0,381,False,24
521,0,521,False,79
1003,0,1003,False,134
508,0,508,False,45
1410,0,1410,False,383
104,0,104,False,42
1811,0,1811,False,573
413,0,413,False,13
247,0,247,False,11
548,1,547,True,285
698,0,698,False,123
1159,0,1159,False,490
138,0,138,False,4
1169,0,1169,False,121
192,0,192,False,46
455,0,455,False,21
423,0,423,False,45
493,0,493,False,29
373,0,373,False,44
155,0,155,False,7
142,0,142,False,4
492,0,492,False,56
885,0,885,False,273
484,0,484,False,92
998,0,998,False,206
634,0,634,False,124
300,0,300,False,13
196,0,196,False,2
33,0,33,False,10
288,0,288,False,37
67,0,67,False,14
1781,0,1781,False,413
1737,0,1737,False,463
1712,0,1712,False,450
718,1,717,True,367
424,0,424,False,184
372,0,372,False,50
454,0,454,False,60
92,0,92,False,1
1012,0,1012,False,169
657,0,657,False,86
494,0,494,False,42
451,0,451,False,52
233,0,233,False,20
300,0,300,False,33
466,0,466,False,48
600,0,600,False,79
567,0,567,False,257
583,0,583,False,140
905,0,905,False,91
993,0,993,False,87
164,0,164,False,6
683,0,683,False,120
321,0,321,False,7
598,0,598,False,240
342,0,342,False,37
563,0,563,False,48
1136,0,1136,False,78
55,0,55,False,16
278,0,278,False,11
1433,0,1433,False,435
584,0,584,False,72
47,0,47,False,11
292,0,292,False,23
519,0,519,False,60
526,0,526,False,147
45,0,45,False,12
557,0,557,False,58
509,0,509,False,62
427,0,427,False,53
287,0,287,False,35
1148,0,1148,False,502
816,0,816,False,297
231,0,231,False,4
206,0,206,False,6
184,0,184,False,2
398,0,398,False,55
154,0,154,False,22
211,0,211,False,10
715,0,715,False,121
207,0,207,False,2
279,0,279,False,5
1152,0,1152,False,303
759,0,759,False,158
1215,0,1215,False,239
1157,0,1157,False,334
1124,1,1123,True,626
297,0,297,False,16
211,0,211,False,8
1014,0,1014,False,294
366,0,366,False,66
260,0,260,False,23
284,0,284,False,3
362,0,362,False,24
305,0,305,False,30
953,0,953,False,95
90,0,90,False,28
407,0,407,False,13
473,0,473,False,200
158,0,158,False,6
595,0,595,False,77
562,0,562,False,93
270,0,270,False,9
668,0,668,False,263
706,0,706,False,118
270,0,270,False,5
1014,0,1014,False,294
421,0,421,False,53
1108,0,1108,False,86
452,0,452,False,46
1520,0,1520,False,532
254,0,254,False,14
546,1,545,True,289
270,0,270,False,3
246,0,246,False,30
872,0,872,False,150
272,0,272,False,11
455,0,455,False,54
49,0,49,False,10
858,0,858,False,260
170,0,170,False,1
696,0,696,False,61
584,0,584,False,90
764,0,764,False,217
589,0,589,False,96
1093,0,1093,False,124
891,0,891,False,146
458,0,458,False,23
1848,0,1848,False,542
464,0,464,False,107
250,0,250,False,18
524,0,524,False,88
582,0,582,False,87
282,0,282,False,16
267,0,267,False,10
217,0,217,False,16
103,0,103,False,14
541,0,541,False,126
1238,0,1238,False,120
236,0,236,False,14
570,0,570,False,61
597,0,597,False,133
238,0,238,False,5
436,0,436,False,54
818,0,818,False,135
128,0,128,False,9
850,0,850,False,63
270,0,270,False,14
79,0,79,False,23
84,0,84,False,26
200,0,200,False,5
121,0,121,False,9
46,0,46,False,11
1250,0,1250,False,330
331,0,331,False,15
222,0,222,False,2
598,0,598,False,101
634,0,634,False,121
796,0,796,False,283
824,0,824,False,210
123,0,123,False,1
188,0,188,False,1
1428,0,1428,False,478
47,0,47,False,12
585,0,585,False,69
52,0,52,False,17
212,0,212,False,3
369,0,369,False,22
459,0,459,False,24
1015,0,1015,False,210
597,0,597,False,141
274,0,274,False,5
163,0,163,False,5
558,0,558,False,92
282,0,282,False,22
367,0,367,False,10
263,0,263,False,42
358,0,358,False,7
397,0,397,False,55
268,0,268,False,9
345,0,345,False,6
50,0,50,False,12
390,0,390,False,51
396,0,396,False,80
276,0,276,False,13
291,0,291,False,37
701,0,701,False,192
428,0,428,False,47
412,0,412,False,56
304,0,304,False,7
270,0,270,False,10
527,0,527,False,45
325,0,325,False,17
41,0,41,False,0
425,0,425,False,44
254,0,254,False,9
955,0,955,False,88
1152,0,1152,False,196
128,0,128,False,1
1258,0,1258,False,308
276,0,276,False,37
344,0,344,False,47
1782,1,1781,True,955
298,0,298,False,27
872,0,872,False,82
256,0,256,False,6
296,0,296,False,24
408,0,408,False,59
497,0,497,False,46
52,0,52,False,16
226,0,226,False,10
564,0,564,False,89
47,0,47,False,14
395,0,395,False,46
586,0,586,False,52
1156,0,1156,False,416
271,0,271,False,27
1153,0,1153,False,180
871,0,871,False,269
42,0,42,False,5
447,0,447,False,69
49,0,49,False,19
124,0,124,False,1
361,0,361,False,64
136,0,136,False,2
1207,0,1207,False,355
651,0,651,False,95
726,0,726,False,233
74,0,74,False,5
549,0,549,False,162
1055,0,1055,False,89
671,0,671,False,90
152,0,152,False,1
48,0,48,False,15
614,0,614,False,83
86,0,86,False,6
456,0,456,False,52
806,0,806,False,126
712,0,712,False,119
677,0,677,False,138
671,0,671,False,85
667,0,667,False,226
927,0,927,False,346
51,0,51,False,15
296,0,296,False,10
635,0,635,False,95
305,0,305,False,42
148,0,148,False,3
255,0,255,False,30
319,0,319,False,43
1350,0,1350,False,474
946,0,946,False,110
291,0,291,False,23
676,0,676,False,89
45,0,45,False,13
90,0,90,False,1
241,0,241,False,73
701,0,701,False,100
1751,0,1751,False,497
656,0,656,False,97
406,0,406,False,12
296,0,296,False,25
870,0,870,False,144
613,0,613,False,84
163,0,163,False,4
330,0,330,False,35
998,0,998,False,72
469,0,469,False,79
287,0,287,False,26
509,0,509,False,119
713,0,713,False,118
437,0,437,False,23
286,0,286,False,33
759,0,759,False,128
333,0,333,False,16
1152,0,1152,False,106
156,0,156,False,0
852,0,852,False,315
313,0,313,False,35
200,0,200,False,2
989,0,989,False,129
45,0,45,False,11
459,0,459,False,27
765,0,765,False,145
645,0,645,False,161
1220,0,1220,False,414
808,0,808,False,181
1096,0,1096,False,235
668,0,668,False,102
257,0,257,False,16
727,0,727,False,105
394,0,394,False,47
1096,0,1096,False,121
415,0,415,False,14
645,0,645,False,88
390,0,390,False,25
49,0,49,False,15
521,0,521,False,69
559,0,559,False,148
1257,0,1257,False,115
600,0,600,False,102
560,0,560,False,64
251,0,251,False,25
144,0,144,False,60
298,0,298,False,43
637,0,637,False,238
472,0,472,False,47
504,0,504,False,68
136,0,136,False,4
932,0,932,False,342
155,0,155,False,64
475,0,475,False,57
309,0,309,False,16
917,0,917,False,107
200,0,200,False,5
1114,0,1114,False,247
1096,0,1096,False,478
1143,0,1143,False,301
506,0,506,False,66
221,0,221,False,26
161,0,161,False,55
59,0,59,False,15
349,0,349,False,49
128,0,128,False,26
1221,0,1221,False,137
46,0,46,False,17
768,0,768,False,126
520,0,520,False,81
141,0,141,False,19
221,0,221,False,2
77,0,77,False,25
60,0,60,False,16
403,0,403,False,11
687,0,687,False,109
298,0,298,False,24
149,0,149,False,45
338,0,338,False,45
564,0,564,False,136
598,0,598,False,120
702,0,702,False,115
1052,0,1052,False,246
46,0,46,False,0
458,0,458,False,24
713,0,713,False,124
36,0,36,False,12
118,0,118,False,18
397,0,397,False,57
713,0,713,False,279
819,0,819,False,111
312,0,312,False,18
320,0,320,False,39
594,0,594,False,117
305,0,305,False,16
97,0,97,False,34
166,0,166,False,5
1210,0,1210,False,212
714,0,714,False,119
619,0,619,False,72
2276,0,2276,False,661
62,0,62,False,0
1131,0,1131,False,492
678,0,678,False,139
177,0,177,False,4
466,0,466,False,47
711,0,711,False,181
1149,0,1149,False,194
554,0,554,False,68
628,0,628,False,86
524,0,524,False,69
607,0,607,False,145
475,0,475,False,56
865,0,865,False,329
1085,0,1085,False,348
716,0,716,False,120
305,0,305,False,48
456,0,456,False,64
146,0,146,False,14
1046,0,1046,False,91
181,0,181,False,5
1030,0,1030,False,305
423,0,423,False,15
552,0,552,False,87
38,0,38,False,11
1777,0,1777,False,727
606,0,606,False,59
506,0,506,False,57
447,0,447,False,39
225,0,225,False,20
460,0,460,False,62
227,0,227,False,8
276,0,276,False,10
235,0,235,False,12
463,0,463,False,194
545,0,545,False,82
207,0,207,False,22
672,0,672,False,95
564,0,564,False,65
1336,0,1336,False,529
377,0,377,False,54
577,0,577,False,134
310,0,310,False,44
137,0,137,False,6
778,0,778,False,227
463,0,463,False,47
790,0,790,False,103
1166,0,1166,False,308
223,0,223,False,22
121,0,121,False,15
1170,0,1170,False,281
827,0,827,False,168
285,0,285,False,39
394,0,394,False,63
412,0,412,False,31
455,0,455,False,226
472,0,472,False,80
419,0,419,False,12
272,0,272,False,3
569,0,569,False,78
651,0,651,False,133
411,0,411,False,94
940,0,940,False,319
254,0,254,False,7
634,0,634,False,73
1427,0,1427,False,341
772,0,772,False,278
399,0,399,False,129
2054,0,2054,False,513
217,0,217,False,2
367,0,367,False,47
614,0,614,False,243
670,0,670,False,248
1010,0,1010,False,85
1255,0,1255,False,321
1011,0,1011,False,148
698,0,698,False,99
838,0,838,False,298
922,0,922,False,127
245,0,245,False,27
122,0,122,False,1
881,0,881,False,269
328,0,328,False,8
393,0,393,False,9
468,0,468,False,26
172,0,172,False,6
530,0,530,False,58
253,0,253,False,31
430,0,430,False,38
1505,0,1505,False,486
80,0,80,False,20
461,0,461,False,17
719,0,719,False,233
393,0,393,False,60
347,0,347,False,37
176,0,176,False,6
305,0,305,False,14
278,0,278,False,13
377,0,377,False,50
223,0,223,False,9
42,0,42,False,15
409,0,409,False,91
1046,0,1046,False,108
1115,0,1115,False,103
175,0,175,False,10
166,0,166,False,5
630,0,630,False,126
47,0,47,False,10
438,0,438,False,49
1246,0,1246,False,103
986,0,986,False,110
422,0,422,False,16
804,0,804,False,117
688,0,688,False,80
260,0,260,False,12
536,0,536,False,77
628,0,628,False,73
78,0,78,False,20
706,0,706,False,95
958,0,958,False,77
804,0,804,False,193
385,0,385,False,52
237,0,237,False,11
110,0,110,False,39
448,0,448,False,32
382,0,382,False,43
1659,0,1659,False,534
72,0,72,False,20
307,0,307,False,35
415,0,415,False,54
1166,0,1166,False,305
923,0,923,False,75
362,0,362,False,11
320,0,320,False,33
279,0,279,False,26
865,0,865,False,219
2329,0,2329,False,828
1433,0,1433,False,340
547,0,547,False,100
654,0,654,False,178
159,0,159,False,3
35,0,35,False,12
398,0,398,False,35
863,0,863,False,266
435,0,435,False,17
228,0,228,False,11
242,0,242,False,10
503,0,503,False,134
679,0,679,False,176
495,0,495,False,60
601,0,601,False,238
273,0,273,False,30
230,0,230,False,12
307,0,307,False,35
544,0,544,False,42
332,0,332,False,33
195,0,195,False,2
113,0,113,False,1
416,0,416,False,57
276,0,276,False,9
220,0,220,False,0
408,0,408,False,14
512,0,512,False,78
414,0,414,False,32
1064,0,1064,False,298
557,0,557,False,116
372,0,372,False,20
2250,0,2250,False,583
954,0,954,False,230
292,0,292,False,37
594,0,594,False,78
53,0,53,False,16
502,0,502,False,49
1198,0,1198,False,315
219,0,219,False,0
240,0,240,False,5
1468,0,1468,False,550
548,0,548,False,89
46,0,46,False,18
229,0,229,False,31
253,0,253,False,30
55,0,55,False,0
350,0,350,False,5
277,0,277,False,33
591,0,591,False,58
742,0,742,False,264
185,0,185,False,3
249,0,249,False,27
121,0,121,False,3
90,0,90,False,37
391,0,391,False,45
501,0,501,False,79
792,0,792,False,143
390,0,390,False,41
342,0,342,False,26
283,0,283,False,5
383,0,383,False,59
170,0,170,False,0
511,0,511,False,56
1880,0,1880,False,750
468,0,468,False,24
1275,0,1275,False,295
1107,0,1107,False,288
407,0,407,False,11
195,0,195,False,2
427,0,427,False,56
1158,0,1158,False,340
85,0,85,False,23
707,0,707,False,120
395,0,395,False,36
735,0,735,False,255
640,0,640,False,197
574,0,574,False,104
233,0,233,False,21
268,0,268,False,9
475,0,475,False,21
299,0,299,False,13
50,0,50,False,13
357,0,357,False,23
55,0,55,False,19
412,0,412,False,46
924,0,924,False,156
47,0,47,False,17
709,0,709,False,115
1056,0,1056,False,314
509,0,509,False,50
710,0,710,False,121
47,0,47,False,16
448,1,447,True,236
930,0,930,False,196
1179,0,1179,False,438
191,0,191,False,2
189,0,189,False,10
419,0,419,False,63
312,0,312,False,36
1156,0,1156,False,381
213,0,213,False,7
474,0,474,False,54
481,0,481,False,58
386,0,386,False,52
1025,0,1025,False,79
159,0,159,False,4
282,0,282,False,37
262,0,262,False,12
446,0,446,False,49
326,0,326,False,43
1841,0,1841,False,835
49,0,49,False,15
377,0,377,False,23
233,0,233,False,6
1112,0,1112,False,393
693,0,693,False,124
242,0,242,False,19
452,0,452,False,62
564,0,564,False,60
1104,0,1104,False,383
737,0,737,False,124
353,0,353,False,38
315,0,315,False,33
1161,0,1161,False,384
55,0,55,False,17
399,0,399,False,33
890,0,890,False,80
353,0,353,False,18
794,0,794,False,139
245,0,245,False,13
750,0,750,False,157
274,0,274,False,54
489,0,489,False,69
724,0,724,False,233
1113,0,1113,False,182
141,0,141,False,4
249,0,249,False,28
336,0,336,False,29
220,0,220,False,6
179,0,179,False,6
69,0,69,False,21
468,0,468,False,60
478,0,478,False,26
289,0,289,False,16
459,0,459,False,30
289,0,289,False,17
152,0,152,False,51
293,0,293,False,40
308,0,308,False,16
343,0,343,False,39
942,0,942,False,109
1155,0,1155,False,380
457,0,457,False,22
143,0,143,False,35
366,0,366,False,60
80,0,80,False,24
726,0,726,False,189
857,0,857,False,86
1650,0,1650,False,431
356,0,356,False,10
702,0,702,False,80
577,0,577,False,136
73,0,73,False,19
540,0,540,False,58
504,0,504,False,32
217,0,217,False,8
294,0,294,False,13
156,0,156,False,2
223,0,223,False,1
55,0,55,False,15
726,0,726,False,286
684,0,684,False,183
306,0,306,False,38
691,0,691,False,100
657,0,657,False,108
1104,0,1104,False,105
139,0,139,False,11
350,0,350,False,52
910,0,910,False,176
1644,0,1644,False,431
392,0,392,False,43
661,0,661,False,90
602,0,602,False,81
1057,0,1057,False,86
762,1,761,True,450
1066,0,1066,False,377
374,0,374,False,24
440,0,440,False,61
868,0,868,False,131
263,0,263,False,2
171,0,171,False,8
461,0,461,False,62
395,0,395,False,48
639,0,639,False,144
71,0,71,False,18
256,0,256,False,24
697,0,697,False,249
179,0,179,False,3
375,0,375,False,50
427,0,427,False,55
280,0,280,False,28
247,0,247,False,8
288,0,288,False,31
89,0,89,False,4
276,0,276,False,21
57,0,57,False,0
188,0,188,False,3
902,0,902,False,92
651,0,651,False,89
463,0,463,False,49
47,0,47,False,15
330,0,330,False,43
656,0,656,False,177
300,0,300,False,50
669,0,669,False,105
1275,0,1275,False,106
436,0,436,False,91
331,0,331,False,33
305,0,305,False,8
1016,0,1016,False,339
331,0,331,False,9
789,0,789,False,138
707,0,707,False,122
1237,0,1237,False,100
1260,0,1260,False,521
689,0,689,False,96
252,0,252,False,103
433,0,433,False,53
132,0,132,False,14
695,0,695,False,117
1526,0,1526,False,383
581,0,581,False,67
1161,0,1161,False,499
532,0,532,False,83
1057,0,1057,False,321
134,0,134,False,28
495,0,495,False,132
299,0,299,False,11
330,0,330,False,39
4282,1,4281,True,2862
590,0,590,False,95
671,0,671,False,97
1108,0,1108,False,290
322,0,322,False,6
1004,0,1004,False,199
724,0,724,False,125
572,0,572,False,106
1038,0,1038,False,85
1954,0,1954,False,449
105,0,105,False,50
300,0,300,False,30
363,0,363,False,58
381,0,381,False,25
222,0,222,False,4
1087,0,1087,False,353
1094,0,1094,False,123
76,0,76,False,18
606,0,606,False,217
1016,0,1016,False,100
718,0,718,False,85
57,0,57,False,14
463,0,463,False,22
1001,0,1001,False,89
912,0,912,False,305
264,0,264,False,25
427,0,427,False,57
242,0,242,False,71
255,0,255,False,30
974,0,974,False,164
1235,0,1235,False,99
684,0,684,False,106
758,0,758,False,272
214,0,214,False,10
388,0,388,False,63
30,0,30,False,0
525,0,525,False,75
547,0,547,False,77
394,0,394,False,48
407,0,407,False,56
792,0,792,False,210
398,0,398,False,31
460,0,460,False,26
44,0,44,False,14
1158,0,1158,False,388
796,0,796,False,45
302,0,302,False,29
403,0,403,False,43
2218,0,2218,False,964
675,0,675,False,133
1226,0,1226,False,299
243,0,243,False,7
864,0,864,False,263
353,0,353,False,62
49,0,49,False,11
599,0,599,False,79
138,0,138,False,0
135,0,135,False,14
73,0,73,False,17
1094,0,1094,False,101
622,0,622,False,222
289,0,289,False,9
857,0,857,False,323
114,0,114,False,5
2141,0,2141,False,793
444,0,444,False,25
393,0,393,False,43
49,0,49,False,12
418,0,418,False,43
95,0,95,False,34
1018,0,1018,False,307
25,0,25,False,2
438,0,438,False,82
191,0,191,False,2
160,0,160,False,4
246,0,246,False,29
90,0,90,False,52
348,0,348,False,48
144,0,144,False,19
381,0,381,False,43
491,0,491,False,58
222,0,222,False,27
734,0,734,False,248
424,0,424,False,43
667,0,667,False,177
275,0,275,False,3
1109,0,1109,False,369
593,0,593,False,131
697,0,697,False,115
603,0,603,False,116
974,0,974,False,122
974,0,974,False,365
157,0,157,False,6
350,0,350,False,36
959,0,959,False,107
483,0,483,False,43
611,0,611,False,89
1378,0,1378,False,428
471,0,471,False,42
642,2,640,True,441
668,0,668,False,84
665,0,665,False,219
360,0,360,False,125
312,0,312,False,19
981,0,981,False,252
518,0,518,False,44
225,0,225,False,2
1399,0,1399,False,532
204,0,204,False,3
929,0,929,False,103
600,0,600,False,139
144,0,144,False,50
681,0,681,False,265
439,0,439,False,59
202,0,202,False,12
766,0,766,False,70
51,0,51,False,13
754,0,754,False,96
38,0,38,False,6
576,0,576,False,165
896,0,896,False,85
231,0,231,False,21
344,0,344,False,42
540,0,540,False,78
46,0,46,False,11
46,0,46,False,16
522,1,521,True,267
282,0,282,False,20
1103,0,1103,False,398
692,0,692,False,98
292,0,292,False,7
138,0,138,False,0
81,0,81,False,31
531,0,531,False,64
265,0,265,False,12
716,0,716,False,263
369,0,369,False,126
589,0,589,False,143
1170,0,1170,False,116
499,0,499,False,93
39,0,39,False,0
646,0,646,False,96
973,0,973,False,336
251,0,251,False,12
531,0,531,False,65
537,0,537,False,172
154,0,154,False,3
247,0,247,False,27
778,0,778,False,125
168,0,168,False,71
273,0,273,False,41
287,0,287,False,30
558,0,558,False,78
530,0,530,False,79
268,0,268,False,4
823,0,823,False,108
749,0,749,False,107
372,0,372,False,189
386,0,386,False,56
298,0,298,False,11
932,0,932,False,312
197,0,197,False,16
1123,0,1123,False,75
271,0,271,False,39
52,0,52,False,11
410,0,410,False,12
48,0,48,False,12
53,0,53,False,16
1056,0,1056,False,99
741,0,741,False,105
259,0,259,False,32
280,0,280,False,22
555,0,555,False,79
48,0,48,False,15
513,0,513,False,65
79,0,79,False,24
703,0,703,False,98
740,0,740,False,106
2440,0,2440,False,654
333,0,333,False,29
195,0,195,False,2
499,0,499,False,52
585,0,585,False,125
875,0,875,False,143
162,0,162,False,2
60,0,60,False,3
211,0,211,False,8
607,0,607,False,75
321,0,321,False,53
279,0,279,False,50
40,0,40,False,13
726,0,726,False,233
1147,0,1147,False,277
522,0,522,False,51
570,0,570,False,200
197,0,197,False,3
491,0,491,False,54
115,0,115,False,1
361,0,361,False,9
738,0,738,False,201
1007,0,1007,False,294
2019,0,2019,False,630
425,0,425,False,52
177,0,177,False,7
734,0,734,False,149
1456,0,1456,False,423
374,0,374,False,34
83,0,83,False,23
1050,0,1050,False,314
210,0,210,False,7
197,0,197,False,5
45,0,45,False,12
189,0,189,False,5
590,0,590,False,56
287,0,287,False,61
1021,0,1021,False,76
166,0,166,False,10
358,0,358,False,9
625,0,625,False,184
187,0,187,False,30
263,0,263,False,15
403,0,403,False,32
242,0,242,False,10
534,0,534,False,67
622,0,622,False,182
469,0,469,False,59
1005,0,1005,False,297
61,0,61,False,16
707,0,707,False,118
895,0,895,False,75
1059,0,1059,False,381
168,0,168,False,6
175,0,175,False,0
149,0,149,False,1
293,0,293,False,30
112,0,112,False,43
985,0,985,False,222
366,0,366,False,102
525,0,525,False,71
50,0,50,False,11
399,0,399,False,103
1224,0,1224,False,292
1013,0,1013,False,283
1141,0,1141,False,193
273,0,273,False,3
764,0,764,False,66
267,0,267,False,9
1122,0,1122,False,104
360,0,360,False,45
633,0,633,False,116
382,0,382,False,54
452,0,452,False,24
211,0,211,False,3
75,0,75,False,16
496,0,496,False,43
520,0,520,False,52
147,0,147,False,0
883,0,883,False,81
48,0,48,False,11
1015,0,1015,False,88
305,0,305,False,30
306,0,306,False,19
328,0,328,False,38
2333,0,2333,False,913
1169,0,1169,False,119
2358,0,2358,False,918
693,0,693,False,99
573,0,573,False,45
132,0,132,False,0
203,0,203,False,12
1224,0,1224,False,309
590,0,590,False,132
660,0,660,False,100
451,0,451,False,20
431,0,431,False,49
169,0,169,False,0
197,0,197,False,5
1046,0,1046,False,86
277,0,277,False,34
494,1,493,True,251
94,0,94,False,29
358,0,358,False,21
390,0,390,False,55
1014,0,1014,False,294
988,0,988,False,104
1065,0,1065,False,101
586,0,586,False,136
425,0,425,False,77
756,0,756,False,292
285,0,285,False,39
3109,0,3109,False,1085
281,0,281,False,33
54,0,54,False,17
792,0,792,False,224
1303,0,1303,False,431
653,0,653,False,83
572,0,572,False,54
697,0,697,False,176
638,0,638,False,95
300,0,300,False,18
736,0,736,False,88
1218,0,1218,False,305
371,0,371,False,10
691,0,691,False,88
295,0,295,False,35
264,0,264,False,7
281,0,281,False,29
354,0,354,False,6
60,0,60,False,16
1264,0,1264,False,420
333,0,333,False,17
860,0,860,False,105
586,0,586,False,202
1155,0,1155,False,385
505,0,505,False,62
872,0,872,False,70
717,0,717,False,265
239,0,239,False,6
379,0,379,False,28
261,0,261,False,4
654,0,654,False,82
256,0,256,False,28
305,0,305,False,19
262,0,262,False,29
646,0,646,False,83
397,0,397,False,45
724,0,724,False,98
76,0,76,False,1
339,0,339,False,45
53,0,53,False,12
247,0,247,False,28
43,0,43,False,13
857,0,857,False,322
355,0,355,False,9
95,0,95,False,46
484,0,484,False,38
456,0,456,False,72
341,0,341,False,41
92,0,92,False,37
357,0,357,False,8
529,0,529,False,84
249,0,249,False,26
92,0,92,False,58
345,0,345,False,29
761,0,761,False,283
408,0,408,False,71
2065,0,2065,False,519
326,0,326,False,7
144,0,144,False,0
297,0,297,False,32
334,0,334,False,41
516,0,516,False,62
472,0,472,False,51
382,0,382,False,49
607,0,607,False,82
1226,0,1226,False,95
151,0,151,False,0
467,0,467,False,48
934,0,934,False,347
686,0,686,False,115
786,0,786,False,276
1154,0,1154,False,304
463,0,463,False,194
48,0,48,False,16
536,0,536,False,94
754,0,754,False,207
544,0,544,False,40
72,0,72,False,14
60,0,60,False,14
49,0,49,False,12
765,0,765,False,408
599,0,599,False,84
594,0,594,False,70
305,0,305,False,26
77,0,77,False,24
473,0,473,False,26
462,0,462,False,195
1004,0,1004,False,294
45,0,45,False,10
460,0,460,False,77
550,0,550,False,60
1255,0,1255,False,373
434,0,434,False,59
639,0,639,False,167
640,0,640,False,77
294,0,294,False,20
289,0,289,False,35
285,0,285,False,5
301,0,301,False,58
92,0,92,False,27
1246,0,1246,False,122
161,0,161,False,3
134,0,134,False,4
317,0,317,False,30
402,0,402,False,27
684,0,684,False,199
48,0,48,False,12
526,0,526,False,36
378,0,378,False,47
341,0,341,False,7
210,0,210,False,2
943,0,943,False,211
570,0,570,False,43
570,0,570,False,78
1233,0,1233,False,346
46,0,46,False,15
572,0,572,False,81
1083,0,1083,False,99
180,0,180,False,0
45,0,45,False,11
133,0,133,False,0
1524,0,1524,False,408
273,0,273,False,45
155,0,155,False,22
426,0,426,False,16
199,0,199,False,16
278,0,278,False,38
564,0,564,False,80
254,0,254,False,31
144,0,144,False,46
541,0,541,False,107
414,0,414,False,32
308,0,308,False,17
426,0,426,False,12
89,0,89,False,19
874,0,874,False,171
598,0,598,False,137
4406,0,4406,False,3139
479,0,479,False,120
273,0,273,False,3
81,0,81,False,1
193,0,193,False,28
1395,0,1395,False,360
990,0,990,False,86
661,0,661,False,102
408,1,407,True,222
2249,0,2249,False,979
482,0,482,False,59
729,0,729,False,90
76,0,76,False,21
600,0,600,False,74
102,0,102,False,0
656,0,656,False,87
974,0,974,False,124
69,0,69,False,20
164,0,164,False,31
290,0,290,False,26
465,0,465,False,29
161,0,161,False,4
661,0,661,False,90
595,0,595,False,75
1099,0,1099,False,311
274,0,274,False,3
831,0,831,False,260
327,0,327,False,34
828,0,828,False,65
187,0,187,False,3
528,0,528,False,71
635,0,635,False,98
51,0,51,False,10
665,0,665,False,83
267,0,267,False,4
48,0,48,False,13
450,0,450,False,26
678,0,678,False,97
428,0,428,False,60
1246,0,1246,False,104
1149,0,1149,False,117
1233,0,1233,False,97
184,0,184,False,20
241,0,241,False,7
1091,0,1091,False,370
1106,0,1106,False,318
647,0,647,False,103
288,0,288,False,27
33,0,33,False,0
330,0,330,False,26
593,0,593,False,134
326,0,326,False,5
987,0,987,False,221
582,0,582,False,69
1224,0,1224,False,102
859,0,859,False,98
1856,0,1856,False,447
417,0,417,False,22
2240,0,2240,False,976
628,0,628,False,111
450,0,450,False,63
967,0,967,False,335
171,0,171,False,1
1107,0,1107,False,165
514,0,514,False,60
154,0,154,False,61
508,0,508,False,141
298,0,298,False,6
112,0,112,False,1
253,0,253,False,25
281,0,281,False,36
177,0,177,False,0
551,0,551,False,85
272,0,272,False,3
1443,0,1443,False,386
333,0,333,False,27
496,0,496,False,66
503,0,503,False,52
1055,0,1055,False,85
883,0,883,False,86
216,0,216,False,2
432,0,432,False,57
626,0,626,False,106
178,0,178,False,31
318,0,318,False,59
696,0,696,False,121
466,0,466,False,198
867,0,867,False,86
1331,0,1331,False,360
978,0,978,False,107
566,0,566,False,42
437,0,437,False,205
341,0,341,False,42
148,0,148,False,7
80,0,80,False,24
221,0,221,False,1
633,0,633,False,123
36,0,36,False,12
1208,0,1208,False,271
1237,0,1237,False,100
1093,0,1093,False,77
907,0,907,False,350
726,0,726,False,109
72,0,72,False,14
332,0,332,False,33
1061,0,1061,False,320
161,0,161,False,1
142,0,142,False,31
639,0,639,False,91
979,0,979,False,62
266,0,266,False,4
705,0,705,False,118
167,0,167,False,0
328,0,328,False,22
214,0,214,False,3
656,0,656,False,85
407,0,407,False,13
136,0,136,False,0
305,0,305,False,38
1156,0,1156,False,308
522,0,522,False,65
1366,0,1366,False,581
554,0,554,False,197
185,0,185,False,2
1040,0,1040,False,90
257,0,257,False,14
274,0,274,False,3
281,0,281,False,27
589,0,589,False,141
125,0,125,False,4
125,0,125,False,1
702,0,702,False,118
356,0,356,False,5
961,0,961,False,280
49,0,49,False,16
168,0,168,False,1
269,0,269,False,28
587,0,587,False,138
449,0,449,False,41
563,0,563,False,91
610,0,610,False,155
1388,0,1388,False,356
516,0,516,False,51
44,0,44,False,11
642,0,642,False,167
1144,0,1144,False,325
604,0,604,False,138
465,0,465,False,27
600,0,600,False,102
46,0,46,False,14
634,0,634,False,81
1273,0,1273,False,104
287,0,287,False,21
543,0,543,False,38
653,0,653,False,242
1268,0,1268,False,143
169,0,169,False,3
77,0,77,False,20
278,0,278,False,11
457,0,457,False,23
391,0,391,False,46
671,0,671,False,98
144,0,144,False,52
364,0,364,False,51
234,0,234,False,4
675,0,675,False,54
2430,0,2430,False,649
214,0,214,False,0
1201,0,1201,False,84
429,0,429,False,96
248,0,248,False,22
449,0,449,False,45
659,0,659,False,179
77,0,77,False,18
183,0,183,False,34
270,0,270,False,12
446,0,446,False,68
232,0,232,False,23
245,0,245,False,13
719,0,719,False,87
896,0,896,False,113
517,0,517,False,44
640,1,639,True,351
676,0,676,False,118
278,0,278,False,22
180,0,180,False,1
223,0,223,False,30
284,0,284,False,28
599,0,599,False,241
501,0,501,False,82
372,0,372,False,25
323,0,323,False,56
216,0,216,False,0
358,0,358,False,37
212,0,212,False,5
513,0,513,False,39
742,0,742,False,56
80,0,80,False,19
878,0,878,False,438
364,0,364,False,25
996,0,996,False,87
1601,0,1601,False,411
31,0,31,False,7
714,0,714,False,281
508,0,508,False,71
170,0,170,False,0
193,0,193,False,11
40,0,40,False,10
254,0,254,False,11
497,0,497,False,48
666,0,666,False,90
721,0,721,False,220
651,0,651,False,91
286,0,286,False,29
219,0,219,False,8
308,0,308,False,61
139,0,139,False,28
182,0,182,False,2
562,0,562,False,41
1085,0,1085,False,288
215,0,215,False,2
296,0,296,False,76
361,0,361,False,39
985,0,985,False,108
388,0,388,False,43
402,0,402,False,56
307,0,307,False,35
1166,0,1166,False,187
278,0,278,False,21
605,0,605,False,115
1132,0,1132,False,485
174,0,174,False,0
533,0,533,False,168
1155,0,1155,False,387
549,0,549,False,77
679,0,679,False,87
2065,0,2065,False,615
420,0,420,False,15
55,0,55,False,15
115,0,115,False,3
482,0,482,False,49
448,0,448,False,67
115,0,115,False,18
693,0,693,False,90
729,0,729,False,96
1266,0,1266,False,107
66,0,66,False,23
357,0,357,False,23
460,0,460,False,61
1986,0,1986,False,585
48,0,48,False,12
745,0,745,False,252
284,0,284,False,24
364,0,364,False,58
760,0,760,False,148
148,0,148,False,1
620,0,620,False,87
875,0,875,False,267
748,0,748,False,117
278,0,278,False,5
301,0,301,False,36
785,0,785,False,110
330,0,330,False,37
206,0,206,False,8
50,0,50,False,0
423,0,423,False,58
945,0,945,False,109
563,0,563,False,62
717,0,717,False,279
394,0,394,False,55
567,0,567,False,67
390,0,390,False,54
146,0,146,False,26
273,0,273,False,17
1015,0,1015,False,84
1145,0,1145,False,111
152,0,152,False,23
968,0,968,False,93
524,0,524,False,43
778,0,778,False,70
596,0,596,False,146
581,0,581,False,92
510,0,510,False,57
562,0,562,False,69
150,0,150,False,4
714,0,714,False,70
467,0,467,False,59
382,0,382,False,32
307,0,307,False,11
279,0,279,False,7
1812,0,1812,False,413
280,0,280,False,33
725,0,725,False,188
308,0,308,False,35
290,0,290,False,8
508,0,508,False,52
666,0,666,False,145
257,0,257,False,32
564,0,564,False,68
380,0,380,False,58
879,0,879,False,269
70,0,70,False,15
623,0,623,False,75
260,0,260,False,23
245,0,245,False,11
35,0,35,False,8
1140,0,1140,False,195
468,0,468,False,49
461,0,461,False,19
158,0,158,False,3
548,0,548,False,66
592,0,592,False,229
148,0,148,False,53
1191,0,1191,False,403
1009,0,1009,False,90
268,0,268,False,10
43,0,43,False,12
1199,0,1199,False,325
414,1,413,True,219
155,0,155,False,65
251,0,251,False,30
358,0,358,False,5
194,0,194,False,2
723,0,723,False,280
345,0,345,False,44
757,0,757,False,273
391,0,391,False,59
286,0,286,False,6
210,0,210,False,8
495,0,495,False,78
621,0,621,False,159
47,0,47,False,13
388,0,388,False,39
589,0,589,False,94
692,0,692,False,124
52,0,52,False,16
384,1,383,True,193
1325,0,1325,False,362
225,0,225,False,32
554,0,554,False,46
1148,0,1148,False,194
1055,0,1055,False,440
345,0,345,False,30
818,0,818,False,139
1145,0,1145,False,379
52,0,52,False,18
367,0,367,False,63
372,0,372,False,11
279,0,279,False,36
317,0,317,False,9
1107,0,1107,False,123
644,0,644,False,110
479,0,479,False,34
492,0,492,False,62
1094,0,1094,False,307
552,0,552,False,82
834,0,834,False,74
259,0,259,False,7
223,0,223,False,99
447,0,447,False,65
1053,0,1053,False,100
242,0,242,False,10
377,0,377,False,25
800,0,800,False,208
44,0,44,False,12
95,0,95,False,29
624,0,624,False,81
2108,1,2107,True,1139
67,0,67,False,20
790,0,790,False,114
548,0,548,False,77
280,0,280,False,17
558,0,558,False,67
174,0,174,False,8
569,0,569,False,128
736,1,735,True,397
323,0,323,False,43
251,0,251,False,25
599,0,599,False,55
1013,0,1013,False,79
234,0,234,False,4
645,0,645,False,162
322,0,322,False,36
288,0,288,False,15
45,0,45,False,10
432,0,432,False,19
980,0,980,False,90
781,0,781,False,63
1512,0,1512,False,639
1019,0,1019,False,93
208,0,208,False,0
785,0,785,False,232
365,0,365,False,55
309,0,309,False,33
259,0,259,False,30
70,0,70,False,17
1152,0,1152,False,302
1054,0,1054,False,98
552,0,552,False,298
1169,0,1169,False,343
766,0,766,False,255
387,0,387,False,50
218,0,218,False,2
323,0,323,False,46
1576,0,1576,False,424
55,0,55,False,0
1061,0,1061,False,315
30,0,30,False,5
214,0,214,False,5
181,0,181,False,2
146,0,146,False,57
1148,0,1148,False,185
355,0,355,False,40
644,0,644,False,249
707,0,707,False,119
1327,0,1327,False,524
733,0,733,False,96
660,0,660,False,244
1110,0,1110,False,399
251,0,251,False,30
530,0,530,False,68
1000,0,1000,False,121
1109,0,1109,False,384
248,0,248,False,12
231,0,231,False,1
247,0,247,False,15
376,0,376,False,32
508,0,508,False,89
559,0,559,False,73
623,0,623,False,86
282,0,282,False,8
1374,0,1374,False,623
496,0,496,False,50
56,0,56,False,15
45,0,45,False,11
464,0,464,False,194
881,0,881,False,269
204,0,204,False,5
374,0,374,False,48
170,0,170,False,8
308,0,308,False,27
54,0,54,False,17
538,0,538,False,88
350,0,350,False,41
51,0,51,False,18
978,0,978,False,100
678,0,678,False,92
1102,0,1102,False,347
1040,0,1040,False,72
1102,0,1102,False,470
346,1,345,True,174
443,0,443,False,33
774,0,774,False,299
275,0,275,False,4
579,0,579,False,45
273,0,273,False,4
52,0,52,False,9
323,0,323,False,28
960,0,960,False,89
627,0,627,False,87
645,0,645,False,201
931,0,931,False,164
170,0,170,False,4
65,0,65,False,24
1183,0,1183,False,312
122,0,122,False,2
357,0,357,False,7
1162,0,1162,False,259
882,0,882,False,74
289,0,289,False,6
488,0,488,False,49
1061,0,1061,False,122
849,0,849,False,316
1252,0,1252,False,295
532,0,532,False,83
305,0,305,False,8
69,0,69,False,20
187,0,187,False,5
727,0,727,False,96
730,0,730,False,98
286,0,286,False,29
637,0,637,False,180
869,0,869,False,188
458,0,458,False,80
627,0,627,False,93
1072,0,1072,False,99
177,0,177,False,20
682,0,682,False,102
826,0,826,False,261
702,0,702,False,113
929,0,929,False,100
398,0,398,False,34
315,0,315,False,14
596,0,596,False,78
264,0,264,False,5
32,0,32,False,0
97,0,97,False,33
151,0,151,False,4
510,0,510,False,56
578,0,578,False,136
680,0,680,False,85
308,0,308,False,34
1065,0,1065,False,82
302,0,302,False,135
800,0,800,False,131
974,0,974,False,84
1133,0,1133,False,79
498,0,498,False,30
995,0,995,False,116
50,0,50,False,16
724,0,724,False,186
786,0,786,False,130
722,0,722,False,61
590,0,590,False,91
918,0,918,False,91
502,0,502,False,69
195,0,195,False,2
1129,0,1129,False,76
74,0,74,False,18
174,0,174,False,4
60,0,60,False,21
180,0,180,False,18
588,0,588,False,72
1799,0,1799,False,513
1119,0,1119,False,323
836,0,836,False,60
581,0,581,False,88
276,0,276,False,4
230,1,229,True,121
607,0,607,False,135
1014,1,1013,True,567
1724,0,1724,False,538
494,0,494,False,54
81,0,81,False,23
146,0,146,False,4
1280,0,1280,False,322
648,0,648,False,238
585,0,585,False,146
247,0,247,False,10
276,0,276,False,5
475,0,475,False,81
1852,0,1852,False,548
501,0,501,False,80
549,0,549,False,84
771,0,771,False,115
1005,0,1005,False,129
436,0,436,False,193
587,0,587,False,118
512,0,512,False,72
213,0,213,False,13
118,0,118,False,1
942,0,942,False,341
728,0,728,False,97
461,0,461,False,42
1127,0,1127,False,111
664,0,664,False,177
358,0,358,False,9
132,0,132,False,0
330,0,330,False,9
1112,0,1112,False,394
136,0,136,False,23
716,0,716,False,119
244,0,244,False,42
101,0,101,False,17
659,0,659,False,98
1367,0,1367,False,276
568,0,568,False,134
581,0,581,False,135
798,0,798,False,121
669,0,669,False,265
154,0,154,False,3
641,0,641,False,101
561,0,561,False,87
973,0,973,False,274
518,0,518,False,92
355,0,355,False,41
44,0,44,False,10
75,0,75,False,17
652,0,652,False,241
631,0,631,False,87
718,0,718,False,263
283,0,283,False,15
1205,0,1205,False,230
49,0,49,False,17
1199,0,1199,False,262
231,0,231,False,11
881,0,881,False,140
457,0,457,False,23
44,0,44,False,11
1164,0,1164,False,198
201,0,201,False,3
1186,1,1185,True,689
1114,0,1114,False,322
159,0,159,False,54
498,0,498,False,46
390,0,390,False,104
190,0,190,False,2
282,0,282,False,30
352,0,352,False,16
550,0,550,False,66
139,0,139,False,4
967,0,967,False,105
698,0,698,False,271
318,0,318,False,23
181,0,181,False,4
329,0,329,False,36
651,0,651,False,85
894,0,894,False,121
134,0,134,False,0
1312,0,1312,False,133
84,0,84,False,33
458,0,458,False,23
1578,0,1578,False,936
161,0,161,False,6
302,0,302,False,41
607,0,607,False,81
233,0,233,False,1
226,0,226,False,1
324,0,324,False,12
70,0,70,False,20
448,0,448,False,23
180,0,180,False,4
284,0,284,False,1
274,0,274,False,44
339,0,339,False,22
338,0,338,False,36
270,0,270,False,18
301,0,301,False,20
462,0,462,False,196
1003,0,1003,False,78
416,0,416,False,48
169,0,169,False,0
368,0,368,False,57
304,0,304,False,60
1110,0,1110,False,96
287,0,287,False,18
851,0,851,False,57
423,0,423,False,11
79,0,79,False,24
382,0,382,False,13
333,0,333,False,43
966,0,966,False,221
1225,0,1225,False,268
449,0,449,False,23
445,0,445,False,54
303,0,303,False,53
98,0,98,False,62
280,0,280,False,5
1323,0,1323,False,522
720,0,720,False,111
819,0,819,False,85
293,0,293,False,29
323,0,323,False,21
980,0,980,False,92
235,0,235,False,34
394,0,394,False,66
577,0,577,False,135
51,0,51,False,11
606,0,606,False,76
407,0,407,False,11
621,0,621,False,106
527,0,527,False,88
330,0,330,False,17
44,0,44,False,12
117,0,117,False,1
50,0,50,False,14
127,0,127,False,2
471,0,471,False,62
714,0,714,False,261
228,0,228,False,6
618,0,618,False,152
1163,0,1163,False,387
81,0,81,False,25
40,0,40,False,13
295,0,295,False,10
423,0,423,False,15
528,0,528,False,96
467,0,467,False,39
809,0,809,False,104
703,0,703,False,180
437,0,437,False,54
592,0,592,False,70
353,0,353,False,48
257,0,257,False,15
251,0,251,False,29
213,0,213,False,5
511,0,511,False,47
320,0,320,False,41
205,0,205,False,49
389,0,389,False,55
475,0,475,False,72
704,0,704,False,116
615,0,615,False,180
59,0,59,False,17
690,0,690,False,93
136,0,136,False,0
126,0,126,False,3
234,0,234,False,21
656,0,656,False,82
439,0,439,False,54
1705,0,1705,False,793
58,0,58,False,19
738,0,738,False,100
624,0,624,False,159
285,0,285,False,22
762,0,762,False,128
491,0,491,False,66
460,0,460,False,24
176,0,176,False,0
395,0,395,False,29
400,0,400,False,55
51,0,51,False,23
275,0,275,False,11
812,0,812,False,47
745,0,745,False,258
165,0,165,False,4
948,0,948,False,90
661,0,661,False,176
651,0,651,False,93
158,0,158,False,5
216,0,216,False,3
267,0,267,False,62
609,0,609,False,135
557,0,557,False,66
271,0,271,False,45
610,0,610,False,137
1235,0,1235,False,144
269,0,269,False,4
94,0,94,False,42
1112,0,1112,False,244
299,0,299,False,39
352,0,352,False,36
1241,0,1241,False,154
51,0,51,False,15
343,0,343,False,34
277,0,277,False,11
555,0,555,False,80
1041,0,1041,False,336
644,0,644,False,106
338,0,338,False,20
536,0,536,False,101
1029,0,1029,False,289
387,0,387,False,61
142,0,142,False,32
622,0,622,False,222
169,0,169,False,8
597,0,597,False,72
641,0,641,False,96
401,0,401,False,27
57,0,57,False,0
473,0,473,False,71
231,0,231,False,27
497,0,497,False,34
134,0,134,False,3
703,0,703,False,97
48,0,48,False,0
531,0,531,False,72
438,0,438,False,86
286,0,286,False,38
398,0,398,False,42
633,0,633,False,82
1163,0,1163,False,196
503,0,503,False,46
248,0,248,False,22
622,0,622,False,70
287,0,287,False,32
452,0,452,False,46
531,0,531,False,71
51,0,51,False,14
645,0,645,False,250
668,0,668,False,263
307,0,307,False,36
462,0,462,False,25
1101,0,1101,False,100
459,0,459,False,48
363,0,363,False,45
644,1,643,True,351
415,0,415,False,54
1760,0,1760,False,576
51,0,51,False,15
937,0,937,False,92
55,0,55,False,15
423,0,423,False,19
684,0,684,False,53
69,0,69,False,18
1520,0,1520,False,365
2255,0,2255,False,654
131,0,131,False,52
228,0,228,False,25
1149,0,1149,False,380
726,0,726,False,194
43,0,43,False,13
450,0,450,False,49
335,0,335,False,42
980,0,980,False,335
274,0,274,False,4
940,0,940,False,87
606,0,606,False,146
399,0,399,False,52
52,0,52,False,15
648,0,648,False,99
422,0,422,False,47
293,0,293,False,11
483,0,483,False,39
221,0,221,False,3
264,0,264,False,29
857,0,857,False,322
591,0,591,False,71
566,0,566,False,67
672,0,672,False,86
334,0,334,False,7
520,0,520,False,81
791,0,791,False,140
118,0,118,False,3
73,0,73,False,21
688,0,688,False,93
667,0,667,False,93
399,0,399,False,18
742,0,742,False,224
548,0,548,False,65
500,0,500,False,46
937,0,937,False,80
506,0,506,False,80
901,0,901,False,312
46,0,46,False,12
502,0,502,False,51
568,0,568,False,63
581,0,581,False,52
629,0,629,False,173
349,0,349,False,78
48,0,48,False,19
380,0,380,False,32
419,0,419,False,76
284,0,284,False,12
625,0,625,False,84
80,0,80,False,21
332,0,332,False,42
307,0,307,False,14
591,0,591,False,95
51,0,51,False,16
476,0,476,False,64
201,0,201,False,3
313,0,313,False,20
566,0,566,False,86
735,0,735,False,260
271,0,271,False,27
864,0,864,False,70
566,0,566,False,68
327,0,327,False,34
133,0,133,False,1
752,0,752,False,204
773,0,773,False,278
243,0,243,False,15
449,0,449,False,18
261,0,261,False,32
49,0,49,False,11
683,0,683,False,110
178,0,178,False,5
36,0,36,False,13
138,0,138,False,0
264,0,264,False,22
213,0,213,False,9
461,0,461,False,34
666,0,666,False,93
732,0,732,False,121
57,0,57,False,13
702,0,702,False,124
386,0,386,False,49
371,0,371,False,126
669,0,669,False,182
676,0,676,False,91
231,0,231,False,12
264,0,264,False,8
1186,0,1186,False,278
40,0,40,False,0
1484,0,1484,False,443
654,0,654,False,134
735,0,735,False,98
551,0,551,False,44
528,0,528,False,90
787,0,787,False,140
1934,0,1934,False,909
405,0,405,False,12
66,0,66,False,17
300,0,300,False,17
137,0,137,False,0
304,0,304,False,12
177,0,177,False,7
987,0,987,False,130
335,0,335,False,22
520,0,520,False,85
949,0,949,False,67
642,0,642,False,86
238,0,238,False,17
578,0,578,False,241
232,0,232,False,6
1389,0,1389,False,381
1313,0,1313,False,291
675,0,675,False,88
347,0,347,False,27
262,0,262,False,32
424,0,424,False,78
1339,0,1339,False,333
325,0,325,False,22
308,0,308,False,35
61,0,61,False,17
402,0,402,False,9
881,1,880,True,489
327,0,327,False,35
74,0,74,False,20
438,0,438,False,62
53,0,53,False,10
926,0,926,False,88
273,0,273,False,28
2357,0,2357,False,592
413,0,413,False,12
140,0,140,False,4
563,0,563,False,104
737,0,737,False,98
1140,0,1140,False,193
77,0,77,False,13
97,0,97,False,37
377,0,377,False,70
400,0,400,False,104
226,0,226,False,12
155,0,155,False,66
1573,0,1573,False,394
1042,0,1042,False,90
68,0,68,False,0
99,0,99,False,35
136,0,136,False,0
1037,0,1037,False,95
1114,0,1114,False,471
463,0,463,False,56
653,0,653,False,105
1201,0,1201,False,271
513,0,513,False,45
1105,0,1105,False,395
180,0,180,False,4
290,0,290,False,32
635,0,635,False,106
1166,0,1166,False,116
747,0,747,False,257
201,0,201,False,3
318,0,318,False,20
444,0,444,False,47
45,0,45,False,14
321,0,321,False,69
1622,0,1622,False,284
1098,0,1098,False,228
251,0,251,False,31
454,0,454,False,21
686,0,686,False,81
327,0,327,False,19
133,0,133,False,41
278,0,278,False,14
2108,0,2108,False,774
143,0,143,False,0
341,0,341,False,27
51,0,51,False,15
69,0,69,False,1
2097,0,2097,False,668
227,0,227,False,21
460,0,460,False,23
659,0,659,False,62
1106,0,1106,False,394
367,0,367,False,45
921,0,921,False,112
167,0,167,False,1
306,0,306,False,6
525,0,525,False,81
605,0,605,False,116
34,0,34,False,0
41,0,41,False,0
300,0,300,False,38
58,0,58,False,0
717,0,717,False,110
473,0,473,False,59
623,0,623,False,75
1156,0,1156,False,194
636,0,636,False,239
459,0,459,False,33
31,0,31,False,0
47,0,47,False,10
422,0,422,False,71
130,0,130,False,47
861,0,861,False,263
708,0,708,False,102
87,0,87,False,24
363,0,363,False,7
148,0,148,False,3
1933,0,1933,False,552
303,0,303,False,9
221,0,221,False,7
377,0,377,False,35
475,0,475,False,52
276,0,276,False,35
873,0,873,False,145
81,0,81,False,25
473,0,473,False,60
48,0,48,False,17
287,0,287,False,28
309,0,309,False,37
210,0,210,False,10
397,0,397,False,103
852,0,852,False,320
692,0,692,False,123
436,0,436,False,15
330,0,330,False,39
450,0,450,False,52
1149,0,1149,False,195
1168,0,1168,False,343
1700,0,1700,False,485
740,0,740,False,258
68,0,68,False,13
988,0,988,False,132
126,0,126,False,11
328,0,328,False,27
1138,0,1138,False,182
258,0,258,False,13
979,0,979,False,252
761,0,761,False,274
668,0,668,False,264
706,0,706,False,183
441,0,441,False,91
344,0,344,False,7
141,0,141,False,0
46,0,46,False,15
272,0,272,False,3
1009,0,1009,False,125
171,0,171,False,1
553,0,553,False,66
840,1,839,True,459
189,0,189,False,11
204,0,204,False,4
947,0,947,False,108
686,0,686,False,110
1110,0,1110,False,367
948,0,948,False,240
325,0,325,False,40
129,0,129,False,1
761,0,761,False,169
532,0,532,False,72
385,0,385,False,55
545,0,545,False,176
1228,0,1228,False,215
161,0,161,False,4
373,0,373,False,12
1118,1,1117,True,625
702,0,702,False,94
219,0,219,False,28
815,0,815,False,147
1112,0,1112,False,488
270,0,270,False,31
684,0,684,False,121
79,0,79,False,25
270,0,270,False,53
296,0,296,False,43
499,0,499,False,93
453,0,453,False,193
602,0,602,False,82
464,0,464,False,46
583,0,583,False,140
1106,0,1106,False,388
283,0,283,False,37
272,0,272,False,15
858,0,858,False,264
142,0,142,False,0
137,0,137,False,4
176,0,176,False,9
554,0,554,False,91
1280,0,1280,False,525
152,0,152,False,4
251,0,251,False,40
292,0,292,False,39
961,0,961,False,117
241,0,241,False,9
847,0,847,False,76
1122,0,1122,False,370
248,0,248,False,10
1226,0,1226,False,291
355,0,355,False,21
1950,0,1950,False,608
175,0,175,False,7
503,0,503,False,48
550,0,550,False,93
1133,0,1133,False,93
460,0,460,False,56
1088,0,1088,False,95
121,0,121,False,3
432,0,432,False,58
618,0,618,False,75
729,0,729,False,255
268,0,268,False,9
1217,0,1217,False,120
530,0,530,False,58
453,0,453,False,54
796,0,796,False,141
1344,0,1344,False,314
2243,0,2243,False,975
1375,0,1375,False,618
60,0,60,False,17
450,0,450,False,69
559,0,559,False,70
41,0,41,False,9
463,0,463,False,27
724,0,724,False,114
480,0,480,False,50
1120,0,1120,False,81
309,0,309,False,28
771,0,771,False,305
1230,0,1230,False,105
319,0,319,False,35
180,0,180,False,5
245,0,245,False,57
230,1,229,True,157
552,0,552,False,66
366,0,366,False,25
766,0,766,False,279
529,0,529,False,67
229,0,229,False,12
823,0,823,False,138
720,0,720,False,286
296,0,296,False,43
45,0,45,False,12
626,0,626,False,74
430,0,430,False,38
754,0,754,False,128
154,0,154,False,3
242,0,242,False,20
498,0,498,False,51
125,0,125,False,1
2073,0,2073,False,1015
209,0,209,False,6
134,0,134,False,0
608,0,608,False,146
493,0,493,False,44
551,0,551,False,70
171,0,171,False,1
147,0,147,False,1
470,0,470,False,51
720,0,720,False,157
55,0,55,False,15
49,0,49,False,11
627,0,627,False,88
267,0,267,False,34
734,0,734,False,52
703,0,703,False,126
42,0,42,False,14
698,0,698,False,124
1076,0,1076,False,178
353,0,353,False,7
207,0,207,False,31
1053,0,1053,False,326
248,0,248,False,25
651,0,651,False,92
97,0,97,False,31
672,0,672,False,248
371,0,371,False,126
313,0,313,False,20
622,0,622,False,166
774,0,774,False,147
339,0,339,False,51
689,0,689,False,122
561,0,561,False,223
29,0,29,False,4
612,0,612,False,79
599,0,599,False,146
880,0,880,False,148
195,0,195,False,18
235,0,235,False,4
1129,0,1129,False,215
1002,0,1002,False,328
293,0,293,False,6
60,0,60,False,27
567,0,567,False,67
404,0,404,False,54
250,0,250,False,13
758,0,758,False,66
401,0,401,False,104
875,0,875,False,339
51,0,51,False,11
505,0,505,False,169
469,0,469,False,81
779,0,779,False,53
931,0,931,False,324
1320,0,1320,False,433
609,0,609,False,104
695,0,695,False,100
125,0,125,False,42
209,0,209,False,28
442,0,442,False,48
144,0,144,False,19
711,0,711,False,145
575,0,575,False,68
886,0,886,False,148
320,0,320,False,64
319,0,319,False,36
35,0,35,False,5
456,0,456,False,23
994,0,994,False,86
410,0,410,False,46
426,0,426,False,54
256,0,256,False,18
230,0,230,False,7
352,0,352,False,31
823,0,823,False,175
483,0,483,False,39
407,0,407,False,60
880,0,880,False,181
1128,0,1128,False,483
500,0,500,False,45
53,0,53,False,15
369,0,369,False,14
176,0,176,False,7
352,0,352,False,63
69,0,69,False,17
425,0,425,False,52
1678,0,1678,False,414
632,0,632,False,82
400,0,400,False,104
216,0,216,False,12
79,0,79,False,24
39,0,39,False,11
330,0,330,False,25
796,0,796,False,120
84,0,84,False,25
462,0,462,False,24
462,0,462,False,88
354,0,354,False,28
501,0,501,False,90
706,0,706,False,85
325,0,325,False,56
298,0,298,False,40
288,0,288,False,3
550,0,550,False,65
968,0,968,False,335
318,0,318,False,34
1105,0,1105,False,176
617,0,617,False,76
197,0,197,False,1
650,0,650,False,96
1098,0,1098,False,174
561,0,561,False,73
502,0,502,False,82
370,0,370,False,67
301,0,301,False,35
554,0,554,False,62
739,0,739,False,108
1066,0,1066,False,320
284,0,284,False,12
652,0,652,False,161
86,0,86,False,9
446,0,446,False,18
131,0,131,False,22
273,0,273,False,24
429,0,429,False,21
399,0,399,False,55
865,0,865,False,141
701,0,701,False,275
356,0,356,False,59
668,0,668,False,58
1228,0,1228,False,106
457,0,457,False,66
225,0,225,False,5
629,0,629,False,82
310,0,310,False,24
138,0,138,False,18
710,0,710,False,93
1062,0,1062,False,281
379,0,379,False,33
1177,0,1177,False,284
288,0,288,False,32
1169,0,1169,False,365
303,0,303,False,31
1006,0,1006,False,72
256,0,256,False,15
221,0,221,False,6
1142,0,1142,False,179
651,0,651,False,201
461,0,461,False,23
76,0,76,False,19
1036,0,1036,False,80
844,0,844,False,154
639,0,639,False,120
269,0,269,False,8
551,0,551,False,82
170,0,170,False,3
791,0,791,False,278
539,0,539,False,63
327,0,327,False,25
271,0,271,False,4
265,0,265,False,4
939,0,939,False,276
82,0,82,False,22
127,0,127,False,0
488,0,488,False,78
757,0,757,False,253
201,0,201,False,30
552,0,552,False,78
286,0,286,False,39
453,0,453,False,21
1209,0,1209,False,88
117,0,117,False,1
1108,0,1108,False,269
704,0,704,False,144
454,0,454,False,54
461,0,461,False,19
258,1,257,True,128
570,0,570,False,201
32,0,32,False,0
635,0,635,False,247
1108,0,1108,False,165
355,0,355,False,54
596,0,596,False,100
77,0,77,False,19
175,0,175,False,9
1130,0,1130,False,269
274,0,274,False,36
72,0,72,False,18
1510,0,1510,False,490
213,0,213,False,8
673,0,673,False,208
821,0,821,False,62
280,0,280,False,31
584,0,584,False,67
1110,0,1110,False,315
616,0,616,False,158
114,0,114,False,17
263,0,263,False,13
1765,0,1765,False,724
620,0,620,False,88
129,0,129,False,2
33,0,33,False,9
584,0,584,False,90
1157,0,1157,False,404
1000,0,1000,False,130
1865,0,1865,False,417
26,0,26,False,9
148,0,148,False,3
102,0,102,False,38
693,0,693,False,100
550,0,550,False,45
833,0,833,False,64
51,0,51,False,13
594,0,594,False,140
375,0,375,False,44
689,0,689,False,119
392,0,392,False,46
27,0,27,False,0
1379,0,1379,False,353
579,0,579,False,68
616,0,616,False,227
215,0,215,False,9
460,0,460,False,63
796,0,796,False,279
272,0,272,False,41
1418,0,1418,False,479
304,0,304,False,7
1287,0,1287,False,126
570,0,570,False,135
300,0,300,False,8
863,0,863,False,315
169,0,169,False,7
84,0,84,False,22
197,0,197,False,20
449,0,449,False,49
1068,0,1068,False,313
256,0,256,False,13
468,0,468,False,77
384,0,384,False,8
317,0,317,False,19
266,0,266,False,47
78,0,78,False,23
344,0,344,False,6
1198,0,1198,False,117
560,0,560,False,78
598,0,598,False,85
820,0,820,False,311
400,0,400,False,43
45,0,45,False,12
344,0,344,False,28
1055,0,1055,False,101
335,0,335,False,23
174,0,174,False,9
360,1,359,True,189
1188,0,1188,False,266
287,0,287,False,4
530,0,530,False,168
47,0,47,False,14
965,0,965,False,321
665,0,665,False,226
727,0,727,False,101
345,0,345,False,50
263,0,263,False,4
642,0,642,False,90
277,0,277,False,40
231,0,231,False,13
140,0,140,False,3
298,0,298,False,42
410,0,410,False,41
23,0,23,False,4
1130,0,1130,False,192
273,0,273,False,26
418,0,418,False,61
802,0,802,False,140
986,0,986,False,161
162,0,162,False,5
1537,0,1537,False,412
169,0,169,False,0
843,0,843,False,58
57,0,57,False,19
253,0,253,False,10
52,0,52,False,10
433,0,433,False,80
320,0,320,False,19
218,0,218,False,3
1021,0,1021,False,365
429,0,429,False,59
536,0,536,False,77
1036,0,1036,False,208
631,0,631,False,110
226,0,226,False,15
475,0,475,False,92
81,0,81,False,25
319,0,319,False,45
48,0,48,False,9
281,0,281,False,18
37,0,37,False,1
150,0,150,False,1
328,0,328,False,8
647,0,647,False,86
42,0,42,False,15
848,0,848,False,261
310,0,310,False,64
933,0,933,False,341
91,0,91,False,35
678,0,678,False,105
299,0,299,False,11
228,0,228,False,6
295,0,295,False,11
347,0,347,False,67
290,0,290,False,32
1011,0,1011,False,126
307,0,307,False,45
459,0,459,False,69
530,0,530,False,81
559,0,559,False,65
740,0,740,False,260
56,0,56,False,16
1150,0,1150,False,380
1007,0,1007,False,81
2284,0,2284,False,858
1156,0,1156,False,416
545,0,545,False,76
939,0,939,False,111
324,0,324,False,37
778,0,778,False,262
397,0,397,False,85
574,0,574,False,68
321,0,321,False,30
50,0,50,False,17
290,0,290,False,24
890,0,890,False,146
312,0,312,False,38
602,0,602,False,117
736,0,736,False,98
237,0,237,False,4
503,0,503,False,39
405,0,405,False,40
541,0,541,False,61
211,0,211,False,6
77,0,77,False,24
34,0,34,False,10
675,0,675,False,107
258,0,258,False,33
560,0,560,False,71
254,0,254,False,11
467,0,467,False,54
821,0,821,False,113
51,0,51,False,14
248,0,248,False,48
2046,0,2046,False,655
383,0,383,False,44
35,0,35,False,0
370,0,370,False,56
394,0,394,False,46
593,0,593,False,68
1058,0,1058,False,92
312,0,312,False,76
1286,0,1286,False,481
564,0,564,False,84
575,0,575,False,131
305,0,305,False,6
279,0,279,False,22
576,0,576,False,89
64,0,64,False,16
571,0,571,False,117
1121,0,1121,False,471
231,0,231,False,8
316,0,316,False,40
663,0,663,False,80
367,0,367,False,59
2344,0,2344,False,583
523,0,523,False,63
874,0,874,False,150
217,0,217,False,7
659,0,659,False,88
226,0,226,False,5
650,0,650,False,81
674,0,674,False,259
583,0,583,False,144
221,0,221,False,9
595,0,595,False,94
72,0,72,False,18
1108,0,1108,False,385
174,0,174,False,0
216,0,216,False,0
390,0,390,False,50
452,0,452,False,24
261,0,261,False,10
598,0,598,False,56
727,0,727,False,98
308,0,308,False,47
201,0,201,False,16
423,0,423,False,192
462,0,462,False,69
1193,0,1193,False,119
256,0,256,False,13
1351,0,1351,False,335
968,0,968,False,125
737,0,737,False,140
105,0,105,False,22
603,0,603,False,217
384,0,384,False,25
101,0,101,False,43
624,0,624,False,90
392,0,392,False,43
80,0,80,False,24
251,0,251,False,12
310,0,310,False,36
509,0,509,False,70
694,0,694,False,103
455,0,455,False,193
283,0,283,False,17
236,0,236,False,10
298,0,298,False,9
734,0,734,False,112
736,0,736,False,96
93,0,93,False,32
239,0,239,False,20
821,0,821,False,216
317,0,317,False,41
274,0,274,False,4
752,0,752,False,106
1184,0,1184,False,90
1149,0,1149,False,198
885,0,885,False,185
72,0,72,False,12
1344,0,1344,False,353
336,0,336,False,21
960,0,960,False,321
689,0,689,False,121
689,0,689,False,99
403,0,403,False,58
404,0,404,False,12
218,0,218,False,33
699,0,699,False,157
432,0,432,False,49
665,0,665,False,258
258,0,258,False,13
696,0,696,False,123
895,0,895,False,152
979,0,979,False,88
873,0,873,False,75
505,0,505,False,62
96,0,96,False,11
174,0,174,False,32
464,0,464,False,90
260,0,260,False,16
377,0,377,False,32
67,0,67,False,17
865,0,865,False,322
410,0,410,False,50
579,0,579,False,136
724,0,724,False,203
470,0,470,False,128
153,0,153,False,6
35,0,35,False,11
959,0,959,False,337
215,0,215,False,2
78,0,78,False,25
983,0,983,False,346
353,0,353,False,36
376,0,376,False,11
364,0,364,False,10
210,0,210,False,35
1009,0,1009,False,306
504,0,504,False,46
414,0,414,False,71
694,0,694,False,99
578,0,578,False,199
718,0,718,False,93
258,0,258,False,33
293,0,293,False,32
521,0,521,False,63
346,0,346,False,29
673,0,673,False,88
468,0,468,False,93
259,0,259,False,15
723,0,723,False,199
141,0,141,False,4
396,0,396,False,104
499,0,499,False,56
398,0,398,False,47
323,0,323,False,6
229,0,229,False,26
217,0,217,False,2
524,0,524,False,75
67,0,67,False,18
201,0,201,False,3
343,0,343,False,23
264,0,264,False,20
345,0,345,False,28
744,0,744,False,61
160,0,160,False,4
1110,0,1110,False,119
695,0,695,False,257
571,0,571,False,43
1001,0,1001,False,92
1054,0,1054,False,102
223,0,223,False,20
526,0,526,False,169
1468,0,1468,False,626
463,0,463,False,130
338,0,338,False,44
421,0,421,False,15
849,0,849,False,258
543,0,543,False,83
640,0,640,False,85
123,0,123,False,2
163,0,163,False,1
103,0,103,False,6
1156,0,1156,False,382
549,0,549,False,62
336,0,336,False,69
39,0,39,False,13
1168,0,1168,False,500
961,0,961,False,120
534,0,534,False,44
714,0,714,False,210
546,0,546,False,67
278,0,278,False,11
664,0,664,False,90
1542,2,1540,True,1097
658,0,658,False,105
302,0,302,False,31
42,0,42,False,12
1045,0,1045,False,70
92,0,92,False,33
280,0,280,False,3
66,0,66,False,3
539,0,539,False,215
274,0,274,False,38
603,0,603,False,102
503,0,503,False,51
209,0,209,False,3
324,0,324,False,20
84,0,84,False,31
714,0,714,False,85
471,0,471,False,63
274,0,274,False,29
1021,0,1021,False,250
282,0,282,False,4
1022,0,1022,False,120
158,0,158,False,4
590,0,590,False,73
437,0,437,False,53
336,0,336,False,33
700,0,700,False,181
600,0,600,False,91
86,0,86,False,8
227,0,227,False,1
421,0,421,False,37
544,0,544,False,66
458,0,458,False,77
944,0,944,False,359
336,0,336,False,50
953,0,953,False,91
623,0,623,False,231
988,0,988,False,88
338,0,338,False,42
120,0,120,False,1
292,0,292,False,30
325,0,325,False,15
473,0,473,False,63
749,0,749,False,257
415,0,415,False,18
210,0,210,False,3
530,0,530,False,81
714,0,714,False,133
973,0,973,False,73
797,0,797,False,239
1086,0,1086,False,130
78,0,78,False,25
610,0,610,False,137
691,0,691,False,184
1171,0,1171,False,345
1048,0,1048,False,85
954,0,954,False,118
1049,0,1049,False,214
511,0,511,False,82
324,0,324,False,9
70,0,70,False,25
299,0,299,False,32
230,0,230,False,21
178,0,178,False,4
376,0,376,False,34
1060,0,1060,False,381
1413,0,1413,False,601
517,0,517,False,58
261,0,261,False,55
177,0,177,False,16
541,0,541,False,84
626,0,626,False,81
428,0,428,False,57
774,0,774,False,107
697,0,697,False,97
463,0,463,False,25
483,0,483,False,57
658,0,658,False,98
1094,0,1094,False,178
463,0,463,False,57
607,0,607,False,239
459,0,459,False,24
281,0,281,False,11
278,0,278,False,8
175,0,175,False,0
345,0,345,False,9
134,0,134,False,7
1030,0,1030,False,96
264,0,264,False,10
758,0,758,False,273
360,0,360,False,22
541,0,541,False,79
604,0,604,False,83
469,0,469,False,80
235,0,235,False,11
154,0,154,False,3
176,0,176,False,15
321,0,321,False,42
312,0,312,False,18
997,0,997,False,69
48,0,48,False,10
1405,0,1405,False,347
936,0,936,False,112
299,0,299,False,43
651,0,651,False,164
444,0,444,False,58
442,0,442,False,58
46,0,46,False,14
78,0,78,False,25
555,0,555,False,76
474,0,474,False,81
612,0,612,False,85
229,0,229,False,9
572,0,572,False,79
112,0,112,False,1
1423,0,1423,False,413
722,0,722,False,75
1088,0,1088,False,270
1089,0,1089,False,518
255,0,255,False,10
183,0,183,False,2
911,0,911,False,452
326,0,326,False,38
648,0,648,False,173
453,0,453,False,24
233,0,233,False,10
589,0,589,False,137
307,0,307,False,30
927,0,927,False,298
310,0,310,False,37
517,0,517,False,47
1010,0,1010,False,95
261,0,261,False,7
517,0,517,False,94
58,0,58,False,13
135,0,135,False,0
303,0,303,False,43
684,0,684,False,158
766,0,766,False,209
719,0,719,False,244
468,0,468,False,81
313,0,313,False,37
47,0,47,False,0
338,0,338,False,28
343,0,343,False,54
392,0,392,False,43
503,0,503,False,133
78,0,78,False,24
803,0,803,False,115
893,0,893,False,104
698,0,698,False,100
557,0,557,False,89
472,0,472,False,80
592,0,592,False,135
698,0,698,False,98
305,0,305,False,71
814,0,814,False,297
161,0,161,False,4
742,0,742,False,68
496,0,496,False,89
242,0,242,False,9
939,0,939,False,340
432,0,432,False,56
463,0,463,False,64
732,0,732,False,101
724,0,724,False,231
84,0,84,False,29
456,0,456,False,56
788,0,788,False,105
633,0,633,False,83
417,0,417,False,43
55,0,55,False,16
904,0,904,False,339
607,0,607,False,145
227,0,227,False,5
467,0,467,False,33
361,0,361,False,7
694,0,694,False,80
837,0,837,False,59
413,0,413,False,49
1270,0,1270,False,110
631,0,631,False,130
256,0,256,False,13
559,0,559,False,65
930,0,930,False,77
93,0,93,False,31
79,0,79,False,19
212,0,212,False,8
1120,0,1120,False,132
550,0,550,False,69
206,0,206,False,2
488,0,488,False,64
564,0,564,False,90
48,0,48,False,10
58,0,58,False,20
394,0,394,False,39
838,0,838,False,132
791,0,791,False,233
233,0,233,False,10
399,0,399,False,54
1054,0,1054,False,96
398,0,398,False,54
579,0,579,False,91
231,0,231,False,12
880,0,880,False,76
335,0,335,False,42
654,0,654,False,109
202,0,202,False,1
173,0,173,False,0
393,0,393,False,18
194,0,194,False,16
1160,0,1160,False,389
710,0,710,False,178
228,0,228,False,1
311,0,311,False,12
657,0,657,False,90
2484,0,2484,False,1601
557,0,557,False,66
267,0,267,False,10
276,0,276,False,37
720,0,720,False,282
500,0,500,False,41
356,0,356,False,39
999,0,999,False,317
485,0,485,False,210
1812,0,1812,False,739
990,0,990,False,127
636,0,636,False,82
648,0,648,False,77
1327,0,1327,False,430
243,0,243,False,5
47,0,47,False,12
243,0,243,False,119
301,0,301,False,40
1426,1,1425,True,824
525,0,525,False,81
266,0,266,False,14
593,0,593,False,114
743,0,743,False,207
161,0,161,False,21
290,0,290,False,11
404,0,404,False,52
718,0,718,False,96
322,0,322,False,55
976,0,976,False,343
479,0,479,False,61
385,0,385,False,39
718,0,718,False,122
2308,0,2308,False,551
217,0,217,False,14
554,0,554,False,68
145,0,145,False,50
93,0,93,False,22
221,0,221,False,2
366,0,366,False,59
224,0,224,False,32
889,0,889,False,78
313,0,313,False,36
366,0,366,False,62
1660,0,1660,False,517
293,0,293,False,7
230,0,230,False,9
347,0,347,False,103
172,0,172,False,0
569,0,569,False,70
680,0,680,False,108
328,0,328,False,40
740,0,740,False,287
720,0,720,False,231
996,0,996,False,111
460,0,460,False,22
540,0,540,False,77
758,0,758,False,144
169,0,169,False,1
337,0,337,False,25
230,0,230,False,10
765,0,765,False,283
47,0,47,False,16
75,0,75,False,15
551,0,551,False,64
727,0,727,False,287
571,0,571,False,82
807,0,807,False,83
861,0,861,False,62
777,0,777,False,313
399,0,399,False,48
598,0,598,False,144
606,0,606,False,81
1188,0,1188,False,82
241,0,241,False,7
366,0,366,False,126
45,0,45,False,9
56,0,56,False,13
528,0,528,False,67
169,0,169,False,7
578,0,578,False,73
351,0,351,False,39
1039,0,1039,False,95
1120,0,1120,False,470
386,0,386,False,103
389,0,389,False,81
584,0,584,False,202
399,0,399,False,44
397,0,397,False,81
1757,0,1757,False,644
1157,0,1157,False,387
359,0,359,False,11
74,0,74,False,20
641,0,641,False,168
593,0,593,False,136
310,0,310,False,26
600,0,600,False,75
1475,0,1475,False,347
1269,0,1269,False,106
506,0,506,False,28
319,0,319,False,0
299,0,299,False,34
222,0,222,False,29
612,0,612,False,227
635,0,635,False,93
464,0,464,False,25
2093,0,2093,False,585
392,0,392,False,55
555,0,555,False,66
56,0,56,False,12
854,0,854,False,85
262,0,262,False,13
346,0,346,False,39
394,0,394,False,34
406,0,406,False,49
403,0,403,False,12
650,0,650,False,170
76,0,76,False,21
72,0,72,False,18
351,0,351,False,60
72,0,72,False,4
13,0,13,False,0
33,0,33,False,7
40,0,40,False,9
286,0,286,False,59
1151,0,1151,False,197
499,0,499,False,58
532,0,532,False,78
366,0,366,False,47
776,0,776,False,142
571,0,571,False,63
826,0,826,False,80
1040,0,1040,False,83
307,0,307,False,36
642,0,642,False,91
281,0,281,False,3
121,0,121,False,3
1157,0,1157,False,81
126,0,126,False,0
1021,0,1021,False,96
192,0,192,False,2
1396,0,1396,False,361
1106,0,1106,False,394
914,0,914,False,75
68,0,68,False,20
694,0,694,False,112
269,0,269,False,31
569,0,569,False,88
51,0,51,False,14
230,0,230,False,4
552,1,551,True,289
375,0,375,False,32
1056,0,1056,False,306
557,0,557,False,46
421,0,421,False,42
459,0,459,False,56
139,0,139,False,4
720,0,720,False,231
1158,0,1158,False,337
162,0,162,False,27
395,0,395,False,104
198,0,198,False,5
326,0,326,False,12
1084,0,1084,False,270
621,0,621,False,181
393,0,393,False,42
708,0,708,False,119
1148,0,1148,False,304
408,0,408,False,13
49,0,49,False,16
678,0,678,False,122
414,0,414,False,16
572,0,572,False,160
296,0,296,False,41
552,0,552,False,80
69,0,69,False,18
44,0,44,False,18
173,0,173,False,9
332,0,332,False,33
81,0,81,False,24
1303,0,1303,False,325
45,0,45,False,11
138,0,138,False,3
330,0,330,False,9
306,0,306,False,19
37,0,37,False,12
68,0,68,False,17
1164,0,1164,False,258
223,0,223,False,16
571,0,571,False,81
1230,0,1230,False,255
404,0,404,False,53
232,0,232,False,1
707,0,707,False,148
396,0,396,False,102
806,0,806,False,44
225,0,225,False,34
491,0,491,False,31
604,0,604,False,82
146,0,146,False,0
969,0,969,False,203
298,0,298,False,13
455,0,455,False,22
376,0,376,False,54
714,0,714,False,120
384,0,384,False,54
917,0,917,False,155
664,0,664,False,156
596,0,596,False,84
697,0,697,False,78
1160,0,1160,False,338
73,0,73,False,34
277,0,277,False,8
165,0,165,False,1
337,0,337,False,24
681,0,681,False,153
61,0,61,False,16
895,0,895,False,80
602,0,602,False,147
171,0,171,False,0
77,0,77,False,18
30,0,30,False,6
997,0,997,False,323
45,0,45,False,14
642,0,642,False,85
728,0,728,False,110
283,0,283,False,14
1703,0,1703,False,480
800,0,800,False,130
398,0,398,False,76
44,0,44,False,12
885,0,885,False,316
728,0,728,False,98
582,0,582,False,83
256,0,256,False,14
175,0,175,False,7
327,0,327,False,186
652,0,652,False,135
428,0,428,False,52
694,0,694,False,123
726,0,726,False,116
725,0,725,False,192
1131,0,1131,False,103
48,0,48,False,17
366,0,366,False,12
789,0,789,False,236
1155,0,1155,False,387
405,0,405,False,49
1020,0,1020,False,240
660,0,660,False,86
545,0,545,False,84
398,0,398,False,46
307,0,307,False,19
354,0,354,False,7
320,0,320,False,40
58,0,58,False,17
809,0,809,False,180
65,0,65,False,29
93,0,93,False,30
267,0,267,False,44
235,0,235,False,31
550,0,550,False,72
168,0,168,False,1
911,0,911,False,322
43,0,43,False,12
230,0,230,False,2
773,0,773,False,121
291,0,291,False,48
760,0,760,False,257
438,0,438,False,18
1024,0,1024,False,85
32,0,32,False,8
1177,0,1177,False,76
997,0,997,False,126
1128,0,1128,False,324
787,0,787,False,135
272,0,272,False,29
39,0,39,False,13
82,0,82,False,31
214,0,214,False,2
453,0,453,False,47
409,0,409,False,11
644,0,644,False,87
664,0,664,False,172
578,0,578,False,136
691,0,691,False,79
828,0,828,False,222
435,0,435,False,54
49,0,49,False,12
83,0,83,False,24
262,1,261,True,131
1086,0,1086,False,112
67,0,67,False,26
334,0,334,False,34
353,0,353,False,38
1156,0,1156,False,79
280,0,280,False,5
436,0,436,False,88
861,0,861,False,325
725,0,725,False,98
690,0,690,False,120
231,0,231,False,22
81,0,81,False,24
1101,0,1101,False,228
1106,0,1106,False,392
520,0,520,False,54
52,0,52,False,16
120,0,120,False,3
251,0,251,False,29
237,0,237,False,7
1034,0,1034,False,86
850,0,850,False,63
1128,0,1128,False,483
874,0,874,False,215
84,0,84,False,9
1795,0,1795,False,543
744,0,744,False,255
564,0,564,False,49
304,0,304,False,20
177,0,177,False,7
213,0,213,False,0
1238,0,1238,False,107
731,0,731,False,125
2152,1,2151,True,1250
333,0,333,False,43
67,0,67,False,20
437,0,437,False,37
726,0,726,False,232
106,0,106,False,6
357,0,357,False,7
138,0,138,False,3
701,0,701,False,102
278,0,278,False,37
410,0,410,False,50
815,0,815,False,134
400,0,400,False,53
288,0,288,False,44
527,0,527,False,57
902,0,902,False,246
1191,0,1191,False,116
580,0,580,False,71
300,0,300,False,41
1424,0,1424,False,341
83,0,83,False,22
302,0,302,False,34
55,0,55,False,19
325,0,325,False,41
176,0,176,False,4
94,0,94,False,12
526,0,526,False,113
547,0,547,False,59
638,0,638,False,89
460,0,460,False,94
56,0,56,False,1
209,0,209,False,3
402,0,402,False,27
304,0,304,False,13
74,0,74,False,1
550,0,550,False,72
470,0,470,False,78
524,0,524,False,83
459,0,459,False,77
594,0,594,False,62
595,0,595,False,76
374,0,374,False,13
570,0,570,False,65
550,0,550,False,67
391,0,391,False,48
554,0,554,False,71
333,0,333,False,17
1218,0,1218,False,95
1567,0,1567,False,654
238,0,238,False,5
297,0,297,False,32
625,0,625,False,93
853,0,853,False,149
59,0,59,False,15
480,0,480,False,73
78,0,78,False,6
82,0,82,False,22
289,0,289,False,21
115,0,115,False,0
472,0,472,False,28
457,0,457,False,68
73,0,73,False,14
368,0,368,False,11
695,0,695,False,102
718,0,718,False,96
913,0,913,False,191
387,0,387,False,27
835,0,835,False,166
176,0,176,False,8
602,0,602,False,116
802,1,801,True,440
293,0,293,False,20
261,0,261,False,14
579,0,579,False,202
84,0,84,False,21
46,0,46,False,15
312,0,312,False,36
669,0,669,False,71
358,0,358,False,29
295,0,295,False,26
525,0,525,False,38
744,0,744,False,88
681,0,681,False,177
511,0,511,False,117
695,0,695,False,179
599,0,599,False,144
562,0,562,False,74
305,0,305,False,7
369,0,369,False,54
1304,0,1304,False,496
349,0,349,False,23
1261,0,1261,False,277
92,0,92,False,32
145,0,145,False,4
275,0,275,False,100
678,1,677,True,386
640,0,640,False,168
667,0,667,False,91
610,0,610,False,79
452,0,452,False,25
2022,0,2022,False,964
224,0,224,False,15
658,0,658,False,120
713,0,713,False,117
1096,0,1096,False,241
522,0,522,False,143
390,0,390,False,103
717,0,717,False,110
849,0,849,False,134
213,0,213,False,5
265,0,265,False,19
599,0,599,False,137
109,0,109,False,2
1019,0,1019,False,136
197,0,197,False,3
219,0,219,False,2
991,0,991,False,257
44,0,44,False,14
931,0,931,False,314
740,0,740,False,254
634,0,634,False,77
454,0,454,False,56
86,0,86,False,24
141,0,141,False,69
921,0,921,False,104
297,0,297,False,26
722,0,722,False,287
216,0,216,False,30
875,0,875,False,64
1117,0,1117,False,476
75,0,75,False,17
244,0,244,False,5
296,0,296,False,9
56,0,56,False,15
435,0,435,False,82
227,0,227,False,5
549,0,549,False,90
229,0,229,False,12
547,0,547,False,65
1644,0,1644,False,534
475,0,475,False,64
839,0,839,False,190
179,0,179,False,16
271,0,271,False,4
705,0,705,False,142
1007,0,1007,False,255
468,0,468,False,55
276,0,276,False,15
263,0,263,False,32
1521,0,1521,False,359
275,0,275,False,38
419,0,419,False,51
331,0,331,False,36
504,0,504,False,42
435,0,435,False,54
649,0,649,False,98
612,0,612,False,86
972,0,972,False,336
182,0,182,False,2
1409,1,1408,True,830
305,0,305,False,14
57,0,57,False,14
669,0,669,False,79
707,0,707,False,147
2382,0,2382,False,1593
693,0,693,False,114
234,0,234,False,12
573,0,573,False,135
591,0,591,False,207
1290,0,1290,False,136
647,0,647,False,74
41,0,41,False,12
46,0,46,False,15
1467,0,1467,False,592
322,0,322,False,63
388,0,388,False,53
306,0,306,False,34
2214,0,2214,False,588
261,0,261,False,38
48,0,48,False,9
584,0,584,False,136
269,0,269,False,4
140,0,140,False,19
364,0,364,False,7
84,0,84,False,23
866,0,866,False,180
200,0,200,False,1
691,0,691,False,115
418,0,418,False,45
184,0,184,False,2
1329,0,1329,False,362
398,0,398,False,46
624,0,624,False,121
772,0,772,False,58
1152,0,1152,False,486
278,0,278,False,25
47,0,47,False,12
379,0,379,False,51
1692,0,1692,False,567
221,0,221,False,6
562,0,562,False,79
554,0,554,False,58
237,0,237,False,19
313,0,313,False,39
471,0,471,False,81
1165,0,1165,False,312
229,0,229,False,6
628,0,628,False,104
692,0,692,False,81
701,0,701,False,100
1156,0,1156,False,420
50,0,50,False,15
46,0,46,False,14
263,0,263,False,30
32,0,32,False,0
786,0,786,False,134
475,0,475,False,57
314,0,314,False,33
207,0,207,False,12
563,0,563,False,81
961,0,961,False,156
47,0,47,False,13
698,0,698,False,103
67,0,67,False,14
783,0,783,False,111
483,0,483,False,77
44,0,44,False,11
695,0,695,False,121
148,0,148,False,59
166,0,166,False,5
390,0,390,False,47
620,0,620,False,182
271,0,271,False,11
236,0,236,False,9
599,0,599,False,235
1140,0,1140,False,321
127,0,127,False,56
370,0,370,False,40
542,0,542,False,75
957,0,957,False,275
355,0,355,False,55
85,0,85,False,24
271,0,271,False,17
49,0,49,False,12
386,0,386,False,49
518,0,518,False,77
553,0,553,False,50
173,0,173,False,8
332,0,332,False,18
1129,0,1129,False,100
311,0,311,False,38
733,0,733,False,253
272,0,272,False,3
325,0,325,False,31
194,0,194,False,2
1409,0,1409,False,381
38,0,38,False,15
46,0,46,False,18
239,0,239,False,5
428,0,428,False,16
203,0,203,False,8
1237,0,1237,False,284
998,0,998,False,326
74,0,74,False,20
424,0,424,False,44
1159,0,1159,False,389
626,0,626,False,90
268,0,268,False,3
824,0,824,False,196
209,0,209,False,2
2005,0,2005,False,875
155,0,155,False,36
1657,0,1657,False,421
804,0,804,False,78
2296,0,2296,False,550
308,0,308,False,21
77,0,77,False,17
238,0,238,False,4
80,0,80,False,1
390,0,390,False,50
735,0,735,False,200
638,0,638,False,72
277,0,277,False,44
340,0,340,False,26
702,1,701,True,386
1316,0,1316,False,525
513,0,513,False,52
405,0,405,False,32
1367,0,1367,False,337
304,0,304,False,13
542,0,542,False,81
681,0,681,False,54
390,0,390,False,51
647,0,647,False,170
374,0,374,False,48
908,0,908,False,76
295,0,295,False,27
532,0,532,False,40
78,0,78,False,23
279,0,279,False,31
578,0,578,False,85
355,0,355,False,34
269,0,269,False,3
704,0,704,False,126
698,0,698,False,116
730,0,730,False,148
210,0,210,False,2
1516,0,1516,False,359
327,0,327,False,127
396,0,396,False,30
549,0,549,False,45
365,0,365,False,10
1049,0,1049,False,90
206,0,206,False,2
541,0,541,False,70
322,0,322,False,34
538,0,538,False,95
1073,0,1073,False,99
1104,0,1104,False,215
981,0,981,False,80
501,0,501,False,57
1060,0,1060,False,370
647,0,647,False,100
668,0,668,False,86
520,0,520,False,88
306,0,306,False,34
691,0,691,False,62
615,0,615,False,137
657,0,657,False,96
214,0,214,False,13
329,0,329,False,24
72,0,72,False,22
669,0,669,False,92
881,0,881,False,182
586,0,586,False,53
398,0,398,False,103
568,0,568,False,89
423,0,423,False,46
595,0,595,False,73
448,0,448,False,63
980,0,980,False,335
2181,0,2181,False,470
120,0,120,False,2
455,0,455,False,75
613,0,613,False,97
1360,0,1360,False,346
271,0,271,False,6
810,0,810,False,143
516,0,516,False,82
427,0,427,False,76
811,0,811,False,47
965,0,965,False,237
250,0,250,False,15
1016,0,1016,False,294
140,0,140,False,0
96,0,96,False,52
490,0,490,False,118
855,0,855,False,261
237,0,237,False,6
404,0,404,False,31
678,0,678,False,83
562,0,562,False,69
59,0,59,False,21
946,0,946,False,106
571,0,571,False,115
586,0,586,False,91
359,0,359,False,7
611,0,611,False,103
598,0,598,False,84
341,0,341,False,9
284,0,284,False,7
1199,0,1199,False,412
633,0,633,False,113
147,0,147,False,54
571,0,571,False,93
731,0,731,False,109
57,0,57,False,13
77,0,77,False,22
628,0,628,False,130
161,0,161,False,0
542,0,542,False,58
519,0,519,False,70
1073,0,1073,False,86
459,0,459,False,71
222,0,222,False,29
294,0,294,False,46
758,0,758,False,319
506,1,505,True,264
112,0,112,False,2
643,0,643,False,130
1095,0,1095,False,266
331,0,331,False,38
136,0,136,False,6
663,0,663,False,91
725,0,725,False,53
518,0,518,False,83
259,0,259,False,10
156,0,156,False,57
475,0,475,False,31
75,0,75,False,20
651,0,651,False,245
546,0,546,False,100
718,0,718,False,264
244,0,244,False,5
386,0,386,False,71
419,0,419,False,46
1312,0,1312,False,332
478,0,478,False,25
982,0,982,False,326
537,0,537,False,93
274,0,274,False,18
2371,0,2371,False,1132
1013,0,1013,False,222
1060,0,1060,False,357
326,0,326,False,9
728,0,728,False,111
942,0,942,False,302
77,0,77,False,20
207,0,207,False,2
358,0,358,False,30
332,0,332,False,45
465,0,465,False,24
692,0,692,False,121
226,0,226,False,4
40,0,40,False,11
472,0,472,False,31
353,0,353,False,35
156,0,156,False,5
375,0,375,False,38
198,0,198,False,3
481,0,481,False,73
235,0,235,False,31
316,0,316,False,28
391,0,391,False,38
998,0,998,False,324
645,0,645,False,103
231,0,231,False,9
1198,0,1198,False,354
468,0,468,False,59
668,0,668,False,82
603,0,603,False,239
217,0,217,False,98
269,0,269,False,22
799,0,799,False,272
598,0,598,False,56
1222,0,1222,False,103
422,0,422,False,46
289,0,289,False,32
976,0,976,False,90
230,0,230,False,21
443,0,443,False,23
350,0,350,False,40
662,0,662,False,93
582,0,582,False,144
77,0,77,False,21
377,0,377,False,28
524,0,524,False,66
396,0,396,False,26
259,0,259,False,4
363,0,363,False,9
332,0,332,False,57
349,0,349,False,47
100,0,100,False,31
770,0,770,False,303
293,0,293,False,30
568,0,568,False,147
305,0,305,False,35
804,0,804,False,132
76,0,76,False,19
285,0,285,False,29
811,0,811,False,138
1467,0,1467,False,499
1164,0,1164,False,383
912,0,912,False,155
768,0,768,False,305
620,0,620,False,89
47,0,47,False,15
209,0,209,False,8
481,0,481,False,20
460,0,460,False,58
308,0,308,False,32
1287,0,1287,False,312
275,0,275,False,26
1027,0,1027,False,251
653,0,653,False,102
49,0,49,False,14
271,0,271,False,42
573,0,573,False,51
202,0,202,False,5
783,0,783,False,139
94,0,94,False,15
1183,0,1183,False,237
763,0,763,False,284
406,0,406,False,61
897,0,897,False,79
131,0,131,False,13
92,0,92,False,33
1505,0,1505,False,406
73,0,73,False,22
487,0,487,False,23
221,0,221,False,2
90,0,90,False,31
745,0,745,False,262
430,0,430,False,59
1739,0,1739,False,495
439,0,439,False,38
1060,0,1060,False,56
210,0,210,False,7
557,0,557,False,127
139,0,139,False,1
398,0,398,False,52
565,0,565,False,59
601,0,601,False,136
389,0,389,False,46
543,0,543,False,60
618,0,618,False,92
552,0,552,False,179
366,0,366,False,30
782,1,781,True,441
590,0,590,False,56
838,0,838,False,80
307,0,307,False,38
300,0,300,False,32
1031,0,1031,False,351
750,0,750,False,157
282,0,282,False,22
41,0,41,False,13
820,0,820,False,116
68,0,68,False,15
813,0,813,False,46
410,0,410,False,59
633,0,633,False,105
155,0,155,False,6
1060,0,1060,False,95
1311,0,1311,False,591
393,0,393,False,53
579,0,579,False,136
353,0,353,False,12
723,0,723,False,282
582,0,582,False,79
401,0,401,False,36
345,0,345,False,41
624,0,624,False,69
1392,0,1392,False,435
1499,0,1499,False,322
311,0,311,False,11
430,0,430,False,55
957,0,957,False,323
468,0,468,False,57
1122,0,1122,False,322
1055,0,1055,False,372
157,0,157,False,7
398,0,398,False,43
308,0,308,False,34
191,0,191,False,1
724,0,724,False,186
405,0,405,False,11
183,0,183,False,32
943,0,943,False,110
936,0,936,False,182
36,0,36,False,11
1485,0,1485,False,493
188,0,188,False,2
300,0,300,False,27
32,0,32,False,10
581,0,581,False,66
146,0,146,False,3
217,0,217,False,36
126,0,126,False,13
220,0,220,False,5
461,0,461,False,56
315,0,315,False,39
1028,0,1028,False,113
548,0,548,False,62
473,0,473,False,64
462,0,462,False,24
330,0,330,False,37
45,0,45,False,12
132,0,132,False,26
44,0,44,False,18
602,0,602,False,74
399,0,399,False,86
151,0,151,False,0
536,0,536,False,91
326,0,326,False,5
563,0,563,False,86
326,0,326,False,8
903,0,903,False,347
608,0,608,False,138
199,0,199,False,1
431,0,431,False,28
330,0,330,False,42
527,0,527,False,57
309,0,309,False,35
389,0,389,False,52
119,0,119,False,2
213,0,213,False,4
1279,0,1279,False,288
1168,0,1168,False,430
569,0,569,False,196
623,0,623,False,123
351,1,350,True,174
318,0,318,False,7
619,0,619,False,74
273,0,273,False,41
1013,0,1013,False,84
237,0,237,False,6
72,0,72,False,4
219,0,219,False,17
104,0,104,False,40
244,0,244,False,5
413,0,413,False,49
781,0,781,False,139
273,0,273,False,25
228,0,228,False,8
2390,0,2390,False,1601
582,0,582,False,53
276,0,276,False,31
650,0,650,False,90
690,0,690,False,120
376,0,376,False,40
278,0,278,False,29
270,0,270,False,31
87,0,87,False,31
692,0,692,False,122
47,0,47,False,13
1151,0,1151,False,187
1488,0,1488,False,636
139,0,139,False,4
888,0,888,False,76
351,0,351,False,41
1221,0,1221,False,120
355,0,355,False,36
1206,0,1206,False,488
407,0,407,False,32
1160,0,1160,False,343
64,0,64,False,0
209,0,209,False,23
683,0,683,False,142
791,0,791,False,288
460,0,460,False,66
464,0,464,False,27
644,0,644,False,103
398,0,398,False,43
465,0,465,False,47
265,0,265,False,4
766,0,766,False,256
252,0,252,False,25
753,0,753,False,105
284,0,284,False,21
431,0,431,False,17
1104,0,1104,False,385
363,0,363,False,9
83,0,83,False,13
237,0,237,False,14
622,0,622,False,183
1322,0,1322,False,428
271,0,271,False,14
579,0,579,False,89
48,0,48,False,10
201,0,201,False,2
1159,0,1159,False,301
394,0,394,False,11
809,0,809,False,107
390,0,390,False,51
224,0,224,False,2
436,0,436,False,73
798,0,798,False,114
544,0,544,False,134
234,0,234,False,14
682,0,682,False,79
289,0,289,False,11
917,0,917,False,102
1178,0,1178,False,101
637,0,637,False,95
816,0,816,False,119
303,0,303,False,11
83,0,83,False,21
427,0,427,False,52
659,0,659,False,100
283,0,283,False,27
244,0,244,False,13
290,0,290,False,24
696,0,696,False,120
282,0,282,False,4
378,0,378,False,31
185,0,185,False,2
723,0,723,False,113
366,0,366,False,29
425,0,425,False,142
889,0,889,False,82
1037,0,1037,False,368
780,0,780,False,136
555,0,555,False,124
118,0,118,False,3
274,0,274,False,3
668,0,668,False,112
119,0,119,False,25
175,0,175,False,10
363,0,363,False,125
917,0,917,False,100
63,0,63,False,17
158,0,158,False,55
263,0,263,False,25
1228,0,1228,False,91
705,0,705,False,180
491,0,491,False,58
80,0,80,False,18
197,0,197,False,2
1681,0,1681,False,467
912,0,912,False,305
240,0,240,False,5
504,0,504,False,110
193,0,193,False,2
357,0,357,False,9
781,0,781,False,281
366,0,366,False,21
1115,0,1115,False,478
286,0,286,False,11
125,0,125,False,0
339,0,339,False,33
408,0,408,False,12
1081,0,1081,False,208
1279,0,1279,False,449
683,0,683,False,77
401,0,401,False,47
754,0,754,False,252
176,0,176,False,3
309,0,309,False,18
937,0,937,False,105
481,0,481,False,66
352,0,352,False,7
952,0,952,False,111
549,0,549,False,81
359,0,359,False,10
758,0,758,False,153
1740,0,1740,False,464
1056,0,1056,False,315
941,0,941,False,80
309,0,309,False,62
286,0,286,False,12
444,0,444,False,59
343,0,343,False,23
384,0,384,False,50
1049,0,1049,False,87
282,0,282,False,18
1042,0,1042,False,97
324,0,324,False,21
692,0,692,False,121
278,0,278,False,15
852,0,852,False,150
976,1,975,True,517
2225,0,2225,False,562
378,0,378,False,44
406,0,406,False,13
449,0,449,False,26
326,0,326,False,37
145,0,145,False,59
908,0,908,False,104
380,0,380,False,34
578,0,578,False,104
711,0,711,False,179
350,0,350,False,33
286,0,286,False,12
680,0,680,False,93
454,0,454,False,30
47,0,47,False,16
294,0,294,False,11
658,0,658,False,93
708,0,708,False,103
293,0,293,False,22
231,0,231,False,7
476,0,476,False,77
722,0,722,False,72
345,0,345,False,31
43,0,43,False,14
698,0,698,False,78
798,0,798,False,280
245,0,245,False,1
1556,0,1556,False,541
626,0,626,False,105
344,0,344,False,41
735,0,735,False,98
232,0,232,False,9
71,0,71,False,21
487,0,487,False,194
386,0,386,False,69
228,0,228,False,11
127,0,127,False,23
661,0,661,False,131
434,0,434,False,40
992,0,992,False,81
1069,0,1069,False,101
379,0,379,False,43
372,0,372,False,11
1188,0,1188,False,577
636,0,636,False,86
146,0,146,False,0
798,0,798,False,280
34,0,34,False,5
389,0,389,False,53
1129,0,1129,False,100
1014,0,1014,False,74
121,0,121,False,3
537,0,537,False,66
114,0,114,False,25
248,0,248,False,18
750,0,750,False,91
33,0,33,False,0
627,0,627,False,122
210,0,210,False,3
1097,0,1097,False,99
795,0,795,False,82
402,0,402,False,11
593,0,593,False,141
67,0,67,False,20
1047,0,1047,False,76
355,0,355,False,32
154,0,154,False,3
464,0,464,False,55
437,0,437,False,60
803,0,803,False,72
184,0,184,False,6
223,0,223,False,10
329,0,329,False,34
478,0,478,False,155
2211,0,2211,False,519
457,0,457,False,54
669,0,669,False,180
801,0,801,False,114
633,0,633,False,83
1403,0,1403,False,482
218,0,218,False,60
278,0,278,False,5
835,0,835,False,64
871,0,871,False,267
560,0,560,False,92
251,0,251,False,11
67,0,67,False,19
417,0,417,False,52
77,0,77,False,23
238,0,238,False,7
466,0,466,False,91
1412,0,1412,False,355
76,0,76,False,20
418,0,418,False,11
420,0,420,False,14
408,0,408,False,12
389,0,389,False,62
325,0,325,False,16
975,0,975,False,178
152,0,152,False,2
187,0,187,False,2
341,0,341,False,41
516,0,516,False,69
721,0,721,False,280
633,0,633,False,167
370,0,370,False,38
331,0,331,False,22
990,0,990,False,81
708,0,708,False,182
426,0,426,False,90
277,0,277,False,15
271,0,271,False,10
246,0,246,False,20
198,0,198,False,2
822,0,822,False,129
1142,0,1142,False,313
289,0,289,False,36
856,0,856,False,325
244,0,244,False,10
949,0,949,False,123
283,0,283,False,4
306,0,306,False,14
607,0,607,False,81
959,0,959,False,90
1236,0,1236,False,126
45,0,45,False,11
729,0,729,False,72
639,0,639,False,91
143,0,143,False,4
394,0,394,False,29
310,0,310,False,15
149,0,149,False,1
841,0,841,False,312
224,0,224,False,7
431,0,431,False,23
507,0,507,False,77
509,0,509,False,50
120,0,120,False,2
994,0,994,False,131
719,0,719,False,278
199,0,199,False,3
67,0,67,False,24
771,0,771,False,124
161,0,161,False,4
78,0,78,False,26
77,0,77,False,14
598,0,598,False,141
644,0,644,False,58
1122,0,1122,False,64
614,0,614,False,224
278,0,278,False,11
287,0,287,False,12
658,0,658,False,179
371,0,371,False,41
378,0,378,False,21
46,0,46,False,13
77,0,77,False,21
917,0,917,False,68
294,0,294,False,40
386,0,386,False,52
611,0,611,False,95
248,0,248,False,22
171,0,171,False,1
354,0,354,False,27
488,0,488,False,57
45,0,45,False,11
1089,0,1089,False,95
854,0,854,False,324
171,0,171,False,14
32,0,32,False,7
582,0,582,False,92
137,0,137,False,6
717,0,717,False,98
584,0,584,False,206
453,0,453,False,24
118,0,118,False,1
248,0,248,False,65
575,0,575,False,149
223,0,223,False,2
691,0,691,False,125
260,0,260,False,4
1746,0,1746,False,562
75,0,75,False,20
912,0,912,False,343
513,0,513,False,87
593,0,593,False,62
472,0,472,False,200
423,0,423,False,47
338,0,338,False,45
375,0,375,False,35
239,0,239,False,10
1054,0,1054,False,372
2443,0,2443,False,661
342,0,342,False,38
1162,0,1162,False,766
354,0,354,False,6
299,0,299,False,10
2241,0,2241,False,587
550,0,550,False,80
635,0,635,False,166
51,0,51,False,16
314,0,314,False,17
264,0,264,False,24
753,0,753,False,270
712,0,712,False,85
544,0,544,False,102
645,0,645,False,122
369,0,369,False,52
803,0,803,False,119
289,0,289,False,36
597,0,597,False,118
1243,0,1243,False,395
173,0,173,False,0
230,0,230,False,11
396,0,396,False,41
80,0,80,False,24
622,0,622,False,51
317,0,317,False,40
867,0,867,False,147
120,0,120,False,3
2430,0,2430,False,664
441,0,441,False,23
1199,0,1199,False,440
1282,0,1282,False,400
458,0,458,False,42
398,0,398,False,11
47,0,47,False,13
125,0,125,False,0
303,0,303,False,33
627,0,627,False,84
256,0,256,False,16
93,0,93,False,5
273,0,273,False,55
329,0,329,False,36
358,0,358,False,50
183,0,183,False,3
175,0,175,False,8
791,0,791,False,141
276,0,276,False,14
398,0,398,False,105
211,0,211,False,3
78,0,78,False,20
425,0,425,False,52
336,0,336,False,28
61,0,61,False,20
361,0,361,False,43
495,0,495,False,46
1496,0,1496,False,514
797,0,797,False,114
376,0,376,False,126
633,0,633,False,84
263,0,263,False,14
69,0,69,False,17
84,0,84,False,19
568,1,567,True,299
39,0,39,False,10
1497,0,1497,False,518
310,0,310,False,38
255,0,255,False,4
414,0,414,False,48
555,0,555,False,74
802,0,802,False,116
272,0,272,False,26
1805,0,1805,False,742
741,0,741,False,261
585,0,585,False,80
1144,0,1144,False,180
302,0,302,False,3
1107,0,1107,False,165
285,0,285,False,40
1249,0,1249,False,302
426,0,426,False,14
629,0,629,False,60
387,0,387,False,45
1058,0,1058,False,96
1009,0,1009,False,96
57,0,57,False,19
1146,0,1146,False,180
1280,0,1280,False,103
440,0,440,False,21
299,0,299,False,15
123,0,123,False,2
1962,0,1962,False,423
870,0,870,False,142
917,0,917,False,159
357,0,357,False,39
210,0,210,False,26
1104,0,1104,False,367
450,0,450,False,35
1062,0,1062,False,99
48,0,48,False,12
164,0,164,False,31
256,0,256,False,23
656,0,656,False,85
612,0,612,False,56
211,0,211,False,2
721,0,721,False,150
222,0,222,False,4
511,0,511,False,63
50,0,50,False,12
303,0,303,False,7
673,0,673,False,89
471,0,471,False,79
468,0,468,False,58
638,0,638,False,132
1093,0,1093,False,95
70,0,70,False,25
77,0,77,False,20
100,0,100,False,50
1107,0,1107,False,397
259,0,259,False,32
667,0,667,False,93
906,0,906,False,339
277,0,277,False,39
277,0,277,False,11
152,0,152,False,60
532,0,532,False,80
892,0,892,False,75
365,0,365,False,33
629,0,629,False,52
459,0,459,False,58
384,0,384,False,104
1910,0,1910,False,470
214,0,214,False,5
463,0,463,False,28
211,0,211,False,2
591,0,591,False,60
238,0,238,False,1
319,0,319,False,13
881,0,881,False,272
640,0,640,False,95
408,0,408,False,9
132,0,132,False,14
106,0,106,False,29
458,0,458,False,25
397,0,397,False,43
1018,0,1018,False,96
278,0,278,False,32
588,0,588,False,71
124,0,124,False,0
509,0,509,False,79
183,0,183,False,1
261,0,261,False,29
361,0,361,False,7
256,0,256,False,30
503,0,503,False,165
67,0,67,False,14
1104,0,1104,False,395
343,0,343,False,42
143,0,143,False,19
303,0,303,False,17
929,0,929,False,71
396,0,396,False,11
288,0,288,False,36
580,0,580,False,69
415,0,415,False,14
422,0,422,False,15
43,0,43,False,15
876,0,876,False,267
420,0,420,False,75
472,0,472,False,81
209,0,209,False,2
74,0,74,False,16
284,0,284,False,24
155,0,155,False,29
573,0,573,False,135
747,0,747,False,281
856,0,856,False,67
225,0,225,False,7
297,0,297,False,24
941,0,941,False,88
135,0,135,False,57
235,0,235,False,5
1246,0,1246,False,103
640,0,640,False,168
454,0,454,False,70
239,0,239,False,7
1791,0,1791,False,479
959,0,959,False,90
712,0,712,False,119
276,0,276,False,38
45,0,45,False,11
875,0,875,False,137
426,0,426,False,65
683,0,683,False,114
121,0,121,False,27
1046,0,1046,False,101
417,0,417,False,45
1329,0,1329,False,136
188,0,188,False,32
47,0,47,False,21
73,0,73,False,18
462,0,462,False,27
214,0,214,False,8
33,0,33,False,0
58,0,58,False,14
594,0,594,False,62
95,0,95,False,30
364,0,364,False,9
47,0,47,False,11
576,0,576,False,71
1345,0,1345,False,476
717,0,717,False,87
395,0,395,False,43
626,0,626,False,89
212,0,212,False,8
622,0,622,False,161
627,0,627,False,89
300,0,300,False,37
414,0,414,False,19
408,0,408,False,12
208,0,208,False,2
239,0,239,False,4
1153,0,1153,False,174
278,0,278,False,23
422,0,422,False,16
77,0,77,False,24
594,0,594,False,141
431,0,431,False,29
299,0,299,False,26
373,0,373,False,42
538,0,538,False,55
654,0,654,False,97
42,0,42,False,14
566,0,566,False,55
586,0,586,False,89
305,0,305,False,29
652,0,652,False,91
633,0,633,False,70
290,0,290,False,40
174,0,174,False,3
937,0,937,False,106
402,0,402,False,104
2073,0,2073,False,672
527,0,527,False,99
294,0,294,False,33
73,0,73,False,10
228,0,228,False,4
540,0,540,False,68
566,0,566,False,148
582,0,582,False,81
392,0,392,False,56
2014,0,2014,False,517
285,0,285,False,28
179,0,179,False,15
377,0,377,False,26
997,0,997,False,88
653,0,653,False,131
367,0,367,False,41
324,0,324,False,34
401,0,401,False,32
663,0,663,False,256
442,0,442,False,108
597,0,597,False,143
566,0,566,False,90
1060,0,1060,False,103
317,0,317,False,33
310,0,310,False,35
1201,0,1201,False,232
210,0,210,False,8
427,0,427,False,72
232,0,232,False,12
1633,0,1633,False,409
237,0,237,False,13
129,0,129,False,2
717,0,717,False,101
51,0,51,False,17
721,0,721,False,281
910,0,910,False,327
403,0,403,False,12
548,0,548,False,112
794,0,794,False,117
160,0,160,False,3
1041,0,1041,False,47
223,0,223,False,1
289,0,289,False,12
863,0,863,False,159
474,0,474,False,52
456,0,456,False,23
830,0,830,False,108
318,0,318,False,40
52,0,52,False,17
1063,0,1063,False,299
236,0,236,False,31
137,0,137,False,6
373,0,373,False,11
181,0,181,False,3
363,0,363,False,10
73,0,73,False,2
496,0,496,False,54
813,0,813,False,47
539,0,539,False,89
336,0,336,False,66
1111,0,1111,False,396
276,0,276,False,14
295,0,295,False,18
203,0,203,False,15
601,0,601,False,142
498,0,498,False,28
438,0,438,False,53
429,0,429,False,31
119,0,119,False,3
513,0,513,False,74
72,1,71,True,41
476,0,476,False,127
771,0,771,False,277
847,0,847,False,54
340,0,340,False,38
49,0,49,False,15
282,0,282,False,42
525,0,525,False,84
757,0,757,False,143
497,0,497,False,59
726,0,726,False,96
90,0,90,False,34
335,0,335,False,49
712,0,712,False,119
1892,0,1892,False,617
967,0,967,False,277
1275,0,1275,False,459
217,0,217,False,13
223,0,223,False,1
728,0,728,False,150
396,0,396,False,11
79,0,79,False,26
559,0,559,False,76
376,0,376,False,58
792,0,792,False,113
423,0,423,False,15
636,0,636,False,85
355,0,355,False,22
205,0,205,False,2
624,0,624,False,88
522,0,522,False,148
414,0,414,False,15
94,0,94,False,35
1132,0,1132,False,285
392,0,392,False,42
318,0,318,False,17
220,0,220,False,31
638,0,638,False,83
122,0,122,False,49
121,0,121,False,3
1146,0,1146,False,382
1014,0,1014,False,304
595,0,595,False,65
268,0,268,False,28
1147,0,1147,False,182
220,0,220,False,33
1145,0,1145,False,310
45,0,45,False,13
257,0,257,False,28
236,0,236,False,17
494,0,494,False,65
660,0,660,False,85
483,0,483,False,83
270,0,270,False,32
223,0,223,False,28
1189,0,1189,False,286
703,0,703,False,132
507,0,507,False,75
101,0,101,False,19
975,0,975,False,101
908,0,908,False,183
874,0,874,False,267
225,0,225,False,97
253,0,253,False,12
576,0,576,False,197
791,0,791,False,237
1888,0,1888,False,526
1121,0,1121,False,81
1049,0,1049,False,195
156,0,156,False,33
571,0,571,False,79
1685,0,1685,False,479
334,0,334,False,23
632,0,632,False,88
615,0,615,False,74
1164,0,1164,False,76
344,0,344,False,37
141,0,141,False,0
158,0,158,False,3
210,0,210,False,5
78,0,78,False,24
211,0,211,False,4
799,0,799,False,280
831,0,831,False,293
43,0,43,False,0
39,0,39,False,10
80,0,80,False,21
299,0,299,False,57
908,0,908,False,80
155,0,155,False,33
398,0,398,False,55
662,0,662,False,200
426,0,426,False,82
2107,0,2107,False,771
483,0,483,False,60
328,0,328,False,24
714,0,714,False,70
1117,0,1117,False,81
304,0,304,False,34
971,0,971,False,162
522,0,522,False,67
234,0,234,False,1
245,0,245,False,2
307,0,307,False,12
408,0,408,False,67
463,0,463,False,25
49,0,49,False,9
921,0,921,False,153
609,0,609,False,85
183,0,183,False,11
474,0,474,False,68
965,0,965,False,79
360,0,360,False,54
527,0,527,False,68
513,0,513,False,63
53,0,53,False,12
552,0,552,False,46
247,0,247,False,9
1105,0,1105,False,320
336,0,336,False,40
861,0,861,False,317
165,0,165,False,0
446,0,446,False,49
416,0,416,False,80
599,0,599,False,73
713,0,713,False,252
389,0,389,False,38
466,0,466,False,54
248,0,248,False,28
266,0,266,False,27
122,0,122,False,3
181,0,181,False,3
1167,0,1167,False,505
318,0,318,False,55
1189,0,1189,False,285
53,0,53,False,14
320,0,320,False,54
49,0,49,False,13
175,0,175,False,8
45,0,45,False,11
460,0,460,False,25
714,0,714,False,262
1154,0,1154,False,303
69,0,69,False,19
420,0,420,False,48
322,0,322,False,43
59,0,59,False,15
355,0,355,False,40
362,0,362,False,58
57,0,57,False,0
119,0,119,False,3
78,0,78,False,20
425,0,425,False,74
41,0,41,False,0
1001,0,1001,False,83
56,0,56,False,12
73,0,73,False,18
185,0,185,False,2
285,0,285,False,4
201,0,201,False,45
305,0,305,False,20
368,0,368,False,67
198,0,198,False,5
89,0,89,False,16
642,0,642,False,72
1040,0,1040,False,92
622,0,622,False,107
1766,0,1766,False,494
564,0,564,False,67
561,0,561,False,44
488,0,488,False,23
141,0,141,False,30
780,0,780,False,177
670,0,670,False,104
393,0,393,False,51
141,0,141,False,0
311,0,311,False,38
197,0,197,False,8
626,0,626,False,163
391,0,391,False,63
236,0,236,False,1
49,0,49,False,15
1428,0,1428,False,376
1441,0,1441,False,716
76,0,76,False,22
277,0,277,False,35
385,0,385,False,30
207,0,207,False,3
664,0,664,False,66
1009,0,1009,False,257
600,0,600,False,83
338,0,338,False,44
331,0,331,False,34
42,0,42,False,17
577,0,577,False,136
173,0,173,False,3
309,0,309,False,11
54,0,54,False,13
253,0,253,False,27
443,0,443,False,40
393,0,393,False,105
1841,0,1841,False,833
930,0,930,False,103
168,0,168,False,61
179,0,179,False,19
543,0,543,False,83
72,0,72,False,17
367,0,367,False,61
582,0,582,False,136
200,0,200,False,2
412,0,412,False,58
1175,0,1175,False,115
276,0,276,False,11
693,0,693,False,100
726,0,726,False,283
1208,0,1208,False,327
276,0,276,False,34
50,0,50,False,16
565,0,565,False,91
334,0,334,False,43
1266,0,1266,False,506
99,0,99,False,41
385,0,385,False,46
613,0,613,False,243
279,0,279,False,30
1107,0,1107,False,384
299,0,299,False,7
237,0,237,False,29
856,0,856,False,321
708,0,708,False,121
660,0,660,False,86
666,0,666,False,224
650,0,650,False,165
28,0,28,False,5
248,0,248,False,27
577,0,577,False,84
289,0,289,False,8
578,0,578,False,136
964,0,964,False,93
308,0,308,False,26
1246,0,1246,False,104
247,0,247,False,13
288,0,288,False,10
786,0,786,False,133
120,0,120,False,1
1671,0,1671,False,412
861,0,861,False,268
219,0,219,False,163
715,0,715,False,113
91,0,91,False,1
125,0,125,False,43
561,0,561,False,78
1040,0,1040,False,91
245,0,245,False,1
526,0,526,False,65
40,0,40,False,13
597,0,597,False,54
977,0,977,False,275
631,0,631,False,82
191,0,191,False,3
646,0,646,False,85
480,0,480,False,59
70,0,70,False,20
485,0,485,False,58
240,0,240,False,13
1104,0,1104,False,271
637,0,637,False,239
455,0,455,False,25
405,0,405,False,43
655,0,655,False,72
336,0,336,False,41
346,0,346,False,33
625,0,625,False,160
512,0,512,False,63
812,0,812,False,110
434,0,434,False,90
613,0,613,False,80
306,0,306,False,11
783,0,783,False,66
177,0,177,False,2
758,0,758,False,68
34,0,34,False,8
313,0,313,False,32
562,0,562,False,69
177,0,177,False,9
137,0,137,False,3
656,0,656,False,54
866,0,866,False,80
554,0,554,False,81
275,0,275,False,4
287,0,287,False,24
477,0,477,False,25
507,0,507,False,46
570,0,570,False,70
1626,1,1625,True,951
1093,0,1093,False,164
229,0,229,False,15
945,0,945,False,323
598,0,598,False,144
424,0,424,False,15
567,0,567,False,137
1482,0,1482,False,598
412,0,412,False,60
577,0,577,False,83
170,0,170,False,8
270,0,270,False,11
63,0,63,False,26
586,0,586,False,138
560,0,560,False,75
280,0,280,False,32
249,0,249,False,54
1003,0,1003,False,88
480,0,480,False,26
642,0,642,False,74
256,0,256,False,32
699,0,699,False,62
366,0,366,False,12
475,0,475,False,24
109,0,109,False,51
687,0,687,False,93
683,0,683,False,85
663,0,663,False,85
492,0,492,False,44
396,0,396,False,11
474,0,474,False,64
1146,0,1146,False,180
270,0,270,False,20
362,0,362,False,7
257,0,257,False,23
1965,0,1965,False,442
924,0,924,False,220
43,0,43,False,14
655,0,655,False,100
284,0,284,False,30
72,0,72,False,14
396,0,396,False,11
181,0,181,False,9
773,0,773,False,262
549,0,549,False,80
84,0,84,False,29
647,0,647,False,98
240,0,240,False,123
173,0,173,False,2
385,0,385,False,42
1055,0,1055,False,84
206,0,206,False,4
765,0,765,False,107
38,0,38,False,12
357,0,357,False,6
601,0,601,False,141
53,0,53,False,15
292,0,292,False,9
703,0,703,False,101
329,0,329,False,18
1120,0,1120,False,194
613,0,613,False,217
632,0,632,False,65
48,0,48,False,13
169,0,169,False,8
390,0,390,False,60
431,0,431,False,57
726,0,726,False,283
304,0,304,False,17
416,0,416,False,34
763,0,763,False,256
799,0,799,False,43
234,0,234,False,28
1116,0,1116,False,88
328,0,328,False,172
460,1,459,True,240
280,0,280,False,4
661,0,661,False,85
367,0,367,False,125
383,0,383,False,61
736,0,736,False,57
496,1,495,True,272
213,0,213,False,7
799,0,799,False,294
1146,0,1146,False,382
896,0,896,False,113
716,0,716,False,103
213,0,213,False,32
422,0,422,False,16
435,0,435,False,58
633,0,633,False,127
314,0,314,False,18
319,0,319,False,36
173,0,173,False,8
297,0,297,False,36
274,0,274,False,4
44,0,44,False,18
1100,0,1100,False,315
1822,0,1822,False,745
191,0,191,False,25
952,0,952,False,320
305,0,305,False,30
741,0,741,False,242
344,0,344,False,6
1424,0,1424,False,586
388,0,388,False,60
289,0,289,False,38
398,0,398,False,44
412,0,412,False,71
441,0,441,False,22
447,0,447,False,22
666,0,666,False,56
1010,0,1010,False,125
885,0,885,False,145
321,0,321,False,43
288,0,288,False,24
543,0,543,False,121
798,0,798,False,145
846,0,846,False,65
836,0,836,False,189
580,0,580,False,135
105,0,105,False,33
323,0,323,False,29
197,0,197,False,1
625,0,625,False,129
172,0,172,False,8
45,0,45,False,11
594,0,594,False,137
674,0,674,False,262
418,1,417,True,210
125,0,125,False,1
97,0,97,False,42
1306,0,1306,False,546
849,0,849,False,317
240,0,240,False,13
173,0,173,False,2
2088,0,2088,False,991
318,0,318,False,7
206,0,206,False,2
719,0,719,False,124
408,0,408,False,42
566,0,566,False,90
48,0,48,False,8
84,0,84,False,19
216,0,216,False,44
291,0,291,False,41
627,0,627,False,86
367,0,367,False,45
989,0,989,False,91
592,0,592,False,75
396,0,396,False,58
282,0,282,False,3
558,0,558,False,46
259,0,259,False,9
97,0,97,False,31
254,0,254,False,11
326,0,326,False,35
949,0,949,False,108
292,0,292,False,8
448,0,448,False,23
73,0,73,False,21
45,0,45,False,14
521,0,521,False,79
649,0,649,False,158
40,0,40,False,6
872,0,872,False,155
188,0,188,False,3
1451,0,1451,False,371
94,0,94,False,34
552,0,552,False,53
1165,0,1165,False,389
992,0,992,False,89
48,0,48,False,0
529,0,529,False,104
422,0,422,False,19
908,0,908,False,182
49,0,49,False,13
112,0,112,False,4
954,0,954,False,91
143,0,143,False,2
717,0,717,False,118
280,0,280,False,4
470,0,470,False,37
82,0,82,False,23
671,0,671,False,76
38,0,38,False,11
209,0,209,False,26
218,0,218,False,3
351,0,351,False,54
691,0,691,False,112
388,0,388,False,55
257,0,257,False,3
250,0,250,False,18
558,0,558,False,69
435,0,435,False,42
553,0,553,False,49
1125,0,1125,False,100
958,0,958,False,117
954,0,954,False,110
28,0,28,False,6
1161,0,1161,False,114
276,0,276,False,17
56,0,56,False,20
1041,0,1041,False,110
672,2,670,True,448
947,0,947,False,162
311,0,311,False,28
805,0,805,False,127
410,0,410,False,15
1027,0,1027,False,137
483,0,483,False,48
641,0,641,False,239
1091,0,1091,False,256
459,0,459,False,23
734,0,734,False,269
1574,0,1574,False,498
428,0,428,False,68
1071,0,1071,False,98
275,0,275,False,24
320,0,320,False,40
194,0,194,False,1
111,0,111,False,20
1278,0,1278,False,523
131,0,131,False,14
735,0,735,False,204
156,0,156,False,6
339,0,339,False,41
228,0,228,False,9
1267,0,1267,False,338
93,0,93,False,4
750,0,750,False,106
1166,0,1166,False,278
275,0,275,False,4
490,0,490,False,61
659,0,659,False,87
718,0,718,False,285
33,0,33,False,0
406,0,406,False,76
1134,0,1134,False,88
1189,0,1189,False,285
887,0,887,False,203
330,0,330,False,37
630,0,630,False,83
67,0,67,False,19
1154,0,1154,False,186
418,0,418,False,67
481,0,481,False,59
606,1,605,True,315
523,0,523,False,56
797,0,797,False,143
560,0,560,False,75
744,0,744,False,258
843,0,843,False,56
76,0,76,False,0
316,0,316,False,37
138,0,138,False,47
190,0,190,False,2
1117,0,1117,False,473
545,0,545,False,184
645,0,645,False,85
104,0,104,False,36
740,0,740,False,148
458,0,458,False,47
548,0,548,False,63
739,0,739,False,109
462,0,462,False,63
300,0,300,False,12
145,0,145,False,0
283,0,283,False,23
60,0,60,False,16
491,0,491,False,22
291,0,291,False,29
1103,0,1103,False,97
293,0,293,False,24
273,0,273,False,55
349,0,349,False,56
678,0,678,False,92
766,0,766,False,260
286,0,286,False,38
1072,1,1071,True,643
344,0,344,False,12
191,0,191,False,1
399,0,399,False,78
235,0,235,False,20
306,0,306,False,36
1142,0,1142,False,335
642,0,642,False,87
398,0,398,False,33
304,0,304,False,40
22,0,22,False,0
1306,0,1306,False,381
267,0,267,False,9
273,0,273,False,4
279,0,279,False,23
614,1,613,True,315
78,0,78,False,22
746,0,746,False,201
345,0,345,False,44
256,0,256,False,32
56,0,56,False,21
63,0,63,False,0
317,0,317,False,41
529,0,529,False,67
334,0,334,False,29
394,0,394,False,48
1224,0,1224,False,111
529,0,529,False,88
52,0,52,False,17
469,0,469,False,58
555,0,555,False,64
430,0,430,False,17
621,0,621,False,222
149,0,149,False,3
353,0,353,False,39
744,0,744,False,261
1249,0,1249,False,304
293,0,293,False,43
265,0,265,False,26
277,0,277,False,40
889,0,889,False,77
1046,0,1046,False,96
191,0,191,False,2
485,0,485,False,99
162,0,162,False,11
1136,0,1136,False,194
236,0,236,False,19
725,0,725,False,251
791,0,791,False,140
313,0,313,False,36
490,0,490,False,49
668,0,668,False,81
80,0,80,False,26
780,0,780,False,220
576,0,576,False,136
233,0,233,False,18
389,0,389,False,51
288,0,288,False,39
80,0,80,False,25
628,0,628,False,166
550,0,550,False,80
136,0,136,False,4
326,0,326,False,29
315,0,315,False,47
262,0,262,False,15
426,0,426,False,89
284,0,284,False,29
571,0,571,False,56
252,0,252,False,3
69,0,69,False,14
798,0,798,False,141
279,0,279,False,23
858,0,858,False,325
424,0,424,False,192
261,0,261,False,7
966,0,966,False,247
248,0,248,False,28
221,0,221,False,1
293,0,293,False,7
528,0,528,False,93
650,0,650,False,245
47,0,47,False,13
207,0,207,False,4
100,0,100,False,38
1438,0,1438,False,590
178,0,178,False,5
107,0,107,False,3
573,0,573,False,198
36,0,36,False,2
393,0,393,False,50
459,0,459,False,25
1054,0,1054,False,371
384,0,384,False,47
1223,0,1223,False,241
382,0,382,False,55
1048,0,1048,False,266
348,0,348,False,5
772,0,772,False,69
52,0,52,False,17
579,0,579,False,203
463,0,463,False,28
78,0,78,False,25
503,0,503,False,70
767,0,767,False,257
1083,0,1083,False,379
293,0,293,False,8
590,0,590,False,90
428,0,428,False,25
167,0,167,False,0
290,0,290,False,6
217,0,217,False,24
1030,0,1030,False,148
2000,0,2000,False,892
340,0,340,False,8
713,0,713,False,95
597,0,597,False,142
79,0,79,False,22
1028,0,1028,False,235
856,0,856,False,150
1076,0,1076,False,432
295,0,295,False,26
46,0,46,False,15
143,0,143,False,18
625,0,625,False,90
56,0,56,False,14
852,0,852,False,323
354,0,354,False,67
155,0,155,False,29
534,0,534,False,96
612,1,611,True,345
368,0,368,False,11
195,0,195,False,1
388,0,388,False,16
300,0,300,False,37
580,0,580,False,128
436,0,436,False,25
494,0,494,False,42
534,0,534,False,125
609,0,609,False,223
69,0,69,False,18
582,0,582,False,136
81,0,81,False,30
432,0,432,False,59
654,0,654,False,102
51,0,51,False,16
42,0,42,False,5
427,0,427,False,57
51,0,51,False,15
281,0,281,False,1
1127,0,1127,False,475
660,0,660,False,119
462,0,462,False,53
393,0,393,False,104
1157,0,1157,False,334
1150,0,1150,False,382
253,0,253,False,57
793,0,793,False,120
1220,0,1220,False,329
378,0,378,False,42
172,0,172,False,0
1051,0,1051,False,88
1146,0,1146,False,193
1103,0,1103,False,312
279,0,279,False,35
649,0,649,False,81
587,0,587,False,66
462,0,462,False,47
80,0,80,False,30
1168,1,1167,True,720
78,0,78,False,22
287,0,287,False,5
103,0,103,False,4
306,0,306,False,17
385,0,385,False,30
173,0,173,False,14
65,0,65,False,22
84,0,84,False,48
1101,0,1101,False,96
1432,0,1432,False,585
548,0,548,False,140
452,0,452,False,24
365,0,365,False,47
78,0,78,False,26
462,0,462,False,22
1039,0,1039,False,289
335,0,335,False,42
306,0,306,False,5
647,0,647,False,105
237,0,237,False,7
199,0,199,False,17
858,0,858,False,265
89,0,89,False,29
505,0,505,False,58
636,0,636,False,167
167,0,167,False,1
811,0,811,False,111
364,0,364,False,15
236,0,236,False,43
960,0,960,False,72
891,0,891,False,79
791,0,791,False,210
294,0,294,False,32
302,0,302,False,26
289,0,289,False,38
213,0,213,False,4
11,0,11,False,0
509,0,509,False,44
255,0,255,False,31
214,0,214,False,3
499,0,499,False,93
467,0,467,False,96
583,0,583,False,137
830,0,830,False,81
138,0,138,False,3
47,0,47,False,15
345,0,345,False,48
552,0,552,False,81
965,0,965,False,282
285,0,285,False,20
787,0,787,False,231
1604,0,1604,False,387
713,0,713,False,77
293,0,293,False,34
434,0,434,False,121
534,0,534,False,66
348,0,348,False,35
43,0,43,False,14
122,0,122,False,1
272,0,272,False,14
92,0,92,False,17
396,0,396,False,45
275,0,275,False,4
361,0,361,False,21
27,0,27,False,4
173,0,173,False,8
31,0,31,False,0
314,0,314,False,39
412,0,412,False,62
369,0,369,False,63
424,0,424,False,77
428,0,428,False,35
282,0,282,False,22
630,0,630,False,86
78,0,78,False,25
210,0,210,False,73
428,0,428,False,49
401,0,401,False,70
257,0,257,False,14
446,0,446,False,57
279,0,279,False,38
399,0,399,False,103
703,0,703,False,90
716,0,716,False,182
857,0,857,False,324
296,0,296,False,51
533,0,533,False,77
978,0,978,False,327
439,0,439,False,23
741,0,741,False,89
383,0,383,False,56
230,0,230,False,4
1154,0,1154,False,303
395,0,395,False,9
1441,0,1441,False,574
67,0,67,False,24
682,0,682,False,106
412,0,412,False,41
936,0,936,False,106
693,0,693,False,180
226,0,226,False,11
827,0,827,False,116
714,0,714,False,120
140,0,140,False,3
1326,0,1326,False,274
57,0,57,False,18
464,0,464,False,54
329,0,329,False,34
651,0,651,False,74
212,0,212,False,13
225,0,225,False,9
51,0,51,False,15
85,0,85,False,23
1132,0,1132,False,332
579,0,579,False,136
47,0,47,False,14
1149,0,1149,False,384
684,0,684,False,173
795,0,795,False,116
686,0,686,False,110
779,0,779,False,71
113,0,113,False,1
433,0,433,False,54
1002,0,1002,False,690
231,0,231,False,10
871,0,871,False,266
417,0,417,False,45
1108,0,1108,False,74
552,0,552,False,56
1259,0,1259,False,513
425,0,425,False,13
1737,0,1737,False,493
257,0,257,False,2
284,0,284,False,6
172,0,172,False,0
360,0,360,False,28
243,0,243,False,22
1109,0,1109,False,474
1484,0,1484,False,336
752,0,752,False,250
594,0,594,False,141
1739,0,1739,False,506
428,0,428,False,82
296,1,295,True,153
709,0,709,False,116
599,0,599,False,271
209,0,209,False,32
90,0,90,False,28
720,0,720,False,279
731,0,731,False,190
716,0,716,False,122
572,0,572,False,57
2353,0,2353,False,726
922,0,922,False,189
559,0,559,False,75
293,0,293,False,11
138,0,138,False,28
40,0,40,False,7
212,0,212,False,36
354,0,354,False,41
710,0,710,False,119
358,0,358,False,10
438,0,438,False,40
731,0,731,False,107
117,0,117,False,14
362,0,362,False,45
847,0,847,False,61
614,0,614,False,226
1606,0,1606,False,375
787,0,787,False,141
586,0,586,False,67
638,0,638,False,94
222,0,222,False,13
284,0,284,False,15
691,0,691,False,94
218,0,218,False,2
1079,0,1079,False,123
151,0,151,False,31
986,0,986,False,87
766,0,766,False,118
227,0,227,False,5
237,0,237,False,11
1266,0,1266,False,259
491,0,491,False,154
896,1,895,True,470
181,0,181,False,12
460,0,460,False,35
137,0,137,False,4
72,0,72,False,18
120,0,120,False,10
509,0,509,False,51
55,0,55,False,16
623,0,623,False,75
802,0,802,False,284
1063,0,1063,False,54
470,0,470,False,78
719,0,719,False,94
947,0,947,False,106
721,0,721,False,307
825,0,825,False,144
353,0,353,False,7
357,0,357,False,5
259,0,259,False,12
155,0,155,False,38
515,0,515,False,74
297,0,297,False,32
575,0,575,False,87
41,0,41,False,12
46,0,46,False,17
912,0,912,False,99
1038,0,1038,False,214
150,0,150,False,60
412,0,412,False,9
1161,0,1161,False,338
170,0,170,False,1
592,0,592,False,95
350,0,350,False,65
958,0,958,False,73
283,0,283,False,33
691,0,691,False,122
96,0,96,False,45
573,0,573,False,201
145,0,145,False,3
217,0,217,False,0
655,0,655,False,101
452,0,452,False,21
192,0,192,False,1
635,0,635,False,241
800,0,800,False,283
593,0,593,False,100
408,0,408,False,45
1150,0,1150,False,196
552,0,552,False,94
224,0,224,False,36
1007,0,1007,False,92
636,0,636,False,241
169,0,169,False,1
408,0,408,False,18
222,0,222,False,2
652,0,652,False,95
438,0,438,False,84
45,0,45,False,11
539,0,539,False,93
223,0,223,False,0
1246,0,1246,False,284
66,0,66,False,25
708,0,708,False,91
496,0,496,False,58
741,0,741,False,91
34,0,34,False,0
580,0,580,False,67
275,0,275,False,35
233,0,233,False,11
268,0,268,False,4
278,0,278,False,37
177,0,177,False,7
1308,0,1308,False,136
532,0,532,False,75
49,0,49,False,14
1156,0,1156,False,379
562,0,562,False,90
419,0,419,False,13
814,0,814,False,60
734,0,734,False,198
880,0,880,False,149
494,0,494,False,69
392,0,392,False,19
368,0,368,False,56
1029,0,1029,False,342
411,0,411,False,31
109,0,109,False,43
283,0,283,False,53
754,1,753,True,395
805,0,805,False,124
89,0,89,False,9
379,0,379,False,42
445,0,445,False,49
1160,0,1160,False,343
51,0,51,False,15
85,0,85,False,21
534,0,534,False,75
352,0,352,False,37
293,0,293,False,41
300,0,300,False,34
272,0,272,False,11
1046,1,1045,True,586
734,0,734,False,203
541,0,541,False,93
45,0,45,False,11
1799,0,1799,False,517
50,0,50,False,15
189,0,189,False,2
295,0,295,False,11
332,0,332,False,38
1204,0,1204,False,361
331,0,331,False,40
453,0,453,False,23
484,0,484,False,78
1055,0,1055,False,314
164,0,164,False,5
91,0,91,False,55
324,0,324,False,127
80,0,80,False,26
411,0,411,False,45
442,0,442,False,42
322,0,322,False,22
608,0,608,False,77
258,0,258,False,4
415,0,415,False,12
223,0,223,False,32
1013,0,1013,False,133
580,0,580,False,199
648,0,648,False,130
194,0,194,False,2
1494,0,1494,False,478
61,0,61,False,16
121,0,121,False,5
217,0,217,False,32
340,0,340,False,13
241,0,241,False,7
1166,0,1166,False,118
236,0,236,False,1
1167,0,1167,False,493
578,0,578,False,201
2242,0,2242,False,590
333,0,333,False,16
317,0,317,False,40
33,0,33,False,6
390,0,390,False,51
224,0,224,False,3
624,0,624,False,231
31,0,31,False,8
50,0,50,False,12
403,0,403,False,102
494,0,494,False,48
3175,0,3175,False,1125
178,0,178,False,6
629,0,629,False,75
353,0,353,False,33
332,0,332,False,39
615,0,615,False,225
1165,0,1165,False,374
298,0,298,False,18
439,0,439,False,59
729,0,729,False,281
46,0,46,False,10
298,0,298,False,27
1051,0,1051,False,87
408,0,408,False,47
61,0,61,False,17
975,0,975,False,250
351,0,351,False,30
1010,0,1010,False,292
76,0,76,False,21
78,0,78,False,23
369,0,369,False,52
592,0,592,False,144
617,0,617,False,225
344,0,344,False,21
196,0,196,False,1
228,0,228,False,5
717,0,717,False,149
261,0,261,False,13
349,0,349,False,49
126,0,126,False,1
162,0,162,False,0
452,0,452,False,60
737,0,737,False,107
61,0,61,False,23
596,0,596,False,65
1004,0,1004,False,80
210,0,210,False,9
418,0,418,False,48
795,0,795,False,61
1098,0,1098,False,73
879,0,879,False,144
408,0,408,False,12
396,0,396,False,104
1009,0,1009,False,129
553,0,553,False,185
826,1,825,True,445
1101,0,1101,False,341
360,0,360,False,24
242,0,242,False,20
2256,0,2256,False,610
39,0,39,False,8
237,0,237,False,5
359,0,359,False,9
468,0,468,False,200
300,0,300,False,13
172,0,172,False,1
218,0,218,False,2
191,0,191,False,2
697,0,697,False,98
575,0,575,False,136
125,0,125,False,3
262,0,262,False,36
954,0,954,False,74
269,0,269,False,32
85,0,85,False,24
992,0,992,False,130
112,0,112,False,4
330,0,330,False,36
528,0,528,False,36
1219,0,1219,False,411
1015,0,1015,False,149
278,0,278,False,26
160,1,159,True,102
1027,0,1027,False,83
293,0,293,False,23
564,0,564,False,70
729,0,729,False,289
568,0,568,False,81
359,0,359,False,10
877,0,877,False,271
259,0,259,False,32
303,0,303,False,19
133,0,133,False,4
845,0,845,False,64
147,0,147,False,3
349,0,349,False,23
129,0,129,False,0
734,0,734,False,96
158,0,158,False,50
46,0,46,False,15
683,0,683,False,167
224,0,224,False,3
1618,0,1618,False,407
1034,0,1034,False,224
225,0,225,False,19
344,0,344,False,30
620,0,620,False,184
225,0,225,False,17
332,0,332,False,22
234,0,234,False,4
496,0,496,False,60
351,0,351,False,31
285,0,285,False,4
310,0,310,False,35
297,0,297,False,34
1157,0,1157,False,105
1234,0,1234,False,346
380,0,380,False,51
640,0,640,False,100
280,0,280,False,28
116,0,116,False,0
206,0,206,False,38
252,0,252,False,25
47,0,47,False,14
716,0,716,False,95
520,0,520,False,58
216,0,216,False,4
964,0,964,False,273
549,0,549,False,82
651,0,651,False,248
701,0,701,False,175
281,0,281,False,5
223,0,223,False,6
49,0,49,False,8
158,0,158,False,27
277,0,277,False,15
149,0,149,False,4
48,0,48,False,14
151,0,151,False,3
397,0,397,False,50
221,0,221,False,28
855,0,855,False,133
864,0,864,False,323
27,0,27,False,0
370,0,370,False,45
548,0,548,False,76
460,0,460,False,54
945,0,945,False,188
52,0,52,False,16
930,0,930,False,316
502,0,502,False,28
558,0,558,False,84
257,0,257,False,9
580,0,580,False,135
360,0,360,False,9
1136,0,1136,False,95
44,0,44,False,14
469,0,469,False,62
1110,0,1110,False,372
242,0,242,False,5
197,0,197,False,29
326,0,326,False,45
277,0,277,False,42
999,0,999,False,121
78,0,78,False,24
279,0,279,False,22
228,0,228,False,16
202,1,201,True,100
547,0,547,False,74
171,0,171,False,4
237,0,237,False,20
711,0,711,False,231
449,0,449,False,62
1609,0,1609,False,401
302,0,302,False,41
535,0,535,False,76
330,0,330,False,35
56,0,56,False,21
1182,0,1182,False,82
228,0,228,False,9
340,0,340,False,28
593,0,593,False,140
1426,0,1426,False,612
708,0,708,False,115
175,0,175,False,0
693,0,693,False,80
631,0,631,False,86
335,0,335,False,43
259,0,259,False,4
642,0,642,False,93
1098,0,1098,False,237
598,0,598,False,324
649,0,649,False,178
1761,0,1761,False,492
755,0,755,False,55
417,0,417,False,46
475,0,475,False,69
728,0,728,False,92
554,0,554,False,220
1788,0,1788,False,803
591,0,591,False,97
414,0,414,False,15
994,0,994,False,91
394,0,394,False,56
1097,0,1097,False,64
726,0,726,False,106
495,0,495,False,67
1144,0,1144,False,305
731,0,731,False,150
870,0,870,False,264
711,0,711,False,118
630,0,630,False,93
368,0,368,False,64
2356,0,2356,False,595
52,0,52,False,13
1109,0,1109,False,273
713,0,713,False,256
362,0,362,False,6
1153,0,1153,False,97
321,0,321,False,7
541,0,541,False,93
212,0,212,False,10
1304,0,1304,False,325
660,0,660,False,99
46,0,46,False,12
317,0,317,False,43
89,0,89,False,33
531,0,531,False,83
260,0,260,False,81
1245,0,1245,False,104
702,0,702,False,118
268,0,268,False,9
413,0,413,False,50
714,0,714,False,115
242,0,242,False,7
161,0,161,False,0
224,0,224,False,26
979,0,979,False,76
518,0,518,False,50
618,0,618,False,75
411,0,411,False,105
163,0,163,False,4
121,0,121,False,3
717,0,717,False,152
1308,0,1308,False,642
341,0,341,False,11
258,0,258,False,13
255,0,255,False,16
463,0,463,False,27
679,0,679,False,273
834,0,834,False,54
79,0,79,False,24
279,0,279,False,21
1440,1,1439,True,920
83,0,83,False,22
548,0,548,False,64
73,0,73,False,19
734,0,734,False,197
166,0,166,False,6
991,0,991,False,107
1287,0,1287,False,131
119,0,119,False,2
1215,0,1215,False,115
413,0,413,False,46
991,0,991,False,89
141,0,141,False,0
1214,0,1214,False,118
464,0,464,False,58
345,0,345,False,9
536,0,536,False,72
145,0,145,False,0
638,0,638,False,95
503,0,503,False,81
544,0,544,False,69
506,0,506,False,32
141,0,141,False,3
580,0,580,False,97
439,0,439,False,61
653,0,653,False,71
133,0,133,False,0
1752,0,1752,False,577
717,0,717,False,282
311,0,311,False,26
719,0,719,False,121
701,0,701,False,261
121,0,121,False,1
295,0,295,False,23
194,0,194,False,3
554,0,554,False,69
410,0,410,False,49
44,0,44,False,14
1170,0,1170,False,339
249,0,249,False,24
526,0,526,False,100
318,0,318,False,7
881,0,881,False,147
1030,0,1030,False,454
671,0,671,False,85
996,0,996,False,113
1124,0,1124,False,77
471,0,471,False,78
404,0,404,False,77
2341,0,2341,False,791
286,0,286,False,21
166,0,166,False,8
747,0,747,False,266
442,0,442,False,17
423,0,423,False,72
1217,0,1217,False,101
334,0,334,False,24
936,0,936,False,109
638,0,638,False,96
526,0,526,False,81
424,0,424,False,192
624,0,624,False,108
402,0,402,False,46
1135,0,1135,False,320
199,0,199,False,1
747,0,747,False,260
346,0,346,False,22
491,0,491,False,68
995,0,995,False,81
634,0,634,False,92
511,0,511,False,177
336,0,336,False,30
298,0,298,False,10
860,0,860,False,263
66,0,66,False,42
1106,0,1106,False,80
669,0,669,False,108
768,0,768,False,135
1509,0,1509,False,528
375,0,375,False,21
571,0,571,False,82
374,0,374,False,53
541,0,541,False,111
326,0,326,False,9
446,0,446,False,16
130,0,130,False,26
1240,0,1240,False,358
470,0,470,False,58
1284,0,1284,False,247
46,0,46,False,10
44,0,44,False,12
210,0,210,False,3
708,0,708,False,175
318,0,318,False,12
674,0,674,False,109
3158,0,3158,False,1115
145,0,145,False,0
998,0,998,False,88
660,0,660,False,62
276,0,276,False,38
349,0,349,False,38
720,0,720,False,252
403,0,403,False,35
434,0,434,False,58
537,0,537,False,100
261,0,261,False,13
519,0,519,False,77
534,0,534,False,101
466,0,466,False,115
393,0,393,False,54
881,0,881,False,78
1227,0,1227,False,90
235,0,235,False,5
67,0,67,False,19
276,0,276,False,30
219,0,219,False,40
371,0,371,False,29
549,0,549,False,63
74,0,74,False,20
288,0,288,False,38
141,0,141,False,18
448,0,448,False,70
726,0,726,False,115
691,0,691,False,121
1059,0,1059,False,240
575,0,575,False,191
551,0,551,False,76
167,0,167,False,5
203,0,203,False,38
618,0,618,False,80
882,0,882,False,159
308,0,308,False,36
1523,0,1523,False,413
849,0,849,False,321
49,0,49,False,12
449,0,449,False,45
1098,0,1098,False,385
128,0,128,False,0
55,0,55,False,15
540,0,540,False,73
216,0,216,False,2
150,0,150,False,4
254,0,254,False,14
98,0,98,False,35
281,0,281,False,31
398,0,398,False,33
719,0,719,False,121
727,0,727,False,113
200,0,200,False,6
725,0,725,False,92
428,0,428,False,52
276,0,276,False,21
1145,0,1145,False,229
153,0,153,False,48
165,0,165,False,5
1171,0,1171,False,386
373,0,373,False,12
88,0,88,False,21
417,0,417,False,49
320,0,320,False,18
77,0,77,False,19
260,0,260,False,33
229,0,229,False,7
54,0,54,False,20
360,0,360,False,9
249,0,249,False,18
557,0,557,False,254
591,0,591,False,141
1174,1,1173,True,676
316,0,316,False,37
2067,0,2067,False,926
533,0,533,False,96
584,0,584,False,203
826,0,826,False,213
717,0,717,False,183
312,0,312,False,41
373,0,373,False,126
629,0,629,False,147
510,0,510,False,44
463,0,463,False,25
216,0,216,False,11
229,0,229,False,36
695,0,695,False,114
26,0,26,False,0
80,0,80,False,21
875,0,875,False,141
557,0,557,False,70
159,0,159,False,4
182,0,182,False,9
554,0,554,False,59
144,0,144,False,4
754,0,754,False,66
923,0,923,False,112
888,0,888,False,90
219,0,219,False,9
301,0,301,False,58
206,0,206,False,7
271,0,271,False,40
265,0,265,False,2
79,0,79,False,25
868,0,868,False,152
547,0,547,False,79
569,0,569,False,71
311,0,311,False,12
50,0,50,False,0
438,0,438,False,54
729,0,729,False,118
180,0,180,False,3
168,0,168,False,5
443,0,443,False,21
520,0,520,False,74
386,0,386,False,48
140,0,140,False,19
239,0,239,False,5
629,0,629,False,83
246,0,246,False,39
1756,0,1756,False,721
1288,0,1288,False,289
56,0,56,False,14
409,0,409,False,69
168,0,168,False,8
325,0,325,False,38
1131,0,1131,False,402
468,0,468,False,27
158,0,158,False,1
1045,0,1045,False,95
1113,0,1113,False,97
530,0,530,False,73
1500,0,1500,False,644
51,0,51,False,18
863,0,863,False,141
692,0,692,False,184
460,0,460,False,64
230,0,230,False,12
119,0,119,False,0
734,0,734,False,148
717,0,717,False,90
635,0,635,False,111
293,0,293,False,9
43,0,43,False,13
1346,1,1345,True,788
924,0,924,False,81
433,0,433,False,57
45,0,45,False,16
248,0,248,False,21
139,0,139,False,0
363,0,363,False,15
264,0,264,False,11
639,0,639,False,89
662,0,662,False,115
237,0,237,False,7
247,0,247,False,23
32,0,32,False,0
1066,0,1066,False,377
469,0,469,False,38
1349,0,1349,False,551
325,0,325,False,45
332,0,332,False,19
176,0,176,False,2
618,1,617,True,331
556,0,556,False,56
64,0,64,False,20
1107,0,1107,False,386
210,0,210,False,5
373,0,373,False,10
554,0,554,False,45
376,0,376,False,25
1135,0,1135,False,127
35,0,35,False,6
1137,0,1137,False,331
429,0,429,False,47
442,0,442,False,73
68,0,68,False,18
175,0,175,False,67
316,0,316,False,48
46,0,46,False,11
176,0,176,False,7
47,0,47,False,11
824,0,824,False,155
454,0,454,False,103
437,0,437,False,21
358,0,358,False,45
1152,0,1152,False,198
962,0,962,False,336
717,0,717,False,230
1164,0,1164,False,387
1044,0,1044,False,335
321,0,321,False,48
32,0,32,False,3
72,0,72,False,21
35,0,35,False,6
691,0,691,False,100
342,0,342,False,27
47,0,47,False,18
520,0,520,False,63
626,0,626,False,86
736,0,736,False,123
171,0,171,False,6
1566,1,1565,True,909
364,0,364,False,23
698,0,698,False,101
97,0,97,False,37
920,0,920,False,81
313,0,313,False,36
951,0,951,False,72
390,0,390,False,31
1203,0,1203,False,90
307,0,307,False,31
202,0,202,False,5
976,0,976,False,72
1968,0,1968,False,588
598,0,598,False,240
330,0,330,False,22
209,0,209,False,6
352,0,352,False,39
642,0,642,False,174
1689,0,1689,False,346
73,0,73,False,22
1137,0,1137,False,498
330,0,330,False,35
91,0,91,False,37
67,0,67,False,16
53,0,53,False,17
855,0,855,False,65
68,0,68,False,21
572,0,572,False,70
142,0,142,False,14
337,0,337,False,41
610,0,610,False,80
543,0,543,False,77
497,0,497,False,68
1108,0,1108,False,93
371,0,371,False,126
293,0,293,False,10
581,0,581,False,46
856,0,856,False,319
136,0,136,False,4
782,0,782,False,113
346,0,346,False,52
215,0,215,False,30
353,0,353,False,19
703,0,703,False,104
575,0,575,False,52
278,0,278,False,33
474,0,474,False,59
267,0,267,False,29
599,0,599,False,119
222,0,222,False,23
1048,0,1048,False,253
1103,0,1103,False,271
791,0,791,False,145
915,0,915,False,289
222,0,222,False,31
839,0,839,False,150
634,0,634,False,73
128,0,128,False,1
300,0,300,False,33
452,0,452,False,47
317,0,317,False,44
534,0,534,False,66
648,0,648,False,89
464,0,464,False,27
292,0,292,False,47
887,0,887,False,152
392,0,392,False,67
292,0,292,False,27
460,0,460,False,25
1302,0,1302,False,331
405,0,405,False,53
453,0,453,False,63
909,0,909,False,89
45,0,45,False,12
1122,0,1122,False,371
50,0,50,False,15
561,0,561,False,55
122,0,122,False,2
727,0,727,False,115
889,0,889,False,102
277,0,277,False,14
467,0,467,False,56
465,0,465,False,27
249,0,249,False,13
650,0,650,False,106
867,0,867,False,185
447,0,447,False,60
408,0,408,False,48
60,0,60,False,14
185,0,185,False,2
621,0,621,False,74
703,0,703,False,106
307,0,307,False,21
1291,0,1291,False,305
1114,0,1114,False,220
251,0,251,False,26
179,0,179,False,2
170,0,170,False,1
924,0,924,False,160
554,0,554,False,73
673,0,673,False,92
457,0,457,False,71
1160,0,1160,False,304
1006,0,1006,False,131
970,0,970,False,91
274,0,274,False,4
755,0,755,False,106
1281,0,1281,False,320
596,0,596,False,59
254,0,254,False,17
599,0,599,False,144
403,0,403,False,11
1145,0,1145,False,325
407,0,407,False,83
555,0,555,False,60
602,0,602,False,142
583,0,583,False,87
38,0,38,False,3
372,0,372,False,52
275,0,275,False,3
470,0,470,False,55
171,0,171,False,1
281,0,281,False,33
457,0,457,False,21
275,0,275,False,11
718,0,718,False,263
45,0,45,False,13
944,0,944,False,318
926,0,926,False,107
941,0,941,False,84
1147,0,1147,False,334
268,0,268,False,34
321,0,321,False,8
185,0,185,False,12
277,0,277,False,6
1187,0,1187,False,84
272,0,272,False,4
197,0,197,False,1
209,0,209,False,6
848,0,848,False,61
849,0,849,False,321
843,0,843,False,315
606,0,606,False,99
1028,0,1028,False,305
672,0,672,False,174
277,0,277,False,18
319,0,319,False,37
744,0,744,False,66
284,0,284,False,31
494,0,494,False,54
871,0,871,False,152
156,0,156,False,4
237,0,237,False,21
407,0,407,False,44
1163,0,1163,False,181
742,0,742,False,108
366,0,366,False,31
73,0,73,False,22
305,0,305,False,30
1828,1,1827,True,986
116,0,116,False,3
311,0,311,False,38
241,0,241,False,29
90,0,90,False,6
139,0,139,False,19
628,0,628,False,235
488,0,488,False,50
996,0,996,False,316
45,0,45,False,14
938,0,938,False,179
246,0,246,False,4
677,0,677,False,73
108,0,108,False,4
78,0,78,False,24
494,0,494,False,66
325,0,325,False,13
1066,1,1065,True,707
173,0,173,False,5
1102,0,1102,False,176
261,0,261,False,56
2099,0,2099,False,1061
438,0,438,False,33
572,0,572,False,135
292,0,292,False,43
602,0,602,False,54
518,0,518,False,58
203,0,203,False,1
264,0,264,False,11
409,0,409,False,46
154,0,154,False,46
1128,0,1128,False,94
371,0,371,False,6
56,0,56,False,13
36,0,36,False,12
314,0,314,False,74
298,0,298,False,10
869,0,869,False,266
941,0,941,False,85
658,0,658,False,90
116,0,116,False,56
392,0,392,False,30
398,0,398,False,46
1260,0,1260,False,277
1002,0,1002,False,92
78,0,78,False,20
49,0,49,False,15
1097,0,1097,False,327
72,0,72,False,14
514,0,514,False,222
522,0,522,False,92
447,0,447,False,30
1075,0,1075,False,304
339,0,339,False,21
403,0,403,False,164
1125,0,1125,False,74
727,0,727,False,59
1806,0,1806,False,744
250,0,250,False,10
446,0,446,False,49
310,0,310,False,35
298,0,298,False,36
310,0,310,False,33
634,0,634,False,89
819,0,819,False,119
561,0,561,False,66
800,0,800,False,272
131,0,131,False,23
77,0,77,False,1
382,0,382,False,58
1150,0,1150,False,195
35,0,35,False,9
1157,0,1157,False,333
105,0,105,False,50
1220,0,1220,False,116
1211,0,1211,False,358
1092,0,1092,False,342
930,0,930,False,156
301,0,301,False,7
309,0,309,False,35
289,0,289,False,27
331,0,331,False,8
692,0,692,False,120
135,0,135,False,5
62,0,62,False,0
137,0,137,False,3
469,0,469,False,58
71,0,71,False,12
620,0,620,False,128
551,0,551,False,67
2218,0,2218,False,570
964,0,964,False,121
225,0,225,False,34
44,0,44,False,15
452,0,452,False,24
1155,0,1155,False,385
1881,0,1881,False,517
376,0,376,False,42
241,0,241,False,10
765,0,765,False,252
252,0,252,False,3
285,0,285,False,5
476,0,476,False,65
707,0,707,False,120
472,0,472,False,61
272,0,272,False,30
653,0,653,False,86
540,0,540,False,92
45,0,45,False,0
503,0,503,False,28
375,0,375,False,44
1286,0,1286,False,720
577,0,577,False,104
261,0,261,False,27
286,0,286,False,23
76,0,76,False,21
2141,0,2141,False,926
1141,0,1141,False,293
50,0,50,False,15
1050,0,1050,False,88
694,0,694,False,180
459,0,459,False,24
435,0,435,False,23
215,0,215,False,3
210,0,210,False,9
43,0,43,False,13
719,0,719,False,85
701,0,701,False,122
275,0,275,False,9
1469,0,1469,False,545
1392,0,1392,False,335
574,1,573,True,304
417,0,417,False,33
216,0,216,False,15
443,0,443,False,62
592,0,592,False,46
800,0,800,False,121
169,0,169,False,5
627,0,627,False,114
1918,0,1918,False,1000
1266,0,1266,False,716
412,0,412,False,22
172,0,172,False,0
1143,0,1143,False,185
520,0,520,False,105
429,0,429,False,51
1369,0,1369,False,381
49,0,49,False,15
875,0,875,False,148
1006,0,1006,False,81
937,0,937,False,106
1020,0,1020,False,302
724,0,724,False,107
359,0,359,False,23
896,0,896,False,106
1138,0,1138,False,326
516,0,516,False,76
34,0,34,False,4
677,0,677,False,178
371,0,371,False,24
996,0,996,False,312
711,0,711,False,261
162,0,162,False,73
235,0,235,False,12
576,0,576,False,89
1092,1,1091,True,624
80,0,80,False,17
772,0,772,False,176
75,0,75,False,23
254,0,254,False,41
1135,0,1135,False,316
316,0,316,False,37
326,0,326,False,22
340,0,340,False,21
398,0,398,False,43
380,0,380,False,23
1056,0,1056,False,302
1259,0,1259,False,107
254,0,254,False,5
633,0,633,False,83
561,0,561,False,46
292,0,292,False,24
883,0,883,False,151
1110,0,1110,False,472
361,0,361,False,23
1164,0,1164,False,496
223,0,223,False,32
181,0,181,False,1
52,0,52,False,13
966,0,966,False,70
781,0,781,False,45
1167,0,1167,False,500
237,0,237,False,19
701,0,701,False,112
1087,0,1087,False,323
405,0,405,False,49
780,0,780,False,157
580,0,580,False,165
77,0,77,False,22
301,0,301,False,8
861,0,861,False,265
162,0,162,False,27
629,0,629,False,171
598,0,598,False,142
238,0,238,False,7
44,0,44,False,11
1008,0,1008,False,135
609,0,609,False,78
1508,0,1508,False,485
772,0,772,False,60
324,0,324,False,9
581,0,581,False,229
740,0,740,False,120
645,0,645,False,75
1023,0,1023,False,113
1228,0,1228,False,358
396,0,396,False,57
424,0,424,False,92
446,0,446,False,61
228,0,228,False,13
799,0,799,False,280
274,0,274,False,12
274,0,274,False,25
570,0,570,False,84
843,0,843,False,126
411,0,411,False,51
291,0,291,False,6
1528,0,1528,False,533
282,0,282,False,4
869,0,869,False,178
623,0,623,False,157
1004,0,1004,False,133
114,0,114,False,73
886,0,886,False,160
1417,0,1417,False,510
228,0,228,False,1
214,0,214,False,3
784,0,784,False,231
562,0,562,False,130
253,0,253,False,14
1053,0,1053,False,370
1090,0,1090,False,90
326,0,326,False,15
631,0,631,False,84
638,0,638,False,85
96,0,96,False,4
26,0,26,False,3
1108,0,1108,False,92
352,0,352,False,37
87,0,87,False,22
291,0,291,False,11
52,0,52,False,9
191,0,191,False,3
427,0,427,False,53
1134,0,1134,False,374
144,0,144,False,18
138,0,138,False,25
856,0,856,False,325
45,0,45,False,13
657,0,657,False,97
479,0,479,False,65
41,0,41,False,15
815,0,815,False,64
30,0,30,False,4
542,0,542,False,81
252,0,252,False,1
375,0,375,False,25
261,0,261,False,8
267,0,267,False,41
330,0,330,False,46
160,0,160,False,6
956,0,956,False,72
271,0,271,False,3
31,0,31,False,7
276,0,276,False,39
226,1,225,True,114
638,0,638,False,76
796,0,796,False,122
552,0,552,False,65
31,0,31,False,6
507,0,507,False,31
604,0,604,False,83
285,0,285,False,30
1791,0,1791,False,825
215,0,215,False,1
1429,0,1429,False,462
449,0,449,False,45
624,0,624,False,121
274,0,274,False,31
304,0,304,False,17
237,0,237,False,15
202,0,202,False,2
1299,0,1299,False,468
292,0,292,False,30
735,0,735,False,261
284,0,284,False,18
721,0,721,False,281
126,0,126,False,1
264,0,264,False,10
1075,0,1075,False,264
1889,0,1889,False,615
542,0,542,False,47
338,0,338,False,24
968,0,968,False,91
323,0,323,False,35
1376,0,1376,False,506
1149,0,1149,False,378
1074,0,1074,False,294
80,0,80,False,25
483,0,483,False,59
140,0,140,False,4
569,0,569,False,135
59,0,59,False,17
472,0,472,False,127
543,0,543,False,93
561,0,561,False,68
233,0,233,False,28
259,0,259,False,32
463,0,463,False,48
1010,0,1010,False,93
200,0,200,False,5
404,0,404,False,104
346,0,346,False,23
288,0,288,False,11
1077,0,1077,False,59
341,0,341,False,45
771,0,771,False,153
565,0,565,False,137
98,0,98,False,45
319,0,319,False,51
325,0,325,False,40
1099,0,1099,False,120
397,0,397,False,43
178,0,178,False,2
739,0,739,False,202
529,0,529,False,42
285,0,285,False,36
154,0,154,False,22
763,0,763,False,257
956,0,956,False,258
1081,0,1081,False,85
310,0,310,False,23
362,0,362,False,25
267,0,267,False,18
581,0,581,False,89
1505,0,1505,False,388
267,0,267,False,10
215,0,215,False,2
319,0,319,False,38
236,0,236,False,48
658,0,658,False,89
446,0,446,False,52
47,0,47,False,15
349,0,349,False,38
218,0,218,False,107
177,0,177,False,1
192,0,192,False,4
541,0,541,False,85
872,0,872,False,152
375,0,375,False,23
283,0,283,False,5
533,0,533,False,63
375,0,375,False,73
1301,0,1301,False,321
39,0,39,False,7
607,0,607,False,113
307,0,307,False,5
482,0,482,False,68
670,0,670,False,133
542,0,542,False,102
981,0,981,False,335
471,0,471,False,26
690,0,690,False,110
288,0,288,False,16
884,0,884,False,143
174,0,174,False,8
76,0,76,False,23
338,0,338,False,22
593,0,593,False,79
559,0,559,False,42
643,0,643,False,121
319,0,319,False,12
52,0,52,False,8
160,0,160,False,5
824,0,824,False,153
1140,0,1140,False,104
1678,0,1678,False,344
238,0,238,False,5
76,0,76,False,21
214,0,214,False,24
580,0,580,False,205
860,0,860,False,71
701,0,701,False,113
708,0,708,False,283
1170,0,1170,False,340
600,0,600,False,77
347,0,347,False,37
307,0,307,False,42
147,0,147,False,58
1094,0,1094,False,387
302,0,302,False,35
631,0,631,False,67
160,0,160,False,4
251,0,251,False,26
722,0,722,False,92
152,0,152,False,3
201,0,201,False,8
126,0,126,False,25
579,0,579,False,79
196,0,196,False,1
98,0,98,False,4
987,0,987,False,130
632,0,632,False,65
179,0,179,False,16
414,0,414,False,16
278,0,278,False,11
694,0,694,False,100
157,0,157,False,6
492,0,492,False,62
45,0,45,False,15
152,0,152,False,4
477,0,477,False,77
448,0,448,False,25
325,0,325,False,9
581,0,581,False,140
45,0,45,False,16
121,0,121,False,1
208,0,208,False,10
587,0,587,False,71
143,0,143,False,19
278,0,278,False,32
1047,0,1047,False,87
333,0,333,False,25
238,0,238,False,15
362,0,362,False,47
86,0,86,False,8
1823,0,1823,False,743
160,0,160,False,70
808,0,808,False,125
73,0,73,False,22
1255,0,1255,False,107
302,0,302,False,31
234,0,234,False,5
971,0,971,False,104
281,0,281,False,18
1254,0,1254,False,327
402,0,402,False,30
334,0,334,False,28
236,0,236,False,5
666,0,666,False,83
707,0,707,False,113
1171,0,1171,False,404
45,0,45,False,12
282,0,282,False,33
653,0,653,False,191
791,0,791,False,120
95,0,95,False,44
449,0,449,False,41
1009,0,1009,False,84
724,0,724,False,195
443,0,443,False,61
939,0,939,False,247
953,0,953,False,120
148,0,148,False,13
476,0,476,False,31
341,0,341,False,21
184,0,184,False,13
287,0,287,False,12
555,0,555,False,74
70,0,70,False,22
443,0,443,False,61
217,0,217,False,20
1489,0,1489,False,327
87,0,87,False,14
170,0,170,False,1
324,0,324,False,20
318,0,318,False,41
306,0,306,False,7
985,0,985,False,343
265,0,265,False,31
215,0,215,False,2
201,0,201,False,21
300,0,300,False,13
1308,0,1308,False,739
285,0,285,False,4
493,0,493,False,32
943,0,943,False,307
342,0,342,False,35
584,0,584,False,89
255,0,255,False,16
614,0,614,False,79
73,0,73,False,20
242,0,242,False,5
392,0,392,False,62
247,0,247,False,22
356,0,356,False,37
33,0,33,False,8
198,0,198,False,2
539,0,539,False,89
119,0,119,False,44
210,0,210,False,5
716,0,716,False,116
271,0,271,False,11
70,0,70,False,18
276,0,276,False,11
734,0,734,False,198
986,0,986,False,82
464,0,464,False,51
298,0,298,False,12
452,0,452,False,21
620,0,620,False,122
295,0,295,False,7
515,0,515,False,55
227,0,227,False,33
212,0,212,False,5
511,0,511,False,61
2095,0,2095,False,996
231,0,231,False,11
732,0,732,False,68
165,0,165,False,9
1059,0,1059,False,371
695,0,695,False,104
670,0,670,False,255
299,0,299,False,25
731,0,731,False,99
598,0,598,False,141
46,0,46,False,11
752,0,752,False,261
456,0,456,False,23
359,0,359,False,9
463,0,463,False,27
454,0,454,False,25
972,0,972,False,92
334,0,334,False,24
1019,0,1019,False,287
499,0,499,False,93
226,0,226,False,2
573,0,573,False,136
599,0,599,False,234
349,0,349,False,59
56,0,56,False,2
681,0,681,False,48
144,0,144,False,3
1103,0,1103,False,89
305,0,305,False,33
1315,0,1315,False,464
452,0,452,False,24
490,0,490,False,66
413,0,413,False,14
254,0,254,False,16
546,0,546,False,44
228,0,228,False,1
646,0,646,False,105
355,0,355,False,35
53,0,53,False,17
595,0,595,False,143
579,0,579,False,206
54,0,54,False,12
226,0,226,False,7
994,0,994,False,169
176,0,176,False,12
374,0,374,False,38
800,0,800,False,138
253,0,253,False,19
573,0,573,False,34
338,0,338,False,27
708,0,708,False,227
520,0,520,False,69
323,0,323,False,16
454,0,454,False,67
183,0,183,False,7
311,0,311,False,40
36,0,36,False,12
168,0,168,False,1
659,0,659,False,78
97,0,97,False,37
627,0,627,False,90
457,0,457,False,21
668,0,668,False,99
1111,0,1111,False,188
89,0,89,False,12
382,0,382,False,50
395,0,395,False,58
117,0,117,False,3
745,0,745,False,256
227,0,227,False,2
523,0,523,False,42
604,0,604,False,117
375,0,375,False,50
141,0,141,False,0
717,0,717,False,212
702,0,702,False,98
287,0,287,False,6
364,0,364,False,103
1630,0,1630,False,586
408,0,408,False,30
434,0,434,False,50
217,0,217,False,8
347,0,347,False,37
726,0,726,False,82
324,0,324,False,29
195,0,195,False,18
352,0,352,False,39
202,0,202,False,161
128,0,128,False,27
645,0,645,False,99
233,0,233,False,28
697,0,697,False,82
354,0,354,False,31
280,0,280,False,22
148,0,148,False,58
583,0,583,False,93
207,0,207,False,4
49,0,49,False,10
476,0,476,False,46
415,0,415,False,69
705,0,705,False,89
89,0,89,False,0
639,0,639,False,76
258,0,258,False,31
781,0,781,False,107
390,0,390,False,46
1008,0,1008,False,292
706,0,706,False,180
1113,0,1113,False,95
204,0,204,False,5
598,0,598,False,141
982,0,982,False,340
201,0,201,False,5
77,0,77,False,22
618,0,618,False,119
411,0,411,False,105
275,0,275,False,14
857,0,857,False,325
324,0,324,False,50
174,0,174,False,9
289,0,289,False,39
254,0,254,False,31
327,0,327,False,69
822,0,822,False,130
222,0,222,False,3
62,0,62,False,20
898,0,898,False,79
655,0,655,False,96
517,0,517,False,52
447,0,447,False,42
518,0,518,False,52
609,0,609,False,145
687,0,687,False,113
428,0,428,False,53
289,0,289,False,27
136,0,136,False,4
1752,0,1752,False,560
413,0,413,False,79
715,0,715,False,84
48,0,48,False,15
36,0,36,False,6
157,0,157,False,60
277,0,277,False,3
543,0,543,False,72
123,0,123,False,3
625,0,625,False,86
43,0,43,False,14
267,0,267,False,26
164,0,164,False,1
121,0,121,False,0
3232,0,3232,False,1640
605,0,605,False,83
600,0,600,False,76
45,0,45,False,12
927,0,927,False,82
490,0,490,False,54
1345,0,1345,False,353
285,0,285,False,7
2159,0,2159,False,463
113,0,113,False,2
348,0,348,False,49
141,0,141,False,69
588,0,588,False,72
42,0,42,False,14
149,0,149,False,1
626,1,625,True,425
30,0,30,False,7
626,0,626,False,75
169,0,169,False,0
134,0,134,False,2
1384,0,1384,False,341
154,0,154,False,57
340,0,340,False,67
132,0,132,False,4
643,0,643,False,85
269,0,269,False,3
228,0,228,False,5
337,0,337,False,49
428,0,428,False,81
655,0,655,False,177
59,0,59,False,16
314,0,314,False,47
252,0,252,False,13
269,0,269,False,4
503,0,503,False,66
171,0,171,False,0
811,0,811,False,109
223,0,223,False,7
458,0,458,False,24
505,0,505,False,46
212,0,212,False,4
619,0,619,False,101
946,0,946,False,106
487,0,487,False,51
1132,0,1132,False,328
519,0,519,False,82
1329,0,1329,False,344
261,0,261,False,11
1019,0,1019,False,94
142,0,142,False,0
247,0,247,False,19
212,0,212,False,14
405,0,405,False,72
638,0,638,False,122
255,0,255,False,13
228,0,228,False,4
56,0,56,False,15
510,1,509,True,261
540,0,540,False,48
347,0,347,False,29
238,0,238,False,47
358,0,358,False,7
579,0,579,False,136
628,0,628,False,89
41,0,41,False,13
477,0,477,False,82
445,0,445,False,18
165,0,165,False,9
365,0,365,False,28
720,0,720,False,182
473,0,473,False,80
811,0,811,False,49
1632,0,1632,False,482
483,0,483,False,59
844,0,844,False,318
75,0,75,False,18
267,0,267,False,9
590,0,590,False,97
579,0,579,False,94
29,0,29,False,4
708,0,708,False,180
153,0,153,False,6
380,0,380,False,10
1151,0,1151,False,384
607,0,607,False,72
296,0,296,False,30
477,0,477,False,66
941,0,941,False,268
163,0,163,False,8
893,1,892,True,380
2248,0,2248,False,978
69,0,69,False,19
505,0,505,False,58
688,0,688,False,165
1807,0,1807,False,538
258,0,258,False,12
40,0,40,False,2
1051,0,1051,False,89
728,0,728,False,197
221,0,221,False,2
222,0,222,False,26
48,0,48,False,11
56,0,56,False,14
210,0,210,False,33
370,0,370,False,126
311,0,311,False,10
630,0,630,False,78
194,0,194,False,1
728,0,728,False,98
234,0,234,False,21
327,0,327,False,23
149,0,149,False,1
818,0,818,False,110
251,0,251,False,31
1695,0,1695,False,429
378,0,378,False,50
294,0,294,False,46
223,0,223,False,26
590,0,590,False,146
214,0,214,False,18
650,0,650,False,89
808,0,808,False,127
472,0,472,False,45
1372,0,1372,False,325
934,0,934,False,149
286,0,286,False,5
447,0,447,False,55
80,0,80,False,24
200,0,200,False,12
653,0,653,False,195
329,0,329,False,51
604,0,604,False,84
266,0,266,False,30
232,0,232,False,10
561,0,561,False,81
724,0,724,False,62
1056,0,1056,False,83
566,0,566,False,114
285,0,285,False,31
342,0,342,False,34
379,0,379,False,25
793,0,793,False,132
672,0,672,False,112
463,0,463,False,28
151,0,151,False,3
477,0,477,False,52
440,0,440,False,55
222,0,222,False,31
1001,0,1001,False,290
233,0,233,False,18
139,0,139,False,4
575,0,575,False,104
986,0,986,False,100
253,0,253,False,13
628,0,628,False,86
253,0,253,False,13
693,0,693,False,88
857,0,857,False,312
40,0,40,False,17
974,0,974,False,99
360,0,360,False,8
200,0,200,False,1
530,0,530,False,66
616,0,616,False,224
1752,0,1752,False,561
732,0,732,False,264
903,0,903,False,144
147,0,147,False,3
1144,0,1144,False,193
402,0,402,False,79
975,0,975,False,313
46,0,46,False,16
1473,0,1473,False,461
280,0,280,False,6
592,0,592,False,74
1385,0,1385,False,548
467,0,467,False,96
45,0,45,False,15
575,0,575,False,108
227,0,227,False,7
604,0,604,False,144
1213,0,1213,False,318
506,0,506,False,50
66,0,66,False,13
352,0,352,False,25
141,0,141,False,0
513,0,513,False,63
120,0,120,False,3
1016,0,1016,False,294
220,0,220,False,32
615,0,615,False,87
416,0,416,False,58
934,0,934,False,343
399,0,399,False,13
272,0,272,False,30
523,0,523,False,42
360,0,360,False,9
71,0,71,False,18
459,0,459,False,23
1167,0,1167,False,116
1172,0,1172,False,99
657,0,657,False,98
932,0,932,False,103
279,0,279,False,35
687,0,687,False,143
140,0,140,False,3
274,0,274,False,21
531,0,531,False,79
510,0,510,False,70
212,0,212,False,6
540,0,540,False,77
576,0,576,False,135
266,0,266,False,46
83,0,83,False,29
174,0,174,False,8
333,0,333,False,46
78,0,78,False,26
311,0,311,False,35
437,0,437,False,81
96,0,96,False,16
279,0,279,False,22
876,0,876,False,74
153,0,153,False,27
435,0,435,False,58
366,0,366,False,10
494,0,494,False,133
193,0,193,False,3
2348,1,2347,True,1517
1055,0,1055,False,108
530,0,530,False,77
438,0,438,False,14
193,0,193,False,9
819,0,819,False,111
223,0,223,False,0
173,0,173,False,2
185,0,185,False,2
395,0,395,False,55
1454,0,1454,False,424
280,0,280,False,33
368,0,368,False,125
164,0,164,False,0
215,0,215,False,11
1107,0,1107,False,395
863,0,863,False,263
181,0,181,False,2
411,0,411,False,11
701,0,701,False,260
327,0,327,False,9
1177,0,1177,False,509
746,0,746,False,116
555,0,555,False,47
46,0,46,False,11
138,0,138,False,4
946,0,946,False,115
561,0,561,False,48
218,0,218,False,6
144,0,144,False,61
278,0,278,False,34
104,0,104,False,8
640,0,640,False,83
1814,0,1814,False,574
545,0,545,False,38
1885,0,1885,False,614
555,0,555,False,44
290,0,290,False,24
79,0,79,False,23
152,0,152,False,19
996,0,996,False,91
937,0,937,False,112
363,0,363,False,27
1104,0,1104,False,393
650,0,650,False,85
308,0,308,False,21
795,0,795,False,109
252,0,252,False,24
1149,0,1149,False,195
817,0,817,False,110
1015,0,1015,False,338
232,0,232,False,18
302,0,302,False,8
357,0,357,False,35
1167,0,1167,False,496
315,0,315,False,47
266,0,266,False,3
703,0,703,False,275
94,0,94,False,31
227,0,227,False,15
49,0,49,False,14
1162,0,1162,False,263
529,0,529,False,61
569,0,569,False,186
424,0,424,False,11
528,0,528,False,81
907,0,907,False,78
258,0,258,False,21
130,0,130,False,49
391,0,391,False,48
561,0,561,False,105
953,0,953,False,114
227,0,227,False,8
291,0,291,False,24
614,0,614,False,85
96,0,96,False,32
292,0,292,False,36
359,0,359,False,22
405,0,405,False,47
258,0,258,False,13
832,0,832,False,54
242,0,242,False,4
592,0,592,False,71
51,0,51,False,16
562,0,562,False,84
318,0,318,False,43
419,0,419,False,22
710,0,710,False,93
491,0,491,False,70
642,0,642,False,88
50,0,50,False,13
471,0,471,False,77
488,0,488,False,67
470,0,470,False,44
583,0,583,False,115
1792,0,1792,False,680
794,0,794,False,138
480,0,480,False,66
978,0,978,False,237
317,0,317,False,55
899,0,899,False,339
555,0,555,False,42
530,0,530,False,71
215,0,215,False,2
798,0,798,False,114
439,0,439,False,39
645,0,645,False,81
599,0,599,False,239
794,0,794,False,119
644,0,644,False,122
150,0,150,False,52
192,0,192,False,0
593,0,593,False,229
1181,0,1181,False,349
578,0,578,False,65
350,0,350,False,33
338,0,338,False,67
356,0,356,False,41
171,0,171,False,1
721,0,721,False,264
1535,0,1535,False,479
710,0,710,False,84
672,0,672,False,88
588,0,588,False,70
355,0,355,False,33
592,1,591,True,319
45,0,45,False,10
113,0,113,False,22
119,0,119,False,0
648,0,648,False,246
1161,0,1161,False,257
437,0,437,False,70
708,0,708,False,159
962,0,962,False,90
1071,0,1071,False,301
764,0,764,False,124
222,0,222,False,2
435,0,435,False,53
493,0,493,False,46
1069,0,1069,False,199
239,0,239,False,27
237,0,237,False,4
170,0,170,False,1
167,0,167,False,6
241,0,241,False,34
666,0,666,False,75
46,0,46,False,10
260,0,260,False,10
385,0,385,False,59
726,0,726,False,194
125,0,125,False,4
174,0,174,False,9
756,0,756,False,55
475,0,475,False,73
84,0,84,False,21
511,0,511,False,57
875,0,875,False,71
785,0,785,False,136
675,0,675,False,53
666,0,666,False,180
1113,0,1113,False,396
248,0,248,False,34
187,0,187,False,2
372,0,372,False,62
1198,0,1198,False,484
640,0,640,False,100
143,0,143,False,19
458,0,458,False,23
275,0,275,False,40
1110,0,1110,False,222
978,0,978,False,75
73,0,73,False,20
66,0,66,False,18
396,0,396,False,35
959,0,959,False,72
281,0,281,False,15
718,0,718,False,96
968,0,968,False,338
1481,0,1481,False,330
236,0,236,False,26
532,0,532,False,93
341,0,341,False,23
403,0,403,False,58
631,0,631,False,111
262,0,262,False,30
937,0,937,False,342
77,0,77,False,19
288,0,288,False,9
46,0,46,False,3
280,0,280,False,6
865,0,865,False,301
599,0,599,False,111
656,0,656,False,89
72,0,72,False,18
474,0,474,False,50
520,0,520,False,98
47,0,47,False,16
1022,0,1022,False,358
725,0,725,False,96
189,0,189,False,2
183,0,183,False,12
974,0,974,False,339
842,0,842,False,64
485,0,485,False,52
387,0,387,False,46
697,0,697,False,102
636,0,636,False,92
1186,0,1186,False,112
497,0,497,False,85
211,0,211,False,3
464,0,464,False,27
139,0,139,False,3
644,0,644,False,83
304,0,304,False,19
662,0,662,False,86
530,0,530,False,86
921,0,921,False,112
227,0,227,False,12
582,0,582,False,136
659,0,659,False,246
620,0,620,False,76
383,0,383,False,31
655,0,655,False,247
169,0,169,False,1
434,0,434,False,54
1033,0,1033,False,90
275,0,275,False,36
92,0,92,False,31
707,0,707,False,54
1174,0,1174,False,502
251,0,251,False,25
2240,0,2240,False,518
590,0,590,False,79
494,1,493,True,257
79,0,79,False,25
96,0,96,False,44
1179,0,1179,False,98
194,0,194,False,40
106,0,106,False,3
1162,0,1162,False,386
1625,0,1625,False,693
408,0,408,False,12
640,0,640,False,91
319,0,319,False,34
60,0,60,False,15
308,0,308,False,37
868,0,868,False,181
777,0,777,False,124
1078,0,1078,False,88
1071,0,1071,False,98
1005,0,1005,False,63
712,0,712,False,90
370,0,370,False,57
984,0,984,False,70
552,0,552,False,132
36,0,36,False,7
344,0,344,False,22
757,0,757,False,56
461,0,461,False,50
756,0,756,False,276
246,0,246,False,10
635,0,635,False,86
38,0,38,False,13
375,0,375,False,31
177,0,177,False,8
358,0,358,False,5
389,0,389,False,32
332,0,332,False,50
476,0,476,False,61
270,0,270,False,3
273,0,273,False,3
350,0,350,False,38
246,0,246,False,4
249,0,249,False,2
446,0,446,False,21
271,0,271,False,32
241,0,241,False,4
80,0,80,False,21
274,0,274,False,38
58,0,58,False,22
297,0,297,False,39
281,0,281,False,7
469,0,469,False,136
190,0,190,False,58
90,0,90,False,27
985,0,985,False,160
328,0,328,False,103
932,0,932,False,346
2248,0,2248,False,976
2235,0,2235,False,518
496,0,496,False,203
48,0,48,False,14
228,0,228,False,6
303,0,303,False,32
876,0,876,False,75
931,0,931,False,205
588,0,588,False,141
2066,0,2066,False,926
366,0,366,False,22
730,0,730,False,109
933,0,933,False,102
496,0,496,False,35
1107,0,1107,False,73
1112,0,1112,False,398
163,0,163,False,5
324,0,324,False,6
206,0,206,False,108
395,0,395,False,47
289,0,289,False,8
514,0,514,False,53
726,0,726,False,285
836,0,836,False,151
223,0,223,False,18
1118,0,1118,False,492
446,0,446,False,52
505,0,505,False,43
453,0,453,False,24
1562,0,1562,False,541
1100,0,1100,False,79
171,0,171,False,8
300,0,300,False,33
592,0,592,False,143
445,0,445,False,40
532,0,532,False,135
454,0,454,False,21
314,0,314,False,44
411,0,411,False,12
54,0,54,False,3
650,0,650,False,94
535,0,535,False,85
286,0,286,False,21
1000,0,1000,False,333
284,0,284,False,27
450,0,450,False,59
99,0,99,False,33
182,0,182,False,5
359,0,359,False,10
395,0,395,False,57
430,0,430,False,41
229,0,229,False,12
357,0,357,False,56
302,0,302,False,30
2246,0,2246,False,976
1225,0,1225,False,106
98,0,98,False,34
1275,0,1275,False,207
706,0,706,False,84
285,0,285,False,36
208,0,208,False,22
661,0,661,False,112
882,1,881,True,468
1114,0,1114,False,81
210,0,210,False,5
171,0,171,False,7
1336,0,1336,False,333
230,0,230,False,19
314,0,314,False,39
1100,0,1100,False,392
32,0,32,False,0
163,0,163,False,1
518,0,518,False,78
159,0,159,False,3
218,0,218,False,25
673,0,673,False,128
649,0,649,False,55
81,0,81,False,24
712,0,712,False,116
365,0,365,False,38
78,0,78,False,19
329,0,329,False,40
1019,0,1019,False,318
38,0,38,False,11
284,0,284,False,33
321,0,321,False,45
580,0,580,False,64
777,0,777,False,158
447,0,447,False,49
336,0,336,False,40
580,0,580,False,136
857,0,857,False,327
291,0,291,False,22
159,0,159,False,7
1054,0,1054,False,84
2576,0,2576,False,949
530,0,530,False,74
593,0,593,False,98
58,0,58,False,19
247,0,247,False,22
1148,0,1148,False,413
751,0,751,False,253
369,0,369,False,10
893,0,893,False,320
944,0,944,False,113
77,0,77,False,19
192,0,192,False,5
504,0,504,False,76
564,0,564,False,86
359,0,359,False,38
141,0,141,False,0
261,0,261,False,10
307,0,307,False,36
489,0,489,False,41
269,0,269,False,10
547,0,547,False,47
46,0,46,False,15
459,0,459,False,67
303,0,303,False,39
465,0,465,False,77
1129,0,1129,False,493
53,0,53,False,10
193,0,193,False,2
976,0,976,False,73
387,0,387,False,52
35,0,35,False,11
302,0,302,False,12
1062,0,1062,False,321
417,0,417,False,18
54,0,54,False,13
779,0,779,False,294
576,0,576,False,135
1046,0,1046,False,76
647,0,647,False,161
966,0,966,False,86
480,0,480,False,64
294,0,294,False,19
1098,0,1098,False,85
1160,0,1160,False,338
1053,0,1053,False,98
1229,0,1229,False,120
70,0,70,False,1
246,0,246,False,13
1111,0,1111,False,80
438,0,438,False,57
996,0,996,False,87
76,0,76,False,18
159,0,159,False,7
122,0,122,False,55
747,0,747,False,59
961,0,961,False,347
77,0,77,False,22
238,0,238,False,7
364,0,364,False,10
847,0,847,False,55
593,0,593,False,139
286,0,286,False,32
303,0,303,False,6
830,0,830,False,91
733,0,733,False,103
239,0,239,False,20
73,0,73,False,24
608,0,608,False,188
309,0,309,False,36
357,0,357,False,24
670,0,670,False,255
785,0,785,False,266
453,0,453,False,21
589,0,589,False,155
163,0,163,False,5
158,0,158,False,70
624,0,624,False,92
274,0,274,False,4
256,0,256,False,5
592,0,592,False,100
481,0,481,False,50
257,0,257,False,28
993,0,993,False,182
631,0,631,False,116
686,0,686,False,88
172,0,172,False,1
374,0,374,False,12
722,0,722,False,94
284,0,284,False,30
695,0,695,False,126
40,0,40,False,14
692,0,692,False,121
615,0,615,False,151
591,0,591,False,80
686,0,686,False,87
137,0,137,False,50
1273,0,1273,False,106
715,0,715,False,84
229,0,229,False,12
788,0,788,False,111
366,0,366,False,10
494,0,494,False,28
684,0,684,False,229
82,0,82,False,21
711,0,711,False,255
634,0,634,False,80
265,0,265,False,4
325,0,325,False,23
135,0,135,False,6
582,1,581,True,308
310,0,310,False,36
223,0,223,False,33
706,0,706,False,118
419,0,419,False,51
606,0,606,False,78
716,0,716,False,275
33,0,33,False,0
56,0,56,False,17
1107,0,1107,False,308
155,0,155,False,4
250,0,250,False,21
367,0,367,False,68
797,0,797,False,113
580,0,580,False,114
269,0,269,False,9
476,0,476,False,30
220,0,220,False,22
400,0,400,False,22
158,0,158,False,3
471,0,471,False,73
1073,0,1073,False,162
593,0,593,False,71
262,0,262,False,25
259,0,259,False,4
532,1,531,True,298
285,0,285,False,36
139,0,139,False,4
339,0,339,False,33
714,0,714,False,120
1108,0,1108,False,397
305,0,305,False,41
602,0,602,False,143
1184,0,1184,False,113
467,0,467,False,198
436,0,436,False,63
1093,0,1093,False,91
319,0,319,False,42
319,0,319,False,30
278,0,278,False,27
913,0,913,False,319
712,0,712,False,264
566,0,566,False,83
217,0,217,False,2
287,0,287,False,16
554,0,554,False,79
382,0,382,False,25
315,0,315,False,35
716,0,716,False,230
977,0,977,False,136
264,0,264,False,24
143,0,143,False,61
354,0,354,False,71
411,0,411,False,226
43,0,43,False,14
486,0,486,False,52
736,0,736,False,53
548,0,548,False,44
586,0,586,False,138
378,0,378,False,27
380,0,380,False,50
234,0,234,False,14
1090,0,1090,False,95
213,0,213,False,8
463,0,463,False,26
263,0,263,False,19
569,0,569,False,77
935,0,935,False,143
529,0,529,False,95
306,0,306,False,28
1017,0,1017,False,91
703,0,703,False,91
631,0,631,False,101
1652,0,1652,False,408
111,0,111,False,29
132,0,132,False,48
1676,0,1676,False,473
617,0,617,False,131
406,0,406,False,31
340,0,340,False,47
699,0,699,False,94
1114,0,1114,False,374
96,0,96,False,33
599,0,599,False,142
460,0,460,False,200
1128,0,1128,False,193
146,0,146,False,24
349,0,349,False,49
1632,0,1632,False,320
447,0,447,False,57
920,0,920,False,85
308,0,308,False,33
694,0,694,False,106
279,0,279,False,37
685,0,685,False,113
218,0,218,False,2
1021,0,1021,False,90
521,0,521,False,46
1155,0,1155,False,261
262,0,262,False,27
1157,0,1157,False,339
722,0,722,False,189
357,0,357,False,23
47,0,47,False,0
93,0,93,False,30
170,0,170,False,6
323,0,323,False,27
515,0,515,False,67
635,0,635,False,81
845,0,845,False,319
195,0,195,False,11
973,0,973,False,96
601,0,601,False,142
68,0,68,False,26
532,0,532,False,62
414,0,414,False,69
325,0,325,False,19
942,0,942,False,115
856,0,856,False,319
286,0,286,False,5
142,0,142,False,10
753,0,753,False,126
990,0,990,False,161
1108,0,1108,False,133
676,0,676,False,91
1021,0,1021,False,95
584,0,584,False,66
599,0,599,False,141
194,0,194,False,106
191,0,191,False,3
92,0,92,False,41
313,0,313,False,39
1019,0,1019,False,228
745,0,745,False,266
1661,0,1661,False,404
123,0,123,False,1
1741,0,1741,False,1013
234,0,234,False,29
1021,0,1021,False,96
1152,0,1152,False,334
687,0,687,False,88
224,0,224,False,2
823,0,823,False,312
439,0,439,False,22
727,0,727,False,103
462,0,462,False,67
859,0,859,False,128
347,0,347,False,27
851,0,851,False,321
888,0,888,False,160
1510,0,1510,False,386
576,0,576,False,63
381,0,381,False,19
205,0,205,False,6
451,0,451,False,21
1273,0,1273,False,292
776,0,776,False,281
396,0,396,False,37
379,0,379,False,55
1056,0,1056,False,84
370,0,370,False,35
754,0,754,False,56
235,0,235,False,5
307,0,307,False,34
1305,0,1305,False,480
1161,0,1161,False,101
694,0,694,False,127
492,0,492,False,59
649,0,649,False,106
1061,0,1061,False,319
44,0,44,False,15
650,0,650,False,96
219,0,219,False,18
221,0,221,False,6
704,0,704,False,91
104,0,104,False,30
387,0,387,False,61
286,0,286,False,89
274,0,274,False,5
855,0,855,False,75
1054,0,1054,False,87
247,0,247,False,10
693,0,693,False,121
571,0,571,False,128
480,0,480,False,86
575,0,575,False,205
673,0,673,False,85
267,0,267,False,15
648,0,648,False,33
420,0,420,False,83
697,0,697,False,245
284,0,284,False,28
539,0,539,False,127
195,0,195,False,2
1132,0,1132,False,357
540,0,540,False,58
408,0,408,False,11
68,0,68,False,25
593,0,593,False,141
907,0,907,False,67
333,0,333,False,38
613,0,613,False,145
231,0,231,False,12
573,0,573,False,51
1299,0,1299,False,328
476,0,476,False,40
71,0,71,False,0
287,0,287,False,5
581,0,581,False,136
17,0,17,False,0
218,0,218,False,2
1700,0,1700,False,953
314,0,314,False,17
78,0,78,False,24
216,0,216,False,2
822,0,822,False,141
370,0,370,False,10
54,0,54,False,17
170,0,170,False,1
568,0,568,False,70
1180,0,1180,False,296
1108,0,1108,False,126
45,0,45,False,15
346,0,346,False,10
247,0,247,False,14
659,0,659,False,241
150,0,150,False,3
778,0,778,False,227
604,0,604,False,76
388,0,388,False,50
231,0,231,False,49
910,0,910,False,88
389,0,389,False,63
1162,0,1162,False,344
661,0,661,False,120
555,0,555,False,82
560,0,560,False,69
693,0,693,False,121
604,0,604,False,238
654,0,654,False,109
1057,0,1057,False,85
875,0,875,False,70
916,0,916,False,80
1048,0,1048,False,250
336,0,336,False,67
824,0,824,False,325
619,0,619,False,89
1090,0,1090,False,265
646,1,645,True,330
142,0,142,False,4
1103,0,1103,False,387
83,0,83,False,23
930,0,930,False,334
842,0,842,False,54
1164,0,1164,False,183
926,0,926,False,311
694,0,694,False,174
713,0,713,False,270
78,0,78,False,22
391,0,391,False,52
172,0,172,False,16
1536,0,1536,False,373
883,0,883,False,150
121,0,121,False,4
48,0,48,False,16
148,0,148,False,56
985,0,985,False,90
386,0,386,False,104
299,0,299,False,10
645,0,645,False,135
414,0,414,False,54
244,0,244,False,50
311,0,311,False,25
415,0,415,False,77
89,0,89,False,7
753,0,753,False,105
43,0,43,False,11
669,0,669,False,182
973,0,973,False,125
652,0,652,False,94
562,0,562,False,134
559,0,559,False,82
293,0,293,False,25
40,0,40,False,17
619,0,619,False,112
146,0,146,False,56
479,0,479,False,23
659,0,659,False,98
697,0,697,False,96
400,0,400,False,43
80,0,80,False,27
161,0,161,False,19
399,0,399,False,47
479,0,479,False,50
569,0,569,False,140
314,0,314,False,42
299,0,299,False,32
323,0,323,False,10
677,0,677,False,114
402,0,402,False,27
40,0,40,False,12
1160,0,1160,False,388
549,0,549,False,82
317,0,317,False,12
333,0,333,False,22
645,0,645,False,93
229,0,229,False,4
937,0,937,False,104
352,0,352,False,30
279,0,279,False,33
357,0,357,False,7
1005,0,1005,False,293
580,0,580,False,201
212,0,212,False,7
249,0,249,False,26
171,0,171,False,13
1424,0,1424,False,612
181,0,181,False,19
497,0,497,False,58
1941,0,1941,False,651
421,0,421,False,53
188,0,188,False,12
661,0,661,False,72
157,0,157,False,4
571,0,571,False,53
929,0,929,False,83
521,0,521,False,83
1104,0,1104,False,166
578,0,578,False,135
109,0,109,False,3
225,0,225,False,14
54,0,54,False,10
122,0,122,False,0
299,0,299,False,42
333,0,333,False,36
343,0,343,False,45
296,0,296,False,37
646,0,646,False,243
235,0,235,False,29
298,0,298,False,36
39,0,39,False,14
615,0,615,False,74
1544,0,1544,False,414
671,0,671,False,181
271,0,271,False,29
860,0,860,False,265
491,0,491,False,66
587,0,587,False,65
816,0,816,False,297
493,0,493,False,53
355,0,355,False,6
459,0,459,False,22
725,0,725,False,93
278,0,278,False,11
811,0,811,False,109
649,0,649,False,102
550,0,550,False,80
642,0,642,False,90
1570,0,1570,False,382
1289,0,1289,False,708
1054,0,1054,False,89
111,0,111,False,43
547,0,547,False,63
779,0,779,False,143
603,0,603,False,241
237,0,237,False,6
757,0,757,False,110
1330,1,1329,True,794
940,0,940,False,109
942,1,941,True,532
37,0,37,False,8
517,0,517,False,62
160,0,160,False,66
730,0,730,False,110
1221,0,1221,False,119
412,0,412,False,69
678,0,678,False,114
549,0,549,False,83
1090,0,1090,False,364
510,0,510,False,90
654,0,654,False,100
402,1,401,True,203
942,0,942,False,112
92,0,92,False,12
578,0,578,False,67
373,0,373,False,35
95,0,95,False,34
909,0,909,False,305
135,0,135,False,54
111,0,111,False,22
721,0,721,False,266
659,0,659,False,89
45,0,45,False,12
590,0,590,False,95
224,0,224,False,11
257,0,257,False,16
132,0,132,False,4
457,0,457,False,66
586,0,586,False,203
493,0,493,False,61
70,0,70,False,19
122,0,122,False,2
245,0,245,False,12
510,0,510,False,76
521,0,521,False,148
220,0,220,False,2
203,0,203,False,3
251,0,251,False,14
46,0,46,False,16
198,0,198,False,11
331,0,331,False,15
729,0,729,False,125
95,0,95,False,39
806,0,806,False,153
592,0,592,False,77
639,0,639,False,168
133,0,133,False,2
35,0,35,False,10
722,0,722,False,120
707,0,707,False,179
236,0,236,False,10
476,0,476,False,122
1140,0,1140,False,292
2079,0,2079,False,899
76,0,76,False,22
381,0,381,False,84
1107,0,1107,False,166
484,0,484,False,27
622,0,622,False,218
76,0,76,False,21
592,0,592,False,140
235,0,235,False,10
329,0,329,False,27
91,0,91,False,11
681,0,681,False,108
1106,0,1106,False,394
263,0,263,False,33
192,0,192,False,12
993,0,993,False,312
639,0,639,False,246
259,0,259,False,75
718,0,718,False,108
1783,0,1783,False,324
639,0,639,False,117
423,0,423,False,38
207,0,207,False,2
79,0,79,False,19
407,0,407,False,69
265,0,265,False,14
648,0,648,False,238
918,0,918,False,80
959,0,959,False,365
732,0,732,False,236
1162,0,1162,False,180
723,0,723,False,288
935,0,935,False,104
580,0,580,False,136
624,0,624,False,229
46,0,46,False,11
363,0,363,False,10
365,0,365,False,39
1446,0,1446,False,500
373,0,373,False,12
507,0,507,False,75
302,0,302,False,12
1157,0,1157,False,333
141,0,141,False,0
1138,0,1138,False,381
376,0,376,False,51
46,0,46,False,12
455,0,455,False,27
738,0,738,False,99
50,0,50,False,16
626,0,626,False,115
644,0,644,False,247
307,0,307,False,17
154,0,154,False,56
1061,0,1061,False,101
739,0,739,False,249
614,0,614,False,169
618,0,618,False,88
414,0,414,False,49
2069,0,2069,False,651
630,0,630,False,125
393,0,393,False,48
331,0,331,False,9
356,0,356,False,66
731,0,731,False,111
211,0,211,False,15
854,0,854,False,324
1766,0,1766,False,508
505,0,505,False,134
228,0,228,False,12
934,0,934,False,85
925,0,925,False,81
687,0,687,False,118
329,0,329,False,25
230,0,230,False,12
517,0,517,False,50
475,0,475,False,83
135,0,135,False,4
385,0,385,False,51
395,0,395,False,54
609,0,609,False,137
473,0,473,False,25
51,0,51,False,16
283,0,283,False,36
517,0,517,False,55
292,0,292,False,35
247,0,247,False,12
902,0,902,False,246
789,0,789,False,142
733,0,733,False,60
124,0,124,False,3
330,0,330,False,38
588,0,588,False,42
760,0,760,False,111
735,0,735,False,98
723,0,723,False,128
583,0,583,False,205
945,0,945,False,227
479,0,479,False,39
182,0,182,False,1
137,0,137,False,3
345,0,345,False,11
523,0,523,False,81
565,0,565,False,142
60,0,60,False,16
675,0,675,False,86
442,0,442,False,22
139,0,139,False,4
1076,0,1076,False,171
796,0,796,False,64
235,0,235,False,6
263,0,263,False,7
45,0,45,False,15
413,0,413,False,68
745,0,745,False,115
481,0,481,False,26
329,0,329,False,35
222,0,222,False,7
168,0,168,False,3
705,0,705,False,186
594,0,594,False,70
79,0,79,False,23
421,0,421,False,54
992,0,992,False,126
35,0,35,False,12
590,0,590,False,142
328,0,328,False,9
1079,0,1079,False,99
439,0,439,False,22
1188,1,1187,True,630
75,0,75,False,20
796,0,796,False,128
150,0,150,False,1
753,0,753,False,94
276,0,276,False,6
289,0,289,False,10
1151,0,1151,False,197
292,0,292,False,6
47,0,47,False,15
313,0,313,False,27
441,0,441,False,57
997,0,997,False,377
83,0,83,False,9
949,0,949,False,118
528,0,528,False,122
875,0,875,False,270
293,0,293,False,33
253,0,253,False,33
354,0,354,False,28
604,0,604,False,137
980,0,980,False,84
469,0,469,False,53
249,0,249,False,28
46,0,46,False,10
665,0,665,False,262
557,0,557,False,81
77,0,77,False,7
146,0,146,False,50
282,0,282,False,5
300,0,300,False,26
399,0,399,False,59
228,0,228,False,1
615,0,615,False,71
241,0,241,False,11
870,0,870,False,220
194,0,194,False,2
304,0,304,False,33
663,0,663,False,94
160,0,160,False,58
416,0,416,False,60
361,0,361,False,23
1154,0,1154,False,338
466,0,466,False,27
287,0,287,False,8
309,0,309,False,51
1103,0,1103,False,102
216,0,216,False,26
945,0,945,False,83
549,0,549,False,70
1353,0,1353,False,337
728,0,728,False,189
778,0,778,False,141
257,0,257,False,3
327,0,327,False,68
333,0,333,False,21
878,0,878,False,196
645,0,645,False,198
475,0,475,False,114
821,0,821,False,141
614,0,614,False,82
552,0,552,False,70
37,0,37,False,8
621,0,621,False,84
510,0,510,False,46
548,0,548,False,152
456,0,456,False,27
29,0,29,False,5
193,0,193,False,0
169,0,169,False,10
358,0,358,False,7
460,0,460,False,58
52,0,52,False,17
781,0,781,False,63
921,0,921,False,90
147,0,147,False,3
424,0,424,False,42
1138,0,1138,False,381
147,0,147,False,62
526,0,526,False,85
1111,0,1111,False,95
105,0,105,False,33
289,0,289,False,43
677,0,677,False,177
1239,0,1239,False,287
90,0,90,False,40
593,0,593,False,92
725,0,725,False,80
191,0,191,False,2
301,0,301,False,33
912,0,912,False,305
273,0,273,False,3
581,0,581,False,46
559,0,559,False,93
605,0,605,False,118
418,0,418,False,14
947,0,947,False,74
430,0,430,False,58
601,0,601,False,54
753,0,753,False,121
50,0,50,False,17
224,0,224,False,3
524,0,524,False,75
179,0,179,False,28
266,0,266,False,13
51,0,51,False,16
827,0,827,False,114
1307,0,1307,False,138
586,0,586,False,114
610,0,610,False,137
235,0,235,False,12
47,0,47,False,13
360,0,360,False,8
496,0,496,False,44
253,0,253,False,11
993,0,993,False,93
307,0,307,False,89
72,0,72,False,23
645,0,645,False,87
822,0,822,False,289
1825,0,1825,False,744
662,0,662,False,97
312,0,312,False,18
154,0,154,False,6
298,0,298,False,29
652,0,652,False,127
490,0,490,False,60
661,0,661,False,176
256,0,256,False,13
338,0,338,False,18
153,0,153,False,6
344,0,344,False,43
667,0,667,False,174
141,0,141,False,0
275,0,275,False,28
1108,0,1108,False,75
763,0,763,False,253
1141,0,1141,False,263
651,0,651,False,97
812,0,812,False,147
98,0,98,False,33
710,0,710,False,75
420,0,420,False,11
464,0,464,False,33
406,0,406,False,12
306,0,306,False,13
394,0,394,False,8
580,0,580,False,97
399,0,399,False,29
242,0,242,False,10
365,0,365,False,26
633,0,633,False,87
89,0,89,False,13
623,0,623,False,79
623,0,623,False,87
773,0,773,False,68
352,0,352,False,37
276,0,276,False,4
579,0,579,False,203
463,0,463,False,79
1119,0,1119,False,87
562,0,562,False,90
223,0,223,False,1
1486,0,1486,False,445
1079,0,1079,False,473
258,0,258,False,14
298,0,298,False,48
650,0,650,False,123
285,0,285,False,21
476,0,476,False,87
322,0,322,False,34
210,0,210,False,11
80,0,80,False,24
760,0,760,False,55
590,0,590,False,136
724,0,724,False,286
314,0,314,False,31
94,0,94,False,44
511,0,511,False,134
97,0,97,False,21
741,0,741,False,257
729,0,729,False,65
152,0,152,False,2
55,0,55,False,21
480,0,480,False,49
464,0,464,False,42
1156,0,1156,False,180
218,0,218,False,8
865,0,865,False,329
640,0,640,False,134
465,0,465,False,30
560,0,560,False,89
167,0,167,False,5
407,0,407,False,56
2179,0,2179,False,1101
515,0,515,False,101
413,0,413,False,17
812,0,812,False,272
319,0,319,False,39
1157,0,1157,False,380
1230,0,1230,False,97
1151,0,1151,False,385
159,0,159,False,18
228,0,228,False,45
443,0,443,False,48
667,0,667,False,106
356,0,356,False,68
227,0,227,False,5
404,0,404,False,37
668,0,668,False,55
749,0,749,False,245
626,0,626,False,87
147,0,147,False,4
540,0,540,False,82
34,0,34,False,8
395,0,395,False,32
542,0,542,False,96
552,0,552,False,78
743,0,743,False,109
290,0,290,False,21
852,0,852,False,320
206,0,206,False,0
620,0,620,False,224
534,0,534,False,72
696,0,696,False,98
365,0,365,False,9
71,0,71,False,3
673,0,673,False,70
670,0,670,False,100
606,0,606,False,142
144,0,144,False,56
531,0,531,False,69
1169,0,1169,False,248
522,0,522,False,42
48,0,48,False,14
297,0,297,False,24
223,0,223,False,4
473,0,473,False,50
467,0,467,False,50
857,0,857,False,133
292,0,292,False,7
474,0,474,False,52
504,0,504,False,110
1015,0,1015,False,301
32,0,32,False,7
346,0,346,False,44
440,0,440,False,52
1006,0,1006,False,63
254,0,254,False,47
270,0,270,False,49
298,0,298,False,38
533,0,533,False,77
790,0,790,False,145
990,0,990,False,129
1232,0,1232,False,107
579,0,579,False,202
415,0,415,False,72
595,0,595,False,100
210,0,210,False,4
984,0,984,False,294
199,0,199,False,1
595,0,595,False,108
1157,0,1157,False,182
279,0,279,False,30
446,0,446,False,22
57,0,57,False,21
713,0,713,False,96
396,0,396,False,52
354,0,354,False,52
551,0,551,False,69
265,0,265,False,9
682,0,682,False,91
413,0,413,False,46
1443,0,1443,False,378
268,0,268,False,14
235,0,235,False,37
233,0,233,False,12
421,0,421,False,16
983,0,983,False,346
713,0,713,False,125
41,0,41,False,12
1090,0,1090,False,392
977,0,977,False,341
456,0,456,False,67
939,0,939,False,268
544,0,544,False,105
374,0,374,False,12
247,0,247,False,19
134,0,134,False,4
452,0,452,False,20
520,0,520,False,33
804,0,804,False,123
273,0,273,False,17
324,0,324,False,45
527,0,527,False,36
249,0,249,False,19
199,0,199,False,31
984,0,984,False,87
551,0,551,False,77
291,0,291,False,38
677,0,677,False,84
47,0,47,False,11
801,0,801,False,120
136,0,136,False,3
132,0,132,False,52
375,0,375,False,20
1531,0,1531,False,466
1030,0,1030,False,262
111,0,111,False,50
264,0,264,False,25
426,0,426,False,58
852,0,852,False,323
1160,0,1160,False,338
1214,0,1214,False,523
277,0,277,False,5
543,0,543,False,116
286,0,286,False,29
506,0,506,False,53
137,0,137,False,0
44,0,44,False,14
913,0,913,False,187
598,0,598,False,86
277,0,277,False,13
652,0,652,False,241
722,0,722,False,93
473,0,473,False,32
555,0,555,False,87
260,0,260,False,18
525,0,525,False,67
765,0,765,False,255
1857,0,1857,False,434
300,0,300,False,35
1162,0,1162,False,187
406,0,406,False,46
361,0,361,False,23
246,0,246,False,31
314,0,314,False,18
733,0,733,False,269
172,0,172,False,8
941,0,941,False,115
997,0,997,False,76
166,0,166,False,1
334,0,334,False,26
46,0,46,False,13
417,0,417,False,18
466,0,466,False,80
2020,0,2020,False,899
91,0,91,False,24
796,0,796,False,142
692,0,692,False,179
119,0,119,False,3
139,0,139,False,52
1201,0,1201,False,333
1821,0,1821,False,742
1766,0,1766,False,797
1094,0,1094,False,163
1095,0,1095,False,342
147,0,147,False,0
1069,0,1069,False,303
327,0,327,False,22
770,0,770,False,133
147,0,147,False,0
256,0,256,False,12
120,0,120,False,3
964,0,964,False,337
293,0,293,False,25
720,0,720,False,280
927,0,927,False,86
1068,0,1068,False,323
245,0,245,False,9
96,0,96,False,41
60,0,60,False,2
680,0,680,False,107
335,0,335,False,17
325,0,325,False,16
194,0,194,False,2
255,0,255,False,20
156,0,156,False,4
274,0,274,False,26
349,0,349,False,37
428,0,428,False,54
571,0,571,False,134
1052,0,1052,False,82
595,0,595,False,82
604,0,604,False,58
675,0,675,False,267
362,0,362,False,8
309,0,309,False,39
290,0,290,False,35
565,0,565,False,67
587,0,587,False,138
435,0,435,False,86
340,0,340,False,8
59,0,59,False,17
425,0,425,False,14
833,0,833,False,277
2042,0,2042,False,914
699,0,699,False,143
605,0,605,False,237
689,0,689,False,92
434,0,434,False,62
651,0,651,False,84
699,0,699,False,103
682,0,682,False,81
467,0,467,False,28
315,0,315,False,39
606,0,606,False,154
307,0,307,False,36
1156,0,1156,False,302
939,0,939,False,79
293,0,293,False,23
56,0,56,False,16
172,0,172,False,3
802,0,802,False,299
231,0,231,False,22
615,0,615,False,220
77,0,77,False,24
738,0,738,False,98
488,0,488,False,70
639,0,639,False,169
155,0,155,False,3
342,0,342,False,30
505,0,505,False,71
577,0,577,False,135
254,0,254,False,14
715,0,715,False,238
356,0,356,False,68
1237,0,1237,False,319
43,0,43,False,15
254,1,253,True,133
473,0,473,False,128
722,0,722,False,97
86,0,86,False,22
266,0,266,False,4
464,0,464,False,25
1275,0,1275,False,299
718,0,718,False,280
146,0,146,False,3
138,0,138,False,5
500,0,500,False,32
1152,0,1152,False,384
293,0,293,False,23
321,0,321,False,19
556,0,556,False,88
704,0,704,False,247
200,0,200,False,1
559,0,559,False,61
529,0,529,False,80
548,0,548,False,52
340,0,340,False,46
285,0,285,False,36
427,0,427,False,70
771,0,771,False,132
49,0,49,False,13
343,0,343,False,47
331,0,331,False,21
147,0,147,False,0
577,0,577,False,129
613,0,613,False,113
1172,0,1172,False,383
385,0,385,False,73
272,0,272,False,11
1162,0,1162,False,460
417,0,417,False,15
578,0,578,False,110
263,0,263,False,8
101,0,101,False,14
256,0,256,False,32
1350,0,1350,False,348
495,0,495,False,52
100,0,100,False,10
672,0,672,False,174
898,0,898,False,157
1254,0,1254,False,240
328,0,328,False,19
1112,0,1112,False,387
381,0,381,False,48
306,0,306,False,11
644,0,644,False,86
981,0,981,False,197
196,0,196,False,5
361,0,361,False,50
287,0,287,False,8
335,0,335,False,24
285,0,285,False,39
413,0,413,False,48
144,0,144,False,60
164,0,164,False,6
274,0,274,False,35
136,0,136,False,14
75,0,75,False,19
942,0,942,False,68
310,0,310,False,31
586,0,586,False,143
719,0,719,False,286
304,0,304,False,11
539,0,539,False,82
801,0,801,False,241
365,0,365,False,25
186,0,186,False,2
283,0,283,False,5
239,0,239,False,3
260,0,260,False,26
284,0,284,False,31
1151,0,1151,False,196
350,0,350,False,39
516,0,516,False,54
724,0,724,False,96
1251,0,1251,False,326
227,0,227,False,16
325,0,325,False,35
138,0,138,False,2
263,0,263,False,15
472,0,472,False,30
614,0,614,False,84
1011,0,1011,False,83
656,0,656,False,87
979,0,979,False,95
93,0,93,False,35
129,0,129,False,13
296,0,296,False,13
746,0,746,False,104
1029,0,1029,False,179
178,0,178,False,6
2037,0,2037,False,756
227,0,227,False,24
607,0,607,False,239
1188,0,1188,False,239
484,0,484,False,28
127,0,127,False,0
275,0,275,False,5
725,0,725,False,231
48,0,48,False,17
170,0,170,False,0
303,0,303,False,15
85,0,85,False,20
73,0,73,False,22
327,0,327,False,45
618,0,618,False,119
667,0,667,False,178
254,0,254,False,32
1025,0,1025,False,239
1663,0,1663,False,516
2119,0,2119,False,458
497,0,497,False,47
523,0,523,False,75
600,0,600,False,84
344,0,344,False,50
287,0,287,False,27
606,0,606,False,230
289,0,289,False,39
255,0,255,False,5
89,0,89,False,35
940,0,940,False,81
1162,0,1162,False,385
216,0,216,False,19
325,0,325,False,36
391,0,391,False,47
540,0,540,False,77
94,0,94,False,36
720,0,720,False,233
283,0,283,False,29
876,0,876,False,149
290,0,290,False,49
1011,0,1011,False,294
1296,0,1296,False,329
48,0,48,False,14
488,0,488,False,95
860,0,860,False,327
462,0,462,False,26
162,0,162,False,105
939,0,939,False,110
1161,0,1161,False,340
118,0,118,False,45
1872,0,1872,False,522
174,0,174,False,8
939,0,939,False,80
553,0,553,False,75
177,0,177,False,7
692,0,692,False,117
316,0,316,False,31
707,0,707,False,118
870,0,870,False,72
278,0,278,False,8
366,0,366,False,27
1287,0,1287,False,415
536,0,536,False,90
142,1,141,True,92
888,0,888,False,145
122,0,122,False,2
78,0,78,False,30
560,0,560,False,75
1516,0,1516,False,468
331,0,331,False,24
405,0,405,False,48
205,0,205,False,4
1151,0,1151,False,331
1172,0,1172,False,79
379,0,379,False,31
284,0,284,False,31
269,0,269,False,4
485,0,485,False,65
99,0,99,False,19
850,0,850,False,63
339,0,339,False,45
155,0,155,False,7
46,0,46,False,9
996,0,996,False,129
461,0,461,False,53
75,0,75,False,14
178,0,178,False,1
1160,0,1160,False,389
76,0,76,False,21
493,0,493,False,27
91,0,91,False,31
424,0,424,False,11
298,0,298,False,8
219,0,219,False,2
300,0,300,False,54
498,0,498,False,45
1058,0,1058,False,371
990,0,990,False,189
692,0,692,False,121
639,0,639,False,89
258,0,258,False,2
1898,0,1898,False,540
38,1,37,True,18
177,0,177,False,11
50,0,50,False,17
1021,0,1021,False,155
322,0,322,False,36
340,0,340,False,21
639,0,639,False,119
434,0,434,False,35
1602,0,1602,False,442
499,0,499,False,50
325,0,325,False,36
253,0,253,False,5
546,0,546,False,66
657,0,657,False,73
2257,0,2257,False,585
385,0,385,False,47
688,0,688,False,97
211,0,211,False,3
605,0,605,False,143
1056,0,1056,False,86
2276,0,2276,False,559
941,0,941,False,128
976,0,976,False,75
448,0,448,False,27
629,0,629,False,77
728,0,728,False,117
634,0,634,False,78
250,0,250,False,12
671,0,671,False,100
514,0,514,False,52
224,0,224,False,3
313,0,313,False,8
556,0,556,False,73
633,0,633,False,87
534,0,534,False,123
215,0,215,False,2
600,0,600,False,87
516,0,516,False,53
584,0,584,False,69
488,0,488,False,68
256,0,256,False,5
372,0,372,False,38
1167,0,1167,False,239
579,0,579,False,135
27,0,27,False,0
88,0,88,False,34
131,0,131,False,11
187,0,187,False,2
1164,0,1164,False,496
344,0,344,False,52
462,0,462,False,27
296,0,296,False,8
68,0,68,False,17
1150,0,1150,False,107
629,0,629,False,240
653,0,653,False,227
502,0,502,False,56
381,0,381,False,50
2065,0,2065,False,925
46,0,46,False,12
408,0,408,False,12
1234,0,1234,False,435
1163,0,1163,False,385
213,0,213,False,65
262,0,262,False,40
329,0,329,False,32
80,0,80,False,27
297,0,297,False,26
300,0,300,False,16
1572,0,1572,False,360
977,0,977,False,95
358,0,358,False,35
341,0,341,False,9
210,0,210,False,4
655,0,655,False,248
491,0,491,False,51
792,0,792,False,102
1513,0,1513,False,422
178,0,178,False,6
249,0,249,False,19
130,0,130,False,14
2220,0,2220,False,576
95,0,95,False,30
339,0,339,False,22
193,0,193,False,5
644,0,644,False,94
333,0,333,False,30
515,0,515,False,60
1264,0,1264,False,106
1045,0,1045,False,97
455,0,455,False,22
690,0,690,False,122
1049,0,1049,False,80
247,0,247,False,36
748,0,748,False,117
218,0,218,False,11
305,0,305,False,30
874,0,874,False,149
158,0,158,False,4
86,0,86,False,35
131,0,131,False,14
386,0,386,False,42
103,0,103,False,43
260,0,260,False,16
464,0,464,False,49
934,0,934,False,262
1632,0,1632,False,506
1109,0,1109,False,286
612,0,612,False,63
1487,0,1487,False,605
581,0,581,False,55
620,0,620,False,74
1533,0,1533,False,654
1242,0,1242,False,293
435,0,435,False,52
46,0,46,False,13
599,0,599,False,141
924,0,924,False,155
142,0,142,False,28
785,0,785,False,102
542,0,542,False,41
579,0,579,False,57
833,0,833,False,167
331,0,331,False,25
447,0,447,False,22
665,0,665,False,93
2712,1,2711,True,1782
94,0,94,False,32
665,0,665,False,99
78,0,78,False,24
1208,0,1208,False,241
99,0,99,False,50
671,0,671,False,88
211,0,211,False,3
466,0,466,False,47
389,0,389,False,54
671,0,671,False,117
163,0,163,False,59
569,0,569,False,68
84,0,84,False,21
1312,0,1312,False,351
188,0,188,False,12
238,0,238,False,7
432,0,432,False,54
731,0,731,False,145
635,0,635,False,95
195,0,195,False,2
626,0,626,False,74
2376,0,2376,False,808
553,0,553,False,85
73,0,73,False,22
411,0,411,False,12
1164,0,1164,False,181
972,0,972,False,127
394,0,394,False,11
529,0,529,False,76
1237,0,1237,False,99
233,0,233,False,6
195,0,195,False,18
147,0,147,False,0
1221,0,1221,False,93
446,0,446,False,49
275,0,275,False,11
161,0,161,False,4
236,0,236,False,35
564,0,564,False,65
868,0,868,False,147
48,0,48,False,14
1226,0,1226,False,99
446,0,446,False,41
332,0,332,False,53
412,0,412,False,33
249,0,249,False,27
352,0,352,False,48
637,0,637,False,81
976,0,976,False,371
1066,0,1066,False,321
1361,0,1361,False,310
606,0,606,False,166
374,0,374,False,11
205,0,205,False,3
318,0,318,False,42
438,1,437,True,229
137,0,137,False,63
1097,0,1097,False,396
953,0,953,False,226
556,0,556,False,82
625,0,625,False,81
115,0,115,False,16
46,0,46,False,12
1105,0,1105,False,189
93,0,93,False,0
859,0,859,False,144
476,1,475,True,258
266,0,266,False,29
162,0,162,False,4
1065,0,1065,False,98
333,0,333,False,25
2394,0,2394,False,1203
277,0,277,False,3
344,0,344,False,34
866,0,866,False,264
33,0,33,False,9
400,0,400,False,45
607,0,607,False,144
121,0,121,False,1
136,0,136,False,27
519,0,519,False,109
1527,0,1527,False,467
402,0,402,False,114
535,0,535,False,81
662,0,662,False,253
361,0,361,False,25
355,0,355,False,33
729,0,729,False,64
2296,1,2295,True,1241
526,0,526,False,44
161,0,161,False,6
227,0,227,False,8
1480,0,1480,False,345
282,0,282,False,21
223,0,223,False,34
674,0,674,False,88
1116,0,1116,False,223
543,0,543,False,79
447,0,447,False,71
689,0,689,False,231
236,0,236,False,25
696,0,696,False,124
1195,0,1195,False,100
659,0,659,False,95
378,0,378,False,39
47,0,47,False,1
297,0,297,False,39
290,0,290,False,39
629,0,629,False,82
716,0,716,False,263
645,0,645,False,102
596,0,596,False,240
461,0,461,False,27
1090,0,1090,False,96
1244,0,1244,False,119
1000,0,1000,False,335
231,0,231,False,10
1004,0,1004,False,293
365,0,365,False,39
178,0,178,False,2
1240,0,1240,False,123
590,0,590,False,97
734,0,734,False,98
803,0,803,False,118
982,0,982,False,184
35,0,35,False,8
197,0,197,False,5
675,0,675,False,89
878,0,878,False,147
636,0,636,False,99
583,0,583,False,136
482,0,482,False,69
596,0,596,False,82
125,0,125,False,43
294,0,294,False,41
46,0,46,False,14
86,0,86,False,61
274,0,274,False,4
790,0,790,False,138
936,0,936,False,179
80,0,80,False,26
378,0,378,False,40
627,0,627,False,84
571,0,571,False,194
1201,0,1201,False,233
1038,0,1038,False,232
405,0,405,False,12
1035,0,1035,False,84
508,0,508,False,46
1237,0,1237,False,101
149,0,149,False,3
281,0,281,False,30
38,0,38,False,12
337,0,337,False,46
76,0,76,False,21
935,0,935,False,343
419,0,419,False,62
258,0,258,False,26
480,0,480,False,79
1036,0,1036,False,94
266,0,266,False,13
530,0,530,False,89
1928,1,1927,True,1047
663,0,663,False,62
385,0,385,False,8
282,0,282,False,4
1016,0,1016,False,38
200,0,200,False,19
919,0,919,False,118
485,0,485,False,75
140,0,140,False,59
79,0,79,False,17
401,0,401,False,58
683,0,683,False,78
217,0,217,False,3
86,0,86,False,35
1102,0,1102,False,188
605,0,605,False,143
1325,0,1325,False,349
342,0,342,False,42
499,0,499,False,46
938,0,938,False,115
36,0,36,False,5
94,0,94,False,33
192,0,192,False,3
867,0,867,False,139
473,0,473,False,50
1275,0,1275,False,207
857,0,857,False,137
558,0,558,False,94
661,0,661,False,176
961,0,961,False,103
672,0,672,False,101
934,0,934,False,112
596,0,596,False,67
641,0,641,False,241
1080,0,1080,False,347
358,0,358,False,9
384,0,384,False,13
456,0,456,False,51
352,0,352,False,33
229,0,229,False,8
1052,0,1052,False,87
535,0,535,False,122
655,0,655,False,174
854,0,854,False,322
473,0,473,False,44
749,0,749,False,103
280,0,280,False,23
391,0,391,False,46
476,0,476,False,31
420,0,420,False,33
317,0,317,False,6
562,0,562,False,68
302,0,302,False,36
874,0,874,False,216
662,0,662,False,81
669,0,669,False,105
1109,0,1109,False,385
257,0,257,False,16
220,0,220,False,9
42,0,42,False,7
415,0,415,False,41
532,0,532,False,78
467,0,467,False,32
484,0,484,False,66
195,0,195,False,55
717,0,717,False,119
256,0,256,False,24
391,0,391,False,53
653,0,653,False,75
656,0,656,False,174
633,0,633,False,87
834,0,834,False,66
1039,0,1039,False,295
101,0,101,False,38
858,0,858,False,324
653,0,653,False,164
218,0,218,False,32
302,0,302,False,12
1108,0,1108,False,288
866,0,866,False,146
167,0,167,False,1
176,0,176,False,6
881,0,881,False,76
368,0,368,False,52
580,0,580,False,109
213,0,213,False,11
568,0,568,False,62
347,0,347,False,26
47,0,47,False,9
1165,0,1165,False,386
46,0,46,False,11
426,0,426,False,68
120,0,120,False,0
33,0,33,False,6
622,0,622,False,225
171,0,171,False,5
1068,0,1068,False,298
315,0,315,False,42
140,0,140,False,19
254,0,254,False,2
500,0,500,False,35
252,0,252,False,29
561,0,561,False,70
372,0,372,False,10
146,0,146,False,19
470,0,470,False,77
398,0,398,False,56
264,0,264,False,3
271,0,271,False,20
1106,0,1106,False,394
874,0,874,False,72
75,0,75,False,18
177,0,177,False,7
290,0,290,False,12
623,0,623,False,77
123,0,123,False,19
499,0,499,False,81
710,0,710,False,180
173,0,173,False,0
397,0,397,False,43
859,0,859,False,322
968,0,968,False,69
195,0,195,False,7
939,0,939,False,107
208,0,208,False,6
584,0,584,False,69
1218,0,1218,False,102
57,0,57,False,14
290,0,290,False,31
893,0,893,False,321
453,0,453,False,45
709,0,709,False,126
649,0,649,False,99
840,0,840,False,64
154,0,154,False,26
527,0,527,False,73
1437,0,1437,False,495
262,0,262,False,29
705,0,705,False,144
364,0,364,False,125
527,0,527,False,63
66,0,66,False,24
44,0,44,False,13
300,0,300,False,11
1326,0,1326,False,429
625,0,625,False,86
612,0,612,False,102
108,0,108,False,9
527,0,527,False,67
56,0,56,False,15
248,0,248,False,34
273,0,273,False,4
725,0,725,False,148
1695,0,1695,False,479
514,0,514,False,46
1026,0,1026,False,188
682,0,682,False,109
562,0,562,False,89
52,0,52,False,9
617,0,617,False,86
478,0,478,False,59
93,0,93,False,35
597,0,597,False,238
33,0,33,False,6
773,0,773,False,126
427,0,427,False,48
252,0,252,False,30
321,0,321,False,39
68,0,68,False,20
295,0,295,False,10
599,0,599,False,46
211,0,211,False,3
399,0,399,False,129
231,0,231,False,12
194,0,194,False,2
326,0,326,False,19
399,0,399,False,24
631,0,631,False,115
590,0,590,False,54
729,0,729,False,105
532,0,532,False,72
1154,0,1154,False,385
1237,0,1237,False,117
738,0,738,False,101
324,0,324,False,71
808,0,808,False,125
865,0,865,False,73
394,0,394,False,12
268,0,268,False,17
34,0,34,False,10
652,0,652,False,93
55,0,55,False,13
406,0,406,False,27
794,0,794,False,143
334,0,334,False,46
150,0,150,False,25
1440,0,1440,False,494
146,0,146,False,1
556,0,556,False,74
213,0,213,False,3
1092,0,1092,False,146
492,0,492,False,106
404,0,404,False,29
1037,0,1037,False,84
409,0,409,False,11
313,0,313,False,43
254,0,254,False,16
608,0,608,False,221
472,0,472,False,42
70,0,70,False,19
904,0,904,False,85
705,0,705,False,93
164,0,164,False,8
557,0,557,False,185
1064,0,1064,False,243
242,0,242,False,13
347,0,347,False,37
201,0,201,False,3
177,0,177,False,5
889,0,889,False,341
217,0,217,False,0
278,0,278,False,6
1151,0,1151,False,384
597,0,597,False,76
648,0,648,False,130
819,0,819,False,311
100,0,100,False,31
466,0,466,False,110
281,0,281,False,35
186,0,186,False,60
228,0,228,False,8
187,0,187,False,2
403,0,403,False,56
447,0,447,False,37
920,0,920,False,342
1034,0,1034,False,367
254,0,254,False,16
1144,0,1144,False,296
546,0,546,False,84
124,0,124,False,0
326,0,326,False,8
357,0,357,False,39
353,0,353,False,35
47,0,47,False,16
1164,0,1164,False,198
153,0,153,False,29
297,0,297,False,37
365,0,365,False,25
595,0,595,False,54
308,0,308,False,15
885,0,885,False,76
177,0,177,False,0
239,0,239,False,6
632,0,632,False,82
551,0,551,False,40
138,0,138,False,19
140,0,140,False,13
514,0,514,False,60
515,0,515,False,68
360,0,360,False,55
779,0,779,False,299
695,0,695,False,106
593,0,593,False,76
936,0,936,False,111
649,0,649,False,132
77,0,77,False,21
944,0,944,False,90
309,0,309,False,41
38,0,38,False,14
711,0,711,False,89
522,0,522,False,78
414,0,414,False,74
123,0,123,False,4
239,0,239,False,5
290,0,290,False,36
637,0,637,False,76
371,0,371,False,32
355,0,355,False,21
79,0,79,False,21
685,0,685,False,243
177,0,177,False,0
418,0,418,False,89
169,0,169,False,7
1202,0,1202,False,585
119,0,119,False,1
440,0,440,False,21
398,0,398,False,31
197,0,197,False,6
301,0,301,False,17
1085,0,1085,False,383
857,0,857,False,258
158,0,158,False,35
336,0,336,False,44
518,0,518,False,44
598,0,598,False,143
317,0,317,False,32
859,0,859,False,325
369,0,369,False,10
1265,0,1265,False,104
173,0,173,False,78
606,0,606,False,76
177,0,177,False,0
79,0,79,False,16
230,0,230,False,1
580,0,580,False,132
972,0,972,False,341
759,0,759,False,256
2071,0,2071,False,474
44,0,44,False,11
577,0,577,False,89
544,0,544,False,83
593,0,593,False,75
1045,0,1045,False,117
614,0,614,False,136
160,0,160,False,11
450,0,450,False,49
707,0,707,False,123
241,0,241,False,9
176,0,176,False,9
518,0,518,False,59
278,0,278,False,34
390,0,390,False,43
48,0,48,False,12
1272,0,1272,False,691
1160,0,1160,False,335
300,0,300,False,29
461,0,461,False,25
308,0,308,False,6
764,0,764,False,69
173,0,173,False,10
387,0,387,False,37
321,0,321,False,27
54,0,54,False,11
339,0,339,False,45
154,0,154,False,61
46,0,46,False,10
72,0,72,False,22
656,0,656,False,88
464,0,464,False,60
268,0,268,False,26
502,0,502,False,58
1336,0,1336,False,436
234,0,234,False,39
182,0,182,False,12
560,0,560,False,67
380,0,380,False,25
184,0,184,False,13
405,0,405,False,68
255,0,255,False,12
28,0,28,False,4
320,0,320,False,13
233,0,233,False,30
326,0,326,False,8
468,0,468,False,37
1213,0,1213,False,522
1221,0,1221,False,338
44,0,44,False,13
711,0,711,False,101
38,0,38,False,11
361,0,361,False,9
1104,0,1104,False,385
666,0,666,False,82
171,0,171,False,8
562,0,562,False,70
1088,0,1088,False,309
605,0,605,False,72
138,0,138,False,4
241,0,241,False,12
640,0,640,False,101
409,0,409,False,11
691,0,691,False,137
285,0,285,False,29
526,0,526,False,43
51,0,51,False,14
611,0,611,False,154
892,0,892,False,80
1152,0,1152,False,182
396,0,396,False,104
142,0,142,False,60
48,0,48,False,17
313,0,313,False,64
75,0,75,False,19
382,0,382,False,10
713,0,713,False,105
870,0,870,False,91
278,0,278,False,26
717,0,717,False,121
154,0,154,False,16
332,0,332,False,44
873,0,873,False,261
712,0,712,False,88
405,0,405,False,38
626,0,626,False,132
524,0,524,False,62
156,0,156,False,7
664,1,663,True,381
204,0,204,False,28
1292,0,1292,False,137
496,0,496,False,58
76,0,76,False,19
212,0,212,False,9
88,0,88,False,36
806,0,806,False,126
238,0,238,False,13
374,0,374,False,126
464,0,464,False,30
849,0,849,False,87
189,0,189,False,17
317,0,317,False,52
348,0,348,False,48
131,0,131,False,27
95,0,95,False,21
362,0,362,False,10
536,0,536,False,84
191,0,191,False,2
557,0,557,False,183
120,0,120,False,3
880,0,880,False,142
264,0,264,False,29
380,0,380,False,13
353,0,353,False,40
384,0,384,False,46
166,0,166,False,3
446,0,446,False,47
411,0,411,False,22
889,0,889,False,142
234,0,234,False,13
1016,0,1016,False,281
754,0,754,False,328
268,0,268,False,25
1082,0,1082,False,66
518,0,518,False,72
403,0,403,False,65
669,0,669,False,100
808,1,807,True,457
442,0,442,False,17
354,0,354,False,6
144,0,144,False,1
309,0,309,False,35
233,0,233,False,28
74,0,74,False,17
27,0,27,False,5
349,0,349,False,9
443,0,443,False,41
1209,0,1209,False,321
669,0,669,False,99
460,0,460,False,25
161,0,161,False,6
61,0,61,False,20
560,0,560,False,68
303,0,303,False,56
291,0,291,False,29
464,0,464,False,27
524,0,524,False,63
251,0,251,False,24
261,0,261,False,11
760,0,760,False,45
600,0,600,False,94
1062,0,1062,False,89
275,0,275,False,7
766,0,766,False,117
281,0,281,False,22
458,0,458,False,55
705,0,705,False,118
77,0,77,False,21
713,0,713,False,230
148,0,148,False,27
252,0,252,False,11
49,0,49,False,13
1590,0,1590,False,663
547,0,547,False,58
412,0,412,False,52
285,0,285,False,21
437,0,437,False,71
293,0,293,False,13
354,0,354,False,42
179,0,179,False,11
917,0,917,False,72
412,0,412,False,106
457,0,457,False,195
295,0,295,False,10
582,0,582,False,86
870,0,870,False,81
2010,0,2010,False,447
156,0,156,False,6
325,0,325,False,7
712,0,712,False,261
165,0,165,False,1
1182,0,1182,False,316
1331,0,1331,False,389
594,0,594,False,70
124,0,124,False,3
457,0,457,False,24
173,0,173,False,12
37,0,37,False,12
571,0,571,False,47
77,0,77,False,24
655,0,655,False,94
840,0,840,False,313
1185,0,1185,False,179
312,0,312,False,29
889,0,889,False,315
1014,0,1014,False,87
957,0,957,False,77
254,0,254,False,9
713,0,713,False,145
236,0,236,False,4
401,0,401,False,57
154,0,154,False,23
685,0,685,False,119
646,0,646,False,104
133,0,133,False,53
56,0,56,False,18
1255,0,1255,False,331
764,0,764,False,261
69,0,69,False,14
447,0,447,False,60
600,0,600,False,76
590,0,590,False,114
790,0,790,False,136
387,0,387,False,11
191,0,191,False,3
376,0,376,False,20
54,0,54,False,13
179,0,179,False,7
555,0,555,False,45
763,0,763,False,142
42,0,42,False,17
703,0,703,False,94
53,0,53,False,10
936,0,936,False,102
1108,0,1108,False,391
128,0,128,False,3
465,0,465,False,48
200,0,200,False,1
875,0,875,False,143
1010,0,1010,False,101
966,0,966,False,335
452,0,452,False,81
617,0,617,False,227
59,0,59,False,14
71,0,71,False,18
283,0,283,False,23
1263,0,1263,False,106
235,0,235,False,8
422,0,422,False,18
696,0,696,False,101
93,0,93,False,33
314,0,314,False,50
402,0,402,False,44
327,0,327,False,39
185,0,185,False,12
463,0,463,False,104
1023,0,1023,False,136
412,0,412,False,40
330,0,330,False,25
173,0,173,False,9
80,0,80,False,23
1407,0,1407,False,472
177,0,177,False,11
287,0,287,False,10
781,0,781,False,135
374,0,374,False,46
438,0,438,False,53
2426,1,2425,True,1489
91,0,91,False,35
1005,0,1005,False,90
1164,0,1164,False,389
53,0,53,False,15
336,0,336,False,33
214,0,214,False,10
304,0,304,False,26
712,0,712,False,93
511,0,511,False,59
829,0,829,False,293
194,0,194,False,24
281,0,281,False,14
77,0,77,False,22
458,0,458,False,24
708,0,708,False,121
45,0,45,False,11
169,0,169,False,2
197,0,197,False,2
50,0,50,False,14
151,0,151,False,23
82,0,82,False,23
80,0,80,False,13
394,0,394,False,51
214,0,214,False,5
581,0,581,False,63
574,0,574,False,136
192,0,192,False,1
47,0,47,False,14
93,0,93,False,38
419,0,419,False,46
499,0,499,False,98
648,0,648,False,85
806,0,806,False,124
396,0,396,False,53
416,0,416,False,14
126,0,126,False,0
729,0,729,False,198
217,0,217,False,1
88,0,88,False,32
781,0,781,False,139
262,0,262,False,13
296,0,296,False,25
548,0,548,False,64
229,0,229,False,31
925,0,925,False,100
420,0,420,False,13
346,0,346,False,35
704,0,704,False,94
255,0,255,False,11
335,0,335,False,66
253,0,253,False,11
44,0,44,False,14
505,0,505,False,41
679,0,679,False,87
2056,0,2056,False,471
330,0,330,False,36
990,0,990,False,102
105,0,105,False,30
281,0,281,False,25
279,0,279,False,3
268,0,268,False,11
1238,0,1238,False,119
45,0,45,False,12
876,0,876,False,142
882,0,882,False,187
642,0,642,False,88
342,0,342,False,42
235,0,235,False,11
1122,0,1122,False,482
706,0,706,False,90
499,0,499,False,102
392,0,392,False,42
332,0,332,False,24
44,0,44,False,13
488,0,488,False,62
236,0,236,False,43
554,0,554,False,74
286,0,286,False,38
372,0,372,False,39
367,0,367,False,45
150,0,150,False,55
266,0,266,False,17
559,0,559,False,51
413,0,413,False,33
991,0,991,False,93
708,0,708,False,150
20,0,20,False,5
414,0,414,False,12
371,0,371,False,11
137,0,137,False,6
329,0,329,False,7
210,0,210,False,2
308,0,308,False,28
157,0,157,False,3
414,0,414,False,16
1009,0,1009,False,292
1100,0,1100,False,363
337,0,337,False,42
335,0,335,False,47
519,0,519,False,52
190,0,190,False,3
875,0,875,False,310
740,0,740,False,103
512,0,512,False,148
877,0,877,False,170
212,0,212,False,8
338,0,338,False,69
214,0,214,False,5
43,0,43,False,7
671,0,671,False,264
736,0,736,False,254
254,0,254,False,31
1101,0,1101,False,323
394,0,394,False,34
255,0,255,False,2
951,0,951,False,94
49,0,49,False,16
1857,0,1857,False,676
148,0,148,False,6
763,0,763,False,261
310,0,310,False,38
718,0,718,False,113
566,0,566,False,66
46,0,46,False,12
179,0,179,False,16
1052,0,1052,False,315
310,0,310,False,35
1422,0,1422,False,374
727,0,727,False,258
238,0,238,False,7
350,0,350,False,21
308,0,308,False,36
530,0,530,False,68
678,0,678,False,106
636,1,635,True,354
370,0,370,False,45
169,0,169,False,1
362,0,362,False,22
563,0,563,False,54
190,0,190,False,2
85,0,85,False,21
285,0,285,False,32
1019,0,1019,False,282
1095,0,1095,False,315
360,0,360,False,18
489,0,489,False,68
325,0,325,False,74
428,0,428,False,80
2163,0,2163,False,481
140,0,140,False,45
177,0,177,False,0
399,0,399,False,54
215,0,215,False,2
210,0,210,False,4
184,0,184,False,6
211,0,211,False,4
1026,0,1026,False,95
44,0,44,False,12
1963,0,1963,False,421
423,0,423,False,19
485,0,485,False,76
552,0,552,False,71
466,0,466,False,57
358,0,358,False,7
1941,0,1941,False,548
818,0,818,False,146
1111,0,1111,False,396
757,0,757,False,57
378,0,378,False,44
984,0,984,False,343
601,0,601,False,64
2150,0,2150,False,954
630,0,630,False,57
717,0,717,False,63
547,0,547,False,80
203,0,203,False,3
1920,0,1920,False,625
594,0,594,False,141
987,0,987,False,86
350,0,350,False,35
1148,0,1148,False,326
111,0,111,False,43
165,0,165,False,31
46,0,46,False,8
306,0,306,False,15
437,0,437,False,55
55,0,55,False,14
497,0,497,False,34
642,0,642,False,89
52,0,52,False,17
1032,0,1032,False,227
545,0,545,False,42
326,0,326,False,38
939,0,939,False,253
1002,0,1002,False,343
1016,0,1016,False,100
499,0,499,False,56
311,0,311,False,13
888,0,888,False,313
556,0,556,False,79
170,0,170,False,7
1134,0,1134,False,75
368,0,368,False,37
798,0,798,False,117
262,0,262,False,9
1004,0,1004,False,81
939,0,939,False,344
556,0,556,False,140
293,0,293,False,23
34,0,34,False,6
884,0,884,False,190
600,0,600,False,149
288,0,288,False,32
1016,0,1016,False,297
666,0,666,False,222
178,0,178,False,16
601,0,601,False,88
524,0,524,False,44
582,0,582,False,136
388,0,388,False,53
303,0,303,False,41
744,0,744,False,258
694,0,694,False,81
433,0,433,False,57
1007,0,1007,False,94
622,0,622,False,81
800,0,800,False,322
143,0,143,False,4
674,0,674,False,237
1316,0,1316,False,357
72,0,72,False,18
320,0,320,False,21
75,0,75,False,0
1151,0,1151,False,385
548,0,548,False,68
146,0,146,False,65
261,0,261,False,17
270,0,270,False,26
272,0,272,False,42
765,0,765,False,259
91,0,91,False,42
618,0,618,False,168
421,0,421,False,15
560,0,560,False,87
276,0,276,False,11
589,0,589,False,73
283,0,283,False,40
265,0,265,False,23
639,0,639,False,167
652,0,652,False,164
297,0,297,False,11
565,0,565,False,137
208,0,208,False,6
754,0,754,False,96
597,0,597,False,56
1103,0,1103,False,395
546,0,546,False,67
540,0,540,False,79
280,0,280,False,32
353,0,353,False,39
234,0,234,False,19
676,0,676,False,111
306,0,306,False,13
553,0,553,False,63
69,0,69,False,0
591,0,591,False,77
751,0,751,False,69
868,0,868,False,161
709,0,709,False,96
1219,0,1219,False,339
316,0,316,False,23
383,0,383,False,59
310,0,310,False,37
308,0,308,False,27
277,0,277,False,15
427,0,427,False,63
528,0,528,False,96
587,0,587,False,44
3624,1,3623,True,2260
581,0,581,False,118
312,0,312,False,36
284,0,284,False,18
261,0,261,False,30
462,0,462,False,69
888,0,888,False,160
768,0,768,False,277
279,0,279,False,20
233,0,233,False,12
211,0,211,False,7
233,0,233,False,6
39,0,39,False,10
260,0,260,False,28
1002,0,1002,False,537
125,0,125,False,1
274,0,274,False,5
881,0,881,False,145
126,0,126,False,15
549,0,549,False,67
281,0,281,False,27
379,0,379,False,33
667,0,667,False,86
95,0,95,False,9
602,0,602,False,76
646,0,646,False,91
767,0,767,False,267
818,0,818,False,50
1162,0,1162,False,386
471,0,471,False,26
103,0,103,False,17
637,0,637,False,93
499,0,499,False,91
444,0,444,False,54
512,0,512,False,56
1213,0,1213,False,312
400,0,400,False,104
503,0,503,False,46
218,0,218,False,28
71,0,71,False,13
456,0,456,False,70
639,0,639,False,87
292,0,292,False,36
592,0,592,False,72
781,0,781,False,127
296,0,296,False,35
950,0,950,False,68
396,0,396,False,10
151,0,151,False,61
735,0,735,False,242
424,0,424,False,54
495,0,495,False,131
581,0,581,False,204
641,0,641,False,94
411,0,411,False,105
811,0,811,False,48
251,0,251,False,5
147,0,147,False,0
868,0,868,False,157
382,0,382,False,56
753,0,753,False,119
708,0,708,False,118
43,0,43,False,9
629,0,629,False,84
2119,0,2119,False,572
454,0,454,False,22
294,0,294,False,34
533,0,533,False,67
39,0,39,False,13
160,0,160,False,6
376,0,376,False,36
47,0,47,False,11
384,0,384,False,104
565,0,565,False,64
927,0,927,False,126
790,0,790,False,140
416,0,416,False,60
989,0,989,False,127
451,0,451,False,24
347,0,347,False,18
46,0,46,False,10
34,0,34,False,10
317,0,317,False,36
1617,0,1617,False,406
453,0,453,False,51
273,0,273,False,40
1032,1,1031,True,597
270,0,270,False,28
1348,0,1348,False,579
674,0,674,False,105
590,0,590,False,93
290,0,290,False,7
540,0,540,False,44
594,0,594,False,140
464,0,464,False,58
520,0,520,False,111
84,0,84,False,38
663,0,663,False,77
735,0,735,False,108
1195,0,1195,False,274
300,0,300,False,25
247,0,247,False,13
328,0,328,False,37
691,0,691,False,77
1315,0,1315,False,603
307,0,307,False,57
610,0,610,False,145
718,0,718,False,102
614,0,614,False,86
1239,0,1239,False,110
179,0,179,False,14
934,0,934,False,341
232,0,232,False,22
96,0,96,False,18
492,0,492,False,47
300,0,300,False,14
708,0,708,False,103
347,0,347,False,38
676,0,676,False,133
739,0,739,False,56
309,0,309,False,17
1195,0,1195,False,230
44,0,44,False,14
2152,0,2152,False,1184
491,0,491,False,42
948,0,948,False,154
77,0,77,False,22
770,0,770,False,64
1144,0,1144,False,379
90,0,90,False,0
503,0,503,False,68
276,0,276,False,15
43,0,43,False,12
928,1,927,True,489
1100,0,1100,False,611
1248,1,1247,True,756
198,0,198,False,2
434,0,434,False,123
278,0,278,False,11
156,0,156,False,29
162,0,162,False,1
510,1,509,True,266
386,0,386,False,43
357,0,357,False,38
395,0,395,False,34
136,0,136,False,4
147,0,147,False,14
570,0,570,False,136
866,0,866,False,262
562,0,562,False,69
115,0,115,False,2
486,0,486,False,30
254,0,254,False,5
661,0,661,False,112
414,0,414,False,46
171,0,171,False,5
632,0,632,False,83
230,0,230,False,9
582,0,582,False,136
440,0,440,False,55
84,0,84,False,32
615,0,615,False,126
418,0,418,False,149
269,0,269,False,9
659,0,659,False,97
550,0,550,False,57
228,0,228,False,24
558,0,558,False,67
297,0,297,False,38
720,0,720,False,59
235,0,235,False,13
554,0,554,False,74
135,0,135,False,29
619,0,619,False,79
221,0,221,False,32
195,0,195,False,1
260,0,260,False,33
81,0,81,False,0
105,0,105,False,27
152,0,152,False,5
234,0,234,False,113
177,0,177,False,37
767,0,767,False,161
78,0,78,False,18
1394,0,1394,False,402
415,0,415,False,24
893,0,893,False,104
47,0,47,False,13
1156,0,1156,False,387
499,0,499,False,134
274,0,274,False,11
558,0,558,False,47
683,0,683,False,121
96,0,96,False,39
53,0,53,False,14
413,0,413,False,84
695,0,695,False,105
649,0,649,False,120
350,0,350,False,22
318,0,318,False,7
355,0,355,False,40
79,0,79,False,0
175,0,175,False,6
415,0,415,False,106
80,0,80,False,19
1143,0,1143,False,181
421,0,421,False,74
505,0,505,False,44
354,0,354,False,47
1193,0,1193,False,279
77,0,77,False,20
242,0,242,False,4
288,0,288,False,38
218,0,218,False,2
868,0,868,False,265
436,0,436,False,51
963,0,963,False,247
291,0,291,False,36
646,0,646,False,91
148,0,148,False,3
254,0,254,False,22
533,0,533,False,61
203,0,203,False,2
769,0,769,False,63
552,0,552,False,186
1276,0,1276,False,105
277,0,277,False,3
307,0,307,False,44
709,0,709,False,51
90,0,90,False,37
328,0,328,False,35
151,0,151,False,43
765,0,765,False,280
45,0,45,False,14
1094,0,1094,False,101
157,0,157,False,3
556,0,556,False,64
1037,0,1037,False,181
713,0,713,False,229
70,0,70,False,12
1134,0,1134,False,301
752,0,752,False,106
336,0,336,False,40
580,0,580,False,83
425,0,425,False,19
1192,0,1192,False,99
309,0,309,False,43
456,0,456,False,195
393,0,393,False,43
436,0,436,False,53
628,0,628,False,90
358,0,358,False,22
875,0,875,False,74
762,0,762,False,279
519,0,519,False,89
330,0,330,False,22
42,0,42,False,13
502,0,502,False,47
1163,0,1163,False,243
401,0,401,False,39
727,0,727,False,100
820,0,820,False,223
347,0,347,False,36
120,0,120,False,1
38,0,38,False,13
303,0,303,False,31
335,0,335,False,42
51,0,51,False,10
137,0,137,False,6
1385,0,1385,False,434
729,0,729,False,125
555,0,555,False,53
68,0,68,False,19
783,0,783,False,283
328,0,328,False,25
353,0,353,False,51
132,0,132,False,25
1175,0,1175,False,122
218,0,218,False,33
50,0,50,False,15
652,0,652,False,83
949,0,949,False,82
48,0,48,False,20
78,0,78,False,21
80,0,80,False,23
332,0,332,False,22
329,0,329,False,25
81,0,81,False,26
46,0,46,False,11
611,0,611,False,142
564,0,564,False,86
1209,0,1209,False,522
51,0,51,False,15
541,0,541,False,94
622,0,622,False,225
744,0,744,False,257
46,0,46,False,4
1268,0,1268,False,519
623,0,623,False,178
826,0,826,False,70
311,0,311,False,36
726,0,726,False,233
414,0,414,False,19
403,0,403,False,53
67,0,67,False,20
253,0,253,False,29
781,0,781,False,237
128,0,128,False,6
147,0,147,False,13
197,0,197,False,1
754,0,754,False,272
407,0,407,False,12
174,0,174,False,0
209,0,209,False,5
940,0,940,False,75
717,0,717,False,118
69,0,69,False,18
154,0,154,False,5
457,0,457,False,55
319,0,319,False,37
423,0,423,False,74
674,0,674,False,81
159,0,159,False,54
197,0,197,False,2
367,0,367,False,8
674,0,674,False,206
290,0,290,False,16
331,0,331,False,40
551,0,551,False,76
560,0,560,False,70
947,0,947,False,89
201,0,201,False,0
554,0,554,False,66
496,0,496,False,43
746,0,746,False,110
1234,0,1234,False,700
379,0,379,False,12
400,0,400,False,27
697,0,697,False,128
422,0,422,False,56
170,0,170,False,1
159,0,159,False,70
177,0,177,False,9
298,0,298,False,42
322,0,322,False,44
47,0,47,False,11
1139,0,1139,False,321
354,0,354,False,9
621,0,621,False,83
614,0,614,False,127
247,0,247,False,27
727,0,727,False,192
77,0,77,False,19
1027,0,1027,False,230
288,0,288,False,19
228,0,228,False,3
82,0,82,False,18
390,0,390,False,52
224,0,224,False,34
670,0,670,False,109
419,0,419,False,50
200,0,200,False,5
657,0,657,False,86
718,0,718,False,232
291,0,291,False,35
571,0,571,False,51
603,0,603,False,97
2317,0,2317,False,581
854,0,854,False,322
879,0,879,False,74
632,0,632,False,77
224,0,224,False,22
174,0,174,False,0
602,0,602,False,98
436,0,436,False,46
1175,0,1175,False,600
274,0,274,False,9
420,1,419,True,221
364,1,363,True,187
451,0,451,False,81
817,0,817,False,186
447,0,447,False,44
220,0,220,False,28
2003,0,2003,False,598
487,0,487,False,64
215,0,215,False,3
666,0,666,False,87
333,0,333,False,21
1098,1,1097,True,615
1160,0,1160,False,304
1106,0,1106,False,313
188,0,188,False,2
318,0,318,False,43
232,0,232,False,20
659,0,659,False,92
250,0,250,False,5
53,0,53,False,9
139,0,139,False,58
51,0,51,False,13
1467,0,1467,False,348
125,0,125,False,0
214,0,214,False,2
281,0,281,False,27
346,0,346,False,72
47,0,47,False,18
559,0,559,False,71
598,0,598,False,61
522,0,522,False,64
709,0,709,False,78
1218,0,1218,False,272
369,0,369,False,27
460,0,460,False,78
406,0,406,False,44
551,0,551,False,68
2035,0,2035,False,637
488,0,488,False,61
248,0,248,False,1
623,0,623,False,107
161,0,161,False,54
230,0,230,False,20
330,0,330,False,37
710,0,710,False,127
76,0,76,False,25
67,0,67,False,17
2244,0,2244,False,516
358,0,358,False,9
155,0,155,False,3
350,0,350,False,40
39,0,39,False,13
458,0,458,False,19
141,0,141,False,3
717,0,717,False,116
152,0,152,False,26
254,0,254,False,5
1591,0,1591,False,305
64,0,64,False,29
52,0,52,False,17
492,0,492,False,56
584,0,584,False,96
557,0,557,False,107
209,0,209,False,7
827,0,827,False,112
312,0,312,False,18
279,0,279,False,32
839,0,839,False,195
217,0,217,False,2
79,0,79,False,26
155,0,155,False,6
391,0,391,False,29
282,0,282,False,30
50,0,50,False,13
73,0,73,False,22
808,0,808,False,118
244,0,244,False,5
690,0,690,False,119
316,0,316,False,19
682,0,682,False,106
336,0,336,False,40
337,0,337,False,48
329,0,329,False,30
464,0,464,False,31
543,0,543,False,78
904,0,904,False,289
786,0,786,False,48
560,0,560,False,108
228,0,228,False,6
611,0,611,False,84
551,0,551,False,84
372,0,372,False,10
345,0,345,False,12
1297,0,1297,False,323
809,0,809,False,180
341,0,341,False,21
372,0,372,False,58
324,0,324,False,67
622,0,622,False,228
216,0,216,False,10
790,0,790,False,141
1147,0,1147,False,195
362,0,362,False,9
2304,0,2304,False,551
655,0,655,False,247
95,0,95,False,40
330,0,330,False,52
2428,0,2428,False,951
724,0,724,False,130
346,0,346,False,53
848,0,848,False,142
211,0,211,False,7
46,0,46,False,10
455,0,455,False,19
744,0,744,False,262
462,0,462,False,26
518,0,518,False,96
2168,0,2168,False,1036
253,0,253,False,11
1805,0,1805,False,766
2188,1,2187,True,1458
795,0,795,False,293
594,0,594,False,144
357,0,357,False,47
554,0,554,False,58
585,0,585,False,91
695,0,695,False,262
80,0,80,False,24
1103,0,1103,False,321
123,0,123,False,0
289,0,289,False,31
651,0,651,False,254
190,0,190,False,5
388,0,388,False,30
73,0,73,False,21
37,0,37,False,2
286,0,286,False,33
1014,0,1014,False,134
1003,0,1003,False,443
80,0,80,False,24
720,0,720,False,128
27,0,27,False,8
86,0,86,False,24
47,0,47,False,15
241,0,241,False,13
297,0,297,False,26
209,0,209,False,8
359,0,359,False,47
579,0,579,False,139
798,0,798,False,292
1103,0,1103,False,288
977,0,977,False,99
204,0,204,False,8
194,0,194,False,2
1176,0,1176,False,109
181,0,181,False,12
701,0,701,False,91
322,0,322,False,7
1423,0,1423,False,322
784,0,784,False,123
1105,0,1105,False,193
393,0,393,False,61
68,0,68,False,19
927,0,927,False,155
175,0,175,False,7
68,0,68,False,17
307,0,307,False,7
512,0,512,False,113
531,0,531,False,76
873,0,873,False,72
50,0,50,False,12
872,0,872,False,161
352,0,352,False,35
335,0,335,False,39
371,0,371,False,26
419,0,419,False,15
719,0,719,False,119
53,0,53,False,11
943,0,943,False,87
454,0,454,False,91
182,0,182,False,22
942,0,942,False,265
201,0,201,False,3
598,0,598,False,143
1227,0,1227,False,106
290,0,290,False,49
1240,0,1240,False,108
194,0,194,False,2
161,0,161,False,5
411,0,411,False,22
131,0,131,False,28
287,0,287,False,35
1217,0,1217,False,298
560,0,560,False,86
952,0,952,False,342
1110,0,1110,False,397
747,0,747,False,257
786,1,785,True,435
90,0,90,False,11
223,0,223,False,0
160,0,160,False,6
217,0,217,False,7
1247,0,1247,False,102
342,0,342,False,30
460,0,460,False,22
388,0,388,False,7
980,0,980,False,80
531,0,531,False,71
435,0,435,False,55
466,0,466,False,40
762,0,762,False,254
1160,0,1160,False,497
319,0,319,False,52
92,0,92,False,59
800,0,800,False,144
80,0,80,False,17
627,0,627,False,89
407,0,407,False,56
52,0,52,False,9
611,0,611,False,85
239,0,239,False,10
271,0,271,False,31
321,0,321,False,42
385,0,385,False,88
439,0,439,False,24
407,0,407,False,11
310,0,310,False,35
398,0,398,False,104
707,0,707,False,275
181,0,181,False,2
723,0,723,False,99
220,0,220,False,43
726,0,726,False,279
83,0,83,False,24
78,0,78,False,32
619,0,619,False,79
180,0,180,False,3
234,0,234,False,12
140,0,140,False,4
326,0,326,False,18
441,0,441,False,73
487,0,487,False,62
1562,0,1562,False,405
563,0,563,False,80
861,0,861,False,148
596,0,596,False,235
612,0,612,False,82
928,0,928,False,111
1156,0,1156,False,386
1018,0,1018,False,301
1043,0,1043,False,83
773,0,773,False,281
300,0,300,False,26
303,0,303,False,30
295,0,295,False,24
358,0,358,False,48
455,0,455,False,21
140,0,140,False,29
46,0,46,False,9
277,0,277,False,4
68,0,68,False,43
231,0,231,False,20
1152,0,1152,False,386
170,0,170,False,1
693,0,693,False,120
907,0,907,False,87
310,0,310,False,42
1342,0,1342,False,347
225,0,225,False,2
190,0,190,False,8
271,0,271,False,11
874,0,874,False,77
486,0,486,False,50
233,0,233,False,10
342,0,342,False,28
1148,0,1148,False,386
365,0,365,False,41
57,0,57,False,1
1051,0,1051,False,100
261,0,261,False,11
226,0,226,False,12
795,0,795,False,279
1237,0,1237,False,108
94,0,94,False,32
1242,0,1242,False,121
745,0,745,False,113
1055,0,1055,False,302
449,0,449,False,54
568,0,568,False,72
994,0,994,False,327
893,0,893,False,152
320,0,320,False,40
603,0,603,False,81
446,0,446,False,26
727,0,727,False,113
244,0,244,False,2
77,0,77,False,9
306,0,306,False,33
512,0,512,False,55
716,0,716,False,124
520,0,520,False,163
397,0,397,False,9
519,0,519,False,70
843,0,843,False,58
276,0,276,False,5
278,0,278,False,13
243,0,243,False,5
231,0,231,False,21
8,0,8,False,3
250,0,250,False,15
32,0,32,False,6
69,0,69,False,1
651,0,651,False,89
38,0,38,False,10
339,0,339,False,24
828,0,828,False,59
535,0,535,False,93
448,0,448,False,19
79,0,79,False,18
404,0,404,False,105
602,0,602,False,142
149,0,149,False,63
1324,0,1324,False,422
403,0,403,False,88
635,0,635,False,167
443,0,443,False,101
1850,0,1850,False,505
113,0,113,False,20
704,0,704,False,114
580,0,580,False,44
156,0,156,False,65
264,0,264,False,3
266,0,266,False,29
314,0,314,False,8
835,0,835,False,253
473,0,473,False,50
64,0,64,False,23
276,0,276,False,33
695,0,695,False,98
578,0,578,False,200
334,0,334,False,27
843,0,843,False,65
390,0,390,False,20
185,0,185,False,18
562,0,562,False,63
963,0,963,False,90
39,0,39,False,8
602,0,602,False,76
280,0,280,False,20
46,0,46,False,14
696,0,696,False,79
1355,0,1355,False,352
391,0,391,False,56
146,0,146,False,4
363,0,363,False,101
354,0,354,False,11
390,0,390,False,60
596,0,596,False,141
974,0,974,False,338
628,0,628,False,92
947,0,947,False,88
183,0,183,False,4
298,0,298,False,36
694,0,694,False,184
193,0,193,False,2
400,0,400,False,40
120,0,120,False,3
592,0,592,False,120
889,0,889,False,119
164,0,164,False,4
788,0,788,False,296
43,0,43,False,12
186,0,186,False,10
49,0,49,False,14
1464,0,1464,False,624
419,0,419,False,75
511,0,511,False,134
1002,0,1002,False,91
651,0,651,False,97
562,0,562,False,71
277,0,277,False,23
335,0,335,False,17
264,0,264,False,13
669,0,669,False,87
740,0,740,False,99
806,0,806,False,114
299,0,299,False,26
371,0,371,False,126
477,0,477,False,25
110,0,110,False,0
467,0,467,False,25
703,0,703,False,173
1185,0,1185,False,124
45,0,45,False,13
192,0,192,False,2
391,0,391,False,59
560,0,560,False,75
866,0,866,False,79
453,0,453,False,85
36,0,36,False,9
153,0,153,False,27
743,0,743,False,103
90,0,90,False,4
80,0,80,False,18
380,0,380,False,26
560,0,560,False,83
751,0,751,False,132
559,0,559,False,65
153,0,153,False,3
372,0,372,False,43
121,0,121,False,22
85,0,85,False,28
380,0,380,False,34
529,0,529,False,82
355,0,355,False,35
217,0,217,False,1
1059,1,1058,True,636
78,0,78,False,21
638,0,638,False,98
1807,0,1807,False,746
699,0,699,False,98
1006,0,1006,False,90
637,0,637,False,117
49,0,49,False,0
2027,0,2027,False,445
514,0,514,False,68
677,0,677,False,249
449,0,449,False,22
303,0,303,False,31
317,0,317,False,41
594,0,594,False,135
73,0,73,False,18
727,0,727,False,193
93,0,93,False,7
877,0,877,False,146
280,0,280,False,7
275,0,275,False,2
351,0,351,False,36
35,0,35,False,11
285,0,285,False,32
606,0,606,False,89
1184,0,1184,False,282
80,0,80,False,20
1945,0,1945,False,642
623,0,623,False,116
37,0,37,False,10
550,0,550,False,60
142,0,142,False,4
184,0,184,False,38
1090,0,1090,False,342
210,0,210,False,14
231,0,231,False,1
1005,0,1005,False,91
915,0,915,False,300
218,0,218,False,2
532,0,532,False,58
421,0,421,False,46
519,0,519,False,79
724,0,724,False,95
164,0,164,False,33
473,0,473,False,51
540,0,540,False,49
121,0,121,False,1
881,0,881,False,140
1734,0,1734,False,546
281,0,281,False,22
319,0,319,False,40
740,0,740,False,104
680,0,680,False,109
334,0,334,False,28
579,0,579,False,139
64,0,64,False,4
168,0,168,False,4
312,0,312,False,40
286,0,286,False,17
297,0,297,False,14
803,0,803,False,295
54,0,54,False,17
591,0,591,False,97
79,0,79,False,26
2237,0,2237,False,979
710,0,710,False,262
780,0,780,False,68
476,0,476,False,86
929,0,929,False,84
870,0,870,False,70
793,0,793,False,115
326,0,326,False,8
425,0,425,False,19
570,0,570,False,97
349,0,349,False,37
474,0,474,False,63
531,0,531,False,68
605,0,605,False,148
216,0,216,False,4
562,0,562,False,93
231,0,231,False,19
1143,0,1143,False,382
44,0,44,False,12
657,0,657,False,95
825,0,825,False,56
525,0,525,False,68
48,0,48,False,17
720,0,720,False,230
740,0,740,False,104
278,0,278,False,13
288,0,288,False,28
151,0,151,False,59
551,0,551,False,90
687,0,687,False,87
646,0,646,False,168
56,0,56,False,0
912,0,912,False,79
434,0,434,False,55
875,0,875,False,69
359,0,359,False,58
929,0,929,False,86
278,0,278,False,14
390,0,390,False,55
682,0,682,False,151
465,0,465,False,52
673,0,673,False,107
261,0,261,False,4
45,0,45,False,10
2163,0,2163,False,764
152,0,152,False,8
453,0,453,False,24
69,0,69,False,18
64,0,64,False,14
850,1,849,True,484
198,0,198,False,65
308,0,308,False,35
308,0,308,False,37
690,0,690,False,97
32,0,32,False,5
392,0,392,False,42
30,0,30,False,7
1055,0,1055,False,87
1006,0,1006,False,132
926,0,926,False,80
496,0,496,False,71
797,0,797,False,277
258,0,258,False,13
573,0,573,False,134
194,0,194,False,11
392,0,392,False,42
331,0,331,False,18
569,0,569,False,128
1307,0,1307,False,381
463,0,463,False,26
252,0,252,False,11
259,0,259,False,13
229,0,229,False,26
477,0,477,False,66
587,0,587,False,152
1024,0,1024,False,87
1016,0,1016,False,296
415,0,415,False,32
1108,0,1108,False,216
158,0,158,False,4
168,0,168,False,6
1136,0,1136,False,104
277,0,277,False,4
131,0,131,False,14
1776,0,1776,False,506
144,0,144,False,48
362,0,362,False,11
106,0,106,False,20
1298,0,1298,False,416
915,0,915,False,104
242,0,242,False,4
791,0,791,False,142
271,0,271,False,31
144,0,144,False,47
691,0,691,False,122
616,0,616,False,124
1055,0,1055,False,90
153,0,153,False,6
1205,0,1205,False,353
204,0,204,False,5
733,0,733,False,94
110,0,110,False,25
526,0,526,False,111
1223,0,1223,False,103
458,0,458,False,26
461,0,461,False,26
1160,0,1160,False,389
241,0,241,False,36
56,0,56,False,2
322,0,322,False,19
179,0,179,False,9
1169,0,1169,False,338
581,0,581,False,138
57,0,57,False,14
45,0,45,False,16
1141,0,1141,False,383
406,0,406,False,180
282,0,282,False,14
47,0,47,False,9
175,0,175,False,10
488,0,488,False,34
346,0,346,False,36
627,0,627,False,87
150,0,150,False,5
561,0,561,False,77
150,0,150,False,7
281,0,281,False,13
1058,0,1058,False,251
32,0,32,False,7
167,0,167,False,60
1253,0,1253,False,469
530,0,530,False,79
1120,0,1120,False,317
383,0,383,False,45
396,0,396,False,105
98,0,98,False,6
740,0,740,False,253
282,0,282,False,23
247,0,247,False,28
385,0,385,False,20
300,0,300,False,10
540,0,540,False,83
491,0,491,False,49
1233,0,1233,False,123
205,0,205,False,2
812,0,812,False,46
46,0,46,False,11
580,0,580,False,145
998,0,998,False,319
1119,0,1119,False,100
238,0,238,False,20
210,0,210,False,3
176,0,176,False,0
554,0,554,False,69
976,0,976,False,336
557,0,557,False,82
321,0,321,False,24
291,0,291,False,23
729,0,729,False,109
531,0,531,False,170
613,0,613,False,87
166,0,166,False,6
1169,0,1169,False,343
397,0,397,False,53
902,0,902,False,90
557,0,557,False,63
799,0,799,False,143
2079,0,2079,False,526
327,0,327,False,20
49,0,49,False,14
639,0,639,False,104
859,0,859,False,325
484,0,484,False,50
192,0,192,False,1
661,0,661,False,58
389,0,389,False,22
570,0,570,False,65
422,0,422,False,15
80,0,80,False,23
1024,0,1024,False,137
2414,0,2414,False,651
519,0,519,False,112
386,0,386,False,38
398,0,398,False,34
50,0,50,False,13
233,0,233,False,24
122,0,122,False,2
312,0,312,False,39
134,0,134,False,54
48,0,48,False,13
337,0,337,False,17
399,0,399,False,11
74,0,74,False,23
448,0,448,False,90
571,0,571,False,69
1013,0,1013,False,295
1250,0,1250,False,102
180,0,180,False,3
39,0,39,False,10
159,0,159,False,32
799,0,799,False,118
669,0,669,False,254
623,0,623,False,85
210,0,210,False,2
984,0,984,False,344
71,0,71,False,22
724,0,724,False,283
239,0,239,False,13
319,0,319,False,50
581,0,581,False,66
97,0,97,False,40
239,0,239,False,14
947,0,947,False,211
727,0,727,False,89
327,0,327,False,21
73,0,73,False,21
672,0,672,False,73
865,0,865,False,322
2241,0,2241,False,519
1562,0,1562,False,544
365,0,365,False,126
746,0,746,False,101
84,0,84,False,8
368,0,368,False,67
57,0,57,False,14
248,0,248,False,27
518,0,518,False,147
157,0,157,False,2
382,0,382,False,32
191,0,191,False,1
927,0,927,False,81
286,0,286,False,32
486,0,486,False,70
54,0,54,False,15
789,0,789,False,233
769,0,769,False,141
362,0,362,False,9
427,0,427,False,41
254,0,254,False,7
283,0,283,False,32
633,0,633,False,60
1027,0,1027,False,85
608,0,608,False,81
368,0,368,False,42
412,0,412,False,84
74,0,74,False,17
708,0,708,False,182
580,0,580,False,135
466,0,466,False,78
398,0,398,False,67
599,0,599,False,226
1234,0,1234,False,248
1081,0,1081,False,176
297,0,297,False,11
313,0,313,False,31
723,0,723,False,282
71,0,71,False,0
1475,0,1475,False,424
1429,0,1429,False,603
220,0,220,False,3
674,0,674,False,80
1345,0,1345,False,472
198,0,198,False,3
352,0,352,False,35
334,0,334,False,28
652,0,652,False,100
53,0,53,False,10
447,0,447,False,45
228,0,228,False,12
46,0,46,False,13
223,0,223,False,29
36,0,36,False,12
290,0,290,False,23
532,0,532,False,72
411,0,411,False,42
1126,0,1126,False,224
504,0,504,False,46
260,0,260,False,9
539,0,539,False,102
505,0,505,False,55
597,0,597,False,21
471,0,471,False,65
481,0,481,False,61
270,0,270,False,30
476,0,476,False,60
287,0,287,False,30
940,1,939,True,581
285,0,285,False,7
875,0,875,False,192
346,0,346,False,50
598,0,598,False,238
45,0,45,False,15
828,0,828,False,55
184,0,184,False,1
77,0,77,False,24
476,0,476,False,75
77,0,77,False,24
558,0,558,False,63
376,0,376,False,25
137,0,137,False,49
86,0,86,False,39
59,0,59,False,22
642,0,642,False,95
439,0,439,False,54
220,0,220,False,99
202,0,202,False,2
408,0,408,False,44
120,0,120,False,3
857,0,857,False,322
781,0,781,False,57
797,0,797,False,144
218,0,218,False,2
449,0,449,False,18
278,0,278,False,14
1136,0,1136,False,78
1014,0,1014,False,97
973,0,973,False,86
1280,0,1280,False,134
507,0,507,False,44
197,0,197,False,1
1887,0,1887,False,465
416,0,416,False,11
1936,0,1936,False,545
883,0,883,False,89
1312,0,1312,False,418
1274,0,1274,False,101
338,0,338,False,41
640,0,640,False,83
377,0,377,False,26
156,0,156,False,4
182,0,182,False,3
566,0,566,False,64
685,0,685,False,241
48,0,48,False,14
1084,0,1084,False,393
205,0,205,False,13
1128,0,1128,False,188
1292,0,1292,False,512
163,0,163,False,0
287,0,287,False,36
705,0,705,False,104
322,0,322,False,44
287,0,287,False,29
361,0,361,False,58
1024,0,1024,False,89
1032,0,1032,False,227
876,0,876,False,184
998,0,998,False,129
413,0,413,False,58
1248,0,1248,False,643
52,0,52,False,10
1140,0,1140,False,381
213,0,213,False,23
681,0,681,False,55
1127,0,1127,False,101
1159,0,1159,False,387
311,0,311,False,41
263,0,263,False,30
393,0,393,False,40
239,0,239,False,20
609,0,609,False,145
458,0,458,False,85
175,0,175,False,5
407,0,407,False,91
708,0,708,False,194
269,0,269,False,26
1044,0,1044,False,104
51,0,51,False,15
298,0,298,False,11
80,0,80,False,21
767,0,767,False,69
260,0,260,False,33
438,0,438,False,69
133,0,133,False,8
1160,0,1160,False,335
164,0,164,False,3
725,0,725,False,231
352,0,352,False,37
206,0,206,False,3
375,0,375,False,38
1023,0,1023,False,80
1166,0,1166,False,389
856,0,856,False,259
279,0,279,False,20
470,0,470,False,127
1086,0,1086,False,65
567,0,567,False,67
552,0,552,False,47
344,0,344,False,7
621,0,621,False,109
1075,0,1075,False,111
298,0,298,False,26
703,0,703,False,139
336,0,336,False,26
411,0,411,False,71
1064,0,1064,False,300
598,0,598,False,73
277,0,277,False,32
240,0,240,False,11
714,0,714,False,64
724,0,724,False,99
229,0,229,False,29
236,0,236,False,32
214,0,214,False,7
1970,0,1970,False,430
761,0,761,False,63
39,0,39,False,13
859,0,859,False,262
711,0,711,False,282
665,0,665,False,80
1155,0,1155,False,332
234,0,234,False,30
340,0,340,False,30
331,0,331,False,8
831,0,831,False,117
293,0,293,False,40
656,0,656,False,96
216,0,216,False,2
422,1,421,True,221
409,0,409,False,60
991,0,991,False,287
452,0,452,False,21
594,0,594,False,74
1225,0,1225,False,305
461,0,461,False,65
861,0,861,False,147
459,0,459,False,56
77,0,77,False,21
478,0,478,False,60
376,0,376,False,17
233,0,233,False,12
961,0,961,False,328
310,0,310,False,35
1319,0,1319,False,326
311,0,311,False,37
872,0,872,False,152
310,0,310,False,35
847,0,847,False,144
128,0,128,False,0
458,0,458,False,67
727,0,727,False,198
595,0,595,False,140
309,0,309,False,58
80,0,80,False,24
219,0,219,False,0
1033,0,1033,False,371
251,0,251,False,26
720,0,720,False,54
362,0,362,False,23
160,0,160,False,63
527,0,527,False,46
559,0,559,False,84
631,0,631,False,87
300,0,300,False,24
316,0,316,False,7
739,0,739,False,112
96,0,96,False,2
615,0,615,False,89
51,0,51,False,17
300,0,300,False,9
656,0,656,False,95
1007,0,1007,False,129
434,0,434,False,58
752,0,752,False,131
222,0,222,False,5
999,0,999,False,130
636,0,636,False,90
869,0,869,False,161
1433,1,1432,True,820
1053,0,1053,False,256
72,0,72,False,18
732,0,732,False,103
259,0,259,False,24
719,0,719,False,230
30,0,30,False,3
196,0,196,False,2
388,0,388,False,104
596,0,596,False,75
717,0,717,False,212
244,0,244,False,17
156,0,156,False,3
231,0,231,False,12
42,0,42,False,13
75,0,75,False,3
49,0,49,False,16
440,0,440,False,47
45,0,45,False,12
33,0,33,False,7
574,0,574,False,202
548,0,548,False,68
591,0,591,False,105
695,0,695,False,101
948,0,948,False,85
131,0,131,False,45
292,0,292,False,34
300,0,300,False,11
1388,0,1388,False,466
621,0,621,False,105
226,0,226,False,1
590,0,590,False,128
1001,0,1001,False,331
542,0,542,False,79
217,0,217,False,2
71,0,71,False,3
488,0,488,False,59
237,0,237,False,19
1043,0,1043,False,292
198,0,198,False,3
235,0,235,False,6
1137,0,1137,False,193
555,0,555,False,58
316,0,316,False,13
644,0,644,False,82
271,0,271,False,9
57,0,57,False,13
761,0,761,False,153
75,0,75,False,19
371,0,371,False,62
304,0,304,False,45
154,0,154,False,4
431,0,431,False,58
309,0,309,False,90
175,0,175,False,9
288,0,288,False,37
619,0,619,False,222
322,0,322,False,36
577,0,577,False,88
681,0,681,False,87
60,0,60,False,14
428,0,428,False,13
268,0,268,False,28
763,0,763,False,117
389,0,389,False,34
304,0,304,False,35
472,0,472,False,63
461,0,461,False,27
1040,1,1039,True,559
286,0,286,False,21
864,0,864,False,265
192,0,192,False,12
322,0,322,False,52
1166,0,1166,False,608
897,0,897,False,349
476,0,476,False,81
315,0,315,False,31
203,0,203,False,7
284,0,284,False,31
185,0,185,False,3
322,0,322,False,65
288,0,288,False,6
390,0,390,False,45
888,0,888,False,203
724,0,724,False,93
653,0,653,False,218
33,0,33,False,7
45,0,45,False,9
309,0,309,False,36
1727,0,1727,False,439
359,0,359,False,7
448,0,448,False,24
206,0,206,False,2
513,0,513,False,63
1649,0,1649,False,806
549,0,549,False,83
1379,0,1379,False,378
22,0,22,False,0
604,1,603,True,334
671,0,671,False,105
286,0,286,False,39
189,0,189,False,2
416,0,416,False,28
613,0,613,False,79
80,0,80,False,26
406,0,406,False,45
337,0,337,False,38
77,0,77,False,23
655,0,655,False,145
368,0,368,False,21
287,0,287,False,11
458,0,458,False,24
764,0,764,False,254
630,0,630,False,87
464,0,464,False,64
1102,0,1102,False,396
371,0,371,False,40
951,0,951,False,81
294,0,294,False,45
556,0,556,False,64
1676,0,1676,False,358
72,0,72,False,21
596,0,596,False,69
244,0,244,False,11
313,0,313,False,37
304,0,304,False,39
633,0,633,False,85
394,0,394,False,51
335,0,335,False,44
1730,0,1730,False,462
1060,0,1060,False,221
1160,0,1160,False,489
598,0,598,False,105
856,0,856,False,323
314,0,314,False,40
312,0,312,False,50
880,0,880,False,158
1064,0,1064,False,245
296,0,296,False,16
799,0,799,False,140
579,0,579,False,84
653,0,653,False,249
292,0,292,False,46
277,0,277,False,14
224,0,224,False,14
864,0,864,False,68
1091,0,1091,False,271
260,0,260,False,30
1072,0,1072,False,100
487,0,487,False,31
854,0,854,False,261
558,0,558,False,77
287,0,287,False,12
821,0,821,False,113
212,0,212,False,3
469,0,469,False,102
1154,0,1154,False,337
609,0,609,False,95
1014,0,1014,False,117
340,0,340,False,28
258,0,258,False,5
430,0,430,False,58
620,0,620,False,113
160,0,160,False,0
37,0,37,False,14
369,0,369,False,42
195,0,195,False,2
657,0,657,False,176
527,0,527,False,85
543,0,543,False,54
1161,0,1161,False,387
1409,0,1409,False,241
320,0,320,False,66
748,0,748,False,126
219,0,219,False,32
1129,0,1129,False,107
299,0,299,False,34
232,0,232,False,9
687,0,687,False,118
431,0,431,False,81
1978,0,1978,False,483
1316,0,1316,False,356
799,0,799,False,113
1089,0,1089,False,177
175,0,175,False,10
147,0,147,False,53
1147,0,1147,False,339
39,0,39,False,13
420,0,420,False,13
1049,0,1049,False,369
671,0,671,False,263
565,0,565,False,78
360,0,360,False,9
1049,0,1049,False,89
247,0,247,False,5
144,0,144,False,18
572,0,572,False,60
148,0,148,False,0
1029,0,1029,False,88
283,0,283,False,32
1672,1,1671,True,1028
47,0,47,False,1
805,0,805,False,126
179,0,179,False,16
322,0,322,False,29
540,0,540,False,88
79,0,79,False,16
313,0,313,False,14
295,0,295,False,13
391,0,391,False,27
484,0,484,False,62
488,0,488,False,63
858,0,858,False,260
279,0,279,False,19
833,0,833,False,195
1035,0,1035,False,208
209,0,209,False,5
179,0,179,False,5
77,0,77,False,22
421,0,421,False,47
1194,0,1194,False,227
705,0,705,False,179
676,0,676,False,121
407,0,407,False,44
1030,0,1030,False,135
860,0,860,False,311
408,0,408,False,59
1077,0,1077,False,99
99,0,99,False,30
52,0,52,False,17
300,0,300,False,41
421,0,421,False,25
33,0,33,False,0
467,0,467,False,78
240,0,240,False,11
303,0,303,False,20
1057,0,1057,False,84
714,0,714,False,264
673,0,673,False,55
292,0,292,False,7
74,0,74,False,19
148,0,148,False,1
427,0,427,False,43
555,0,555,False,81
545,0,545,False,46
405,0,405,False,78
288,0,288,False,35
685,0,685,False,110
285,0,285,False,33
565,0,565,False,72
45,0,45,False,11
865,0,865,False,68
306,0,306,False,14
692,0,692,False,81
333,0,333,False,25
474,0,474,False,40
1268,0,1268,False,126
31,0,31,False,6
803,0,803,False,115
697,0,697,False,113
1751,0,1751,False,557
112,0,112,False,7
231,0,231,False,1
489,0,489,False,60
975,0,975,False,71
917,0,917,False,335
795,0,795,False,121
403,0,403,False,55
395,0,395,False,53
525,0,525,False,73
744,0,744,False,255
170,0,170,False,5
198,0,198,False,2
1032,0,1032,False,84
672,0,672,False,90
355,0,355,False,43
537,0,537,False,75
1241,0,1241,False,457
579,0,579,False,153
401,0,401,False,11
438,0,438,False,116
724,0,724,False,233
173,0,173,False,39
1453,0,1453,False,628
1590,0,1590,False,377
1067,0,1067,False,374
1015,0,1015,False,80
350,0,350,False,22
886,0,886,False,82
232,0,232,False,13
366,0,366,False,22
57,0,57,False,18
210,0,210,False,2
918,0,918,False,83
50,0,50,False,17
71,0,71,False,0
604,0,604,False,142
518,0,518,False,38
165,0,165,False,1
1013,0,1013,False,88
611,0,611,False,150
519,0,519,False,50
573,0,573,False,91
320,0,320,False,42
365,0,365,False,43
722,0,722,False,48
279,0,279,False,35
987,0,987,False,86
49,0,49,False,11
425,0,425,False,52
651,0,651,False,89
1152,0,1152,False,195
613,0,613,False,217
307,0,307,False,27
436,0,436,False,58
653,0,653,False,165
364,0,364,False,10
313,0,313,False,38
350,0,350,False,38
579,0,579,False,137
1157,0,1157,False,402
898,0,898,False,270
295,0,295,False,43
142,0,142,False,65
229,0,229,False,8
284,0,284,False,29
44,0,44,False,12
406,0,406,False,56
76,0,76,False,48
476,0,476,False,126
390,0,390,False,52
1223,0,1223,False,830
980,0,980,False,101
203,0,203,False,5
743,0,743,False,109
1145,0,1145,False,383
273,0,273,False,11
435,0,435,False,22
452,1,451,True,236
940,0,940,False,107
119,0,119,False,2
569,0,569,False,73
792,0,792,False,55
48,0,48,False,15
735,0,735,False,250
240,0,240,False,19
79,0,79,False,18
707,0,707,False,87
517,0,517,False,163
880,0,880,False,309
42,0,42,False,18
521,0,521,False,83
460,0,460,False,46
121,0,121,False,1
455,0,455,False,35
711,0,711,False,263
455,0,455,False,47
1505,0,1505,False,512
250,0,250,False,5
309,0,309,False,39
68,0,68,False,18
649,0,649,False,216
721,0,721,False,249
627,0,627,False,109
130,0,130,False,21
930,0,930,False,309
605,0,605,False,75
414,0,414,False,51
199,0,199,False,11
188,0,188,False,6
522,0,522,False,77
453,0,453,False,64
842,0,842,False,52
343,0,343,False,44
658,0,658,False,177
278,0,278,False,7
182,0,182,False,2
46,0,46,False,15
288,0,288,False,23
251,0,251,False,11
112,0,112,False,43
204,0,204,False,12
303,0,303,False,11
754,0,754,False,104
320,0,320,False,15
315,0,315,False,40
345,0,345,False,9
436,0,436,False,47
185,0,185,False,2
1163,0,1163,False,264
88,0,88,False,22
300,0,300,False,11
94,0,94,False,35
322,0,322,False,46
1293,0,1293,False,317
270,0,270,False,29
621,0,621,False,86
255,0,255,False,32
288,0,288,False,35
1035,0,1035,False,97
741,0,741,False,254
1215,0,1215,False,676
612,0,612,False,101
546,0,546,False,80
879,0,879,False,157
513,0,513,False,112
249,0,249,False,2
550,0,550,False,80
548,1,547,True,305
525,0,525,False,95
494,1,493,True,257
69,0,69,False,16
1494,0,1494,False,451
981,0,981,False,85
414,0,414,False,33
74,0,74,False,19
41,0,41,False,13
981,0,981,False,86
253,0,253,False,12
617,0,617,False,78
1138,0,1138,False,92
1961,0,1961,False,876
310,0,310,False,17
583,0,583,False,87
340,0,340,False,48
613,0,613,False,224
908,0,908,False,86
175,0,175,False,0
1151,0,1151,False,111
158,0,158,False,64
715,0,715,False,279
439,0,439,False,71
467,0,467,False,52
1065,0,1065,False,95
43,0,43,False,14
1307,0,1307,False,141
81,0,81,False,25
710,0,710,False,101
740,0,740,False,259
661,0,661,False,82
687,0,687,False,122
78,0,78,False,24
1043,0,1043,False,91
98,0,98,False,2
1040,1,1039,True,593
665,0,665,False,80
1299,0,1299,False,414
314,0,314,False,7
472,0,472,False,52
1486,0,1486,False,446
1591,0,1591,False,664
213,0,213,False,14
440,0,440,False,18
807,0,807,False,123
738,0,738,False,221
389,0,389,False,62
39,0,39,False,8
242,0,242,False,29
646,0,646,False,102
395,0,395,False,34
565,0,565,False,77
662,0,662,False,74
213,0,213,False,27
630,0,630,False,128
264,0,264,False,12
618,0,618,False,75
529,0,529,False,51
572,0,572,False,71
797,0,797,False,294
175,0,175,False,2
651,0,651,False,87
1160,0,1160,False,179
746,0,746,False,108
184,0,184,False,31
289,0,289,False,39
1087,0,1087,False,101
741,0,741,False,102
621,0,621,False,76
339,0,339,False,29
1163,0,1163,False,127
370,0,370,False,75
477,0,477,False,48
718,0,718,False,112
93,0,93,False,28
347,0,347,False,55
219,0,219,False,5
46,0,46,False,12
478,0,478,False,75
267,0,267,False,9
1019,0,1019,False,101
612,0,612,False,174
1014,0,1014,False,95
53,0,53,False,11
56,0,56,False,14
356,0,356,False,6
277,0,277,False,13
704,0,704,False,120
123,0,123,False,5
617,0,617,False,223
305,0,305,False,34
2150,0,2150,False,447
473,0,473,False,42
80,0,80,False,24
586,0,586,False,104
67,0,67,False,14
588,0,588,False,140
1094,0,1094,False,120
233,0,233,False,11
52,0,52,False,1
599,0,599,False,82
250,0,250,False,30
2154,0,2154,False,1446
290,0,290,False,10
1059,0,1059,False,89
1126,0,1126,False,193
303,0,303,False,12
644,0,644,False,84
47,0,47,False,10
582,0,582,False,203
835,0,835,False,127
392,0,392,False,48
1014,0,1014,False,298
288,0,288,False,32
669,0,669,False,97
229,0,229,False,12
52,0,52,False,16
1156,0,1156,False,333
570,0,570,False,90
159,0,159,False,0
147,0,147,False,3
974,0,974,False,89
1022,0,1022,False,79
727,0,727,False,199
354,0,354,False,34
240,0,240,False,20
219,0,219,False,24
271,0,271,False,4
126,0,126,False,84
682,0,682,False,225
317,0,317,False,9
29,0,29,False,8
913,0,913,False,106
878,0,878,False,144
280,0,280,False,37
31,0,31,False,5
482,0,482,False,79
96,0,96,False,6
53,0,53,False,10
322,0,322,False,63
994,0,994,False,115
78,0,78,False,21
609,0,609,False,76
269,0,269,False,5
143,0,143,False,5
737,0,737,False,61
578,0,578,False,139
1053,0,1053,False,89
394,0,394,False,51
215,0,215,False,8
594,0,594,False,58
175,0,175,False,16
194,0,194,False,2
299,0,299,False,26
651,0,651,False,230
73,0,73,False,18
50,0,50,False,12
1080,0,1080,False,276
218,0,218,False,32
691,0,691,False,235
247,0,247,False,11
442,0,442,False,16
74,0,74,False,4
318,0,318,False,39
162,0,162,False,67
648,0,648,False,246
578,0,578,False,96
56,0,56,False,15
254,0,254,False,13
324,0,324,False,9
768,0,768,False,42
392,0,392,False,55
1385,0,1385,False,572
672,0,672,False,168
286,0,286,False,5
268,0,268,False,13
1010,0,1010,False,234
136,0,136,False,4
44,0,44,False,11
1105,0,1105,False,91
495,0,495,False,155
1161,0,1161,False,184
202,0,202,False,26
54,0,54,False,18
194,0,194,False,1
332,1,331,True,165
1150,0,1150,False,329
1107,0,1107,False,269
337,0,337,False,24
614,0,614,False,158
376,1,375,True,189
324,0,324,False,22
1968,0,1968,False,897
1009,0,1009,False,92
712,0,712,False,232
359,0,359,False,9
46,0,46,False,13
209,0,209,False,2
196,0,196,False,15
1254,0,1254,False,314
403,0,403,False,48
123,0,123,False,16
174,0,174,False,0
514,0,514,False,51
276,0,276,False,38
204,0,204,False,11
236,0,236,False,10
1117,0,1117,False,103
961,0,961,False,94
141,0,141,False,3
555,0,555,False,72
156,0,156,False,6
656,0,656,False,85
300,0,300,False,32
1047,0,1047,False,314
297,0,297,False,9
277,0,277,False,19
240,0,240,False,5
409,0,409,False,47
406,0,406,False,44
95,0,95,False,42
727,0,727,False,141
1807,0,1807,False,537
727,0,727,False,93
576,0,576,False,135
597,0,597,False,97
48,0,48,False,16
228,0,228,False,10
702,0,702,False,177
645,0,645,False,80
225,0,225,False,7
1108,0,1108,False,395
42,0,42,False,13
136,0,136,False,3
300,0,300,False,13
465,0,465,False,32
219,0,219,False,3
450,0,450,False,58
48,0,48,False,17
95,0,95,False,34
220,0,220,False,30
516,0,516,False,52
1667,0,1667,False,527
393,0,393,False,53
653,0,653,False,111
570,0,570,False,63
676,0,676,False,62
600,0,600,False,52
731,0,731,False,107
646,0,646,False,86
632,0,632,False,92
630,0,630,False,86
616,0,616,False,75
647,0,647,False,95
713,0,713,False,120
485,0,485,False,70
519,0,519,False,78
79,0,79,False,23
981,0,981,False,92
361,0,361,False,70
280,0,280,False,5
581,0,581,False,83
485,0,485,False,70
1795,0,1795,False,566
267,0,267,False,20
660,0,660,False,98
626,0,626,False,107
259,0,259,False,13
321,0,321,False,42
279,0,279,False,25
899,0,899,False,267
117,0,117,False,15
1207,0,1207,False,360
511,0,511,False,56
2163,0,2163,False,1038
366,0,366,False,61
714,0,714,False,262
917,0,917,False,215
124,0,124,False,42
126,0,126,False,43
287,0,287,False,34
459,0,459,False,24
105,0,105,False,2
231,0,231,False,20
320,0,320,False,13
691,0,691,False,76
1422,0,1422,False,811
47,0,47,False,15
798,0,798,False,279
251,0,251,False,30
56,0,56,False,15
979,0,979,False,102
177,0,177,False,7
926,0,926,False,220
718,0,718,False,265
538,0,538,False,128
57,0,57,False,19
791,0,791,False,142
456,0,456,False,23
339,0,339,False,10
256,0,256,False,26
45,0,45,False,0
299,0,299,False,35
335,0,335,False,20
148,0,148,False,3
907,0,907,False,98
578,0,578,False,138
676,0,676,False,83
1057,0,1057,False,85
610,0,610,False,72
312,0,312,False,19
759,0,759,False,260
729,0,729,False,98
161,0,161,False,4
332,0,332,False,44
307,0,307,False,63
203,0,203,False,24
102,0,102,False,36
2149,0,2149,False,1031
152,0,152,False,5
233,0,233,False,12
1186,0,1186,False,266
906,0,906,False,111
82,0,82,False,32
46,0,46,False,20
597,0,597,False,100
173,0,173,False,8
49,0,49,False,14
266,0,266,False,6
169,0,169,False,38
286,0,286,False,32
273,0,273,False,21
454,0,454,False,46
44,0,44,False,16
1070,0,1070,False,166
408,0,408,False,53
412,0,412,False,18
40,0,40,False,7
1245,0,1245,False,405
383,0,383,False,28
1660,0,1660,False,451
432,1,431,True,222
451,0,451,False,54
717,0,717,False,284
104,0,104,False,39
1242,0,1242,False,104
231,0,231,False,19
378,0,378,False,58
321,0,321,False,17
605,0,605,False,77
45,0,45,False,14
446,0,446,False,70
284,0,284,False,37
1393,0,1393,False,350
513,0,513,False,61
45,0,45,False,10
1261,0,1261,False,376
370,0,370,False,11
798,0,798,False,291
377,0,377,False,6
748,0,748,False,264
591,0,591,False,43
414,0,414,False,51
532,0,532,False,47
2118,0,2118,False,483
257,0,257,False,16
404,0,404,False,33
910,0,910,False,102
220,0,220,False,1
279,0,279,False,56
375,0,375,False,49
406,0,406,False,21
394,0,394,False,61
412,0,412,False,46
390,0,390,False,59
296,0,296,False,31
759,0,759,False,274
809,0,809,False,104
571,0,571,False,68
874,0,874,False,77
216,0,216,False,12
494,0,494,False,53
132,0,132,False,5
362,0,362,False,18
853,0,853,False,323
72,0,72,False,20
404,0,404,False,55
656,0,656,False,246
78,0,78,False,17
297,0,297,False,52
489,0,489,False,23
128,0,128,False,32
178,0,178,False,5
368,0,368,False,103
52,0,52,False,11
161,0,161,False,2
1177,0,1177,False,284
73,0,73,False,18
163,0,163,False,4
600,0,600,False,84
551,0,551,False,111
372,0,372,False,64
574,0,574,False,48
626,0,626,False,83
359,0,359,False,30
165,0,165,False,0
132,0,132,False,24
560,0,560,False,75
162,0,162,False,6
536,0,536,False,45
240,0,240,False,19
78,0,78,False,20
479,0,479,False,64
669,0,669,False,256
95,0,95,False,35
617,0,617,False,151
1437,0,1437,False,404
1135,0,1135,False,80
128,0,128,False,1
50,0,50,False,15
539,0,539,False,125
372,0,372,False,10
321,0,321,False,42
485,0,485,False,77
784,0,784,False,277
149,0,149,False,38
521,0,521,False,72
451,0,451,False,19
1146,0,1146,False,183
480,0,480,False,26
879,0,879,False,338
874,0,874,False,220
77,0,77,False,19
297,0,297,False,36
521,0,521,False,38
793,0,793,False,122
965,0,965,False,364
1117,0,1117,False,82
293,0,293,False,16
374,0,374,False,28
143,0,143,False,19
830,0,830,False,117
48,0,48,False,14
78,0,78,False,19
466,0,466,False,25
166,0,166,False,60
372,0,372,False,50
319,0,319,False,40
705,0,705,False,216
208,0,208,False,4
563,0,563,False,79
1090,0,1090,False,96
441,0,441,False,22
285,0,285,False,23
86,0,86,False,24
116,0,116,False,54
615,0,615,False,216
658,0,658,False,54
106,0,106,False,20
118,0,118,False,0
399,0,399,False,54
458,0,458,False,88
217,0,217,False,6
1087,0,1087,False,389
175,0,175,False,1
396,0,396,False,42
87,0,87,False,36
467,0,467,False,33
352,0,352,False,53
534,0,534,False,94
389,0,389,False,55
929,0,929,False,101
100,0,100,False,45
201,0,201,False,3
452,0,452,False,51
915,0,915,False,162
257,0,257,False,13
169,0,169,False,17
1047,0,1047,False,104
427,0,427,False,18
48,0,48,False,12
390,0,390,False,59
552,0,552,False,94
206,0,206,False,6
317,0,317,False,26
387,0,387,False,53
543,0,543,False,64
1015,0,1015,False,133
215,0,215,False,2
56,0,56,False,22
269,0,269,False,5
271,0,271,False,4
418,0,418,False,54
594,0,594,False,117
639,0,639,False,88
1128,0,1128,False,188
616,0,616,False,75
589,0,589,False,67
291,0,291,False,15
278,0,278,False,35
1106,0,1106,False,95
427,0,427,False,18
553,0,553,False,72
2068,0,2068,False,494
235,0,235,False,30
131,0,131,False,16
480,0,480,False,48
78,0,78,False,18
185,0,185,False,3
344,0,344,False,30
46,0,46,False,15
648,0,648,False,76
83,0,83,False,19
1295,0,1295,False,417
1558,0,1558,False,255
1053,0,1053,False,372
444,0,444,False,56
458,0,458,False,23
493,0,493,False,28
127,0,127,False,0
1125,0,1125,False,306
1248,0,1248,False,325
234,0,234,False,21
183,0,183,False,29
504,0,504,False,57
265,0,265,False,57
537,0,537,False,74
308,0,308,False,30
498,0,498,False,57
1943,0,1943,False,746
148,0,148,False,4
783,0,783,False,135
131,0,131,False,1
149,0,149,False,1
232,0,232,False,7
327,0,327,False,25
424,0,424,False,14
69,0,69,False,16
632,0,632,False,107
775,0,775,False,279
272,0,272,False,15
1056,0,1056,False,373
1233,0,1233,False,108
144,0,144,False,0
320,0,320,False,40
416,0,416,False,11
396,0,396,False,43
128,0,128,False,49
626,0,626,False,124
1105,0,1105,False,275
602,0,602,False,118
1105,0,1105,False,88
482,0,482,False,64
1506,0,1506,False,501
359,0,359,False,9
608,0,608,False,226
328,0,328,False,16
51,0,51,False,15
50,0,50,False,11
1157,0,1157,False,419
441,0,441,False,18
647,0,647,False,120
33,0,33,False,0
46,0,46,False,12
75,0,75,False,19
1032,0,1032,False,223
31,0,31,False,0
645,0,645,False,81
509,0,509,False,59
355,0,355,False,33
1100,0,1100,False,100
297,0,297,False,15
1013,0,1013,False,79
452,0,452,False,69
1116,0,1116,False,575
286,0,286,False,31
162,0,162,False,1
167,0,167,False,1
716,0,716,False,275
991,0,991,False,133
555,0,555,False,138
239,0,239,False,1
309,0,309,False,41
853,0,853,False,62
742,0,742,False,153
1160,0,1160,False,107
601,0,601,False,146
1056,0,1056,False,85
465,0,465,False,57
398,0,398,False,54
143,0,143,False,27
49,0,49,False,12
645,0,645,False,80
257,0,257,False,23
364,0,364,False,38
1680,0,1680,False,695
75,0,75,False,2
49,0,49,False,15
613,0,613,False,125
64,0,64,False,27
159,0,159,False,3
228,0,228,False,0
570,0,570,False,135
269,0,269,False,9
393,0,393,False,65
469,0,469,False,55
581,0,581,False,80
659,0,659,False,175
1182,0,1182,False,564
49,0,49,False,15
255,0,255,False,31
852,0,852,False,318
193,0,193,False,26
350,0,350,False,37
808,0,808,False,153
591,0,591,False,73
1322,0,1322,False,359
1167,0,1167,False,505
466,0,466,False,25
232,0,232,False,1
179,0,179,False,16
77,0,77,False,20
216,0,216,False,6
860,0,860,False,67
286,0,286,False,6
426,0,426,False,47
217,0,217,False,14
360,0,360,False,12
620,0,620,False,76
958,0,958,False,74
973,0,973,False,336
809,0,809,False,284
394,0,394,False,11
482,0,482,False,80
657,0,657,False,93
520,0,520,False,69
251,0,251,False,27
104,0,104,False,30
278,0,278,False,14
1199,0,1199,False,83
1164,0,1164,False,333
617,0,617,False,119
329,0,329,False,9
510,0,510,False,134
405,0,405,False,173
249,0,249,False,10
682,0,682,False,100
354,0,354,False,63
635,0,635,False,235
175,0,175,False,6
150,0,150,False,4
1487,0,1487,False,747
276,0,276,False,5
295,0,295,False,27
1194,0,1194,False,210
473,0,473,False,64
369,0,369,False,46
1161,0,1161,False,341
659,0,659,False,75
241,0,241,False,12
765,0,765,False,259
544,0,544,False,92
877,0,877,False,271
273,0,273,False,11
53,0,53,False,16
548,0,548,False,67
223,0,223,False,34
881,0,881,False,146
544,0,544,False,45
647,0,647,False,88
535,0,535,False,94
679,0,679,False,134
206,0,206,False,3
236,0,236,False,4
780,0,780,False,110
47,0,47,False,13
317,0,317,False,37
714,0,714,False,119
242,0,242,False,5
438,0,438,False,71
233,0,233,False,10
103,0,103,False,37
679,0,679,False,93
524,0,524,False,54
673,0,673,False,182
421,0,421,False,46
531,0,531,False,89
174,0,174,False,8
948,0,948,False,115
717,0,717,False,96
322,0,322,False,24
329,0,329,False,27
472,0,472,False,70
1633,0,1633,False,593
553,0,553,False,75
96,0,96,False,33
1241,0,1241,False,400
730,0,730,False,108
464,0,464,False,54
359,0,359,False,9
304,0,304,False,29
185,0,185,False,3
1030,0,1030,False,135
331,0,331,False,22
444,0,444,False,54
325,0,325,False,34
497,0,497,False,26
198,0,198,False,32
454,0,454,False,68
259,0,259,False,12
53,0,53,False,15
112,0,112,False,0
709,0,709,False,101
427,0,427,False,75
950,0,950,False,222
385,0,385,False,45
283,0,283,False,24
628,0,628,False,114
286,0,286,False,4
596,0,596,False,239
663,0,663,False,87
318,0,318,False,22
692,0,692,False,123
997,0,997,False,130
595,0,595,False,55
1009,0,1009,False,203
624,0,624,False,79
80,0,80,False,24
220,0,220,False,2
325,0,325,False,7
879,0,879,False,74
632,0,632,False,165
956,0,956,False,111
47,0,47,False,11
1096,0,1096,False,316
326,0,326,False,37
544,0,544,False,46
495,0,495,False,49
376,0,376,False,51
214,0,214,False,19
277,0,277,False,14
358,0,358,False,61
202,0,202,False,37
32,0,32,False,5
2061,0,2061,False,923
742,0,742,False,257
96,0,96,False,11
720,0,720,False,280
422,0,422,False,60
642,0,642,False,90
620,0,620,False,75
159,0,159,False,10
612,0,612,False,226
631,0,631,False,116
374,0,374,False,56
814,0,814,False,111
697,0,697,False,47
386,0,386,False,50
300,0,300,False,12
700,0,700,False,252
1421,0,1421,False,582
1511,0,1511,False,374
546,0,546,False,56
76,0,76,False,22
1228,0,1228,False,277
413,0,413,False,43
76,0,76,False,20
650,0,650,False,96
105,0,105,False,33
419,0,419,False,179
519,0,519,False,80
316,0,316,False,45
277,0,277,False,13
170,0,170,False,8
384,0,384,False,104
598,0,598,False,141
47,0,47,False,11
355,0,355,False,43
48,0,48,False,11
314,1,313,True,180
165,0,165,False,8
453,0,453,False,20
197,0,197,False,1
576,0,576,False,107
452,0,452,False,45
35,0,35,False,9
292,0,292,False,10
1047,0,1047,False,109
344,0,344,False,37
120,0,120,False,3
203,0,203,False,12
466,0,466,False,33
950,0,950,False,84
488,0,488,False,80
1065,0,1065,False,321
568,0,568,False,77
857,0,857,False,323
1092,0,1092,False,373
139,0,139,False,0
855,0,855,False,314
2250,0,2250,False,979
704,0,704,False,119
286,0,286,False,10
455,0,455,False,57
1329,0,1329,False,526
46,0,46,False,16
44,0,44,False,12
581,0,581,False,136
172,0,172,False,8
463,0,463,False,25
185,0,185,False,27
1198,1,1197,True,635
239,0,239,False,19
544,0,544,False,101
331,0,331,False,41
1198,0,1198,False,484
710,0,710,False,160
720,0,720,False,230
580,0,580,False,136
308,0,308,False,35
699,0,699,False,175
747,0,747,False,107
533,0,533,False,98
520,0,520,False,52
849,0,849,False,240
404,0,404,False,55
510,0,510,False,135
1102,0,1102,False,274
631,0,631,False,167
285,0,285,False,5
242,0,242,False,4
301,0,301,False,7
2321,0,2321,False,572
512,0,512,False,57
394,0,394,False,30
1016,0,1016,False,372
887,0,887,False,323
972,0,972,False,350
586,0,586,False,94
431,0,431,False,12
1062,0,1062,False,102
699,0,699,False,102
570,0,570,False,62
261,0,261,False,32
1020,0,1020,False,263
506,0,506,False,101
767,0,767,False,159
148,0,148,False,5
248,0,248,False,9
148,0,148,False,57
97,0,97,False,31
67,0,67,False,18
561,0,561,False,46
941,0,941,False,343
15,0,15,False,0
459,0,459,False,20
1155,0,1155,False,104
99,0,99,False,36
75,0,75,False,18
652,0,652,False,71
307,0,307,False,34
646,0,646,False,94
540,0,540,False,77
861,0,861,False,67
216,0,216,False,7
605,0,605,False,142
143,0,143,False,29
628,0,628,False,89
488,0,488,False,68
43,0,43,False,12
467,0,467,False,80
1048,0,1048,False,253
245,0,245,False,2
996,0,996,False,219
761,0,761,False,111
1080,0,1080,False,291
954,0,954,False,194
419,0,419,False,39
458,0,458,False,64
283,0,283,False,30
370,0,370,False,33
47,0,47,False,16
697,0,697,False,121
529,0,529,False,70
251,0,251,False,27
286,0,286,False,57
1249,0,1249,False,390
559,0,559,False,77
590,0,590,False,95
556,0,556,False,78
376,0,376,False,6
289,0,289,False,39
791,0,791,False,132
751,0,751,False,117
805,0,805,False,335
911,0,911,False,190
394,0,394,False,56
990,0,990,False,354
273,0,273,False,13
173,0,173,False,7
125,0,125,False,1
661,0,661,False,91
742,0,742,False,109
51,0,51,False,23
639,0,639,False,77
446,0,446,False,41
443,0,443,False,22
300,0,300,False,13
293,0,293,False,66
452,0,452,False,22
644,0,644,False,106
45,0,45,False,11
389,0,389,False,50
514,0,514,False,77
1014,0,1014,False,295
1168,0,1168,False,337
316,0,316,False,39
50,0,50,False,14
513,0,513,False,63
619,0,619,False,73
446,0,446,False,87
251,0,251,False,1
121,0,121,False,3
120,0,120,False,2
223,0,223,False,4
1055,0,1055,False,375
106,0,106,False,32
329,0,329,False,35
319,0,319,False,34
618,0,618,False,75
952,0,952,False,95
361,0,361,False,25
1325,0,1325,False,363
706,0,706,False,119
56,0,56,False,12
181,0,181,False,12
54,0,54,False,15
550,0,550,False,66
469,0,469,False,48
491,0,491,False,50
126,0,126,False,1
582,0,582,False,64
1155,0,1155,False,359
596,0,596,False,136
544,0,544,False,82
177,0,177,False,0
610,0,610,False,82
308,0,308,False,35
330,0,330,False,40
472,0,472,False,79
540,0,540,False,82
982,0,982,False,333
640,0,640,False,85
56,0,56,False,0
637,0,637,False,88
457,0,457,False,28
1042,0,1042,False,87
1111,0,1111,False,393
144,0,144,False,4
60,0,60,False,15
294,0,294,False,34
1120,0,1120,False,370
571,0,571,False,47
36,0,36,False,5
142,0,142,False,4
168,0,168,False,1
125,0,125,False,23
1725,0,1725,False,457
1109,0,1109,False,397
22,0,22,False,0
620,0,620,False,106
902,0,902,False,82
397,0,397,False,10
44,0,44,False,11
604,0,604,False,145
238,0,238,False,10
722,0,722,False,122
595,0,595,False,101
737,0,737,False,106
2021,0,2021,False,961
1112,0,1112,False,378
190,0,190,False,38
575,0,575,False,91
1471,0,1471,False,327
39,0,39,False,8
46,0,46,False,15
866,0,866,False,135
936,0,936,False,352
1045,0,1045,False,87
1645,0,1645,False,430
465,0,465,False,31
257,0,257,False,3
267,0,267,False,30
53,0,53,False,11
538,0,538,False,77
367,0,367,False,30
278,0,278,False,38
1118,0,1118,False,88
841,0,841,False,320
162,0,162,False,5
272,0,272,False,9
1255,0,1255,False,318
45,0,45,False,11
356,0,356,False,49
646,0,646,False,82
231,0,231,False,8
572,0,572,False,69
1173,0,1173,False,218
1014,0,1014,False,82
227,0,227,False,6
536,0,536,False,54
572,0,572,False,52
167,0,167,False,10
414,0,414,False,74
1010,0,1010,False,79
470,0,470,False,46
1545,0,1545,False,633
897,0,897,False,249
46,0,46,False,12
398,0,398,False,40
229,0,229,False,11
1133,0,1133,False,98
1055,0,1055,False,90
392,0,392,False,43
866,0,866,False,263
992,0,992,False,82
403,0,403,False,11
435,0,435,False,36
644,0,644,False,97
272,0,272,False,42
226,0,226,False,7
409,0,409,False,11
415,0,415,False,106
68,0,68,False,7
242,0,242,False,11
38,0,38,False,13
595,0,595,False,95
219,0,219,False,32
283,0,283,False,13
461,0,461,False,197
226,0,226,False,39
513,0,513,False,51
880,0,880,False,146
173,0,173,False,8
51,0,51,False,15
139,0,139,False,4
1648,0,1648,False,487
635,0,635,False,82
282,0,282,False,21
1335,0,1335,False,526
191,0,191,False,2
462,0,462,False,22
122,0,122,False,3
1111,0,1111,False,315
286,0,286,False,42
1100,0,1100,False,174
233,0,233,False,5
883,0,883,False,272
318,0,318,False,38
434,0,434,False,59
1400,0,1400,False,290
584,0,584,False,110
306,0,306,False,35
718,0,718,False,282
631,0,631,False,92
493,0,493,False,34
308,0,308,False,38
608,0,608,False,167
279,0,279,False,52
323,0,323,False,24
313,0,313,False,7
351,0,351,False,5
159,0,159,False,0
256,0,256,False,5
200,0,200,False,4
258,0,258,False,33
422,0,422,False,192
1109,0,1109,False,288
54,0,54,False,18
173,0,173,False,0
100,1,99,True,64
630,0,630,False,133
442,0,442,False,18
89,0,89,False,32
753,0,753,False,270
671,0,671,False,86
152,0,152,False,61
303,0,303,False,8
944,0,944,False,95
135,0,135,False,6
304,0,304,False,14
338,0,338,False,24
695,0,695,False,122
383,0,383,False,44
324,0,324,False,9
548,0,548,False,42
1056,0,1056,False,315
258,0,258,False,33
151,0,151,False,57
669,0,669,False,90
1141,0,1141,False,479
45,0,45,False,12
1170,0,1170,False,98
622,0,622,False,76
724,0,724,False,179
601,0,601,False,145
752,0,752,False,296
314,0,314,False,27
508,0,508,False,50
387,0,387,False,50
633,0,633,False,92
1279,0,1279,False,323
133,0,133,False,48
554,0,554,False,39
711,0,711,False,101
1054,0,1054,False,95
56,0,56,False,14
528,0,528,False,46
275,0,275,False,26
768,0,768,False,116
521,0,521,False,78
549,0,549,False,66
1280,0,1280,False,278
212,0,212,False,4
222,0,222,False,33
73,0,73,False,20
1014,0,1014,False,179
116,0,116,False,1
39,0,39,False,12
235,0,235,False,10
460,0,460,False,55
53,0,53,False,14
112,0,112,False,3
463,0,463,False,22
1128,0,1128,False,476
650,0,650,False,96
145,0,145,False,18
324,0,324,False,45
1130,0,1130,False,104
374,0,374,False,25
76,0,76,False,21
1102,0,1102,False,97
162,0,162,False,4
141,0,141,False,49
46,0,46,False,11
213,0,213,False,5
347,0,347,False,46
258,0,258,False,31
340,0,340,False,27
146,0,146,False,1
785,0,785,False,136
306,0,306,False,29
536,0,536,False,78
1906,0,1906,False,525
260,0,260,False,13
481,0,481,False,26
264,0,264,False,17
829,0,829,False,113
736,0,736,False,147
1190,0,1190,False,78
407,0,407,False,68
307,0,307,False,37
231,0,231,False,18
147,0,147,False,39
432,0,432,False,19
252,0,252,False,28
1112,0,1112,False,270
1056,0,1056,False,374
294,0,294,False,8
769,0,769,False,121
178,0,178,False,6
207,0,207,False,4
1051,0,1051,False,91
317,0,317,False,37
594,0,594,False,87
788,0,788,False,63
446,0,446,False,43
139,0,139,False,63
152,0,152,False,2
12,0,12,False,0
610,0,610,False,84
657,0,657,False,86
497,0,497,False,119
550,0,550,False,73
662,0,662,False,83
641,0,641,False,246
249,0,249,False,74
406,0,406,False,12
446,0,446,False,39
119,0,119,False,51
139,0,139,False,3
323,0,323,False,22
291,0,291,False,39
2001,0,2001,False,602
533,0,533,False,57
255,0,255,False,30
748,0,748,False,256
431,0,431,False,48
73,0,73,False,19
232,0,232,False,16
489,0,489,False,101
268,0,268,False,9
427,0,427,False,13
231,0,231,False,10
233,0,233,False,13
53,0,53,False,12
284,0,284,False,24
445,0,445,False,87
423,0,423,False,96
681,0,681,False,84
171,0,171,False,0
403,0,403,False,58
460,0,460,False,24
349,0,349,False,33
220,0,220,False,3
495,0,495,False,66
448,0,448,False,192
992,0,992,False,382
303,0,303,False,17
472,0,472,False,52
305,0,305,False,13
332,0,332,False,33
1183,0,1183,False,80
79,0,79,False,27
159,0,159,False,59
324,0,324,False,29
140,0,140,False,18
29,0,29,False,3
596,0,596,False,78
47,0,47,False,9
380,0,380,False,55
1273,0,1273,False,434
225,0,225,False,12
850,0,850,False,60
188,0,188,False,2
283,0,283,False,27
971,0,971,False,337
414,0,414,False,50
1570,0,1570,False,358
193,0,193,False,2
907,0,907,False,155
303,0,303,False,37
690,0,690,False,97
48,0,48,False,15
655,0,655,False,247
301,0,301,False,34
665,0,665,False,159
272,0,272,False,9
768,0,768,False,253
309,0,309,False,37
198,0,198,False,2
305,0,305,False,32
714,0,714,False,182
763,0,763,False,251
171,0,171,False,5
694,0,694,False,123
77,0,77,False,22
505,0,505,False,54
80,0,80,False,25
935,0,935,False,156
166,0,166,False,0
634,0,634,False,85
338,0,338,False,50
64,0,64,False,4
683,0,683,False,159
68,0,68,False,20
137,0,137,False,49
269,0,269,False,38
518,0,518,False,53
575,0,575,False,68
930,0,930,False,225
1100,0,1100,False,273
1484,0,1484,False,342
491,0,491,False,107
758,0,758,False,122
468,0,468,False,64
59,0,59,False,15
363,0,363,False,9
75,0,75,False,20
505,0,505,False,89
59,0,59,False,14
663,0,663,False,91
719,0,719,False,87
935,0,935,False,334
365,0,365,False,63
175,0,175,False,7
350,0,350,False,36
517,0,517,False,79
623,0,623,False,177
315,0,315,False,37
595,0,595,False,108
158,0,158,False,50
894,0,894,False,81
384,0,384,False,15
1108,0,1108,False,395
663,0,663,False,180
821,0,821,False,151
409,0,409,False,106
326,0,326,False,9
265,0,265,False,27
367,0,367,False,30
202,0,202,False,28
361,0,361,False,9
45,0,45,False,13
609,0,609,False,136
989,0,989,False,333
282,0,282,False,22
616,0,616,False,185
247,0,247,False,21
377,0,377,False,23
79,0,79,False,19
102,0,102,False,38
435,0,435,False,48
242,0,242,False,1
388,0,388,False,54
875,0,875,False,148
76,0,76,False,14
227,0,227,False,29
602,0,602,False,72
212,0,212,False,3
119,0,119,False,51
435,0,435,False,48
700,0,700,False,103
1043,0,1043,False,95
294,0,294,False,34
176,0,176,False,6
868,0,868,False,98
308,0,308,False,34
980,0,980,False,98
707,0,707,False,122
985,0,985,False,343
65,0,65,False,19
776,0,776,False,135
223,0,223,False,33
311,0,311,False,17
796,0,796,False,112
166,0,166,False,5
551,0,551,False,80
861,0,861,False,264
220,0,220,False,6
47,0,47,False,18
2243,0,2243,False,976
56,0,56,False,11
533,0,533,False,33
1415,0,1415,False,315
165,0,165,False,1
1391,0,1391,False,212
376,0,376,False,19
468,0,468,False,154
352,0,352,False,35
1052,0,1052,False,248
85,0,85,False,22
159,0,159,False,13
1062,0,1062,False,99
620,1,619,True,358
963,0,963,False,121
309,0,309,False,38
854,0,854,False,324
364,0,364,False,53
852,0,852,False,257
414,0,414,False,15
270,0,270,False,30
1107,0,1107,False,75
296,0,296,False,24
705,0,705,False,114
82,0,82,False,19
291,0,291,False,32
556,0,556,False,107
1022,0,1022,False,245
204,0,204,False,6
1080,0,1080,False,156
361,0,361,False,28
695,0,695,False,126
1160,0,1160,False,388
205,0,205,False,3
286,0,286,False,5
512,0,512,False,60
780,0,780,False,281
178,0,178,False,11
353,0,353,False,79
362,0,362,False,45
285,0,285,False,5
1108,0,1108,False,123
1218,0,1218,False,363
444,0,444,False,20
841,0,841,False,69
262,0,262,False,3
424,0,424,False,58
1636,0,1636,False,337
35,0,35,False,6
214,0,214,False,4
278,0,278,False,33
1530,0,1530,False,394
928,0,928,False,117
218,0,218,False,7
237,0,237,False,12
998,0,998,False,90
170,0,170,False,4
136,0,136,False,5
264,0,264,False,10
1151,0,1151,False,382
729,0,729,False,288
1109,0,1109,False,72
246,0,246,False,17
373,0,373,False,23
249,0,249,False,27
517,0,517,False,62
633,0,633,False,114
736,0,736,False,403
688,0,688,False,92
49,0,49,False,13
709,0,709,False,101
46,0,46,False,9
777,0,777,False,131
47,0,47,False,16
1149,0,1149,False,384
457,0,457,False,23
811,0,811,False,258
630,0,630,False,86
105,0,105,False,50
208,0,208,False,36
528,0,528,False,59
775,0,775,False,277
2366,0,2366,False,935
386,0,386,False,39
870,0,870,False,133
1021,0,1021,False,213
291,0,291,False,15
474,0,474,False,72
467,0,467,False,81
146,0,146,False,3
808,0,808,False,296
2606,0,2606,False,933
242,0,242,False,6
714,0,714,False,97
2102,0,2102,False,540
1042,0,1042,False,99
316,0,316,False,15
1110,0,1110,False,76
756,0,756,False,272
673,0,673,False,80
343,0,343,False,37
939,0,939,False,322
644,0,644,False,87
485,0,485,False,53
331,0,331,False,37
298,0,298,False,7
844,0,844,False,259
92,0,92,False,2
50,0,50,False,13
875,1,874,True,450
879,0,879,False,138
742,0,742,False,117
1151,0,1151,False,487
172,0,172,False,0
330,0,330,False,14
948,0,948,False,321
716,0,716,False,94
75,0,75,False,14
209,0,209,False,8
510,0,510,False,45
402,0,402,False,21
275,0,275,False,36
694,0,694,False,124
382,0,382,False,48
471,0,471,False,52
574,0,574,False,87
546,0,546,False,87
998,0,998,False,332
39,0,39,False,12
513,0,513,False,113
689,0,689,False,197
769,0,769,False,279
836,0,836,False,154
426,0,426,False,50
230,0,230,False,10
377,0,377,False,33
711,0,711,False,270
988,0,988,False,130
417,0,417,False,74
77,0,77,False,15
458,0,458,False,43
365,0,365,False,11
388,0,388,False,30
722,0,722,False,190
618,0,618,False,179
345,0,345,False,9
1483,0,1483,False,342
1479,0,1479,False,596
212,0,212,False,4
49,0,49,False,18
1408,0,1408,False,563
286,0,286,False,24
664,1,663,True,381
550,0,550,False,62
537,0,537,False,64
786,0,786,False,124
93,0,93,False,34
709,0,709,False,280
185,0,185,False,3
619,0,619,False,74
120,0,120,False,73
1140,0,1140,False,480
714,0,714,False,256
280,0,280,False,3
294,0,294,False,9
672,0,672,False,72
1564,0,1564,False,444
416,0,416,False,15
896,0,896,False,198
365,0,365,False,74
56,0,56,False,19
56,0,56,False,12
377,0,377,False,32
238,0,238,False,34
1141,0,1141,False,193
163,0,163,False,27
36,0,36,False,5
682,1,681,True,445
49,0,49,False,17
231,0,231,False,19
101,0,101,False,43
69,0,69,False,17
674,0,674,False,86
810,0,810,False,128
504,0,504,False,45
800,0,800,False,122
530,1,529,True,273
44,0,44,False,13
325,0,325,False,17
431,0,431,False,45
1880,0,1880,False,613
80,0,80,False,22
714,0,714,False,128
767,0,767,False,117
237,0,237,False,20
222,0,222,False,16
280,0,280,False,32
384,0,384,False,8
422,0,422,False,60
468,0,468,False,20
173,0,173,False,6
417,0,417,False,14
248,0,248,False,6
176,0,176,False,9
230,0,230,False,17
171,0,171,False,1
352,0,352,False,32
36,0,36,False,11
353,0,353,False,35
602,0,602,False,219
228,0,228,False,1
463,0,463,False,54
487,0,487,False,30
677,0,677,False,88
122,0,122,False,7
514,0,514,False,70
585,0,585,False,56
569,0,569,False,84
40,0,40,False,8
496,0,496,False,45
1166,0,1166,False,529
342,0,342,False,21
1017,0,1017,False,298
788,0,788,False,265
532,0,532,False,52
938,0,938,False,84
1118,0,1118,False,99
48,0,48,False,12
687,0,687,False,178
428,0,428,False,85
270,0,270,False,2
44,0,44,False,12
600,0,600,False,68
324,0,324,False,13
78,0,78,False,21
1160,0,1160,False,178
165,0,165,False,1
152,0,152,False,3
722,0,722,False,188
993,0,993,False,73
713,0,713,False,279
723,0,723,False,134
283,0,283,False,30
33,0,33,False,6
93,0,93,False,38
448,0,448,False,69
399,0,399,False,103
448,0,448,False,61
2169,0,2169,False,1007
787,0,787,False,152
429,0,429,False,15
267,0,267,False,10
174,0,174,False,3
670,0,670,False,180
1139,0,1139,False,89
239,0,239,False,4
360,0,360,False,7
78,0,78,False,25
316,0,316,False,73
417,0,417,False,13
939,0,939,False,304
665,0,665,False,253
730,0,730,False,199
186,0,186,False,2
1157,0,1157,False,180
705,0,705,False,125
35,0,35,False,0
274,0,274,False,37
1139,0,1139,False,382
809,0,809,False,296
220,0,220,False,6
774,0,774,False,132
632,0,632,False,118
453,0,453,False,45
751,0,751,False,124
1506,0,1506,False,529
405,0,405,False,104
786,0,786,False,154
52,0,52,False,16
240,0,240,False,10
46,0,46,False,16
49,0,49,False,13
580,0,580,False,90
781,0,781,False,233
393,0,393,False,129
884,0,884,False,80
141,0,141,False,49
341,0,341,False,24
390,0,390,False,61
40,0,40,False,10
22,0,22,False,0
832,0,832,False,56
449,0,449,False,70
369,0,369,False,31
663,0,663,False,148
31,0,31,False,5
1252,0,1252,False,106
716,0,716,False,262
322,0,322,False,65
50,0,50,False,17
577,0,577,False,136
1165,0,1165,False,340
100,0,100,False,29
666,0,666,False,90
196,0,196,False,2
807,0,807,False,294
393,0,393,False,51
1131,0,1131,False,369
348,0,348,False,56
262,0,262,False,11
243,0,243,False,10
241,0,241,False,5
122,0,122,False,9
288,0,288,False,19
819,0,819,False,306
297,0,297,False,64
458,0,458,False,52
144,0,144,False,70
443,0,443,False,22
639,0,639,False,160
159,0,159,False,4
422,0,422,False,19
409,0,409,False,46
272,0,272,False,3
560,0,560,False,68
390,0,390,False,50
111,0,111,False,49
330,0,330,False,34
148,0,148,False,62
232,0,232,False,11
32,1,31,True,17
964,0,964,False,203
475,0,475,False,54
796,0,796,False,282
228,0,228,False,9
1387,0,1387,False,353
583,0,583,False,67
393,0,393,False,43
508,0,508,False,43
602,0,602,False,80
308,0,308,False,34
1489,0,1489,False,748
445,0,445,False,27
122,0,122,False,41
710,0,710,False,103
269,0,269,False,10
319,0,319,False,41
1792,0,1792,False,562
589,0,589,False,141
1285,0,1285,False,209
432,0,432,False,38
477,0,477,False,69
298,0,298,False,32
131,0,131,False,23
252,0,252,False,5
326,0,326,False,24
2310,0,2310,False,1453
429,0,429,False,85
2107,0,2107,False,773
354,0,354,False,23
258,0,258,False,32
642,0,642,False,130
207,0,207,False,8
80,0,80,False,24
285,0,285,False,24
48,0,48,False,18
380,0,380,False,40
467,0,467,False,195
406,0,406,False,54
382,0,382,False,68
898,0,898,False,161
353,0,353,False,39
1155,0,1155,False,385
426,0,426,False,58
855,0,855,False,66
81,0,81,False,24
42,0,42,False,13
82,0,82,False,21
537,0,537,False,135
341,0,341,False,61
984,0,984,False,79
480,0,480,False,104
125,0,125,False,64
568,0,568,False,192
535,0,535,False,89
1095,0,1095,False,262
588,0,588,False,141
407,0,407,False,44
463,0,463,False,27
235,0,235,False,5
668,0,668,False,254
670,0,670,False,98
1301,0,1301,False,525
310,0,310,False,30
95,0,95,False,44
75,0,75,False,18
208,0,208,False,14
80,0,80,False,14
486,0,486,False,77
274,0,274,False,18
352,1,351,True,182
400,0,400,False,26
170,0,170,False,1
379,0,379,False,44
690,0,690,False,121
144,0,144,False,18
139,0,139,False,0
807,0,807,False,115
529,0,529,False,171
254,0,254,False,14
402,0,402,False,44
576,0,576,False,200
306,0,306,False,36
994,0,994,False,87
599,0,599,False,241
239,0,239,False,5
392,0,392,False,30
531,0,531,False,72
559,0,559,False,222
793,0,793,False,115
659,0,659,False,216
668,0,668,False,257
232,0,232,False,1
701,0,701,False,113
641,0,641,False,70
198,0,198,False,2
77,0,77,False,19
332,0,332,False,24
544,0,544,False,102
642,0,642,False,90
917,0,917,False,78
1211,0,1211,False,104
432,0,432,False,18
144,0,144,False,1
705,0,705,False,63
57,0,57,False,14
501,0,501,False,80
946,0,946,False,86
766,0,766,False,254
470,0,470,False,25
413,0,413,False,42
962,0,962,False,333
403,0,403,False,56
669,0,669,False,99
750,0,750,False,109
715,0,715,False,85
158,0,158,False,4
1011,0,1011,False,128
383,0,383,False,28
159,0,159,False,18
663,0,663,False,91
358,0,358,False,58
141,0,141,False,4
201,0,201,False,4
46,0,46,False,17
147,0,147,False,1
70,1,69,True,35
268,0,268,False,10
47,0,47,False,14
309,0,309,False,34
297,0,297,False,10
47,0,47,False,12
156,0,156,False,54
574,0,574,False,45
552,0,552,False,81
789,0,789,False,266
547,0,547,False,67
47,0,47,False,12
508,0,508,False,85
600,0,600,False,70
46,0,46,False,9
82,0,82,False,23
758,0,758,False,252
178,0,178,False,16
709,0,709,False,119
154,0,154,False,14
1670,0,1670,False,382
659,0,659,False,77
691,0,691,False,121
1846,0,1846,False,562
405,0,405,False,12
169,0,169,False,9
582,0,582,False,147
459,0,459,False,32
282,0,282,False,7
114,0,114,False,47
479,0,479,False,84
150,0,150,False,1
194,0,194,False,18
367,0,367,False,10
223,0,223,False,9
228,0,228,False,11
1223,0,1223,False,214
418,0,418,False,45
200,0,200,False,28
48,0,48,False,15
85,0,85,False,12
1095,0,1095,False,308
655,0,655,False,134
392,0,392,False,60
308,0,308,False,40
490,0,490,False,51
1321,0,1321,False,427
359,0,359,False,24
63,0,63,False,14
139,0,139,False,3
288,0,288,False,23
599,0,599,False,239
692,0,692,False,123
125,0,125,False,47
251,0,251,False,34
2160,0,2160,False,770
546,0,546,False,58
206,0,206,False,2
157,0,157,False,5
234,0,234,False,4
252,0,252,False,30
443,0,443,False,61
45,0,45,False,9
322,0,322,False,21
44,0,44,False,11
63,0,63,False,1
615,0,615,False,83
137,0,137,False,3
78,0,78,False,21
249,0,249,False,23
144,0,144,False,18
585,0,585,False,116
641,0,641,False,90
40,0,40,False,10
619,0,619,False,165
1084,0,1084,False,58
453,0,453,False,22
307,0,307,False,17
209,0,209,False,5
699,0,699,False,79
142,0,142,False,4
474,0,474,False,32
899,0,899,False,189
49,0,49,False,14
1341,0,1341,False,606
1750,0,1750,False,559
306,0,306,False,34
1306,0,1306,False,134
68,0,68,False,21
1634,0,1634,False,421
116,0,116,False,41
1023,0,1023,False,85
413,0,413,False,52
217,0,217,False,2
246,0,246,False,2
317,0,317,False,24
503,0,503,False,97
500,0,500,False,54
343,0,343,False,35
71,0,71,False,29
469,0,469,False,58
427,0,427,False,76
288,0,288,False,32
693,0,693,False,88
140,0,140,False,58
612,0,612,False,61
135,0,135,False,17
701,0,701,False,116
534,0,534,False,108
409,0,409,False,49
321,0,321,False,23
788,0,788,False,111
367,0,367,False,36
504,0,504,False,133
808,0,808,False,176
916,0,916,False,55
230,0,230,False,22
291,0,291,False,62
226,0,226,False,5
338,0,338,False,39
255,0,255,False,11
960,0,960,False,271
332,0,332,False,25
337,0,337,False,58
117,0,117,False,19
47,0,47,False,14
255,0,255,False,5
281,0,281,False,27
334,0,334,False,42
149,0,149,False,1
233,0,233,False,30
574,0,574,False,91
218,0,218,False,2
1156,0,1156,False,388
725,0,725,False,231
846,0,846,False,153
362,0,362,False,59
605,0,605,False,152
101,0,101,False,21
462,0,462,False,193
54,1,53,True,34
78,0,78,False,4
1254,1,1253,True,715
791,0,791,False,99
169,0,169,False,1
1011,0,1011,False,231
368,0,368,False,41
1053,0,1053,False,98
210,0,210,False,8
282,0,282,False,24
830,0,830,False,231
293,0,293,False,23
1102,0,1102,False,89
1284,0,1284,False,371
156,0,156,False,3
668,0,668,False,124
353,0,353,False,37
86,0,86,False,20
1525,0,1525,False,645
315,0,315,False,9
1052,0,1052,False,97
147,0,147,False,4
822,0,822,False,301
466,0,466,False,52
92,0,92,False,34
407,0,407,False,56
44,0,44,False,14
1099,0,1099,False,394
508,0,508,False,48
351,0,351,False,36
44,0,44,False,17
1030,0,1030,False,244
714,0,714,False,279
274,0,274,False,4
142,0,142,False,3
424,0,424,False,11
73,0,73,False,21
214,0,214,False,1
51,0,51,False,16
417,0,417,False,49
135,0,135,False,0
470,0,470,False,246
482,0,482,False,26
410,0,410,False,41
672,0,672,False,227
718,0,718,False,264
490,0,490,False,60
353,0,353,False,7
602,0,602,False,238
712,0,712,False,260
605,0,605,False,142
831,0,831,False,315
564,0,564,False,65
442,0,442,False,84
797,0,797,False,134
773,0,773,False,67
920,0,920,False,78
269,0,269,False,9
945,0,945,False,82
712,0,712,False,93
786,0,786,False,236
450,0,450,False,56
555,0,555,False,46
492,0,492,False,80
704,0,704,False,123
467,0,467,False,37
367,0,367,False,36
147,0,147,False,30
171,0,171,False,6
293,0,293,False,24
730,0,730,False,94
590,0,590,False,79
539,0,539,False,87
74,0,74,False,22
327,0,327,False,6
1233,0,1233,False,276
727,0,727,False,287
127,0,127,False,18
448,0,448,False,49
225,0,225,False,7
239,0,239,False,15
651,0,651,False,118
551,0,551,False,51
540,0,540,False,75
205,0,205,False,2
2000,0,2000,False,602
428,0,428,False,19
301,0,301,False,7
176,0,176,False,9
726,0,726,False,281
324,0,324,False,31
184,0,184,False,61
424,0,424,False,18
226,0,226,False,1
105,0,105,False,0
263,0,263,False,11
407,0,407,False,14
3376,0,3376,False,1323
435,0,435,False,54
1222,0,1222,False,96
764,0,764,False,99
79,0,79,False,26
1216,0,1216,False,113
276,0,276,False,32
49,0,49,False,14
1005,0,1005,False,129
993,0,993,False,241
725,0,725,False,285
1136,0,1136,False,196
252,0,252,False,2
993,0,993,False,89
675,0,675,False,230
443,0,443,False,62
1127,0,1127,False,285
802,0,802,False,300
2172,1,2171,True,1326
122,0,122,False,1
44,0,44,False,12
496,0,496,False,42
158,0,158,False,68
650,0,650,False,87
1152,0,1152,False,186
639,0,639,False,87
165,0,165,False,8
719,0,719,False,86
199,0,199,False,5
961,0,961,False,90
141,0,141,False,0
101,0,101,False,34
968,0,968,False,124
602,0,602,False,142
801,0,801,False,145
449,0,449,False,55
572,0,572,False,72
282,0,282,False,27
698,0,698,False,268
376,0,376,False,26
425,0,425,False,74
943,0,943,False,85
415,0,415,False,42
341,0,341,False,38
719,0,719,False,282
972,0,972,False,129
213,0,213,False,3
76,0,76,False,22
467,0,467,False,45
735,0,735,False,240
605,0,605,False,138
151,0,151,False,0
833,0,833,False,96
774,0,774,False,116
330,0,330,False,37
179,0,179,False,16
520,0,520,False,85
874,0,874,False,70
828,1,827,True,486
732,0,732,False,94
46,0,46,False,14
138,0,138,False,32
692,0,692,False,144
740,1,739,True,378
391,0,391,False,43
593,0,593,False,79
681,0,681,False,109
689,0,689,False,119
989,0,989,False,70
234,0,234,False,26
2066,0,2066,False,924
389,0,389,False,64
399,0,399,False,30
165,0,165,False,0
176,0,176,False,7
467,0,467,False,196
895,0,895,False,325
383,0,383,False,43
78,0,78,False,20
45,0,45,False,12
1186,0,1186,False,275
149,0,149,False,60
718,0,718,False,100
1060,0,1060,False,371
107,0,107,False,35
429,0,429,False,59
400,0,400,False,54
235,0,235,False,6
310,0,310,False,52
305,0,305,False,33
411,0,411,False,44
123,0,123,False,2
697,0,697,False,100
213,0,213,False,2
218,0,218,False,2
435,0,435,False,18
700,0,700,False,119
289,0,289,False,7
168,0,168,False,1
468,0,468,False,76
60,0,60,False,15
229,0,229,False,14
139,0,139,False,4
75,0,75,False,17
569,0,569,False,68
2245,0,2245,False,524
1091,0,1091,False,98
381,0,381,False,50
943,0,943,False,106
393,0,393,False,48
1185,0,1185,False,124
310,0,310,False,34
160,0,160,False,4
273,0,273,False,21
52,0,52,False,9
83,0,83,False,23
49,0,49,False,18
598,0,598,False,141
386,0,386,False,103
428,0,428,False,72
876,0,876,False,77
744,0,744,False,259
1268,0,1268,False,106
152,0,152,False,72
160,0,160,False,19
40,0,40,False,13
396,0,396,False,31
1162,0,1162,False,388
454,0,454,False,198
383,0,383,False,51
621,0,621,False,181
1230,0,1230,False,300
659,0,659,False,98
635,0,635,False,87
1095,0,1095,False,228
1105,0,1105,False,394
239,0,239,False,6
462,0,462,False,52
159,0,159,False,4
414,0,414,False,70
366,0,366,False,38
289,0,289,False,21
443,0,443,False,61
292,0,292,False,34
144,0,144,False,61
530,1,529,True,286
342,0,342,False,7
464,0,464,False,197
292,0,292,False,28
598,0,598,False,112
341,0,341,False,46
842,0,842,False,58
278,0,278,False,13
289,0,289,False,11
819,0,819,False,111
1162,0,1162,False,114
343,0,343,False,11
233,0,233,False,20
425,0,425,False,16
330,0,330,False,9
215,0,215,False,2
993,0,993,False,259
647,0,647,False,87
357,0,357,False,67
935,0,935,False,76
79,0,79,False,22
2314,0,2314,False,803
591,0,591,False,100
711,0,711,False,119
470,0,470,False,60
273,0,273,False,3
694,0,694,False,120
617,0,617,False,84
254,0,254,False,11
36,0,36,False,12
309,0,309,False,34
592,0,592,False,95
217,0,217,False,6
303,0,303,False,8
163,0,163,False,5
878,0,878,False,90
77,0,77,False,20
247,0,247,False,27
635,0,635,False,132
550,0,550,False,69
385,0,385,False,54
593,0,593,False,55
959,0,959,False,196
400,0,400,False,103
1564,0,1564,False,641
699,0,699,False,69
61,0,61,False,16
359,0,359,False,10
372,0,372,False,41
1095,0,1095,False,114
85,0,85,False,24
563,0,563,False,83
334,1,333,True,168
156,0,156,False,71
471,0,471,False,60
672,0,672,False,87
128,0,128,False,0
720,0,720,False,282
168,0,168,False,4
1213,0,1213,False,296
149,0,149,False,49
256,0,256,False,13
471,0,471,False,58
213,0,213,False,2
279,0,279,False,22
596,0,596,False,141
181,0,181,False,4
622,0,622,False,83
143,0,143,False,50
785,0,785,False,66
338,0,338,False,27
457,0,457,False,23
360,0,360,False,9
46,0,46,False,9
455,0,455,False,47
956,0,956,False,85
2036,0,2036,False,911
919,0,919,False,58
280,1,279,True,143
76,0,76,False,22
463,0,463,False,28
944,0,944,False,115
681,0,681,False,229
442,0,442,False,45
721,0,721,False,184
622,0,622,False,183
210,0,210,False,5
908,1,907,True,502
697,0,697,False,101
1062,0,1062,False,230
764,0,764,False,123
1057,0,1057,False,97
246,0,246,False,12
723,0,723,False,288
696,0,696,False,114
211,0,211,False,5
1534,1,1533,True,833
808,0,808,False,45
299,0,299,False,17
294,0,294,False,9
249,0,249,False,2
396,0,396,False,52
654,0,654,False,176
102,0,102,False,38
1015,0,1015,False,132
1159,0,1159,False,341
363,0,363,False,47
365,0,365,False,10
498,0,498,False,42
968,0,968,False,212
774,0,774,False,283
246,0,246,False,14
1109,0,1109,False,89
337,0,337,False,24
1156,0,1156,False,384
286,0,286,False,31
600,0,600,False,111
562,0,562,False,73
888,0,888,False,79
615,0,615,False,224
341,0,341,False,43
255,0,255,False,2
353,0,353,False,57
1039,0,1039,False,231
80,0,80,False,25
715,0,715,False,119
348,0,348,False,30
1292,0,1292,False,415
974,0,974,False,336
57,0,57,False,0
561,0,561,False,72
291,0,291,False,35
628,0,628,False,87
142,0,142,False,4
223,0,223,False,2
320,0,320,False,45
236,0,236,False,36
145,0,145,False,3
261,0,261,False,29
1102,0,1102,False,273
615,0,615,False,80
778,0,778,False,117
271,0,271,False,33
1004,0,1004,False,64
944,0,944,False,87
590,0,590,False,60
835,0,835,False,51
547,0,547,False,68
613,0,613,False,56
284,0,284,False,32
573,0,573,False,80
1030,0,1030,False,115
123,0,123,False,3
283,0,283,False,22
324,0,324,False,44
451,0,451,False,30
550,0,550,False,79
780,1,779,True,405
144,0,144,False,0
300,0,300,False,13
339,0,339,False,115
191,0,191,False,2
122,0,122,False,4
70,0,70,False,18
36,0,36,False,12
355,0,355,False,54
605,0,605,False,144
135,0,135,False,18
396,0,396,False,33
83,0,83,False,23
375,0,375,False,54
464,0,464,False,59
687,0,687,False,99
364,0,364,False,4
138,0,138,False,3
640,0,640,False,86
46,0,46,False,15
294,0,294,False,32
214,0,214,False,2
281,0,281,False,35
1279,0,1279,False,341
990,0,990,False,132
391,0,391,False,62
1062,0,1062,False,256
276,0,276,False,3
242,0,242,False,9
73,0,73,False,21
492,0,492,False,67
541,0,541,False,70
271,0,271,False,10
401,0,401,False,56
1129,0,1129,False,498
351,0,351,False,28
207,0,207,False,4
349,0,349,False,29
789,0,789,False,105
1215,0,1215,False,338
637,0,637,False,46
267,0,267,False,10
263,0,263,False,3
93,0,93,False,32
349,0,349,False,49
463,0,463,False,24
788,0,788,False,138
153,0,153,False,23
318,0,318,False,7
156,0,156,False,3
1188,0,1188,False,623
1004,0,1004,False,92
971,0,971,False,234
942,0,942,False,107
522,0,522,False,60
898,0,898,False,348
1114,0,1114,False,271
950,0,950,False,69
134,0,134,False,14
319,0,319,False,45
703,0,703,False,126
467,0,467,False,47
783,0,783,False,141
289,0,289,False,13
283,0,283,False,13
142,0,142,False,4
179,0,179,False,2
366,0,366,False,18
520,0,520,False,104
274,0,274,False,28
438,0,438,False,21
975,0,975,False,95
416,0,416,False,176
453,0,453,False,193
208,0,208,False,32
660,0,660,False,72
1104,0,1104,False,393
35,0,35,False,11
272,0,272,False,32
273,0,273,False,32
402,0,402,False,43
81,0,81,False,23
604,0,604,False,83
783,0,783,False,69
433,0,433,False,11
220,0,220,False,9
703,0,703,False,128
117,0,117,False,24
399,0,399,False,54
549,0,549,False,95
472,0,472,False,128
1427,0,1427,False,330
705,0,705,False,264
149,0,149,False,4
360,0,360,False,38
861,0,861,False,66
580,0,580,False,55
395,0,395,False,104
103,0,103,False,23
462,0,462,False,57
277,0,277,False,29
666,0,666,False,177
699,0,699,False,99
435,0,435,False,55
177,0,177,False,3
330,0,330,False,36
446,0,446,False,22
205,0,205,False,24
583,0,583,False,149
348,0,348,False,36
490,0,490,False,66
252,0,252,False,20
243,0,243,False,49
192,0,192,False,2
1618,0,1618,False,397
154,0,154,False,98
956,0,956,False,289
1223,0,1223,False,413
303,0,303,False,35
548,0,548,False,152
168,0,168,False,58
406,0,406,False,13
51,0,51,False,13
326,0,326,False,9
469,0,469,False,57
994,0,994,False,122
613,0,613,False,84
552,0,552,False,65
642,0,642,False,87
28,0,28,False,8
334,0,334,False,12
30,0,30,False,10
638,0,638,False,88
16,0,16,False,3
762,0,762,False,169
418,0,418,False,77
861,0,861,False,261
44,0,44,False,9
118,0,118,False,4
477,1,476,True,251
435,0,435,False,24
759,0,759,False,71
78,0,78,False,27
126,0,126,False,0
513,0,513,False,70
1002,0,1002,False,127
391,0,391,False,46
6,0,6,False,0
1030,0,1030,False,296
47,0,47,False,9
569,0,569,False,134
389,0,389,False,55
998,0,998,False,131
458,0,458,False,23
57,0,57,False,0
144,0,144,False,0
883,0,883,False,273
89,0,89,False,35
1801,0,1801,False,366
1150,0,1150,False,381
652,0,652,False,90
961,0,961,False,90
1014,0,1014,False,120
1378,0,1378,False,464
37,0,37,False,0
310,0,310,False,12
1409,0,1409,False,506
542,0,542,False,82
259,0,259,False,6
29,0,29,False,10
503,0,503,False,50
237,0,237,False,16
670,0,670,False,180
269,0,269,False,11
911,0,911,False,149
882,0,882,False,77
734,0,734,False,138
614,0,614,False,226
35,0,35,False,9
355,0,355,False,41
46,0,46,False,9
414,0,414,False,52
666,0,666,False,87
169,0,169,False,25
543,0,543,False,66
600,0,600,False,142
534,0,534,False,90
1012,0,1012,False,255
395,0,395,False,51
367,0,367,False,7
152,0,152,False,0
1034,1,1033,True,645
970,0,970,False,277
392,0,392,False,67
1049,0,1049,False,105
358,0,358,False,10
517,0,517,False,58
521,0,521,False,69
370,0,370,False,48
80,0,80,False,24
306,0,306,False,35
488,0,488,False,51
1307,0,1307,False,304
471,0,471,False,81
740,0,740,False,125
392,0,392,False,64
63,0,63,False,15
1070,0,1070,False,389
1392,0,1392,False,386
691,0,691,False,112
284,0,284,False,16
240,0,240,False,34
331,0,331,False,16
338,0,338,False,45
643,0,643,False,90
720,0,720,False,102
287,0,287,False,37
164,0,164,False,14
176,0,176,False,0
120,0,120,False,6
174,0,174,False,4
949,0,949,False,120
264,0,264,False,8
261,0,261,False,15
137,0,137,False,36
257,0,257,False,12
1142,0,1142,False,383
286,0,286,False,6
56,0,56,False,14
1079,0,1079,False,86
49,0,49,False,14
449,0,449,False,22
655,0,655,False,247
366,0,366,False,7
944,0,944,False,82
515,0,515,False,44
279,0,279,False,33
45,0,45,False,14
556,0,556,False,88
1757,0,1757,False,722
532,0,532,False,71
132,0,132,False,14
514,0,514,False,49
393,0,393,False,52
986,0,986,False,86
354,0,354,False,23
673,0,673,False,224
301,0,301,False,35
674,0,674,False,87
226,0,226,False,18
621,0,621,False,227
224,0,224,False,3
389,0,389,False,54
11,0,11,False,0
609,0,609,False,117
57,0,57,False,15
1189,0,1189,False,303
2252,0,2252,False,985
713,0,713,False,120
1453,0,1453,False,453
148,0,148,False,3
142,0,142,False,4
346,0,346,False,50
1362,0,1362,False,306
665,0,665,False,92
354,0,354,False,42
844,0,844,False,63
1158,0,1158,False,337
1369,0,1369,False,618
1442,0,1442,False,478
50,0,50,False,13
1380,1,1379,True,779
270,0,270,False,29
136,0,136,False,3
665,0,665,False,259
82,0,82,False,23
537,0,537,False,76
213,0,213,False,3
137,0,137,False,2
382,0,382,False,58
548,0,548,False,60
308,0,308,False,39
1254,0,1254,False,104
805,0,805,False,298
283,0,283,False,35
296,0,296,False,30
730,0,730,False,107
299,0,299,False,29
779,0,779,False,70
1017,0,1017,False,226
340,0,340,False,35
225,0,225,False,2
464,0,464,False,73
465,0,465,False,104
346,0,346,False,29
392,0,392,False,43
766,0,766,False,109
473,0,473,False,128
343,0,343,False,28
141,0,141,False,0
497,0,497,False,94
157,0,157,False,3
96,0,96,False,4
782,0,782,False,160
689,0,689,False,121
925,0,925,False,80
259,0,259,False,13
693,0,693,False,99
419,0,419,False,54
1150,0,1150,False,180
172,0,172,False,8
312,0,312,False,15
884,0,884,False,149
79,0,79,False,22
1786,0,1786,False,738
677,0,677,False,117
125,0,125,False,1
822,0,822,False,219
46,0,46,False,4
1168,0,1168,False,111
745,0,745,False,69
633,0,633,False,83
742,0,742,False,256
670,0,670,False,55
505,0,505,False,48
168,0,168,False,0
739,0,739,False,260
272,0,272,False,73
587,0,587,False,234
80,0,80,False,24
1192,0,1192,False,292
303,0,303,False,31
370,0,370,False,10
807,0,807,False,239
1541,0,1541,False,349
142,0,142,False,1
1063,0,1063,False,238
1363,0,1363,False,538
484,0,484,False,66
517,0,517,False,66
759,0,759,False,250
118,0,118,False,4
190,0,190,False,3
308,0,308,False,42
56,0,56,False,14
791,0,791,False,290
400,0,400,False,103
137,0,137,False,6
1433,0,1433,False,376
775,0,775,False,264
151,0,151,False,12
505,0,505,False,134
280,0,280,False,14
156,0,156,False,64
651,0,651,False,245
944,0,944,False,299
628,0,628,False,85
424,0,424,False,47
476,0,476,False,37
702,0,702,False,254
50,0,50,False,15
239,0,239,False,11
90,0,90,False,7
590,0,590,False,48
336,0,336,False,26
80,0,80,False,18
686,0,686,False,161
705,0,705,False,125
68,0,68,False,17
35,0,35,False,10
100,0,100,False,3
392,0,392,False,55
1040,0,1040,False,92
333,0,333,False,26
149,0,149,False,1
524,0,524,False,43
402,0,402,False,9
386,0,386,False,51
400,0,400,False,33
689,0,689,False,96
306,0,306,False,11
412,0,412,False,59
143,0,143,False,3
1262,0,1262,False,515
268,0,268,False,9
59,0,59,False,25
350,0,350,False,39
49,0,49,False,15
472,0,472,False,61
579,0,579,False,136
304,0,304,False,18
590,0,590,False,60
682,0,682,False,108
849,0,849,False,320
391,0,391,False,65
784,0,784,False,125
556,0,556,False,82
745,0,745,False,254
113,0,113,False,1
144,0,144,False,15
313,0,313,False,4
624,0,624,False,83
338,0,338,False,67
101,0,101,False,2
700,0,700,False,103
170,0,170,False,25
856,0,856,False,325
49,0,49,False,17
287,0,287,False,32
257,0,257,False,48
854,0,854,False,310
442,0,442,False,101
500,0,500,False,49
2301,0,2301,False,564
531,0,531,False,70
468,0,468,False,68
685,0,685,False,119
1113,0,1113,False,371
72,0,72,False,18
963,0,963,False,99
939,0,939,False,344
592,0,592,False,95
910,0,910,False,349
597,0,597,False,146
862,0,862,False,326
717,0,717,False,148
243,0,243,False,8
178,0,178,False,0
547,0,547,False,81
764,0,764,False,214
39,0,39,False,13
527,0,527,False,55
915,0,915,False,74
494,0,494,False,60
136,0,136,False,5
376,0,376,False,24
572,0,572,False,148
47,0,47,False,15
202,0,202,False,4
306,0,306,False,33
532,0,532,False,75
1229,0,1229,False,108
719,0,719,False,86
668,1,667,True,363
1631,0,1631,False,617
78,0,78,False,3
501,0,501,False,80
1393,0,1393,False,336
237,0,237,False,11
42,0,42,False,10
577,0,577,False,141
399,0,399,False,22
344,0,344,False,57
326,0,326,False,36
235,0,235,False,5
334,0,334,False,37
819,0,819,False,311
117,0,117,False,2
303,0,303,False,13
520,0,520,False,75
184,0,184,False,2
785,0,785,False,117
224,0,224,False,20
364,0,364,False,66
1003,0,1003,False,87
601,0,601,False,67
81,0,81,False,26
2114,0,2114,False,1008
480,0,480,False,42
723,0,723,False,199
209,0,209,False,4
1087,0,1087,False,405
101,0,101,False,1
48,0,48,False,0
593,0,593,False,81
667,0,667,False,91
578,0,578,False,64
1181,0,1181,False,89
499,0,499,False,44
368,0,368,False,53
190,0,190,False,1
464,0,464,False,51
554,0,554,False,79
875,0,875,False,138
56,0,56,False,14
1264,0,1264,False,106
710,0,710,False,122
365,0,365,False,24
305,0,305,False,42
1257,0,1257,False,329
634,0,634,False,86
305,0,305,False,13
275,0,275,False,5
1122,0,1122,False,322
454,0,454,False,26
309,0,309,False,15
550,0,550,False,67
479,0,479,False,24
361,0,361,False,47
299,0,299,False,14
43,0,43,False,0
274,0,274,False,5
85,0,85,False,32
734,0,734,False,199
407,0,407,False,32
641,0,641,False,99
1107,0,1107,False,370
199,0,199,False,1
208,0,208,False,7
39,0,39,False,8
648,0,648,False,129
951,0,951,False,98
371,0,371,False,103
625,0,625,False,75
298,0,298,False,33
598,0,598,False,238
518,0,518,False,74
858,0,858,False,316
325,0,325,False,37
849,0,849,False,141
709,0,709,False,209
470,0,470,False,116
43,0,43,False,13
279,0,279,False,3
1166,0,1166,False,308
481,0,481,False,80
70,0,70,False,20
362,0,362,False,8
123,0,123,False,0
235,0,235,False,5
295,0,295,False,33
359,0,359,False,53
268,0,268,False,9
584,0,584,False,90
79,0,79,False,1
1162,0,1162,False,109
288,0,288,False,25
464,0,464,False,27
287,0,287,False,5
49,0,49,False,4
546,0,546,False,62
611,0,611,False,96
158,0,158,False,4
328,0,328,False,38
227,0,227,False,21
306,0,306,False,56
412,0,412,False,28
60,0,60,False,14
598,0,598,False,142
529,0,529,False,77
952,0,952,False,89
113,0,113,False,3
732,0,732,False,63
307,0,307,False,18
620,0,620,False,86
708,0,708,False,117
435,0,435,False,53
928,0,928,False,82
388,0,388,False,45
1462,0,1462,False,489
84,0,84,False,19
718,0,718,False,196
296,0,296,False,20
267,0,267,False,25
626,0,626,False,239
474,0,474,False,25
1043,0,1043,False,101
319,0,319,False,12
515,0,515,False,60
253,0,253,False,10
241,0,241,False,7
400,0,400,False,59
1055,0,1055,False,95
136,0,136,False,6
287,0,287,False,6
276,0,276,False,20
331,0,331,False,7
319,0,319,False,37
47,0,47,False,12
218,0,218,False,8
401,0,401,False,42
318,0,318,False,41
450,0,450,False,69
74,0,74,False,22
594,0,594,False,70
683,0,683,False,94
915,0,915,False,334
619,0,619,False,76
731,0,731,False,99
51,0,51,False,17
378,0,378,False,69
735,0,735,False,157
395,0,395,False,47
458,0,458,False,22
556,0,556,False,70
676,0,676,False,115
990,0,990,False,130
721,0,721,False,280
447,0,447,False,25
150,0,150,False,32
546,0,546,False,125
327,0,327,False,8
855,0,855,False,322
650,0,650,False,86
51,0,51,False,16
381,0,381,False,42
261,0,261,False,33
390,0,390,False,104
663,0,663,False,86
1076,0,1076,False,393
630,0,630,False,82
56,0,56,False,16
320,0,320,False,62
568,0,568,False,187
565,0,565,False,82
322,0,322,False,24
405,0,405,False,55
475,0,475,False,74
2309,0,2309,False,671
329,0,329,False,44
577,0,577,False,136
51,0,51,False,9
233,0,233,False,30
1090,0,1090,False,391
49,0,49,False,14
353,0,353,False,39
882,0,882,False,160
428,0,428,False,48
992,0,992,False,83
721,0,721,False,246
301,0,301,False,30
292,0,292,False,40
693,0,693,False,140
391,0,391,False,29
368,0,368,False,29
599,0,599,False,53
49,0,49,False,12
308,0,308,False,37
362,0,362,False,7
235,0,235,False,13
2168,0,2168,False,679
101,0,101,False,23
426,0,426,False,47
1243,0,1243,False,108
549,0,549,False,243
641,0,641,False,99
396,0,396,False,56
205,0,205,False,7
293,0,293,False,7
319,0,319,False,49
853,0,853,False,237
178,0,178,False,29
176,0,176,False,2
869,0,869,False,265
274,0,274,False,55
298,0,298,False,34
289,0,289,False,21
306,0,306,False,55
404,0,404,False,104
173,0,173,False,0
239,0,239,False,15
1047,0,1047,False,85
83,0,83,False,7
52,0,52,False,10
532,0,532,False,46
197,0,197,False,1
77,0,77,False,16
410,0,410,False,39
46,0,46,False,11
359,0,359,False,8
718,0,718,False,264
191,0,191,False,1
477,0,477,False,109
330,0,330,False,33
733,0,733,False,225
281,0,281,False,31
969,0,969,False,337
362,0,362,False,53
145,0,145,False,18
1016,0,1016,False,119
46,0,46,False,15
1189,0,1189,False,84
97,0,97,False,38
509,0,509,False,62
261,0,261,False,13
274,0,274,False,12
573,0,573,False,82
206,0,206,False,32
1217,0,1217,False,329
70,0,70,False,18
424,0,424,False,19
482,0,482,False,61
57,0,57,False,17
306,0,306,False,36
44,0,44,False,11
825,0,825,False,307
327,0,327,False,22
1104,0,1104,False,294
265,0,265,False,14
570,0,570,False,55
135,0,135,False,14
336,0,336,False,47
384,0,384,False,35
1284,0,1284,False,317
325,0,325,False,38
1034,0,1034,False,107
597,0,597,False,140
283,0,283,False,5
338,0,338,False,35
307,0,307,False,10
242,0,242,False,10
674,0,674,False,81
263,0,263,False,3
1106,0,1106,False,289
269,0,269,False,9
278,0,278,False,22
953,0,953,False,119
413,0,413,False,46
589,0,589,False,143
491,0,491,False,26
357,0,357,False,7
365,0,365,False,47
271,0,271,False,3
270,0,270,False,28
167,0,167,False,5
78,0,78,False,18
397,0,397,False,105
412,0,412,False,50
75,0,75,False,20
629,0,629,False,81
651,0,651,False,217
342,0,342,False,35
150,0,150,False,3
714,0,714,False,238
948,0,948,False,225
179,0,179,False,2
83,0,83,False,0
399,0,399,False,54
802,0,802,False,136
44,0,44,False,11
732,0,732,False,110
1844,0,1844,False,586
705,0,705,False,180
568,0,568,False,47
559,0,559,False,77
689,0,689,False,178
374,0,374,False,64
451,0,451,False,70
314,0,314,False,41
158,0,158,False,4
439,0,439,False,54
185,0,185,False,3
608,0,608,False,239
122,0,122,False,2
228,0,228,False,15
465,0,465,False,27
1497,0,1497,False,375
263,0,263,False,15
474,0,474,False,127
50,0,50,False,16
546,0,546,False,179
1150,0,1150,False,301
42,0,42,False,0
1293,0,1293,False,223
728,0,728,False,111
552,0,552,False,94
137,0,137,False,19
308,0,308,False,35
531,0,531,False,72
623,0,623,False,75
305,0,305,False,36
1032,0,1032,False,109
86,0,86,False,35
461,0,461,False,193
300,0,300,False,17
440,0,440,False,40
440,0,440,False,48
1058,0,1058,False,371
416,1,415,True,209
894,0,894,False,80
48,0,48,False,15
449,0,449,False,20
578,0,578,False,200
767,0,767,False,146
873,0,873,False,69
49,0,49,False,14
207,0,207,False,17
359,0,359,False,9
767,0,767,False,117
477,0,477,False,49
469,0,469,False,78
299,0,299,False,27
333,0,333,False,33
511,0,511,False,41
72,0,72,False,21
318,0,318,False,9
479,0,479,False,82
738,0,738,False,102
1291,0,1291,False,323
729,0,729,False,97
546,0,546,False,102
1240,0,1240,False,438
235,0,235,False,4
710,0,710,False,120
647,0,647,False,85
548,0,548,False,39
1480,0,1480,False,647
1030,0,1030,False,111
511,0,511,False,52
667,0,667,False,257
275,0,275,False,4
346,0,346,False,39
39,0,39,False,13
53,0,53,False,4
368,0,368,False,29
2590,1,2589,True,1713
134,0,134,False,7
856,0,856,False,324
882,0,882,False,349
217,0,217,False,3
634,0,634,False,88
125,0,125,False,0
479,0,479,False,59
481,0,481,False,81
2358,0,2358,False,720
312,0,312,False,37
314,0,314,False,43
789,0,789,False,55
859,0,859,False,85
200,0,200,False,3
1047,0,1047,False,230
76,0,76,False,13
218,0,218,False,8
282,0,282,False,29
457,0,457,False,45
277,0,277,False,23
1023,0,1023,False,287
291,0,291,False,25
1449,0,1449,False,428
366,0,366,False,25
360,0,360,False,46
670,0,670,False,110
563,0,563,False,50
48,0,48,False,17
749,0,749,False,131
46,0,46,False,15
1039,0,1039,False,76
309,0,309,False,35
602,0,602,False,118
157,0,157,False,3
232,0,232,False,1
717,0,717,False,211
700,0,700,False,116
280,0,280,False,25
370,0,370,False,29
164,0,164,False,0
343,0,343,False,28
346,0,346,False,39
1078,0,1078,False,91
850,0,850,False,323
46,0,46,False,9
430,0,430,False,13
242,0,242,False,24
558,0,558,False,90
263,0,263,False,20
941,0,941,False,212
148,0,148,False,4
1301,0,1301,False,333
600,0,600,False,69
396,0,396,False,53
662,0,662,False,93
62,0,62,False,21
511,0,511,False,135
772,0,772,False,306
51,0,51,False,16
187,0,187,False,10
526,0,526,False,62
258,0,258,False,29
279,0,279,False,33
415,0,415,False,13
707,0,707,False,188
371,0,371,False,12
1160,0,1160,False,385
742,0,742,False,125
1041,0,1041,False,98
80,0,80,False,22
1289,0,1289,False,142
281,0,281,False,14
47,0,47,False,11
736,0,736,False,204
290,0,290,False,25
176,0,176,False,2
241,0,241,False,22
118,0,118,False,11
471,0,471,False,81
328,0,328,False,25
219,0,219,False,27
21,0,21,False,0
883,0,883,False,144
493,0,493,False,109
123,0,123,False,1
1089,0,1089,False,313
56,0,56,False,15
176,0,176,False,4
152,0,152,False,69
1639,0,1639,False,452
809,0,809,False,79
601,0,601,False,143
101,0,101,False,34
211,0,211,False,1
432,0,432,False,21
894,0,894,False,72
1471,0,1471,False,638
764,0,764,False,76
52,0,52,False,13
900,0,900,False,82
216,0,216,False,18
201,0,201,False,12
398,0,398,False,9
85,0,85,False,22
596,0,596,False,144
80,0,80,False,25
310,0,310,False,35
284,0,284,False,37
288,0,288,False,26
102,0,102,False,3
261,0,261,False,28
1744,0,1744,False,581
164,0,164,False,5
272,0,272,False,32
273,0,273,False,24
591,2,589,True,416
284,0,284,False,39
395,0,395,False,27
208,0,208,False,3
458,0,458,False,28
599,0,599,False,83
99,0,99,False,31
294,0,294,False,24
146,0,146,False,51
697,0,697,False,123
95,0,95,False,40
224,0,224,False,34
2094,0,2094,False,770
395,0,395,False,57
1014,0,1014,False,214
47,0,47,False,15
2294,0,2294,False,562
94,0,94,False,0
578,0,578,False,88
223,0,223,False,0
288,0,288,False,18
157,0,157,False,25
1134,0,1134,False,376
503,0,503,False,54
1733,0,1733,False,550
770,0,770,False,68
792,0,792,False,143
317,0,317,False,43
284,0,284,False,7
413,0,413,False,58
306,0,306,False,15
45,0,45,False,11
198,0,198,False,38
1408,0,1408,False,366
202,0,202,False,11
252,0,252,False,28
42,0,42,False,13
29,0,29,False,4
190,0,190,False,19
676,0,676,False,67
246,0,246,False,13
734,0,734,False,269
680,0,680,False,97
575,0,575,False,87
445,0,445,False,77
775,0,775,False,179
384,0,384,False,50
514,0,514,False,43
429,0,429,False,37
538,0,538,False,84
363,0,363,False,44
309,0,309,False,13
236,0,236,False,13
889,0,889,False,314
300,0,300,False,32
213,0,213,False,12
755,0,755,False,251
695,0,695,False,97
219,0,219,False,33
415,0,415,False,11
947,0,947,False,108
352,0,352,False,24
416,0,416,False,32
265,0,265,False,11
1058,0,1058,False,95
521,0,521,False,69
354,0,354,False,28
410,0,410,False,11
252,0,252,False,5
1013,0,1013,False,298
2062,0,2062,False,660
145,0,145,False,17
500,0,500,False,98
929,0,929,False,103
613,0,613,False,229
269,0,269,False,9
857,0,857,False,322
415,0,415,False,70
723,0,723,False,102
457,0,457,False,31
1196,0,1196,False,731
435,0,435,False,54
28,0,28,False,5
232,0,232,False,21
573,0,573,False,61
1141,0,1141,False,493
446,0,446,False,49
1203,0,1203,False,85
274,0,274,False,44
1115,0,1115,False,134
2095,0,2095,False,553
811,0,811,False,132
223,0,223,False,2
367,0,367,False,31
2007,0,2007,False,913
233,0,233,False,13
84,0,84,False,22
357,0,357,False,51
2161,0,2161,False,675
257,0,257,False,4
403,0,403,False,46
838,0,838,False,56
260,0,260,False,3
696,0,696,False,250
871,0,871,False,224
1747,0,1747,False,729
762,0,762,False,212
426,0,426,False,57
285,0,285,False,24
602,0,602,False,143
710,0,710,False,102
406,0,406,False,9
335,0,335,False,33
32,0,32,False,7
501,0,501,False,47
283,0,283,False,33
849,0,849,False,249
300,0,300,False,43
746,0,746,False,102
80,0,80,False,7
597,0,597,False,146
636,0,636,False,86
248,0,248,False,24
19,0,19,False,5
44,0,44,False,15
760,0,760,False,141
218,0,218,False,7
401,0,401,False,54
464,0,464,False,87
1370,0,1370,False,622
764,1,763,True,409
500,0,500,False,67
206,0,206,False,5
593,0,593,False,105
45,0,45,False,18
891,0,891,False,145
243,0,243,False,19
1422,0,1422,False,393
623,0,623,False,93
394,0,394,False,39
214,0,214,False,10
709,0,709,False,175
198,0,198,False,1
664,0,664,False,98
482,0,482,False,70
47,0,47,False,12
315,0,315,False,39
314,0,314,False,24
1216,0,1216,False,336
586,0,586,False,136
141,0,141,False,18
243,0,243,False,26
302,0,302,False,26
224,0,224,False,2
681,0,681,False,124
368,0,368,False,48
1846,0,1846,False,644
497,0,497,False,56
96,0,96,False,36
240,0,240,False,5
105,0,105,False,3
270,0,270,False,4
143,0,143,False,3
533,0,533,False,77
177,0,177,False,3
600,0,600,False,144
46,0,46,False,10
406,0,406,False,11
421,0,421,False,14
48,0,48,False,16
571,0,571,False,147
598,0,598,False,103
1569,0,1569,False,1048
591,0,591,False,140
224,0,224,False,16
765,0,765,False,65
463,0,463,False,25
900,0,900,False,82
58,0,58,False,3
2129,0,2129,False,482
172,0,172,False,0
140,0,140,False,52
847,0,847,False,59
45,0,45,False,13
242,0,242,False,5
666,0,666,False,92
722,0,722,False,283
1029,0,1029,False,104
452,0,452,False,21
586,0,586,False,74
1096,0,1096,False,101
626,0,626,False,69
1175,0,1175,False,348
492,0,492,False,57
146,0,146,False,0
103,0,103,False,42
555,0,555,False,70
208,0,208,False,5
603,0,603,False,99
769,0,769,False,264
117,0,117,False,0
285,0,285,False,21
136,0,136,False,33
854,0,854,False,319
720,0,720,False,229
590,0,590,False,98
711,0,711,False,95
270,0,270,False,3
284,0,284,False,28
616,0,616,False,48
45,0,45,False,11
136,0,136,False,62
289,0,289,False,24
41,0,41,False,10
707,0,707,False,84
729,0,729,False,109
126,0,126,False,54
327,0,327,False,21
680,0,680,False,224
1005,0,1005,False,87
233,0,233,False,6
1440,0,1440,False,494
444,0,444,False,45
218,0,218,False,2
1103,0,1103,False,342
1098,0,1098,False,234
792,0,792,False,109
322,0,322,False,45
283,0,283,False,28
1149,0,1149,False,486
785,0,785,False,122
46,0,46,False,15
949,0,949,False,107
252,0,252,False,10
1243,0,1243,False,107
297,0,297,False,26
82,0,82,False,18
1074,0,1074,False,320
171,0,171,False,1
823,0,823,False,111
327,0,327,False,25
463,0,463,False,23
757,0,757,False,279
140,0,140,False,61
264,0,264,False,17
447,0,447,False,26
991,0,991,False,89
416,0,416,False,15
232,0,232,False,22
942,0,942,False,88
38,0,38,False,13
408,0,408,False,9
83,0,83,False,20
429,0,429,False,13
679,0,679,False,85
50,0,50,False,14
417,0,417,False,20
60,0,60,False,17
215,0,215,False,5
48,0,48,False,12
753,0,753,False,52
481,0,481,False,63
765,0,765,False,110
418,0,418,False,42
120,0,120,False,1
393,0,393,False,54
439,0,439,False,53
468,0,468,False,75
619,0,619,False,90
1083,0,1083,False,389
547,0,547,False,76
1294,0,1294,False,415
265,0,265,False,27
153,0,153,False,49
517,0,517,False,97
530,0,530,False,46
954,0,954,False,180
689,0,689,False,86
194,0,194,False,28
46,0,46,False,16
300,0,300,False,10
1098,0,1098,False,100
742,0,742,False,238
49,0,49,False,14
369,0,369,False,10
254,0,254,False,17
52,0,52,False,11
1405,0,1405,False,441
249,0,249,False,27
287,0,287,False,32
387,0,387,False,38
975,0,975,False,342
342,0,342,False,49
323,0,323,False,22
26,0,26,False,7
387,0,387,False,48
143,0,143,False,18
234,0,234,False,24
247,0,247,False,26
857,0,857,False,94
1130,1,1129,True,585
703,0,703,False,80
1106,0,1106,False,373
449,0,449,False,84
306,0,306,False,31
677,0,677,False,83
588,0,588,False,92
827,0,827,False,145
212,0,212,False,0
326,0,326,False,9
517,0,517,False,97
1153,0,1153,False,331
720,0,720,False,280
876,0,876,False,143
250,0,250,False,12
116,0,116,False,3
465,0,465,False,72
516,0,516,False,69
524,0,524,False,70
70,0,70,False,20
392,0,392,False,64
455,0,455,False,21
394,0,394,False,46
46,0,46,False,25
607,0,607,False,75
329,0,329,False,37
238,0,238,False,5
798,0,798,False,145
214,0,214,False,15
785,0,785,False,80
57,0,57,False,14
79,0,79,False,22
235,0,235,False,26
1216,0,1216,False,282
35,0,35,False,10
682,0,682,False,103
604,0,604,False,53
282,0,282,False,34
990,0,990,False,90
995,0,995,False,149
170,0,170,False,1
351,0,351,False,51
952,0,952,False,273
708,0,708,False,261
452,0,452,False,55
908,0,908,False,249
693,0,693,False,121
70,0,70,False,19
424,0,424,False,22
352,1,351,True,177
378,0,378,False,47
972,0,972,False,127
262,0,262,False,28
452,0,452,False,77
125,0,125,False,0
1109,0,1109,False,231
253,0,253,False,22
80,0,80,False,25
464,0,464,False,86
584,0,584,False,203
98,0,98,False,13
387,0,387,False,24
478,0,478,False,48
498,0,498,False,56
156,0,156,False,50
42,0,42,False,11
523,0,523,False,83
271,0,271,False,9
546,0,546,False,67
772,0,772,False,151
917,0,917,False,81
614,0,614,False,70
464,0,464,False,63
214,0,214,False,30
450,0,450,False,64
619,0,619,False,181
452,0,452,False,49
937,0,937,False,86
930,0,930,False,162
498,0,498,False,64
619,0,619,False,123
587,0,587,False,85
544,0,544,False,80
1147,0,1147,False,385
581,0,581,False,74
381,0,381,False,22
355,0,355,False,9
290,0,290,False,19
298,0,298,False,42
1465,0,1465,False,341
551,0,551,False,75
298,0,298,False,21
69,0,69,False,16
596,0,596,False,146
488,0,488,False,59
433,0,433,False,79
723,0,723,False,230
358,0,358,False,22
377,0,377,False,11
577,0,577,False,200
33,0,33,False,0
55,0,55,False,15
1172,0,1172,False,383
846,0,846,False,182
299,0,299,False,41
242,0,242,False,8
661,0,661,False,113
248,0,248,False,26
717,2,715,True,480
213,0,213,False,12
161,0,161,False,7
384,0,384,False,31
345,0,345,False,40
418,0,418,False,65
495,0,495,False,57
644,0,644,False,83
273,0,273,False,18
542,0,542,False,80
207,0,207,False,0
310,0,310,False,44
331,0,331,False,38
498,0,498,False,87
328,0,328,False,8
635,0,635,False,87
574,0,574,False,66
289,0,289,False,49
49,0,49,False,16
324,0,324,False,22
315,0,315,False,43
361,0,361,False,38
53,0,53,False,10
908,0,908,False,158
281,0,281,False,21
219,0,219,False,14
393,0,393,False,57
310,0,310,False,30
732,0,732,False,198
1158,0,1158,False,194
75,0,75,False,22
100,0,100,False,14
565,0,565,False,98
332,0,332,False,23
264,0,264,False,29
732,0,732,False,94
944,0,944,False,106
1112,0,1112,False,279
79,0,79,False,16
98,0,98,False,33
123,0,123,False,2
47,0,47,False,11
384,0,384,False,21
155,0,155,False,7
262,0,262,False,32
431,0,431,False,48
396,0,396,False,105
506,0,506,False,58
231,0,231,False,9
1156,0,1156,False,419
614,0,614,False,147
618,0,618,False,179
170,0,170,False,5
222,0,222,False,0
1944,0,1944,False,660
870,0,870,False,145
320,0,320,False,7
71,0,71,False,20
224,0,224,False,0
717,0,717,False,280
590,0,590,False,103
1528,0,1528,False,936
145,0,145,False,19
261,0,261,False,12
668,0,668,False,74
753,0,753,False,61
565,0,565,False,68
1030,0,1030,False,79
939,0,939,False,341
192,0,192,False,1
198,0,198,False,3
1278,0,1278,False,662
61,0,61,False,17
412,0,412,False,48
819,0,819,False,151
69,0,69,False,18
326,0,326,False,8
953,0,953,False,227
1180,0,1180,False,402
594,0,594,False,140
762,0,762,False,176
699,0,699,False,80
267,0,267,False,9
202,0,202,False,8
194,0,194,False,2
157,0,157,False,62
564,0,564,False,74
726,0,726,False,114
369,0,369,False,46
721,0,721,False,97
1453,0,1453,False,615
104,0,104,False,0
44,0,44,False,0
795,0,795,False,72
394,0,394,False,43
687,0,687,False,99
856,0,856,False,59
458,0,458,False,32
259,0,259,False,32
44,0,44,False,10
302,0,302,False,38
257,0,257,False,15
422,0,422,False,60
1308,0,1308,False,202
1558,0,1558,False,392
139,0,139,False,3
169,0,169,False,6
415,0,415,False,106
423,0,423,False,30
605,0,605,False,165
769,0,769,False,114
376,0,376,False,19
1994,0,1994,False,676
1929,0,1929,False,1004
560,0,560,False,91
278,0,278,False,26
644,0,644,False,99
520,0,520,False,73
456,0,456,False,46
67,0,67,False,19
125,0,125,False,0
255,0,255,False,5
32,0,32,False,7
535,0,535,False,87
502,0,502,False,42
616,0,616,False,86
48,0,48,False,17
362,0,362,False,36
277,0,277,False,31
1092,0,1092,False,174
452,0,452,False,22
51,0,51,False,13
506,0,506,False,46
877,0,877,False,147
760,0,760,False,279
275,0,275,False,12
681,0,681,False,111
696,0,696,False,122
533,0,533,False,75
762,1,761,True,407
529,0,529,False,64
496,0,496,False,187
67,0,67,False,19
716,0,716,False,277
98,0,98,False,24
466,0,466,False,24
1701,0,1701,False,911
412,0,412,False,191
593,0,593,False,140
104,0,104,False,67
456,0,456,False,71
30,0,30,False,0
871,0,871,False,182
716,0,716,False,101
1000,0,1000,False,316
996,0,996,False,80
820,0,820,False,134
77,0,77,False,23
370,0,370,False,126
357,0,357,False,44
236,0,236,False,11
741,0,741,False,113
516,0,516,False,77
765,0,765,False,252
49,0,49,False,11
1818,0,1818,False,742
564,0,564,False,108
213,0,213,False,4
417,0,417,False,70
587,0,587,False,70
199,0,199,False,3
355,0,355,False,41
299,0,299,False,8
315,0,315,False,39
851,0,851,False,137
950,0,950,False,89
572,0,572,False,91
1034,0,1034,False,83
341,0,341,False,27
1016,0,1016,False,247
195,0,195,False,2
1612,0,1612,False,391
666,0,666,False,255
725,0,725,False,98
729,0,729,False,54
495,0,495,False,64
269,0,269,False,17
135,0,135,False,25
70,0,70,False,19
525,0,525,False,83
681,0,681,False,178
53,0,53,False,10
232,0,232,False,3
433,0,433,False,59
794,0,794,False,141
57,0,57,False,18
1215,0,1215,False,101
172,0,172,False,2
544,0,544,False,78
31,0,31,False,6
637,0,637,False,77
305,0,305,False,35
514,0,514,False,50
721,0,721,False,147
346,0,346,False,11
276,0,276,False,35
632,0,632,False,117
409,0,409,False,81
475,0,475,False,59
1250,0,1250,False,521
855,0,855,False,140
373,0,373,False,40
263,0,263,False,3
360,0,360,False,63
896,0,896,False,184
430,0,430,False,47
412,0,412,False,46
372,0,372,False,36
61,0,61,False,17
213,0,213,False,4
368,0,368,False,12
1283,0,1283,False,330
867,0,867,False,266
1032,0,1032,False,85
656,0,656,False,175
32,0,32,False,7
82,0,82,False,18
53,0,53,False,10
744,0,744,False,256
474,0,474,False,59
856,0,856,False,267
49,0,49,False,16
533,0,533,False,60
172,0,172,False,32
128,0,128,False,0
391,0,391,False,53
485,0,485,False,78
47,0,47,False,12
1084,0,1084,False,244
525,0,525,False,227
877,0,877,False,96
305,0,305,False,10
191,0,191,False,42
1073,0,1073,False,264
326,0,326,False,9
254,0,254,False,31
53,0,53,False,15
203,0,203,False,13
844,0,844,False,319
369,0,369,False,6
283,0,283,False,21
1168,0,1168,False,337
312,0,312,False,39
32,0,32,False,0
166,0,166,False,1
341,0,341,False,50
426,0,426,False,57
445,0,445,False,64
453,0,453,False,46
156,0,156,False,4
469,0,469,False,29
532,0,532,False,222
709,0,709,False,95
1121,0,1121,False,406
1235,0,1235,False,104
2740,0,2740,False,1065
293,0,293,False,39
220,0,220,False,11
347,0,347,False,19
723,0,723,False,229
487,0,487,False,62
648,0,648,False,71
105,0,105,False,42
775,0,775,False,115
183,0,183,False,2
648,0,648,False,98
87,0,87,False,35
168,0,168,False,8
77,0,77,False,21
718,0,718,False,264
1235,0,1235,False,115
710,0,710,False,277
632,0,632,False,81
1158,0,1158,False,387
1007,0,1007,False,137
271,0,271,False,11
50,0,50,False,16
478,0,478,False,70
144,0,144,False,62
1168,0,1168,False,496
450,0,450,False,34
445,0,445,False,51
674,0,674,False,55
92,0,92,False,33
589,0,589,False,43
232,0,232,False,11
295,0,295,False,20
1277,0,1277,False,199
893,0,893,False,77
253,0,253,False,11
279,0,279,False,36
112,0,112,False,1
617,0,617,False,223
2312,0,2312,False,571
130,0,130,False,58
414,0,414,False,48
876,0,876,False,90
289,0,289,False,39
879,0,879,False,68
1345,0,1345,False,475
1214,0,1214,False,523
1081,0,1081,False,224
250,0,250,False,12
619,0,619,False,156
442,0,442,False,53
407,0,407,False,38
857,0,857,False,186
297,0,297,False,35
1003,0,1003,False,132
166,0,166,False,29
1513,0,1513,False,487
811,0,811,False,139
867,0,867,False,265
169,0,169,False,3
723,0,723,False,282
262,0,262,False,4
429,0,429,False,53
143,0,143,False,26
372,0,372,False,10
399,0,399,False,54
47,0,47,False,10
590,0,590,False,143
855,0,855,False,322
462,0,462,False,77
386,0,386,False,51
294,0,294,False,35
463,0,463,False,25
1733,0,1733,False,717
434,0,434,False,24
268,0,268,False,22
442,0,442,False,21
146,0,146,False,3
261,0,261,False,31
302,0,302,False,35
112,0,112,False,43
1069,0,1069,False,97
416,0,416,False,11
1076,0,1076,False,355
671,0,671,False,100
151,0,151,False,4
1154,0,1154,False,336
48,0,48,False,15
1168,0,1168,False,493
75,0,75,False,18
681,0,681,False,227
598,0,598,False,61
1185,0,1185,False,120
359,0,359,False,8
766,0,766,False,113
222,0,222,False,0
256,0,256,False,32
435,0,435,False,88
1065,0,1065,False,358
1477,0,1477,False,609
376,0,376,False,23
380,0,380,False,40
435,0,435,False,53
860,0,860,False,70
479,0,479,False,24
2004,0,2004,False,603
371,0,371,False,22
59,0,59,False,15
615,0,615,False,72
832,0,832,False,100
239,0,239,False,7
356,0,356,False,7
572,0,572,False,80
275,0,275,False,26
1814,0,1814,False,739
1806,0,1806,False,568
1601,0,1601,False,441
338,0,338,False,37
426,0,426,False,18
205,0,205,False,3
237,0,237,False,7
675,0,675,False,118
510,0,510,False,115
269,0,269,False,3
696,0,696,False,126
641,0,641,False,99
274,0,274,False,23
510,0,510,False,49
228,0,228,False,13
658,0,658,False,133
501,0,501,False,45
915,0,915,False,82
983,0,983,False,293
444,0,444,False,47
73,0,73,False,20
308,0,308,False,14
472,0,472,False,55
566,0,566,False,86
371,0,371,False,9
294,0,294,False,11
543,0,543,False,94
341,0,341,False,40
555,0,555,False,69
712,0,712,False,91
1443,0,1443,False,541
418,0,418,False,63
980,0,980,False,344
1322,1,1321,True,693
1206,0,1206,False,486
792,0,792,False,142
265,0,265,False,32
1210,0,1210,False,276
743,0,743,False,105
618,0,618,False,156
130,0,130,False,25
439,0,439,False,82
907,0,907,False,119
519,0,519,False,55
1102,0,1102,False,178
1091,0,1091,False,171
483,0,483,False,67
873,0,873,False,152
236,0,236,False,5
335,0,335,False,40
1010,0,1010,False,370
49,0,49,False,17
385,0,385,False,51
630,0,630,False,127
340,0,340,False,41
272,0,272,False,28
1110,0,1110,False,211
402,0,402,False,32
135,0,135,False,5
1212,0,1212,False,102
190,0,190,False,28
237,0,237,False,19
63,0,63,False,0
879,0,879,False,146
115,0,115,False,3
558,0,558,False,63
636,0,636,False,94
527,0,527,False,36
195,0,195,False,27
84,0,84,False,24
462,0,462,False,31
489,0,489,False,56
279,0,279,False,3
727,0,727,False,54
269,0,269,False,11
272,0,272,False,48
345,0,345,False,45
340,0,340,False,39
594,0,594,False,55
653,0,653,False,99
552,0,552,False,68
263,0,263,False,26
270,0,270,False,36
701,0,701,False,64
936,0,936,False,111
279,0,279,False,3
220,0,220,False,2
179,0,179,False,5
710,0,710,False,284
304,0,304,False,35
675,0,675,False,53
95,0,95,False,19
427,0,427,False,74
327,0,327,False,35
1131,0,1131,False,300
347,0,347,False,47
747,0,747,False,251
654,0,654,False,135
499,0,499,False,87
233,0,233,False,29
1187,0,1187,False,76
169,0,169,False,5
164,0,164,False,3
1021,0,1021,False,89
991,0,991,False,89
52,0,52,False,17
435,0,435,False,193
501,0,501,False,213
955,0,955,False,120
250,0,250,False,19
268,0,268,False,63
190,0,190,False,2
589,0,589,False,76
1027,0,1027,False,91
583,0,583,False,88
453,0,453,False,55
311,0,311,False,36
578,0,578,False,201
317,0,317,False,41
370,0,370,False,27
614,0,614,False,201
625,0,625,False,79
481,0,481,False,36
464,0,464,False,19
1239,0,1239,False,298
361,0,361,False,9
518,0,518,False,52
226,0,226,False,1
275,0,275,False,33
847,0,847,False,321
1784,0,1784,False,738
1208,0,1208,False,299
1289,0,1289,False,292
73,0,73,False,22
417,0,417,False,32
640,0,640,False,134
637,0,637,False,84
162,0,162,False,4
147,0,147,False,53
79,0,79,False,23
132,0,132,False,4
47,0,47,False,14
626,0,626,False,76
364,0,364,False,39
330,0,330,False,9
138,0,138,False,2
78,0,78,False,24
333,0,333,False,34
1470,0,1470,False,593
509,0,509,False,53
901,0,901,False,328
276,0,276,False,14
895,0,895,False,81
634,0,634,False,95
734,0,734,False,94
800,0,800,False,115
223,0,223,False,43
658,0,658,False,92
2439,0,2439,False,652
330,0,330,False,32
797,0,797,False,122
392,0,392,False,36
806,0,806,False,56
45,0,45,False,15
334,0,334,False,49
193,0,193,False,3
661,0,661,False,116
638,0,638,False,169
1133,0,1133,False,78
792,0,792,False,114
594,0,594,False,81
637,0,637,False,132
269,0,269,False,9
591,0,591,False,62
645,0,645,False,100
235,0,235,False,5
200,0,200,False,2
211,0,211,False,8
84,0,84,False,30
546,0,546,False,68
119,0,119,False,47
207,0,207,False,4
349,0,349,False,47
799,0,799,False,231
603,0,603,False,83
473,0,473,False,31
304,0,304,False,14
155,0,155,False,1
623,0,623,False,100
289,0,289,False,10
412,0,412,False,22
519,0,519,False,75
1493,0,1493,False,628
323,0,323,False,6
47,0,47,False,18
328,0,328,False,22
35,0,35,False,12
774,0,774,False,67
507,0,507,False,49
417,0,417,False,51
678,0,678,False,263
599,0,599,False,167
673,0,673,False,75
1923,0,1923,False,847
267,0,267,False,4
1258,0,1258,False,112
162,0,162,False,4
45,0,45,False,13
1421,0,1421,False,234
1205,0,1205,False,488
401,0,401,False,47
1109,0,1109,False,396
154,0,154,False,0
610,0,610,False,111
196,0,196,False,2
443,0,443,False,19
249,0,249,False,27
340,0,340,False,78
379,0,379,False,7
205,0,205,False,3
182,0,182,False,3
539,0,539,False,82
258,0,258,False,29
353,0,353,False,7
467,0,467,False,28
89,0,89,False,30
111,0,111,False,35
77,0,77,False,22
1224,0,1224,False,97
968,0,968,False,226
502,0,502,False,47
102,0,102,False,37
198,0,198,False,2
634,0,634,False,95
45,0,45,False,10
323,0,323,False,6
378,0,378,False,66
916,0,916,False,215
460,0,460,False,67
585,0,585,False,95
586,0,586,False,115
526,0,526,False,96
394,0,394,False,66
72,0,72,False,19
146,0,146,False,0
1005,0,1005,False,290
1226,0,1226,False,99
177,0,177,False,16
348,0,348,False,37
436,0,436,False,23
801,0,801,False,123
341,0,341,False,40
318,0,318,False,38
621,0,621,False,134
1680,1,1679,True,1046
632,0,632,False,132
218,0,218,False,2
152,0,152,False,56
1269,0,1269,False,100
47,0,47,False,9
643,0,643,False,103
979,0,979,False,129
59,0,59,False,15
370,0,370,False,12
631,0,631,False,182
771,0,771,False,306
457,0,457,False,54
2014,0,2014,False,384
608,0,608,False,143
72,0,72,False,19
679,0,679,False,111
216,0,216,False,3
1770,0,1770,False,375
974,0,974,False,98
208,0,208,False,2
321,0,321,False,36
371,0,371,False,10
217,0,217,False,24
558,0,558,False,48
282,0,282,False,7
1324,0,1324,False,428
929,0,929,False,112
686,0,686,False,179
150,0,150,False,14
51,0,51,False,1
329,0,329,False,14
70,0,70,False,2
797,0,797,False,114
1684,0,1684,False,651
604,0,604,False,218
372,0,372,False,38
788,0,788,False,62
706,0,706,False,264
68,0,68,False,20
46,0,46,False,13
220,0,220,False,2
385,0,385,False,44
1109,0,1109,False,239
48,0,48,False,15
226,0,226,False,11
46,0,46,False,9
170,0,170,False,2
1719,0,1719,False,539
174,0,174,False,0
172,0,172,False,31
1180,0,1180,False,181
1484,0,1484,False,499
135,0,135,False,2
359,0,359,False,8
147,0,147,False,4
616,0,616,False,86
276,0,276,False,11
645,0,645,False,94
171,0,171,False,34
325,0,325,False,23
118,0,118,False,3
215,0,215,False,7
830,0,830,False,51
124,0,124,False,2
1114,0,1114,False,396
2031,0,2031,False,919
221,0,221,False,2
437,0,437,False,57
343,0,343,False,49
362,0,362,False,9
1149,0,1149,False,284
605,0,605,False,84
523,0,523,False,67
143,0,143,False,3
652,0,652,False,119
927,0,927,False,303
43,0,43,False,14
746,0,746,False,263
179,0,179,False,10
602,0,602,False,166
1194,0,1194,False,344
462,0,462,False,28
942,0,942,False,115
404,0,404,False,55
378,0,378,False,48
895,0,895,False,75
303,0,303,False,20
473,0,473,False,79
401,0,401,False,51
574,0,574,False,43
427,0,427,False,56
408,0,408,False,71
317,0,317,False,41
26,0,26,False,5
692,0,692,False,122
79,0,79,False,19
38,0,38,False,12
854,0,854,False,323
180,0,180,False,4
1355,0,1355,False,374
968,0,968,False,78
914,0,914,False,77
142,0,142,False,4
818,0,818,False,298
762,0,762,False,258
590,0,590,False,80
455,0,455,False,24
618,2,616,True,417
46,0,46,False,10
942,0,942,False,204
195,0,195,False,2
241,0,241,False,19
648,0,648,False,92
550,0,550,False,89
48,0,48,False,15
176,0,176,False,9
434,0,434,False,57
35,0,35,False,11
237,0,237,False,18
300,0,300,False,30
669,0,669,False,249
313,0,313,False,31
80,0,80,False,24
200,0,200,False,1
169,0,169,False,1
626,0,626,False,230
89,0,89,False,35
1046,0,1046,False,190
1212,0,1212,False,89
195,0,195,False,1
76,0,76,False,11
1086,0,1086,False,97
568,0,568,False,87
294,0,294,False,25
403,0,403,False,54
369,0,369,False,31
719,0,719,False,91
1156,0,1156,False,111
526,0,526,False,57
554,0,554,False,140
774,0,774,False,112
47,0,47,False,15
1023,0,1023,False,150
553,0,553,False,41
1243,0,1243,False,119
780,0,780,False,107
425,0,425,False,55
785,0,785,False,111
964,0,964,False,158
55,0,55,False,15
529,0,529,False,80
573,0,573,False,77
260,0,260,False,8
656,0,656,False,95
598,0,598,False,74
211,0,211,False,2
45,0,45,False,11
246,0,246,False,3
475,0,475,False,65
323,0,323,False,30
601,0,601,False,238
270,0,270,False,37
328,0,328,False,22
36,0,36,False,12
728,0,728,False,253
48,0,48,False,9
211,0,211,False,7
290,0,290,False,19
641,0,641,False,85
428,0,428,False,41
394,0,394,False,54
337,0,337,False,33
1112,0,1112,False,397
632,0,632,False,53
283,0,283,False,29
552,0,552,False,63
802,0,802,False,284
677,0,677,False,252
46,0,46,False,12
729,0,729,False,288
398,0,398,False,43
281,0,281,False,34
281,0,281,False,42
355,0,355,False,45
44,0,44,False,11
663,0,663,False,94
793,0,793,False,177
314,0,314,False,40
684,0,684,False,89
696,0,696,False,107
1264,0,1264,False,104
233,0,233,False,6
797,0,797,False,131
612,0,612,False,138
945,0,945,False,82
757,0,757,False,258
241,0,241,False,9
272,0,272,False,4
530,0,530,False,169
1000,0,1000,False,333
358,0,358,False,7
1020,0,1020,False,288
49,0,49,False,12
221,0,221,False,32
320,0,320,False,8
298,0,298,False,36
47,0,47,False,15
925,0,925,False,81
293,0,293,False,37
210,0,210,False,25
295,0,295,False,18
1053,0,1053,False,96
70,0,70,False,18
384,0,384,False,104
719,0,719,False,233
593,0,593,False,85
481,0,481,False,46
640,0,640,False,167
536,0,536,False,42
78,0,78,False,21
252,0,252,False,17
47,0,47,False,11
493,0,493,False,30
32,0,32,False,9
314,0,314,False,22
322,0,322,False,42
239,0,239,False,5
173,0,173,False,33
393,0,393,False,54
987,0,987,False,90
323,0,323,False,6
732,0,732,False,87
270,0,270,False,24
330,0,330,False,7
89,0,89,False,29
689,0,689,False,109
387,0,387,False,15
904,0,904,False,155
241,0,241,False,25
316,0,316,False,43
132,0,132,False,22
517,0,517,False,109
330,0,330,False,35
741,0,741,False,255
327,0,327,False,39
709,0,709,False,232
77,0,77,False,24
365,0,365,False,10
638,0,638,False,88
377,0,377,False,51
47,0,47,False,12
1196,0,1196,False,306
460,0,460,False,76
79,0,79,False,26
176,0,176,False,8
281,0,281,False,31
1180,0,1180,False,346
131,0,131,False,25
158,0,158,False,1
1840,0,1840,False,453
621,0,621,False,107
222,0,222,False,5
475,0,475,False,29
625,0,625,False,230
248,0,248,False,10
316,0,316,False,34
1002,0,1002,False,294
366,0,366,False,30
122,0,122,False,1
137,0,137,False,48
200,0,200,False,1
773,0,773,False,279
194,0,194,False,1
1161,0,1161,False,318
699,0,699,False,112
47,0,47,False,13
694,0,694,False,124
632,0,632,False,96
331,0,331,False,44
1344,0,1344,False,302
269,0,269,False,8
1004,0,1004,False,294
375,0,375,False,24
516,0,516,False,95
454,0,454,False,21
279,0,279,False,5
431,0,431,False,25
498,0,498,False,80
113,0,113,False,0
500,0,500,False,55
877,0,877,False,76
574,0,574,False,135
586,0,586,False,71
257,0,257,False,6
254,0,254,False,25
424,0,424,False,63
524,0,524,False,64
307,0,307,False,24
1832,0,1832,False,703
93,0,93,False,32
383,0,383,False,59
399,0,399,False,55
269,0,269,False,8
506,0,506,False,56
146,0,146,False,19
341,0,341,False,31
115,0,115,False,24
725,0,725,False,264
174,0,174,False,0
484,0,484,False,58
539,0,539,False,80
170,0,170,False,1
445,0,445,False,38
800,0,800,False,66
277,0,277,False,14
1221,0,1221,False,102
997,0,997,False,314
1209,0,1209,False,327
100,0,100,False,37
114,0,114,False,0
884,0,884,False,340
1631,0,1631,False,481
383,0,383,False,44
481,0,481,False,26
45,0,45,False,13
92,0,92,False,32
475,0,475,False,61
309,0,309,False,35
517,0,517,False,62
521,0,521,False,70
285,0,285,False,5
582,0,582,False,140
1161,0,1161,False,196
803,0,803,False,241
700,0,700,False,57
1001,0,1001,False,133
273,0,273,False,31
1085,0,1085,False,392
389,0,389,False,52
662,0,662,False,78
622,0,622,False,113
561,0,561,False,47
45,0,45,False,9
530,0,530,False,95
231,0,231,False,2
946,0,946,False,107
584,0,584,False,201
1104,0,1104,False,396
549,0,549,False,64
59,0,59,False,1
1017,0,1017,False,81
1091,0,1091,False,310
270,0,270,False,4
559,0,559,False,79
454,0,454,False,48
78,0,78,False,23
477,0,477,False,42
165,0,165,False,7
272,0,272,False,3
565,0,565,False,190
390,0,390,False,52
305,0,305,False,35
278,0,278,False,34
69,0,69,False,20
1095,0,1095,False,97
664,0,664,False,222
1224,0,1224,False,97
96,0,96,False,27
418,0,418,False,52
327,0,327,False,23
642,0,642,False,87
317,0,317,False,36
232,0,232,False,19
159,0,159,False,24
255,0,255,False,54
225,0,225,False,13
693,0,693,False,118
257,0,257,False,24
174,0,174,False,24
1046,0,1046,False,369
176,0,176,False,13
2266,0,2266,False,1448
124,0,124,False,3
906,0,906,False,138
188,0,188,False,2
1093,0,1093,False,98
820,0,820,False,64
233,0,233,False,19
849,0,849,False,73
52,0,52,False,16
448,0,448,False,22
496,0,496,False,43
144,0,144,False,88
210,0,210,False,39
285,0,285,False,7
2077,0,2077,False,999
277,0,277,False,19
404,0,404,False,43
774,0,774,False,123
613,0,613,False,104
1166,0,1166,False,383
366,0,366,False,22
208,0,208,False,4
458,0,458,False,158
448,0,448,False,21
569,0,569,False,91
424,0,424,False,18
346,1,345,True,178
424,0,424,False,19
873,0,873,False,143
2062,0,2062,False,694
1354,0,1354,False,441
74,0,74,False,14
348,0,348,False,71
348,0,348,False,72
406,0,406,False,11
880,0,880,False,272
155,0,155,False,6
78,0,78,False,26
714,0,714,False,119
334,0,334,False,42
330,0,330,False,52
303,0,303,False,17
823,0,823,False,111
74,0,74,False,1
453,0,453,False,22
1091,0,1091,False,96
627,0,627,False,74
882,0,882,False,272
811,0,811,False,298
1424,0,1424,False,652
644,0,644,False,155
642,0,642,False,167
741,0,741,False,96
254,0,254,False,13
872,0,872,False,141
597,0,597,False,74
198,0,198,False,2
279,0,279,False,48
747,0,747,False,115
219,0,219,False,2
1302,0,1302,False,301
200,0,200,False,5
386,0,386,False,33
993,0,993,False,89
277,0,277,False,5
262,0,262,False,3
324,0,324,False,21
1013,0,1013,False,127
45,0,45,False,18
53,0,53,False,12
478,0,478,False,106
696,0,696,False,124
224,0,224,False,33
48,0,48,False,13
394,0,394,False,49
751,0,751,False,124
546,0,546,False,72
725,0,725,False,285
68,0,68,False,13
528,0,528,False,71
277,0,277,False,35
157,0,157,False,3
275,0,275,False,10
1161,0,1161,False,339
1567,0,1567,False,579
1156,0,1156,False,303
717,0,717,False,116
647,0,647,False,81
267,0,267,False,9
425,0,425,False,11
268,0,268,False,20
487,0,487,False,38
283,0,283,False,5
417,0,417,False,42
1236,1,1235,True,697
214,0,214,False,9
301,0,301,False,36
271,0,271,False,30
843,0,843,False,60
1147,0,1147,False,258
480,0,480,False,130
292,0,292,False,23
524,0,524,False,70
383,0,383,False,50
480,0,480,False,54
1241,0,1241,False,109
218,0,218,False,3
291,0,291,False,10
329,0,329,False,15
857,0,857,False,313
294,0,294,False,40
262,0,262,False,20
229,0,229,False,12
638,0,638,False,78
747,0,747,False,116
2436,0,2436,False,664
122,0,122,False,19
300,0,300,False,11
84,0,84,False,24
767,0,767,False,303
1096,0,1096,False,97
258,0,258,False,32
473,0,473,False,43
1794,0,1794,False,763
1154,0,1154,False,304
287,0,287,False,24
178,0,178,False,2
161,0,161,False,7
721,0,721,False,281
463,0,463,False,57
1126,0,1126,False,275
715,0,715,False,120
225,0,225,False,1
54,0,54,False,13
418,0,418,False,11
462,0,462,False,22
47,0,47,False,13
417,0,417,False,14
570,0,570,False,66
78,0,78,False,20
482,0,482,False,26
586,0,586,False,73
80,0,80,False,17
1288,0,1288,False,559
404,0,404,False,14
1153,0,1153,False,335
232,0,232,False,37
1248,0,1248,False,118
109,0,109,False,22
788,0,788,False,42
570,0,570,False,315
1006,0,1006,False,255
39,0,39,False,7
152,0,152,False,30
627,0,627,False,110
234,0,234,False,5
354,0,354,False,5
307,0,307,False,19
546,0,546,False,176
73,0,73,False,21
1188,0,1188,False,122
170,0,170,False,5
51,0,51,False,15
1034,0,1034,False,39
410,0,410,False,30
307,0,307,False,39
135,0,135,False,23
1132,0,1132,False,302
1014,0,1014,False,81
1943,0,1943,False,584
651,0,651,False,174
945,0,945,False,85
333,0,333,False,39
64,0,64,False,16
637,0,637,False,111
120,0,120,False,1
405,0,405,False,11
343,0,343,False,43
879,0,879,False,218
99,0,99,False,44
1058,0,1058,False,244
233,0,233,False,25
263,0,263,False,25
881,0,881,False,144
602,0,602,False,144
497,0,497,False,55
264,0,264,False,12
582,0,582,False,36
1162,0,1162,False,114
691,0,691,False,129
588,0,588,False,136
428,0,428,False,55
355,0,355,False,26
377,0,377,False,63
477,0,477,False,80
468,0,468,False,24
641,0,641,False,165
117,0,117,False,32
651,0,651,False,100
343,0,343,False,32
1148,1,1147,True,642
141,0,141,False,23
954,0,954,False,225
1148,0,1148,False,195
59,0,59,False,17
139,0,139,False,52
489,0,489,False,49
1502,1,1501,True,807
565,0,565,False,54
621,0,621,False,81
302,0,302,False,34
28,0,28,False,2
1045,0,1045,False,105
746,0,746,False,53
237,0,237,False,19
52,0,52,False,16
34,0,34,False,4
289,0,289,False,6
46,0,46,False,10
631,0,631,False,75
46,0,46,False,16
223,0,223,False,3
289,0,289,False,33
45,0,45,False,8
72,0,72,False,15
269,0,269,False,4
1553,0,1553,False,348
569,0,569,False,88
1409,0,1409,False,636
727,0,727,False,108
767,0,767,False,153
634,0,634,False,78
636,0,636,False,91
642,0,642,False,109
1481,0,1481,False,598
465,0,465,False,57
974,1,973,True,554
328,0,328,False,40
689,0,689,False,84
328,0,328,False,39
30,0,30,False,1
971,0,971,False,219
523,0,523,False,87
490,0,490,False,56
572,0,572,False,136
32,0,32,False,5
279,0,279,False,32
174,0,174,False,6
407,0,407,False,43
314,0,314,False,37
535,0,535,False,176
924,0,924,False,116
533,0,533,False,57
400,0,400,False,103
763,0,763,False,60
582,0,582,False,66
759,0,759,False,255
388,0,388,False,53
456,0,456,False,22
457,0,457,False,76
1154,0,1154,False,303
884,0,884,False,142
45,0,45,False,15
269,0,269,False,29
229,0,229,False,4
220,0,220,False,3
143,0,143,False,4
137,0,137,False,4
415,0,415,False,11
277,0,277,False,14
322,0,322,False,45
43,0,43,False,14
858,0,858,False,87
880,0,880,False,73
1178,0,1178,False,110
807,0,807,False,89
939,0,939,False,84
47,0,47,False,16
478,0,478,False,51
1418,0,1418,False,579
46,0,46,False,17
512,0,512,False,107
177,0,177,False,3
1141,0,1141,False,179
448,0,448,False,55
619,0,619,False,106
917,0,917,False,331
530,0,530,False,70
184,0,184,False,60
150,0,150,False,2
254,0,254,False,11
322,0,322,False,22
657,0,657,False,168
351,0,351,False,41
1049,0,1049,False,98
1127,0,1127,False,66
756,0,756,False,277
1146,0,1146,False,186
550,0,550,False,64
190,0,190,False,3
385,0,385,False,62
146,0,146,False,19
310,0,310,False,19
1227,0,1227,False,290
421,0,421,False,14
1016,0,1016,False,341
428,0,428,False,78
631,0,631,False,128
1110,0,1110,False,95
331,0,331,False,37
306,0,306,False,28
988,0,988,False,78
133,0,133,False,63
866,0,866,False,265
282,0,282,False,12
1995,0,1995,False,1077
938,0,938,False,316
100,0,100,False,41
262,0,262,False,15
222,0,222,False,2
2208,1,2207,True,1500
173,0,173,False,3
54,0,54,False,13
1032,0,1032,False,104
401,0,401,False,61
98,0,98,False,40
1015,0,1015,False,127
629,0,629,False,119
987,0,987,False,84
1163,0,1163,False,387
467,0,467,False,53
396,0,396,False,55
356,0,356,False,44
1045,0,1045,False,112
409,0,409,False,82
49,0,49,False,17
298,0,298,False,17
498,0,498,False,97
49,0,49,False,11
91,0,91,False,24
106,0,106,False,29
465,0,465,False,27
620,0,620,False,87
338,0,338,False,46
855,0,855,False,261
79,0,79,False,24
462,0,462,False,28
555,0,555,False,74
684,0,684,False,52
171,0,171,False,6
608,0,608,False,218
278,0,278,False,17
347,0,347,False,72
503,0,503,False,98
836,0,836,False,133
487,0,487,False,96
71,0,71,False,19
338,0,338,False,25
624,0,624,False,72
569,0,569,False,67
331,0,331,False,22
411,0,411,False,106
2074,0,2074,False,996
358,0,358,False,61
215,0,215,False,14
1246,0,1246,False,293
463,0,463,False,25
78,0,78,False,20
869,0,869,False,85
23,0,23,False,0
1111,0,1111,False,395
728,0,728,False,142
410,0,410,False,86
317,0,317,False,41
753,0,753,False,109
525,0,525,False,65
690,0,690,False,80
776,0,776,False,113
65,0,65,False,23
756,0,756,False,106
644,0,644,False,250
342,0,342,False,126
258,0,258,False,16
409,0,409,False,47
649,0,649,False,133
901,0,901,False,333
917,0,917,False,67
1903,0,1903,False,763
1243,0,1243,False,330
466,0,466,False,41
326,0,326,False,8
324,0,324,False,46
279,0,279,False,17
195,0,195,False,2
917,0,917,False,107
651,0,651,False,99
725,0,725,False,110
400,0,400,False,104
227,0,227,False,5
614,0,614,False,77
215,0,215,False,27
286,0,286,False,37
215,0,215,False,9
443,0,443,False,60
329,0,329,False,16
714,0,714,False,95
508,0,508,False,54
859,0,859,False,328
256,0,256,False,5
838,0,838,False,104
146,0,146,False,4
698,0,698,False,124
80,0,80,False,24
399,0,399,False,102
288,0,288,False,14
1016,0,1016,False,300
375,0,375,False,10
669,0,669,False,79
356,0,356,False,21
393,0,393,False,47
542,0,542,False,90
653,0,653,False,78
987,0,987,False,341
275,0,275,False,3
939,0,939,False,206
330,0,330,False,9
288,0,288,False,16
660,0,660,False,173
668,0,668,False,86
315,0,315,False,30
591,0,591,False,93
2201,0,2201,False,968
712,0,712,False,94
213,0,213,False,3
497,0,497,False,47
353,0,353,False,34
876,0,876,False,72
39,0,39,False,10
47,0,47,False,14
46,0,46,False,10
268,0,268,False,9
53,0,53,False,18
727,0,727,False,250
52,0,52,False,16
83,0,83,False,20
2200,0,2200,False,626
43,0,43,False,14
69,0,69,False,7
616,0,616,False,87
1065,0,1065,False,99
34,0,34,False,9
968,0,968,False,332
922,0,922,False,164
131,0,131,False,8
1166,0,1166,False,302
283,0,283,False,27
499,0,499,False,54
632,0,632,False,133
151,0,151,False,59
399,0,399,False,31
379,0,379,False,45
46,0,46,False,10
337,0,337,False,48
620,0,620,False,85
972,0,972,False,123
331,0,331,False,28
778,0,778,False,298
603,0,603,False,80
325,0,325,False,102
1002,0,1002,False,90
1251,0,1251,False,317
231,0,231,False,11
174,0,174,False,0
405,0,405,False,47
568,0,568,False,76
286,0,286,False,28
301,0,301,False,14
221,0,221,False,8
78,0,78,False,4
1273,0,1273,False,409
456,1,455,True,233
592,0,592,False,140
326,0,326,False,62
961,0,961,False,289
267,0,267,False,20
53,0,53,False,2
786,0,786,False,85
205,0,205,False,3
38,0,38,False,6
166,0,166,False,75
1235,0,1235,False,99
212,0,212,False,0
89,0,89,False,12
70,0,70,False,18
1119,0,1119,False,93
407,0,407,False,15
797,0,797,False,55
509,0,509,False,44
598,0,598,False,73
653,0,653,False,245
646,0,646,False,77
256,0,256,False,29
355,0,355,False,21
158,0,158,False,3
767,0,767,False,128
1227,0,1227,False,106
339,0,339,False,115
299,0,299,False,21
784,0,784,False,113
485,0,485,False,58
667,0,667,False,87
576,0,576,False,68
823,0,823,False,277
225,0,225,False,32
388,0,388,False,37
1119,0,1119,False,98
195,0,195,False,2
534,0,534,False,64
178,0,178,False,2
137,0,137,False,3
564,0,564,False,191
710,0,710,False,120
438,0,438,False,24
251,0,251,False,12
75,0,75,False,17
794,0,794,False,64
201,0,201,False,25
377,0,377,False,31
422,0,422,False,21
391,0,391,False,49
1105,0,1105,False,165
2251,0,2251,False,526
80,0,80,False,19
542,0,542,False,93
511,0,511,False,135
253,0,253,False,10
316,0,316,False,52
151,0,151,False,3
962,0,962,False,161
406,0,406,False,47
734,0,734,False,97
239,0,239,False,5
544,0,544,False,67
948,0,948,False,108
595,0,595,False,143
243,0,243,False,7
366,0,366,False,7
242,0,242,False,11
228,0,228,False,17
259,0,259,False,4
418,0,418,False,60
746,0,746,False,116
177,0,177,False,16
731,0,731,False,95
710,0,710,False,120
445,0,445,False,47
761,0,761,False,226
253,0,253,False,8
110,0,110,False,50
226,0,226,False,32
212,0,212,False,2
335,0,335,False,33
142,0,142,False,31
959,0,959,False,331
573,0,573,False,91
264,0,264,False,8
602,0,602,False,63
440,0,440,False,40
1370,1,1369,True,779
453,0,453,False,24
172,0,172,False,25
1163,0,1163,False,496
584,0,584,False,92
940,0,940,False,344
543,0,543,False,83
402,0,402,False,54
696,0,696,False,124
1140,0,1140,False,586
176,0,176,False,0
45,0,45,False,16
665,0,665,False,138
453,0,453,False,22
691,0,691,False,63
1151,0,1151,False,385
767,0,767,False,122
333,0,333,False,34
521,0,521,False,66
327,0,327,False,8
855,0,855,False,62
342,0,342,False,47
660,2,658,True,444
818,0,818,False,284
527,0,527,False,62
881,0,881,False,309
718,0,718,False,86
1154,0,1154,False,488
411,0,411,False,12
551,0,551,False,103
650,0,650,False,96
453,0,453,False,82
84,0,84,False,0
378,0,378,False,35
606,0,606,False,247
266,0,266,False,61
222,0,222,False,30
1167,0,1167,False,287
443,0,443,False,31
444,0,444,False,73
51,0,51,False,17
34,0,34,False,8
1156,0,1156,False,384
296,0,296,False,11
149,0,149,False,30
534,0,534,False,95
664,0,664,False,173
270,0,270,False,50
321,0,321,False,41
283,0,283,False,24
592,0,592,False,62
481,0,481,False,81
169,0,169,False,32
307,0,307,False,45
1215,0,1215,False,383
428,0,428,False,78
235,0,235,False,42
469,0,469,False,53
52,0,52,False,9
335,0,335,False,18
1128,0,1128,False,575
86,0,86,False,22
640,0,640,False,84
74,0,74,False,19
329,0,329,False,127
521,0,521,False,86
1144,0,1144,False,381
139,0,139,False,19
52,0,52,False,18
223,0,223,False,2
1019,0,1019,False,294
880,0,880,False,146
333,0,333,False,42
1131,0,1131,False,104
463,0,463,False,27
352,0,352,False,30
991,0,991,False,345
890,0,890,False,72
1163,0,1163,False,127
123,0,123,False,3
193,0,193,False,1
2119,0,2119,False,448
908,0,908,False,285
1025,0,1025,False,340
49,0,49,False,8
88,0,88,False,13
244,0,244,False,5
1082,0,1082,False,268
1273,0,1273,False,237
806,0,806,False,48
493,0,493,False,27
946,0,946,False,108
701,0,701,False,168
1055,0,1055,False,98
336,0,336,False,67
274,0,274,False,11
622,0,622,False,82
160,0,160,False,25
769,0,769,False,278
168,0,168,False,25
327,0,327,False,17
365,0,365,False,29
282,0,282,False,6
382,0,382,False,33
922,0,922,False,190
762,0,762,False,268
279,0,279,False,15
1107,0,1107,False,499
972,0,972,False,338
737,0,737,False,204
439,0,439,False,39
181,0,181,False,59
269,0,269,False,32
257,0,257,False,55
1462,0,1462,False,488
215,0,215,False,4
1236,0,1236,False,105
35,0,35,False,10
463,0,463,False,26
51,0,51,False,15
323,0,323,False,38
1194,0,1194,False,579
163,0,163,False,5
451,0,451,False,53
173,0,173,False,0
174,0,174,False,1
593,0,593,False,231
625,0,625,False,87
1077,0,1077,False,473
754,0,754,False,252
46,0,46,False,11
42,0,42,False,13
49,0,49,False,15
669,0,669,False,94
355,0,355,False,40
297,0,297,False,14
226,0,226,False,3
680,0,680,False,85
76,0,76,False,17
338,0,338,False,40
765,0,765,False,110
621,0,621,False,91
148,0,148,False,1
634,0,634,False,117
554,0,554,False,52
333,0,333,False,52
1028,0,1028,False,368
453,0,453,False,46
134,0,134,False,14
269,0,269,False,2
1136,0,1136,False,193
726,0,726,False,95
329,0,329,False,19
163,0,163,False,4
202,0,202,False,2
633,0,633,False,78
257,0,257,False,14
294,0,294,False,39
197,0,197,False,42
286,0,286,False,35
1169,0,1169,False,81
114,0,114,False,3
473,0,473,False,26
558,0,558,False,145
1159,0,1159,False,181
135,0,135,False,5
551,0,551,False,69
52,0,52,False,16
733,0,733,False,144
1371,0,1371,False,557
925,0,925,False,164
82,0,82,False,23
826,0,826,False,115
635,0,635,False,90
761,0,761,False,283
657,0,657,False,90
621,0,621,False,105
270,0,270,False,12
559,0,559,False,99
49,0,49,False,15
302,0,302,False,20
86,0,86,False,8
286,0,286,False,36
394,0,394,False,38
289,0,289,False,7
741,0,741,False,254
1157,0,1157,False,301
358,0,358,False,10
197,0,197,False,1
490,0,490,False,50
625,0,625,False,58
188,0,188,False,2
77,0,77,False,24
650,1,649,True,346
724,0,724,False,92
460,0,460,False,41
309,0,309,False,35
222,0,222,False,80
485,0,485,False,65
46,0,46,False,10
150,0,150,False,3
1436,0,1436,False,235
87,0,87,False,10
617,0,617,False,89
785,0,785,False,174
664,0,664,False,84
374,0,374,False,53
76,0,76,False,23
956,0,956,False,112
1939,0,1939,False,543
556,0,556,False,190
443,0,443,False,16
262,0,262,False,15
279,0,279,False,35
78,0,78,False,20
542,0,542,False,45
484,0,484,False,56
309,0,309,False,12
970,1,969,True,545
49,0,49,False,17
2227,0,2227,False,1128
493,0,493,False,29
1169,0,1169,False,358
862,0,862,False,243
577,0,577,False,54
289,0,289,False,31
435,0,435,False,18
671,0,671,False,148
870,0,870,False,265
329,0,329,False,24
324,0,324,False,23
606,0,606,False,161
130,0,130,False,39
701,0,701,False,181
178,0,178,False,2
222,0,222,False,0
1174,0,1174,False,508
29,0,29,False,10
1040,0,1040,False,83
865,0,865,False,145
264,0,264,False,28
303,0,303,False,29
567,0,567,False,43
563,0,563,False,139
374,0,374,False,104
371,0,371,False,22
186,0,186,False,1
252,0,252,False,1
310,0,310,False,37
1140,0,1140,False,193
709,0,709,False,257
559,0,559,False,71
491,0,491,False,76
550,0,550,False,73
141,0,141,False,61
940,0,940,False,288
140,0,140,False,0
907,0,907,False,249
514,0,514,False,41
322,0,322,False,21
646,0,646,False,96
220,0,220,False,2
1418,0,1418,False,334
280,0,280,False,24
505,0,505,False,47
242,0,242,False,56
361,0,361,False,21
388,0,388,False,35
264,0,264,False,7
33,0,33,False,6
163,0,163,False,65
856,0,856,False,322
749,0,749,False,104
326,0,326,False,9
662,0,662,False,59
662,0,662,False,87
392,0,392,False,52
46,0,46,False,10
652,0,652,False,84
320,0,320,False,37
33,0,33,False,8
230,0,230,False,20
318,0,318,False,41
1164,0,1164,False,303
315,0,315,False,15
152,0,152,False,18
765,0,765,False,261
271,0,271,False,9
877,0,877,False,166
125,0,125,False,3
437,0,437,False,40
373,0,373,False,24
1222,0,1222,False,651
394,0,394,False,53
279,0,279,False,22
2207,0,2207,False,642
445,0,445,False,23
1168,0,1168,False,500
69,0,69,False,20
77,0,77,False,22
734,0,734,False,98
367,0,367,False,49
132,0,132,False,21
270,0,270,False,17
597,0,597,False,117
647,0,647,False,71
536,0,536,False,42
1164,0,1164,False,183
1131,0,1131,False,105
311,0,311,False,42
497,0,497,False,43
623,0,623,False,171
1023,0,1023,False,85
268,0,268,False,35
192,0,192,False,2
174,0,174,False,7
390,0,390,False,27
329,0,329,False,32
941,0,941,False,208
1212,0,1212,False,98
870,0,870,False,83
1157,0,1157,False,394
798,0,798,False,139
1151,0,1151,False,330
238,0,238,False,6
179,0,179,False,16
474,0,474,False,66
412,0,412,False,31
186,0,186,False,17
416,0,416,False,47
214,0,214,False,0
418,0,418,False,75
308,0,308,False,26
785,0,785,False,299
2239,0,2239,False,979
903,0,903,False,161
361,0,361,False,9
1099,0,1099,False,99
41,0,41,False,0
567,0,567,False,70
798,0,798,False,180
735,0,735,False,204
695,0,695,False,196
220,0,220,False,2
232,0,232,False,31
79,0,79,False,24
196,0,196,False,27
502,0,502,False,59
76,0,76,False,21
534,0,534,False,72
211,0,211,False,5
617,0,617,False,155
640,0,640,False,85
521,0,521,False,55
1690,1,1689,True,1109
708,0,708,False,230
351,0,351,False,38
77,0,77,False,17
284,0,284,False,29
621,0,621,False,172
978,0,978,False,108
285,0,285,False,30
171,0,171,False,38
270,0,270,False,9
595,0,595,False,76
747,0,747,False,110
584,0,584,False,121
1580,0,1580,False,475
1154,0,1154,False,383
74,0,74,False,19
499,0,499,False,57
301,0,301,False,7
377,0,377,False,28
578,0,578,False,56
349,0,349,False,44
386,0,386,False,62
409,0,409,False,25
633,0,633,False,127
320,0,320,False,37
851,0,851,False,62
580,0,580,False,203
268,0,268,False,22
256,0,256,False,14
352,0,352,False,33
575,0,575,False,104
276,0,276,False,5
1299,0,1299,False,382
156,0,156,False,7
499,0,499,False,43
358,0,358,False,7
455,0,455,False,33
141,0,141,False,0
534,0,534,False,59
534,0,534,False,64
344,0,344,False,17
158,0,158,False,3
79,0,79,False,19
102,0,102,False,30
919,0,919,False,232
567,0,567,False,146
310,0,310,False,25
407,0,407,False,106
244,0,244,False,9
282,0,282,False,32
635,0,635,False,339
714,0,714,False,177
658,0,658,False,97
265,0,265,False,20
877,0,877,False,142
690,0,690,False,92
267,0,267,False,30
473,0,473,False,163
816,0,816,False,273
963,0,963,False,156
830,0,830,False,157
1767,0,1767,False,498
121,0,121,False,3
394,0,394,False,47
283,0,283,False,8
222,0,222,False,54
892,0,892,False,105
921,0,921,False,105
84,0,84,False,57
1233,0,1233,False,274
857,0,857,False,140
771,0,771,False,125
573,0,573,False,64
1007,0,1007,False,90
286,0,286,False,33
739,0,739,False,259
1344,0,1344,False,527
46,0,46,False,9
56,0,56,False,13
186,0,186,False,2
237,0,237,False,28
791,0,791,False,119
926,0,926,False,101
50,0,50,False,12
471,0,471,False,73
724,0,724,False,92
427,0,427,False,57
464,0,464,False,57
634,0,634,False,78
1153,0,1153,False,383
1054,0,1054,False,89
407,0,407,False,36
145,0,145,False,61
45,0,45,False,10
984,0,984,False,343
1181,0,1181,False,365
1053,0,1053,False,82
197,0,197,False,0
952,0,952,False,87
416,0,416,False,51
538,0,538,False,77
969,0,969,False,94
510,0,510,False,48
277,0,277,False,34
551,0,551,False,51
556,0,556,False,65
352,0,352,False,49
944,0,944,False,337
1068,0,1068,False,101
358,0,358,False,42
447,0,447,False,25
274,0,274,False,32
545,0,545,False,64
796,0,796,False,140
835,0,835,False,116
1526,0,1526,False,362
837,0,837,False,310
1096,0,1096,False,178
187,0,187,False,0
304,0,304,False,11
52,0,52,False,17
279,0,279,False,29
742,0,742,False,120
591,0,591,False,144
678,0,678,False,133
384,0,384,False,36
60,0,60,False,16
281,0,281,False,4
662,0,662,False,61
554,0,554,False,77
474,0,474,False,31
506,0,506,False,77
914,1,913,True,478
582,0,582,False,151
93,0,93,False,34
725,0,725,False,99
695,0,695,False,95
435,0,435,False,53
597,0,597,False,240
772,0,772,False,136
364,0,364,False,48
749,0,749,False,257
535,0,535,False,89
346,0,346,False,11
990,0,990,False,127
80,0,80,False,24
717,0,717,False,120
142,0,142,False,61
1125,0,1125,False,188
58,0,58,False,2
79,0,79,False,23
290,0,290,False,14
445,0,445,False,16
191,0,191,False,2
454,0,454,False,64
1170,0,1170,False,502
601,0,601,False,76
673,0,673,False,142
354,0,354,False,43
268,0,268,False,9
46,0,46,False,10
526,0,526,False,63
449,0,449,False,56
810,0,810,False,310
145,0,145,False,61
312,0,312,False,33
852,0,852,False,262
755,0,755,False,106
1257,0,1257,False,99
1042,0,1042,False,245
555,0,555,False,72
397,0,397,False,36
995,0,995,False,92
421,0,421,False,39
425,0,425,False,58
726,0,726,False,117
310,0,310,False,41
499,0,499,False,46
839,0,839,False,54
681,0,681,False,107
1225,0,1225,False,213
989,0,989,False,81
246,0,246,False,7
750,0,750,False,267
602,0,602,False,114
331,0,331,False,38
1505,0,1505,False,379
210,0,210,False,10
221,0,221,False,3
120,0,120,False,1
220,0,220,False,74
444,0,444,False,49
1142,0,1142,False,77
1019,0,1019,False,81
305,0,305,False,8
44,0,44,False,14
665,0,665,False,254
89,0,89,False,9
791,0,791,False,78
339,0,339,False,44
877,0,877,False,135
1043,0,1043,False,90
1095,0,1095,False,234
143,0,143,False,7
437,0,437,False,53
148,0,148,False,28
405,0,405,False,25
856,0,856,False,324
269,0,269,False,9
319,0,319,False,14
245,0,245,False,13
601,0,601,False,83
311,0,311,False,66
47,0,47,False,13
830,0,830,False,117
281,0,281,False,20
504,0,504,False,48
354,0,354,False,45
842,0,842,False,81
197,0,197,False,1
48,0,48,False,9
381,0,381,False,29
480,0,480,False,53
191,0,191,False,94
42,0,42,False,6
693,0,693,False,99
560,1,559,True,287
318,0,318,False,53
1224,0,1224,False,96
135,0,135,False,4
45,0,45,False,14
375,0,375,False,44
713,0,713,False,282
68,0,68,False,21
341,0,341,False,42
250,0,250,False,27
1048,0,1048,False,347
845,0,845,False,70
70,0,70,False,19
178,0,178,False,16
390,0,390,False,33
565,0,565,False,74
186,0,186,False,1
52,0,52,False,17
854,0,854,False,323
289,0,289,False,33
150,0,150,False,11
61,0,61,False,14
525,0,525,False,133
177,0,177,False,7
585,0,585,False,203
119,0,119,False,26
220,0,220,False,16
167,0,167,False,0
532,0,532,False,102
349,0,349,False,44
31,0,31,False,8
349,0,349,False,59
570,0,570,False,68
211,0,211,False,5
69,0,69,False,20
75,0,75,False,26
46,0,46,False,15
316,0,316,False,31
211,0,211,False,6
282,0,282,False,33
269,0,269,False,30
468,0,468,False,81
466,0,466,False,27
800,0,800,False,282
718,0,718,False,282
214,0,214,False,4
52,0,52,False,9
41,0,41,False,14
1232,0,1232,False,346
219,0,219,False,27
1161,0,1161,False,187
311,0,311,False,41
760,0,760,False,256
614,0,614,False,224
483,0,483,False,64
230,0,230,False,11
54,0,54,False,18
992,0,992,False,197
809,0,809,False,124
2049,0,2049,False,923
162,0,162,False,4
496,0,496,False,59
490,0,490,False,81
308,0,308,False,35
131,0,131,False,14
459,0,459,False,22
721,0,721,False,92
477,0,477,False,52
116,0,116,False,9
276,0,276,False,5
384,0,384,False,48
835,0,835,False,57
389,0,389,False,65
503,0,503,False,99
894,0,894,False,120
665,0,665,False,91
964,0,964,False,86
710,0,710,False,116
75,0,75,False,0
164,0,164,False,1
389,0,389,False,59
35,0,35,False,8
293,0,293,False,30
156,0,156,False,5
649,0,649,False,107
677,0,677,False,202
380,0,380,False,66
456,0,456,False,24
1159,0,1159,False,108
1100,0,1100,False,393
1418,0,1418,False,580
273,0,273,False,30
619,0,619,False,87
675,0,675,False,261
85,0,85,False,20
309,0,309,False,36
268,0,268,False,9
1496,0,1496,False,464
468,0,468,False,75
950,0,950,False,65
524,0,524,False,68
1259,0,1259,False,330
35,0,35,False,7
464,0,464,False,197
200,0,200,False,34
718,0,718,False,186
46,0,46,False,13
749,0,749,False,166
2130,0,2130,False,695
996,0,996,False,86
362,0,362,False,9
189,0,189,False,1
232,0,232,False,21
542,0,542,False,91
451,0,451,False,46
1002,0,1002,False,325
81,0,81,False,9
294,0,294,False,18
569,0,569,False,71
176,0,176,False,7
1352,0,1352,False,449
753,0,753,False,128
284,0,284,False,38
33,0,33,False,0
624,0,624,False,87
351,0,351,False,53
151,0,151,False,4
256,0,256,False,28
581,0,581,False,136
324,0,324,False,6
221,0,221,False,0
485,0,485,False,61
213,0,213,False,5
42,0,42,False,10
1043,0,1043,False,84
711,0,711,False,276
880,0,880,False,163
1247,0,1247,False,96
165,0,165,False,7
654,0,654,False,82
86,0,86,False,8
284,1,283,True,141
877,0,877,False,72
138,0,138,False,19
1617,0,1617,False,564
1065,0,1065,False,54
1212,1,1211,True,671
394,0,394,False,19
908,0,908,False,291
136,0,136,False,14
454,0,454,False,77
405,0,405,False,52
314,0,314,False,49
2224,0,2224,False,593
137,0,137,False,18
197,0,197,False,13
1170,0,1170,False,377
330,0,330,False,46
82,0,82,False,20
200,0,200,False,5
728,0,728,False,199
747,0,747,False,257
193,0,193,False,5
269,0,269,False,3
251,0,251,False,29
666,0,666,False,107
517,0,517,False,76
1462,0,1462,False,342
947,0,947,False,115
452,0,452,False,84
44,0,44,False,12
532,0,532,False,78
262,0,262,False,13
387,0,387,False,35
695,0,695,False,100
745,0,745,False,122
836,0,836,False,81
515,0,515,False,75
229,0,229,False,29
329,0,329,False,33
247,0,247,False,13
684,0,684,False,259
608,0,608,False,85
1159,0,1159,False,333
277,0,277,False,5
259,0,259,False,17
859,0,859,False,324
711,0,711,False,255
585,0,585,False,68
707,0,707,False,106
296,0,296,False,35
429,0,429,False,59
306,0,306,False,19
75,0,75,False,21
207,0,207,False,17
296,0,296,False,30
118,0,118,False,0
622,0,622,False,184
796,0,796,False,140
148,0,148,False,4
1114,0,1114,False,469
54,0,54,False,10
223,0,223,False,2
1160,0,1160,False,341
768,0,768,False,124
287,0,287,False,35
382,0,382,False,12
313,0,313,False,47
337,0,337,False,47
366,0,366,False,9
403,0,403,False,42
639,0,639,False,97
132,0,132,False,14
127,0,127,False,0
578,0,578,False,206
40,0,40,False,13
540,0,540,False,71
1061,0,1061,False,122
712,0,712,False,124
658,0,658,False,87
1841,0,1841,False,569
183,0,183,False,0
1355,0,1355,False,358
104,0,104,False,25
347,0,347,False,48
132,0,132,False,9
421,0,421,False,53
577,0,577,False,135
325,0,325,False,9
140,0,140,False,4
174,0,174,False,0
207,0,207,False,4
790,0,790,False,137
418,0,418,False,40
623,0,623,False,79
294,0,294,False,35
388,0,388,False,44
654,0,654,False,110
46,0,46,False,10
571,0,571,False,90
485,0,485,False,31
192,0,192,False,1
488,0,488,False,68
271,0,271,False,37
443,0,443,False,21
237,0,237,False,8
1506,1,1505,True,815
229,0,229,False,21
492,0,492,False,70
288,0,288,False,23
1018,0,1018,False,228
1492,0,1492,False,338
947,0,947,False,105
741,0,741,False,204
316,0,316,False,45
397,0,397,False,8
714,0,714,False,233
717,0,717,False,117
675,0,675,False,89
48,0,48,False,11
282,0,282,False,13
478,0,478,False,26
627,0,627,False,255
602,0,602,False,109
209,0,209,False,5
244,0,244,False,11
532,0,532,False,62
171,0,171,False,1
285,0,285,False,33
1091,0,1091,False,294
764,0,764,False,132
375,0,375,False,49
318,0,318,False,5
2154,0,2154,False,790
747,0,747,False,153
297,0,297,False,45
251,0,251,False,4
265,0,265,False,4
849,0,849,False,61
767,0,767,False,153
718,0,718,False,238
1050,0,1050,False,97
79,0,79,False,26
81,0,81,False,23
693,0,693,False,119
51,0,51,False,10
359,0,359,False,24
160,0,160,False,3
274,0,274,False,4
604,0,604,False,56
571,0,571,False,135
110,0,110,False,1
364,0,364,False,5
31,0,31,False,6
376,0,376,False,34
768,0,768,False,232
86,0,86,False,8
713,0,713,False,83
1292,0,1292,False,288
421,0,421,False,72
192,0,192,False,2
282,0,282,False,24
542,0,542,False,91
946,0,946,False,108
351,0,351,False,45
123,0,123,False,1
611,0,611,False,81
248,0,248,False,10
97,0,97,False,19
837,0,837,False,56
573,0,573,False,91
295,0,295,False,8
446,0,446,False,36
873,0,873,False,69
487,0,487,False,59
188,0,188,False,23
972,0,972,False,335
186,0,186,False,3
366,0,366,False,16
581,0,581,False,67
176,0,176,False,40
154,0,154,False,3
966,0,966,False,206
463,0,463,False,88
336,0,336,False,135
175,0,175,False,13
1231,0,1231,False,143
48,0,48,False,15
281,0,281,False,18
612,0,612,False,104
1765,0,1765,False,579
1777,0,1777,False,408
168,0,168,False,101
403,0,403,False,18
171,0,171,False,5
349,0,349,False,29
1368,0,1368,False,554
364,0,364,False,34
1400,0,1400,False,439
886,0,886,False,328
2076,1,2075,True,1113
623,0,623,False,157
298,0,298,False,30
373,0,373,False,44
168,0,168,False,11
447,0,447,False,45
96,0,96,False,24
810,0,810,False,130
718,0,718,False,192
749,0,749,False,255
61,0,61,False,4
607,0,607,False,56
593,0,593,False,91
651,0,651,False,165
131,0,131,False,0
284,0,284,False,36
782,0,782,False,312
1062,0,1062,False,73
236,0,236,False,4
589,0,589,False,141
242,0,242,False,11
61,0,61,False,17
249,0,249,False,27
1024,0,1024,False,123
792,0,792,False,224
318,0,318,False,33
730,0,730,False,93
328,0,328,False,40
807,0,807,False,61
621,0,621,False,79
232,0,232,False,21
150,0,150,False,1
47,0,47,False,13
601,0,601,False,84
199,0,199,False,1
391,0,391,False,49
350,0,350,False,5
440,0,440,False,45
596,0,596,False,79
94,0,94,False,11
522,0,522,False,66
692,0,692,False,123
339,0,339,False,41
151,0,151,False,54
314,0,314,False,40
661,0,661,False,101
174,0,174,False,6
725,0,725,False,202
581,0,581,False,105
27,0,27,False,8
387,0,387,False,20
555,0,555,False,81
878,0,878,False,77
661,0,661,False,175
256,0,256,False,54
582,0,582,False,116
846,0,846,False,79
56,0,56,False,20
482,0,482,False,76
303,0,303,False,27
721,0,721,False,276
389,0,389,False,27
518,0,518,False,70
271,0,271,False,12
303,0,303,False,33
146,0,146,False,62
1108,0,1108,False,216
238,0,238,False,4
576,0,576,False,196
569,0,569,False,66
607,0,607,False,139
376,0,376,False,35
844,0,844,False,134
269,0,269,False,10
204,0,204,False,11
425,0,425,False,11
208,0,208,False,4
585,0,585,False,88
572,0,572,False,97
768,0,768,False,259
325,0,325,False,38
378,0,378,False,42
680,0,680,False,87
1274,0,1274,False,299
629,0,629,False,102
192,0,192,False,2
279,0,279,False,3
249,0,249,False,26
175,0,175,False,2
457,0,457,False,67
1023,0,1023,False,113
45,0,45,False,11
149,0,149,False,8
2056,0,2056,False,550
282,0,282,False,21
519,0,519,False,47
53,0,53,False,12
586,0,586,False,55
710,0,710,False,230
605,0,605,False,144
304,0,304,False,38
566,0,566,False,135
187,0,187,False,0
1136,0,1136,False,383
275,0,275,False,20
546,0,546,False,104
441,0,441,False,21
28,0,28,False,7
766,0,766,False,70
642,0,642,False,95
504,0,504,False,76
75,0,75,False,2
315,0,315,False,41
232,1,231,True,120
499,0,499,False,48
695,0,695,False,101
403,0,403,False,53
701,0,701,False,117
1752,0,1752,False,559
824,0,824,False,312
88,0,88,False,24
1160,0,1160,False,502
639,0,639,False,100
698,0,698,False,104
906,0,906,False,71
386,0,386,False,56
577,0,577,False,135
250,0,250,False,12
360,0,360,False,42
123,0,123,False,39
49,0,49,False,15
1111,0,1111,False,350
406,0,406,False,11
351,0,351,False,12
240,0,240,False,123
598,0,598,False,118
948,0,948,False,83
309,0,309,False,38
51,0,51,False,15
424,0,424,False,83
147,0,147,False,0
949,0,949,False,87
712,0,712,False,142
568,0,568,False,200
47,0,47,False,16
417,0,417,False,50
552,0,552,False,67
578,0,578,False,84
351,0,351,False,36
217,0,217,False,7
280,0,280,False,5
575,0,575,False,73
321,0,321,False,19
714,0,714,False,104
1154,0,1154,False,337
1198,0,1198,False,280
714,0,714,False,119
716,0,716,False,124
479,0,479,False,52
524,0,524,False,45
215,0,215,False,5
1709,0,1709,False,765
484,0,484,False,91
1240,0,1240,False,286
788,0,788,False,138
173,0,173,False,2
623,0,623,False,74
708,0,708,False,188
507,0,507,False,67
358,0,358,False,24
176,0,176,False,7
47,0,47,False,15
46,0,46,False,9
955,0,955,False,212
69,0,69,False,20
386,0,386,False,8
428,0,428,False,60
672,2,670,True,470
568,0,568,False,77
720,0,720,False,64
222,0,222,False,21
2233,0,2233,False,581
915,0,915,False,333
719,0,719,False,121
71,0,71,False,20
700,0,700,False,109
657,0,657,False,72
465,0,465,False,26
339,0,339,False,31
754,0,754,False,277
51,0,51,False,17
1139,0,1139,False,102
56,0,56,False,14
1792,0,1792,False,442
336,0,336,False,37
357,0,357,False,23
91,0,91,False,20
429,0,429,False,58
612,0,612,False,70
423,0,423,False,13
715,0,715,False,174
537,0,537,False,79
179,0,179,False,11
251,0,251,False,1
391,0,391,False,31
404,0,404,False,55
155,0,155,False,12
630,0,630,False,164
45,0,45,False,14
667,0,667,False,100
79,0,79,False,18
174,0,174,False,0
92,0,92,False,32
425,0,425,False,74
48,0,48,False,15
304,0,304,False,30
451,0,451,False,70
673,0,673,False,74
174,0,174,False,0
870,0,870,False,143
79,0,79,False,17
686,0,686,False,105
1160,0,1160,False,334
223,0,223,False,0
341,0,341,False,63
858,0,858,False,323
841,0,841,False,256
1970,1,1969,True,1093
974,0,974,False,328
134,0,134,False,20
1591,0,1591,False,663
255,0,255,False,11
487,0,487,False,37
485,0,485,False,60
271,0,271,False,73
855,0,855,False,261
58,0,58,False,13
685,0,685,False,111
371,0,371,False,12
572,0,572,False,92
517,0,517,False,44
78,0,78,False,25
2109,0,2109,False,778
672,0,672,False,94
680,0,680,False,109
175,0,175,False,5
224,0,224,False,33
974,0,974,False,340
342,0,342,False,39
498,0,498,False,64
545,0,545,False,81
1341,0,1341,False,344
347,0,347,False,29
261,0,261,False,27
573,0,573,False,202
390,0,390,False,104
1161,0,1161,False,343
576,0,576,False,117
748,0,748,False,116
649,0,649,False,132
499,0,499,False,32
1242,0,1242,False,326
496,0,496,False,82
467,0,467,False,79
606,0,606,False,168
694,0,694,False,88
1087,0,1087,False,255
1504,1,1503,True,855
253,0,253,False,32
1420,1,1419,True,859
135,0,135,False,6
625,0,625,False,91
548,0,548,False,68
558,0,558,False,69
231,0,231,False,29
965,0,965,False,81
640,0,640,False,84
535,0,535,False,91
547,0,547,False,87
358,0,358,False,20
266,0,266,False,10
245,0,245,False,12
1114,0,1114,False,371
644,0,644,False,91
440,0,440,False,46
965,0,965,False,237
768,0,768,False,171
939,0,939,False,322
545,0,545,False,68
684,0,684,False,226
570,0,570,False,109
341,0,341,False,46
110,0,110,False,1
799,0,799,False,114
1513,0,1513,False,342
110,0,110,False,1
1759,0,1759,False,645
742,0,742,False,112
313,0,313,False,46
52,0,52,False,17
694,0,694,False,388
835,0,835,False,115
358,0,358,False,7
658,0,658,False,174
261,0,261,False,9
270,0,270,False,11
391,0,391,False,36
927,0,927,False,158
217,0,217,False,2
306,0,306,False,39
866,0,866,False,75
266,0,266,False,30
296,0,296,False,24
496,0,496,False,43
155,0,155,False,3
268,0,268,False,37
1010,0,1010,False,130
436,0,436,False,61
241,0,241,False,20
885,0,885,False,143
1103,0,1103,False,316
269,0,269,False,9
560,0,560,False,76
40,1,39,True,22
635,0,635,False,86
87,0,87,False,23
768,0,768,False,61
379,0,379,False,38
475,0,475,False,81
1074,0,1074,False,284
297,0,297,False,43
674,0,674,False,89
1751,0,1751,False,578
901,0,901,False,160
398,0,398,False,48
47,0,47,False,14
576,0,576,False,83
696,0,696,False,116
1002,0,1002,False,333
1000,0,1000,False,87
2280,0,2280,False,658
852,0,852,False,323
271,0,271,False,31
289,0,289,False,11
387,0,387,False,49
217,0,217,False,28
808,0,808,False,104
43,0,43,False,14
220,0,220,False,2
298,0,298,False,10
415,0,415,False,14
1059,0,1059,False,372
288,0,288,False,25
220,0,220,False,2
257,0,257,False,6
184,0,184,False,2
583,0,583,False,53
294,0,294,False,36
708,0,708,False,127
44,0,44,False,12
364,0,364,False,29
266,0,266,False,31
382,0,382,False,30
428,0,428,False,14
50,0,50,False,13
545,0,545,False,76
450,0,450,False,45
562,0,562,False,70
147,0,147,False,59
940,0,940,False,88
321,0,321,False,24
283,0,283,False,34
44,0,44,False,14
976,0,976,False,105
265,0,265,False,19
72,0,72,False,15
396,0,396,False,24
272,0,272,False,28
174,0,174,False,0
193,0,193,False,20
898,0,898,False,82
394,0,394,False,43
355,0,355,False,34
297,0,297,False,18
513,0,513,False,56
347,0,347,False,32
398,0,398,False,43
555,0,555,False,83
257,0,257,False,14
45,0,45,False,14
1058,0,1058,False,214
1014,0,1014,False,127
376,0,376,False,26
372,0,372,False,11
1042,0,1042,False,123
490,0,490,False,55
303,0,303,False,12
769,0,769,False,189
274,0,274,False,27
44,0,44,False,13
600,0,600,False,242
1298,1,1297,True,685
318,0,318,False,7
102,0,102,False,2
141,0,141,False,4
411,0,411,False,105
630,0,630,False,85
1106,0,1106,False,166
468,0,468,False,108
1166,0,1166,False,387
533,0,533,False,64
1153,0,1153,False,126
2254,0,2254,False,980
879,0,879,False,70
692,0,692,False,234
990,0,990,False,86
225,0,225,False,34
183,0,183,False,0
720,0,720,False,262
256,0,256,False,31
384,0,384,False,52
366,0,366,False,59
208,0,208,False,5
465,0,465,False,22
634,0,634,False,113
376,0,376,False,33
209,0,209,False,10
415,0,415,False,57
893,0,893,False,161
2056,0,2056,False,641
700,0,700,False,180
325,0,325,False,17
76,0,76,False,23
160,0,160,False,63
71,0,71,False,25
1006,0,1006,False,115
672,0,672,False,101
458,0,458,False,23
723,0,723,False,97
38,0,38,False,14
590,0,590,False,72
148,0,148,False,54
80,0,80,False,25
236,0,236,False,18
1351,0,1351,False,332
190,0,190,False,18
797,0,797,False,239
3476,1,3475,True,2546
434,0,434,False,41
227,0,227,False,5
470,0,470,False,80
90,0,90,False,32
390,0,390,False,51
271,0,271,False,37
411,0,411,False,12
473,0,473,False,39
249,0,249,False,14
910,0,910,False,71
743,0,743,False,257
401,0,401,False,58
359,0,359,False,9
73,0,73,False,1
306,0,306,False,7
457,0,457,False,24
815,0,815,False,48
744,0,744,False,106
198,0,198,False,4
512,0,512,False,80
741,0,741,False,204
302,0,302,False,30
772,0,772,False,121
667,0,667,False,96
665,0,665,False,163
97,0,97,False,15
563,0,563,False,79
1166,0,1166,False,337
543,0,543,False,81
395,0,395,False,47
614,0,614,False,93
425,0,425,False,11
281,0,281,False,31
396,0,396,False,43
648,0,648,False,87
585,0,585,False,68
404,0,404,False,12
618,0,618,False,156
41,0,41,False,11
469,0,469,False,75
192,0,192,False,1
271,0,271,False,11
1049,0,1049,False,88
1173,0,1173,False,276
70,0,70,False,19
406,0,406,False,104
55,0,55,False,15
1213,0,1213,False,118
49,0,49,False,12
382,0,382,False,51
141,0,141,False,0
185,0,185,False,3
2387,0,2387,False,1014
850,0,850,False,62
59,0,59,False,15
2315,0,2315,False,575
535,0,535,False,71
196,0,196,False,5
1166,0,1166,False,288
555,0,555,False,78
322,0,322,False,59
44,0,44,False,12
369,0,369,False,65
424,0,424,False,78
154,0,154,False,63
1170,0,1170,False,503
358,0,358,False,50
732,0,732,False,105
268,0,268,False,29
1065,0,1065,False,99
221,0,221,False,9
93,0,93,False,32
448,0,448,False,50
1052,0,1052,False,82
390,0,390,False,63
564,0,564,False,66
559,0,559,False,200
50,0,50,False,9
328,0,328,False,24
330,0,330,False,35
733,0,733,False,154
575,0,575,False,42
1086,0,1086,False,360
80,0,80,False,20
51,0,51,False,15
61,0,61,False,16
1049,0,1049,False,314
1179,0,1179,False,401
319,0,319,False,32
56,1,55,True,35
708,0,708,False,119
141,0,141,False,61
613,0,613,False,88
960,0,960,False,225
533,0,533,False,64
311,0,311,False,44
744,0,744,False,166
658,0,658,False,243
491,0,491,False,61
338,0,338,False,23
82,0,82,False,49
32,0,32,False,6
306,0,306,False,17
45,0,45,False,14
912,0,912,False,98
761,0,761,False,264
419,0,419,False,13
1549,0,1549,False,382
393,0,393,False,40
80,0,80,False,19
230,0,230,False,8
1271,0,1271,False,104
1231,0,1231,False,118
462,0,462,False,65
169,0,169,False,8
754,0,754,False,271
106,0,106,False,18
1086,0,1086,False,173
2108,0,2108,False,489
297,0,297,False,20
431,0,431,False,60
373,0,373,False,50
584,0,584,False,204
272,0,272,False,4
617,0,617,False,225
1089,0,1089,False,269
776,0,776,False,135
455,0,455,False,73
369,0,369,False,11
31,0,31,False,6
524,0,524,False,82
46,0,46,False,15
1811,0,1811,False,571
571,0,571,False,93
439,0,439,False,49
182,0,182,False,4
53,0,53,False,12
226,0,226,False,21
861,0,861,False,79
249,0,249,False,15
752,1,751,True,425
573,0,573,False,78
214,0,214,False,2
96,0,96,False,26
268,0,268,False,32
60,0,60,False,24
269,0,269,False,39
488,0,488,False,57
1336,0,1336,False,352
147,0,147,False,0
614,0,614,False,104
288,0,288,False,8
1070,0,1070,False,163
678,0,678,False,262
226,0,226,False,7
102,0,102,False,20
168,0,168,False,1
1208,0,1208,False,362
352,0,352,False,48
205,0,205,False,8
296,0,296,False,33
400,0,400,False,43
651,0,651,False,113
626,0,626,False,89
1142,0,1142,False,407
598,0,598,False,82
204,0,204,False,7
250,0,250,False,10
841,0,841,False,315
677,0,677,False,191
168,0,168,False,0
717,0,717,False,97
214,0,214,False,1
711,0,711,False,255
1246,0,1246,False,109
733,0,733,False,112
124,0,124,False,3
641,0,641,False,133
575,0,575,False,101
1152,0,1152,False,386
286,0,286,False,21
954,0,954,False,333
46,0,46,False,14
558,1,557,True,283
942,0,942,False,84
366,0,366,False,10
667,0,667,False,254
209,0,209,False,3
649,0,649,False,134
540,0,540,False,58
80,0,80,False,23
510,0,510,False,45
994,0,994,False,127
286,0,286,False,36
412,0,412,False,40
137,0,137,False,6
545,0,545,False,76
83,0,83,False,19
261,0,261,False,56
710,0,710,False,121
802,0,802,False,104
478,0,478,False,50
312,0,312,False,50
444,0,444,False,20
700,0,700,False,103
772,0,772,False,289
319,0,319,False,23
362,0,362,False,10
626,0,626,False,59
291,0,291,False,10
707,0,707,False,119
656,0,656,False,84
270,0,270,False,21
398,0,398,False,58
732,0,732,False,260
1141,0,1141,False,295
234,0,234,False,30
267,0,267,False,21
689,0,689,False,125
41,0,41,False,12
275,0,275,False,12
147,0,147,False,7
524,0,524,False,68
1152,0,1152,False,107
336,0,336,False,46
859,0,859,False,328
322,0,322,False,39
209,0,209,False,9
1034,0,1034,False,304
1177,0,1177,False,271
654,0,654,False,95
1056,0,1056,False,90
266,0,266,False,9
59,0,59,False,17
443,0,443,False,21
394,0,394,False,54
210,0,210,False,3
205,0,205,False,16
371,0,371,False,31
142,0,142,False,3
82,0,82,False,23
185,0,185,False,3
283,0,283,False,37
178,0,178,False,5
602,0,602,False,73
2060,0,2060,False,920
1160,0,1160,False,332
402,0,402,False,53
393,0,393,False,9
78,0,78,False,20
983,0,983,False,344
948,1,947,True,552
308,0,308,False,6
426,0,426,False,23
959,0,959,False,98
554,0,554,False,67
155,0,155,False,3
544,0,544,False,78
723,0,723,False,288
618,0,618,False,55
45,0,45,False,11
386,0,386,False,44
1247,0,1247,False,305
1477,0,1477,False,746
268,0,268,False,29
801,0,801,False,241
515,0,515,False,48
137,0,137,False,4
2192,0,2192,False,960
278,0,278,False,3
759,0,759,False,276
370,0,370,False,10
417,0,417,False,105
1450,1,1449,True,789
289,0,289,False,29
776,0,776,False,273
431,0,431,False,23
524,0,524,False,70
498,1,497,True,250
1039,0,1039,False,230
719,0,719,False,117
2356,0,2356,False,590
450,0,450,False,51
601,0,601,False,136
1672,1,1671,True,916
725,0,725,False,186
272,0,272,False,31
349,0,349,False,50
577,0,577,False,57
51,0,51,False,15
335,0,335,False,31
418,0,418,False,16
1155,0,1155,False,334
450,0,450,False,71
622,0,622,False,105
303,0,303,False,17
73,0,73,False,21
175,0,175,False,8
334,0,334,False,34
78,0,78,False,21
182,0,182,False,4
471,0,471,False,37
547,0,547,False,97
1148,0,1148,False,380
341,0,341,False,41
737,0,737,False,108
397,0,397,False,105
562,0,562,False,67
1111,0,1111,False,370
898,0,898,False,80
580,0,580,False,135
583,0,583,False,137
718,0,718,False,284
420,0,420,False,48
292,0,292,False,24
301,0,301,False,32
726,0,726,False,96
175,0,175,False,0
1052,0,1052,False,86
538,0,538,False,83
671,0,671,False,220
35,0,35,False,16
294,0,294,False,23
199,0,199,False,1
42,0,42,False,6
546,0,546,False,84
159,0,159,False,4
1160,0,1160,False,387
1551,0,1551,False,414
226,0,226,False,32
749,0,749,False,121
546,0,546,False,105
650,0,650,False,93
657,0,657,False,187
397,0,397,False,54
49,0,49,False,18
318,0,318,False,39
271,0,271,False,9
642,0,642,False,166
39,0,39,False,12
47,0,47,False,12
197,0,197,False,3
47,0,47,False,17
48,0,48,False,16
439,0,439,False,18
449,0,449,False,51
486,0,486,False,81
37,0,37,False,13
259,0,259,False,20
46,0,46,False,13
219,0,219,False,23
360,0,360,False,8
437,0,437,False,67
1412,0,1412,False,623
772,0,772,False,280
260,0,260,False,14
400,0,400,False,53
261,0,261,False,12
73,0,73,False,22
85,0,85,False,28
642,0,642,False,91
1317,0,1317,False,597
857,0,857,False,325
60,0,60,False,18
96,0,96,False,17
380,0,380,False,64
712,0,712,False,181
139,0,139,False,52
211,0,211,False,6
164,0,164,False,3
209,0,209,False,4
618,0,618,False,157
617,0,617,False,75
691,0,691,False,99
1035,0,1035,False,84
636,0,636,False,92
487,0,487,False,49
92,0,92,False,56
273,0,273,False,31
482,0,482,False,26
258,0,258,False,32
608,0,608,False,144
321,0,321,False,40
165,0,165,False,1
47,0,47,False,15
145,0,145,False,3
459,0,459,False,53
228,0,228,False,4
549,0,549,False,90
176,0,176,False,9
410,0,410,False,83
242,0,242,False,14
868,0,868,False,266
875,0,875,False,313
389,0,389,False,53
221,0,221,False,5
335,0,335,False,28
285,0,285,False,39
451,0,451,False,59
505,0,505,False,44
478,0,478,False,50
56,0,56,False,0
211,0,211,False,7
290,0,290,False,26
293,0,293,False,44
159,0,159,False,52
595,0,595,False,105
784,0,784,False,136
31,0,31,False,2
1012,0,1012,False,294
221,0,221,False,7
223,0,223,False,0
256,0,256,False,14
293,0,293,False,25
263,0,263,False,31
258,0,258,False,31
228,0,228,False,114
408,0,408,False,11
46,0,46,False,15
228,0,228,False,13
198,0,198,False,5
33,0,33,False,8
386,0,386,False,103
726,0,726,False,285
1111,0,1111,False,396
532,0,532,False,61
1194,0,1194,False,83
169,0,169,False,2
227,0,227,False,8
1396,0,1396,False,340
363,0,363,False,27
1150,0,1150,False,305
749,0,749,False,153
214,0,214,False,12
495,0,495,False,87
177,0,177,False,0
633,0,633,False,118
993,0,993,False,164
741,0,741,False,252
521,0,521,False,78
648,0,648,False,83
1216,0,1216,False,213
295,0,295,False,24
522,0,522,False,147
1089,0,1089,False,99
69,0,69,False,18
123,0,123,False,92
139,0,139,False,4
1125,0,1125,False,321
997,0,997,False,250
762,0,762,False,283
496,0,496,False,54
890,0,890,False,143
266,0,266,False,9
1051,0,1051,False,106
153,0,153,False,1
581,0,581,False,103
58,0,58,False,14
505,0,505,False,36
149,0,149,False,57
734,0,734,False,93
312,0,312,False,49
127,0,127,False,10
143,0,143,False,46
182,0,182,False,2
79,0,79,False,24
78,0,78,False,19
1075,0,1075,False,95
67,0,67,False,1
730,0,730,False,193
581,0,581,False,89
35,0,35,False,7
192,0,192,False,2
230,0,230,False,20
782,0,782,False,115
595,0,595,False,102
207,0,207,False,1
42,0,42,False,14
1153,0,1153,False,436
1224,0,1224,False,93
410,0,410,False,91
76,0,76,False,24
311,0,311,False,40
279,0,279,False,11
586,0,586,False,94
139,0,139,False,0
165,0,165,False,12
806,0,806,False,266
525,0,525,False,71
1194,0,1194,False,272
1010,0,1010,False,92
860,0,860,False,65
191,0,191,False,2
554,0,554,False,60
1137,0,1137,False,195
1111,0,1111,False,387
661,0,661,False,51
2011,0,2011,False,441
419,0,419,False,41
49,0,49,False,18
69,0,69,False,19
323,0,323,False,23
254,0,254,False,31
39,0,39,False,15
137,0,137,False,0
156,0,156,False,41
732,0,732,False,102
332,0,332,False,31
76,0,76,False,24
157,0,157,False,6
194,0,194,False,3
834,0,834,False,319
1106,0,1106,False,389
147,0,147,False,53
173,0,173,False,6
544,0,544,False,77
575,0,575,False,68
604,0,604,False,81
823,0,823,False,112
606,0,606,False,78
1103,0,1103,False,396
696,0,696,False,122
192,0,192,False,5
169,0,169,False,0
317,0,317,False,41
553,0,553,False,70
524,0,524,False,69
76,0,76,False,20
33,0,33,False,0
1199,0,1199,False,229
223,0,223,False,34
226,0,226,False,12
46,0,46,False,17
303,0,303,False,44
356,0,356,False,31
32,0,32,False,7
330,0,330,False,34
856,0,856,False,83
1048,0,1048,False,258
397,0,397,False,47
520,0,520,False,70
876,0,876,False,269
866,0,866,False,263
269,0,269,False,9
802,0,802,False,122
62,0,62,False,2
314,0,314,False,43
773,0,773,False,280
231,0,231,False,1
33,0,33,False,0
141,0,141,False,9
226,0,226,False,24
805,0,805,False,121
141,0,141,False,19
705,0,705,False,274
263,0,263,False,9
855,0,855,False,133
523,0,523,False,111
33,0,33,False,8
798,0,798,False,232
410,0,410,False,40
155,0,155,False,4
1094,0,1094,False,395
661,0,661,False,82
884,0,884,False,284
529,0,529,False,68
861,0,861,False,318
349,0,349,False,40
867,0,867,False,266
214,0,214,False,10
279,0,279,False,34
2036,0,2036,False,632
417,0,417,False,46
1053,0,1053,False,88
480,0,480,False,41
167,0,167,False,1
710,0,710,False,226
892,0,892,False,160
239,0,239,False,20
445,0,445,False,47
609,0,609,False,70
116,0,116,False,11
716,0,716,False,280
46,0,46,False,11
687,0,687,False,89
81,0,81,False,23
323,0,323,False,7
75,0,75,False,20
2051,0,2051,False,659
2201,0,2201,False,537
1310,0,1310,False,135
372,0,372,False,6
45,0,45,False,14
415,0,415,False,14
537,0,537,False,57
537,0,537,False,63
45,0,45,False,12
417,0,417,False,44
719,0,719,False,84
1153,0,1153,False,103
553,0,553,False,70
175,0,175,False,37
1016,0,1016,False,294
361,0,361,False,9
117,0,117,False,1
85,0,85,False,8
1159,0,1159,False,337
181,0,181,False,4
149,0,149,False,3
2287,0,2287,False,547
997,0,997,False,134
727,0,727,False,106
736,0,736,False,105
249,0,249,False,21
644,0,644,False,81
686,0,686,False,263
98,0,98,False,9
48,0,48,False,13
75,0,75,False,20
405,0,405,False,57
151,0,151,False,32
49,0,49,False,13
669,0,669,False,177
870,0,870,False,71
572,0,572,False,66
647,0,647,False,81
404,0,404,False,55
722,0,722,False,97
804,0,804,False,125
548,0,548,False,194
590,0,590,False,140
522,0,522,False,48
360,0,360,False,56
216,0,216,False,7
439,0,439,False,54
985,0,985,False,81
2284,0,2284,False,1461
756,0,756,False,136
45,0,45,False,10
597,0,597,False,141
436,0,436,False,57
1045,0,1045,False,96
973,0,973,False,167
549,0,549,False,45
619,0,619,False,127
378,0,378,False,50
113,0,113,False,1
328,0,328,False,16
540,0,540,False,63
620,0,620,False,222
94,0,94,False,41
1671,0,1671,False,331
477,0,477,False,82
255,0,255,False,5
390,0,390,False,49
945,0,945,False,288
475,0,475,False,80
208,0,208,False,8
235,0,235,False,23
876,0,876,False,69
2816,0,2816,False,1221
95,0,95,False,6
274,0,274,False,3
671,0,671,False,85
405,0,405,False,12
494,0,494,False,65
570,0,570,False,49
685,0,685,False,109
1106,0,1106,False,72
1064,0,1064,False,99
161,0,161,False,7
390,0,390,False,51
1271,0,1271,False,311
1006,0,1006,False,92
570,0,570,False,84
251,0,251,False,14
1162,0,1162,False,113
1513,0,1513,False,441
568,0,568,False,88
121,0,121,False,0
187,0,187,False,2
36,0,36,False,12
1026,0,1026,False,81
1557,0,1557,False,349
95,0,95,False,35
45,0,45,False,8
247,0,247,False,12
393,0,393,False,23
669,0,669,False,155
737,0,737,False,105
273,0,273,False,35
334,1,333,True,193
721,0,721,False,89
519,0,519,False,90
433,0,433,False,58
392,0,392,False,66
469,0,469,False,57
303,0,303,False,34
792,0,792,False,123
173,0,173,False,7
29,0,29,False,6
749,0,749,False,101
335,0,335,False,23
669,0,669,False,199
251,0,251,False,32
1015,0,1015,False,92
1077,0,1077,False,84
42,0,42,False,9
1425,0,1425,False,369
657,0,657,False,260
313,0,313,False,13
299,0,299,False,57
266,0,266,False,13
112,0,112,False,1
1395,0,1395,False,418
935,0,935,False,90
226,0,226,False,2
610,0,610,False,76
1000,0,1000,False,294
584,0,584,False,115
159,0,159,False,52
800,0,800,False,114
450,0,450,False,81
231,0,231,False,29
163,0,163,False,27
906,0,906,False,104
46,0,46,False,14
360,0,360,False,9
48,0,48,False,15
493,0,493,False,61
914,0,914,False,302
1528,0,1528,False,654
427,0,427,False,48
1506,0,1506,False,485
212,0,212,False,26
718,0,718,False,90
270,0,270,False,3
224,0,224,False,8
586,0,586,False,115
118,0,118,False,39
864,0,864,False,80
808,0,808,False,121
726,0,726,False,104
464,0,464,False,54
455,0,455,False,22
330,0,330,False,16
338,0,338,False,28
233,0,233,False,25
204,0,204,False,11
483,0,483,False,44
76,0,76,False,23
675,0,675,False,42
701,0,701,False,262
638,0,638,False,87
319,0,319,False,42
365,0,365,False,9
283,0,283,False,21
304,0,304,False,12
239,0,239,False,1
271,0,271,False,32
666,0,666,False,180
678,0,678,False,139
211,0,211,False,5
408,0,408,False,56
579,0,579,False,202
979,0,979,False,97
330,0,330,False,24
569,0,569,False,134
973,0,973,False,335
592,0,592,False,94
77,0,77,False,0
375,0,375,False,45
387,0,387,False,36
81,0,81,False,18
579,0,579,False,92
550,0,550,False,48
53,0,53,False,17
877,0,877,False,269
163,0,163,False,13
577,0,577,False,201
272,0,272,False,3
902,0,902,False,342
230,0,230,False,21
900,0,900,False,55
790,0,790,False,61
370,0,370,False,23
80,0,80,False,23
377,0,377,False,48
657,0,657,False,252
422,0,422,False,74
277,0,277,False,24
592,0,592,False,50
935,0,935,False,118
65,0,65,False,18
428,0,428,False,13
209,0,209,False,13
859,0,859,False,264
311,0,311,False,38
387,0,387,False,57
2312,0,2312,False,674
367,0,367,False,21
243,0,243,False,31
567,0,567,False,88
962,0,962,False,35
215,0,215,False,0
661,0,661,False,93
272,0,272,False,33
230,0,230,False,8
395,0,395,False,26
587,0,587,False,130
560,0,560,False,196
263,0,263,False,4
195,0,195,False,2
105,0,105,False,33
79,0,79,False,25
346,0,346,False,29
1051,0,1051,False,84
1004,0,1004,False,80
78,0,78,False,27
313,0,313,False,18
1475,0,1475,False,745
346,0,346,False,32
146,0,146,False,3
339,0,339,False,24
361,0,361,False,47
715,0,715,False,263
53,0,53,False,16
222,0,222,False,28
37,0,37,False,6
2061,0,2061,False,923
761,0,761,False,281
628,0,628,False,84
757,0,757,False,64
49,0,49,False,17
1153,0,1153,False,384
553,0,553,False,74
568,0,568,False,68
467,0,467,False,113
1268,0,1268,False,378
148,0,148,False,56
595,0,595,False,76
1295,0,1295,False,379
685,0,685,False,80
698,0,698,False,55
76,0,76,False,20
440,0,440,False,45
1025,0,1025,False,159
1153,0,1153,False,303
662,0,662,False,96
1253,0,1253,False,501
192,0,192,False,2
458,0,458,False,74
73,0,73,False,16
475,0,475,False,68
1160,0,1160,False,263
316,0,316,False,32
51,0,51,False,14
966,0,966,False,218
807,0,807,False,160
296,0,296,False,27
413,0,413,False,13
330,0,330,False,16
94,0,94,False,31
1112,0,1112,False,73
1045,0,1045,False,154
45,0,45,False,14
535,0,535,False,65
294,0,294,False,34
599,0,599,False,116
312,0,312,False,40
164,0,164,False,0
216,0,216,False,4
715,0,715,False,120
46,0,46,False,2
151,0,151,False,46
601,0,601,False,85
764,0,764,False,65
356,0,356,False,70
325,0,325,False,13
491,0,491,False,52
1356,0,1356,False,352
463,0,463,False,51
648,0,648,False,74
551,0,551,False,49
36,0,36,False,12
301,0,301,False,29
46,0,46,False,10
884,0,884,False,79
598,0,598,False,80
353,0,353,False,81
416,0,416,False,47
1004,0,1004,False,290
325,0,325,False,8
549,0,549,False,88
569,0,569,False,66
816,0,816,False,155
722,0,722,False,233
325,0,325,False,28
185,0,185,False,5
525,0,525,False,78
1030,0,1030,False,83
262,0,262,False,9
455,0,455,False,21
595,0,595,False,54
671,0,671,False,88
492,0,492,False,53
262,0,262,False,27
432,0,432,False,38
165,0,165,False,8
1110,0,1110,False,398
274,0,274,False,4
181,0,181,False,3
400,0,400,False,104
663,0,663,False,63
861,0,861,False,324
211,0,211,False,28
144,0,144,False,61
587,0,587,False,129
720,0,720,False,281
705,0,705,False,76
49,0,49,False,11
557,0,557,False,67
453,0,453,False,39
220,0,220,False,2
232,0,232,False,7
1093,0,1093,False,382
214,0,214,False,2
277,0,277,False,3
651,0,651,False,90
872,0,872,False,213
638,0,638,False,167
611,0,611,False,156
463,0,463,False,67
58,0,58,False,2
77,0,77,False,19
409,0,409,False,50
208,0,208,False,3
229,0,229,False,9
77,0,77,False,23
551,0,551,False,78
721,0,721,False,90
695,0,695,False,128
665,0,665,False,102
380,0,380,False,24
752,0,752,False,207
1044,0,1044,False,222
1106,0,1106,False,215
544,0,544,False,92
369,0,369,False,31
1478,0,1478,False,599
257,0,257,False,12
164,0,164,False,3
224,0,224,False,32
235,0,235,False,5
269,0,269,False,9
273,0,273,False,9
295,0,295,False,19
176,0,176,False,8
331,0,331,False,23
549,0,549,False,67
1142,0,1142,False,378
241,0,241,False,38
1288,0,1288,False,125
601,0,601,False,238
338,0,338,False,23
899,0,899,False,81
79,0,79,False,18
585,0,585,False,88
141,0,141,False,0
963,0,963,False,340
420,0,420,False,57
673,0,673,False,70
797,0,797,False,113
270,0,270,False,40
1294,0,1294,False,420
511,0,511,False,61
497,0,497,False,43
150,0,150,False,52
145,0,145,False,60
45,0,45,False,10
734,0,734,False,202
569,0,569,False,172
39,0,39,False,15
1104,0,1104,False,210
222,0,222,False,34
35,0,35,False,11
409,0,409,False,30
629,0,629,False,76
220,0,220,False,34
924,0,924,False,156
46,0,46,False,15
463,0,463,False,58
135,0,135,False,23
360,0,360,False,62
684,0,684,False,95
88,0,88,False,13
36,0,36,False,0
774,0,774,False,143
364,0,364,False,22
232,0,232,False,1
291,0,291,False,8
573,0,573,False,135
470,0,470,False,81
763,0,763,False,213
637,0,637,False,117
385,0,385,False,17
1135,0,1135,False,192
3283,0,3283,False,1404
529,0,529,False,42
288,0,288,False,38
233,0,233,False,10
93,0,93,False,6
1329,0,1329,False,359
282,0,282,False,30
468,0,468,False,81
533,0,533,False,72
279,0,279,False,27
626,0,626,False,107
126,0,126,False,15
450,0,450,False,63
61,0,61,False,18
550,0,550,False,81
178,0,178,False,5
504,0,504,False,43
1436,0,1436,False,426
657,0,657,False,86
2272,0,2272,False,558
422,0,422,False,56
799,0,799,False,115
318,0,318,False,37
232,0,232,False,7
301,0,301,False,10
1194,0,1194,False,128
625,0,625,False,80
641,0,641,False,87
1029,0,1029,False,80
72,0,72,False,21
1019,0,1019,False,228
515,0,515,False,62
123,0,123,False,1
870,0,870,False,92
721,0,721,False,280
309,0,309,False,32
32,0,32,False,0
235,0,235,False,11
465,0,465,False,52
199,0,199,False,0
182,0,182,False,11
337,0,337,False,48
125,0,125,False,24
426,0,426,False,98
695,0,695,False,100
1156,0,1156,False,101
126,0,126,False,55
557,0,557,False,69
422,0,422,False,15
1288,0,1288,False,406
387,0,387,False,60
622,0,622,False,51
82,0,82,False,23
267,0,267,False,4
330,0,330,False,8
553,0,553,False,42
557,0,557,False,85
252,0,252,False,2
195,0,195,False,2
604,0,604,False,236
658,0,658,False,151
412,0,412,False,17
633,0,633,False,87
570,0,570,False,201
237,0,237,False,7
315,0,315,False,40
175,0,175,False,0
123,0,123,False,38
601,0,601,False,238
820,1,819,True,463
1255,0,1255,False,516
193,0,193,False,18
317,0,317,False,37
102,0,102,False,16
1299,0,1299,False,340
1310,0,1310,False,344
54,0,54,False,21
264,0,264,False,39
151,0,151,False,3
58,0,58,False,14
437,0,437,False,54
555,0,555,False,81
164,0,164,False,5
221,0,221,False,32
327,0,327,False,44
174,0,174,False,0
398,0,398,False,31
530,0,530,False,86
75,0,75,False,23
195,0,195,False,84
362,0,362,False,4
438,0,438,False,46
494,0,494,False,59
487,0,487,False,68
685,0,685,False,96
515,0,515,False,89
1633,0,1633,False,521
236,0,236,False,4
1166,0,1166,False,389
481,0,481,False,91
646,0,646,False,87
250,0,250,False,22
164,0,164,False,78
870,0,870,False,71
282,0,282,False,38
41,0,41,False,10
662,0,662,False,93
284,0,284,False,5
370,0,370,False,29
519,0,519,False,73
209,0,209,False,34
44,0,44,False,11
554,0,554,False,60
376,0,376,False,50
453,0,453,False,63
138,0,138,False,0
1022,0,1022,False,139
168,0,168,False,15
764,0,764,False,260
236,0,236,False,7
470,0,470,False,68
567,0,567,False,67
228,0,228,False,17
473,0,473,False,60
843,0,843,False,147
637,0,637,False,89
215,0,215,False,3
76,0,76,False,18
585,0,585,False,227
193,0,193,False,6
874,0,874,False,220
692,1,691,True,352
224,0,224,False,1
49,0,49,False,15
733,0,733,False,109
180,0,180,False,2
613,0,613,False,73
50,0,50,False,14
476,0,476,False,81
739,0,739,False,148
418,0,418,False,11
726,0,726,False,124
507,0,507,False,68
45,0,45,False,12
46,0,46,False,13
962,0,962,False,274
1669,0,1669,False,469
933,0,933,False,345
1099,0,1099,False,400
1170,0,1170,False,117
188,0,188,False,2
474,0,474,False,25
263,0,263,False,10
719,0,719,False,121
825,0,825,False,311
1001,0,1001,False,81
524,0,524,False,37
94,0,94,False,37
656,0,656,False,141
324,0,324,False,47
856,0,856,False,324
490,0,490,False,53
80,0,80,False,24
459,0,459,False,89
586,0,586,False,67
308,0,308,False,17
1633,0,1633,False,407
583,0,583,False,136
396,0,396,False,46
408,0,408,False,54
670,0,670,False,230
398,0,398,False,43
1222,0,1222,False,101
705,0,705,False,271
398,0,398,False,40
50,0,50,False,16
46,0,46,False,9
739,0,739,False,114
535,0,535,False,34
186,0,186,False,12
246,0,246,False,25
441,0,441,False,52
1290,0,1290,False,136
667,0,667,False,110
47,0,47,False,19
814,0,814,False,128
312,0,312,False,37
355,0,355,False,7
716,0,716,False,98
2466,0,2466,False,1102
415,0,415,False,47
556,0,556,False,94
1188,0,1188,False,362
1268,1,1267,True,798
1091,0,1091,False,89
843,0,843,False,319
176,0,176,False,7
394,0,394,False,41
160,0,160,False,1
592,0,592,False,66
67,0,67,False,0
1015,0,1015,False,293
1039,0,1039,False,84
119,0,119,False,1
168,0,168,False,6
43,0,43,False,14
320,0,320,False,11
1056,0,1056,False,89
196,0,196,False,3
443,0,443,False,78
1109,0,1109,False,314
80,0,80,False,24
760,0,760,False,78
2183,0,2183,False,536
978,0,978,False,339
71,0,71,False,22
275,0,275,False,11
1145,0,1145,False,115
276,0,276,False,40
30,0,30,False,7
611,0,611,False,120
414,0,414,False,17
2262,0,2262,False,593
519,0,519,False,94
1327,0,1327,False,465
523,0,523,False,56
196,0,196,False,5
421,0,421,False,17
551,0,551,False,44
599,0,599,False,116
62,0,62,False,0
831,0,831,False,134
732,0,732,False,257
79,0,79,False,23
298,0,298,False,19
1098,0,1098,False,274
278,0,278,False,15
211,0,211,False,4
545,0,545,False,66
592,0,592,False,70
207,0,207,False,7
407,0,407,False,57
779,0,779,False,216
155,0,155,False,52
409,0,409,False,11
525,0,525,False,89
395,0,395,False,43
360,0,360,False,126
1302,0,1302,False,326
79,0,79,False,28
402,0,402,False,55
462,0,462,False,50
406,0,406,False,57
507,0,507,False,45
1143,0,1143,False,107
78,0,78,False,10
175,0,175,False,2
622,0,622,False,83
167,0,167,False,6
1099,0,1099,False,392
721,0,721,False,287
212,1,211,True,106
732,0,732,False,151
1397,0,1397,False,351
157,0,157,False,23
477,0,477,False,55
847,0,847,False,62
2170,0,2170,False,568
710,0,710,False,124
814,0,814,False,114
336,0,336,False,20
582,0,582,False,135
740,0,740,False,247
58,0,58,False,19
930,0,930,False,330
661,0,661,False,264
219,0,219,False,32
498,0,498,False,67
596,0,596,False,119
694,0,694,False,243
624,0,624,False,86
303,0,303,False,30
544,0,544,False,57
441,0,441,False,20
745,0,745,False,254
645,0,645,False,84
463,0,463,False,54
2064,0,2064,False,677
336,0,336,False,50
1687,0,1687,False,657
1363,0,1363,False,353
150,0,150,False,28
350,0,350,False,12
508,0,508,False,50
697,0,697,False,98
679,0,679,False,82
190,0,190,False,2
442,0,442,False,19
711,0,711,False,115
329,0,329,False,22
507,0,507,False,48
87,0,87,False,21
133,0,133,False,70
320,0,320,False,56
170,0,170,False,1
699,0,699,False,117
736,0,736,False,104
354,0,354,False,33
259,0,259,False,32
57,0,57,False,13
181,0,181,False,12
479,0,479,False,134
42,0,42,False,12
91,0,91,False,24
926,0,926,False,81
50,0,50,False,16
585,0,585,False,43
621,0,621,False,83
499,0,499,False,82
286,0,286,False,5
137,0,137,False,0
439,0,439,False,55
343,0,343,False,11
1154,0,1154,False,300
735,0,735,False,93
550,0,550,False,86
1275,0,1275,False,286
203,0,203,False,4
46,0,46,False,10
617,0,617,False,49
1429,0,1429,False,387
409,0,409,False,105
667,0,667,False,231
671,0,671,False,98
353,0,353,False,29
176,0,176,False,6
360,0,360,False,30
941,0,941,False,84
713,0,713,False,278
873,0,873,False,162
46,0,46,False,13
708,0,708,False,120
230,0,230,False,11
38,0,38,False,0
75,0,75,False,14
339,0,339,False,17
194,0,194,False,2
1,0,1,False,0
149,0,149,False,3
202,0,202,False,8
56,0,56,False,14
50,0,50,False,13
289,0,289,False,36
271,0,271,False,31
339,0,339,False,43
492,0,492,False,90
394,0,394,False,66
407,0,407,False,12
2246,0,2246,False,850
369,0,369,False,23
874,0,874,False,75
606,0,606,False,145
2296,0,2296,False,663
997,0,997,False,159
195,0,195,False,2
1158,0,1158,False,271
51,0,51,False,17
252,0,252,False,16
869,0,869,False,83
153,0,153,False,7
1128,0,1128,False,474
1167,0,1167,False,499
1451,0,1451,False,432
641,0,641,False,166
80,0,80,False,26
460,0,460,False,26
989,0,989,False,242
400,0,400,False,55
370,0,370,False,22
1110,0,1110,False,232
219,0,219,False,28
301,0,301,False,8
307,0,307,False,18
212,0,212,False,4
20,0,20,False,0
414,0,414,False,13
1125,0,1125,False,236
308,0,308,False,40
2020,0,2020,False,735
231,0,231,False,11
285,0,285,False,39
80,0,80,False,24
97,0,97,False,40
359,0,359,False,47
318,0,318,False,22
137,0,137,False,25
662,0,662,False,99
268,0,268,False,30
731,0,731,False,123
347,0,347,False,61
933,0,933,False,62
125,0,125,False,14
286,0,286,False,29
638,0,638,False,96
447,0,447,False,30
1695,0,1695,False,500
1604,1,1603,True,878
46,0,46,False,10
467,0,467,False,85
442,0,442,False,41
314,0,314,False,16
1128,0,1128,False,251
458,0,458,False,49
568,0,568,False,70
465,0,465,False,49
589,0,589,False,105
364,0,364,False,31
186,0,186,False,3
29,0,29,False,0
462,0,462,False,74
620,0,620,False,81
497,0,497,False,58
435,0,435,False,53
558,0,558,False,223
81,0,81,False,26
468,0,468,False,67
1065,0,1065,False,100
56,0,56,False,16
229,0,229,False,10
691,0,691,False,99
622,0,622,False,101
307,0,307,False,34
588,0,588,False,137
684,0,684,False,142
278,0,278,False,5
317,0,317,False,41
1017,0,1017,False,136
721,0,721,False,280
180,0,180,False,29
1727,0,1727,False,706
629,0,629,False,132
568,0,568,False,78
404,0,404,False,103
578,0,578,False,204
1262,0,1262,False,319
416,0,416,False,62
2340,0,2340,False,869
138,0,138,False,20
436,0,436,False,13
651,0,651,False,246
243,0,243,False,11
72,0,72,False,16
277,0,277,False,15
626,0,626,False,86
403,0,403,False,88
409,0,409,False,40
1005,0,1005,False,188
360,0,360,False,60
634,0,634,False,82
749,0,749,False,155
253,0,253,False,5
279,0,279,False,7
119,0,119,False,25
622,0,622,False,225
665,0,665,False,173
487,0,487,False,42
49,0,49,False,9
1105,0,1105,False,386
747,0,747,False,115
708,0,708,False,270
837,0,837,False,183
79,0,79,False,21
351,0,351,False,18
980,0,980,False,299
1280,0,1280,False,104
392,0,392,False,50
508,0,508,False,78
1147,0,1147,False,194
995,0,995,False,314
112,0,112,False,21
286,0,286,False,38
787,0,787,False,111
521,0,521,False,52
1166,0,1166,False,116
265,0,265,False,27
1159,0,1159,False,386
1235,0,1235,False,250
565,0,565,False,87
546,0,546,False,77
531,0,531,False,43
70,0,70,False,16
201,0,201,False,2
562,0,562,False,66
644,0,644,False,71
277,0,277,False,18
574,0,574,False,50
742,0,742,False,270
287,0,287,False,5
479,0,479,False,49
100,0,100,False,37
252,0,252,False,26
1313,0,1313,False,458
905,0,905,False,90
51,0,51,False,15
231,0,231,False,10
219,0,219,False,2
820,0,820,False,114
666,0,666,False,94
388,0,388,False,54
161,0,161,False,3
1077,0,1077,False,123
626,0,626,False,82
274,0,274,False,19
266,0,266,False,13
693,0,693,False,89
1014,0,1014,False,294
111,0,111,False,12
1784,0,1784,False,638
1218,0,1218,False,276
513,0,513,False,59
576,0,576,False,201
434,0,434,False,103
607,0,607,False,81
569,0,569,False,66
1135,0,1135,False,194
484,0,484,False,58
689,0,689,False,55
389,0,389,False,11
1667,0,1667,False,437
243,0,243,False,10
265,0,265,False,28
1095,0,1095,False,457
427,0,427,False,55
203,0,203,False,6
813,0,813,False,286
807,0,807,False,136
81,0,81,False,26
439,0,439,False,62
572,0,572,False,81
200,0,200,False,2
460,0,460,False,77
801,0,801,False,126
710,0,710,False,58
678,0,678,False,80
486,0,486,False,61
598,0,598,False,101
41,0,41,False,9
1295,0,1295,False,147
225,0,225,False,16
76,0,76,False,22
990,0,990,False,86
468,0,468,False,66
1025,0,1025,False,137
406,0,406,False,30
356,0,356,False,21
43,0,43,False,0
306,0,306,False,33
202,0,202,False,32
233,0,233,False,8
312,0,312,False,41
92,0,92,False,22
854,0,854,False,261
239,0,239,False,10
690,0,690,False,126
1041,0,1041,False,310
33,0,33,False,0
334,0,334,False,34
81,0,81,False,26
242,0,242,False,7
969,0,969,False,278
660,1,659,True,391
717,0,717,False,90
768,0,768,False,238
212,0,212,False,5
320,0,320,False,39
488,0,488,False,50
52,0,52,False,17
371,0,371,False,31
782,0,782,False,276
1141,0,1141,False,107
358,0,358,False,34
288,0,288,False,24
941,0,941,False,111
1044,0,1044,False,90
607,0,607,False,221
425,0,425,False,59
662,0,662,False,95
101,0,101,False,23
1154,0,1154,False,117
295,0,295,False,8
108,0,108,False,0
252,0,252,False,27
871,0,871,False,82
281,0,281,False,5
306,0,306,False,32
693,0,693,False,99
984,0,984,False,72
84,0,84,False,30
710,0,710,False,92
285,0,285,False,31
253,0,253,False,5
2063,0,2063,False,925
546,0,546,False,73
184,0,184,False,3
739,0,739,False,144
518,0,518,False,96
670,0,670,False,78
196,0,196,False,1
129,0,129,False,14
155,0,155,False,30
384,0,384,False,37
1064,0,1064,False,227
261,0,261,False,30
426,0,426,False,42
563,0,563,False,53
434,0,434,False,74
737,0,737,False,269
758,0,758,False,133
169,0,169,False,6
989,0,989,False,183
206,0,206,False,7
601,0,601,False,141
298,0,298,False,54
171,0,171,False,5
91,0,91,False,23
1061,0,1061,False,370
301,0,301,False,43
555,0,555,False,59
1473,0,1473,False,451
590,0,590,False,103
216,0,216,False,3
488,0,488,False,62
340,0,340,False,40
1379,0,1379,False,627
794,0,794,False,141
1295,0,1295,False,338
822,0,822,False,114
531,0,531,False,78
623,0,623,False,107
338,0,338,False,17
560,0,560,False,53
496,0,496,False,65
526,0,526,False,219
793,0,793,False,279
163,0,163,False,5
357,0,357,False,10
1137,0,1137,False,71
248,0,248,False,2
426,0,426,False,30
925,0,925,False,157
322,0,322,False,39
411,0,411,False,105
210,0,210,False,3
270,0,270,False,9
614,0,614,False,137
39,0,39,False,0
520,0,520,False,76
730,0,730,False,254
49,0,49,False,0
47,0,47,False,14
326,0,326,False,43
175,0,175,False,3
580,0,580,False,69
77,0,77,False,24
843,0,843,False,328
80,0,80,False,20
725,0,725,False,261
2250,0,2250,False,985
718,0,718,False,51
1112,0,1112,False,70
526,0,526,False,36
579,0,579,False,44
1253,0,1253,False,101
205,0,205,False,19
871,0,871,False,86
221,0,221,False,2
502,0,502,False,134
737,0,737,False,261
1306,0,1306,False,134
371,0,371,False,50
970,0,970,False,277
717,0,717,False,98
407,0,407,False,16
890,0,890,False,82
1161,0,1161,False,494
187,0,187,False,2
374,0,374,False,27
108,0,108,False,0
400,0,400,False,20
422,0,422,False,77
558,0,558,False,79
51,0,51,False,20
78,0,78,False,25
394,0,394,False,26
286,0,286,False,38
190,0,190,False,2
465,0,465,False,31
676,0,676,False,203
724,0,724,False,99
40,0,40,False,12
169,0,169,False,2
1261,0,1261,False,580
290,0,290,False,21
664,0,664,False,75
951,0,951,False,71
365,0,365,False,25
443,0,443,False,43
843,0,843,False,88
401,0,401,False,104
573,0,573,False,93
887,0,887,False,147
169,0,169,False,7
1321,0,1321,False,361
282,0,282,False,32
289,0,289,False,32
1056,0,1056,False,217
788,0,788,False,111
723,0,723,False,125
132,0,132,False,0
494,0,494,False,45
360,0,360,False,59
46,0,46,False,9
644,0,644,False,86
90,0,90,False,41
754,0,754,False,106
596,0,596,False,69
869,0,869,False,143
547,0,547,False,45
536,0,536,False,73
607,0,607,False,144
221,0,221,False,1
1106,0,1106,False,370
589,0,589,False,72
727,0,727,False,95
414,0,414,False,12
511,0,511,False,84
99,0,99,False,43
40,0,40,False,14
522,0,522,False,113
593,0,593,False,76
559,0,559,False,197
550,0,550,False,80
296,0,296,False,31
533,0,533,False,55
565,0,565,False,65
307,0,307,False,35
790,0,790,False,161
1069,0,1069,False,90
477,0,477,False,63
449,0,449,False,25
293,0,293,False,32
334,0,334,False,34
82,0,82,False,20
73,0,73,False,14
188,0,188,False,2
689,0,689,False,177
1122,0,1122,False,372
353,0,353,False,42
115,0,115,False,14
305,0,305,False,34
58,0,58,False,14
537,0,537,False,43
142,0,142,False,0
45,0,45,False,12
754,0,754,False,124
72,0,72,False,21
129,0,129,False,18
247,0,247,False,19
46,0,46,False,12
715,0,715,False,117
379,0,379,False,51
999,0,999,False,88
550,0,550,False,53
345,0,345,False,17
649,0,649,False,101
413,0,413,False,40
314,0,314,False,49
185,0,185,False,2
43,0,43,False,14
50,0,50,False,14
567,0,567,False,69
869,0,869,False,148
158,0,158,False,3
66,0,66,False,18
406,0,406,False,40
599,0,599,False,70
287,0,287,False,32
697,0,697,False,141
177,0,177,False,16
38,0,38,False,7
75,0,75,False,18
550,0,550,False,79
228,0,228,False,12
60,0,60,False,16
1103,0,1103,False,93
205,0,205,False,4
705,0,705,False,278
422,1,421,True,218
1531,0,1531,False,346
525,0,525,False,72
571,0,571,False,71
72,0,72,False,23
219,0,219,False,10
1538,0,1538,False,537
45,0,45,False,12
482,0,482,False,96
2110,0,2110,False,1007
426,0,426,False,77
471,0,471,False,81
46,0,46,False,11
928,0,928,False,103
432,0,432,False,59
1423,0,1423,False,386
732,0,732,False,225
1146,0,1146,False,108
504,0,504,False,150
138,0,138,False,4
203,0,203,False,17
1869,0,1869,False,452
1010,0,1010,False,293
732,0,732,False,150
615,0,615,False,224
225,0,225,False,17
186,0,186,False,1
365,0,365,False,27
473,0,473,False,81
250,0,250,False,12
924,0,924,False,192
76,0,76,False,22
744,0,744,False,259
146,0,146,False,3
463,0,463,False,26
310,0,310,False,37
755,0,755,False,236
404,0,404,False,57
165,0,165,False,6
172,0,172,False,1
723,0,723,False,230
1209,0,1209,False,357
802,0,802,False,130
1103,0,1103,False,394
1188,0,1188,False,82
629,0,629,False,111
431,0,431,False,55
86,0,86,False,34
347,0,347,False,45
419,0,419,False,13
508,0,508,False,134
326,0,326,False,38
975,0,975,False,96
549,0,549,False,70
305,0,305,False,29
210,0,210,False,3
276,0,276,False,15
2257,0,2257,False,1330
259,0,259,False,13
154,0,154,False,49
30,0,30,False,3
80,0,80,False,26
1243,0,1243,False,120
359,0,359,False,8
399,0,399,False,11
1144,0,1144,False,179
130,0,130,False,1
243,0,243,False,10
477,0,477,False,45
687,0,687,False,88
576,0,576,False,56
43,0,43,False,13
2310,1,2309,True,1486
207,0,207,False,3
806,0,806,False,312
894,0,894,False,161
230,0,230,False,123
253,0,253,False,28
1152,0,1152,False,331
222,0,222,False,6
700,0,700,False,112
1424,1,1423,True,793
749,0,749,False,166
207,0,207,False,17
504,0,504,False,31
370,0,370,False,53
838,0,838,False,58
369,0,369,False,56
321,0,321,False,53
568,0,568,False,148
339,0,339,False,24
302,0,302,False,30
532,0,532,False,64
281,0,281,False,35
806,0,806,False,124
94,0,94,False,2
107,0,107,False,36
1096,0,1096,False,395
977,0,977,False,85
653,0,653,False,63
187,0,187,False,2
576,0,576,False,77
56,0,56,False,13
482,0,482,False,29
321,0,321,False,7
485,0,485,False,65
366,0,366,False,10
530,0,530,False,77
117,0,117,False,2
435,0,435,False,97
220,0,220,False,2
622,0,622,False,81
397,0,397,False,65
198,0,198,False,4
663,0,663,False,91
947,0,947,False,164
550,0,550,False,87
417,0,417,False,22
1173,0,1173,False,386
953,0,953,False,395
1035,0,1035,False,98
1099,0,1099,False,102
567,0,567,False,79
242,0,242,False,13
1296,0,1296,False,377
622,0,622,False,75
485,0,485,False,106
587,0,587,False,115
476,0,476,False,62
45,0,45,False,10
936,0,936,False,345
341,0,341,False,46
636,0,636,False,116
616,0,616,False,72
558,0,558,False,43
1135,0,1135,False,204
283,0,283,False,5
324,0,324,False,6
254,0,254,False,11
40,0,40,False,12
1028,0,1028,False,115
646,0,646,False,82
37,0,37,False,0
171,0,171,False,1
831,0,831,False,297
1006,0,1006,False,83
233,0,233,False,10
474,0,474,False,52
622,0,622,False,158
531,0,531,False,172
293,0,293,False,39
231,0,231,False,9
255,0,255,False,16
859,0,859,False,324
36,0,36,False,6
1466,0,1466,False,325
231,0,231,False,11
725,0,725,False,105
760,0,760,False,182
641,0,641,False,160
366,0,366,False,42
710,0,710,False,116
165,0,165,False,11
193,0,193,False,1
78,0,78,False,19
593,0,593,False,140
1061,0,1061,False,320
199,0,199,False,20
280,0,280,False,17
597,0,597,False,80
468,0,468,False,198
444,0,444,False,23
1031,0,1031,False,276
120,0,120,False,1
444,0,444,False,19
394,0,394,False,50
807,0,807,False,298
1024,0,1024,False,220
42,0,42,False,8
1513,0,1513,False,359
291,0,291,False,54
540,0,540,False,81
981,0,981,False,176
459,0,459,False,96
369,0,369,False,31
403,0,403,False,10
229,0,229,False,34
584,0,584,False,50
1149,0,1149,False,384
60,0,60,False,14
569,0,569,False,69
261,0,261,False,11
1226,0,1226,False,101
115,0,115,False,3
1520,0,1520,False,366
60,0,60,False,14
674,1,673,True,362
50,0,50,False,13
678,0,678,False,88
94,0,94,False,19
940,0,940,False,80
1156,0,1156,False,386
362,0,362,False,7
274,0,274,False,29
572,0,572,False,135
49,0,49,False,10
618,0,618,False,83
107,0,107,False,36
1738,0,1738,False,579
361,0,361,False,47
415,0,415,False,53
318,0,318,False,40
49,0,49,False,0
509,0,509,False,56
650,0,650,False,84
339,0,339,False,41
1803,0,1803,False,738
718,0,718,False,280
1654,0,1654,False,602
320,0,320,False,11
588,0,588,False,69
223,0,223,False,34
279,0,279,False,22
574,0,574,False,89
1104,0,1104,False,93
203,0,203,False,3
394,0,394,False,53
202,0,202,False,4
530,0,530,False,60
355,0,355,False,29
239,0,239,False,6
712,0,712,False,93
1164,0,1164,False,291
861,0,861,False,82
58,0,58,False,14
837,0,837,False,55
70,0,70,False,20
299,0,299,False,33
734,0,734,False,283
248,0,248,False,10
366,0,366,False,21
105,0,105,False,33
70,0,70,False,1
255,0,255,False,17
66,0,66,False,23
463,0,463,False,89
529,0,529,False,42
215,0,215,False,11
649,0,649,False,82
994,0,994,False,89
1159,0,1159,False,385
2258,1,2257,True,1396
735,0,735,False,123
504,0,504,False,55
1094,0,1094,False,171
820,0,820,False,311
1485,0,1485,False,343
240,0,240,False,20
32,0,32,False,7
803,0,803,False,193
451,0,451,False,22
944,0,944,False,110
968,0,968,False,155
219,0,219,False,6
793,0,793,False,278
1039,0,1039,False,105
245,0,245,False,17
112,0,112,False,43
907,0,907,False,82
46,0,46,False,15
43,0,43,False,10
710,0,710,False,120
85,0,85,False,29
478,0,478,False,71
467,0,467,False,102
744,0,744,False,105
705,0,705,False,299
32,0,32,False,6
322,0,322,False,66
125,0,125,False,8
630,0,630,False,88
1257,0,1257,False,515
769,0,769,False,255
488,0,488,False,50
237,0,237,False,7
464,0,464,False,61
412,0,412,False,106
584,0,584,False,144
1594,0,1594,False,369
664,0,664,False,177
93,0,93,False,7
225,0,225,False,2
386,0,386,False,18
561,0,561,False,135
172,0,172,False,12
395,0,395,False,104
134,0,134,False,0
590,0,590,False,43
1124,0,1124,False,104
516,0,516,False,74
229,0,229,False,12
461,0,461,False,86
830,0,830,False,60
754,0,754,False,67
356,0,356,False,6
394,0,394,False,43
367,0,367,False,65
291,0,291,False,24
60,0,60,False,16
777,0,777,False,171
223,0,223,False,3
561,0,561,False,63
147,0,147,False,0
620,0,620,False,88
767,0,767,False,147
1269,0,1269,False,365
212,0,212,False,20
409,0,409,False,105
427,0,427,False,52
435,0,435,False,58
1252,0,1252,False,332
331,0,331,False,33
231,0,231,False,10
495,0,495,False,30
134,0,134,False,4
285,0,285,False,18
258,0,258,False,3
1538,0,1538,False,496
506,0,506,False,33
623,0,623,False,159
334,0,334,False,21
389,0,389,False,39
620,0,620,False,78
398,0,398,False,9
675,0,675,False,111
981,0,981,False,262
88,0,88,False,32
749,0,749,False,254
188,0,188,False,6
37,0,37,False,11
423,0,423,False,18
127,0,127,False,3
760,0,760,False,264
1092,0,1092,False,72
133,0,133,False,14
471,0,471,False,200
584,0,584,False,90
35,0,35,False,10
586,0,586,False,43
229,0,229,False,11
1284,0,1284,False,482
702,0,702,False,96
389,0,389,False,52
535,0,535,False,63
90,0,90,False,35
50,0,50,False,15
1263,0,1263,False,515
798,0,798,False,122
477,0,477,False,79
722,0,722,False,94
35,0,35,False,11
1878,0,1878,False,464
82,0,82,False,34
412,0,412,False,33
365,0,365,False,38
667,0,667,False,145
585,0,585,False,143
345,0,345,False,16
2733,0,2733,False,1483
790,0,790,False,66
380,0,380,False,54
180,0,180,False,4
2249,0,2249,False,526
274,0,274,False,11
273,0,273,False,11
932,0,932,False,75
455,0,455,False,21
435,0,435,False,12
274,0,274,False,4
701,0,701,False,98
915,0,915,False,240
1068,0,1068,False,130
366,0,366,False,65
285,0,285,False,18
277,0,277,False,38
177,0,177,False,8
1146,0,1146,False,438
463,0,463,False,29
860,0,860,False,64
477,0,477,False,51
1075,0,1075,False,261
618,0,618,False,73
39,0,39,False,8
463,0,463,False,24
1255,0,1255,False,328
943,0,943,False,206
100,0,100,False,36
323,0,323,False,52
735,0,735,False,71
1077,0,1077,False,172
51,0,51,False,0
2314,0,2314,False,674
579,0,579,False,146
423,0,423,False,78
1062,0,1062,False,89
145,0,145,False,4
722,0,722,False,233
586,0,586,False,68
342,0,342,False,25
395,0,395,False,54
157,0,157,False,3
562,0,562,False,83
196,0,196,False,59
676,0,676,False,72
1147,0,1147,False,184
327,0,327,False,24
998,0,998,False,88
2186,0,2186,False,711
283,0,283,False,25
1481,0,1481,False,748
755,0,755,False,253
727,0,727,False,193
192,0,192,False,2
895,0,895,False,159
897,0,897,False,78
676,0,676,False,267
611,0,611,False,226
40,0,40,False,13
744,0,744,False,102
623,0,623,False,85
272,0,272,False,3
340,0,340,False,43
400,0,400,False,129
582,0,582,False,84
94,0,94,False,53
83,0,83,False,23
864,1,863,True,457
120,0,120,False,2
51,0,51,False,10
407,0,407,False,30
446,0,446,False,22
653,0,653,False,79
679,0,679,False,263
647,0,647,False,96
639,0,639,False,75
322,0,322,False,7
85,0,85,False,5
904,0,904,False,102
1167,0,1167,False,310
56,0,56,False,14
457,0,457,False,64
333,0,333,False,44
1293,0,1293,False,217
1172,0,1172,False,266
258,0,258,False,12
1018,0,1018,False,139
324,0,324,False,9
359,0,359,False,23
550,0,550,False,134
53,0,53,False,15
295,0,295,False,146
35,0,35,False,11
165,0,165,False,1
1112,0,1112,False,89
608,0,608,False,220
78,0,78,False,34
277,0,277,False,5
581,0,581,False,136
54,0,54,False,14
201,0,201,False,2
247,0,247,False,56
421,0,421,False,15
61,0,61,False,26
577,0,577,False,135
241,0,241,False,7
304,0,304,False,11
581,0,581,False,90
705,0,705,False,182
224,0,224,False,7
317,0,317,False,9
869,0,869,False,153
1091,0,1091,False,412
569,0,569,False,82
408,0,408,False,37
800,0,800,False,129
70,0,70,False,19
871,0,871,False,71
762,0,762,False,253
318,0,318,False,22
327,0,327,False,5
662,0,662,False,171
240,0,240,False,55
53,0,53,False,15
39,0,39,False,8
468,0,468,False,65
367,0,367,False,46
724,0,724,False,105
633,0,633,False,112
518,0,518,False,36
60,0,60,False,10
852,0,852,False,140
694,0,694,False,119
228,0,228,False,12
1477,0,1477,False,510
303,0,303,False,29
477,0,477,False,81
46,0,46,False,13
180,0,180,False,2
324,0,324,False,34
169,0,169,False,0
2313,0,2313,False,675
853,0,853,False,263
174,0,174,False,9
1044,0,1044,False,95
34,0,34,False,0
102,0,102,False,24
268,0,268,False,5
982,0,982,False,283
537,0,537,False,73
1564,1,1563,True,918
506,0,506,False,48
77,0,77,False,1
974,0,974,False,340
109,0,109,False,20
912,0,912,False,305
240,0,240,False,5
750,0,750,False,47
315,0,315,False,20
328,0,328,False,24
276,0,276,False,3
332,0,332,False,36
378,1,377,True,191
697,0,697,False,115
284,0,284,False,22
500,0,500,False,58
1159,0,1159,False,337
55,0,55,False,17
327,0,327,False,24
391,0,391,False,53
280,0,280,False,54
882,0,882,False,143
659,0,659,False,131
59,0,59,False,16
872,0,872,False,150
271,0,271,False,12
47,0,47,False,14
649,0,649,False,105
350,0,350,False,40
423,0,423,False,27
466,0,466,False,29
574,0,574,False,104
498,0,498,False,58
1064,0,1064,False,53
1002,0,1002,False,465
172,0,172,False,1
386,0,386,False,60
339,0,339,False,46
909,0,909,False,84
296,0,296,False,40
137,0,137,False,3
142,0,142,False,56
47,0,47,False,16
154,0,154,False,23
347,0,347,False,44
258,0,258,False,14
983,0,983,False,124
289,0,289,False,29
1240,0,1240,False,110
78,0,78,False,31
66,0,66,False,8
496,0,496,False,70
646,0,646,False,94
346,0,346,False,12
891,0,891,False,157
340,0,340,False,57
906,0,906,False,87
678,0,678,False,76
535,0,535,False,167
392,0,392,False,61
684,0,684,False,107
251,0,251,False,2
387,0,387,False,45
190,0,190,False,1
682,0,682,False,52
218,0,218,False,10
314,0,314,False,11
79,0,79,False,19
1262,1,1261,True,721
212,0,212,False,8
211,0,211,False,7
106,0,106,False,14
634,0,634,False,104
989,0,989,False,251
464,0,464,False,127
359,0,359,False,46
39,0,39,False,13
1218,0,1218,False,216
451,0,451,False,20
259,0,259,False,31
743,0,743,False,108
526,0,526,False,72
501,0,501,False,67
238,0,238,False,120
280,0,280,False,35
315,0,315,False,34
49,0,49,False,19
1290,0,1290,False,326
523,0,523,False,83
