n_obs_original,n_obs_efectivo,grupo_original,grupo_efectivo,cambia_de_grupo
1135,1135,>=1000,>=1000,False
730,730,500-999,500-999,False
663,663,500-999,500-999,False
259,259,250-499,250-499,False
703,703,500-999,500-999,False
733,733,500-999,500-999,False
827,827,500-999,500-999,False
304,304,250-499,250-499,False
2141,2141,>=1000,>=1000,False
48,48,<100,<100,False
492,492,250-499,250-499,False
312,312,250-499,250-499,False
243,243,100-249,100-249,False
212,212,100-249,100-249,False
93,93,<100,<100,False
858,858,500-999,500-999,False
42,42,<100,<100,False
270,270,250-499,250-499,False
1196,1196,>=1000,>=1000,False
121,121,100-249,100-249,False
2215,2215,>=1000,>=1000,False
203,203,100-249,100-249,False
446,446,250-499,250-499,False
50,50,<100,<100,False
413,413,250-499,250-499,False
537,537,500-999,500-999,False
1152,1152,>=1000,>=1000,False
305,305,250-499,250-499,False
1059,1059,>=1000,>=1000,False
461,461,250-499,250-499,False
912,912,500-999,500-999,False
971,971,500-999,500-999,False
167,167,100-249,100-249,False
635,635,500-999,500-999,False
269,269,250-499,250-499,False
566,566,500-999,500-999,False
616,616,500-999,500-999,False
251,251,250-499,250-499,False
624,624,500-999,500-999,False
715,715,500-999,500-999,False
300,300,250-499,250-499,False
223,223,100-249,100-249,False
822,822,500-999,500-999,False
266,266,250-499,250-499,False
410,410,250-499,250-499,False
319,319,250-499,250-499,False
511,511,500-999,500-999,False
63,63,<100,<100,False
319,319,250-499,250-499,False
205,205,100-249,100-249,False
630,630,500-999,500-999,False
748,748,500-999,500-999,False
286,286,250-499,250-499,False
84,84,<100,<100,False
265,265,250-499,250-499,False
350,350,250-499,250-499,False
257,257,250-499,250-499,False
82,82,<100,<100,False
213,213,100-249,100-249,False
263,263,250-499,250-499,False
622,622,500-999,500-999,False
326,326,250-499,250-499,False
602,602,500-999,500-999,False
280,280,250-499,250-499,False
188,188,100-249,100-249,False
616,616,500-999,500-999,False
20,20,<100,<100,False
195,195,100-249,100-249,False
523,523,500-999,500-999,False
729,729,500-999,500-999,False
271,271,250-499,250-499,False
1681,1681,>=1000,>=1000,False
390,390,250-499,250-499,False
589,589,500-999,500-999,False
987,987,500-999,500-999,False
45,45,<100,<100,False
1108,1108,>=1000,>=1000,False
485,485,250-499,250-499,False
741,741,500-999,500-999,False
463,463,250-499,250-499,False
1018,1018,>=1000,>=1000,False
314,314,250-499,250-499,False
215,215,100-249,100-249,False
298,298,250-499,250-499,False
1189,1189,>=1000,>=1000,False
244,244,100-249,100-249,False
318,318,250-499,250-499,False
365,365,250-499,250-499,False
346,346,250-499,250-499,False
500,500,500-999,500-999,False
1062,1062,>=1000,>=1000,False
796,796,500-999,500-999,False
567,567,500-999,500-999,False
280,280,250-499,250-499,False
643,643,500-999,500-999,False
198,198,100-249,100-249,False
457,457,250-499,250-499,False
317,317,250-499,250-499,False
1031,1031,>=1000,>=1000,False
282,282,250-499,250-499,False
359,359,250-499,250-499,False
141,141,100-249,100-249,False
251,251,250-499,250-499,False
398,398,250-499,250-499,False
273,273,250-499,250-499,False
303,303,250-499,250-499,False
49,49,<100,<100,False
807,807,500-999,500-999,False
651,651,500-999,500-999,False
596,596,500-999,500-999,False
195,195,100-249,100-249,False
72,72,<100,<100,False
584,584,500-999,500-999,False
278,278,250-499,250-499,False
39,39,<100,<100,False
281,281,250-499,250-499,False
358,358,250-499,250-499,False
1022,1022,>=1000,>=1000,False
44,44,<100,<100,False
560,560,500-999,500-999,False
1086,1086,>=1000,>=1000,False
279,279,250-499,250-499,False
598,598,500-999,500-999,False
1166,1166,>=1000,>=1000,False
352,352,250-499,250-499,False
353,353,250-499,250-499,False
1747,1747,>=1000,>=1000,False
157,157,100-249,100-249,False
312,312,250-499,250-499,False
612,612,500-999,500-999,False
217,217,100-249,100-249,False
230,230,100-249,100-249,False
464,464,250-499,250-499,False
833,833,500-999,500-999,False
758,758,500-999,500-999,False
244,244,100-249,100-249,False
847,847,500-999,500-999,False
225,225,100-249,100-249,False
433,433,250-499,250-499,False
361,361,250-499,250-499,False
350,350,250-499,250-499,False
619,619,500-999,500-999,False
463,463,250-499,250-499,False
277,277,250-499,250-499,False
547,547,500-999,500-999,False
945,945,500-999,500-999,False
31,31,<100,<100,False
430,430,250-499,250-499,False
445,445,250-499,250-499,False
153,153,100-249,100-249,False
241,241,100-249,100-249,False
631,631,500-999,500-999,False
143,143,100-249,100-249,False
485,485,250-499,250-499,False
1095,1095,>=1000,>=1000,False
143,143,100-249,100-249,False
239,239,100-249,100-249,False
236,236,100-249,100-249,False
77,77,<100,<100,False
155,155,100-249,100-249,False
786,786,500-999,500-999,False
156,156,100-249,100-249,False
569,569,500-999,500-999,False
136,136,100-249,100-249,False
860,860,500-999,500-999,False
817,817,500-999,500-999,False
771,771,500-999,500-999,False
45,45,<100,<100,False
550,550,500-999,500-999,False
189,189,100-249,100-249,False
366,366,250-499,250-499,False
318,318,250-499,250-499,False
926,926,500-999,500-999,False
440,440,250-499,250-499,False
2620,2619,>=1000,>=1000,False
351,351,250-499,250-499,False
342,342,250-499,250-499,False
479,479,250-499,250-499,False
938,938,500-999,500-999,False
255,255,250-499,250-499,False
223,223,100-249,100-249,False
773,773,500-999,500-999,False
341,341,250-499,250-499,False
69,69,<100,<100,False
557,557,500-999,500-999,False
492,492,250-499,250-499,False
587,587,500-999,500-999,False
337,337,250-499,250-499,False
664,664,500-999,500-999,False
306,306,250-499,250-499,False
709,709,500-999,500-999,False
892,892,500-999,500-999,False
898,898,500-999,500-999,False
525,525,500-999,500-999,False
209,209,100-249,100-249,False
51,51,<100,<100,False
682,682,500-999,500-999,False
813,813,500-999,500-999,False
912,912,500-999,500-999,False
592,592,500-999,500-999,False
704,704,500-999,500-999,False
120,120,100-249,100-249,False
141,141,100-249,100-249,False
370,370,250-499,250-499,False
588,588,500-999,500-999,False
855,855,500-999,500-999,False
144,144,100-249,100-249,False
629,629,500-999,500-999,False
288,288,250-499,250-499,False
664,664,500-999,500-999,False
143,143,100-249,100-249,False
946,946,500-999,500-999,False
561,561,500-999,500-999,False
337,337,250-499,250-499,False
647,647,500-999,500-999,False
439,439,250-499,250-499,False
618,617,500-999,500-999,False
467,467,250-499,250-499,False
1155,1155,>=1000,>=1000,False
953,953,500-999,500-999,False
560,560,500-999,500-999,False
52,52,<100,<100,False
680,680,500-999,500-999,False
534,534,500-999,500-999,False
296,296,250-499,250-499,False
582,582,500-999,500-999,False
472,472,250-499,250-499,False
116,116,100-249,100-249,False
148,148,100-249,100-249,False
276,276,250-499,250-499,False
628,628,500-999,500-999,False
302,302,250-499,250-499,False
401,401,250-499,250-499,False
1449,1449,>=1000,>=1000,False
306,306,250-499,250-499,False
691,691,500-999,500-999,False
351,351,250-499,250-499,False
77,77,<100,<100,False
205,205,100-249,100-249,False
368,368,250-499,250-499,False
336,336,250-499,250-499,False
36,36,<100,<100,False
395,395,250-499,250-499,False
376,376,250-499,250-499,False
57,57,<100,<100,False
256,256,250-499,250-499,False
94,94,<100,<100,False
453,453,250-499,250-499,False
291,291,250-499,250-499,False
355,355,250-499,250-499,False
462,462,250-499,250-499,False
202,202,100-249,100-249,False
369,369,250-499,250-499,False
953,953,500-999,500-999,False
1046,1046,>=1000,>=1000,False
249,249,100-249,100-249,False
567,567,500-999,500-999,False
894,892,500-999,500-999,False
380,380,250-499,250-499,False
417,417,250-499,250-499,False
436,436,250-499,250-499,False
326,326,250-499,250-499,False
444,444,250-499,250-499,False
81,81,<100,<100,False
270,270,250-499,250-499,False
552,552,500-999,500-999,False
271,271,250-499,250-499,False
152,152,100-249,100-249,False
264,264,250-499,250-499,False
292,292,250-499,250-499,False
877,877,500-999,500-999,False
813,813,500-999,500-999,False
777,777,500-999,500-999,False
234,234,100-249,100-249,False
618,618,500-999,500-999,False
1309,1309,>=1000,>=1000,False
427,427,250-499,250-499,False
223,223,100-249,100-249,False
477,477,250-499,250-499,False
756,756,500-999,500-999,False
148,148,100-249,100-249,False
980,980,500-999,500-999,False
185,185,100-249,100-249,False
409,409,250-499,250-499,False
582,582,500-999,500-999,False
595,595,500-999,500-999,False
693,693,500-999,500-999,False
462,462,250-499,250-499,False
135,135,100-249,100-249,False
1126,1126,>=1000,>=1000,False
213,213,100-249,100-249,False
554,554,500-999,500-999,False
685,685,500-999,500-999,False
329,328,250-499,250-499,False
119,119,100-249,100-249,False
425,425,250-499,250-499,False
563,563,500-999,500-999,False
394,394,250-499,250-499,False
337,337,250-499,250-499,False
95,95,<100,<100,False
215,215,100-249,100-249,False
398,398,250-499,250-499,False
714,714,500-999,500-999,False
472,472,250-499,250-499,False
589,589,500-999,500-999,False
360,360,250-499,250-499,False
1134,1134,>=1000,>=1000,False
1240,1240,>=1000,>=1000,False
52,52,<100,<100,False
205,205,100-249,100-249,False
929,929,500-999,500-999,False
75,75,<100,<100,False
323,323,250-499,250-499,False
2439,2439,>=1000,>=1000,False
934,934,500-999,500-999,False
230,230,100-249,100-249,False
52,52,<100,<100,False
51,51,<100,<100,False
390,390,250-499,250-499,False
579,579,500-999,500-999,False
62,62,<100,<100,False
453,453,250-499,250-499,False
273,273,250-499,250-499,False
559,559,500-999,500-999,False
46,46,<100,<100,False
612,612,500-999,500-999,False
642,642,500-999,500-999,False
593,593,500-999,500-999,False
457,457,250-499,250-499,False
1597,1597,>=1000,>=1000,False
589,589,500-999,500-999,False
218,218,100-249,100-249,False
505,505,500-999,500-999,False
450,450,250-499,250-499,False
258,258,250-499,250-499,False
670,670,500-999,500-999,False
1017,1017,>=1000,>=1000,False
357,357,250-499,250-499,False
358,358,250-499,250-499,False
369,369,250-499,250-499,False
208,208,100-249,100-249,False
65,65,<100,<100,False
878,878,500-999,500-999,False
37,37,<100,<100,False
174,174,100-249,100-249,False
465,465,250-499,250-499,False
367,367,250-499,250-499,False
324,324,250-499,250-499,False
265,265,250-499,250-499,False
495,495,250-499,250-499,False
79,79,<100,<100,False
215,215,100-249,100-249,False
452,452,250-499,250-499,False
257,257,250-499,250-499,False
1009,1009,>=1000,>=1000,False
1174,1174,>=1000,>=1000,False
1182,1182,>=1000,>=1000,False
1169,1169,>=1000,>=1000,False
628,628,500-999,500-999,False
1478,1478,>=1000,>=1000,False
639,639,500-999,500-999,False
526,526,500-999,500-999,False
359,359,250-499,250-499,False
199,199,100-249,100-249,False
518,518,500-999,500-999,False
360,360,250-499,250-499,False
685,685,500-999,500-999,False
48,48,<100,<100,False
92,92,<100,<100,False
374,374,250-499,250-499,False
456,456,250-499,250-499,False
620,620,500-999,500-999,False
977,977,500-999,500-999,False
662,662,500-999,500-999,False
696,696,500-999,500-999,False
171,171,100-249,100-249,False
1280,1280,>=1000,>=1000,False
134,134,100-249,100-249,False
423,423,250-499,250-499,False
140,140,100-249,100-249,False
87,87,<100,<100,False
489,489,250-499,250-499,False
1025,1025,>=1000,>=1000,False
667,667,500-999,500-999,False
51,51,<100,<100,False
1272,1272,>=1000,>=1000,False
52,52,<100,<100,False
268,268,250-499,250-499,False
334,334,250-499,250-499,False
797,797,500-999,500-999,False
568,568,500-999,500-999,False
1163,1163,>=1000,>=1000,False
674,674,500-999,500-999,False
828,828,500-999,500-999,False
276,276,250-499,250-499,False
386,386,250-499,250-499,False
692,692,500-999,500-999,False
97,97,<100,<100,False
47,47,<100,<100,False
158,158,100-249,100-249,False
378,378,250-499,250-499,False
640,640,500-999,500-999,False
580,580,500-999,500-999,False
1159,1159,>=1000,>=1000,False
1002,1002,>=1000,>=1000,False
124,124,100-249,100-249,False
429,429,250-499,250-499,False
503,503,500-999,500-999,False
520,520,500-999,500-999,False
579,579,500-999,500-999,False
327,327,250-499,250-499,False
966,966,500-999,500-999,False
770,770,500-999,500-999,False
265,265,250-499,250-499,False
1110,1110,>=1000,>=1000,False
1244,1244,>=1000,>=1000,False
1502,1502,>=1000,>=1000,False
449,449,250-499,250-499,False
288,288,250-499,250-499,False
406,406,250-499,250-499,False
573,573,500-999,500-999,False
110,110,100-249,100-249,False
248,248,100-249,100-249,False
251,251,250-499,250-499,False
339,339,250-499,250-499,False
316,316,250-499,250-499,False
72,72,<100,<100,False
815,815,500-999,500-999,False
500,500,500-999,500-999,False
678,678,500-999,500-999,False
339,339,250-499,250-499,False
260,260,250-499,250-499,False
1085,1085,>=1000,>=1000,False
291,291,250-499,250-499,False
590,590,500-999,500-999,False
162,162,100-249,100-249,False
532,532,500-999,500-999,False
373,373,250-499,250-499,False
53,53,<100,<100,False
474,474,250-499,250-499,False
636,636,500-999,500-999,False
1402,1402,>=1000,>=1000,False
814,814,500-999,500-999,False
209,209,100-249,100-249,False
116,116,100-249,100-249,False
339,339,250-499,250-499,False
809,809,500-999,500-999,False
377,377,250-499,250-499,False
849,849,500-999,500-999,False
127,127,100-249,100-249,False
578,578,500-999,500-999,False
507,507,500-999,500-999,False
750,750,500-999,500-999,False
386,386,250-499,250-499,False
225,225,100-249,100-249,False
447,447,250-499,250-499,False
1108,1108,>=1000,>=1000,False
379,379,250-499,250-499,False
272,272,250-499,250-499,False
401,401,250-499,250-499,False
2412,2412,>=1000,>=1000,False
860,860,500-999,500-999,False
154,154,100-249,100-249,False
39,39,<100,<100,False
678,678,500-999,500-999,False
50,50,<100,<100,False
493,493,250-499,250-499,False
424,424,250-499,250-499,False
376,376,250-499,250-499,False
172,172,100-249,100-249,False
287,287,250-499,250-499,False
724,724,500-999,500-999,False
302,302,250-499,250-499,False
1288,1288,>=1000,>=1000,False
595,595,500-999,500-999,False
721,721,500-999,500-999,False
327,327,250-499,250-499,False
1051,1051,>=1000,>=1000,False
231,231,100-249,100-249,False
641,641,500-999,500-999,False
1116,1116,>=1000,>=1000,False
156,156,100-249,100-249,False
540,540,500-999,500-999,False
1077,1077,>=1000,>=1000,False
165,163,100-249,100-249,False
1303,1303,>=1000,>=1000,False
739,739,500-999,500-999,False
959,959,500-999,500-999,False
596,596,500-999,500-999,False
844,844,500-999,500-999,False
107,107,100-249,100-249,False
572,572,500-999,500-999,False
1104,1104,>=1000,>=1000,False
531,531,500-999,500-999,False
1103,1103,>=1000,>=1000,False
277,277,250-499,250-499,False
694,694,500-999,500-999,False
251,251,250-499,250-499,False
845,845,500-999,500-999,False
72,72,<100,<100,False
275,275,250-499,250-499,False
190,190,100-249,100-249,False
499,499,250-499,250-499,False
165,165,100-249,100-249,False
341,341,250-499,250-499,False
537,537,500-999,500-999,False
854,854,500-999,500-999,False
275,275,250-499,250-499,False
351,351,250-499,250-499,False
320,320,250-499,250-499,False
231,231,100-249,100-249,False
1144,1144,>=1000,>=1000,False
466,466,250-499,250-499,False
201,201,100-249,100-249,False
334,334,250-499,250-499,False
449,449,250-499,250-499,False
206,206,100-249,100-249,False
227,227,100-249,100-249,False
489,489,250-499,250-499,False
416,416,250-499,250-499,False
1014,1014,>=1000,>=1000,False
269,269,250-499,250-499,False
524,524,500-999,500-999,False
978,978,500-999,500-999,False
384,384,250-499,250-499,False
721,721,500-999,500-999,False
694,694,500-999,500-999,False
278,278,250-499,250-499,False
994,994,500-999,500-999,False
48,48,<100,<100,False
310,310,250-499,250-499,False
579,579,500-999,500-999,False
353,353,250-499,250-499,False
457,457,250-499,250-499,False
251,251,250-499,250-499,False
664,664,500-999,500-999,False
330,330,250-499,250-499,False
407,407,250-499,250-499,False
216,216,100-249,100-249,False
218,218,100-249,100-249,False
520,520,500-999,500-999,False
641,641,500-999,500-999,False
1159,1159,>=1000,>=1000,False
392,392,250-499,250-499,False
467,467,250-499,250-499,False
382,382,250-499,250-499,False
1708,1708,>=1000,>=1000,False
266,266,250-499,250-499,False
1603,1603,>=1000,>=1000,False
321,321,250-499,250-499,False
279,279,250-499,250-499,False
524,524,500-999,500-999,False
633,633,500-999,500-999,False
90,90,<100,<100,False
80,80,<100,<100,False
261,261,250-499,250-499,False
311,311,250-499,250-499,False
1016,1016,>=1000,>=1000,False
395,395,250-499,250-499,False
1160,1160,>=1000,>=1000,False
227,227,100-249,100-249,False
325,325,250-499,250-499,False
1153,1153,>=1000,>=1000,False
313,313,250-499,250-499,False
342,342,250-499,250-499,False
270,270,250-499,250-499,False
233,233,100-249,100-249,False
693,693,500-999,500-999,False
464,464,250-499,250-499,False
103,103,100-249,100-249,False
354,354,250-499,250-499,False
108,108,100-249,100-249,False
493,493,250-499,250-499,False
259,259,250-499,250-499,False
683,683,500-999,500-999,False
809,809,500-999,500-999,False
1193,1193,>=1000,>=1000,False
400,400,250-499,250-499,False
550,550,500-999,500-999,False
546,546,500-999,500-999,False
105,105,100-249,100-249,False
1379,1379,>=1000,>=1000,False
44,44,<100,<100,False
1058,1058,>=1000,>=1000,False
119,119,100-249,100-249,False
344,344,250-499,250-499,False
338,338,250-499,250-499,False
296,296,250-499,250-499,False
253,253,250-499,250-499,False
408,408,250-499,250-499,False
966,966,500-999,500-999,False
397,397,250-499,250-499,False
1158,1158,>=1000,>=1000,False
877,877,500-999,500-999,False
653,653,500-999,500-999,False
452,452,250-499,250-499,False
658,658,500-999,500-999,False
38,38,<100,<100,False
391,391,250-499,250-499,False
366,366,250-499,250-499,False
1060,1060,>=1000,>=1000,False
982,982,500-999,500-999,False
693,693,500-999,500-999,False
378,378,250-499,250-499,False
596,596,500-999,500-999,False
30,30,<100,<100,False
53,53,<100,<100,False
514,514,500-999,500-999,False
371,371,250-499,250-499,False
138,138,100-249,100-249,False
1503,1503,>=1000,>=1000,False
694,694,500-999,500-999,False
447,447,250-499,250-499,False
467,467,250-499,250-499,False
463,463,250-499,250-499,False
358,358,250-499,250-499,False
583,583,500-999,500-999,False
352,352,250-499,250-499,False
585,585,500-999,500-999,False
122,122,100-249,100-249,False
533,533,500-999,500-999,False
214,214,100-249,100-249,False
327,327,250-499,250-499,False
557,557,500-999,500-999,False
757,757,500-999,500-999,False
69,69,<100,<100,False
151,151,100-249,100-249,False
376,376,250-499,250-499,False
550,550,500-999,500-999,False
486,486,250-499,250-499,False
58,58,<100,<100,False
1149,1149,>=1000,>=1000,False
596,596,500-999,500-999,False
365,365,250-499,250-499,False
249,249,100-249,100-249,False
746,746,500-999,500-999,False
396,396,250-499,250-499,False
302,302,250-499,250-499,False
748,748,500-999,500-999,False
870,870,500-999,500-999,False
159,159,100-249,100-249,False
2163,2163,>=1000,>=1000,False
471,471,250-499,250-499,False
78,78,<100,<100,False
610,610,500-999,500-999,False
400,400,250-499,250-499,False
716,716,500-999,500-999,False
248,248,100-249,100-249,False
645,645,500-999,500-999,False
450,450,250-499,250-499,False
48,48,<100,<100,False
400,400,250-499,250-499,False
53,53,<100,<100,False
326,326,250-499,250-499,False
1011,1011,>=1000,>=1000,False
338,338,250-499,250-499,False
45,45,<100,<100,False
428,428,250-499,250-499,False
618,618,500-999,500-999,False
404,404,250-499,250-499,False
895,895,500-999,500-999,False
163,163,100-249,100-249,False
1004,1004,>=1000,>=1000,False
275,275,250-499,250-499,False
404,404,250-499,250-499,False
330,330,250-499,250-499,False
1232,1232,>=1000,>=1000,False
314,314,250-499,250-499,False
125,125,100-249,100-249,False
1368,1368,>=1000,>=1000,False
202,202,100-249,100-249,False
662,662,500-999,500-999,False
604,604,500-999,500-999,False
726,726,500-999,500-999,False
792,792,500-999,500-999,False
53,53,<100,<100,False
50,50,<100,<100,False
228,228,100-249,100-249,False
466,466,250-499,250-499,False
203,203,100-249,100-249,False
1862,1862,>=1000,>=1000,False
291,291,250-499,250-499,False
1601,1601,>=1000,>=1000,False
538,538,500-999,500-999,False
599,599,500-999,500-999,False
435,435,250-499,250-499,False
1149,1149,>=1000,>=1000,False
2318,2318,>=1000,>=1000,False
65,65,<100,<100,False
49,49,<100,<100,False
668,668,500-999,500-999,False
40,40,<100,<100,False
648,648,500-999,500-999,False
1254,1254,>=1000,>=1000,False
592,592,500-999,500-999,False
135,135,100-249,100-249,False
47,47,<100,<100,False
397,397,250-499,250-499,False
258,258,250-499,250-499,False
250,250,250-499,250-499,False
566,566,500-999,500-999,False
384,384,250-499,250-499,False
618,618,500-999,500-999,False
286,286,250-499,250-499,False
530,530,500-999,500-999,False
342,342,250-499,250-499,False
861,861,500-999,500-999,False
252,252,250-499,250-499,False
48,48,<100,<100,False
1816,1816,>=1000,>=1000,False
603,603,500-999,500-999,False
191,191,100-249,100-249,False
256,256,250-499,250-499,False
352,352,250-499,250-499,False
199,199,100-249,100-249,False
581,581,500-999,500-999,False
397,397,250-499,250-499,False
38,38,<100,<100,False
1226,1226,>=1000,>=1000,False
542,542,500-999,500-999,False
1087,1087,>=1000,>=1000,False
481,481,250-499,250-499,False
72,72,<100,<100,False
233,233,100-249,100-249,False
253,253,250-499,250-499,False
719,719,500-999,500-999,False
424,424,250-499,250-499,False
751,751,500-999,500-999,False
631,631,500-999,500-999,False
466,466,250-499,250-499,False
1003,1003,>=1000,>=1000,False
70,70,<100,<100,False
41,41,<100,<100,False
576,576,500-999,500-999,False
565,565,500-999,500-999,False
363,363,250-499,250-499,False
292,292,250-499,250-499,False
271,271,250-499,250-499,False
44,44,<100,<100,False
444,444,250-499,250-499,False
515,515,500-999,500-999,False
400,400,250-499,250-499,False
391,391,250-499,250-499,False
637,637,500-999,500-999,False
935,935,500-999,500-999,False
1036,1036,>=1000,>=1000,False
44,44,<100,<100,False
438,438,250-499,250-499,False
1425,1425,>=1000,>=1000,False
371,371,250-499,250-499,False
254,254,250-499,250-499,False
216,216,100-249,100-249,False
76,76,<100,<100,False
377,377,250-499,250-499,False
526,526,500-999,500-999,False
177,177,100-249,100-249,False
469,469,250-499,250-499,False
284,284,250-499,250-499,False
790,790,500-999,500-999,False
477,477,250-499,250-499,False
649,649,500-999,500-999,False
292,292,250-499,250-499,False
294,294,250-499,250-499,False
735,735,500-999,500-999,False
40,40,<100,<100,False
69,69,<100,<100,False
798,798,500-999,500-999,False
392,392,250-499,250-499,False
533,533,500-999,500-999,False
499,499,250-499,250-499,False
177,177,100-249,100-249,False
270,270,250-499,250-499,False
1137,1137,>=1000,>=1000,False
125,125,100-249,100-249,False
453,453,250-499,250-499,False
812,812,500-999,500-999,False
793,793,500-999,500-999,False
2168,2168,>=1000,>=1000,False
86,86,<100,<100,False
227,227,100-249,100-249,False
1378,1378,>=1000,>=1000,False
416,416,250-499,250-499,False
281,281,250-499,250-499,False
1955,1955,>=1000,>=1000,False
531,531,500-999,500-999,False
147,147,100-249,100-249,False
341,341,250-499,250-499,False
859,859,500-999,500-999,False
602,602,500-999,500-999,False
325,325,250-499,250-499,False
353,353,250-499,250-499,False
1145,1145,>=1000,>=1000,False
1961,1961,>=1000,>=1000,False
1051,1051,>=1000,>=1000,False
47,47,<100,<100,False
1085,1085,>=1000,>=1000,False
213,213,100-249,100-249,False
301,301,250-499,250-499,False
640,640,500-999,500-999,False
355,355,250-499,250-499,False
641,641,500-999,500-999,False
795,795,500-999,500-999,False
308,308,250-499,250-499,False
542,542,500-999,500-999,False
1491,1491,>=1000,>=1000,False
761,761,500-999,500-999,False
303,303,250-499,250-499,False
107,107,100-249,100-249,False
988,988,500-999,500-999,False
494,494,250-499,250-499,False
642,642,500-999,500-999,False
708,708,500-999,500-999,False
235,235,100-249,100-249,False
1009,1009,>=1000,>=1000,False
322,322,250-499,250-499,False
1042,1042,>=1000,>=1000,False
566,566,500-999,500-999,False
1105,1105,>=1000,>=1000,False
284,284,250-499,250-499,False
674,674,500-999,500-999,False
2295,2295,>=1000,>=1000,False
341,341,250-499,250-499,False
472,472,250-499,250-499,False
461,461,250-499,250-499,False
370,370,250-499,250-499,False
1418,1418,>=1000,>=1000,False
1243,1243,>=1000,>=1000,False
1189,1189,>=1000,>=1000,False
962,962,500-999,500-999,False
688,688,500-999,500-999,False
292,292,250-499,250-499,False
143,143,100-249,100-249,False
24,24,<100,<100,False
117,117,100-249,100-249,False
93,93,<100,<100,False
703,703,500-999,500-999,False
494,494,250-499,250-499,False
307,307,250-499,250-499,False
141,141,100-249,100-249,False
786,786,500-999,500-999,False
756,756,500-999,500-999,False
1075,1074,>=1000,>=1000,False
599,599,500-999,500-999,False
446,446,250-499,250-499,False
651,651,500-999,500-999,False
51,51,<100,<100,False
539,539,500-999,500-999,False
1345,1345,>=1000,>=1000,False
410,410,250-499,250-499,False
568,568,500-999,500-999,False
981,981,500-999,500-999,False
1226,1226,>=1000,>=1000,False
50,50,<100,<100,False
55,55,<100,<100,False
862,862,500-999,500-999,False
323,323,250-499,250-499,False
170,170,100-249,100-249,False
495,495,250-499,250-499,False
354,354,250-499,250-499,False
173,173,100-249,100-249,False
1504,1504,>=1000,>=1000,False
530,530,500-999,500-999,False
670,670,500-999,500-999,False
49,49,<100,<100,False
302,302,250-499,250-499,False
11,11,<100,<100,False
200,200,100-249,100-249,False
142,142,100-249,100-249,False
113,113,100-249,100-249,False
122,122,100-249,100-249,False
542,542,500-999,500-999,False
140,140,100-249,100-249,False
603,603,500-999,500-999,False
472,472,250-499,250-499,False
310,310,250-499,250-499,False
502,501,500-999,500-999,False
285,285,250-499,250-499,False
470,470,250-499,250-499,False
782,782,500-999,500-999,False
897,897,500-999,500-999,False
336,336,250-499,250-499,False
782,782,500-999,500-999,False
1052,1052,>=1000,>=1000,False
326,325,250-499,250-499,False
410,410,250-499,250-499,False
173,173,100-249,100-249,False
496,496,250-499,250-499,False
395,395,250-499,250-499,False
45,45,<100,<100,False
661,661,500-999,500-999,False
291,291,250-499,250-499,False
314,314,250-499,250-499,False
1268,1268,>=1000,>=1000,False
712,712,500-999,500-999,False
593,593,500-999,500-999,False
364,364,250-499,250-499,False
1305,1305,>=1000,>=1000,False
1411,1411,>=1000,>=1000,False
1078,1078,>=1000,>=1000,False
1053,1053,>=1000,>=1000,False
437,437,250-499,250-499,False
1023,1023,>=1000,>=1000,False
122,122,100-249,100-249,False
435,435,250-499,250-499,False
964,964,500-999,500-999,False
252,252,250-499,250-499,False
75,75,<100,<100,False
80,80,<100,<100,False
284,284,250-499,250-499,False
310,310,250-499,250-499,False
408,408,250-499,250-499,False
47,47,<100,<100,False
664,664,500-999,500-999,False
422,422,250-499,250-499,False
309,309,250-499,250-499,False
53,53,<100,<100,False
301,301,250-499,250-499,False
1054,1053,>=1000,>=1000,False
174,174,100-249,100-249,False
753,753,500-999,500-999,False
1164,1164,>=1000,>=1000,False
780,780,500-999,500-999,False
1253,1253,>=1000,>=1000,False
308,308,250-499,250-499,False
2195,2195,>=1000,>=1000,False
271,271,250-499,250-499,False
863,863,500-999,500-999,False
286,286,250-499,250-499,False
780,780,500-999,500-999,False
89,89,<100,<100,False
724,724,500-999,500-999,False
372,372,250-499,250-499,False
459,459,250-499,250-499,False
493,493,250-499,250-499,False
400,399,250-499,250-499,False
394,394,250-499,250-499,False
305,305,250-499,250-499,False
569,569,500-999,500-999,False
713,713,500-999,500-999,False
311,311,250-499,250-499,False
672,672,500-999,500-999,False
677,677,500-999,500-999,False
958,958,500-999,500-999,False
308,308,250-499,250-499,False
585,585,500-999,500-999,False
583,583,500-999,500-999,False
322,322,250-499,250-499,False
644,644,500-999,500-999,False
1216,1216,>=1000,>=1000,False
802,802,500-999,500-999,False
185,185,100-249,100-249,False
35,35,<100,<100,False
752,752,500-999,500-999,False
239,239,100-249,100-249,False
785,785,500-999,500-999,False
42,42,<100,<100,False
1799,1799,>=1000,>=1000,False
392,392,250-499,250-499,False
1148,1148,>=1000,>=1000,False
1280,1280,>=1000,>=1000,False
1334,1334,>=1000,>=1000,False
174,174,100-249,100-249,False
451,451,250-499,250-499,False
320,320,250-499,250-499,False
300,300,250-499,250-499,False
595,595,500-999,500-999,False
48,48,<100,<100,False
1152,1152,>=1000,>=1000,False
757,757,500-999,500-999,False
775,775,500-999,500-999,False
80,80,<100,<100,False
164,164,100-249,100-249,False
590,590,500-999,500-999,False
37,37,<100,<100,False
747,747,500-999,500-999,False
261,261,250-499,250-499,False
1292,1292,>=1000,>=1000,False
421,421,250-499,250-499,False
437,437,250-499,250-499,False
714,714,500-999,500-999,False
594,594,500-999,500-999,False
46,46,<100,<100,False
46,46,<100,<100,False
94,94,<100,<100,False
297,297,250-499,250-499,False
1263,1263,>=1000,>=1000,False
76,76,<100,<100,False
133,133,100-249,100-249,False
1015,1015,>=1000,>=1000,False
285,285,250-499,250-499,False
593,593,500-999,500-999,False
1496,1495,>=1000,>=1000,False
503,503,500-999,500-999,False
297,297,250-499,250-499,False
286,286,250-499,250-499,False
1155,1155,>=1000,>=1000,False
78,78,<100,<100,False
698,698,500-999,500-999,False
109,109,100-249,100-249,False
938,938,500-999,500-999,False
285,285,250-499,250-499,False
463,463,250-499,250-499,False
403,403,250-499,250-499,False
589,589,500-999,500-999,False
401,401,250-499,250-499,False
341,341,250-499,250-499,False
33,33,<100,<100,False
31,31,<100,<100,False
258,258,250-499,250-499,False
1067,1067,>=1000,>=1000,False
1013,1013,>=1000,>=1000,False
278,278,250-499,250-499,False
463,463,250-499,250-499,False
1022,1022,>=1000,>=1000,False
682,682,500-999,500-999,False
47,47,<100,<100,False
43,43,<100,<100,False
134,134,100-249,100-249,False
127,127,100-249,100-249,False
539,539,500-999,500-999,False
718,718,500-999,500-999,False
335,335,250-499,250-499,False
426,426,250-499,250-499,False
287,287,250-499,250-499,False
341,341,250-499,250-499,False
222,222,100-249,100-249,False
790,790,500-999,500-999,False
1212,1212,>=1000,>=1000,False
227,227,100-249,100-249,False
147,147,100-249,100-249,False
705,705,500-999,500-999,False
588,588,500-999,500-999,False
984,984,500-999,500-999,False
81,81,<100,<100,False
1309,1309,>=1000,>=1000,False
416,416,250-499,250-499,False
776,776,500-999,500-999,False
438,438,250-499,250-499,False
46,46,<100,<100,False
278,278,250-499,250-499,False
1298,1298,>=1000,>=1000,False
326,326,250-499,250-499,False
678,678,500-999,500-999,False
524,524,500-999,500-999,False
547,547,500-999,500-999,False
347,347,250-499,250-499,False
53,53,<100,<100,False
67,67,<100,<100,False
453,453,250-499,250-499,False
801,801,500-999,500-999,False
1129,1129,>=1000,>=1000,False
514,514,500-999,500-999,False
678,678,500-999,500-999,False
299,299,250-499,250-499,False
208,208,100-249,100-249,False
898,898,500-999,500-999,False
563,563,500-999,500-999,False
630,630,500-999,500-999,False
1086,1086,>=1000,>=1000,False
1482,1482,>=1000,>=1000,False
515,515,500-999,500-999,False
56,56,<100,<100,False
225,225,100-249,100-249,False
729,729,500-999,500-999,False
710,710,500-999,500-999,False
1095,1095,>=1000,>=1000,False
522,522,500-999,500-999,False
579,579,500-999,500-999,False
687,687,500-999,500-999,False
47,47,<100,<100,False
757,757,500-999,500-999,False
1085,1085,>=1000,>=1000,False
761,761,500-999,500-999,False
147,147,100-249,100-249,False
463,463,250-499,250-499,False
653,653,500-999,500-999,False
241,241,100-249,100-249,False
53,53,<100,<100,False
1225,1225,>=1000,>=1000,False
1174,1174,>=1000,>=1000,False
204,204,100-249,100-249,False
542,542,500-999,500-999,False
438,438,250-499,250-499,False
115,115,100-249,100-249,False
420,420,250-499,250-499,False
698,698,500-999,500-999,False
580,580,500-999,500-999,False
273,273,250-499,250-499,False
173,173,100-249,100-249,False
1226,1226,>=1000,>=1000,False
880,880,500-999,500-999,False
315,315,250-499,250-499,False
411,411,250-499,250-499,False
223,223,100-249,100-249,False
409,409,250-499,250-499,False
518,518,500-999,500-999,False
520,520,500-999,500-999,False
653,653,500-999,500-999,False
602,602,500-999,500-999,False
331,331,250-499,250-499,False
50,50,<100,<100,False
332,332,250-499,250-499,False
94,94,<100,<100,False
636,636,500-999,500-999,False
312,312,250-499,250-499,False
91,91,<100,<100,False
643,643,500-999,500-999,False
352,352,250-499,250-499,False
734,733,500-999,500-999,False
695,695,500-999,500-999,False
396,396,250-499,250-499,False
426,426,250-499,250-499,False
296,296,250-499,250-499,False
348,348,250-499,250-499,False
699,699,500-999,500-999,False
378,378,250-499,250-499,False
472,472,250-499,250-499,False
801,801,500-999,500-999,False
1060,1060,>=1000,>=1000,False
1149,1149,>=1000,>=1000,False
318,318,250-499,250-499,False
265,265,250-499,250-499,False
77,77,<100,<100,False
368,368,250-499,250-499,False
644,644,500-999,500-999,False
753,753,500-999,500-999,False
268,268,250-499,250-499,False
654,654,500-999,500-999,False
50,50,<100,<100,False
197,197,100-249,100-249,False
910,910,500-999,500-999,False
304,304,250-499,250-499,False
481,481,250-499,250-499,False
284,284,250-499,250-499,False
286,286,250-499,250-499,False
944,944,500-999,500-999,False
1651,1651,>=1000,>=1000,False
1258,1258,>=1000,>=1000,False
712,712,500-999,500-999,False
516,516,500-999,500-999,False
208,208,100-249,100-249,False
456,456,250-499,250-499,False
634,634,500-999,500-999,False
155,155,100-249,100-249,False
315,315,250-499,250-499,False
633,633,500-999,500-999,False
472,472,250-499,250-499,False
439,439,250-499,250-499,False
304,304,250-499,250-499,False
191,191,100-249,100-249,False
621,621,500-999,500-999,False
409,409,250-499,250-499,False
1178,1178,>=1000,>=1000,False
968,968,500-999,500-999,False
229,229,100-249,100-249,False
94,94,<100,<100,False
81,81,<100,<100,False
281,281,250-499,250-499,False
1109,1109,>=1000,>=1000,False
77,77,<100,<100,False
212,212,100-249,100-249,False
471,471,250-499,250-499,False
887,887,500-999,500-999,False
449,449,250-499,250-499,False
1047,1047,>=1000,>=1000,False
1209,1209,>=1000,>=1000,False
1152,1152,>=1000,>=1000,False
128,128,100-249,100-249,False
204,204,100-249,100-249,False
688,688,500-999,500-999,False
467,467,250-499,250-499,False
605,605,500-999,500-999,False
339,339,250-499,250-499,False
435,435,250-499,250-499,False
477,477,250-499,250-499,False
1060,1060,>=1000,>=1000,False
976,976,500-999,500-999,False
213,213,100-249,100-249,False
559,559,500-999,500-999,False
219,219,100-249,100-249,False
467,467,250-499,250-499,False
523,523,500-999,500-999,False
322,322,250-499,250-499,False
269,269,250-499,250-499,False
689,689,500-999,500-999,False
863,863,500-999,500-999,False
325,325,250-499,250-499,False
657,657,500-999,500-999,False
118,118,100-249,100-249,False
308,308,250-499,250-499,False
392,392,250-499,250-499,False
724,724,500-999,500-999,False
354,354,250-499,250-499,False
95,95,<100,<100,False
37,37,<100,<100,False
622,622,500-999,500-999,False
359,359,250-499,250-499,False
590,590,500-999,500-999,False
437,437,250-499,250-499,False
655,655,500-999,500-999,False
212,212,100-249,100-249,False
292,292,250-499,250-499,False
78,78,<100,<100,False
708,708,500-999,500-999,False
156,156,100-249,100-249,False
12,12,<100,<100,False
403,403,250-499,250-499,False
557,557,500-999,500-999,False
441,441,250-499,250-499,False
740,740,500-999,500-999,False
343,343,250-499,250-499,False
145,145,100-249,100-249,False
352,352,250-499,250-499,False
372,372,250-499,250-499,False
831,831,500-999,500-999,False
392,392,250-499,250-499,False
787,787,500-999,500-999,False
474,474,250-499,250-499,False
207,207,100-249,100-249,False
156,156,100-249,100-249,False
282,282,250-499,250-499,False
1218,1218,>=1000,>=1000,False
288,288,250-499,250-499,False
492,492,250-499,250-499,False
1509,1509,>=1000,>=1000,False
578,578,500-999,500-999,False
145,145,100-249,100-249,False
142,142,100-249,100-249,False
292,292,250-499,250-499,False
214,214,100-249,100-249,False
406,406,250-499,250-499,False
547,547,500-999,500-999,False
930,930,500-999,500-999,False
548,548,500-999,500-999,False
672,672,500-999,500-999,False
565,565,500-999,500-999,False
2169,2169,>=1000,>=1000,False
86,86,<100,<100,False
70,70,<100,<100,False
219,219,100-249,100-249,False
1135,1135,>=1000,>=1000,False
522,522,500-999,500-999,False
333,333,250-499,250-499,False
911,911,500-999,500-999,False
505,505,500-999,500-999,False
680,680,500-999,500-999,False
479,479,250-499,250-499,False
1153,1153,>=1000,>=1000,False
1158,1158,>=1000,>=1000,False
907,907,500-999,500-999,False
1010,1010,>=1000,>=1000,False
278,278,250-499,250-499,False
466,466,250-499,250-499,False
467,467,250-499,250-499,False
1052,1052,>=1000,>=1000,False
437,437,250-499,250-499,False
569,569,500-999,500-999,False
380,380,250-499,250-499,False
258,258,250-499,250-499,False
699,699,500-999,500-999,False
1012,1012,>=1000,>=1000,False
466,466,250-499,250-499,False
184,184,100-249,100-249,False
82,82,<100,<100,False
727,727,500-999,500-999,False
226,226,100-249,100-249,False
298,298,250-499,250-499,False
631,631,500-999,500-999,False
40,40,<100,<100,False
218,218,100-249,100-249,False
202,202,100-249,100-249,False
162,162,100-249,100-249,False
57,57,<100,<100,False
75,75,<100,<100,False
1311,1311,>=1000,>=1000,False
45,45,<100,<100,False
784,784,500-999,500-999,False
383,383,250-499,250-499,False
1158,1158,>=1000,>=1000,False
212,212,100-249,100-249,False
336,335,250-499,250-499,False
37,37,<100,<100,False
653,653,500-999,500-999,False
220,220,100-249,100-249,False
48,48,<100,<100,False
486,486,250-499,250-499,False
643,643,500-999,500-999,False
172,172,100-249,100-249,False
1349,1349,>=1000,>=1000,False
456,456,250-499,250-499,False
308,308,250-499,250-499,False
451,451,250-499,250-499,False
189,189,100-249,100-249,False
309,309,250-499,250-499,False
294,294,250-499,250-499,False
32,32,<100,<100,False
33,33,<100,<100,False
632,632,500-999,500-999,False
893,893,500-999,500-999,False
202,202,100-249,100-249,False
64,64,<100,<100,False
168,168,100-249,100-249,False
192,192,100-249,100-249,False
334,334,250-499,250-499,False
633,633,500-999,500-999,False
668,668,500-999,500-999,False
1061,1061,>=1000,>=1000,False
490,490,250-499,250-499,False
471,471,250-499,250-499,False
390,390,250-499,250-499,False
518,518,500-999,500-999,False
742,742,500-999,500-999,False
249,249,100-249,100-249,False
2276,2276,>=1000,>=1000,False
297,297,250-499,250-499,False
854,854,500-999,500-999,False
331,331,250-499,250-499,False
154,154,100-249,100-249,False
167,167,100-249,100-249,False
1856,1856,>=1000,>=1000,False
739,739,500-999,500-999,False
79,79,<100,<100,False
1434,1434,>=1000,>=1000,False
642,642,500-999,500-999,False
648,648,500-999,500-999,False
391,391,250-499,250-499,False
600,600,500-999,500-999,False
786,786,500-999,500-999,False
928,928,500-999,500-999,False
36,36,<100,<100,False
704,704,500-999,500-999,False
803,803,500-999,500-999,False
643,643,500-999,500-999,False
176,176,100-249,100-249,False
172,172,100-249,100-249,False
613,613,500-999,500-999,False
167,167,100-249,100-249,False
271,271,250-499,250-499,False
1041,1041,>=1000,>=1000,False
385,385,250-499,250-499,False
679,679,500-999,500-999,False
262,262,250-499,250-499,False
613,613,500-999,500-999,False
353,353,250-499,250-499,False
598,598,500-999,500-999,False
331,331,250-499,250-499,False
624,624,500-999,500-999,False
325,325,250-499,250-499,False
45,45,<100,<100,False
249,249,100-249,100-249,False
434,434,250-499,250-499,False
662,662,500-999,500-999,False
149,149,100-249,100-249,False
210,210,100-249,100-249,False
1164,1164,>=1000,>=1000,False
239,239,100-249,100-249,False
604,604,500-999,500-999,False
412,412,250-499,250-499,False
613,613,500-999,500-999,False
391,391,250-499,250-499,False
766,766,500-999,500-999,False
521,521,500-999,500-999,False
434,434,250-499,250-499,False
485,485,250-499,250-499,False
1102,1102,>=1000,>=1000,False
398,398,250-499,250-499,False
1065,1065,>=1000,>=1000,False
626,626,500-999,500-999,False
300,300,250-499,250-499,False
401,401,250-499,250-499,False
294,293,250-499,250-499,False
51,51,<100,<100,False
137,137,100-249,100-249,False
52,52,<100,<100,False
551,551,500-999,500-999,False
272,272,250-499,250-499,False
84,84,<100,<100,False
145,145,100-249,100-249,False
666,666,500-999,500-999,False
454,454,250-499,250-499,False
570,570,500-999,500-999,False
479,479,250-499,250-499,False
962,962,500-999,500-999,False
254,254,250-499,250-499,False
361,361,250-499,250-499,False
67,67,<100,<100,False
1488,1488,>=1000,>=1000,False
802,802,500-999,500-999,False
536,536,500-999,500-999,False
998,998,500-999,500-999,False
231,231,100-249,100-249,False
92,92,<100,<100,False
617,617,500-999,500-999,False
419,419,250-499,250-499,False
389,389,250-499,250-499,False
1107,1107,>=1000,>=1000,False
323,323,250-499,250-499,False
234,234,100-249,100-249,False
275,275,250-499,250-499,False
76,76,<100,<100,False
307,307,250-499,250-499,False
1137,1137,>=1000,>=1000,False
928,928,500-999,500-999,False
47,47,<100,<100,False
114,114,100-249,100-249,False
1051,1051,>=1000,>=1000,False
47,47,<100,<100,False
275,275,250-499,250-499,False
254,254,250-499,250-499,False
297,297,250-499,250-499,False
688,688,500-999,500-999,False
349,349,250-499,250-499,False
1170,1170,>=1000,>=1000,False
205,205,100-249,100-249,False
214,214,100-249,100-249,False
64,64,<100,<100,False
485,485,250-499,250-499,False
1115,1115,>=1000,>=1000,False
54,54,<100,<100,False
418,418,250-499,250-499,False
277,277,250-499,250-499,False
437,437,250-499,250-499,False
596,596,500-999,500-999,False
55,55,<100,<100,False
688,688,500-999,500-999,False
218,218,100-249,100-249,False
251,251,250-499,250-499,False
153,153,100-249,100-249,False
43,43,<100,<100,False
416,416,250-499,250-499,False
474,474,250-499,250-499,False
658,658,500-999,500-999,False
676,676,500-999,500-999,False
1007,1007,>=1000,>=1000,False
627,627,500-999,500-999,False
465,465,250-499,250-499,False
262,262,250-499,250-499,False
473,473,250-499,250-499,False
170,170,100-249,100-249,False
1143,1143,>=1000,>=1000,False
212,212,100-249,100-249,False
128,128,100-249,100-249,False
170,170,100-249,100-249,False
893,893,500-999,500-999,False
107,107,100-249,100-249,False
522,522,500-999,500-999,False
499,499,250-499,250-499,False
362,362,250-499,250-499,False
275,275,250-499,250-499,False
845,845,500-999,500-999,False
1131,1131,>=1000,>=1000,False
365,365,250-499,250-499,False
78,78,<100,<100,False
33,33,<100,<100,False
695,695,500-999,500-999,False
181,181,100-249,100-249,False
1522,1522,>=1000,>=1000,False
410,410,250-499,250-499,False
218,218,100-249,100-249,False
102,102,100-249,100-249,False
759,759,500-999,500-999,False
481,481,250-499,250-499,False
205,205,100-249,100-249,False
519,519,500-999,500-999,False
83,83,<100,<100,False
598,598,500-999,500-999,False
489,489,250-499,250-499,False
159,159,100-249,100-249,False
272,272,250-499,250-499,False
502,502,500-999,500-999,False
2244,2244,>=1000,>=1000,False
130,130,100-249,100-249,False
970,970,500-999,500-999,False
465,465,250-499,250-499,False
225,225,100-249,100-249,False
521,521,500-999,500-999,False
782,782,500-999,500-999,False
123,123,100-249,100-249,False
795,795,500-999,500-999,False
589,589,500-999,500-999,False
249,249,100-249,100-249,False
634,634,500-999,500-999,False
708,708,500-999,500-999,False
328,328,250-499,250-499,False
80,80,<100,<100,False
38,38,<100,<100,False
283,283,250-499,250-499,False
425,425,250-499,250-499,False
382,382,250-499,250-499,False
211,211,100-249,100-249,False
279,279,250-499,250-499,False
1423,1423,>=1000,>=1000,False
187,187,100-249,100-249,False
276,276,250-499,250-499,False
671,671,500-999,500-999,False
165,165,100-249,100-249,False
455,455,250-499,250-499,False
309,309,250-499,250-499,False
179,179,100-249,100-249,False
1589,1589,>=1000,>=1000,False
280,280,250-499,250-499,False
544,544,500-999,500-999,False
217,217,100-249,100-249,False
453,453,250-499,250-499,False
214,214,100-249,100-249,False
270,270,250-499,250-499,False
426,426,250-499,250-499,False
802,802,500-999,500-999,False
419,419,250-499,250-499,False
102,102,100-249,100-249,False
236,236,100-249,100-249,False
814,814,500-999,500-999,False
186,186,100-249,100-249,False
340,340,250-499,250-499,False
185,185,100-249,100-249,False
230,230,100-249,100-249,False
947,947,500-999,500-999,False
158,158,100-249,100-249,False
561,561,500-999,500-999,False
71,71,<100,<100,False
290,290,250-499,250-499,False
461,461,250-499,250-499,False
402,402,250-499,250-499,False
540,540,500-999,500-999,False
2417,2417,>=1000,>=1000,False
888,888,500-999,500-999,False
726,726,500-999,500-999,False
584,584,500-999,500-999,False
1202,1202,>=1000,>=1000,False
1328,1328,>=1000,>=1000,False
326,326,250-499,250-499,False
301,301,250-499,250-499,False
440,440,250-499,250-499,False
138,138,100-249,100-249,False
389,389,250-499,250-499,False
631,631,500-999,500-999,False
1025,1025,>=1000,>=1000,False
42,42,<100,<100,False
1627,1627,>=1000,>=1000,False
324,324,250-499,250-499,False
311,311,250-499,250-499,False
719,719,500-999,500-999,False
1021,1021,>=1000,>=1000,False
87,87,<100,<100,False
233,233,100-249,100-249,False
160,159,100-249,100-249,False
410,410,250-499,250-499,False
677,677,500-999,500-999,False
515,515,500-999,500-999,False
39,39,<100,<100,False
349,349,250-499,250-499,False
439,439,250-499,250-499,False
506,506,500-999,500-999,False
123,123,100-249,100-249,False
1957,1957,>=1000,>=1000,False
187,187,100-249,100-249,False
825,825,500-999,500-999,False
1055,1055,>=1000,>=1000,False
183,183,100-249,100-249,False
474,474,250-499,250-499,False
646,646,500-999,500-999,False
247,247,100-249,100-249,False
391,391,250-499,250-499,False
318,318,250-499,250-499,False
198,198,100-249,100-249,False
960,960,500-999,500-999,False
646,646,500-999,500-999,False
407,407,250-499,250-499,False
292,292,250-499,250-499,False
882,882,500-999,500-999,False
839,839,500-999,500-999,False
841,841,500-999,500-999,False
721,721,500-999,500-999,False
301,301,250-499,250-499,False
321,321,250-499,250-499,False
392,392,250-499,250-499,False
661,661,500-999,500-999,False
177,177,100-249,100-249,False
1133,1133,>=1000,>=1000,False
258,258,250-499,250-499,False
886,886,500-999,500-999,False
41,41,<100,<100,False
224,224,100-249,100-249,False
601,601,500-999,500-999,False
1241,1241,>=1000,>=1000,False
524,524,500-999,500-999,False
493,493,250-499,250-499,False
108,108,100-249,100-249,False
413,413,250-499,250-499,False
81,81,<100,<100,False
292,292,250-499,250-499,False
428,427,250-499,250-499,False
1376,1376,>=1000,>=1000,False
620,620,500-999,500-999,False
281,281,250-499,250-499,False
96,96,<100,<100,False
764,764,500-999,500-999,False
205,205,100-249,100-249,False
555,555,500-999,500-999,False
142,142,100-249,100-249,False
463,463,250-499,250-499,False
53,53,<100,<100,False
195,195,100-249,100-249,False
528,528,500-999,500-999,False
592,592,500-999,500-999,False
556,556,500-999,500-999,False
389,389,250-499,250-499,False
478,478,250-499,250-499,False
563,563,500-999,500-999,False
897,897,500-999,500-999,False
975,975,500-999,500-999,False
1021,1021,>=1000,>=1000,False
1121,1121,>=1000,>=1000,False
587,587,500-999,500-999,False
442,442,250-499,250-499,False
232,232,100-249,100-249,False
342,342,250-499,250-499,False
222,222,100-249,100-249,False
700,700,500-999,500-999,False
1097,1097,>=1000,>=1000,False
322,322,250-499,250-499,False
73,73,<100,<100,False
356,356,250-499,250-499,False
144,144,100-249,100-249,False
110,110,100-249,100-249,False
274,274,250-499,250-499,False
404,404,250-499,250-499,False
521,521,500-999,500-999,False
77,77,<100,<100,False
47,47,<100,<100,False
149,149,100-249,100-249,False
72,72,<100,<100,False
166,166,100-249,100-249,False
386,385,250-499,250-499,False
1010,1010,>=1000,>=1000,False
340,340,250-499,250-499,False
718,718,500-999,500-999,False
368,368,250-499,250-499,False
697,697,500-999,500-999,False
559,559,500-999,500-999,False
360,360,250-499,250-499,False
569,569,500-999,500-999,False
1162,1162,>=1000,>=1000,False
537,537,500-999,500-999,False
250,250,250-499,250-499,False
642,642,500-999,500-999,False
61,61,<100,<100,False
121,121,100-249,100-249,False
491,491,250-499,250-499,False
612,612,500-999,500-999,False
101,101,100-249,100-249,False
503,503,500-999,500-999,False
695,695,500-999,500-999,False
581,581,500-999,500-999,False
534,534,500-999,500-999,False
265,265,250-499,250-499,False
273,273,250-499,250-499,False
259,259,250-499,250-499,False
419,419,250-499,250-499,False
377,377,250-499,250-499,False
1260,1259,>=1000,>=1000,False
512,512,500-999,500-999,False
1117,1117,>=1000,>=1000,False
159,159,100-249,100-249,False
646,646,500-999,500-999,False
546,546,500-999,500-999,False
45,45,<100,<100,False
469,469,250-499,250-499,False
135,135,100-249,100-249,False
691,691,500-999,500-999,False
461,461,250-499,250-499,False
260,260,250-499,250-499,False
222,222,100-249,100-249,False
347,347,250-499,250-499,False
633,633,500-999,500-999,False
336,336,250-499,250-499,False
226,226,100-249,100-249,False
608,608,500-999,500-999,False
801,801,500-999,500-999,False
424,424,250-499,250-499,False
413,413,250-499,250-499,False
425,425,250-499,250-499,False
60,60,<100,<100,False
293,293,250-499,250-499,False
856,856,500-999,500-999,False
566,566,500-999,500-999,False
292,292,250-499,250-499,False
775,775,500-999,500-999,False
594,594,500-999,500-999,False
1087,1087,>=1000,>=1000,False
586,586,500-999,500-999,False
717,717,500-999,500-999,False
1161,1161,>=1000,>=1000,False
923,923,500-999,500-999,False
32,32,<100,<100,False
71,71,<100,<100,False
2844,2844,>=1000,>=1000,False
53,53,<100,<100,False
296,296,250-499,250-499,False
1242,1242,>=1000,>=1000,False
609,609,500-999,500-999,False
694,694,500-999,500-999,False
904,904,500-999,500-999,False
624,624,500-999,500-999,False
700,700,500-999,500-999,False
42,42,<100,<100,False
147,147,100-249,100-249,False
666,666,500-999,500-999,False
326,326,250-499,250-499,False
833,833,500-999,500-999,False
241,241,100-249,100-249,False
258,258,250-499,250-499,False
619,619,500-999,500-999,False
45,45,<100,<100,False
3282,3282,>=1000,>=1000,False
138,138,100-249,100-249,False
359,359,250-499,250-499,False
560,560,500-999,500-999,False
30,30,<100,<100,False
31,31,<100,<100,False
628,628,500-999,500-999,False
561,561,500-999,500-999,False
201,201,100-249,100-249,False
324,324,250-499,250-499,False
1124,1123,>=1000,>=1000,False
265,265,250-499,250-499,False
478,478,250-499,250-499,False
407,407,250-499,250-499,False
816,816,500-999,500-999,False
341,341,250-499,250-499,False
630,630,500-999,500-999,False
507,507,500-999,500-999,False
668,668,500-999,500-999,False
1016,1016,>=1000,>=1000,False
496,496,250-499,250-499,False
885,885,500-999,500-999,False
276,276,250-499,250-499,False
1354,1354,>=1000,>=1000,False
174,174,100-249,100-249,False
380,380,250-499,250-499,False
865,865,500-999,500-999,False
626,626,500-999,500-999,False
355,355,250-499,250-499,False
914,914,500-999,500-999,False
887,887,500-999,500-999,False
179,179,100-249,100-249,False
395,395,250-499,250-499,False
51,51,<100,<100,False
641,641,500-999,500-999,False
538,538,500-999,500-999,False
1009,1009,>=1000,>=1000,False
1490,1490,>=1000,>=1000,False
695,695,500-999,500-999,False
212,212,100-249,100-249,False
130,130,100-249,100-249,False
269,269,250-499,250-499,False
122,122,100-249,100-249,False
669,669,500-999,500-999,False
625,625,500-999,500-999,False
516,516,500-999,500-999,False
680,680,500-999,500-999,False
340,340,250-499,250-499,False
783,783,500-999,500-999,False
606,606,500-999,500-999,False
1154,1154,>=1000,>=1000,False
1176,1176,>=1000,>=1000,False
1724,1724,>=1000,>=1000,False
585,585,500-999,500-999,False
520,520,500-999,500-999,False
804,804,500-999,500-999,False
616,616,500-999,500-999,False
300,300,250-499,250-499,False
459,459,250-499,250-499,False
77,77,<100,<100,False
689,689,500-999,500-999,False
231,231,100-249,100-249,False
167,167,100-249,100-249,False
78,78,<100,<100,False
363,363,250-499,250-499,False
1333,1333,>=1000,>=1000,False
840,840,500-999,500-999,False
152,152,100-249,100-249,False
346,346,250-499,250-499,False
36,36,<100,<100,False
452,452,250-499,250-499,False
1048,1048,>=1000,>=1000,False
468,468,250-499,250-499,False
258,258,250-499,250-499,False
581,581,500-999,500-999,False
1326,1326,>=1000,>=1000,False
81,81,<100,<100,False
199,199,100-249,100-249,False
997,997,500-999,500-999,False
587,587,500-999,500-999,False
186,186,100-249,100-249,False
186,186,100-249,100-249,False
77,77,<100,<100,False
752,752,500-999,500-999,False
1151,1151,>=1000,>=1000,False
710,710,500-999,500-999,False
493,493,250-499,250-499,False
290,290,250-499,250-499,False
268,268,250-499,250-499,False
1149,1149,>=1000,>=1000,False
1073,1073,>=1000,>=1000,False
54,54,<100,<100,False
376,375,250-499,250-499,False
465,465,250-499,250-499,False
721,721,500-999,500-999,False
474,474,250-499,250-499,False
565,565,500-999,500-999,False
976,976,500-999,500-999,False
311,311,250-499,250-499,False
71,71,<100,<100,False
664,664,500-999,500-999,False
358,358,250-499,250-499,False
1204,1204,>=1000,>=1000,False
664,664,500-999,500-999,False
673,673,500-999,500-999,False
576,576,500-999,500-999,False
241,241,100-249,100-249,False
299,299,250-499,250-499,False
510,510,500-999,500-999,False
37,37,<100,<100,False
810,810,500-999,500-999,False
297,297,250-499,250-499,False
1480,1480,>=1000,>=1000,False
207,207,100-249,100-249,False
324,324,250-499,250-499,False
67,67,<100,<100,False
52,52,<100,<100,False
122,122,100-249,100-249,False
315,315,250-499,250-499,False
1934,1934,>=1000,>=1000,False
876,876,500-999,500-999,False
474,474,250-499,250-499,False
216,216,100-249,100-249,False
751,751,500-999,500-999,False
111,111,100-249,100-249,False
265,265,250-499,250-499,False
515,515,500-999,500-999,False
312,312,250-499,250-499,False
257,257,250-499,250-499,False
906,906,500-999,500-999,False
183,183,100-249,100-249,False
1296,1296,>=1000,>=1000,False
367,367,250-499,250-499,False
546,546,500-999,500-999,False
931,931,500-999,500-999,False
1170,1170,>=1000,>=1000,False
129,129,100-249,100-249,False
866,866,500-999,500-999,False
168,168,100-249,100-249,False
74,74,<100,<100,False
642,642,500-999,500-999,False
775,775,500-999,500-999,False
349,349,250-499,250-499,False
642,642,500-999,500-999,False
535,535,500-999,500-999,False
1160,1160,>=1000,>=1000,False
1272,1272,>=1000,>=1000,False
214,214,100-249,100-249,False
495,495,250-499,250-499,False
357,357,250-499,250-499,False
1461,1461,>=1000,>=1000,False
222,222,100-249,100-249,False
548,548,500-999,500-999,False
357,357,250-499,250-499,False
630,630,500-999,500-999,False
1340,1340,>=1000,>=1000,False
596,596,500-999,500-999,False
479,479,250-499,250-499,False
396,396,250-499,250-499,False
359,359,250-499,250-499,False
702,702,500-999,500-999,False
568,568,500-999,500-999,False
684,684,500-999,500-999,False
487,487,250-499,250-499,False
674,674,500-999,500-999,False
579,579,500-999,500-999,False
716,716,500-999,500-999,False
377,377,250-499,250-499,False
908,908,500-999,500-999,False
294,294,250-499,250-499,False
184,184,100-249,100-249,False
79,79,<100,<100,False
492,492,250-499,250-499,False
525,525,500-999,500-999,False
856,856,500-999,500-999,False
462,462,250-499,250-499,False
757,757,500-999,500-999,False
978,978,500-999,500-999,False
380,380,250-499,250-499,False
463,463,250-499,250-499,False
1033,1033,>=1000,>=1000,False
504,504,500-999,500-999,False
736,736,500-999,500-999,False
533,533,500-999,500-999,False
160,160,100-249,100-249,False
43,43,<100,<100,False
283,283,250-499,250-499,False
281,281,250-499,250-499,False
301,301,250-499,250-499,False
1300,1300,>=1000,>=1000,False
658,658,500-999,500-999,False
732,732,500-999,500-999,False
124,124,100-249,100-249,False
269,269,250-499,250-499,False
464,463,250-499,250-499,False
645,645,500-999,500-999,False
344,344,250-499,250-499,False
2356,2356,>=1000,>=1000,False
528,528,500-999,500-999,False
602,602,500-999,500-999,False
263,263,250-499,250-499,False
56,56,<100,<100,False
848,848,500-999,500-999,False
579,579,500-999,500-999,False
473,473,250-499,250-499,False
35,35,<100,<100,False
70,70,<100,<100,False
43,43,<100,<100,False
589,589,500-999,500-999,False
779,779,500-999,500-999,False
43,43,<100,<100,False
505,505,500-999,500-999,False
46,46,<100,<100,False
368,368,250-499,250-499,False
526,526,500-999,500-999,False
473,473,250-499,250-499,False
723,723,500-999,500-999,False
615,615,500-999,500-999,False
419,419,250-499,250-499,False
542,542,500-999,500-999,False
627,627,500-999,500-999,False
1514,1514,>=1000,>=1000,False
1659,1659,>=1000,>=1000,False
450,450,250-499,250-499,False
126,126,100-249,100-249,False
201,201,100-249,100-249,False
998,998,500-999,500-999,False
297,297,250-499,250-499,False
33,33,<100,<100,False
57,57,<100,<100,False
266,266,250-499,250-499,False
219,219,100-249,100-249,False
934,934,500-999,500-999,False
124,124,100-249,100-249,False
462,462,250-499,250-499,False
410,410,250-499,250-499,False
282,282,250-499,250-499,False
279,279,250-499,250-499,False
561,561,500-999,500-999,False
145,145,100-249,100-249,False
307,307,250-499,250-499,False
380,380,250-499,250-499,False
553,553,500-999,500-999,False
290,290,250-499,250-499,False
93,93,<100,<100,False
538,538,500-999,500-999,False
693,693,500-999,500-999,False
286,286,250-499,250-499,False
375,375,250-499,250-499,False
1188,1188,>=1000,>=1000,False
2128,2128,>=1000,>=1000,False
474,474,250-499,250-499,False
1417,1417,>=1000,>=1000,False
441,441,250-499,250-499,False
303,303,250-499,250-499,False
536,536,500-999,500-999,False
47,47,<100,<100,False
686,686,500-999,500-999,False
554,554,500-999,500-999,False
430,430,250-499,250-499,False
861,861,500-999,500-999,False
164,164,100-249,100-249,False
399,399,250-499,250-499,False
164,164,100-249,100-249,False
255,255,250-499,250-499,False
782,782,500-999,500-999,False
869,869,500-999,500-999,False
446,446,250-499,250-499,False
49,49,<100,<100,False
240,239,100-249,100-249,False
325,325,250-499,250-499,False
691,691,500-999,500-999,False
166,166,100-249,100-249,False
409,409,250-499,250-499,False
741,741,500-999,500-999,False
45,45,<100,<100,False
1325,1325,>=1000,>=1000,False
1105,1105,>=1000,>=1000,False
299,299,250-499,250-499,False
101,101,100-249,100-249,False
520,520,500-999,500-999,False
1221,1221,>=1000,>=1000,False
777,777,500-999,500-999,False
2274,2274,>=1000,>=1000,False
1344,1344,>=1000,>=1000,False
644,644,500-999,500-999,False
252,252,250-499,250-499,False
1014,1014,>=1000,>=1000,False
44,44,<100,<100,False
547,547,500-999,500-999,False
37,37,<100,<100,False
282,282,250-499,250-499,False
331,331,250-499,250-499,False
69,69,<100,<100,False
667,667,500-999,500-999,False
313,313,250-499,250-499,False
689,689,500-999,500-999,False
715,715,500-999,500-999,False
313,313,250-499,250-499,False
664,664,500-999,500-999,False
385,385,250-499,250-499,False
1216,1216,>=1000,>=1000,False
286,286,250-499,250-499,False
159,159,100-249,100-249,False
454,454,250-499,250-499,False
853,853,500-999,500-999,False
291,291,250-499,250-499,False
173,173,100-249,100-249,False
502,502,500-999,500-999,False
188,188,100-249,100-249,False
64,64,<100,<100,False
139,139,100-249,100-249,False
643,643,500-999,500-999,False
294,294,250-499,250-499,False
2239,2239,>=1000,>=1000,False
273,273,250-499,250-499,False
829,829,500-999,500-999,False
551,551,500-999,500-999,False
209,209,100-249,100-249,False
1064,1064,>=1000,>=1000,False
34,34,<100,<100,False
48,48,<100,<100,False
654,654,500-999,500-999,False
377,377,250-499,250-499,False
330,330,250-499,250-499,False
455,455,250-499,250-499,False
994,994,500-999,500-999,False
71,71,<100,<100,False
575,575,500-999,500-999,False
378,378,250-499,250-499,False
521,521,500-999,500-999,False
763,763,500-999,500-999,False
384,384,250-499,250-499,False
373,373,250-499,250-499,False
1344,1344,>=1000,>=1000,False
1424,1424,>=1000,>=1000,False
629,629,500-999,500-999,False
585,585,500-999,500-999,False
54,54,<100,<100,False
601,601,500-999,500-999,False
213,213,100-249,100-249,False
250,250,250-499,250-499,False
189,189,100-249,100-249,False
99,99,<100,<100,False
395,395,250-499,250-499,False
425,425,250-499,250-499,False
1263,1263,>=1000,>=1000,False
834,834,500-999,500-999,False
35,35,<100,<100,False
1019,1019,>=1000,>=1000,False
1050,1050,>=1000,>=1000,False
1040,1040,>=1000,>=1000,False
1232,1232,>=1000,>=1000,False
1281,1281,>=1000,>=1000,False
679,679,500-999,500-999,False
608,608,500-999,500-999,False
1072,1072,>=1000,>=1000,False
1428,1428,>=1000,>=1000,False
554,554,500-999,500-999,False
228,228,100-249,100-249,False
770,770,500-999,500-999,False
666,666,500-999,500-999,False
533,533,500-999,500-999,False
72,72,<100,<100,False
190,190,100-249,100-249,False
385,385,250-499,250-499,False
164,164,100-249,100-249,False
479,479,250-499,250-499,False
987,987,500-999,500-999,False
424,424,250-499,250-499,False
1230,1230,>=1000,>=1000,False
621,621,500-999,500-999,False
1236,1236,>=1000,>=1000,False
398,398,250-499,250-499,False
294,294,250-499,250-499,False
392,392,250-499,250-499,False
493,493,250-499,250-499,False
1314,1314,>=1000,>=1000,False
166,166,100-249,100-249,False
89,89,<100,<100,False
720,720,500-999,500-999,False
1296,1296,>=1000,>=1000,False
1053,1053,>=1000,>=1000,False
681,681,500-999,500-999,False
414,414,250-499,250-499,False
61,61,<100,<100,False
1954,1953,>=1000,>=1000,False
293,293,250-499,250-499,False
170,170,100-249,100-249,False
214,214,100-249,100-249,False
991,991,500-999,500-999,False
1045,1045,>=1000,>=1000,False
474,474,250-499,250-499,False
627,627,500-999,500-999,False
837,837,500-999,500-999,False
578,578,500-999,500-999,False
606,606,500-999,500-999,False
504,504,500-999,500-999,False
324,324,250-499,250-499,False
444,444,250-499,250-499,False
90,90,<100,<100,False
356,356,250-499,250-499,False
723,723,500-999,500-999,False
1249,1249,>=1000,>=1000,False
264,264,250-499,250-499,False
54,54,<100,<100,False
143,143,100-249,100-249,False
435,435,250-499,250-499,False
721,721,500-999,500-999,False
393,393,250-499,250-499,False
617,617,500-999,500-999,False
367,367,250-499,250-499,False
412,412,250-499,250-499,False
740,740,500-999,500-999,False
637,637,500-999,500-999,False
547,547,500-999,500-999,False
1257,1257,>=1000,>=1000,False
1290,1290,>=1000,>=1000,False
368,368,250-499,250-499,False
791,791,500-999,500-999,False
377,377,250-499,250-499,False
1004,1004,>=1000,>=1000,False
1144,1144,>=1000,>=1000,False
331,331,250-499,250-499,False
248,248,100-249,100-249,False
640,640,500-999,500-999,False
580,580,500-999,500-999,False
61,61,<100,<100,False
170,170,100-249,100-249,False
433,433,250-499,250-499,False
308,308,250-499,250-499,False
740,740,500-999,500-999,False
769,769,500-999,500-999,False
58,58,<100,<100,False
179,179,100-249,100-249,False
368,368,250-499,250-499,False
251,251,250-499,250-499,False
431,431,250-499,250-499,False
617,617,500-999,500-999,False
471,471,250-499,250-499,False
614,614,500-999,500-999,False
1310,1310,>=1000,>=1000,False
53,53,<100,<100,False
1626,1626,>=1000,>=1000,False
47,47,<100,<100,False
1019,1019,>=1000,>=1000,False
563,563,500-999,500-999,False
1366,1365,>=1000,>=1000,False
696,696,500-999,500-999,False
540,540,500-999,500-999,False
732,732,500-999,500-999,False
448,448,250-499,250-499,False
368,368,250-499,250-499,False
159,159,100-249,100-249,False
705,705,500-999,500-999,False
161,161,100-249,100-249,False
732,732,500-999,500-999,False
942,942,500-999,500-999,False
965,965,500-999,500-999,False
253,253,250-499,250-499,False
726,726,500-999,500-999,False
171,171,100-249,100-249,False
846,846,500-999,500-999,False
32,32,<100,<100,False
1434,1434,>=1000,>=1000,False
573,573,500-999,500-999,False
191,191,100-249,100-249,False
353,353,250-499,250-499,False
569,569,500-999,500-999,False
339,339,250-499,250-499,False
472,472,250-499,250-499,False
171,171,100-249,100-249,False
39,39,<100,<100,False
1085,1085,>=1000,>=1000,False
1126,1126,>=1000,>=1000,False
351,351,250-499,250-499,False
256,256,250-499,250-499,False
542,542,500-999,500-999,False
1206,1206,>=1000,>=1000,False
33,33,<100,<100,False
595,595,500-999,500-999,False
255,255,250-499,250-499,False
438,438,250-499,250-499,False
63,63,<100,<100,False
1068,1068,>=1000,>=1000,False
83,83,<100,<100,False
352,352,250-499,250-499,False
282,282,250-499,250-499,False
308,308,250-499,250-499,False
892,892,500-999,500-999,False
347,347,250-499,250-499,False
54,54,<100,<100,False
293,293,250-499,250-499,False
282,282,250-499,250-499,False
693,693,500-999,500-999,False
721,721,500-999,500-999,False
468,468,250-499,250-499,False
278,278,250-499,250-499,False
442,442,250-499,250-499,False
510,510,500-999,500-999,False
932,932,500-999,500-999,False
250,250,250-499,250-499,False
486,486,250-499,250-499,False
311,311,250-499,250-499,False
639,639,500-999,500-999,False
592,592,500-999,500-999,False
35,35,<100,<100,False
384,384,250-499,250-499,False
642,642,500-999,500-999,False
389,389,250-499,250-499,False
586,586,500-999,500-999,False
844,844,500-999,500-999,False
125,125,100-249,100-249,False
641,641,500-999,500-999,False
484,484,250-499,250-499,False
1085,1085,>=1000,>=1000,False
522,522,500-999,500-999,False
1204,1204,>=1000,>=1000,False
601,601,500-999,500-999,False
45,45,<100,<100,False
90,90,<100,<100,False
86,86,<100,<100,False
306,306,250-499,250-499,False
321,321,250-499,250-499,False
193,193,100-249,100-249,False
280,280,250-499,250-499,False
632,632,500-999,500-999,False
144,144,100-249,100-249,False
407,407,250-499,250-499,False
364,364,250-499,250-499,False
254,254,250-499,250-499,False
1061,1061,>=1000,>=1000,False
2238,2238,>=1000,>=1000,False
1100,1100,>=1000,>=1000,False
462,462,250-499,250-499,False
1092,1092,>=1000,>=1000,False
639,639,500-999,500-999,False
352,352,250-499,250-499,False
388,388,250-499,250-499,False
132,132,100-249,100-249,False
340,340,250-499,250-499,False
296,296,250-499,250-499,False
1079,1079,>=1000,>=1000,False
463,463,250-499,250-499,False
392,392,250-499,250-499,False
599,599,500-999,500-999,False
309,309,250-499,250-499,False
371,371,250-499,250-499,False
256,256,250-499,250-499,False
458,458,250-499,250-499,False
25,25,<100,<100,False
119,119,100-249,100-249,False
718,718,500-999,500-999,False
1142,1142,>=1000,>=1000,False
714,714,500-999,500-999,False
182,182,100-249,100-249,False
70,70,<100,<100,False
124,124,100-249,100-249,False
391,391,250-499,250-499,False
650,650,500-999,500-999,False
200,200,100-249,100-249,False
1507,1507,>=1000,>=1000,False
271,271,250-499,250-499,False
720,720,500-999,500-999,False
330,330,250-499,250-499,False
602,602,500-999,500-999,False
170,170,100-249,100-249,False
417,417,250-499,250-499,False
44,44,<100,<100,False
60,59,<100,<100,False
78,78,<100,<100,False
1156,1156,>=1000,>=1000,False
485,485,250-499,250-499,False
473,473,250-499,250-499,False
508,508,500-999,500-999,False
229,229,100-249,100-249,False
550,550,500-999,500-999,False
533,533,500-999,500-999,False
325,325,250-499,250-499,False
719,719,500-999,500-999,False
557,557,500-999,500-999,False
292,292,250-499,250-499,False
394,394,250-499,250-499,False
243,243,100-249,100-249,False
476,476,250-499,250-499,False
1108,1108,>=1000,>=1000,False
1559,1559,>=1000,>=1000,False
742,742,500-999,500-999,False
445,445,250-499,250-499,False
282,282,250-499,250-499,False
214,214,100-249,100-249,False
432,432,250-499,250-499,False
472,472,250-499,250-499,False
384,384,250-499,250-499,False
417,417,250-499,250-499,False
306,306,250-499,250-499,False
152,152,100-249,100-249,False
330,330,250-499,250-499,False
1037,1037,>=1000,>=1000,False
989,989,500-999,500-999,False
229,229,100-249,100-249,False
46,46,<100,<100,False
849,849,500-999,500-999,False
219,219,100-249,100-249,False
91,91,<100,<100,False
47,47,<100,<100,False
225,225,100-249,100-249,False
312,312,250-499,250-499,False
606,606,500-999,500-999,False
283,283,250-499,250-499,False
548,548,500-999,500-999,False
478,478,250-499,250-499,False
42,42,<100,<100,False
224,224,100-249,100-249,False
353,353,250-499,250-499,False
1041,1041,>=1000,>=1000,False
1008,1008,>=1000,>=1000,False
286,286,250-499,250-499,False
272,272,250-499,250-499,False
419,419,250-499,250-499,False
392,392,250-499,250-499,False
301,301,250-499,250-499,False
303,303,250-499,250-499,False
885,885,500-999,500-999,False
467,467,250-499,250-499,False
1231,1231,>=1000,>=1000,False
238,238,100-249,100-249,False
155,155,100-249,100-249,False
212,212,100-249,100-249,False
943,943,500-999,500-999,False
788,788,500-999,500-999,False
1089,1089,>=1000,>=1000,False
968,968,500-999,500-999,False
619,619,500-999,500-999,False
332,332,250-499,250-499,False
361,361,250-499,250-499,False
758,758,500-999,500-999,False
169,169,100-249,100-249,False
511,511,500-999,500-999,False
315,315,250-499,250-499,False
1166,1166,>=1000,>=1000,False
866,866,500-999,500-999,False
1134,1134,>=1000,>=1000,False
689,689,500-999,500-999,False
918,918,500-999,500-999,False
461,461,250-499,250-499,False
319,319,250-499,250-499,False
2267,2267,>=1000,>=1000,False
468,468,250-499,250-499,False
293,293,250-499,250-499,False
239,239,100-249,100-249,False
166,166,100-249,100-249,False
352,352,250-499,250-499,False
312,312,250-499,250-499,False
1384,1384,>=1000,>=1000,False
251,251,250-499,250-499,False
417,417,250-499,250-499,False
44,44,<100,<100,False
672,672,500-999,500-999,False
726,726,500-999,500-999,False
1114,1114,>=1000,>=1000,False
611,611,500-999,500-999,False
1004,1004,>=1000,>=1000,False
65,65,<100,<100,False
309,309,250-499,250-499,False
162,162,100-249,100-249,False
764,764,500-999,500-999,False
83,83,<100,<100,False
106,106,100-249,100-249,False
465,465,250-499,250-499,False
249,249,100-249,100-249,False
121,121,100-249,100-249,False
45,45,<100,<100,False
435,435,250-499,250-499,False
407,407,250-499,250-499,False
485,485,250-499,250-499,False
1006,1006,>=1000,>=1000,False
536,536,500-999,500-999,False
256,256,250-499,250-499,False
512,512,500-999,500-999,False
568,567,500-999,500-999,False
200,200,100-249,100-249,False
857,857,500-999,500-999,False
856,856,500-999,500-999,False
461,461,250-499,250-499,False
234,234,100-249,100-249,False
1473,1473,>=1000,>=1000,False
131,131,100-249,100-249,False
462,462,250-499,250-499,False
647,647,500-999,500-999,False
187,187,100-249,100-249,False
222,222,100-249,100-249,False
687,687,500-999,500-999,False
258,258,250-499,250-499,False
277,277,250-499,250-499,False
502,502,500-999,500-999,False
148,148,100-249,100-249,False
796,796,500-999,500-999,False
298,298,250-499,250-499,False
218,218,100-249,100-249,False
884,884,500-999,500-999,False
481,481,250-499,250-499,False
578,578,500-999,500-999,False
1863,1863,>=1000,>=1000,False
293,293,250-499,250-499,False
327,327,250-499,250-499,False
305,305,250-499,250-499,False
1184,1184,>=1000,>=1000,False
374,373,250-499,250-499,False
259,259,250-499,250-499,False
473,473,250-499,250-499,False
147,147,100-249,100-249,False
190,190,100-249,100-249,False
404,404,250-499,250-499,False
332,332,250-499,250-499,False
1168,1168,>=1000,>=1000,False
200,200,100-249,100-249,False
342,342,250-499,250-499,False
157,157,100-249,100-249,False
767,767,500-999,500-999,False
590,590,500-999,500-999,False
173,173,100-249,100-249,False
371,371,250-499,250-499,False
144,144,100-249,100-249,False
440,440,250-499,250-499,False
52,52,<100,<100,False
656,656,500-999,500-999,False
648,648,500-999,500-999,False
47,47,<100,<100,False
1338,1338,>=1000,>=1000,False
1632,1632,>=1000,>=1000,False
249,249,100-249,100-249,False
272,272,250-499,250-499,False
172,172,100-249,100-249,False
249,249,100-249,100-249,False
756,756,500-999,500-999,False
209,209,100-249,100-249,False
800,800,500-999,500-999,False
713,713,500-999,500-999,False
254,254,250-499,250-499,False
415,415,250-499,250-499,False
279,279,250-499,250-499,False
591,591,500-999,500-999,False
842,842,500-999,500-999,False
370,370,250-499,250-499,False
41,41,<100,<100,False
563,563,500-999,500-999,False
140,140,100-249,100-249,False
1146,1146,>=1000,>=1000,False
214,214,100-249,100-249,False
650,650,500-999,500-999,False
306,306,250-499,250-499,False
967,967,500-999,500-999,False
231,231,100-249,100-249,False
1147,1147,>=1000,>=1000,False
227,227,100-249,100-249,False
354,354,250-499,250-499,False
333,333,250-499,250-499,False
435,435,250-499,250-499,False
108,108,100-249,100-249,False
582,582,500-999,500-999,False
1340,1340,>=1000,>=1000,False
674,674,500-999,500-999,False
972,972,500-999,500-999,False
611,611,500-999,500-999,False
57,57,<100,<100,False
1311,1311,>=1000,>=1000,False
465,465,250-499,250-499,False
325,325,250-499,250-499,False
833,833,500-999,500-999,False
80,80,<100,<100,False
405,405,250-499,250-499,False
724,724,500-999,500-999,False
656,656,500-999,500-999,False
188,188,100-249,100-249,False
146,146,100-249,100-249,False
254,254,250-499,250-499,False
368,368,250-499,250-499,False
416,416,250-499,250-499,False
459,459,250-499,250-499,False
780,780,500-999,500-999,False
522,522,500-999,500-999,False
155,155,100-249,100-249,False
49,49,<100,<100,False
479,479,250-499,250-499,False
427,427,250-499,250-499,False
313,313,250-499,250-499,False
375,375,250-499,250-499,False
51,51,<100,<100,False
356,356,250-499,250-499,False
629,629,500-999,500-999,False
67,67,<100,<100,False
486,486,250-499,250-499,False
701,701,500-999,500-999,False
1858,1857,>=1000,>=1000,False
2341,2341,>=1000,>=1000,False
34,34,<100,<100,False
702,702,500-999,500-999,False
479,479,250-499,250-499,False
471,471,250-499,250-499,False
687,687,500-999,500-999,False
395,395,250-499,250-499,False
433,433,250-499,250-499,False
526,526,500-999,500-999,False
1148,1148,>=1000,>=1000,False
138,138,100-249,100-249,False
485,485,250-499,250-499,False
49,49,<100,<100,False
349,349,250-499,250-499,False
552,552,500-999,500-999,False
412,412,250-499,250-499,False
866,866,500-999,500-999,False
685,685,500-999,500-999,False
349,349,250-499,250-499,False
62,62,<100,<100,False
646,646,500-999,500-999,False
804,804,500-999,500-999,False
284,284,250-499,250-499,False
123,123,100-249,100-249,False
499,499,250-499,250-499,False
687,687,500-999,500-999,False
218,218,100-249,100-249,False
354,354,250-499,250-499,False
265,265,250-499,250-499,False
45,45,<100,<100,False
281,281,250-499,250-499,False
797,797,500-999,500-999,False
387,387,250-499,250-499,False
3726,3725,>=1000,>=1000,False
1255,1255,>=1000,>=1000,False
280,280,250-499,250-499,False
224,224,100-249,100-249,False
532,532,500-999,500-999,False
459,459,250-499,250-499,False
277,277,250-499,250-499,False
257,257,250-499,250-499,False
579,579,500-999,500-999,False
310,310,250-499,250-499,False
160,160,100-249,100-249,False
488,488,250-499,250-499,False
566,566,500-999,500-999,False
635,635,500-999,500-999,False
360,360,250-499,250-499,False
621,621,500-999,500-999,False
343,343,250-499,250-499,False
55,55,<100,<100,False
595,595,500-999,500-999,False
1028,1028,>=1000,>=1000,False
396,396,250-499,250-499,False
1139,1139,>=1000,>=1000,False
598,598,500-999,500-999,False
891,891,500-999,500-999,False
876,876,500-999,500-999,False
156,156,100-249,100-249,False
379,379,250-499,250-499,False
79,79,<100,<100,False
454,454,250-499,250-499,False
216,216,100-249,100-249,False
522,522,500-999,500-999,False
671,671,500-999,500-999,False
164,164,100-249,100-249,False
173,173,100-249,100-249,False
47,47,<100,<100,False
1903,1903,>=1000,>=1000,False
482,482,250-499,250-499,False
2068,2068,>=1000,>=1000,False
55,55,<100,<100,False
253,253,250-499,250-499,False
597,597,500-999,500-999,False
544,544,500-999,500-999,False
49,49,<100,<100,False
140,140,100-249,100-249,False
712,712,500-999,500-999,False
858,858,500-999,500-999,False
173,173,100-249,100-249,False
422,422,250-499,250-499,False
1528,1528,>=1000,>=1000,False
973,973,500-999,500-999,False
313,313,250-499,250-499,False
341,341,250-499,250-499,False
305,305,250-499,250-499,False
747,747,500-999,500-999,False
291,291,250-499,250-499,False
426,426,250-499,250-499,False
685,685,500-999,500-999,False
200,200,100-249,100-249,False
282,282,250-499,250-499,False
570,570,500-999,500-999,False
1030,1030,>=1000,>=1000,False
1810,1810,>=1000,>=1000,False
1072,1072,>=1000,>=1000,False
374,374,250-499,250-499,False
787,787,500-999,500-999,False
1996,1996,>=1000,>=1000,False
543,543,500-999,500-999,False
284,284,250-499,250-499,False
253,253,250-499,250-499,False
517,517,500-999,500-999,False
424,424,250-499,250-499,False
219,219,100-249,100-249,False
289,289,250-499,250-499,False
455,455,250-499,250-499,False
1767,1767,>=1000,>=1000,False
672,672,500-999,500-999,False
352,352,250-499,250-499,False
567,567,500-999,500-999,False
514,514,500-999,500-999,False
886,886,500-999,500-999,False
1099,1099,>=1000,>=1000,False
815,815,500-999,500-999,False
187,187,100-249,100-249,False
99,99,<100,<100,False
311,311,250-499,250-499,False
159,159,100-249,100-249,False
554,554,500-999,500-999,False
428,428,250-499,250-499,False
103,103,100-249,100-249,False
170,170,100-249,100-249,False
1166,1166,>=1000,>=1000,False
582,582,500-999,500-999,False
400,400,250-499,250-499,False
53,53,<100,<100,False
538,538,500-999,500-999,False
63,63,<100,<100,False
173,173,100-249,100-249,False
455,455,250-499,250-499,False
468,468,250-499,250-499,False
587,587,500-999,500-999,False
531,531,500-999,500-999,False
902,902,500-999,500-999,False
204,204,100-249,100-249,False
299,299,250-499,250-499,False
44,44,<100,<100,False
930,930,500-999,500-999,False
206,206,100-249,100-249,False
630,630,500-999,500-999,False
637,637,500-999,500-999,False
184,184,100-249,100-249,False
361,361,250-499,250-499,False
168,168,100-249,100-249,False
69,69,<100,<100,False
365,365,250-499,250-499,False
365,365,250-499,250-499,False
349,349,250-499,250-499,False
663,663,500-999,500-999,False
528,528,500-999,500-999,False
167,167,100-249,100-249,False
824,824,500-999,500-999,False
195,195,100-249,100-249,False
570,570,500-999,500-999,False
333,333,250-499,250-499,False
271,271,250-499,250-499,False
977,977,500-999,500-999,False
959,959,500-999,500-999,False
550,550,500-999,500-999,False
361,361,250-499,250-499,False
1236,1236,>=1000,>=1000,False
175,175,100-249,100-249,False
370,370,250-499,250-499,False
579,579,500-999,500-999,False
408,408,250-499,250-499,False
592,592,500-999,500-999,False
832,832,500-999,500-999,False
215,215,100-249,100-249,False
1050,1050,>=1000,>=1000,False
711,711,500-999,500-999,False
599,599,500-999,500-999,False
355,355,250-499,250-499,False
347,347,250-499,250-499,False
2266,2266,>=1000,>=1000,False
56,56,<100,<100,False
473,473,250-499,250-499,False
42,42,<100,<100,False
620,620,500-999,500-999,False
80,80,<100,<100,False
1163,1163,>=1000,>=1000,False
45,45,<100,<100,False
489,489,250-499,250-499,False
1058,1058,>=1000,>=1000,False
570,570,500-999,500-999,False
1912,1912,>=1000,>=1000,False
33,33,<100,<100,False
363,363,250-499,250-499,False
287,287,250-499,250-499,False
136,136,100-249,100-249,False
50,50,<100,<100,False
463,463,250-499,250-499,False
782,782,500-999,500-999,False
118,118,100-249,100-249,False
368,368,250-499,250-499,False
435,435,250-499,250-499,False
370,370,250-499,250-499,False
347,347,250-499,250-499,False
696,696,500-999,500-999,False
243,243,100-249,100-249,False
188,188,100-249,100-249,False
563,563,500-999,500-999,False
215,215,100-249,100-249,False
298,298,250-499,250-499,False
2437,2437,>=1000,>=1000,False
433,433,250-499,250-499,False
697,697,500-999,500-999,False
402,402,250-499,250-499,False
49,49,<100,<100,False
117,117,100-249,100-249,False
201,201,100-249,100-249,False
285,285,250-499,250-499,False
421,421,250-499,250-499,False
303,303,250-499,250-499,False
491,491,250-499,250-499,False
440,440,250-499,250-499,False
351,351,250-499,250-499,False
50,50,<100,<100,False
214,214,100-249,100-249,False
1309,1309,>=1000,>=1000,False
139,139,100-249,100-249,False
119,119,100-249,100-249,False
154,154,100-249,100-249,False
120,120,100-249,100-249,False
294,294,250-499,250-499,False
306,306,250-499,250-499,False
2193,2193,>=1000,>=1000,False
75,75,<100,<100,False
534,534,500-999,500-999,False
723,723,500-999,500-999,False
627,627,500-999,500-999,False
353,353,250-499,250-499,False
516,516,500-999,500-999,False
246,246,100-249,100-249,False
1124,1124,>=1000,>=1000,False
534,534,500-999,500-999,False
392,392,250-499,250-499,False
79,79,<100,<100,False
659,659,500-999,500-999,False
264,264,250-499,250-499,False
73,73,<100,<100,False
444,444,250-499,250-499,False
819,819,500-999,500-999,False
550,550,500-999,500-999,False
44,44,<100,<100,False
465,465,250-499,250-499,False
169,169,100-249,100-249,False
1043,1043,>=1000,>=1000,False
80,80,<100,<100,False
967,967,500-999,500-999,False
302,302,250-499,250-499,False
456,456,250-499,250-499,False
487,487,250-499,250-499,False
61,61,<100,<100,False
47,47,<100,<100,False
950,950,500-999,500-999,False
576,576,500-999,500-999,False
975,975,500-999,500-999,False
45,45,<100,<100,False
668,668,500-999,500-999,False
654,654,500-999,500-999,False
33,33,<100,<100,False
423,423,250-499,250-499,False
642,642,500-999,500-999,False
630,630,500-999,500-999,False
456,456,250-499,250-499,False
48,48,<100,<100,False
323,323,250-499,250-499,False
860,860,500-999,500-999,False
80,80,<100,<100,False
470,470,250-499,250-499,False
47,47,<100,<100,False
87,87,<100,<100,False
613,613,500-999,500-999,False
461,461,250-499,250-499,False
411,411,250-499,250-499,False
752,752,500-999,500-999,False
705,705,500-999,500-999,False
633,633,500-999,500-999,False
272,272,250-499,250-499,False
116,116,100-249,100-249,False
442,442,250-499,250-499,False
1049,1049,>=1000,>=1000,False
1038,1037,>=1000,>=1000,False
748,748,500-999,500-999,False
188,188,100-249,100-249,False
644,644,500-999,500-999,False
607,607,500-999,500-999,False
75,75,<100,<100,False
214,214,100-249,100-249,False
530,530,500-999,500-999,False
371,371,250-499,250-499,False
254,254,250-499,250-499,False
360,360,250-499,250-499,False
174,174,100-249,100-249,False
831,831,500-999,500-999,False
40,40,<100,<100,False
254,254,250-499,250-499,False
727,727,500-999,500-999,False
961,961,500-999,500-999,False
1109,1109,>=1000,>=1000,False
869,869,500-999,500-999,False
554,554,500-999,500-999,False
233,233,100-249,100-249,False
396,396,250-499,250-499,False
471,471,250-499,250-499,False
83,83,<100,<100,False
641,641,500-999,500-999,False
260,260,250-499,250-499,False
396,396,250-499,250-499,False
409,409,250-499,250-499,False
427,427,250-499,250-499,False
760,760,500-999,500-999,False
321,321,250-499,250-499,False
606,606,500-999,500-999,False
872,872,500-999,500-999,False
321,321,250-499,250-499,False
321,321,250-499,250-499,False
480,480,250-499,250-499,False
184,184,100-249,100-249,False
163,163,100-249,100-249,False
100,100,100-249,100-249,False
53,53,<100,<100,False
475,475,250-499,250-499,False
654,654,500-999,500-999,False
189,189,100-249,100-249,False
342,342,250-499,250-499,False
243,243,100-249,100-249,False
331,331,250-499,250-499,False
256,256,250-499,250-499,False
256,256,250-499,250-499,False
226,226,100-249,100-249,False
1046,1046,>=1000,>=1000,False
244,244,100-249,100-249,False
340,340,250-499,250-499,False
2416,2415,>=1000,>=1000,False
679,679,500-999,500-999,False
287,287,250-499,250-499,False
418,418,250-499,250-499,False
930,930,500-999,500-999,False
157,157,100-249,100-249,False
418,418,250-499,250-499,False
471,471,250-499,250-499,False
59,59,<100,<100,False
323,323,250-499,250-499,False
1158,1158,>=1000,>=1000,False
467,467,250-499,250-499,False
730,730,500-999,500-999,False
372,372,250-499,250-499,False
263,263,250-499,250-499,False
46,46,<100,<100,False
620,620,500-999,500-999,False
1438,1438,>=1000,>=1000,False
312,312,250-499,250-499,False
75,75,<100,<100,False
400,400,250-499,250-499,False
243,243,100-249,100-249,False
114,114,100-249,100-249,False
176,176,100-249,100-249,False
117,117,100-249,100-249,False
327,327,250-499,250-499,False
275,275,250-499,250-499,False
543,543,500-999,500-999,False
354,354,250-499,250-499,False
916,916,500-999,500-999,False
96,96,<100,<100,False
271,271,250-499,250-499,False
100,100,100-249,100-249,False
375,375,250-499,250-499,False
413,413,250-499,250-499,False
866,866,500-999,500-999,False
368,367,250-499,250-499,False
1074,1074,>=1000,>=1000,False
53,53,<100,<100,False
232,232,100-249,100-249,False
718,718,500-999,500-999,False
713,713,500-999,500-999,False
331,331,250-499,250-499,False
269,269,250-499,250-499,False
655,655,500-999,500-999,False
328,328,250-499,250-499,False
31,31,<100,<100,False
112,112,100-249,100-249,False
137,137,100-249,100-249,False
598,598,500-999,500-999,False
26,26,<100,<100,False
1783,1783,>=1000,>=1000,False
540,540,500-999,500-999,False
415,415,250-499,250-499,False
472,472,250-499,250-499,False
515,515,500-999,500-999,False
614,614,500-999,500-999,False
56,56,<100,<100,False
464,464,250-499,250-499,False
1915,1915,>=1000,>=1000,False
1496,1496,>=1000,>=1000,False
215,215,100-249,100-249,False
645,645,500-999,500-999,False
211,211,100-249,100-249,False
50,50,<100,<100,False
679,679,500-999,500-999,False
859,859,500-999,500-999,False
944,944,500-999,500-999,False
671,671,500-999,500-999,False
363,363,250-499,250-499,False
1064,1064,>=1000,>=1000,False
764,764,500-999,500-999,False
258,258,250-499,250-499,False
769,769,500-999,500-999,False
742,742,500-999,500-999,False
113,113,100-249,100-249,False
261,261,250-499,250-499,False
618,618,500-999,500-999,False
202,202,100-249,100-249,False
281,281,250-499,250-499,False
177,177,100-249,100-249,False
616,616,500-999,500-999,False
429,429,250-499,250-499,False
686,686,500-999,500-999,False
338,338,250-499,250-499,False
482,482,250-499,250-499,False
225,225,100-249,100-249,False
71,71,<100,<100,False
517,517,500-999,500-999,False
723,723,500-999,500-999,False
886,886,500-999,500-999,False
151,151,100-249,100-249,False
419,419,250-499,250-499,False
227,227,100-249,100-249,False
1407,1407,>=1000,>=1000,False
320,320,250-499,250-499,False
372,372,250-499,250-499,False
402,402,250-499,250-499,False
329,329,250-499,250-499,False
799,799,500-999,500-999,False
528,528,500-999,500-999,False
756,756,500-999,500-999,False
1250,1250,>=1000,>=1000,False
46,46,<100,<100,False
684,684,500-999,500-999,False
83,83,<100,<100,False
398,398,250-499,250-499,False
157,157,100-249,100-249,False
783,783,500-999,500-999,False
236,236,100-249,100-249,False
1178,1178,>=1000,>=1000,False
31,31,<100,<100,False
388,388,250-499,250-499,False
827,827,500-999,500-999,False
506,506,500-999,500-999,False
456,456,250-499,250-499,False
625,625,500-999,500-999,False
387,387,250-499,250-499,False
537,537,500-999,500-999,False
361,361,250-499,250-499,False
717,717,500-999,500-999,False
27,27,<100,<100,False
54,54,<100,<100,False
292,292,250-499,250-499,False
256,256,250-499,250-499,False
380,380,250-499,250-499,False
513,513,500-999,500-999,False
105,105,100-249,100-249,False
862,862,500-999,500-999,False
642,642,500-999,500-999,False
79,79,<100,<100,False
204,204,100-249,100-249,False
176,176,100-249,100-249,False
474,474,250-499,250-499,False
729,729,500-999,500-999,False
1678,1678,>=1000,>=1000,False
336,336,250-499,250-499,False
193,193,100-249,100-249,False
1455,1455,>=1000,>=1000,False
416,416,250-499,250-499,False
269,269,250-499,250-499,False
312,312,250-499,250-499,False
636,636,500-999,500-999,False
474,474,250-499,250-499,False
705,705,500-999,500-999,False
45,45,<100,<100,False
440,440,250-499,250-499,False
179,179,100-249,100-249,False
282,282,250-499,250-499,False
582,582,500-999,500-999,False
880,880,500-999,500-999,False
879,879,500-999,500-999,False
229,229,100-249,100-249,False
272,272,250-499,250-499,False
221,221,100-249,100-249,False
592,592,500-999,500-999,False
618,618,500-999,500-999,False
266,266,250-499,250-499,False
489,489,250-499,250-499,False
366,366,250-499,250-499,False
253,253,250-499,250-499,False
1400,1400,>=1000,>=1000,False
131,131,100-249,100-249,False
61,61,<100,<100,False
934,934,500-999,500-999,False
2186,2186,>=1000,>=1000,False
399,399,250-499,250-499,False
615,615,500-999,500-999,False
453,453,250-499,250-499,False
878,878,500-999,500-999,False
33,33,<100,<100,False
889,889,500-999,500-999,False
610,610,500-999,500-999,False
422,422,250-499,250-499,False
397,397,250-499,250-499,False
1113,1113,>=1000,>=1000,False
918,918,500-999,500-999,False
78,78,<100,<100,False
1603,1603,>=1000,>=1000,False
697,697,500-999,500-999,False
365,365,250-499,250-499,False
308,308,250-499,250-499,False
2062,2062,>=1000,>=1000,False
401,401,250-499,250-499,False
146,146,100-249,100-249,False
611,611,500-999,500-999,False
571,571,500-999,500-999,False
951,951,500-999,500-999,False
515,515,500-999,500-999,False
42,42,<100,<100,False
394,394,250-499,250-499,False
631,631,500-999,500-999,False
870,870,500-999,500-999,False
556,556,500-999,500-999,False
678,678,500-999,500-999,False
403,403,250-499,250-499,False
2001,2001,>=1000,>=1000,False
1324,1324,>=1000,>=1000,False
400,400,250-499,250-499,False
727,727,500-999,500-999,False
949,949,500-999,500-999,False
305,305,250-499,250-499,False
285,285,250-499,250-499,False
397,397,250-499,250-499,False
278,278,250-499,250-499,False
222,222,100-249,100-249,False
983,983,500-999,500-999,False
649,649,500-999,500-999,False
1048,1048,>=1000,>=1000,False
466,466,250-499,250-499,False
52,52,<100,<100,False
395,395,250-499,250-499,False
350,350,250-499,250-499,False
1444,1444,>=1000,>=1000,False
179,179,100-249,100-249,False
531,531,500-999,500-999,False
404,404,250-499,250-499,False
151,151,100-249,100-249,False
1241,1241,>=1000,>=1000,False
318,318,250-499,250-499,False
576,576,500-999,500-999,False
265,265,250-499,250-499,False
727,727,500-999,500-999,False
1385,1385,>=1000,>=1000,False
454,454,250-499,250-499,False
460,460,250-499,250-499,False
121,121,100-249,100-249,False
357,357,250-499,250-499,False
1125,1125,>=1000,>=1000,False
561,561,500-999,500-999,False
493,493,250-499,250-499,False
704,704,500-999,500-999,False
125,125,100-249,100-249,False
360,360,250-499,250-499,False
47,47,<100,<100,False
631,631,500-999,500-999,False
1225,1225,>=1000,>=1000,False
209,209,100-249,100-249,False
36,36,<100,<100,False
218,218,100-249,100-249,False
137,137,100-249,100-249,False
1455,1455,>=1000,>=1000,False
46,46,<100,<100,False
1140,1140,>=1000,>=1000,False
208,208,100-249,100-249,False
570,570,500-999,500-999,False
256,256,250-499,250-499,False
1087,1087,>=1000,>=1000,False
737,737,500-999,500-999,False
313,313,250-499,250-499,False
173,173,100-249,100-249,False
490,490,250-499,250-499,False
756,756,500-999,500-999,False
520,520,500-999,500-999,False
308,308,250-499,250-499,False
686,686,500-999,500-999,False
276,276,250-499,250-499,False
201,201,100-249,100-249,False
45,45,<100,<100,False
398,398,250-499,250-499,False
560,560,500-999,500-999,False
36,36,<100,<100,False
328,328,250-499,250-499,False
1168,1168,>=1000,>=1000,False
827,827,500-999,500-999,False
295,295,250-499,250-499,False
1150,1150,>=1000,>=1000,False
126,126,100-249,100-249,False
119,119,100-249,100-249,False
463,463,250-499,250-499,False
1158,1158,>=1000,>=1000,False
660,660,500-999,500-999,False
765,765,500-999,500-999,False
231,231,100-249,100-249,False
334,334,250-499,250-499,False
603,603,500-999,500-999,False
299,299,250-499,250-499,False
1100,1100,>=1000,>=1000,False
723,723,500-999,500-999,False
730,730,500-999,500-999,False
136,136,100-249,100-249,False
539,539,500-999,500-999,False
676,676,500-999,500-999,False
342,342,250-499,250-499,False
331,331,250-499,250-499,False
710,710,500-999,500-999,False
1087,1087,>=1000,>=1000,False
857,857,500-999,500-999,False
359,359,250-499,250-499,False
68,68,<100,<100,False
718,718,500-999,500-999,False
42,42,<100,<100,False
37,37,<100,<100,False
1754,1754,>=1000,>=1000,False
998,998,500-999,500-999,False
119,119,100-249,100-249,False
68,68,<100,<100,False
354,354,250-499,250-499,False
406,406,250-499,250-499,False
289,289,250-499,250-499,False
179,179,100-249,100-249,False
364,364,250-499,250-499,False
365,365,250-499,250-499,False
473,473,250-499,250-499,False
57,57,<100,<100,False
528,528,500-999,500-999,False
323,323,250-499,250-499,False
578,578,500-999,500-999,False
291,291,250-499,250-499,False
92,92,<100,<100,False
340,340,250-499,250-499,False
212,212,100-249,100-249,False
1165,1165,>=1000,>=1000,False
126,126,100-249,100-249,False
318,318,250-499,250-499,False
188,188,100-249,100-249,False
275,275,250-499,250-499,False
718,718,500-999,500-999,False
173,173,100-249,100-249,False
1148,1148,>=1000,>=1000,False
1237,1237,>=1000,>=1000,False
162,162,100-249,100-249,False
1488,1488,>=1000,>=1000,False
165,165,100-249,100-249,False
542,542,500-999,500-999,False
292,292,250-499,250-499,False
740,740,500-999,500-999,False
94,94,<100,<100,False
568,568,500-999,500-999,False
234,234,100-249,100-249,False
407,407,250-499,250-499,False
281,281,250-499,250-499,False
274,274,250-499,250-499,False
141,141,100-249,100-249,False
797,797,500-999,500-999,False
599,599,500-999,500-999,False
78,77,<100,<100,False
297,297,250-499,250-499,False
220,220,100-249,100-249,False
696,696,500-999,500-999,False
1126,1126,>=1000,>=1000,False
62,61,<100,<100,False
475,475,250-499,250-499,False
450,450,250-499,250-499,False
655,655,500-999,500-999,False
765,765,500-999,500-999,False
1159,1159,>=1000,>=1000,False
665,665,500-999,500-999,False
1148,1148,>=1000,>=1000,False
100,100,100-249,100-249,False
50,50,<100,<100,False
201,201,100-249,100-249,False
323,323,250-499,250-499,False
475,475,250-499,250-499,False
234,234,100-249,100-249,False
459,459,250-499,250-499,False
132,132,100-249,100-249,False
1264,1264,>=1000,>=1000,False
1025,1025,>=1000,>=1000,False
204,204,100-249,100-249,False
187,187,100-249,100-249,False
31,31,<100,<100,False
724,724,500-999,500-999,False
616,616,500-999,500-999,False
51,51,<100,<100,False
50,50,<100,<100,False
47,47,<100,<100,False
316,316,250-499,250-499,False
557,557,500-999,500-999,False
994,994,500-999,500-999,False
318,318,250-499,250-499,False
547,547,500-999,500-999,False
60,60,<100,<100,False
412,412,250-499,250-499,False
1203,1203,>=1000,>=1000,False
556,556,500-999,500-999,False
420,420,250-499,250-499,False
462,462,250-499,250-499,False
460,460,250-499,250-499,False
275,275,250-499,250-499,False
1015,1015,>=1000,>=1000,False
728,728,500-999,500-999,False
166,166,100-249,100-249,False
1145,1145,>=1000,>=1000,False
670,670,500-999,500-999,False
51,51,<100,<100,False
208,208,100-249,100-249,False
86,86,<100,<100,False
1599,1599,>=1000,>=1000,False
452,452,250-499,250-499,False
363,363,250-499,250-499,False
1305,1305,>=1000,>=1000,False
666,666,500-999,500-999,False
257,257,250-499,250-499,False
210,210,100-249,100-249,False
780,780,500-999,500-999,False
607,607,500-999,500-999,False
871,871,500-999,500-999,False
507,507,500-999,500-999,False
599,599,500-999,500-999,False
373,373,250-499,250-499,False
722,722,500-999,500-999,False
422,422,250-499,250-499,False
316,316,250-499,250-499,False
308,308,250-499,250-499,False
1013,1013,>=1000,>=1000,False
551,551,500-999,500-999,False
566,566,500-999,500-999,False
1107,1107,>=1000,>=1000,False
69,69,<100,<100,False
256,256,250-499,250-499,False
1150,1150,>=1000,>=1000,False
281,281,250-499,250-499,False
535,535,500-999,500-999,False
577,577,500-999,500-999,False
238,238,100-249,100-249,False
85,85,<100,<100,False
621,621,500-999,500-999,False
149,149,100-249,100-249,False
128,128,100-249,100-249,False
309,309,250-499,250-499,False
285,285,250-499,250-499,False
152,152,100-249,100-249,False
51,51,<100,<100,False
125,125,100-249,100-249,False
378,378,250-499,250-499,False
378,378,250-499,250-499,False
509,509,500-999,500-999,False
685,685,500-999,500-999,False
774,774,500-999,500-999,False
800,800,500-999,500-999,False
395,395,250-499,250-499,False
147,147,100-249,100-249,False
123,123,100-249,100-249,False
594,594,500-999,500-999,False
271,271,250-499,250-499,False
399,399,250-499,250-499,False
46,46,<100,<100,False
23,23,<100,<100,False
857,857,500-999,500-999,False
280,280,250-499,250-499,False
1165,1165,>=1000,>=1000,False
576,576,500-999,500-999,False
861,861,500-999,500-999,False
639,639,500-999,500-999,False
846,845,500-999,500-999,False
530,530,500-999,500-999,False
460,460,250-499,250-499,False
106,106,100-249,100-249,False
98,98,<100,<100,False
201,201,100-249,100-249,False
277,277,250-499,250-499,False
485,485,250-499,250-499,False
199,199,100-249,100-249,False
310,310,250-499,250-499,False
429,429,250-499,250-499,False
420,420,250-499,250-499,False
362,362,250-499,250-499,False
905,905,500-999,500-999,False
314,314,250-499,250-499,False
576,576,500-999,500-999,False
944,944,500-999,500-999,False
275,275,250-499,250-499,False
1135,1135,>=1000,>=1000,False
213,213,100-249,100-249,False
466,466,250-499,250-499,False
128,128,100-249,100-249,False
982,982,500-999,500-999,False
655,655,500-999,500-999,False
328,328,250-499,250-499,False
35,35,<100,<100,False
209,209,100-249,100-249,False
45,45,<100,<100,False
1247,1247,>=1000,>=1000,False
284,284,250-499,250-499,False
69,69,<100,<100,False
217,217,100-249,100-249,False
53,53,<100,<100,False
626,626,500-999,500-999,False
287,287,250-499,250-499,False
590,590,500-999,500-999,False
455,455,250-499,250-499,False
52,52,<100,<100,False
647,647,500-999,500-999,False
195,195,100-249,100-249,False
581,581,500-999,500-999,False
863,863,500-999,500-999,False
363,363,250-499,250-499,False
1150,1150,>=1000,>=1000,False
53,53,<100,<100,False
1284,1284,>=1000,>=1000,False
976,976,500-999,500-999,False
712,712,500-999,500-999,False
171,171,100-249,100-249,False
429,429,250-499,250-499,False
614,614,500-999,500-999,False
1074,1074,>=1000,>=1000,False
239,239,100-249,100-249,False
554,554,500-999,500-999,False
49,49,<100,<100,False
279,279,250-499,250-499,False
248,248,100-249,100-249,False
176,176,100-249,100-249,False
349,348,250-499,250-499,False
1789,1789,>=1000,>=1000,False
625,625,500-999,500-999,False
236,236,100-249,100-249,False
631,631,500-999,500-999,False
809,809,500-999,500-999,False
645,645,500-999,500-999,False
763,763,500-999,500-999,False
292,292,250-499,250-499,False
679,679,500-999,500-999,False
172,172,100-249,100-249,False
91,91,<100,<100,False
233,233,100-249,100-249,False
459,459,250-499,250-499,False
1885,1885,>=1000,>=1000,False
506,506,500-999,500-999,False
46,46,<100,<100,False
48,48,<100,<100,False
238,238,100-249,100-249,False
524,524,500-999,500-999,False
810,810,500-999,500-999,False
691,691,500-999,500-999,False
513,513,500-999,500-999,False
191,191,100-249,100-249,False
368,368,250-499,250-499,False
378,378,250-499,250-499,False
710,710,500-999,500-999,False
678,678,500-999,500-999,False
472,472,250-499,250-499,False
644,644,500-999,500-999,False
281,281,250-499,250-499,False
260,260,250-499,250-499,False
351,351,250-499,250-499,False
227,227,100-249,100-249,False
417,417,250-499,250-499,False
733,733,500-999,500-999,False
992,992,500-999,500-999,False
249,249,100-249,100-249,False
1720,1720,>=1000,>=1000,False
273,273,250-499,250-499,False
696,696,500-999,500-999,False
122,122,100-249,100-249,False
271,271,250-499,250-499,False
399,399,250-499,250-499,False
552,552,500-999,500-999,False
872,872,500-999,500-999,False
44,44,<100,<100,False
1255,1255,>=1000,>=1000,False
560,560,500-999,500-999,False
66,66,<100,<100,False
569,569,500-999,500-999,False
518,518,500-999,500-999,False
96,96,<100,<100,False
510,510,500-999,500-999,False
96,96,<100,<100,False
698,698,500-999,500-999,False
349,349,250-499,250-499,False
616,616,500-999,500-999,False
224,224,100-249,100-249,False
168,168,100-249,100-249,False
233,233,100-249,100-249,False
180,180,100-249,100-249,False
485,485,250-499,250-499,False
531,531,500-999,500-999,False
600,600,500-999,500-999,False
1124,1124,>=1000,>=1000,False
291,291,250-499,250-499,False
508,508,500-999,500-999,False
374,374,250-499,250-499,False
965,965,500-999,500-999,False
567,567,500-999,500-999,False
541,541,500-999,500-999,False
999,999,500-999,500-999,False
445,445,250-499,250-499,False
290,290,250-499,250-499,False
735,735,500-999,500-999,False
587,587,500-999,500-999,False
268,268,250-499,250-499,False
660,660,500-999,500-999,False
47,47,<100,<100,False
2274,2274,>=1000,>=1000,False
1213,1213,>=1000,>=1000,False
484,484,250-499,250-499,False
806,806,500-999,500-999,False
1104,1104,>=1000,>=1000,False
413,413,250-499,250-499,False
643,643,500-999,500-999,False
656,656,500-999,500-999,False
49,49,<100,<100,False
1168,1168,>=1000,>=1000,False
546,546,500-999,500-999,False
324,324,250-499,250-499,False
565,565,500-999,500-999,False
123,123,100-249,100-249,False
271,271,250-499,250-499,False
181,181,100-249,100-249,False
874,874,500-999,500-999,False
560,560,500-999,500-999,False
911,911,500-999,500-999,False
467,467,250-499,250-499,False
552,552,500-999,500-999,False
668,668,500-999,500-999,False
91,91,<100,<100,False
667,667,500-999,500-999,False
271,271,250-499,250-499,False
1071,1071,>=1000,>=1000,False
525,525,500-999,500-999,False
581,581,500-999,500-999,False
1288,1288,>=1000,>=1000,False
1044,1044,>=1000,>=1000,False
729,729,500-999,500-999,False
307,307,250-499,250-499,False
105,105,100-249,100-249,False
927,927,500-999,500-999,False
330,330,250-499,250-499,False
311,311,250-499,250-499,False
605,605,500-999,500-999,False
156,156,100-249,100-249,False
754,754,500-999,500-999,False
1056,1056,>=1000,>=1000,False
134,134,100-249,100-249,False
652,652,500-999,500-999,False
52,52,<100,<100,False
665,665,500-999,500-999,False
660,660,500-999,500-999,False
1097,1097,>=1000,>=1000,False
143,143,100-249,100-249,False
686,686,500-999,500-999,False
272,272,250-499,250-499,False
908,908,500-999,500-999,False
143,143,100-249,100-249,False
926,926,500-999,500-999,False
293,293,250-499,250-499,False
884,884,500-999,500-999,False
49,49,<100,<100,False
282,282,250-499,250-499,False
759,759,500-999,500-999,False
342,342,250-499,250-499,False
126,126,100-249,100-249,False
274,274,250-499,250-499,False
253,253,250-499,250-499,False
494,494,250-499,250-499,False
989,989,500-999,500-999,False
519,519,500-999,500-999,False
168,168,100-249,100-249,False
736,736,500-999,500-999,False
212,212,100-249,100-249,False
616,616,500-999,500-999,False
472,472,250-499,250-499,False
675,675,500-999,500-999,False
316,316,250-499,250-499,False
220,220,100-249,100-249,False
484,484,250-499,250-499,False
1252,1252,>=1000,>=1000,False
997,997,500-999,500-999,False
907,907,500-999,500-999,False
161,161,100-249,100-249,False
400,400,250-499,250-499,False
172,172,100-249,100-249,False
223,223,100-249,100-249,False
157,157,100-249,100-249,False
349,349,250-499,250-499,False
479,479,250-499,250-499,False
1157,1157,>=1000,>=1000,False
660,660,500-999,500-999,False
1098,1098,>=1000,>=1000,False
239,239,100-249,100-249,False
732,731,500-999,500-999,False
84,84,<100,<100,False
216,216,100-249,100-249,False
1133,1133,>=1000,>=1000,False
1280,1280,>=1000,>=1000,False
77,77,<100,<100,False
938,938,500-999,500-999,False
303,303,250-499,250-499,False
1154,1154,>=1000,>=1000,False
76,76,<100,<100,False
1304,1304,>=1000,>=1000,False
852,852,500-999,500-999,False
881,881,500-999,500-999,False
554,554,500-999,500-999,False
363,363,250-499,250-499,False
592,592,500-999,500-999,False
719,719,500-999,500-999,False
614,614,500-999,500-999,False
326,326,250-499,250-499,False
656,656,500-999,500-999,False
255,255,250-499,250-499,False
384,384,250-499,250-499,False
731,731,500-999,500-999,False
776,776,500-999,500-999,False
399,399,250-499,250-499,False
582,582,500-999,500-999,False
694,694,500-999,500-999,False
426,426,250-499,250-499,False
1149,1149,>=1000,>=1000,False
1101,1101,>=1000,>=1000,False
882,882,500-999,500-999,False
264,264,250-499,250-499,False
271,271,250-499,250-499,False
713,713,500-999,500-999,False
287,287,250-499,250-499,False
820,820,500-999,500-999,False
812,812,500-999,500-999,False
413,413,250-499,250-499,False
305,305,250-499,250-499,False
46,46,<100,<100,False
1137,1137,>=1000,>=1000,False
574,573,500-999,500-999,False
390,390,250-499,250-499,False
146,146,100-249,100-249,False
625,625,500-999,500-999,False
522,522,500-999,500-999,False
143,143,100-249,100-249,False
277,277,250-499,250-499,False
334,334,250-499,250-499,False
670,670,500-999,500-999,False
227,227,100-249,100-249,False
228,228,100-249,100-249,False
460,460,250-499,250-499,False
707,707,500-999,500-999,False
946,946,500-999,500-999,False
1353,1353,>=1000,>=1000,False
271,271,250-499,250-499,False
277,277,250-499,250-499,False
1437,1437,>=1000,>=1000,False
500,500,500-999,500-999,False
36,36,<100,<100,False
1238,1238,>=1000,>=1000,False
495,495,250-499,250-499,False
469,469,250-499,250-499,False
202,202,100-249,100-249,False
299,299,250-499,250-499,False
212,212,100-249,100-249,False
272,272,250-499,250-499,False
402,402,250-499,250-499,False
268,268,250-499,250-499,False
760,760,500-999,500-999,False
1486,1486,>=1000,>=1000,False
921,921,500-999,500-999,False
397,397,250-499,250-499,False
255,255,250-499,250-499,False
1089,1089,>=1000,>=1000,False
119,119,100-249,100-249,False
624,624,500-999,500-999,False
654,654,500-999,500-999,False
425,425,250-499,250-499,False
658,658,500-999,500-999,False
465,465,250-499,250-499,False
1154,1154,>=1000,>=1000,False
373,373,250-499,250-499,False
414,414,250-499,250-499,False
662,662,500-999,500-999,False
453,453,250-499,250-499,False
1160,1160,>=1000,>=1000,False
363,363,250-499,250-499,False
426,425,250-499,250-499,False
321,321,250-499,250-499,False
47,47,<100,<100,False
1180,1180,>=1000,>=1000,False
611,611,500-999,500-999,False
1116,1116,>=1000,>=1000,False
48,48,<100,<100,False
78,78,<100,<100,False
527,527,500-999,500-999,False
51,51,<100,<100,False
258,258,250-499,250-499,False
528,528,500-999,500-999,False
49,49,<100,<100,False
1233,1233,>=1000,>=1000,False
1045,1045,>=1000,>=1000,False
171,171,100-249,100-249,False
1244,1244,>=1000,>=1000,False
376,376,250-499,250-499,False
325,325,250-499,250-499,False
679,679,500-999,500-999,False
794,794,500-999,500-999,False
32,32,<100,<100,False
70,70,<100,<100,False
690,690,500-999,500-999,False
410,410,250-499,250-499,False
553,553,500-999,500-999,False
291,291,250-499,250-499,False
639,639,500-999,500-999,False
697,697,500-999,500-999,False
1053,1053,>=1000,>=1000,False
464,464,250-499,250-499,False
418,418,250-499,250-499,False
273,273,250-499,250-499,False
189,189,100-249,100-249,False
285,285,250-499,250-499,False
1128,1128,>=1000,>=1000,False
327,327,250-499,250-499,False
370,370,250-499,250-499,False
166,166,100-249,100-249,False
786,786,500-999,500-999,False
574,574,500-999,500-999,False
886,886,500-999,500-999,False
506,506,500-999,500-999,False
857,857,500-999,500-999,False
1853,1853,>=1000,>=1000,False
229,229,100-249,100-249,False
448,448,250-499,250-499,False
231,231,100-249,100-249,False
1021,1021,>=1000,>=1000,False
647,647,500-999,500-999,False
137,137,100-249,100-249,False
82,82,<100,<100,False
939,939,500-999,500-999,False
427,427,250-499,250-499,False
554,554,500-999,500-999,False
166,166,100-249,100-249,False
460,460,250-499,250-499,False
1162,1162,>=1000,>=1000,False
1246,1246,>=1000,>=1000,False
457,457,250-499,250-499,False
1246,1246,>=1000,>=1000,False
379,379,250-499,250-499,False
290,290,250-499,250-499,False
969,969,500-999,500-999,False
507,507,500-999,500-999,False
1038,1038,>=1000,>=1000,False
522,522,500-999,500-999,False
112,112,100-249,100-249,False
1205,1205,>=1000,>=1000,False
141,141,100-249,100-249,False
259,259,250-499,250-499,False
384,384,250-499,250-499,False
1016,1016,>=1000,>=1000,False
372,372,250-499,250-499,False
732,732,500-999,500-999,False
284,284,250-499,250-499,False
840,839,500-999,500-999,False
240,240,100-249,100-249,False
625,625,500-999,500-999,False
423,423,250-499,250-499,False
48,48,<100,<100,False
616,616,500-999,500-999,False
335,335,250-499,250-499,False
462,462,250-499,250-499,False
1438,1438,>=1000,>=1000,False
325,325,250-499,250-499,False
764,764,500-999,500-999,False
434,434,250-499,250-499,False
224,224,100-249,100-249,False
638,638,500-999,500-999,False
808,808,500-999,500-999,False
646,646,500-999,500-999,False
146,146,100-249,100-249,False
566,566,500-999,500-999,False
1263,1263,>=1000,>=1000,False
233,233,100-249,100-249,False
56,56,<100,<100,False
237,237,100-249,100-249,False
584,584,500-999,500-999,False
269,269,250-499,250-499,False
50,50,<100,<100,False
269,269,250-499,250-499,False
296,296,250-499,250-499,False
753,753,500-999,500-999,False
485,485,250-499,250-499,False
198,198,100-249,100-249,False
1083,1083,>=1000,>=1000,False
1261,1261,>=1000,>=1000,False
612,612,500-999,500-999,False
190,190,100-249,100-249,False
53,53,<100,<100,False
70,70,<100,<100,False
541,541,500-999,500-999,False
273,273,250-499,250-499,False
189,189,100-249,100-249,False
1158,1158,>=1000,>=1000,False
53,53,<100,<100,False
609,609,500-999,500-999,False
51,51,<100,<100,False
79,79,<100,<100,False
109,109,100-249,100-249,False
745,745,500-999,500-999,False
371,371,250-499,250-499,False
944,944,500-999,500-999,False
514,514,500-999,500-999,False
1494,1494,>=1000,>=1000,False
45,45,<100,<100,False
1007,1007,>=1000,>=1000,False
149,149,100-249,100-249,False
49,49,<100,<100,False
692,692,500-999,500-999,False
730,730,500-999,500-999,False
273,273,250-499,250-499,False
309,309,250-499,250-499,False
321,321,250-499,250-499,False
71,71,<100,<100,False
57,57,<100,<100,False
182,182,100-249,100-249,False
596,596,500-999,500-999,False
2197,2197,>=1000,>=1000,False
655,655,500-999,500-999,False
672,672,500-999,500-999,False
374,374,250-499,250-499,False
718,718,500-999,500-999,False
616,616,500-999,500-999,False
2058,2058,>=1000,>=1000,False
345,345,250-499,250-499,False
283,283,250-499,250-499,False
707,707,500-999,500-999,False
117,117,100-249,100-249,False
145,145,100-249,100-249,False
47,47,<100,<100,False
413,413,250-499,250-499,False
278,278,250-499,250-499,False
898,898,500-999,500-999,False
225,225,100-249,100-249,False
344,344,250-499,250-499,False
779,779,500-999,500-999,False
286,286,250-499,250-499,False
285,285,250-499,250-499,False
184,184,100-249,100-249,False
212,212,100-249,100-249,False
1225,1225,>=1000,>=1000,False
44,44,<100,<100,False
240,240,100-249,100-249,False
271,271,250-499,250-499,False
285,285,250-499,250-499,False
679,679,500-999,500-999,False
65,65,<100,<100,False
158,158,100-249,100-249,False
388,388,250-499,250-499,False
873,873,500-999,500-999,False
636,636,500-999,500-999,False
763,763,500-999,500-999,False
113,113,100-249,100-249,False
639,639,500-999,500-999,False
341,341,250-499,250-499,False
459,459,250-499,250-499,False
146,146,100-249,100-249,False
456,456,250-499,250-499,False
245,245,100-249,100-249,False
667,667,500-999,500-999,False
1046,1046,>=1000,>=1000,False
749,749,500-999,500-999,False
581,581,500-999,500-999,False
486,486,250-499,250-499,False
804,804,500-999,500-999,False
220,220,100-249,100-249,False
357,357,250-499,250-499,False
200,200,100-249,100-249,False
489,489,250-499,250-499,False
229,229,100-249,100-249,False
410,410,250-499,250-499,False
262,262,250-499,250-499,False
676,676,500-999,500-999,False
489,489,250-499,250-499,False
499,499,250-499,250-499,False
924,924,500-999,500-999,False
511,511,500-999,500-999,False
679,679,500-999,500-999,False
394,394,250-499,250-499,False
589,589,500-999,500-999,False
293,293,250-499,250-499,False
418,418,250-499,250-499,False
944,944,500-999,500-999,False
819,819,500-999,500-999,False
517,517,500-999,500-999,False
233,233,100-249,100-249,False
716,716,500-999,500-999,False
143,143,100-249,100-249,False
175,175,100-249,100-249,False
1326,1326,>=1000,>=1000,False
700,700,500-999,500-999,False
67,67,<100,<100,False
414,414,250-499,250-499,False
481,481,250-499,250-499,False
437,437,250-499,250-499,False
696,696,500-999,500-999,False
295,295,250-499,250-499,False
703,703,500-999,500-999,False
230,230,100-249,100-249,False
44,44,<100,<100,False
175,175,100-249,100-249,False
707,707,500-999,500-999,False
2625,2625,>=1000,>=1000,False
411,411,250-499,250-499,False
128,128,100-249,100-249,False
324,324,250-499,250-499,False
47,47,<100,<100,False
1041,1041,>=1000,>=1000,False
1044,1044,>=1000,>=1000,False
448,448,250-499,250-499,False
213,213,100-249,100-249,False
545,545,500-999,500-999,False
213,213,100-249,100-249,False
272,272,250-499,250-499,False
454,454,250-499,250-499,False
46,46,<100,<100,False
448,448,250-499,250-499,False
55,55,<100,<100,False
282,282,250-499,250-499,False
590,590,500-999,500-999,False
460,460,250-499,250-499,False
721,721,500-999,500-999,False
114,114,100-249,100-249,False
251,251,250-499,250-499,False
1067,1067,>=1000,>=1000,False
203,203,100-249,100-249,False
668,668,500-999,500-999,False
417,417,250-499,250-499,False
102,102,100-249,100-249,False
721,721,500-999,500-999,False
421,421,250-499,250-499,False
474,474,250-499,250-499,False
300,300,250-499,250-499,False
577,577,500-999,500-999,False
688,687,500-999,500-999,False
93,93,<100,<100,False
715,715,500-999,500-999,False
1049,1049,>=1000,>=1000,False
423,423,250-499,250-499,False
670,669,500-999,500-999,False
1160,1160,>=1000,>=1000,False
54,54,<100,<100,False
778,778,500-999,500-999,False
210,210,100-249,100-249,False
448,448,250-499,250-499,False
226,226,100-249,100-249,False
256,256,250-499,250-499,False
55,55,<100,<100,False
1228,1228,>=1000,>=1000,False
320,320,250-499,250-499,False
1286,1286,>=1000,>=1000,False
289,289,250-499,250-499,False
687,687,500-999,500-999,False
303,303,250-499,250-499,False
485,485,250-499,250-499,False
388,388,250-499,250-499,False
203,203,100-249,100-249,False
97,97,<100,<100,False
261,261,250-499,250-499,False
737,737,500-999,500-999,False
1275,1275,>=1000,>=1000,False
700,700,500-999,500-999,False
657,657,500-999,500-999,False
654,654,500-999,500-999,False
72,72,<100,<100,False
141,141,100-249,100-249,False
1854,1854,>=1000,>=1000,False
170,170,100-249,100-249,False
652,652,500-999,500-999,False
356,356,250-499,250-499,False
518,518,500-999,500-999,False
236,236,100-249,100-249,False
2139,2139,>=1000,>=1000,False
53,53,<100,<100,False
580,580,500-999,500-999,False
595,595,500-999,500-999,False
264,264,250-499,250-499,False
614,614,500-999,500-999,False
577,577,500-999,500-999,False
601,601,500-999,500-999,False
280,280,250-499,250-499,False
398,398,250-499,250-499,False
1252,1252,>=1000,>=1000,False
493,493,250-499,250-499,False
329,329,250-499,250-499,False
320,319,250-499,250-499,False
239,239,100-249,100-249,False
228,228,100-249,100-249,False
56,56,<100,<100,False
1827,1827,>=1000,>=1000,False
320,320,250-499,250-499,False
750,750,500-999,500-999,False
86,86,<100,<100,False
352,352,250-499,250-499,False
250,250,250-499,250-499,False
1723,1723,>=1000,>=1000,False
487,487,250-499,250-499,False
826,826,500-999,500-999,False
222,222,100-249,100-249,False
642,642,500-999,500-999,False
193,193,100-249,100-249,False
593,593,500-999,500-999,False
479,479,250-499,250-499,False
447,447,250-499,250-499,False
536,536,500-999,500-999,False
599,599,500-999,500-999,False
884,884,500-999,500-999,False
738,738,500-999,500-999,False
225,225,100-249,100-249,False
935,935,500-999,500-999,False
571,571,500-999,500-999,False
647,647,500-999,500-999,False
364,364,250-499,250-499,False
424,424,250-499,250-499,False
325,325,250-499,250-499,False
658,658,500-999,500-999,False
636,636,500-999,500-999,False
632,632,500-999,500-999,False
326,326,250-499,250-499,False
85,85,<100,<100,False
273,273,250-499,250-499,False
154,154,100-249,100-249,False
614,614,500-999,500-999,False
533,533,500-999,500-999,False
958,958,500-999,500-999,False
207,207,100-249,100-249,False
1171,1171,>=1000,>=1000,False
578,578,500-999,500-999,False
265,265,250-499,250-499,False
1798,1798,>=1000,>=1000,False
479,479,250-499,250-499,False
2348,2348,>=1000,>=1000,False
86,86,<100,<100,False
385,385,250-499,250-499,False
397,397,250-499,250-499,False
184,184,100-249,100-249,False
141,141,100-249,100-249,False
918,918,500-999,500-999,False
49,49,<100,<100,False
561,561,500-999,500-999,False
1257,1257,>=1000,>=1000,False
487,487,250-499,250-499,False
172,172,100-249,100-249,False
280,280,250-499,250-499,False
361,361,250-499,250-499,False
1792,1792,>=1000,>=1000,False
191,191,100-249,100-249,False
488,488,250-499,250-499,False
209,209,100-249,100-249,False
624,624,500-999,500-999,False
1047,1047,>=1000,>=1000,False
255,255,250-499,250-499,False
249,249,100-249,100-249,False
200,200,100-249,100-249,False
434,434,250-499,250-499,False
96,96,<100,<100,False
651,651,500-999,500-999,False
468,468,250-499,250-499,False
1340,1340,>=1000,>=1000,False
374,374,250-499,250-499,False
993,993,500-999,500-999,False
557,557,500-999,500-999,False
438,438,250-499,250-499,False
200,200,100-249,100-249,False
664,664,500-999,500-999,False
224,224,100-249,100-249,False
510,510,500-999,500-999,False
210,210,100-249,100-249,False
380,380,250-499,250-499,False
89,89,<100,<100,False
78,78,<100,<100,False
420,420,250-499,250-499,False
352,352,250-499,250-499,False
73,73,<100,<100,False
363,363,250-499,250-499,False
59,59,<100,<100,False
46,46,<100,<100,False
699,699,500-999,500-999,False
1103,1103,>=1000,>=1000,False
655,655,500-999,500-999,False
573,573,500-999,500-999,False
1296,1296,>=1000,>=1000,False
136,136,100-249,100-249,False
218,218,100-249,100-249,False
214,214,100-249,100-249,False
277,277,250-499,250-499,False
351,351,250-499,250-499,False
263,263,250-499,250-499,False
239,239,100-249,100-249,False
1115,1115,>=1000,>=1000,False
80,80,<100,<100,False
362,362,250-499,250-499,False
47,47,<100,<100,False
1111,1111,>=1000,>=1000,False
933,933,500-999,500-999,False
502,502,500-999,500-999,False
2070,2070,>=1000,>=1000,False
212,212,100-249,100-249,False
156,156,100-249,100-249,False
452,452,250-499,250-499,False
897,897,500-999,500-999,False
390,390,250-499,250-499,False
333,333,250-499,250-499,False
1024,1024,>=1000,>=1000,False
719,719,500-999,500-999,False
1648,1648,>=1000,>=1000,False
575,575,500-999,500-999,False
279,279,250-499,250-499,False
279,279,250-499,250-499,False
360,360,250-499,250-499,False
463,463,250-499,250-499,False
255,255,250-499,250-499,False
280,280,250-499,250-499,False
652,651,500-999,500-999,False
553,553,500-999,500-999,False
1240,1240,>=1000,>=1000,False
1215,1215,>=1000,>=1000,False
136,136,100-249,100-249,False
244,244,100-249,100-249,False
998,998,500-999,500-999,False
465,465,250-499,250-499,False
335,335,250-499,250-499,False
700,700,500-999,500-999,False
638,638,500-999,500-999,False
408,408,250-499,250-499,False
38,38,<100,<100,False
164,164,100-249,100-249,False
292,292,250-499,250-499,False
53,53,<100,<100,False
155,155,100-249,100-249,False
317,317,250-499,250-499,False
177,177,100-249,100-249,False
835,835,500-999,500-999,False
1217,1217,>=1000,>=1000,False
126,126,100-249,100-249,False
294,294,250-499,250-499,False
1754,1753,>=1000,>=1000,False
488,488,250-499,250-499,False
373,373,250-499,250-499,False
639,639,500-999,500-999,False
686,686,500-999,500-999,False
332,332,250-499,250-499,False
107,107,100-249,100-249,False
158,158,100-249,100-249,False
863,863,500-999,500-999,False
223,223,100-249,100-249,False
379,379,250-499,250-499,False
285,285,250-499,250-499,False
1004,1004,>=1000,>=1000,False
367,367,250-499,250-499,False
87,87,<100,<100,False
96,96,<100,<100,False
1820,1820,>=1000,>=1000,False
458,458,250-499,250-499,False
257,257,250-499,250-499,False
142,142,100-249,100-249,False
571,571,500-999,500-999,False
640,640,500-999,500-999,False
57,57,<100,<100,False
659,659,500-999,500-999,False
381,381,250-499,250-499,False
239,239,100-249,100-249,False
671,671,500-999,500-999,False
478,478,250-499,250-499,False
405,405,250-499,250-499,False
86,86,<100,<100,False
989,989,500-999,500-999,False
250,250,250-499,250-499,False
353,353,250-499,250-499,False
350,350,250-499,250-499,False
170,170,100-249,100-249,False
304,304,250-499,250-499,False
41,41,<100,<100,False
473,473,250-499,250-499,False
349,349,250-499,250-499,False
238,238,100-249,100-249,False
326,326,250-499,250-499,False
422,422,250-499,250-499,False
278,278,250-499,250-499,False
457,457,250-499,250-499,False
870,870,500-999,500-999,False
472,472,250-499,250-499,False
267,267,250-499,250-499,False
261,261,250-499,250-499,False
654,654,500-999,500-999,False
1108,1108,>=1000,>=1000,False
204,204,100-249,100-249,False
1032,1032,>=1000,>=1000,False
205,205,100-249,100-249,False
1774,1774,>=1000,>=1000,False
619,619,500-999,500-999,False
225,225,100-249,100-249,False
255,255,250-499,250-499,False
485,485,250-499,250-499,False
463,463,250-499,250-499,False
487,487,250-499,250-499,False
302,302,250-499,250-499,False
211,211,100-249,100-249,False
306,306,250-499,250-499,False
1121,1121,>=1000,>=1000,False
268,268,250-499,250-499,False
398,398,250-499,250-499,False
103,103,100-249,100-249,False
268,268,250-499,250-499,False
580,580,500-999,500-999,False
149,149,100-249,100-249,False
404,404,250-499,250-499,False
927,927,500-999,500-999,False
1496,1495,>=1000,>=1000,False
971,971,500-999,500-999,False
774,774,500-999,500-999,False
801,801,500-999,500-999,False
216,216,100-249,100-249,False
316,316,250-499,250-499,False
169,169,100-249,100-249,False
424,424,250-499,250-499,False
629,629,500-999,500-999,False
288,288,250-499,250-499,False
258,258,250-499,250-499,False
302,302,250-499,250-499,False
273,273,250-499,250-499,False
553,553,500-999,500-999,False
45,45,<100,<100,False
233,233,100-249,100-249,False
115,115,100-249,100-249,False
144,144,100-249,100-249,False
439,439,250-499,250-499,False
329,329,250-499,250-499,False
40,40,<100,<100,False
311,311,250-499,250-499,False
687,687,500-999,500-999,False
425,425,250-499,250-499,False
1007,1007,>=1000,>=1000,False
46,46,<100,<100,False
249,249,100-249,100-249,False
562,562,500-999,500-999,False
270,270,250-499,250-499,False
410,410,250-499,250-499,False
407,407,250-499,250-499,False
70,70,<100,<100,False
473,473,250-499,250-499,False
32,32,<100,<100,False
1055,1055,>=1000,>=1000,False
246,246,100-249,100-249,False
205,205,100-249,100-249,False
149,149,100-249,100-249,False
85,85,<100,<100,False
299,299,250-499,250-499,False
1013,1013,>=1000,>=1000,False
361,361,250-499,250-499,False
166,166,100-249,100-249,False
1035,1035,>=1000,>=1000,False
591,591,500-999,500-999,False
429,429,250-499,250-499,False
1104,1104,>=1000,>=1000,False
362,362,250-499,250-499,False
879,879,500-999,500-999,False
288,288,250-499,250-499,False
390,390,250-499,250-499,False
137,137,100-249,100-249,False
282,282,250-499,250-499,False
1603,1603,>=1000,>=1000,False
1212,1212,>=1000,>=1000,False
209,209,100-249,100-249,False
506,506,500-999,500-999,False
1116,1116,>=1000,>=1000,False
649,649,500-999,500-999,False
328,328,250-499,250-499,False
417,417,250-499,250-499,False
348,348,250-499,250-499,False
1033,1033,>=1000,>=1000,False
389,389,250-499,250-499,False
404,404,250-499,250-499,False
441,441,250-499,250-499,False
376,375,250-499,250-499,False
569,569,500-999,500-999,False
719,719,500-999,500-999,False
710,710,500-999,500-999,False
620,620,500-999,500-999,False
680,680,500-999,500-999,False
45,45,<100,<100,False
201,201,100-249,100-249,False
217,217,100-249,100-249,False
224,223,100-249,100-249,False
1158,1158,>=1000,>=1000,False
274,274,250-499,250-499,False
43,43,<100,<100,False
456,456,250-499,250-499,False
73,73,<100,<100,False
586,586,500-999,500-999,False
880,880,500-999,500-999,False
612,612,500-999,500-999,False
906,905,500-999,500-999,False
477,477,250-499,250-499,False
83,83,<100,<100,False
620,620,500-999,500-999,False
261,261,250-499,250-499,False
179,179,100-249,100-249,False
354,354,250-499,250-499,False
576,576,500-999,500-999,False
314,314,250-499,250-499,False
276,276,250-499,250-499,False
346,346,250-499,250-499,False
655,655,500-999,500-999,False
657,657,500-999,500-999,False
828,828,500-999,500-999,False
331,331,250-499,250-499,False
610,610,500-999,500-999,False
404,404,250-499,250-499,False
1474,1474,>=1000,>=1000,False
281,281,250-499,250-499,False
281,281,250-499,250-499,False
534,534,500-999,500-999,False
341,341,250-499,250-499,False
386,386,250-499,250-499,False
45,45,<100,<100,False
518,518,500-999,500-999,False
307,307,250-499,250-499,False
532,532,500-999,500-999,False
834,834,500-999,500-999,False
1164,1164,>=1000,>=1000,False
53,53,<100,<100,False
566,566,500-999,500-999,False
549,549,500-999,500-999,False
145,145,100-249,100-249,False
535,535,500-999,500-999,False
227,227,100-249,100-249,False
1459,1459,>=1000,>=1000,False
223,223,100-249,100-249,False
378,378,250-499,250-499,False
251,251,250-499,250-499,False
679,679,500-999,500-999,False
449,449,250-499,250-499,False
138,138,100-249,100-249,False
81,81,<100,<100,False
107,107,100-249,100-249,False
1104,1104,>=1000,>=1000,False
1322,1321,>=1000,>=1000,False
579,579,500-999,500-999,False
243,243,100-249,100-249,False
404,404,250-499,250-499,False
39,39,<100,<100,False
71,71,<100,<100,False
249,249,100-249,100-249,False
300,300,250-499,250-499,False
252,252,250-499,250-499,False
284,284,250-499,250-499,False
570,570,500-999,500-999,False
719,719,500-999,500-999,False
230,230,100-249,100-249,False
651,651,500-999,500-999,False
54,54,<100,<100,False
274,274,250-499,250-499,False
663,663,500-999,500-999,False
479,479,250-499,250-499,False
421,421,250-499,250-499,False
93,93,<100,<100,False
91,91,<100,<100,False
321,321,250-499,250-499,False
269,269,250-499,250-499,False
227,227,100-249,100-249,False
486,486,250-499,250-499,False
826,826,500-999,500-999,False
666,666,500-999,500-999,False
482,482,250-499,250-499,False
772,771,500-999,500-999,False
933,933,500-999,500-999,False
77,77,<100,<100,False
210,210,100-249,100-249,False
453,453,250-499,250-499,False
579,579,500-999,500-999,False
1042,1042,>=1000,>=1000,False
267,267,250-499,250-499,False
156,156,100-249,100-249,False
45,45,<100,<100,False
45,45,<100,<100,False
302,302,250-499,250-499,False
74,74,<100,<100,False
368,368,250-499,250-499,False
49,49,<100,<100,False
518,518,500-999,500-999,False
496,496,250-499,250-499,False
60,60,<100,<100,False
176,176,100-249,100-249,False
905,905,500-999,500-999,False
1243,1243,>=1000,>=1000,False
1078,1078,>=1000,>=1000,False
556,556,500-999,500-999,False
682,682,500-999,500-999,False
459,459,250-499,250-499,False
372,372,250-499,250-499,False
455,455,250-499,250-499,False
461,461,250-499,250-499,False
350,350,250-499,250-499,False
47,47,<100,<100,False
2043,2043,>=1000,>=1000,False
282,282,250-499,250-499,False
573,573,500-999,500-999,False
1852,1852,>=1000,>=1000,False
903,903,500-999,500-999,False
403,403,250-499,250-499,False
999,999,500-999,500-999,False
1043,1043,>=1000,>=1000,False
959,959,500-999,500-999,False
180,180,100-249,100-249,False
70,70,<100,<100,False
378,378,250-499,250-499,False
1042,1042,>=1000,>=1000,False
48,48,<100,<100,False
438,438,250-499,250-499,False
76,76,<100,<100,False
39,39,<100,<100,False
312,312,250-499,250-499,False
217,217,100-249,100-249,False
502,502,500-999,500-999,False
271,271,250-499,250-499,False
878,878,500-999,500-999,False
682,682,500-999,500-999,False
250,250,250-499,250-499,False
128,128,100-249,100-249,False
1127,1127,>=1000,>=1000,False
1859,1859,>=1000,>=1000,False
89,89,<100,<100,False
396,396,250-499,250-499,False
1113,1113,>=1000,>=1000,False
692,692,500-999,500-999,False
409,409,250-499,250-499,False
426,426,250-499,250-499,False
680,680,500-999,500-999,False
61,61,<100,<100,False
404,404,250-499,250-499,False
433,433,250-499,250-499,False
986,986,500-999,500-999,False
1122,1122,>=1000,>=1000,False
52,52,<100,<100,False
67,67,<100,<100,False
765,765,500-999,500-999,False
236,236,100-249,100-249,False
534,534,500-999,500-999,False
597,597,500-999,500-999,False
70,70,<100,<100,False
314,314,250-499,250-499,False
141,141,100-249,100-249,False
294,294,250-499,250-499,False
145,145,100-249,100-249,False
571,571,500-999,500-999,False
505,505,500-999,500-999,False
278,278,250-499,250-499,False
479,479,250-499,250-499,False
990,990,500-999,500-999,False
312,312,250-499,250-499,False
586,586,500-999,500-999,False
378,378,250-499,250-499,False
523,523,500-999,500-999,False
67,67,<100,<100,False
1214,1214,>=1000,>=1000,False
1272,1272,>=1000,>=1000,False
324,324,250-499,250-499,False
155,155,100-249,100-249,False
1416,1416,>=1000,>=1000,False
1046,1046,>=1000,>=1000,False
612,612,500-999,500-999,False
716,716,500-999,500-999,False
121,121,100-249,100-249,False
214,214,100-249,100-249,False
408,408,250-499,250-499,False
152,152,100-249,100-249,False
332,332,250-499,250-499,False
569,569,500-999,500-999,False
540,540,500-999,500-999,False
477,475,250-499,250-499,False
448,448,250-499,250-499,False
446,446,250-499,250-499,False
137,137,100-249,100-249,False
460,460,250-499,250-499,False
319,319,250-499,250-499,False
456,456,250-499,250-499,False
238,238,100-249,100-249,False
398,398,250-499,250-499,False
344,344,250-499,250-499,False
342,342,250-499,250-499,False
848,848,500-999,500-999,False
504,504,500-999,500-999,False
395,395,250-499,250-499,False
639,639,500-999,500-999,False
237,237,100-249,100-249,False
364,364,250-499,250-499,False
1053,1053,>=1000,>=1000,False
887,887,500-999,500-999,False
1245,1245,>=1000,>=1000,False
290,290,250-499,250-499,False
363,363,250-499,250-499,False
609,609,500-999,500-999,False
454,454,250-499,250-499,False
764,764,500-999,500-999,False
38,38,<100,<100,False
541,541,500-999,500-999,False
24,24,<100,<100,False
637,637,500-999,500-999,False
1206,1206,>=1000,>=1000,False
416,416,250-499,250-499,False
57,57,<100,<100,False
650,650,500-999,500-999,False
201,201,100-249,100-249,False
544,544,500-999,500-999,False
907,907,500-999,500-999,False
406,406,250-499,250-499,False
159,159,100-249,100-249,False
633,633,500-999,500-999,False
726,726,500-999,500-999,False
380,380,250-499,250-499,False
460,460,250-499,250-499,False
791,791,500-999,500-999,False
567,567,500-999,500-999,False
267,267,250-499,250-499,False
737,737,500-999,500-999,False
390,390,250-499,250-499,False
877,877,500-999,500-999,False
1971,1971,>=1000,>=1000,False
446,446,250-499,250-499,False
842,842,500-999,500-999,False
207,207,100-249,100-249,False
279,279,250-499,250-499,False
362,362,250-499,250-499,False
959,959,500-999,500-999,False
325,325,250-499,250-499,False
573,573,500-999,500-999,False
889,889,500-999,500-999,False
284,284,250-499,250-499,False
883,883,500-999,500-999,False
440,440,250-499,250-499,False
358,358,250-499,250-499,False
137,137,100-249,100-249,False
171,171,100-249,100-249,False
557,557,500-999,500-999,False
216,216,100-249,100-249,False
527,527,500-999,500-999,False
710,709,500-999,500-999,False
479,479,250-499,250-499,False
887,887,500-999,500-999,False
92,92,<100,<100,False
407,407,250-499,250-499,False
282,282,250-499,250-499,False
333,333,250-499,250-499,False
229,229,100-249,100-249,False
71,71,<100,<100,False
353,353,250-499,250-499,False
1035,1035,>=1000,>=1000,False
1209,1209,>=1000,>=1000,False
69,69,<100,<100,False
112,112,100-249,100-249,False
310,310,250-499,250-499,False
316,316,250-499,250-499,False
741,741,500-999,500-999,False
1172,1172,>=1000,>=1000,False
200,200,100-249,100-249,False
981,981,500-999,500-999,False
372,372,250-499,250-499,False
329,329,250-499,250-499,False
48,48,<100,<100,False
366,366,250-499,250-499,False
184,184,100-249,100-249,False
320,320,250-499,250-499,False
36,36,<100,<100,False
598,598,500-999,500-999,False
357,357,250-499,250-499,False
251,251,250-499,250-499,False
192,192,100-249,100-249,False
620,619,500-999,500-999,False
726,726,500-999,500-999,False
1058,1058,>=1000,>=1000,False
288,288,250-499,250-499,False
264,264,250-499,250-499,False
256,256,250-499,250-499,False
1070,1070,>=1000,>=1000,False
1427,1427,>=1000,>=1000,False
61,61,<100,<100,False
126,126,100-249,100-249,False
230,230,100-249,100-249,False
371,371,250-499,250-499,False
377,377,250-499,250-499,False
2093,2093,>=1000,>=1000,False
839,839,500-999,500-999,False
854,854,500-999,500-999,False
297,297,250-499,250-499,False
46,46,<100,<100,False
533,533,500-999,500-999,False
42,42,<100,<100,False
693,693,500-999,500-999,False
1119,1119,>=1000,>=1000,False
574,574,500-999,500-999,False
1163,1163,>=1000,>=1000,False
238,238,100-249,100-249,False
288,288,250-499,250-499,False
554,554,500-999,500-999,False
1344,1344,>=1000,>=1000,False
1226,1226,>=1000,>=1000,False
521,521,500-999,500-999,False
305,305,250-499,250-499,False
1682,1682,>=1000,>=1000,False
73,73,<100,<100,False
488,488,250-499,250-499,False
171,171,100-249,100-249,False
484,484,250-499,250-499,False
169,169,100-249,100-249,False
1498,1498,>=1000,>=1000,False
793,793,500-999,500-999,False
753,753,500-999,500-999,False
624,623,500-999,500-999,False
174,174,100-249,100-249,False
987,987,500-999,500-999,False
56,56,<100,<100,False
64,64,<100,<100,False
2016,2016,>=1000,>=1000,False
649,649,500-999,500-999,False
54,54,<100,<100,False
86,86,<100,<100,False
172,172,100-249,100-249,False
1152,1152,>=1000,>=1000,False
950,950,500-999,500-999,False
725,725,500-999,500-999,False
706,706,500-999,500-999,False
335,335,250-499,250-499,False
133,133,100-249,100-249,False
140,140,100-249,100-249,False
212,212,100-249,100-249,False
666,666,500-999,500-999,False
413,413,250-499,250-499,False
372,372,250-499,250-499,False
261,261,250-499,250-499,False
455,455,250-499,250-499,False
47,47,<100,<100,False
574,574,500-999,500-999,False
276,276,250-499,250-499,False
561,561,500-999,500-999,False
567,567,500-999,500-999,False
535,535,500-999,500-999,False
560,560,500-999,500-999,False
356,356,250-499,250-499,False
90,90,<100,<100,False
340,340,250-499,250-499,False
420,420,250-499,250-499,False
682,682,500-999,500-999,False
729,729,500-999,500-999,False
269,269,250-499,250-499,False
874,874,500-999,500-999,False
640,640,500-999,500-999,False
268,268,250-499,250-499,False
72,72,<100,<100,False
1171,1171,>=1000,>=1000,False
980,980,500-999,500-999,False
1258,1258,>=1000,>=1000,False
582,582,500-999,500-999,False
286,286,250-499,250-499,False
1049,1049,>=1000,>=1000,False
45,45,<100,<100,False
675,675,500-999,500-999,False
775,775,500-999,500-999,False
691,691,500-999,500-999,False
1346,1346,>=1000,>=1000,False
385,385,250-499,250-499,False
278,278,250-499,250-499,False
522,522,500-999,500-999,False
624,624,500-999,500-999,False
295,295,250-499,250-499,False
673,673,500-999,500-999,False
633,633,500-999,500-999,False
466,466,250-499,250-499,False
1154,1154,>=1000,>=1000,False
789,789,500-999,500-999,False
435,435,250-499,250-499,False
1011,1011,>=1000,>=1000,False
544,544,500-999,500-999,False
360,360,250-499,250-499,False
463,463,250-499,250-499,False
67,67,<100,<100,False
699,699,500-999,500-999,False
758,758,500-999,500-999,False
1164,1164,>=1000,>=1000,False
91,91,<100,<100,False
94,94,<100,<100,False
682,682,500-999,500-999,False
338,338,250-499,250-499,False
708,708,500-999,500-999,False
305,305,250-499,250-499,False
186,186,100-249,100-249,False
67,67,<100,<100,False
336,336,250-499,250-499,False
73,73,<100,<100,False
542,542,500-999,500-999,False
720,720,500-999,500-999,False
223,223,100-249,100-249,False
341,341,250-499,250-499,False
1136,1136,>=1000,>=1000,False
200,200,100-249,100-249,False
208,208,100-249,100-249,False
56,56,<100,<100,False
287,287,250-499,250-499,False
56,56,<100,<100,False
228,228,100-249,100-249,False
105,105,100-249,100-249,False
223,223,100-249,100-249,False
563,563,500-999,500-999,False
194,194,100-249,100-249,False
501,501,500-999,500-999,False
603,603,500-999,500-999,False
46,46,<100,<100,False
163,163,100-249,100-249,False
205,205,100-249,100-249,False
700,700,500-999,500-999,False
718,718,500-999,500-999,False
1503,1503,>=1000,>=1000,False
83,83,<100,<100,False
880,880,500-999,500-999,False
253,253,250-499,250-499,False
626,626,500-999,500-999,False
443,443,250-499,250-499,False
972,972,500-999,500-999,False
536,536,500-999,500-999,False
414,414,250-499,250-499,False
394,394,250-499,250-499,False
737,737,500-999,500-999,False
327,327,250-499,250-499,False
86,86,<100,<100,False
390,390,250-499,250-499,False
406,406,250-499,250-499,False
173,173,100-249,100-249,False
332,332,250-499,250-499,False
233,233,100-249,100-249,False
644,644,500-999,500-999,False
1022,1022,>=1000,>=1000,False
1159,1159,>=1000,>=1000,False
1168,1168,>=1000,>=1000,False
366,366,250-499,250-499,False
741,741,500-999,500-999,False
588,588,500-999,500-999,False
384,384,250-499,250-499,False
45,45,<100,<100,False
581,581,500-999,500-999,False
231,231,100-249,100-249,False
1272,1272,>=1000,>=1000,False
277,277,250-499,250-499,False
610,610,500-999,500-999,False
446,446,250-499,250-499,False
1312,1312,>=1000,>=1000,False
571,571,500-999,500-999,False
459,459,250-499,250-499,False
546,546,500-999,500-999,False
278,278,250-499,250-499,False
30,30,<100,<100,False
315,315,250-499,250-499,False
1470,1470,>=1000,>=1000,False
550,550,500-999,500-999,False
273,273,250-499,250-499,False
465,465,250-499,250-499,False
1315,1315,>=1000,>=1000,False
444,444,250-499,250-499,False
163,163,100-249,100-249,False
577,577,500-999,500-999,False
445,445,250-499,250-499,False
662,662,500-999,500-999,False
186,186,100-249,100-249,False
404,404,250-499,250-499,False
687,687,500-999,500-999,False
302,302,250-499,250-499,False
667,667,500-999,500-999,False
305,305,250-499,250-499,False
1083,1083,>=1000,>=1000,False
295,295,250-499,250-499,False
196,196,100-249,100-249,False
731,731,500-999,500-999,False
545,545,500-999,500-999,False
169,169,100-249,100-249,False
423,423,250-499,250-499,False
947,947,500-999,500-999,False
418,418,250-499,250-499,False
147,147,100-249,100-249,False
54,54,<100,<100,False
1096,1096,>=1000,>=1000,False
148,148,100-249,100-249,False
942,942,500-999,500-999,False
33,33,<100,<100,False
351,351,250-499,250-499,False
554,554,500-999,500-999,False
247,247,100-249,100-249,False
702,702,500-999,500-999,False
89,89,<100,<100,False
466,466,250-499,250-499,False
200,200,100-249,100-249,False
1494,1494,>=1000,>=1000,False
423,423,250-499,250-499,False
362,362,250-499,250-499,False
154,154,100-249,100-249,False
392,392,250-499,250-499,False
595,595,500-999,500-999,False
276,276,250-499,250-499,False
568,568,500-999,500-999,False
634,634,500-999,500-999,False
952,952,500-999,500-999,False
51,51,<100,<100,False
243,243,100-249,100-249,False
592,592,500-999,500-999,False
535,535,500-999,500-999,False
2182,2182,>=1000,>=1000,False
1138,1138,>=1000,>=1000,False
508,508,500-999,500-999,False
380,380,250-499,250-499,False
650,650,500-999,500-999,False
801,801,500-999,500-999,False
227,227,100-249,100-249,False
602,602,500-999,500-999,False
263,263,250-499,250-499,False
406,406,250-499,250-499,False
48,48,<100,<100,False
443,443,250-499,250-499,False
548,548,500-999,500-999,False
818,818,500-999,500-999,False
227,227,100-249,100-249,False
554,553,500-999,500-999,False
1112,1112,>=1000,>=1000,False
530,530,500-999,500-999,False
640,640,500-999,500-999,False
614,614,500-999,500-999,False
78,78,<100,<100,False
1137,1137,>=1000,>=1000,False
1154,1154,>=1000,>=1000,False
274,274,250-499,250-499,False
140,140,100-249,100-249,False
613,613,500-999,500-999,False
274,274,250-499,250-499,False
76,76,<100,<100,False
454,454,250-499,250-499,False
480,480,250-499,250-499,False
414,414,250-499,250-499,False
456,456,250-499,250-499,False
846,846,500-999,500-999,False
131,131,100-249,100-249,False
1900,1900,>=1000,>=1000,False
1162,1162,>=1000,>=1000,False
47,47,<100,<100,False
337,337,250-499,250-499,False
714,714,500-999,500-999,False
625,625,500-999,500-999,False
136,136,100-249,100-249,False
298,298,250-499,250-499,False
967,967,500-999,500-999,False
220,220,100-249,100-249,False
1074,1074,>=1000,>=1000,False
350,350,250-499,250-499,False
486,486,250-499,250-499,False
573,573,500-999,500-999,False
932,932,500-999,500-999,False
330,330,250-499,250-499,False
190,190,100-249,100-249,False
1137,1137,>=1000,>=1000,False
176,176,100-249,100-249,False
1000,1000,>=1000,>=1000,False
1175,1175,>=1000,>=1000,False
1246,1246,>=1000,>=1000,False
674,674,500-999,500-999,False
231,231,100-249,100-249,False
76,76,<100,<100,False
218,218,100-249,100-249,False
574,574,500-999,500-999,False
308,308,250-499,250-499,False
438,437,250-499,250-499,False
720,720,500-999,500-999,False
332,332,250-499,250-499,False
66,66,<100,<100,False
713,713,500-999,500-999,False
244,244,100-249,100-249,False
592,592,500-999,500-999,False
491,491,250-499,250-499,False
330,330,250-499,250-499,False
166,166,100-249,100-249,False
476,476,250-499,250-499,False
233,233,100-249,100-249,False
317,317,250-499,250-499,False
734,734,500-999,500-999,False
735,735,500-999,500-999,False
727,727,500-999,500-999,False
845,845,500-999,500-999,False
464,464,250-499,250-499,False
477,477,250-499,250-499,False
819,819,500-999,500-999,False
633,633,500-999,500-999,False
533,533,500-999,500-999,False
45,45,<100,<100,False
672,672,500-999,500-999,False
939,939,500-999,500-999,False
836,836,500-999,500-999,False
866,866,500-999,500-999,False
318,318,250-499,250-499,False
349,349,250-499,250-499,False
464,464,250-499,250-499,False
9,9,<100,<100,False
649,649,500-999,500-999,False
353,353,250-499,250-499,False
837,837,500-999,500-999,False
292,292,250-499,250-499,False
493,493,250-499,250-499,False
1740,1740,>=1000,>=1000,False
448,448,250-499,250-499,False
318,318,250-499,250-499,False
483,483,250-499,250-499,False
61,61,<100,<100,False
660,660,500-999,500-999,False
318,318,250-499,250-499,False
634,634,500-999,500-999,False
714,714,500-999,500-999,False
325,325,250-499,250-499,False
666,666,500-999,500-999,False
534,534,500-999,500-999,False
1110,1110,>=1000,>=1000,False
49,49,<100,<100,False
712,712,500-999,500-999,False
1231,1231,>=1000,>=1000,False
45,45,<100,<100,False
746,746,500-999,500-999,False
616,616,500-999,500-999,False
384,384,250-499,250-499,False
229,229,100-249,100-249,False
68,68,<100,<100,False
417,417,250-499,250-499,False
79,79,<100,<100,False
957,957,500-999,500-999,False
229,229,100-249,100-249,False
966,966,500-999,500-999,False
610,610,500-999,500-999,False
878,878,500-999,500-999,False
251,251,250-499,250-499,False
396,396,250-499,250-499,False
391,391,250-499,250-499,False
518,518,500-999,500-999,False
636,636,500-999,500-999,False
803,803,500-999,500-999,False
567,567,500-999,500-999,False
322,322,250-499,250-499,False
440,440,250-499,250-499,False
358,358,250-499,250-499,False
490,490,250-499,250-499,False
530,530,500-999,500-999,False
136,136,100-249,100-249,False
296,296,250-499,250-499,False
137,137,100-249,100-249,False
276,276,250-499,250-499,False
213,213,100-249,100-249,False
274,274,250-499,250-499,False
749,749,500-999,500-999,False
240,240,100-249,100-249,False
285,285,250-499,250-499,False
740,740,500-999,500-999,False
416,416,250-499,250-499,False
128,128,100-249,100-249,False
255,255,250-499,250-499,False
62,62,<100,<100,False
218,218,100-249,100-249,False
580,580,500-999,500-999,False
200,200,100-249,100-249,False
763,763,500-999,500-999,False
1792,1792,>=1000,>=1000,False
619,619,500-999,500-999,False
119,119,100-249,100-249,False
263,263,250-499,250-499,False
963,963,500-999,500-999,False
53,53,<100,<100,False
655,655,500-999,500-999,False
29,29,<100,<100,False
122,121,100-249,100-249,False
125,125,100-249,100-249,False
42,42,<100,<100,False
789,789,500-999,500-999,False
1676,1675,>=1000,>=1000,False
1203,1203,>=1000,>=1000,False
149,149,100-249,100-249,False
1043,1043,>=1000,>=1000,False
390,390,250-499,250-499,False
796,796,500-999,500-999,False
183,183,100-249,100-249,False
362,362,250-499,250-499,False
480,480,250-499,250-499,False
651,651,500-999,500-999,False
884,884,500-999,500-999,False
629,629,500-999,500-999,False
31,31,<100,<100,False
1243,1243,>=1000,>=1000,False
187,187,100-249,100-249,False
1070,1070,>=1000,>=1000,False
1040,1040,>=1000,>=1000,False
1141,1141,>=1000,>=1000,False
1134,1134,>=1000,>=1000,False
60,60,<100,<100,False
474,474,250-499,250-499,False
384,384,250-499,250-499,False
1309,1309,>=1000,>=1000,False
155,155,100-249,100-249,False
781,781,500-999,500-999,False
66,66,<100,<100,False
73,73,<100,<100,False
478,478,250-499,250-499,False
613,613,500-999,500-999,False
706,706,500-999,500-999,False
362,362,250-499,250-499,False
79,79,<100,<100,False
1087,1087,>=1000,>=1000,False
458,458,250-499,250-499,False
66,66,<100,<100,False
272,272,250-499,250-499,False
356,356,250-499,250-499,False
681,681,500-999,500-999,False
209,209,100-249,100-249,False
343,343,250-499,250-499,False
785,785,500-999,500-999,False
583,583,500-999,500-999,False
80,80,<100,<100,False
282,282,250-499,250-499,False
312,312,250-499,250-499,False
43,43,<100,<100,False
618,618,500-999,500-999,False
636,636,500-999,500-999,False
445,445,250-499,250-499,False
1196,1196,>=1000,>=1000,False
1224,1224,>=1000,>=1000,False
917,917,500-999,500-999,False
358,358,250-499,250-499,False
228,228,100-249,100-249,False
497,497,250-499,250-499,False
382,382,250-499,250-499,False
522,522,500-999,500-999,False
235,235,100-249,100-249,False
446,446,250-499,250-499,False
1087,1087,>=1000,>=1000,False
973,973,500-999,500-999,False
902,902,500-999,500-999,False
79,79,<100,<100,False
126,126,100-249,100-249,False
520,520,500-999,500-999,False
179,179,100-249,100-249,False
336,336,250-499,250-499,False
286,286,250-499,250-499,False
906,906,500-999,500-999,False
331,331,250-499,250-499,False
46,46,<100,<100,False
351,351,250-499,250-499,False
194,194,100-249,100-249,False
1077,1077,>=1000,>=1000,False
535,535,500-999,500-999,False
1337,1337,>=1000,>=1000,False
704,704,500-999,500-999,False
1160,1160,>=1000,>=1000,False
294,294,250-499,250-499,False
387,387,250-499,250-499,False
406,406,250-499,250-499,False
174,174,100-249,100-249,False
807,807,500-999,500-999,False
361,361,250-499,250-499,False
48,48,<100,<100,False
158,158,100-249,100-249,False
996,996,500-999,500-999,False
241,241,100-249,100-249,False
1651,1651,>=1000,>=1000,False
284,284,250-499,250-499,False
234,234,100-249,100-249,False
1021,1021,>=1000,>=1000,False
153,153,100-249,100-249,False
263,263,250-499,250-499,False
333,333,250-499,250-499,False
120,120,100-249,100-249,False
1131,1131,>=1000,>=1000,False
393,393,250-499,250-499,False
75,75,<100,<100,False
586,586,500-999,500-999,False
511,511,500-999,500-999,False
180,180,100-249,100-249,False
1365,1365,>=1000,>=1000,False
914,914,500-999,500-999,False
383,383,250-499,250-499,False
424,424,250-499,250-499,False
87,87,<100,<100,False
713,713,500-999,500-999,False
268,268,250-499,250-499,False
197,197,100-249,100-249,False
211,211,100-249,100-249,False
30,30,<100,<100,False
396,396,250-499,250-499,False
820,820,500-999,500-999,False
325,325,250-499,250-499,False
403,403,250-499,250-499,False
104,104,100-249,100-249,False
352,352,250-499,250-499,False
1002,1002,>=1000,>=1000,False
263,263,250-499,250-499,False
1168,1168,>=1000,>=1000,False
288,288,250-499,250-499,False
192,192,100-249,100-249,False
216,216,100-249,100-249,False
756,756,500-999,500-999,False
49,49,<100,<100,False
212,212,100-249,100-249,False
211,211,100-249,100-249,False
369,369,250-499,250-499,False
1356,1356,>=1000,>=1000,False
116,116,100-249,100-249,False
189,189,100-249,100-249,False
739,739,500-999,500-999,False
83,83,<100,<100,False
325,325,250-499,250-499,False
240,240,100-249,100-249,False
347,347,250-499,250-499,False
711,711,500-999,500-999,False
946,946,500-999,500-999,False
784,784,500-999,500-999,False
47,47,<100,<100,False
524,524,500-999,500-999,False
1134,1134,>=1000,>=1000,False
209,209,100-249,100-249,False
405,405,250-499,250-499,False
345,345,250-499,250-499,False
1158,1158,>=1000,>=1000,False
306,306,250-499,250-499,False
895,895,500-999,500-999,False
1148,1148,>=1000,>=1000,False
329,329,250-499,250-499,False
513,513,500-999,500-999,False
975,975,500-999,500-999,False
147,147,100-249,100-249,False
542,542,500-999,500-999,False
907,907,500-999,500-999,False
415,415,250-499,250-499,False
988,988,500-999,500-999,False
589,589,500-999,500-999,False
53,53,<100,<100,False
531,531,500-999,500-999,False
300,300,250-499,250-499,False
124,124,100-249,100-249,False
164,164,100-249,100-249,False
461,461,250-499,250-499,False
342,342,250-499,250-499,False
252,252,250-499,250-499,False
128,128,100-249,100-249,False
49,49,<100,<100,False
967,967,500-999,500-999,False
309,309,250-499,250-499,False
1294,1294,>=1000,>=1000,False
425,425,250-499,250-499,False
46,46,<100,<100,False
123,123,100-249,100-249,False
758,758,500-999,500-999,False
287,287,250-499,250-499,False
533,533,500-999,500-999,False
342,342,250-499,250-499,False
1099,1099,>=1000,>=1000,False
343,343,250-499,250-499,False
247,247,100-249,100-249,False
314,314,250-499,250-499,False
1054,1054,>=1000,>=1000,False
140,140,100-249,100-249,False
783,783,500-999,500-999,False
717,717,500-999,500-999,False
71,71,<100,<100,False
412,412,250-499,250-499,False
438,438,250-499,250-499,False
1421,1421,>=1000,>=1000,False
274,274,250-499,250-499,False
188,188,100-249,100-249,False
780,780,500-999,500-999,False
218,218,100-249,100-249,False
341,341,250-499,250-499,False
803,803,500-999,500-999,False
517,517,500-999,500-999,False
419,419,250-499,250-499,False
718,718,500-999,500-999,False
383,383,250-499,250-499,False
406,406,250-499,250-499,False
289,289,250-499,250-499,False
455,455,250-499,250-499,False
124,124,100-249,100-249,False
346,346,250-499,250-499,False
1315,1315,>=1000,>=1000,False
451,451,250-499,250-499,False
589,589,500-999,500-999,False
458,458,250-499,250-499,False
251,251,250-499,250-499,False
214,214,100-249,100-249,False
359,359,250-499,250-499,False
438,438,250-499,250-499,False
314,314,250-499,250-499,False
315,315,250-499,250-499,False
1414,1414,>=1000,>=1000,False
812,812,500-999,500-999,False
298,298,250-499,250-499,False
600,600,500-999,500-999,False
1116,1116,>=1000,>=1000,False
386,386,250-499,250-499,False
275,275,250-499,250-499,False
552,552,500-999,500-999,False
707,707,500-999,500-999,False
443,443,250-499,250-499,False
298,298,250-499,250-499,False
1060,1060,>=1000,>=1000,False
49,49,<100,<100,False
69,69,<100,<100,False
120,120,100-249,100-249,False
661,661,500-999,500-999,False
487,487,250-499,250-499,False
695,695,500-999,500-999,False
590,590,500-999,500-999,False
292,291,250-499,250-499,False
395,395,250-499,250-499,False
736,736,500-999,500-999,False
226,226,100-249,100-249,False
353,353,250-499,250-499,False
160,160,100-249,100-249,False
243,243,100-249,100-249,False
325,325,250-499,250-499,False
1592,1592,>=1000,>=1000,False
554,554,500-999,500-999,False
712,712,500-999,500-999,False
934,934,500-999,500-999,False
421,421,250-499,250-499,False
668,668,500-999,500-999,False
291,291,250-499,250-499,False
357,357,250-499,250-499,False
140,140,100-249,100-249,False
976,976,500-999,500-999,False
420,420,250-499,250-499,False
410,410,250-499,250-499,False
430,430,250-499,250-499,False
633,633,500-999,500-999,False
321,321,250-499,250-499,False
463,463,250-499,250-499,False
965,965,500-999,500-999,False
1098,1098,>=1000,>=1000,False
154,154,100-249,100-249,False
583,583,500-999,500-999,False
46,46,<100,<100,False
509,509,500-999,500-999,False
507,507,500-999,500-999,False
108,108,100-249,100-249,False
317,317,250-499,250-499,False
38,38,<100,<100,False
772,772,500-999,500-999,False
317,317,250-499,250-499,False
1170,1170,>=1000,>=1000,False
366,366,250-499,250-499,False
1305,1305,>=1000,>=1000,False
251,251,250-499,250-499,False
960,960,500-999,500-999,False
364,364,250-499,250-499,False
650,650,500-999,500-999,False
261,261,250-499,250-499,False
1153,1153,>=1000,>=1000,False
169,169,100-249,100-249,False
636,636,500-999,500-999,False
246,246,100-249,100-249,False
307,307,250-499,250-499,False
926,926,500-999,500-999,False
31,31,<100,<100,False
656,656,500-999,500-999,False
408,408,250-499,250-499,False
246,246,100-249,100-249,False
166,166,100-249,100-249,False
379,379,250-499,250-499,False
613,613,500-999,500-999,False
1064,1064,>=1000,>=1000,False
1149,1149,>=1000,>=1000,False
383,383,250-499,250-499,False
78,78,<100,<100,False
837,837,500-999,500-999,False
255,255,250-499,250-499,False
529,529,500-999,500-999,False
504,504,500-999,500-999,False
219,219,100-249,100-249,False
811,811,500-999,500-999,False
30,30,<100,<100,False
1380,1380,>=1000,>=1000,False
642,642,500-999,500-999,False
1013,1013,>=1000,>=1000,False
1482,1482,>=1000,>=1000,False
700,700,500-999,500-999,False
722,722,500-999,500-999,False
32,32,<100,<100,False
191,191,100-249,100-249,False
260,260,250-499,250-499,False
327,327,250-499,250-499,False
375,375,250-499,250-499,False
76,76,<100,<100,False
677,677,500-999,500-999,False
461,461,250-499,250-499,False
74,74,<100,<100,False
705,705,500-999,500-999,False
2163,2163,>=1000,>=1000,False
985,985,500-999,500-999,False
524,524,500-999,500-999,False
122,122,100-249,100-249,False
795,795,500-999,500-999,False
743,743,500-999,500-999,False
250,250,250-499,250-499,False
561,561,500-999,500-999,False
165,165,100-249,100-249,False
157,157,100-249,100-249,False
597,597,500-999,500-999,False
500,500,500-999,500-999,False
215,215,100-249,100-249,False
216,216,100-249,100-249,False
402,402,250-499,250-499,False
225,225,100-249,100-249,False
631,631,500-999,500-999,False
694,694,500-999,500-999,False
245,245,100-249,100-249,False
783,783,500-999,500-999,False
414,414,250-499,250-499,False
439,439,250-499,250-499,False
416,416,250-499,250-499,False
1128,1128,>=1000,>=1000,False
249,249,100-249,100-249,False
508,508,500-999,500-999,False
361,361,250-499,250-499,False
585,585,500-999,500-999,False
408,408,250-499,250-499,False
462,462,250-499,250-499,False
1938,1938,>=1000,>=1000,False
1442,1442,>=1000,>=1000,False
340,340,250-499,250-499,False
530,530,500-999,500-999,False
442,442,250-499,250-499,False
225,225,100-249,100-249,False
575,575,500-999,500-999,False
859,859,500-999,500-999,False
116,116,100-249,100-249,False
140,140,100-249,100-249,False
379,379,250-499,250-499,False
470,470,250-499,250-499,False
549,549,500-999,500-999,False
355,355,250-499,250-499,False
352,352,250-499,250-499,False
554,554,500-999,500-999,False
240,240,100-249,100-249,False
992,992,500-999,500-999,False
621,621,500-999,500-999,False
1266,1266,>=1000,>=1000,False
209,209,100-249,100-249,False
357,357,250-499,250-499,False
613,613,500-999,500-999,False
1057,1057,>=1000,>=1000,False
1085,1085,>=1000,>=1000,False
292,292,250-499,250-499,False
281,281,250-499,250-499,False
712,712,500-999,500-999,False
257,257,250-499,250-499,False
256,256,250-499,250-499,False
513,513,500-999,500-999,False
721,721,500-999,500-999,False
364,364,250-499,250-499,False
86,86,<100,<100,False
653,653,500-999,500-999,False
134,134,100-249,100-249,False
306,306,250-499,250-499,False
265,265,250-499,250-499,False
606,606,500-999,500-999,False
278,278,250-499,250-499,False
742,742,500-999,500-999,False
480,480,250-499,250-499,False
92,92,<100,<100,False
344,344,250-499,250-499,False
75,75,<100,<100,False
811,811,500-999,500-999,False
199,199,100-249,100-249,False
1033,1033,>=1000,>=1000,False
767,767,500-999,500-999,False
133,133,100-249,100-249,False
359,359,250-499,250-499,False
146,146,100-249,100-249,False
247,247,100-249,100-249,False
174,174,100-249,100-249,False
381,381,250-499,250-499,False
195,195,100-249,100-249,False
848,848,500-999,500-999,False
222,222,100-249,100-249,False
636,636,500-999,500-999,False
397,397,250-499,250-499,False
322,322,250-499,250-499,False
480,480,250-499,250-499,False
56,56,<100,<100,False
285,285,250-499,250-499,False
612,612,500-999,500-999,False
944,944,500-999,500-999,False
400,400,250-499,250-499,False
273,273,250-499,250-499,False
944,944,500-999,500-999,False
297,297,250-499,250-499,False
217,217,100-249,100-249,False
251,251,250-499,250-499,False
541,541,500-999,500-999,False
306,306,250-499,250-499,False
425,425,250-499,250-499,False
154,154,100-249,100-249,False
41,41,<100,<100,False
380,380,250-499,250-499,False
442,442,250-499,250-499,False
668,668,500-999,500-999,False
231,231,100-249,100-249,False
402,402,250-499,250-499,False
564,564,500-999,500-999,False
683,683,500-999,500-999,False
697,697,500-999,500-999,False
1087,1087,>=1000,>=1000,False
54,54,<100,<100,False
222,222,100-249,100-249,False
204,204,100-249,100-249,False
407,407,250-499,250-499,False
273,273,250-499,250-499,False
231,231,100-249,100-249,False
1146,1146,>=1000,>=1000,False
1001,1001,>=1000,>=1000,False
253,253,250-499,250-499,False
890,890,500-999,500-999,False
353,353,250-499,250-499,False
516,516,500-999,500-999,False
52,52,<100,<100,False
758,758,500-999,500-999,False
405,405,250-499,250-499,False
1994,1994,>=1000,>=1000,False
478,478,250-499,250-499,False
637,637,500-999,500-999,False
556,556,500-999,500-999,False
654,654,500-999,500-999,False
403,403,250-499,250-499,False
154,154,100-249,100-249,False
81,81,<100,<100,False
1495,1495,>=1000,>=1000,False
509,509,500-999,500-999,False
78,78,<100,<100,False
447,447,250-499,250-499,False
726,726,500-999,500-999,False
227,227,100-249,100-249,False
174,174,100-249,100-249,False
261,261,250-499,250-499,False
567,567,500-999,500-999,False
1152,1152,>=1000,>=1000,False
341,341,250-499,250-499,False
497,497,250-499,250-499,False
573,573,500-999,500-999,False
303,303,250-499,250-499,False
282,282,250-499,250-499,False
199,199,100-249,100-249,False
235,235,100-249,100-249,False
624,624,500-999,500-999,False
374,374,250-499,250-499,False
586,586,500-999,500-999,False
58,58,<100,<100,False
286,286,250-499,250-499,False
1051,1051,>=1000,>=1000,False
478,478,250-499,250-499,False
348,348,250-499,250-499,False
1172,1172,>=1000,>=1000,False
284,284,250-499,250-499,False
388,388,250-499,250-499,False
83,83,<100,<100,False
214,214,100-249,100-249,False
566,566,500-999,500-999,False
456,456,250-499,250-499,False
142,142,100-249,100-249,False
234,234,100-249,100-249,False
150,150,100-249,100-249,False
563,563,500-999,500-999,False
192,192,100-249,100-249,False
234,234,100-249,100-249,False
438,438,250-499,250-499,False
217,217,100-249,100-249,False
266,266,250-499,250-499,False
277,277,250-499,250-499,False
254,254,250-499,250-499,False
53,53,<100,<100,False
439,439,250-499,250-499,False
287,287,250-499,250-499,False
1260,1260,>=1000,>=1000,False
281,281,250-499,250-499,False
718,718,500-999,500-999,False
446,446,250-499,250-499,False
149,149,100-249,100-249,False
198,198,100-249,100-249,False
310,310,250-499,250-499,False
237,237,100-249,100-249,False
761,761,500-999,500-999,False
33,33,<100,<100,False
1023,1023,>=1000,>=1000,False
323,323,250-499,250-499,False
861,861,500-999,500-999,False
506,506,500-999,500-999,False
48,48,<100,<100,False
460,460,250-499,250-499,False
33,33,<100,<100,False
578,578,500-999,500-999,False
562,562,500-999,500-999,False
95,95,<100,<100,False
827,827,500-999,500-999,False
379,379,250-499,250-499,False
712,712,500-999,500-999,False
398,398,250-499,250-499,False
634,634,500-999,500-999,False
430,430,250-499,250-499,False
158,158,100-249,100-249,False
1128,1128,>=1000,>=1000,False
353,353,250-499,250-499,False
710,710,500-999,500-999,False
580,580,500-999,500-999,False
1473,1473,>=1000,>=1000,False
462,462,250-499,250-499,False
288,288,250-499,250-499,False
552,552,500-999,500-999,False
403,403,250-499,250-499,False
539,539,500-999,500-999,False
372,372,250-499,250-499,False
626,626,500-999,500-999,False
358,358,250-499,250-499,False
440,440,250-499,250-499,False
282,282,250-499,250-499,False
1345,1345,>=1000,>=1000,False
1156,1156,>=1000,>=1000,False
457,457,250-499,250-499,False
84,83,<100,<100,False
1138,1138,>=1000,>=1000,False
386,386,250-499,250-499,False
237,237,100-249,100-249,False
168,168,100-249,100-249,False
286,286,250-499,250-499,False
598,598,500-999,500-999,False
1493,1493,>=1000,>=1000,False
380,380,250-499,250-499,False
362,362,250-499,250-499,False
660,660,500-999,500-999,False
1055,1055,>=1000,>=1000,False
73,73,<100,<100,False
574,574,500-999,500-999,False
42,42,<100,<100,False
79,79,<100,<100,False
36,36,<100,<100,False
671,671,500-999,500-999,False
626,626,500-999,500-999,False
850,850,500-999,500-999,False
799,799,500-999,500-999,False
460,460,250-499,250-499,False
658,657,500-999,500-999,False
257,257,250-499,250-499,False
654,654,500-999,500-999,False
654,654,500-999,500-999,False
51,51,<100,<100,False
1218,1218,>=1000,>=1000,False
162,162,100-249,100-249,False
1567,1567,>=1000,>=1000,False
60,60,<100,<100,False
396,396,250-499,250-499,False
308,307,250-499,250-499,False
170,170,100-249,100-249,False
765,765,500-999,500-999,False
552,552,500-999,500-999,False
773,773,500-999,500-999,False
365,365,250-499,250-499,False
644,644,500-999,500-999,False
383,383,250-499,250-499,False
500,500,500-999,500-999,False
710,710,500-999,500-999,False
717,717,500-999,500-999,False
683,683,500-999,500-999,False
757,757,500-999,500-999,False
1111,1111,>=1000,>=1000,False
1029,1029,>=1000,>=1000,False
1292,1292,>=1000,>=1000,False
1209,1209,>=1000,>=1000,False
40,40,<100,<100,False
453,453,250-499,250-499,False
165,165,100-249,100-249,False
97,97,<100,<100,False
146,146,100-249,100-249,False
273,273,250-499,250-499,False
2068,2068,>=1000,>=1000,False
684,684,500-999,500-999,False
886,886,500-999,500-999,False
726,726,500-999,500-999,False
417,417,250-499,250-499,False
329,329,250-499,250-499,False
792,792,500-999,500-999,False
553,553,500-999,500-999,False
774,774,500-999,500-999,False
70,70,<100,<100,False
247,247,100-249,100-249,False
392,392,250-499,250-499,False
376,376,250-499,250-499,False
290,290,250-499,250-499,False
939,939,500-999,500-999,False
719,719,500-999,500-999,False
142,142,100-249,100-249,False
947,947,500-999,500-999,False
568,568,500-999,500-999,False
280,280,250-499,250-499,False
662,662,500-999,500-999,False
256,256,250-499,250-499,False
947,947,500-999,500-999,False
762,762,500-999,500-999,False
74,74,<100,<100,False
293,293,250-499,250-499,False
212,212,100-249,100-249,False
721,721,500-999,500-999,False
519,519,500-999,500-999,False
224,224,100-249,100-249,False
921,921,500-999,500-999,False
530,530,500-999,500-999,False
18,18,<100,<100,False
1107,1107,>=1000,>=1000,False
444,444,250-499,250-499,False
582,582,500-999,500-999,False
669,669,500-999,500-999,False
1692,1692,>=1000,>=1000,False
205,205,100-249,100-249,False
49,49,<100,<100,False
52,52,<100,<100,False
711,711,500-999,500-999,False
178,178,100-249,100-249,False
276,276,250-499,250-499,False
1304,1304,>=1000,>=1000,False
520,520,500-999,500-999,False
72,72,<100,<100,False
1162,1162,>=1000,>=1000,False
625,625,500-999,500-999,False
699,699,500-999,500-999,False
140,140,100-249,100-249,False
57,57,<100,<100,False
592,592,500-999,500-999,False
542,542,500-999,500-999,False
90,90,<100,<100,False
932,932,500-999,500-999,False
796,796,500-999,500-999,False
618,618,500-999,500-999,False
427,427,250-499,250-499,False
272,272,250-499,250-499,False
927,927,500-999,500-999,False
681,681,500-999,500-999,False
320,320,250-499,250-499,False
487,487,250-499,250-499,False
267,267,250-499,250-499,False
625,625,500-999,500-999,False
439,439,250-499,250-499,False
810,810,500-999,500-999,False
796,796,500-999,500-999,False
710,710,500-999,500-999,False
40,40,<100,<100,False
666,666,500-999,500-999,False
653,653,500-999,500-999,False
557,557,500-999,500-999,False
271,271,250-499,250-499,False
221,221,100-249,100-249,False
372,372,250-499,250-499,False
346,346,250-499,250-499,False
569,569,500-999,500-999,False
483,483,250-499,250-499,False
250,250,250-499,250-499,False
1146,1146,>=1000,>=1000,False
645,645,500-999,500-999,False
802,802,500-999,500-999,False
619,619,500-999,500-999,False
1426,1426,>=1000,>=1000,False
652,652,500-999,500-999,False
583,583,500-999,500-999,False
454,454,250-499,250-499,False
164,164,100-249,100-249,False
136,136,100-249,100-249,False
2212,2212,>=1000,>=1000,False
803,803,500-999,500-999,False
900,900,500-999,500-999,False
399,399,250-499,250-499,False
607,607,500-999,500-999,False
933,933,500-999,500-999,False
314,314,250-499,250-499,False
764,764,500-999,500-999,False
471,471,250-499,250-499,False
415,415,250-499,250-499,False
1025,1025,>=1000,>=1000,False
188,188,100-249,100-249,False
305,305,250-499,250-499,False
793,793,500-999,500-999,False
50,50,<100,<100,False
384,384,250-499,250-499,False
119,119,100-249,100-249,False
882,882,500-999,500-999,False
855,855,500-999,500-999,False
304,304,250-499,250-499,False
81,81,<100,<100,False
426,426,250-499,250-499,False
991,991,500-999,500-999,False
190,190,100-249,100-249,False
716,716,500-999,500-999,False
174,174,100-249,100-249,False
252,252,250-499,250-499,False
542,542,500-999,500-999,False
1010,1010,>=1000,>=1000,False
343,343,250-499,250-499,False
584,584,500-999,500-999,False
106,106,100-249,100-249,False
329,329,250-499,250-499,False
386,386,250-499,250-499,False
423,423,250-499,250-499,False
1234,1234,>=1000,>=1000,False
994,994,500-999,500-999,False
600,600,500-999,500-999,False
264,264,250-499,250-499,False
342,342,250-499,250-499,False
121,121,100-249,100-249,False
1040,1040,>=1000,>=1000,False
176,176,100-249,100-249,False
955,955,500-999,500-999,False
379,379,250-499,250-499,False
199,199,100-249,100-249,False
623,623,500-999,500-999,False
1195,1195,>=1000,>=1000,False
49,49,<100,<100,False
85,85,<100,<100,False
285,285,250-499,250-499,False
1049,1049,>=1000,>=1000,False
257,257,250-499,250-499,False
337,337,250-499,250-499,False
175,175,100-249,100-249,False
720,720,500-999,500-999,False
1200,1200,>=1000,>=1000,False
215,215,100-249,100-249,False
1105,1105,>=1000,>=1000,False
574,574,500-999,500-999,False
192,192,100-249,100-249,False
370,370,250-499,250-499,False
621,621,500-999,500-999,False
1132,1132,>=1000,>=1000,False
339,339,250-499,250-499,False
243,243,100-249,100-249,False
99,99,<100,<100,False
726,726,500-999,500-999,False
1088,1088,>=1000,>=1000,False
891,891,500-999,500-999,False
616,616,500-999,500-999,False
419,419,250-499,250-499,False
605,605,500-999,500-999,False
1031,1031,>=1000,>=1000,False
120,120,100-249,100-249,False
704,704,500-999,500-999,False
371,371,250-499,250-499,False
269,269,250-499,250-499,False
1050,1050,>=1000,>=1000,False
517,517,500-999,500-999,False
78,78,<100,<100,False
333,333,250-499,250-499,False
91,91,<100,<100,False
957,957,500-999,500-999,False
166,166,100-249,100-249,False
1132,1132,>=1000,>=1000,False
288,288,250-499,250-499,False
1130,1130,>=1000,>=1000,False
258,258,250-499,250-499,False
712,712,500-999,500-999,False
46,46,<100,<100,False
1167,1167,>=1000,>=1000,False
405,405,250-499,250-499,False
969,969,500-999,500-999,False
720,720,500-999,500-999,False
820,820,500-999,500-999,False
849,849,500-999,500-999,False
51,51,<100,<100,False
767,767,500-999,500-999,False
356,356,250-499,250-499,False
2070,2070,>=1000,>=1000,False
392,392,250-499,250-499,False
531,531,500-999,500-999,False
289,289,250-499,250-499,False
202,202,100-249,100-249,False
1725,1725,>=1000,>=1000,False
365,365,250-499,250-499,False
142,142,100-249,100-249,False
645,645,500-999,500-999,False
173,173,100-249,100-249,False
1145,1145,>=1000,>=1000,False
42,42,<100,<100,False
474,474,250-499,250-499,False
199,199,100-249,100-249,False
267,267,250-499,250-499,False
287,287,250-499,250-499,False
342,342,250-499,250-499,False
362,362,250-499,250-499,False
479,479,250-499,250-499,False
365,365,250-499,250-499,False
486,486,250-499,250-499,False
35,35,<100,<100,False
301,301,250-499,250-499,False
345,345,250-499,250-499,False
329,329,250-499,250-499,False
279,279,250-499,250-499,False
534,534,500-999,500-999,False
281,281,250-499,250-499,False
678,678,500-999,500-999,False
396,396,250-499,250-499,False
1344,1344,>=1000,>=1000,False
233,233,100-249,100-249,False
584,584,500-999,500-999,False
124,124,100-249,100-249,False
45,45,<100,<100,False
402,402,250-499,250-499,False
315,315,250-499,250-499,False
297,297,250-499,250-499,False
275,275,250-499,250-499,False
515,515,500-999,500-999,False
192,192,100-249,100-249,False
856,856,500-999,500-999,False
111,111,100-249,100-249,False
371,371,250-499,250-499,False
71,71,<100,<100,False
1003,1003,>=1000,>=1000,False
801,801,500-999,500-999,False
504,504,500-999,500-999,False
122,122,100-249,100-249,False
645,645,500-999,500-999,False
646,646,500-999,500-999,False
297,297,250-499,250-499,False
291,291,250-499,250-499,False
334,334,250-499,250-499,False
174,174,100-249,100-249,False
964,964,500-999,500-999,False
329,329,250-499,250-499,False
542,542,500-999,500-999,False
472,472,250-499,250-499,False
264,264,250-499,250-499,False
654,653,500-999,500-999,False
711,711,500-999,500-999,False
611,611,500-999,500-999,False
360,360,250-499,250-499,False
1153,1153,>=1000,>=1000,False
328,328,250-499,250-499,False
44,44,<100,<100,False
1270,1270,>=1000,>=1000,False
258,258,250-499,250-499,False
285,285,250-499,250-499,False
766,766,500-999,500-999,False
283,283,250-499,250-499,False
42,42,<100,<100,False
994,994,500-999,500-999,False
277,277,250-499,250-499,False
414,414,250-499,250-499,False
575,575,500-999,500-999,False
852,852,500-999,500-999,False
656,656,500-999,500-999,False
847,847,500-999,500-999,False
90,90,<100,<100,False
56,56,<100,<100,False
692,692,500-999,500-999,False
569,569,500-999,500-999,False
65,65,<100,<100,False
391,391,250-499,250-499,False
83,83,<100,<100,False
250,250,250-499,250-499,False
303,303,250-499,250-499,False
279,279,250-499,250-499,False
1053,1053,>=1000,>=1000,False
598,598,500-999,500-999,False
603,603,500-999,500-999,False
101,101,100-249,100-249,False
465,465,250-499,250-499,False
362,362,250-499,250-499,False
1045,1045,>=1000,>=1000,False
1162,1162,>=1000,>=1000,False
272,272,250-499,250-499,False
472,472,250-499,250-499,False
611,611,500-999,500-999,False
241,241,100-249,100-249,False
410,410,250-499,250-499,False
596,596,500-999,500-999,False
308,308,250-499,250-499,False
131,131,100-249,100-249,False
707,707,500-999,500-999,False
740,740,500-999,500-999,False
331,331,250-499,250-499,False
992,992,500-999,500-999,False
70,70,<100,<100,False
665,665,500-999,500-999,False
461,461,250-499,250-499,False
513,513,500-999,500-999,False
427,427,250-499,250-499,False
515,515,500-999,500-999,False
615,615,500-999,500-999,False
456,456,250-499,250-499,False
168,168,100-249,100-249,False
695,695,500-999,500-999,False
61,61,<100,<100,False
93,93,<100,<100,False
357,357,250-499,250-499,False
544,544,500-999,500-999,False
611,611,500-999,500-999,False
431,431,250-499,250-499,False
472,472,250-499,250-499,False
291,291,250-499,250-499,False
299,299,250-499,250-499,False
619,619,500-999,500-999,False
643,643,500-999,500-999,False
183,183,100-249,100-249,False
386,386,250-499,250-499,False
1114,1114,>=1000,>=1000,False
428,428,250-499,250-499,False
150,150,100-249,100-249,False
212,212,100-249,100-249,False
1008,1008,>=1000,>=1000,False
550,550,500-999,500-999,False
371,371,250-499,250-499,False
543,543,500-999,500-999,False
394,394,250-499,250-499,False
240,240,100-249,100-249,False
440,440,250-499,250-499,False
628,628,500-999,500-999,False
485,485,250-499,250-499,False
696,696,500-999,500-999,False
1195,1195,>=1000,>=1000,False
496,496,250-499,250-499,False
324,324,250-499,250-499,False
1081,1081,>=1000,>=1000,False
27,27,<100,<100,False
608,608,500-999,500-999,False
92,92,<100,<100,False
158,158,100-249,100-249,False
466,466,250-499,250-499,False
76,76,<100,<100,False
275,275,250-499,250-499,False
907,907,500-999,500-999,False
546,546,500-999,500-999,False
221,221,100-249,100-249,False
220,220,100-249,100-249,False
527,527,500-999,500-999,False
387,387,250-499,250-499,False
870,870,500-999,500-999,False
1041,1041,>=1000,>=1000,False
806,806,500-999,500-999,False
434,434,250-499,250-499,False
785,785,500-999,500-999,False
143,143,100-249,100-249,False
406,406,250-499,250-499,False
1054,1054,>=1000,>=1000,False
613,613,500-999,500-999,False
631,631,500-999,500-999,False
737,737,500-999,500-999,False
226,226,100-249,100-249,False
405,405,250-499,250-499,False
318,318,250-499,250-499,False
269,269,250-499,250-499,False
99,99,<100,<100,False
544,544,500-999,500-999,False
262,262,250-499,250-499,False
531,531,500-999,500-999,False
172,172,100-249,100-249,False
350,350,250-499,250-499,False
556,556,500-999,500-999,False
849,849,500-999,500-999,False
442,442,250-499,250-499,False
396,396,250-499,250-499,False
357,357,250-499,250-499,False
374,374,250-499,250-499,False
309,309,250-499,250-499,False
594,594,500-999,500-999,False
170,170,100-249,100-249,False
547,547,500-999,500-999,False
320,320,250-499,250-499,False
303,303,250-499,250-499,False
202,202,100-249,100-249,False
144,144,100-249,100-249,False
232,232,100-249,100-249,False
268,268,250-499,250-499,False
436,436,250-499,250-499,False
387,387,250-499,250-499,False
445,445,250-499,250-499,False
351,351,250-499,250-499,False
359,359,250-499,250-499,False
1111,1111,>=1000,>=1000,False
704,704,500-999,500-999,False
521,521,500-999,500-999,False
239,239,100-249,100-249,False
942,942,500-999,500-999,False
722,722,500-999,500-999,False
1265,1265,>=1000,>=1000,False
230,230,100-249,100-249,False
367,367,250-499,250-499,False
271,271,250-499,250-499,False
421,421,250-499,250-499,False
585,585,500-999,500-999,False
781,781,500-999,500-999,False
495,495,250-499,250-499,False
423,423,250-499,250-499,False
669,669,500-999,500-999,False
500,500,500-999,500-999,False
160,160,100-249,100-249,False
567,567,500-999,500-999,False
485,485,250-499,250-499,False
206,206,100-249,100-249,False
561,561,500-999,500-999,False
275,275,250-499,250-499,False
1187,1187,>=1000,>=1000,False
56,56,<100,<100,False
541,541,500-999,500-999,False
483,483,250-499,250-499,False
806,806,500-999,500-999,False
666,666,500-999,500-999,False
371,371,250-499,250-499,False
317,317,250-499,250-499,False
1250,1250,>=1000,>=1000,False
286,286,250-499,250-499,False
691,691,500-999,500-999,False
307,307,250-499,250-499,False
1373,1373,>=1000,>=1000,False
855,855,500-999,500-999,False
358,358,250-499,250-499,False
701,701,500-999,500-999,False
800,800,500-999,500-999,False
598,598,500-999,500-999,False
833,833,500-999,500-999,False
1136,1136,>=1000,>=1000,False
971,971,500-999,500-999,False
79,79,<100,<100,False
966,966,500-999,500-999,False
924,924,500-999,500-999,False
146,146,100-249,100-249,False
241,241,100-249,100-249,False
287,287,250-499,250-499,False
42,42,<100,<100,False
241,241,100-249,100-249,False
660,660,500-999,500-999,False
215,215,100-249,100-249,False
527,527,500-999,500-999,False
1005,1005,>=1000,>=1000,False
395,395,250-499,250-499,False
617,617,500-999,500-999,False
894,894,500-999,500-999,False
149,149,100-249,100-249,False
378,378,250-499,250-499,False
412,412,250-499,250-499,False
1126,1126,>=1000,>=1000,False
453,453,250-499,250-499,False
386,386,250-499,250-499,False
468,468,250-499,250-499,False
371,371,250-499,250-499,False
150,150,100-249,100-249,False
361,361,250-499,250-499,False
690,690,500-999,500-999,False
1096,1096,>=1000,>=1000,False
610,610,500-999,500-999,False
430,430,250-499,250-499,False
79,79,<100,<100,False
73,73,<100,<100,False
234,234,100-249,100-249,False
298,298,250-499,250-499,False
699,699,500-999,500-999,False
214,214,100-249,100-249,False
1010,1010,>=1000,>=1000,False
554,554,500-999,500-999,False
473,473,250-499,250-499,False
639,639,500-999,500-999,False
207,207,100-249,100-249,False
250,250,250-499,250-499,False
392,392,250-499,250-499,False
553,553,500-999,500-999,False
139,139,100-249,100-249,False
1123,1123,>=1000,>=1000,False
1013,1013,>=1000,>=1000,False
216,216,100-249,100-249,False
192,192,100-249,100-249,False
259,259,250-499,250-499,False
308,308,250-499,250-499,False
222,222,100-249,100-249,False
1048,1048,>=1000,>=1000,False
28,28,<100,<100,False
865,865,500-999,500-999,False
730,730,500-999,500-999,False
693,693,500-999,500-999,False
2240,2240,>=1000,>=1000,False
553,553,500-999,500-999,False
168,168,100-249,100-249,False
1092,1092,>=1000,>=1000,False
532,532,500-999,500-999,False
153,153,100-249,100-249,False
50,50,<100,<100,False
859,859,500-999,500-999,False
551,551,500-999,500-999,False
595,595,500-999,500-999,False
394,394,250-499,250-499,False
218,218,100-249,100-249,False
262,262,250-499,250-499,False
901,901,500-999,500-999,False
33,33,<100,<100,False
628,628,500-999,500-999,False
192,192,100-249,100-249,False
502,502,500-999,500-999,False
671,671,500-999,500-999,False
571,571,500-999,500-999,False
296,296,250-499,250-499,False
187,187,100-249,100-249,False
1354,1354,>=1000,>=1000,False
52,52,<100,<100,False
1115,1115,>=1000,>=1000,False
1079,1079,>=1000,>=1000,False
161,161,100-249,100-249,False
498,498,250-499,250-499,False
914,914,500-999,500-999,False
317,317,250-499,250-499,False
584,584,500-999,500-999,False
555,555,500-999,500-999,False
121,121,100-249,100-249,False
442,442,250-499,250-499,False
431,431,250-499,250-499,False
271,271,250-499,250-499,False
698,698,500-999,500-999,False
115,115,100-249,100-249,False
403,403,250-499,250-499,False
469,469,250-499,250-499,False
668,668,500-999,500-999,False
400,400,250-499,250-499,False
341,341,250-499,250-499,False
625,625,500-999,500-999,False
509,509,500-999,500-999,False
1733,1733,>=1000,>=1000,False
509,509,500-999,500-999,False
279,279,250-499,250-499,False
673,673,500-999,500-999,False
967,967,500-999,500-999,False
434,434,250-499,250-499,False
509,509,500-999,500-999,False
357,357,250-499,250-499,False
1161,1161,>=1000,>=1000,False
894,894,500-999,500-999,False
445,445,250-499,250-499,False
140,140,100-249,100-249,False
532,532,500-999,500-999,False
563,563,500-999,500-999,False
163,163,100-249,100-249,False
34,34,<100,<100,False
519,519,500-999,500-999,False
71,71,<100,<100,False
89,89,<100,<100,False
415,415,250-499,250-499,False
277,277,250-499,250-499,False
365,365,250-499,250-499,False
501,501,500-999,500-999,False
461,461,250-499,250-499,False
518,518,500-999,500-999,False
122,122,100-249,100-249,False
836,836,500-999,500-999,False
118,118,100-249,100-249,False
620,620,500-999,500-999,False
258,258,250-499,250-499,False
857,857,500-999,500-999,False
328,328,250-499,250-499,False
306,306,250-499,250-499,False
191,191,100-249,100-249,False
516,516,500-999,500-999,False
583,583,500-999,500-999,False
270,270,250-499,250-499,False
1108,1108,>=1000,>=1000,False
1914,1914,>=1000,>=1000,False
482,482,250-499,250-499,False
411,411,250-499,250-499,False
585,585,500-999,500-999,False
727,727,500-999,500-999,False
1026,1026,>=1000,>=1000,False
1160,1160,>=1000,>=1000,False
516,516,500-999,500-999,False
41,41,<100,<100,False
263,263,250-499,250-499,False
760,760,500-999,500-999,False
556,556,500-999,500-999,False
536,536,500-999,500-999,False
390,390,250-499,250-499,False
130,130,100-249,100-249,False
377,377,250-499,250-499,False
550,550,500-999,500-999,False
1075,1075,>=1000,>=1000,False
667,667,500-999,500-999,False
404,404,250-499,250-499,False
783,783,500-999,500-999,False
1200,1200,>=1000,>=1000,False
399,399,250-499,250-499,False
936,936,500-999,500-999,False
472,472,250-499,250-499,False
272,272,250-499,250-499,False
331,331,250-499,250-499,False
201,201,100-249,100-249,False
423,423,250-499,250-499,False
254,254,250-499,250-499,False
676,676,500-999,500-999,False
1066,1066,>=1000,>=1000,False
55,55,<100,<100,False
463,463,250-499,250-499,False
81,81,<100,<100,False
258,258,250-499,250-499,False
54,54,<100,<100,False
438,438,250-499,250-499,False
51,51,<100,<100,False
743,743,500-999,500-999,False
477,477,250-499,250-499,False
620,620,500-999,500-999,False
1227,1227,>=1000,>=1000,False
273,273,250-499,250-499,False
76,76,<100,<100,False
260,260,250-499,250-499,False
721,721,500-999,500-999,False
240,240,100-249,100-249,False
50,50,<100,<100,False
154,154,100-249,100-249,False
274,274,250-499,250-499,False
448,448,250-499,250-499,False
216,216,100-249,100-249,False
53,53,<100,<100,False
44,44,<100,<100,False
273,273,250-499,250-499,False
46,46,<100,<100,False
933,933,500-999,500-999,False
1208,1208,>=1000,>=1000,False
626,626,500-999,500-999,False
147,147,100-249,100-249,False
573,573,500-999,500-999,False
652,651,500-999,500-999,False
543,543,500-999,500-999,False
239,239,100-249,100-249,False
579,579,500-999,500-999,False
394,394,250-499,250-499,False
1082,1082,>=1000,>=1000,False
167,167,100-249,100-249,False
172,172,100-249,100-249,False
456,456,250-499,250-499,False
42,42,<100,<100,False
602,602,500-999,500-999,False
2278,2278,>=1000,>=1000,False
562,562,500-999,500-999,False
671,671,500-999,500-999,False
46,46,<100,<100,False
1114,1114,>=1000,>=1000,False
297,297,250-499,250-499,False
809,809,500-999,500-999,False
551,551,500-999,500-999,False
141,141,100-249,100-249,False
64,64,<100,<100,False
93,93,<100,<100,False
131,131,100-249,100-249,False
420,420,250-499,250-499,False
647,647,500-999,500-999,False
592,592,500-999,500-999,False
608,608,500-999,500-999,False
232,232,100-249,100-249,False
474,474,250-499,250-499,False
471,471,250-499,250-499,False
516,516,500-999,500-999,False
1099,1099,>=1000,>=1000,False
354,354,250-499,250-499,False
692,692,500-999,500-999,False
1749,1749,>=1000,>=1000,False
1836,1836,>=1000,>=1000,False
390,390,250-499,250-499,False
1282,1282,>=1000,>=1000,False
852,852,500-999,500-999,False
658,658,500-999,500-999,False
77,77,<100,<100,False
645,645,500-999,500-999,False
659,659,500-999,500-999,False
80,80,<100,<100,False
85,85,<100,<100,False
123,123,100-249,100-249,False
740,740,500-999,500-999,False
824,824,500-999,500-999,False
392,392,250-499,250-499,False
755,755,500-999,500-999,False
739,739,500-999,500-999,False
768,768,500-999,500-999,False
409,409,250-499,250-499,False
745,745,500-999,500-999,False
2231,2231,>=1000,>=1000,False
804,804,500-999,500-999,False
317,317,250-499,250-499,False
719,719,500-999,500-999,False
701,701,500-999,500-999,False
189,189,100-249,100-249,False
82,82,<100,<100,False
399,399,250-499,250-499,False
901,901,500-999,500-999,False
867,867,500-999,500-999,False
806,806,500-999,500-999,False
214,214,100-249,100-249,False
367,367,250-499,250-499,False
769,769,500-999,500-999,False
483,483,250-499,250-499,False
641,641,500-999,500-999,False
1002,1002,>=1000,>=1000,False
719,719,500-999,500-999,False
32,32,<100,<100,False
299,299,250-499,250-499,False
652,652,500-999,500-999,False
328,328,250-499,250-499,False
896,896,500-999,500-999,False
878,878,500-999,500-999,False
56,56,<100,<100,False
439,439,250-499,250-499,False
279,279,250-499,250-499,False
516,516,500-999,500-999,False
350,350,250-499,250-499,False
229,229,100-249,100-249,False
309,309,250-499,250-499,False
210,210,100-249,100-249,False
48,48,<100,<100,False
210,210,100-249,100-249,False
48,48,<100,<100,False
486,486,250-499,250-499,False
1242,1242,>=1000,>=1000,False
286,286,250-499,250-499,False
657,657,500-999,500-999,False
318,318,250-499,250-499,False
661,661,500-999,500-999,False
119,119,100-249,100-249,False
1191,1191,>=1000,>=1000,False
553,553,500-999,500-999,False
69,69,<100,<100,False
879,879,500-999,500-999,False
275,275,250-499,250-499,False
978,978,500-999,500-999,False
1068,1068,>=1000,>=1000,False
859,859,500-999,500-999,False
580,580,500-999,500-999,False
717,717,500-999,500-999,False
171,171,100-249,100-249,False
241,241,100-249,100-249,False
712,712,500-999,500-999,False
15,15,<100,<100,False
218,218,100-249,100-249,False
581,581,500-999,500-999,False
234,234,100-249,100-249,False
647,647,500-999,500-999,False
604,604,500-999,500-999,False
691,691,500-999,500-999,False
572,572,500-999,500-999,False
153,153,100-249,100-249,False
755,755,500-999,500-999,False
626,626,500-999,500-999,False
480,480,250-499,250-499,False
1255,1255,>=1000,>=1000,False
215,215,100-249,100-249,False
295,295,250-499,250-499,False
36,36,<100,<100,False
258,258,250-499,250-499,False
527,527,500-999,500-999,False
1269,1269,>=1000,>=1000,False
232,232,100-249,100-249,False
405,405,250-499,250-499,False
1090,1090,>=1000,>=1000,False
1063,1063,>=1000,>=1000,False
304,304,250-499,250-499,False
3416,3416,>=1000,>=1000,False
329,329,250-499,250-499,False
463,463,250-499,250-499,False
476,476,250-499,250-499,False
520,520,500-999,500-999,False
472,472,250-499,250-499,False
153,153,100-249,100-249,False
176,176,100-249,100-249,False
124,124,100-249,100-249,False
1209,1209,>=1000,>=1000,False
156,156,100-249,100-249,False
295,295,250-499,250-499,False
236,236,100-249,100-249,False
1521,1521,>=1000,>=1000,False
184,184,100-249,100-249,False
505,505,500-999,500-999,False
217,217,100-249,100-249,False
206,206,100-249,100-249,False
219,219,100-249,100-249,False
746,746,500-999,500-999,False
513,513,500-999,500-999,False
586,586,500-999,500-999,False
1093,1093,>=1000,>=1000,False
230,230,100-249,100-249,False
773,773,500-999,500-999,False
230,230,100-249,100-249,False
308,308,250-499,250-499,False
266,266,250-499,250-499,False
1077,1077,>=1000,>=1000,False
416,416,250-499,250-499,False
698,698,500-999,500-999,False
214,214,100-249,100-249,False
660,660,500-999,500-999,False
619,619,500-999,500-999,False
297,297,250-499,250-499,False
224,224,100-249,100-249,False
565,565,500-999,500-999,False
84,84,<100,<100,False
57,57,<100,<100,False
371,371,250-499,250-499,False
718,718,500-999,500-999,False
627,627,500-999,500-999,False
51,51,<100,<100,False
47,47,<100,<100,False
715,715,500-999,500-999,False
526,526,500-999,500-999,False
589,589,500-999,500-999,False
1213,1213,>=1000,>=1000,False
146,146,100-249,100-249,False
351,351,250-499,250-499,False
468,468,250-499,250-499,False
456,456,250-499,250-499,False
297,297,250-499,250-499,False
516,516,500-999,500-999,False
701,701,500-999,500-999,False
378,378,250-499,250-499,False
173,173,100-249,100-249,False
800,800,500-999,500-999,False
1727,1727,>=1000,>=1000,False
1240,1240,>=1000,>=1000,False
1160,1160,>=1000,>=1000,False
382,382,250-499,250-499,False
191,191,100-249,100-249,False
327,327,250-499,250-499,False
163,163,100-249,100-249,False
358,358,250-499,250-499,False
134,134,100-249,100-249,False
87,87,<100,<100,False
456,456,250-499,250-499,False
1217,1217,>=1000,>=1000,False
65,65,<100,<100,False
601,601,500-999,500-999,False
708,708,500-999,500-999,False
251,251,250-499,250-499,False
191,191,100-249,100-249,False
695,695,500-999,500-999,False
658,658,500-999,500-999,False
712,712,500-999,500-999,False
149,149,100-249,100-249,False
907,907,500-999,500-999,False
160,160,100-249,100-249,False
1061,1061,>=1000,>=1000,False
975,975,500-999,500-999,False
892,892,500-999,500-999,False
319,319,250-499,250-499,False
481,481,250-499,250-499,False
72,72,<100,<100,False
225,225,100-249,100-249,False
80,80,<100,<100,False
730,730,500-999,500-999,False
328,328,250-499,250-499,False
401,401,250-499,250-499,False
1159,1159,>=1000,>=1000,False
270,270,250-499,250-499,False
331,331,250-499,250-499,False
1248,1248,>=1000,>=1000,False
330,330,250-499,250-499,False
540,540,500-999,500-999,False
365,365,250-499,250-499,False
958,958,500-999,500-999,False
464,464,250-499,250-499,False
390,390,250-499,250-499,False
278,278,250-499,250-499,False
1109,1109,>=1000,>=1000,False
116,116,100-249,100-249,False
325,325,250-499,250-499,False
294,294,250-499,250-499,False
727,727,500-999,500-999,False
79,79,<100,<100,False
233,233,100-249,100-249,False
181,181,100-249,100-249,False
324,324,250-499,250-499,False
324,324,250-499,250-499,False
627,627,500-999,500-999,False
129,129,100-249,100-249,False
221,221,100-249,100-249,False
131,131,100-249,100-249,False
342,342,250-499,250-499,False
1158,1158,>=1000,>=1000,False
700,700,500-999,500-999,False
128,128,100-249,100-249,False
206,206,100-249,100-249,False
360,360,250-499,250-499,False
270,270,250-499,250-499,False
602,602,500-999,500-999,False
78,78,<100,<100,False
672,672,500-999,500-999,False
302,302,250-499,250-499,False
168,168,100-249,100-249,False
212,212,100-249,100-249,False
765,765,500-999,500-999,False
250,250,250-499,250-499,False
393,393,250-499,250-499,False
656,656,500-999,500-999,False
343,343,250-499,250-499,False
149,149,100-249,100-249,False
313,313,250-499,250-499,False
721,721,500-999,500-999,False
35,35,<100,<100,False
491,491,250-499,250-499,False
527,527,500-999,500-999,False
617,617,500-999,500-999,False
359,359,250-499,250-499,False
171,171,100-249,100-249,False
436,436,250-499,250-499,False
262,262,250-499,250-499,False
850,850,500-999,500-999,False
389,389,250-499,250-499,False
1055,1055,>=1000,>=1000,False
308,308,250-499,250-499,False
89,89,<100,<100,False
871,871,500-999,500-999,False
629,629,500-999,500-999,False
134,134,100-249,100-249,False
718,718,500-999,500-999,False
293,293,250-499,250-499,False
338,338,250-499,250-499,False
136,136,100-249,100-249,False
616,616,500-999,500-999,False
89,89,<100,<100,False
331,331,250-499,250-499,False
1001,1001,>=1000,>=1000,False
122,122,100-249,100-249,False
154,154,100-249,100-249,False
51,51,<100,<100,False
939,939,500-999,500-999,False
506,506,500-999,500-999,False
116,116,100-249,100-249,False
674,674,500-999,500-999,False
587,587,500-999,500-999,False
410,410,250-499,250-499,False
310,310,250-499,250-499,False
205,205,100-249,100-249,False
1852,1852,>=1000,>=1000,False
1051,1051,>=1000,>=1000,False
544,544,500-999,500-999,False
603,603,500-999,500-999,False
42,42,<100,<100,False
669,669,500-999,500-999,False
693,693,500-999,500-999,False
278,278,250-499,250-499,False
683,683,500-999,500-999,False
1161,1161,>=1000,>=1000,False
974,974,500-999,500-999,False
818,818,500-999,500-999,False
879,879,500-999,500-999,False
752,752,500-999,500-999,False
259,259,250-499,250-499,False
633,633,500-999,500-999,False
720,720,500-999,500-999,False
31,31,<100,<100,False
373,373,250-499,250-499,False
809,809,500-999,500-999,False
136,136,100-249,100-249,False
426,425,250-499,250-499,False
1169,1169,>=1000,>=1000,False
694,694,500-999,500-999,False
426,426,250-499,250-499,False
316,316,250-499,250-499,False
877,877,500-999,500-999,False
744,744,500-999,500-999,False
192,192,100-249,100-249,False
420,420,250-499,250-499,False
495,495,250-499,250-499,False
285,285,250-499,250-499,False
50,50,<100,<100,False
330,330,250-499,250-499,False
373,373,250-499,250-499,False
552,552,500-999,500-999,False
254,254,250-499,250-499,False
349,349,250-499,250-499,False
38,38,<100,<100,False
156,156,100-249,100-249,False
1015,1015,>=1000,>=1000,False
882,882,500-999,500-999,False
290,290,250-499,250-499,False
208,208,100-249,100-249,False
800,800,500-999,500-999,False
363,363,250-499,250-499,False
177,177,100-249,100-249,False
532,532,500-999,500-999,False
958,957,500-999,500-999,False
715,715,500-999,500-999,False
126,126,100-249,100-249,False
318,318,250-499,250-499,False
902,902,500-999,500-999,False
2169,2169,>=1000,>=1000,False
1577,1577,>=1000,>=1000,False
243,243,100-249,100-249,False
643,643,500-999,500-999,False
1100,1100,>=1000,>=1000,False
180,180,100-249,100-249,False
175,175,100-249,100-249,False
1545,1545,>=1000,>=1000,False
413,413,250-499,250-499,False
711,711,500-999,500-999,False
202,202,100-249,100-249,False
163,163,100-249,100-249,False
409,409,250-499,250-499,False
66,65,<100,<100,False
559,559,500-999,500-999,False
1517,1517,>=1000,>=1000,False
394,394,250-499,250-499,False
201,201,100-249,100-249,False
733,733,500-999,500-999,False
584,584,500-999,500-999,False
527,527,500-999,500-999,False
91,91,<100,<100,False
1001,1001,>=1000,>=1000,False
742,742,500-999,500-999,False
350,350,250-499,250-499,False
229,229,100-249,100-249,False
547,547,500-999,500-999,False
308,308,250-499,250-499,False
1273,1273,>=1000,>=1000,False
539,539,500-999,500-999,False
815,815,500-999,500-999,False
682,682,500-999,500-999,False
272,272,250-499,250-499,False
36,36,<100,<100,False
982,982,500-999,500-999,False
473,473,250-499,250-499,False
694,694,500-999,500-999,False
470,469,250-499,250-499,False
582,582,500-999,500-999,False
415,415,250-499,250-499,False
91,91,<100,<100,False
636,636,500-999,500-999,False
143,143,100-249,100-249,False
687,687,500-999,500-999,False
125,125,100-249,100-249,False
562,562,500-999,500-999,False
371,371,250-499,250-499,False
136,136,100-249,100-249,False
643,643,500-999,500-999,False
270,270,250-499,250-499,False
17,17,<100,<100,False
70,70,<100,<100,False
729,729,500-999,500-999,False
74,74,<100,<100,False
519,519,500-999,500-999,False
188,188,100-249,100-249,False
162,162,100-249,100-249,False
760,760,500-999,500-999,False
487,487,250-499,250-499,False
1243,1243,>=1000,>=1000,False
473,473,250-499,250-499,False
940,940,500-999,500-999,False
93,93,<100,<100,False
1178,1178,>=1000,>=1000,False
346,346,250-499,250-499,False
599,599,500-999,500-999,False
293,293,250-499,250-499,False
483,483,250-499,250-499,False
644,643,500-999,500-999,False
1084,1084,>=1000,>=1000,False
361,361,250-499,250-499,False
298,298,250-499,250-499,False
802,802,500-999,500-999,False
39,39,<100,<100,False
541,541,500-999,500-999,False
482,482,250-499,250-499,False
72,72,<100,<100,False
373,373,250-499,250-499,False
255,255,250-499,250-499,False
680,680,500-999,500-999,False
761,761,500-999,500-999,False
46,46,<100,<100,False
1101,1101,>=1000,>=1000,False
396,396,250-499,250-499,False
1047,1047,>=1000,>=1000,False
459,459,250-499,250-499,False
372,372,250-499,250-499,False
653,653,500-999,500-999,False
366,366,250-499,250-499,False
1047,1047,>=1000,>=1000,False
120,120,100-249,100-249,False
371,371,250-499,250-499,False
235,235,100-249,100-249,False
217,217,100-249,100-249,False
254,254,250-499,250-499,False
1070,1070,>=1000,>=1000,False
327,327,250-499,250-499,False
232,232,100-249,100-249,False
825,825,500-999,500-999,False
335,335,250-499,250-499,False
138,138,100-249,100-249,False
455,455,250-499,250-499,False
600,600,500-999,500-999,False
681,681,500-999,500-999,False
65,65,<100,<100,False
417,417,250-499,250-499,False
268,268,250-499,250-499,False
280,280,250-499,250-499,False
142,142,100-249,100-249,False
375,375,250-499,250-499,False
782,782,500-999,500-999,False
31,31,<100,<100,False
212,212,100-249,100-249,False
80,80,<100,<100,False
140,140,100-249,100-249,False
455,455,250-499,250-499,False
415,415,250-499,250-499,False
361,361,250-499,250-499,False
197,197,100-249,100-249,False
378,378,250-499,250-499,False
254,254,250-499,250-499,False
823,823,500-999,500-999,False
637,637,500-999,500-999,False
675,675,500-999,500-999,False
650,650,500-999,500-999,False
413,413,250-499,250-499,False
195,195,100-249,100-249,False
182,182,100-249,100-249,False
568,568,500-999,500-999,False
1291,1291,>=1000,>=1000,False
884,884,500-999,500-999,False
620,620,500-999,500-999,False
1177,1177,>=1000,>=1000,False
715,715,500-999,500-999,False
361,361,250-499,250-499,False
549,549,500-999,500-999,False
141,141,100-249,100-249,False
416,416,250-499,250-499,False
426,426,250-499,250-499,False
239,239,100-249,100-249,False
313,313,250-499,250-499,False
155,155,100-249,100-249,False
1045,1045,>=1000,>=1000,False
2046,2046,>=1000,>=1000,False
1988,1988,>=1000,>=1000,False
1245,1245,>=1000,>=1000,False
214,214,100-249,100-249,False
155,155,100-249,100-249,False
1151,1151,>=1000,>=1000,False
279,279,250-499,250-499,False
80,80,<100,<100,False
981,981,500-999,500-999,False
312,312,250-499,250-499,False
689,689,500-999,500-999,False
214,214,100-249,100-249,False
1128,1128,>=1000,>=1000,False
140,140,100-249,100-249,False
456,456,250-499,250-499,False
686,686,500-999,500-999,False
698,698,500-999,500-999,False
764,764,500-999,500-999,False
94,94,<100,<100,False
271,271,250-499,250-499,False
231,231,100-249,100-249,False
1572,1572,>=1000,>=1000,False
202,202,100-249,100-249,False
944,944,500-999,500-999,False
480,480,250-499,250-499,False
224,224,100-249,100-249,False
844,844,500-999,500-999,False
396,396,250-499,250-499,False
671,671,500-999,500-999,False
498,498,250-499,250-499,False
435,435,250-499,250-499,False
608,607,500-999,500-999,False
1109,1109,>=1000,>=1000,False
50,50,<100,<100,False
138,138,100-249,100-249,False
230,230,100-249,100-249,False
1926,1926,>=1000,>=1000,False
987,987,500-999,500-999,False
212,212,100-249,100-249,False
436,436,250-499,250-499,False
476,476,250-499,250-499,False
41,41,<100,<100,False
422,422,250-499,250-499,False
627,627,500-999,500-999,False
762,762,500-999,500-999,False
705,705,500-999,500-999,False
246,246,100-249,100-249,False
1626,1626,>=1000,>=1000,False
143,143,100-249,100-249,False
267,267,250-499,250-499,False
490,490,250-499,250-499,False
74,74,<100,<100,False
407,407,250-499,250-499,False
222,222,100-249,100-249,False
754,754,500-999,500-999,False
396,396,250-499,250-499,False
646,646,500-999,500-999,False
783,783,500-999,500-999,False
897,897,500-999,500-999,False
338,338,250-499,250-499,False
31,31,<100,<100,False
760,760,500-999,500-999,False
1780,1780,>=1000,>=1000,False
74,74,<100,<100,False
602,602,500-999,500-999,False
759,759,500-999,500-999,False
646,646,500-999,500-999,False
637,637,500-999,500-999,False
648,648,500-999,500-999,False
578,578,500-999,500-999,False
218,218,100-249,100-249,False
330,330,250-499,250-499,False
265,265,250-499,250-499,False
354,354,250-499,250-499,False
187,187,100-249,100-249,False
697,697,500-999,500-999,False
206,206,100-249,100-249,False
639,639,500-999,500-999,False
226,226,100-249,100-249,False
406,406,250-499,250-499,False
1060,1060,>=1000,>=1000,False
968,968,500-999,500-999,False
48,48,<100,<100,False
666,666,500-999,500-999,False
1420,1420,>=1000,>=1000,False
678,678,500-999,500-999,False
765,765,500-999,500-999,False
368,368,250-499,250-499,False
279,279,250-499,250-499,False
1110,1110,>=1000,>=1000,False
347,347,250-499,250-499,False
345,345,250-499,250-499,False
332,332,250-499,250-499,False
49,49,<100,<100,False
225,225,100-249,100-249,False
337,337,250-499,250-499,False
387,387,250-499,250-499,False
163,163,100-249,100-249,False
271,271,250-499,250-499,False
152,152,100-249,100-249,False
563,563,500-999,500-999,False
416,416,250-499,250-499,False
387,387,250-499,250-499,False
633,633,500-999,500-999,False
188,188,100-249,100-249,False
47,47,<100,<100,False
50,50,<100,<100,False
1368,1368,>=1000,>=1000,False
601,601,500-999,500-999,False
663,663,500-999,500-999,False
78,78,<100,<100,False
220,220,100-249,100-249,False
806,806,500-999,500-999,False
84,84,<100,<100,False
623,623,500-999,500-999,False
171,171,100-249,100-249,False
1147,1147,>=1000,>=1000,False
607,607,500-999,500-999,False
361,361,250-499,250-499,False
908,908,500-999,500-999,False
553,553,500-999,500-999,False
119,119,100-249,100-249,False
74,74,<100,<100,False
1047,1047,>=1000,>=1000,False
411,411,250-499,250-499,False
122,122,100-249,100-249,False
719,719,500-999,500-999,False
255,255,250-499,250-499,False
895,895,500-999,500-999,False
370,370,250-499,250-499,False
33,33,<100,<100,False
385,385,250-499,250-499,False
958,958,500-999,500-999,False
211,211,100-249,100-249,False
418,418,250-499,250-499,False
322,322,250-499,250-499,False
321,321,250-499,250-499,False
806,805,500-999,500-999,False
471,471,250-499,250-499,False
383,383,250-499,250-499,False
42,42,<100,<100,False
1501,1501,>=1000,>=1000,False
745,745,500-999,500-999,False
254,254,250-499,250-499,False
48,48,<100,<100,False
199,199,100-249,100-249,False
288,288,250-499,250-499,False
1075,1075,>=1000,>=1000,False
1143,1143,>=1000,>=1000,False
442,442,250-499,250-499,False
1123,1123,>=1000,>=1000,False
325,325,250-499,250-499,False
617,617,500-999,500-999,False
85,85,<100,<100,False
1000,1000,>=1000,>=1000,False
1009,1009,>=1000,>=1000,False
711,711,500-999,500-999,False
1028,1028,>=1000,>=1000,False
38,38,<100,<100,False
389,389,250-499,250-499,False
1948,1948,>=1000,>=1000,False
456,456,250-499,250-499,False
865,865,500-999,500-999,False
589,589,500-999,500-999,False
2199,2199,>=1000,>=1000,False
302,302,250-499,250-499,False
351,351,250-499,250-499,False
1010,1010,>=1000,>=1000,False
679,679,500-999,500-999,False
340,340,250-499,250-499,False
501,501,500-999,500-999,False
1416,1416,>=1000,>=1000,False
1411,1411,>=1000,>=1000,False
745,745,500-999,500-999,False
481,481,250-499,250-499,False
623,623,500-999,500-999,False
1207,1207,>=1000,>=1000,False
160,160,100-249,100-249,False
476,476,250-499,250-499,False
668,668,500-999,500-999,False
703,703,500-999,500-999,False
275,275,250-499,250-499,False
173,173,100-249,100-249,False
1035,1035,>=1000,>=1000,False
53,53,<100,<100,False
97,97,<100,<100,False
358,358,250-499,250-499,False
826,826,500-999,500-999,False
1000,1000,>=1000,>=1000,False
573,573,500-999,500-999,False
372,372,250-499,250-499,False
974,974,500-999,500-999,False
1409,1409,>=1000,>=1000,False
472,472,250-499,250-499,False
2272,2272,>=1000,>=1000,False
175,175,100-249,100-249,False
274,274,250-499,250-499,False
845,845,500-999,500-999,False
598,598,500-999,500-999,False
484,484,250-499,250-499,False
655,655,500-999,500-999,False
490,490,250-499,250-499,False
89,89,<100,<100,False
432,432,250-499,250-499,False
363,363,250-499,250-499,False
560,560,500-999,500-999,False
2070,2070,>=1000,>=1000,False
222,222,100-249,100-249,False
1025,1025,>=1000,>=1000,False
1107,1107,>=1000,>=1000,False
122,122,100-249,100-249,False
1104,1104,>=1000,>=1000,False
747,747,500-999,500-999,False
391,391,250-499,250-499,False
304,304,250-499,250-499,False
554,554,500-999,500-999,False
1053,1053,>=1000,>=1000,False
313,313,250-499,250-499,False
615,615,500-999,500-999,False
240,240,100-249,100-249,False
418,418,250-499,250-499,False
79,79,<100,<100,False
289,289,250-499,250-499,False
1371,1371,>=1000,>=1000,False
78,78,<100,<100,False
340,340,250-499,250-499,False
498,498,250-499,250-499,False
254,254,250-499,250-499,False
832,832,500-999,500-999,False
249,249,100-249,100-249,False
214,214,100-249,100-249,False
219,219,100-249,100-249,False
602,602,500-999,500-999,False
348,348,250-499,250-499,False
205,205,100-249,100-249,False
1271,1271,>=1000,>=1000,False
386,386,250-499,250-499,False
930,930,500-999,500-999,False
396,396,250-499,250-499,False
757,757,500-999,500-999,False
1060,1060,>=1000,>=1000,False
461,461,250-499,250-499,False
42,42,<100,<100,False
406,406,250-499,250-499,False
404,404,250-499,250-499,False
968,968,500-999,500-999,False
519,519,500-999,500-999,False
292,292,250-499,250-499,False
702,702,500-999,500-999,False
38,38,<100,<100,False
385,385,250-499,250-499,False
425,425,250-499,250-499,False
429,429,250-499,250-499,False
497,497,250-499,250-499,False
122,122,100-249,100-249,False
212,212,100-249,100-249,False
797,797,500-999,500-999,False
1496,1496,>=1000,>=1000,False
276,276,250-499,250-499,False
36,36,<100,<100,False
306,306,250-499,250-499,False
2251,2251,>=1000,>=1000,False
291,291,250-499,250-499,False
201,201,100-249,100-249,False
192,192,100-249,100-249,False
371,371,250-499,250-499,False
962,962,500-999,500-999,False
90,90,<100,<100,False
524,524,500-999,500-999,False
589,589,500-999,500-999,False
1808,1808,>=1000,>=1000,False
257,257,250-499,250-499,False
285,285,250-499,250-499,False
471,471,250-499,250-499,False
318,318,250-499,250-499,False
301,301,250-499,250-499,False
75,75,<100,<100,False
172,172,100-249,100-249,False
938,938,500-999,500-999,False
1207,1207,>=1000,>=1000,False
519,519,500-999,500-999,False
468,468,250-499,250-499,False
417,417,250-499,250-499,False
783,783,500-999,500-999,False
72,71,<100,<100,False
1562,1562,>=1000,>=1000,False
396,396,250-499,250-499,False
156,156,100-249,100-249,False
803,803,500-999,500-999,False
481,481,250-499,250-499,False
626,626,500-999,500-999,False
171,171,100-249,100-249,False
285,285,250-499,250-499,False
320,320,250-499,250-499,False
1223,1223,>=1000,>=1000,False
762,762,500-999,500-999,False
566,566,500-999,500-999,False
387,387,250-499,250-499,False
416,416,250-499,250-499,False
449,449,250-499,250-499,False
476,476,250-499,250-499,False
1287,1287,>=1000,>=1000,False
301,301,250-499,250-499,False
151,151,100-249,100-249,False
217,217,100-249,100-249,False
1156,1156,>=1000,>=1000,False
725,725,500-999,500-999,False
693,693,500-999,500-999,False
370,370,250-499,250-499,False
231,231,100-249,100-249,False
54,54,<100,<100,False
236,236,100-249,100-249,False
789,789,500-999,500-999,False
281,281,250-499,250-499,False
307,307,250-499,250-499,False
621,621,500-999,500-999,False
766,766,500-999,500-999,False
311,311,250-499,250-499,False
175,175,100-249,100-249,False
945,945,500-999,500-999,False
339,339,250-499,250-499,False
58,58,<100,<100,False
566,566,500-999,500-999,False
806,806,500-999,500-999,False
167,167,100-249,100-249,False
982,982,500-999,500-999,False
143,143,100-249,100-249,False
619,619,500-999,500-999,False
821,821,500-999,500-999,False
325,325,250-499,250-499,False
793,793,500-999,500-999,False
793,793,500-999,500-999,False
378,378,250-499,250-499,False
266,266,250-499,250-499,False
143,143,100-249,100-249,False
399,399,250-499,250-499,False
651,651,500-999,500-999,False
330,330,250-499,250-499,False
602,602,500-999,500-999,False
368,368,250-499,250-499,False
49,49,<100,<100,False
73,73,<100,<100,False
209,209,100-249,100-249,False
1232,1232,>=1000,>=1000,False
462,462,250-499,250-499,False
283,283,250-499,250-499,False
1064,1064,>=1000,>=1000,False
338,338,250-499,250-499,False
644,644,500-999,500-999,False
388,388,250-499,250-499,False
305,305,250-499,250-499,False
291,291,250-499,250-499,False
1160,1160,>=1000,>=1000,False
230,230,100-249,100-249,False
494,494,250-499,250-499,False
614,614,500-999,500-999,False
344,344,250-499,250-499,False
730,730,500-999,500-999,False
582,582,500-999,500-999,False
491,491,250-499,250-499,False
190,190,100-249,100-249,False
678,678,500-999,500-999,False
465,465,250-499,250-499,False
319,319,250-499,250-499,False
537,537,500-999,500-999,False
298,298,250-499,250-499,False
184,184,100-249,100-249,False
159,159,100-249,100-249,False
1167,1167,>=1000,>=1000,False
1103,1103,>=1000,>=1000,False
154,154,100-249,100-249,False
416,416,250-499,250-499,False
900,900,500-999,500-999,False
149,149,100-249,100-249,False
452,452,250-499,250-499,False
199,199,100-249,100-249,False
139,139,100-249,100-249,False
721,721,500-999,500-999,False
406,406,250-499,250-499,False
620,620,500-999,500-999,False
727,727,500-999,500-999,False
280,280,250-499,250-499,False
160,160,100-249,100-249,False
442,442,250-499,250-499,False
657,657,500-999,500-999,False
462,462,250-499,250-499,False
272,272,250-499,250-499,False
466,466,250-499,250-499,False
1242,1242,>=1000,>=1000,False
112,112,100-249,100-249,False
1219,1219,>=1000,>=1000,False
212,212,100-249,100-249,False
684,684,500-999,500-999,False
691,691,500-999,500-999,False
275,275,250-499,250-499,False
530,530,500-999,500-999,False
432,432,250-499,250-499,False
115,115,100-249,100-249,False
332,332,250-499,250-499,False
42,42,<100,<100,False
254,254,250-499,250-499,False
633,633,500-999,500-999,False
322,322,250-499,250-499,False
268,268,250-499,250-499,False
446,446,250-499,250-499,False
170,170,100-249,100-249,False
1101,1101,>=1000,>=1000,False
1102,1102,>=1000,>=1000,False
613,613,500-999,500-999,False
698,698,500-999,500-999,False
78,78,<100,<100,False
543,543,500-999,500-999,False
176,176,100-249,100-249,False
588,588,500-999,500-999,False
430,430,250-499,250-499,False
273,273,250-499,250-499,False
366,366,250-499,250-499,False
570,570,500-999,500-999,False
499,499,250-499,250-499,False
141,141,100-249,100-249,False
686,686,500-999,500-999,False
801,801,500-999,500-999,False
125,125,100-249,100-249,False
189,189,100-249,100-249,False
45,45,<100,<100,False
389,389,250-499,250-499,False
228,228,100-249,100-249,False
268,268,250-499,250-499,False
454,454,250-499,250-499,False
612,612,500-999,500-999,False
983,983,500-999,500-999,False
915,915,500-999,500-999,False
278,278,250-499,250-499,False
130,130,100-249,100-249,False
581,581,500-999,500-999,False
1236,1236,>=1000,>=1000,False
938,937,500-999,500-999,False
1012,1012,>=1000,>=1000,False
1419,1419,>=1000,>=1000,False
272,272,250-499,250-499,False
303,303,250-499,250-499,False
668,668,500-999,500-999,False
722,722,500-999,500-999,False
380,380,250-499,250-499,False
216,216,100-249,100-249,False
171,171,100-249,100-249,False
790,790,500-999,500-999,False
243,243,100-249,100-249,False
467,467,250-499,250-499,False
719,719,500-999,500-999,False
1005,1005,>=1000,>=1000,False
812,812,500-999,500-999,False
738,738,500-999,500-999,False
600,600,500-999,500-999,False
571,571,500-999,500-999,False
646,646,500-999,500-999,False
361,361,250-499,250-499,False
503,503,500-999,500-999,False
724,724,500-999,500-999,False
197,197,100-249,100-249,False
822,822,500-999,500-999,False
601,601,500-999,500-999,False
1227,1227,>=1000,>=1000,False
1764,1764,>=1000,>=1000,False
1052,1052,>=1000,>=1000,False
882,882,500-999,500-999,False
303,303,250-499,250-499,False
36,36,<100,<100,False
468,468,250-499,250-499,False
718,718,500-999,500-999,False
489,489,250-499,250-499,False
47,47,<100,<100,False
154,154,100-249,100-249,False
592,592,500-999,500-999,False
1322,1322,>=1000,>=1000,False
146,146,100-249,100-249,False
390,390,250-499,250-499,False
150,150,100-249,100-249,False
542,542,500-999,500-999,False
97,97,<100,<100,False
85,85,<100,<100,False
653,653,500-999,500-999,False
550,550,500-999,500-999,False
266,266,250-499,250-499,False
583,583,500-999,500-999,False
420,420,250-499,250-499,False
242,242,100-249,100-249,False
496,496,250-499,250-499,False
929,929,500-999,500-999,False
2293,2293,>=1000,>=1000,False
521,521,500-999,500-999,False
1006,1006,>=1000,>=1000,False
458,458,250-499,250-499,False
631,631,500-999,500-999,False
166,166,100-249,100-249,False
268,268,250-499,250-499,False
303,303,250-499,250-499,False
322,322,250-499,250-499,False
35,35,<100,<100,False
182,182,100-249,100-249,False
676,676,500-999,500-999,False
796,796,500-999,500-999,False
520,520,500-999,500-999,False
737,737,500-999,500-999,False
388,388,250-499,250-499,False
283,283,250-499,250-499,False
46,46,<100,<100,False
254,254,250-499,250-499,False
1061,1061,>=1000,>=1000,False
463,463,250-499,250-499,False
173,173,100-249,100-249,False
38,38,<100,<100,False
376,376,250-499,250-499,False
525,525,500-999,500-999,False
460,460,250-499,250-499,False
598,598,500-999,500-999,False
538,538,500-999,500-999,False
395,395,250-499,250-499,False
678,678,500-999,500-999,False
1169,1169,>=1000,>=1000,False
1780,1780,>=1000,>=1000,False
226,226,100-249,100-249,False
1293,1293,>=1000,>=1000,False
305,305,250-499,250-499,False
91,91,<100,<100,False
332,332,250-499,250-499,False
591,591,500-999,500-999,False
122,122,100-249,100-249,False
46,46,<100,<100,False
1210,1210,>=1000,>=1000,False
506,506,500-999,500-999,False
295,295,250-499,250-499,False
786,786,500-999,500-999,False
201,201,100-249,100-249,False
44,43,<100,<100,False
346,346,250-499,250-499,False
41,41,<100,<100,False
69,69,<100,<100,False
686,686,500-999,500-999,False
306,306,250-499,250-499,False
462,462,250-499,250-499,False
196,196,100-249,100-249,False
215,215,100-249,100-249,False
382,382,250-499,250-499,False
574,574,500-999,500-999,False
491,491,250-499,250-499,False
49,49,<100,<100,False
935,935,500-999,500-999,False
162,162,100-249,100-249,False
378,378,250-499,250-499,False
604,604,500-999,500-999,False
643,643,500-999,500-999,False
42,42,<100,<100,False
175,175,100-249,100-249,False
217,217,100-249,100-249,False
685,685,500-999,500-999,False
69,69,<100,<100,False
673,673,500-999,500-999,False
302,302,250-499,250-499,False
540,540,500-999,500-999,False
391,391,250-499,250-499,False
296,296,250-499,250-499,False
415,415,250-499,250-499,False
399,399,250-499,250-499,False
313,313,250-499,250-499,False
1766,1766,>=1000,>=1000,False
325,325,250-499,250-499,False
400,400,250-499,250-499,False
562,562,500-999,500-999,False
634,634,500-999,500-999,False
721,721,500-999,500-999,False
514,514,500-999,500-999,False
556,556,500-999,500-999,False
251,251,250-499,250-499,False
1352,1352,>=1000,>=1000,False
370,370,250-499,250-499,False
433,433,250-499,250-499,False
331,331,250-499,250-499,False
372,372,250-499,250-499,False
53,53,<100,<100,False
304,304,250-499,250-499,False
295,295,250-499,250-499,False
873,873,500-999,500-999,False
1004,1004,>=1000,>=1000,False
627,627,500-999,500-999,False
734,734,500-999,500-999,False
1163,1163,>=1000,>=1000,False
193,193,100-249,100-249,False
272,272,250-499,250-499,False
1055,1055,>=1000,>=1000,False
770,770,500-999,500-999,False
399,399,250-499,250-499,False
1769,1769,>=1000,>=1000,False
215,215,100-249,100-249,False
290,290,250-499,250-499,False
889,889,500-999,500-999,False
513,513,500-999,500-999,False
354,354,250-499,250-499,False
364,364,250-499,250-499,False
367,367,250-499,250-499,False
1031,1031,>=1000,>=1000,False
1150,1150,>=1000,>=1000,False
345,345,250-499,250-499,False
635,635,500-999,500-999,False
181,181,100-249,100-249,False
412,412,250-499,250-499,False
995,995,500-999,500-999,False
299,299,250-499,250-499,False
274,273,250-499,250-499,False
53,53,<100,<100,False
432,432,250-499,250-499,False
36,36,<100,<100,False
56,56,<100,<100,False
183,183,100-249,100-249,False
390,390,250-499,250-499,False
300,300,250-499,250-499,False
1060,1060,>=1000,>=1000,False
556,556,500-999,500-999,False
680,680,500-999,500-999,False
210,210,100-249,100-249,False
51,51,<100,<100,False
498,498,250-499,250-499,False
436,436,250-499,250-499,False
616,615,500-999,500-999,False
2081,2081,>=1000,>=1000,False
425,425,250-499,250-499,False
550,550,500-999,500-999,False
336,336,250-499,250-499,False
964,964,500-999,500-999,False
460,460,250-499,250-499,False
326,326,250-499,250-499,False
1334,1334,>=1000,>=1000,False
176,176,100-249,100-249,False
812,812,500-999,500-999,False
462,462,250-499,250-499,False
415,415,250-499,250-499,False
1081,1081,>=1000,>=1000,False
249,249,100-249,100-249,False
591,591,500-999,500-999,False
53,53,<100,<100,False
215,215,100-249,100-249,False
263,263,250-499,250-499,False
135,135,100-249,100-249,False
229,229,100-249,100-249,False
542,542,500-999,500-999,False
167,167,100-249,100-249,False
537,537,500-999,500-999,False
1176,1176,>=1000,>=1000,False
855,855,500-999,500-999,False
487,487,250-499,250-499,False
360,360,250-499,250-499,False
120,120,100-249,100-249,False
766,766,500-999,500-999,False
523,523,500-999,500-999,False
213,213,100-249,100-249,False
190,190,100-249,100-249,False
481,481,250-499,250-499,False
217,217,100-249,100-249,False
1977,1977,>=1000,>=1000,False
1333,1333,>=1000,>=1000,False
371,371,250-499,250-499,False
492,492,250-499,250-499,False
1060,1060,>=1000,>=1000,False
170,170,100-249,100-249,False
1216,1216,>=1000,>=1000,False
289,289,250-499,250-499,False
161,161,100-249,100-249,False
283,283,250-499,250-499,False
72,72,<100,<100,False
395,395,250-499,250-499,False
476,476,250-499,250-499,False
253,253,250-499,250-499,False
399,399,250-499,250-499,False
709,709,500-999,500-999,False
216,216,100-249,100-249,False
549,549,500-999,500-999,False
501,501,500-999,500-999,False
2049,2049,>=1000,>=1000,False
398,398,250-499,250-499,False
316,316,250-499,250-499,False
512,512,500-999,500-999,False
579,579,500-999,500-999,False
576,576,500-999,500-999,False
609,609,500-999,500-999,False
39,39,<100,<100,False
856,856,500-999,500-999,False
1151,1151,>=1000,>=1000,False
312,312,250-499,250-499,False
434,434,250-499,250-499,False
360,360,250-499,250-499,False
1541,1541,>=1000,>=1000,False
332,332,250-499,250-499,False
687,687,500-999,500-999,False
326,326,250-499,250-499,False
835,835,500-999,500-999,False
286,286,250-499,250-499,False
364,364,250-499,250-499,False
618,618,500-999,500-999,False
450,450,250-499,250-499,False
81,81,<100,<100,False
695,695,500-999,500-999,False
953,953,500-999,500-999,False
385,385,250-499,250-499,False
329,329,250-499,250-499,False
629,629,500-999,500-999,False
294,294,250-499,250-499,False
285,285,250-499,250-499,False
1032,1032,>=1000,>=1000,False
692,692,500-999,500-999,False
1186,1186,>=1000,>=1000,False
458,458,250-499,250-499,False
391,391,250-499,250-499,False
541,541,500-999,500-999,False
1054,1054,>=1000,>=1000,False
1074,1074,>=1000,>=1000,False
402,402,250-499,250-499,False
829,829,500-999,500-999,False
173,173,100-249,100-249,False
1165,1165,>=1000,>=1000,False
63,63,<100,<100,False
793,793,500-999,500-999,False
384,384,250-499,250-499,False
84,84,<100,<100,False
402,402,250-499,250-499,False
212,212,100-249,100-249,False
350,350,250-499,250-499,False
799,799,500-999,500-999,False
673,673,500-999,500-999,False
450,450,250-499,250-499,False
1423,1423,>=1000,>=1000,False
506,506,500-999,500-999,False
1802,1802,>=1000,>=1000,False
244,244,100-249,100-249,False
587,587,500-999,500-999,False
570,570,500-999,500-999,False
405,405,250-499,250-499,False
998,998,500-999,500-999,False
1146,1146,>=1000,>=1000,False
1579,1579,>=1000,>=1000,False
517,517,500-999,500-999,False
71,71,<100,<100,False
328,328,250-499,250-499,False
991,991,500-999,500-999,False
324,324,250-499,250-499,False
1086,1086,>=1000,>=1000,False
148,148,100-249,100-249,False
177,177,100-249,100-249,False
440,440,250-499,250-499,False
523,523,500-999,500-999,False
226,226,100-249,100-249,False
275,275,250-499,250-499,False
495,495,250-499,250-499,False
170,170,100-249,100-249,False
1155,1155,>=1000,>=1000,False
1062,1062,>=1000,>=1000,False
630,630,500-999,500-999,False
220,220,100-249,100-249,False
802,802,500-999,500-999,False
78,78,<100,<100,False
1397,1397,>=1000,>=1000,False
270,269,250-499,250-499,False
174,174,100-249,100-249,False
610,610,500-999,500-999,False
1125,1125,>=1000,>=1000,False
342,342,250-499,250-499,False
466,466,250-499,250-499,False
49,49,<100,<100,False
209,209,100-249,100-249,False
353,353,250-499,250-499,False
242,242,100-249,100-249,False
142,142,100-249,100-249,False
138,138,100-249,100-249,False
295,295,250-499,250-499,False
73,73,<100,<100,False
45,45,<100,<100,False
36,36,<100,<100,False
197,197,100-249,100-249,False
424,424,250-499,250-499,False
423,423,250-499,250-499,False
251,251,250-499,250-499,False
254,254,250-499,250-499,False
1977,1975,>=1000,>=1000,False
143,143,100-249,100-249,False
458,458,250-499,250-499,False
450,450,250-499,250-499,False
1230,1230,>=1000,>=1000,False
372,372,250-499,250-499,False
68,68,<100,<100,False
1065,1065,>=1000,>=1000,False
568,568,500-999,500-999,False
283,283,250-499,250-499,False
374,374,250-499,250-499,False
372,372,250-499,250-499,False
928,928,500-999,500-999,False
446,446,250-499,250-499,False
219,219,100-249,100-249,False
362,362,250-499,250-499,False
1735,1735,>=1000,>=1000,False
671,671,500-999,500-999,False
599,599,500-999,500-999,False
742,742,500-999,500-999,False
206,206,100-249,100-249,False
618,618,500-999,500-999,False
426,426,250-499,250-499,False
137,137,100-249,100-249,False
235,235,100-249,100-249,False
1069,1069,>=1000,>=1000,False
1215,1215,>=1000,>=1000,False
2255,2255,>=1000,>=1000,False
831,831,500-999,500-999,False
80,80,<100,<100,False
481,481,250-499,250-499,False
546,546,500-999,500-999,False
518,518,500-999,500-999,False
668,668,500-999,500-999,False
386,386,250-499,250-499,False
461,461,250-499,250-499,False
347,347,250-499,250-499,False
140,140,100-249,100-249,False
172,172,100-249,100-249,False
535,535,500-999,500-999,False
44,44,<100,<100,False
124,124,100-249,100-249,False
670,670,500-999,500-999,False
400,400,250-499,250-499,False
1512,1512,>=1000,>=1000,False
40,40,<100,<100,False
53,53,<100,<100,False
321,321,250-499,250-499,False
512,512,500-999,500-999,False
46,46,<100,<100,False
435,435,250-499,250-499,False
1249,1249,>=1000,>=1000,False
656,656,500-999,500-999,False
119,119,100-249,100-249,False
60,60,<100,<100,False
662,662,500-999,500-999,False
1162,1162,>=1000,>=1000,False
268,268,250-499,250-499,False
606,606,500-999,500-999,False
279,279,250-499,250-499,False
177,177,100-249,100-249,False
418,418,250-499,250-499,False
1099,1099,>=1000,>=1000,False
119,119,100-249,100-249,False
1211,1211,>=1000,>=1000,False
210,210,100-249,100-249,False
331,331,250-499,250-499,False
581,581,500-999,500-999,False
287,287,250-499,250-499,False
623,623,500-999,500-999,False
964,964,500-999,500-999,False
26,26,<100,<100,False
658,658,500-999,500-999,False
607,607,500-999,500-999,False
1800,1800,>=1000,>=1000,False
142,142,100-249,100-249,False
1004,1004,>=1000,>=1000,False
170,170,100-249,100-249,False
213,213,100-249,100-249,False
254,254,250-499,250-499,False
47,47,<100,<100,False
379,379,250-499,250-499,False
1160,1160,>=1000,>=1000,False
931,931,500-999,500-999,False
458,458,250-499,250-499,False
441,441,250-499,250-499,False
2498,2497,>=1000,>=1000,False
513,513,500-999,500-999,False
289,289,250-499,250-499,False
1624,1624,>=1000,>=1000,False
321,321,250-499,250-499,False
323,323,250-499,250-499,False
354,354,250-499,250-499,False
288,288,250-499,250-499,False
390,390,250-499,250-499,False
719,719,500-999,500-999,False
76,76,<100,<100,False
124,124,100-249,100-249,False
496,496,250-499,250-499,False
405,405,250-499,250-499,False
312,312,250-499,250-499,False
244,244,100-249,100-249,False
566,566,500-999,500-999,False
371,371,250-499,250-499,False
127,127,100-249,100-249,False
407,407,250-499,250-499,False
146,146,100-249,100-249,False
645,645,500-999,500-999,False
839,839,500-999,500-999,False
448,448,250-499,250-499,False
629,629,500-999,500-999,False
168,168,100-249,100-249,False
360,360,250-499,250-499,False
938,938,500-999,500-999,False
264,264,250-499,250-499,False
763,763,500-999,500-999,False
32,32,<100,<100,False
330,330,250-499,250-499,False
289,289,250-499,250-499,False
504,504,500-999,500-999,False
487,487,250-499,250-499,False
78,78,<100,<100,False
282,282,250-499,250-499,False
165,165,100-249,100-249,False
441,441,250-499,250-499,False
756,756,500-999,500-999,False
283,283,250-499,250-499,False
435,434,250-499,250-499,False
672,672,500-999,500-999,False
49,49,<100,<100,False
867,867,500-999,500-999,False
1319,1319,>=1000,>=1000,False
928,928,500-999,500-999,False
223,223,100-249,100-249,False
395,395,250-499,250-499,False
155,155,100-249,100-249,False
256,256,250-499,250-499,False
57,57,<100,<100,False
787,787,500-999,500-999,False
77,77,<100,<100,False
362,362,250-499,250-499,False
444,444,250-499,250-499,False
42,42,<100,<100,False
614,614,500-999,500-999,False
252,252,250-499,250-499,False
645,645,500-999,500-999,False
799,799,500-999,500-999,False
430,430,250-499,250-499,False
884,884,500-999,500-999,False
720,720,500-999,500-999,False
309,309,250-499,250-499,False
505,505,500-999,500-999,False
165,165,100-249,100-249,False
67,67,<100,<100,False
283,283,250-499,250-499,False
589,589,500-999,500-999,False
496,495,250-499,250-499,False
147,147,100-249,100-249,False
559,559,500-999,500-999,False
116,116,100-249,100-249,False
325,325,250-499,250-499,False
1047,1047,>=1000,>=1000,False
568,567,500-999,500-999,False
455,455,250-499,250-499,False
48,48,<100,<100,False
1074,1074,>=1000,>=1000,False
293,293,250-499,250-499,False
600,600,500-999,500-999,False
740,740,500-999,500-999,False
225,225,100-249,100-249,False
590,590,500-999,500-999,False
610,610,500-999,500-999,False
947,947,500-999,500-999,False
722,722,500-999,500-999,False
34,34,<100,<100,False
415,415,250-499,250-499,False
622,622,500-999,500-999,False
519,519,500-999,500-999,False
697,697,500-999,500-999,False
1114,1114,>=1000,>=1000,False
293,293,250-499,250-499,False
633,633,500-999,500-999,False
2102,2102,>=1000,>=1000,False
354,354,250-499,250-499,False
263,263,250-499,250-499,False
261,261,250-499,250-499,False
1161,1161,>=1000,>=1000,False
878,878,500-999,500-999,False
300,300,250-499,250-499,False
281,281,250-499,250-499,False
188,188,100-249,100-249,False
1160,1160,>=1000,>=1000,False
975,975,500-999,500-999,False
474,474,250-499,250-499,False
274,274,250-499,250-499,False
763,763,500-999,500-999,False
279,279,250-499,250-499,False
489,489,250-499,250-499,False
567,567,500-999,500-999,False
365,365,250-499,250-499,False
266,266,250-499,250-499,False
257,257,250-499,250-499,False
718,718,500-999,500-999,False
544,544,500-999,500-999,False
582,582,500-999,500-999,False
84,84,<100,<100,False
447,447,250-499,250-499,False
564,564,500-999,500-999,False
963,963,500-999,500-999,False
52,52,<100,<100,False
155,155,100-249,100-249,False
399,399,250-499,250-499,False
540,540,500-999,500-999,False
1351,1351,>=1000,>=1000,False
300,300,250-499,250-499,False
2094,2094,>=1000,>=1000,False
473,473,250-499,250-499,False
741,741,500-999,500-999,False
397,397,250-499,250-499,False
161,161,100-249,100-249,False
38,38,<100,<100,False
734,734,500-999,500-999,False
439,439,250-499,250-499,False
729,729,500-999,500-999,False
207,207,100-249,100-249,False
253,253,250-499,250-499,False
368,368,250-499,250-499,False
1354,1354,>=1000,>=1000,False
1159,1159,>=1000,>=1000,False
486,486,250-499,250-499,False
468,468,250-499,250-499,False
1134,1134,>=1000,>=1000,False
351,351,250-499,250-499,False
1066,1066,>=1000,>=1000,False
176,176,100-249,100-249,False
329,329,250-499,250-499,False
1184,1184,>=1000,>=1000,False
540,540,500-999,500-999,False
291,291,250-499,250-499,False
77,77,<100,<100,False
286,286,250-499,250-499,False
448,448,250-499,250-499,False
75,75,<100,<100,False
613,613,500-999,500-999,False
1733,1733,>=1000,>=1000,False
1132,1132,>=1000,>=1000,False
46,46,<100,<100,False
1168,1168,>=1000,>=1000,False
268,268,250-499,250-499,False
550,550,500-999,500-999,False
1208,1208,>=1000,>=1000,False
412,412,250-499,250-499,False
197,197,100-249,100-249,False
919,919,500-999,500-999,False
664,664,500-999,500-999,False
113,113,100-249,100-249,False
411,411,250-499,250-499,False
79,79,<100,<100,False
287,287,250-499,250-499,False
142,142,100-249,100-249,False
46,46,<100,<100,False
1144,1144,>=1000,>=1000,False
289,289,250-499,250-499,False
594,594,500-999,500-999,False
774,774,500-999,500-999,False
2034,2034,>=1000,>=1000,False
136,136,100-249,100-249,False
1217,1217,>=1000,>=1000,False
323,323,250-499,250-499,False
2180,2179,>=1000,>=1000,False
155,155,100-249,100-249,False
209,209,100-249,100-249,False
94,94,<100,<100,False
373,373,250-499,250-499,False
176,176,100-249,100-249,False
298,298,250-499,250-499,False
570,570,500-999,500-999,False
1829,1829,>=1000,>=1000,False
355,355,250-499,250-499,False
179,179,100-249,100-249,False
483,483,250-499,250-499,False
110,110,100-249,100-249,False
534,534,500-999,500-999,False
667,667,500-999,500-999,False
163,163,100-249,100-249,False
43,43,<100,<100,False
485,484,250-499,250-499,False
428,428,250-499,250-499,False
612,612,500-999,500-999,False
1051,1051,>=1000,>=1000,False
2028,2028,>=1000,>=1000,False
245,245,100-249,100-249,False
416,415,250-499,250-499,False
634,634,500-999,500-999,False
539,539,500-999,500-999,False
834,834,500-999,500-999,False
506,506,500-999,500-999,False
633,633,500-999,500-999,False
255,255,250-499,250-499,False
353,353,250-499,250-499,False
226,226,100-249,100-249,False
1211,1211,>=1000,>=1000,False
634,634,500-999,500-999,False
334,334,250-499,250-499,False
142,142,100-249,100-249,False
1930,1930,>=1000,>=1000,False
240,240,100-249,100-249,False
71,71,<100,<100,False
1009,1009,>=1000,>=1000,False
586,586,500-999,500-999,False
214,214,100-249,100-249,False
210,210,100-249,100-249,False
363,363,250-499,250-499,False
218,218,100-249,100-249,False
524,524,500-999,500-999,False
903,903,500-999,500-999,False
858,858,500-999,500-999,False
578,578,500-999,500-999,False
247,247,100-249,100-249,False
715,715,500-999,500-999,False
44,44,<100,<100,False
176,176,100-249,100-249,False
810,810,500-999,500-999,False
234,234,100-249,100-249,False
263,263,250-499,250-499,False
81,81,<100,<100,False
230,230,100-249,100-249,False
1095,1095,>=1000,>=1000,False
69,69,<100,<100,False
168,168,100-249,100-249,False
471,471,250-499,250-499,False
1098,1098,>=1000,>=1000,False
326,326,250-499,250-499,False
923,923,500-999,500-999,False
264,264,250-499,250-499,False
1469,1469,>=1000,>=1000,False
118,118,100-249,100-249,False
652,652,500-999,500-999,False
641,641,500-999,500-999,False
627,627,500-999,500-999,False
321,321,250-499,250-499,False
522,522,500-999,500-999,False
581,581,500-999,500-999,False
611,611,500-999,500-999,False
448,448,250-499,250-499,False
1112,1112,>=1000,>=1000,False
947,947,500-999,500-999,False
101,101,100-249,100-249,False
579,579,500-999,500-999,False
297,297,250-499,250-499,False
284,284,250-499,250-499,False
333,333,250-499,250-499,False
680,680,500-999,500-999,False
362,362,250-499,250-499,False
1137,1137,>=1000,>=1000,False
376,376,250-499,250-499,False
585,585,500-999,500-999,False
76,76,<100,<100,False
1327,1327,>=1000,>=1000,False
30,30,<100,<100,False
300,300,250-499,250-499,False
638,638,500-999,500-999,False
680,680,500-999,500-999,False
460,460,250-499,250-499,False
524,524,500-999,500-999,False
611,611,500-999,500-999,False
2341,2341,>=1000,>=1000,False
353,353,250-499,250-499,False
1333,1333,>=1000,>=1000,False
995,995,500-999,500-999,False
532,532,500-999,500-999,False
173,173,100-249,100-249,False
223,223,100-249,100-249,False
995,995,500-999,500-999,False
233,233,100-249,100-249,False
639,639,500-999,500-999,False
353,353,250-499,250-499,False
387,387,250-499,250-499,False
580,580,500-999,500-999,False
356,356,250-499,250-499,False
95,95,<100,<100,False
304,304,250-499,250-499,False
86,86,<100,<100,False
506,506,500-999,500-999,False
291,291,250-499,250-499,False
273,273,250-499,250-499,False
1060,1060,>=1000,>=1000,False
924,924,500-999,500-999,False
476,476,250-499,250-499,False
318,318,250-499,250-499,False
635,635,500-999,500-999,False
831,831,500-999,500-999,False
89,89,<100,<100,False
42,42,<100,<100,False
247,247,100-249,100-249,False
1054,1054,>=1000,>=1000,False
135,135,100-249,100-249,False
1046,1046,>=1000,>=1000,False
263,263,250-499,250-499,False
704,704,500-999,500-999,False
355,355,250-499,250-499,False
1035,1035,>=1000,>=1000,False
325,325,250-499,250-499,False
144,144,100-249,100-249,False
539,539,500-999,500-999,False
359,359,250-499,250-499,False
124,124,100-249,100-249,False
342,342,250-499,250-499,False
668,668,500-999,500-999,False
140,140,100-249,100-249,False
197,197,100-249,100-249,False
743,743,500-999,500-999,False
281,281,250-499,250-499,False
594,594,500-999,500-999,False
577,577,500-999,500-999,False
261,261,250-499,250-499,False
885,885,500-999,500-999,False
686,686,500-999,500-999,False
47,47,<100,<100,False
644,644,500-999,500-999,False
728,728,500-999,500-999,False
317,317,250-499,250-499,False
31,31,<100,<100,False
40,40,<100,<100,False
306,306,250-499,250-499,False
1192,1192,>=1000,>=1000,False
264,264,250-499,250-499,False
149,149,100-249,100-249,False
981,981,500-999,500-999,False
665,665,500-999,500-999,False
869,869,500-999,500-999,False
78,78,<100,<100,False
583,583,500-999,500-999,False
354,354,250-499,250-499,False
289,289,250-499,250-499,False
457,457,250-499,250-499,False
288,288,250-499,250-499,False
334,334,250-499,250-499,False
614,614,500-999,500-999,False
260,260,250-499,250-499,False
248,248,100-249,100-249,False
79,79,<100,<100,False
457,457,250-499,250-499,False
72,72,<100,<100,False
509,509,500-999,500-999,False
683,683,500-999,500-999,False
415,415,250-499,250-499,False
522,522,500-999,500-999,False
472,472,250-499,250-499,False
1472,1472,>=1000,>=1000,False
777,777,500-999,500-999,False
51,51,<100,<100,False
331,331,250-499,250-499,False
454,454,250-499,250-499,False
167,167,100-249,100-249,False
313,313,250-499,250-499,False
278,278,250-499,250-499,False
137,137,100-249,100-249,False
239,239,100-249,100-249,False
1084,1084,>=1000,>=1000,False
86,86,<100,<100,False
730,730,500-999,500-999,False
187,187,100-249,100-249,False
72,72,<100,<100,False
576,576,500-999,500-999,False
863,863,500-999,500-999,False
347,347,250-499,250-499,False
32,32,<100,<100,False
74,74,<100,<100,False
583,583,500-999,500-999,False
41,41,<100,<100,False
51,51,<100,<100,False
840,840,500-999,500-999,False
654,654,500-999,500-999,False
315,315,250-499,250-499,False
242,242,100-249,100-249,False
574,574,500-999,500-999,False
551,551,500-999,500-999,False
1270,1270,>=1000,>=1000,False
338,338,250-499,250-499,False
361,361,250-499,250-499,False
365,365,250-499,250-499,False
630,630,500-999,500-999,False
128,128,100-249,100-249,False
149,149,100-249,100-249,False
679,679,500-999,500-999,False
723,723,500-999,500-999,False
687,687,500-999,500-999,False
137,137,100-249,100-249,False
463,463,250-499,250-499,False
634,634,500-999,500-999,False
390,390,250-499,250-499,False
458,458,250-499,250-499,False
318,318,250-499,250-499,False
526,526,500-999,500-999,False
1264,1264,>=1000,>=1000,False
257,257,250-499,250-499,False
629,629,500-999,500-999,False
391,391,250-499,250-499,False
523,523,500-999,500-999,False
223,223,100-249,100-249,False
181,181,100-249,100-249,False
511,511,500-999,500-999,False
777,777,500-999,500-999,False
334,334,250-499,250-499,False
437,437,250-499,250-499,False
238,238,100-249,100-249,False
510,510,500-999,500-999,False
592,592,500-999,500-999,False
269,269,250-499,250-499,False
449,449,250-499,250-499,False
646,646,500-999,500-999,False
344,344,250-499,250-499,False
46,46,<100,<100,False
503,503,500-999,500-999,False
376,376,250-499,250-499,False
81,81,<100,<100,False
295,295,250-499,250-499,False
218,218,100-249,100-249,False
639,639,500-999,500-999,False
166,166,100-249,100-249,False
568,568,500-999,500-999,False
472,472,250-499,250-499,False
540,540,500-999,500-999,False
525,525,500-999,500-999,False
256,256,250-499,250-499,False
87,87,<100,<100,False
612,612,500-999,500-999,False
274,274,250-499,250-499,False
356,355,250-499,250-499,False
48,48,<100,<100,False
46,46,<100,<100,False
142,142,100-249,100-249,False
62,62,<100,<100,False
567,567,500-999,500-999,False
1272,1272,>=1000,>=1000,False
801,801,500-999,500-999,False
812,812,500-999,500-999,False
32,32,<100,<100,False
289,289,250-499,250-499,False
129,129,100-249,100-249,False
489,489,250-499,250-499,False
387,387,250-499,250-499,False
394,394,250-499,250-499,False
1333,1333,>=1000,>=1000,False
340,340,250-499,250-499,False
49,49,<100,<100,False
414,414,250-499,250-499,False
1148,1148,>=1000,>=1000,False
1158,1158,>=1000,>=1000,False
239,239,100-249,100-249,False
558,558,500-999,500-999,False
1053,1053,>=1000,>=1000,False
852,852,500-999,500-999,False
46,46,<100,<100,False
288,288,250-499,250-499,False
1320,1320,>=1000,>=1000,False
417,417,250-499,250-499,False
723,723,500-999,500-999,False
401,401,250-499,250-499,False
726,726,500-999,500-999,False
576,575,500-999,500-999,False
557,557,500-999,500-999,False
489,489,250-499,250-499,False
182,182,100-249,100-249,False
536,536,500-999,500-999,False
232,232,100-249,100-249,False
316,316,250-499,250-499,False
324,324,250-499,250-499,False
323,323,250-499,250-499,False
750,750,500-999,500-999,False
617,617,500-999,500-999,False
182,182,100-249,100-249,False
523,523,500-999,500-999,False
