fila_test,id_objeto,clase,prediccion_rf,mal_clasificado_rf,es_clase_dificil,score_isolation_forest,score_lof,rank_if,rank_lof,top_if,top_lof,candidato_fuerte,candidato_interesante
0,CSS_J173822.3+541006,EW,EW,False,False,0.3575671488871927,1.032071893627374,7464,4920,False,False,False,False
1,CSS_J035942.1+250122,EW,EW,False,False,0.35727988651821285,1.0369563289767392,7488,4669,False,False,False,False
2,CSS_J050004.2+005836,EW,EW,False,False,0.38963918761137556,1.074007998623664,3939,3219,False,False,False,False
3,CSS_J052607.7+002624,EW,EW,False,False,0.49186263943889136,1.2201963422356037,619,940,False,False,False,False
4,CSS_J231219.3+372824,EW,RRc,True,False,0.42659335446210134,1.278453395414882,1964,608,False,False,False,False
5,CSS_J222826.9+211010,EW,RS CVn,True,False,0.6667276024458992,2.055325108076833,63,19,True,True,True,False
6,CSS_J104514.6+521648,EW,EW,False,False,0.39830163299561294,1.1029428142535496,3286,2460,False,False,False,False
7,CSS_J040227.2+260434,EW,EW,False,False,0.4286364421676768,1.8155089630049246,1899,37,False,True,False,False
8,CSS_J180350.8+340926,EW,EW,False,False,0.4952404574401828,1.4938261104989714,578,166,False,False,False,False
9,CSS_J083404.6+124509,RRab,EW,True,False,0.4362507145422109,1.06709751678437,1667,3447,False,False,False,False
10,CSS_J130333.6+154001,RRc,RRc,False,False,0.36946706258607,1.0020623596835123,6158,6646,False,False,False,False
11,CSS_J072817.1+373857,EW,EW,False,False,0.38498856803793846,0.9982399291660945,4382,6864,False,False,False,False
12,CSS_J103638.1+030423,EW,EW,False,False,0.37910137457223103,1.0091507090030176,5014,6172,False,False,False,False
13,CSS_J142853.6-111124,RRc,RRc,False,False,0.3721260534501909,1.1264848348593424,5809,1982,False,False,False,False
14,CSS_J035308.1-024445,EW,EW,False,False,0.3822550552117499,0.9948183637608767,4667,7045,False,False,False,False
15,CSS_J232838.0+400336,EW,EW,False,False,0.41321412727267426,1.017714314226077,2490,5669,False,False,False,False
16,CSS_J090504.5+351854,EW,EW,False,False,0.46808550393954057,1.3228185023994952,971,442,False,False,False,False
17,CSS_J053058.0-034529,RS CVn,EW,True,True,0.42542973241908183,1.066172990393559,2006,3481,False,False,False,False
18,CSS_J014920.7+251349,EW,EW,False,False,0.38065018590508604,1.041212022696556,4848,4480,False,False,False,False
19,CSS_J105356.1-135020,LPV,LPV,False,False,0.6843731150910232,0.9991181982894254,52,6810,True,False,False,False
20,CSS_J170752.8+413315,RS CVn,RS CVn,False,True,0.4357448802975156,1.064728357618318,1678,3530,False,False,False,False
21,CSS_J054257.5-123940,EW,EW,False,False,0.45795689942045303,1.0085885540239101,1150,6219,False,False,False,False
22,CSS_J164633.5+051427,RS CVn,RS CVn,False,True,0.4571791689186041,1.0512553836214338,1175,4040,False,False,False,False
23,CSS_J213424.1+094601,RRab,RRab,False,False,0.49593425209656644,1.2984497018752899,572,538,False,False,False,False
24,CSS_J082957.9+175739,EW,EW,False,False,0.4128956113257657,1.051742792407961,2504,4020,False,False,False,False
25,CSS_J201309.7-133403,RRab,RRab,False,False,0.41174250520111877,1.2009210692242163,2556,1079,False,False,False,False
26,CSS_J074530.0+372258,RRc,RRc,False,False,0.4291590716624852,1.5434669532069232,1882,120,False,True,False,False
27,CSS_J034021.1-144648,EW,EW,False,False,0.38583775945271537,1.0476918201554608,4302,4194,False,False,False,False
28,CSS_J172318.3+315245,EA,EA,False,False,0.40255767041902973,1.0499756657191146,3030,4091,False,False,False,False
29,CSS_J165242.9+073623,RS CVn,RS CVn,False,True,0.45899078111007474,1.2097991320471486,1129,1013,False,False,False,False
30,CSS_J154619.1+363404,RRd,RRc,True,True,0.35637032196166535,1.0729283685844644,7577,3252,False,False,False,False
31,CSS_J072339.0+295500,EW,EW,False,False,0.37881697804608944,0.9933830075358022,5040,7125,False,False,False,False
32,CSS_J125741.5-082900,RRc,RRc,False,False,0.3793561133297829,1.0763683141617186,4990,3162,False,False,False,False
33,CSS_J015733.5+375717,EW,EA,True,False,0.4524269763975082,1.025401042998126,1276,5244,False,False,False,False
34,CSS_J045031.6+033737,EW,EW,False,False,0.38189216363187095,1.0351073477921586,4705,4750,False,False,False,False
35,CSS_J100810.9+605837,EW,EW,False,False,0.35309868266024996,0.9981009665712746,7811,6871,False,False,False,False
36,CSS_J073437.3+532334,EW,EW,False,False,0.363736401940919,0.9854617980001127,6822,7560,False,False,False,False
37,CSS_J215117.9-131022,RRc,RRc,False,False,0.36580862108585405,1.0673181661985225,6603,3436,False,False,False,False
38,CSS_J092629.1+301034,RS CVn,RS CVn,False,True,0.5691784892042168,0.996209521213351,196,6962,False,False,False,False
39,CSS_J033933.6+284337,EW,EW,False,False,0.37621373156691656,1.0191448182894356,5335,5573,False,False,False,False
40,CSS_J131331.5+101007,EW,EW,False,False,0.39048804142435356,1.1013118561841282,3867,2504,False,False,False,False
41,CSS_J055859.6-174934,EW,EW,False,False,0.3823044742337571,1.0072826116990634,4662,6309,False,False,False,False
42,CSS_J222405.0+293611,EW,EW,False,False,0.36131509689524244,1.0042241269570864,7078,6511,False,False,False,False
43,CSS_J202305.8-120624,EW,EW,False,False,0.47360832792579005,1.1350698851842225,880,1840,False,False,False,False
44,CSS_J161435.2+132852,EA,EA,False,False,0.5150925996292564,1.2946362962872429,417,552,False,False,False,False
45,CSS_J044329.6-134444,RRc,RRc,False,False,0.3810574566370886,1.0335917256771334,4805,4838,False,False,False,False
46,CSS_J103100.5+343409,RRab,EW,True,False,0.4389994685013189,1.040802300034151,1602,4497,False,False,False,False
47,CSS_J022636.1-075005,EW,EW,False,False,0.4032986812999477,1.0484797884852572,2980,4149,False,False,False,False
48,CSS_J204055.4-070034,RRab,RRab,False,False,0.4072941719094742,1.0355578455142385,2776,4734,False,False,False,False
49,CSS_J140700.3+014039,EW,EW,False,False,0.3718577336008515,1.0406908972979798,5846,4501,False,False,False,False
50,CSS_J015441.7+381010,EW,EW,False,False,0.3625636306265811,1.0553171990530452,6947,3869,False,False,False,False
51,CSS_J232858.2+421141,EW,EW,False,False,0.3525644160186609,0.9808506226287456,7835,7736,False,False,False,False
52,CSS_J051220.0+054814,EA,EA,False,False,0.5632212266394734,1.0288037306587554,215,5067,False,False,False,False
53,CSS_J055555.9+043815,EW,EW,False,False,0.4317839029812821,1.1155020681110037,1794,2194,False,False,False,False
54,CSS_J151120.3-020423,RRc,RRc,False,False,0.3880908957641337,1.0035940734652324,4080,6553,False,False,False,False
55,CSS_J173041.8+161219,EW,EW,False,False,0.4212144019805463,1.1349165343306182,2154,1844,False,False,False,False
56,CSS_J223722.7-124100,RRab,RRab,False,False,0.432738661073584,0.9837630990553871,1763,7632,False,False,False,False
57,CSS_J233139.3-024205,EW,EW,False,False,0.4394824425030089,1.1678031074033757,1589,1397,False,False,False,False
58,CSS_J052244.8-010231,RS CVn,RS CVn,False,True,0.44934742371698566,1.1888190127916687,1341,1166,False,False,False,False
59,CSS_J051523.7-191005,EW,EW,False,False,0.37817033923475873,1.0053481120257304,5106,6451,False,False,False,False
60,CSS_J075442.6+555622,EW,EW,False,False,0.39797901926375073,1.4248912990334217,3302,232,False,False,False,False
61,CSS_J162101.5-181835,RRab,EW,True,False,0.36128948262694077,0.9919998729469344,7081,7198,False,False,False,False
62,CSS_J171624.8+064155,EW,EW,False,False,0.46055870265229365,1.2431283922884044,1111,792,False,False,False,False
63,CSS_J005941.2-081247,EW,EW,False,False,0.37172802054210496,1.0317244757960664,5874,4931,False,False,False,False
64,CSS_J080902.2+150848,RRab,RRab,False,False,0.41147712004524106,1.247861315241013,2574,764,False,False,False,False
65,CSS_J074100.0+520732,EW,EW,False,False,0.389043481574729,1.1752322521708354,3990,1310,False,False,False,False
66,CSS_J130025.7+530328,EW,RRc,True,False,0.4776954115490747,1.6028954932998183,821,84,False,True,False,False
67,CSS_J145242.8-120436,EW,EW,False,False,0.47542239778172746,1.3359784036653188,850,414,False,False,False,False
68,CSS_J123425.4+153042,EW,EW,False,False,0.35945853838658187,1.0369833880201187,7284,4666,False,False,False,False
69,CSS_J094356.5+503800,EW,EW,False,False,0.38805943410841,1.006387808725267,4082,6364,False,False,False,False
70,CSS_J210829.5-100655,EW,EW,False,False,0.35738268948194907,1.020918475327508,7481,5478,False,False,False,False
71,CSS_J021848.4+293908,EW,EW,False,False,0.3904915192290546,0.990819116872043,3866,7266,False,False,False,False
72,CSS_J051515.3+153731,RRc,RRc,False,False,0.3691119490282178,0.9898950383677466,6206,7319,False,False,False,False
73,CSS_J170240.0+151123,EW,EW,False,False,0.39921017186347546,1.3267949628348052,3209,435,False,False,False,False
74,CSS_J143122.9+522031,EW,EW,False,False,0.405518760179501,1.1384876538534088,2855,1784,False,False,False,False
75,CSS_J024829.2+030904,EW,EW,False,False,0.43215868696863907,1.051191379176626,1781,4044,False,False,False,False
76,CSS_J070705.9+393031,EW,EW,False,False,0.4699805190662423,1.0429485911345888,936,4405,False,False,False,False
77,CSS_J094953.4+353759,RRc,RRc,False,False,0.37528873185441636,1.0038034280608268,5434,6538,False,False,False,False
78,CSS_J142152.5+380905,EW,EW,False,False,0.35282380887333975,1.1161412030253368,7820,2176,False,False,False,False
79,CSS_J163436.9+154421,EA,EA,False,False,0.4679387106462171,1.0336708230367206,973,4834,False,False,False,False
80,CSS_J225506.3+302116,EW,EW,False,False,0.3910729203478665,1.0986119709913333,3828,2574,False,False,False,False
81,CSS_J084554.2+193456,EW,EW,False,False,0.6689764080438216,1.4037650656535878,62,267,True,False,False,False
82,CSS_J211831.3-084953,EW,EW,False,False,0.3789954523161018,1.034357681341419,5020,4791,False,False,False,False
83,CSS_J054058.3+021852,EW,EW,False,False,0.4234852169312582,1.0445958533182806,2067,4335,False,False,False,False
84,CSS_J014850.1+224637,EW,EW,False,False,0.4610834047280615,1.12494458676833,1102,2008,False,False,False,False
85,CSS_J161741.1-032322,RRc,RRc,False,False,0.4000243829148783,1.0349761535767108,3172,4758,False,False,False,False
86,CSS_J043500.2+105716,EW,EW,False,False,0.4572559195134407,1.7761254119365382,1172,43,False,True,False,False
87,CSS_J083422.6+014401,EW,EW,False,False,0.3790444904963404,1.0018345195929084,5017,6658,False,False,False,False
88,CSS_J213702.7+044629,EA,EA,False,False,0.5675676834880408,1.0574126850580847,205,3791,False,False,False,False
89,CSS_J033040.4+080340,EW,EW,False,False,0.39525660508176313,1.2101830164134924,3489,1010,False,False,False,False
90,CSS_J163602.6+430700,EW,EW,False,False,0.37464411905453016,1.0478707856040441,5515,4179,False,False,False,False
91,CSS_J172719.1+140236,RRc,RRc,False,False,0.406604610675289,1.1357645402619307,2802,1828,False,False,False,False
92,CSS_J165851.9+090820,EW,EW,False,False,0.3691820063327422,1.0563032535069694,6200,3830,False,False,False,False
93,CSS_J143857.8+073136,RRc,RRc,False,False,0.388838951732482,1.285182947119285,4008,590,False,False,False,False
94,CSS_J080707.0+382856,EW,EW,False,False,0.4157963995088165,1.051395267792364,2367,4032,False,False,False,False
95,CSS_J155023.6-091044,EW,EW,False,False,0.4123887121543341,1.1327305333352302,2528,1885,False,False,False,False
96,CSS_J121856.7+143714,RS CVn,RS CVn,False,True,0.5342442060662923,0.9867219894782459,319,7491,False,False,False,False
97,CSS_J034402.6-072053,EW,EW,False,False,0.3935919752754976,1.0317295460467348,3629,4930,False,False,False,False
98,CSS_J080121.4+510456,EW,EW,False,False,0.37081839065621974,0.9861515960902301,5998,7522,False,False,False,False
99,CSS_J054235.2-034650,RRc,EW,True,False,0.36070440791537267,0.9972639786127754,7151,6909,False,False,False,False
100,CSS_J051438.1-122026,EW,EW,False,False,0.35606709891582367,1.027329015469968,7609,5142,False,False,False,False
101,CSS_J044512.8+204834,RS CVn,RS CVn,False,True,0.43284225641882385,1.322163904752004,1759,444,False,False,False,False
102,CSS_J052704.6-053649,EA,EA,False,False,0.4226519439203157,1.031070498905558,2107,4966,False,False,False,False
103,CSS_J044532.8+174543,EW,EW,False,False,0.3666804355858121,1.0251895580358137,6506,5259,False,False,False,False
104,CSS_J210230.7+000846,EW,EW,False,False,0.3715375728638281,1.0503840571142349,5901,4074,False,False,False,False
105,CSS_J041909.6-042243,RRc,RRc,False,False,0.37596184827903056,1.0230245341035689,5366,5357,False,False,False,False
106,CSS_J162121.5-084724,EW,EW,False,False,0.41369242818616586,1.0557798353871353,2465,3852,False,False,False,False
107,CSS_J081607.3+124825,EW,EW,False,False,0.3979640798098717,1.1037143502319613,3306,2437,False,False,False,False
108,CSS_J073824.9+200847,EW,EW,False,False,0.35876424844544974,0.9993762522178571,7345,6802,False,False,False,False
109,CSS_J043639.1+373436,EW,EW,False,False,0.35708188511956623,0.9841205426234685,7510,7618,False,False,False,False
110,CSS_J205733.8+044320,RRc,RRc,False,False,0.3902955152807699,1.081660533877662,3883,3000,False,False,False,False
111,CSS_J011855.2+143725,EW,EW,False,False,0.42466709951920495,1.1551071793413386,2028,1559,False,False,False,False
112,CSS_J170438.0+330348,EW,EW,False,False,0.40113227416651265,1.1651109444476568,3104,1436,False,False,False,False
113,CSS_J210301.2-051557,EA,EA,False,False,0.49108816562106133,1.0997610659266692,632,2546,False,False,False,False
114,CSS_J084232.9+062119,LPV,LPV,False,False,0.7667294900816434,1.2882237193861354,6,580,True,False,False,False
115,CSS_J050003.0+070611,EW,EW,False,False,0.37422427019984184,1.1018042482529684,5564,2486,False,False,False,False
116,CSS_J045455.4-074524,EW,EW,False,False,0.35625471050313623,1.032261847185896,7593,4909,False,False,False,False
117,CSS_J022040.3+353111,EW,EW,False,False,0.37099358808706656,1.0232494170370783,5977,5347,False,False,False,False
118,CSS_J091042.1+101143,EA,EA,False,False,0.494335136016398,1.1537572555593467,587,1573,False,False,False,False
119,CSS_J090716.8+060748,EW,EW,False,False,0.37256319040913666,1.076175244070677,5755,3167,False,False,False,False
120,CSS_J071131.5+324026,EW,EW,False,False,0.41276495854438194,1.089395597214144,2511,2796,False,False,False,False
121,CSS_J233003.4-024818,EW,EW,False,False,0.37761684196226103,1.0161391170941658,5177,5750,False,False,False,False
122,CSS_J090650.6+034001,EW,EW,False,False,0.37921221387556986,1.1927016182124146,5002,1133,False,False,False,False
123,CSS_J181511.1+322926,EA,EA,False,False,0.6096843471615266,1.0446636821170263,124,4331,True,False,False,False
124,CSS_J232008.0+172736,EW,EW,False,False,0.3972435126688911,1.0119216250513703,3352,6010,False,False,False,False
125,CSS_J061242.0-092333,EW,EW,False,False,0.34754706096609783,1.0543388698811185,7993,3905,False,False,False,False
126,CSS_J235256.8+440540,EW,EW,False,False,0.4034787473853237,1.0416322997710457,2970,4467,False,False,False,False
127,CSS_J093503.4-103251,RRc,RRc,False,False,0.3812437447256731,1.1107259545484034,4782,2287,False,False,False,False
128,CSS_J084610.9+022805,EW,EW,False,False,0.35602864467655293,1.0589368649019646,7615,3737,False,False,False,False
129,CSS_J003439.6+290845,RRc,RRc,False,False,0.44370204546095615,1.0721264273501547,1482,3275,False,False,False,False
130,CSS_J205754.6-163232,EW,EW,False,False,0.3563938898697922,1.0611247222268068,7576,3653,False,False,False,False
131,CSS_J212514.8-111152,EW,EW,False,False,0.37962992577812255,1.004619363600219,4965,6486,False,False,False,False
132,CSS_J151228.1+341817,EW,EW,False,False,0.3608489064315357,0.9730904525071766,7136,7919,False,False,False,False
133,CSS_J162020.6+263517,EW,EW,False,False,0.3680550320565173,1.030904261256706,6344,4976,False,False,False,False
134,CSS_J175558.9+292251,RS CVn,EW,True,True,0.4231156323592964,1.144950401476518,2084,1703,False,False,False,False
135,CSS_J232133.3+260201,EW,EW,False,False,0.3931492210220832,1.209351913259967,3655,1020,False,False,False,False
136,CSS_J095906.4+294050,EW,EW,False,False,0.36675216674070144,1.0002247653063743,6495,6750,False,False,False,False
137,CSS_J042918.1+033846,EW,EW,False,False,0.41940484311109144,1.1214011577263632,2229,2067,False,False,False,False
138,CSS_J051457.3+014341,EW,EW,False,False,0.3608886004206339,1.2278564514871406,7132,877,False,False,False,False
139,CSS_J112107.7+193330,EW,EW,False,False,0.37535915630468736,1.1002312559679739,5430,2532,False,False,False,False
140,CSS_J151351.4+025957,EW,EW,False,False,0.35656587932725,1.0177024976163194,7551,5670,False,False,False,False
141,CSS_J021015.5+302645,EW,EW,False,False,0.3996847595421388,0.9983062666222106,3186,6859,False,False,False,False
142,CSS_J114105.0+285921,RRc,RRc,False,False,0.38881680835446114,1.0493498302596271,4010,4119,False,False,False,False
143,CSS_J053218.8-050526,EW,EW,False,False,0.3869862818306112,1.1102921777629975,4181,2295,False,False,False,False
144,CSS_J094123.8+234533,RRd,EW,True,True,0.39741419296154945,1.268062914822835,3340,657,False,False,False,False
145,CSS_J173851.2+255746,EW,EW,False,False,0.41650738819563216,1.0324759692468044,2344,4894,False,False,False,False
146,CSS_J011048.3-181330,EW,EW,False,False,0.4733602386198585,1.2433682028172357,884,791,False,False,False,False
147,CSS_J233138.1+072100,EW,EW,False,False,0.35898108263312417,0.9960567264592213,7324,6971,False,False,False,False
148,CSS_J213005.1+204430,EW,EW,False,False,0.37886863403799803,1.0280250947732874,5034,5104,False,False,False,False
149,CSS_J154239.7-190535,RRab,EW,True,False,0.3865064256086435,1.0453362270305393,4227,4298,False,False,False,False
150,CSS_J050906.2-034243,EW,EW,False,False,0.3960536795591449,1.1223046248044537,3427,2046,False,False,False,False
151,CSS_J224228.1+060856,RS CVn,RS CVn,False,True,0.4740282253054459,1.2519703647951732,870,740,False,False,False,False
152,CSS_J045705.2-094658,EW,RS CVn,True,False,0.41287379838979976,1.0972868891787344,2507,2602,False,False,False,False
153,CSS_J030014.5+121510,EW,EW,False,False,0.3653271278273621,1.068933594863399,6653,3383,False,False,False,False
154,CSS_J072502.6+341446,EW,EW,False,False,0.3808573027125611,1.01024079885683,4830,6123,False,False,False,False
155,CSS_J084022.6-103823,EW,EW,False,False,0.5043562326678025,1.4156003542042872,507,252,False,False,False,False
156,CSS_J055922.9+025917,EW,EW,False,False,0.4026890507481167,1.061519373282149,3017,3644,False,False,False,False
157,CSS_J051654.1+033252,EA,EW,True,False,0.537329043976838,1.381605473029931,308,309,False,False,False,False
158,CSS_J041253.9+270016,EW,EW,False,False,0.467715075852444,1.4583622939331486,979,198,False,False,False,False
159,CSS_J081658.3+242052,EW,EW,False,False,0.3894160736469001,1.2205418604501777,3954,934,False,False,False,False
160,CSS_J152031.8+355702,EW,EW,False,False,0.3542627053354839,0.9981542130910157,7737,6869,False,False,False,False
161,CSS_J162245.7-155805,EW,RRc,True,False,0.36578693549220204,1.1288151507468773,6606,1941,False,False,False,False
162,CSS_J220014.2+230500,EW,EW,False,False,0.39493450590076373,1.2228967537503643,3513,913,False,False,False,False
163,CSS_J123831.3+112729,RRc,RRc,False,False,0.3749527941674197,1.2073384078315226,5474,1035,False,False,False,False
164,CSS_J232611.8+380115,EW,EW,False,False,0.3833132300979029,1.0107955900911059,4567,6093,False,False,False,False
165,CSS_J164353.9+274755,EW,EW,False,False,0.3692296275443015,1.0061674869007033,6192,6376,False,False,False,False
166,CSS_J203559.9-044520,EW,EW,False,False,0.3687780205030957,1.0955003936960404,6237,2635,False,False,False,False
167,CSS_J042647.3-124937,EW,EW,False,False,0.4732571628508895,1.145428122863472,885,1699,False,False,False,False
168,CSS_J091415.2+192524,EW,EW,False,False,0.4133752526774062,1.0728401622833588,2485,3254,False,False,False,False
169,CSS_J055615.0-065735,EW,EW,False,False,0.3876695241516555,1.2920554572564378,4116,564,False,False,False,False
170,CSS_J083737.1+395803,LPV,LPV,False,False,0.7522298787317256,0.9782671990615107,14,7817,True,False,False,False
171,CSS_J104849.5+113018,EW,EW,False,False,0.4033943749818232,1.118551229902851,2973,2126,False,False,False,False
172,CSS_J224827.6+341351,EW,EW,False,False,0.3574561756919596,1.0066225018727732,7476,6346,False,False,False,False
173,CSS_J214613.6+122940,EA,EA,False,False,0.4589962740642953,1.0579412740408667,1128,3772,False,False,False,False
174,CSS_J101045.5+565714,EW,EW,False,False,0.6724229990716243,1.5194550056539984,59,143,True,True,True,True
175,CSS_J222515.7-052702,RRab,RRab,False,False,0.38364217829761144,1.005385302638688,4531,6448,False,False,False,False
176,CSS_J124942.5+125453,EW,EW,False,False,0.408051517042593,1.09373423711878,2738,2671,False,False,False,False
177,CSS_J211804.7-100056,EW,EW,False,False,0.3740396441981709,1.0783308493169135,5587,3094,False,False,False,False
178,CSS_J174338.1+252820,RRc,RRc,False,False,0.3930324657595432,0.9960443475575171,3661,6972,False,False,False,False
179,CSS_J051915.1+025606,EW,EW,False,False,0.37836998748972667,1.0268944905405726,5085,5163,False,False,False,False
180,CSS_J052233.4-093538,EW,EW,False,False,0.38968827766228303,1.0457484534047807,3931,4277,False,False,False,False
181,CSS_J092323.6+565528,EW,EW,False,False,0.4219185524607914,1.0978237128635002,2132,2590,False,False,False,False
182,CSS_J223325.0+055106,EA,EA,False,False,0.44592053743932436,0.994722343702793,1422,7049,False,False,False,False
183,CSS_J205017.0-051213,EW,EW,False,False,0.40388410409883585,1.2350305956844498,2945,828,False,False,False,False
184,CSS_J005107.2+254024,EW,EW,False,False,0.40222152310563614,0.9959940999051057,3053,6977,False,False,False,False
185,CSS_J123531.9+141933,EW,EW,False,False,0.3979652536699492,1.251094113138606,3305,744,False,False,False,False
186,CSS_J045434.5+304347,EW,EW,False,False,0.3652722928898251,1.0789027069496389,6659,3082,False,False,False,False
187,CSS_J130443.2+125540,RRc,RRc,False,False,0.3929389831232802,1.1963005021334132,3674,1104,False,False,False,False
188,CSS_J090007.5+182048,EW,EW,False,False,0.46306516622623456,1.3131761980946373,1069,477,False,False,False,False
189,CSS_J053756.5+050226,EA,EA,False,False,0.4259010130406833,1.0673353708584528,1994,3435,False,False,False,False
190,CSS_J215104.3+221708,EW,EW,False,False,0.36673554842828443,1.0256916125994873,6499,5229,False,False,False,False
191,CSS_J171338.8+292005,RRc,RRc,False,False,0.40192499064995674,1.0212558437647963,3068,5461,False,False,False,False
192,CSS_J011419.1+222916,EW,EW,False,False,0.4055805989991061,1.0637334156590401,2852,3559,False,False,False,False
193,CSS_J050539.4+302231,EA,EA,False,False,0.534646966708424,1.016323309352859,317,5740,False,False,False,False
194,CSS_J085848.0-012743,EW,EW,False,False,0.384803551793651,1.12406450193135,4401,2027,False,False,False,False
195,CSS_J082622.9+282405,RRd,EW,True,True,0.45886081423417346,1.55186824633317,1133,117,False,True,False,False
196,CSS_J020451.4+174657,EW,EW,False,False,0.36028309924643154,1.1029449859779143,7199,2459,False,False,False,False
197,CSS_J081217.5+142254,EW,EW,False,False,0.41520271179822177,1.0492537970062614,2392,4124,False,False,False,False
198,CSS_J084900.2+224652,EW,EW,False,False,0.39366408486559346,0.9955279543073386,3623,7007,False,False,False,False
199,CSS_J233838.0+361711,RRc,RRc,False,False,0.4079134057666682,1.0293243284021014,2745,5043,False,False,False,False
200,CSS_J071813.2+473113,EA,EW,True,False,0.3835515691967703,1.0327930931928693,4537,4869,False,False,False,False
201,CSS_J103342.0-174954,RRc,RRc,False,False,0.4036821608208519,1.1019957076781697,2960,2484,False,False,False,False
202,CSS_J125610.5-111743,RRab,RRab,False,False,0.40998486346616125,1.4074837857137559,2649,262,False,False,False,False
203,CSS_J111017.8-050202,RRc,EW,True,False,0.4364422454610659,1.4142298932878399,1661,256,False,False,False,False
204,CSS_J022236.0+255627,EW,EW,False,False,0.39387024855027636,1.093699590590153,3600,2673,False,False,False,False
205,CSS_J081828.8+110753,EW,EW,False,False,0.366372113090372,1.0085287609718356,6536,6226,False,False,False,False
206,CSS_J093635.5-181654,EW,EW,False,False,0.36467688603372506,1.12144079193413,6724,2065,False,False,False,False
207,CSS_J215750.9+135455,EW,EA,True,False,0.4192002957261607,0.9994405737416308,2237,6796,False,False,False,False
208,CSS_J050716.9+060607,EA,EA,False,False,0.4674212992596271,1.18751208672585,983,1183,False,False,False,False
209,CSS_J015926.8+282859,EW,EW,False,False,0.3885792549441636,0.9803605760629223,4035,7748,False,False,False,False
210,CSS_J174653.5+271341,EW,EW,False,False,0.3855225842070228,1.1724459634338096,4329,1342,False,False,False,False
211,CSS_J005550.6+405113,EW,EW,False,False,0.3597884780768238,1.0257386058500506,7247,5227,False,False,False,False
212,CSS_J105958.8+465534,EW,EW,False,False,0.36984654932272637,0.9760995105879188,6109,7862,False,False,False,False
213,CSS_J003928.6+025803,EW,EW,False,False,0.3786188047180292,1.0118692775129061,5057,6013,False,False,False,False
214,CSS_J083240.6+175057,EW,EW,False,False,0.5420965852850758,1.4479062990786657,287,213,False,False,False,False
215,CSS_J121429.2+104147,RRd,EW,True,True,0.42609207929368564,1.2862122322220628,1981,586,False,False,False,False
216,CSS_J095247.2+100837,EW,EW,False,False,0.4532058321184469,1.1829833653905824,1255,1232,False,False,False,False
217,CSS_J165403.9+201835,EW,EW,False,False,0.3614974714509402,0.9769319044843815,7055,7847,False,False,False,False
218,CSS_J181928.6+311308,RRab,RRab,False,False,0.43885095256302875,1.0775585199375617,1608,3125,False,False,False,False
219,CSS_J005026.7+441426,EW,EW,False,False,0.35699411304589207,0.9748935465275339,7516,7882,False,False,False,False
220,CSS_J003520.9+175311,EW,EW,False,False,0.40031236573115103,1.0462895483448513,3151,4256,False,False,False,False
221,CSS_J052141.6+041812,EW,EW,False,False,0.46791128135183585,1.3339865685900854,974,419,False,False,False,False
222,CSS_J231846.0+425905,EW,EW,False,False,0.37816816458902375,1.0599510493285507,5107,3687,False,False,False,False
223,CSS_J212345.9+144555,EW,EW,False,False,0.4060000697492589,1.0300368237053132,2831,5013,False,False,False,False
224,CSS_J142814.2-174917,RRc,RRc,False,False,0.3733999937196048,1.0266960175583675,5665,5170,False,False,False,False
225,CSS_J084652.0+145031,EW,RS CVn,True,False,0.41525164789764807,1.257753868413316,2388,719,False,False,False,False
226,CSS_J203402.8-045646,RRab,RRab,False,False,0.44201928122215506,1.232028309296474,1524,850,False,False,False,False
227,CSS_J110649.5-171937,EW,EW,False,False,0.3849464923603107,1.189071980020222,4387,1163,False,False,False,False
228,CSS_J155321.8-152121,EW,EW,False,False,0.389861325365365,1.0550532080587807,3915,3879,False,False,False,False
229,CSS_J053626.1-031355,RS CVn,RS CVn,False,True,0.4005636969598805,1.2807470636804394,3138,605,False,False,False,False
230,CSS_J014452.0+380450,EA,EA,False,False,0.48482970706439316,1.1446134245972026,700,1707,False,False,False,False
231,CSS_J053500.8+053353,EW,EW,False,False,0.41677707216714144,1.4596393475320497,2333,196,False,False,False,False
232,CSS_J203510.2-191410,EW,EW,False,False,0.3737738152469786,0.9974187141612386,5620,6899,False,False,False,False
233,CSS_J081835.5+261436,EW,EW,False,False,0.3917609524965097,0.9935188350359825,3768,7114,False,False,False,False
234,CSS_J052840.7+073323,EA,EA,False,False,0.3993520014155416,1.024334734014946,3200,5299,False,False,False,False
235,CSS_J070554.0+542456,EW,EW,False,False,0.3845646175817832,1.041201923087375,4428,4482,False,False,False,False
236,CSS_J162010.3+031207,EW,EW,False,False,0.3765799828346872,1.1769560302851587,5287,1291,False,False,False,False
237,CSS_J040233.1+380442,EW,EW,False,False,0.3814313034160995,0.9999598877032101,4757,6766,False,False,False,False
238,CSS_J124710.6-034559,EW,EW,False,False,0.5011724623183137,1.0290571785015419,525,5056,False,False,False,False
239,CSS_J122512.5+103616,EW,EW,False,False,0.3579100715401163,1.028463427729775,7439,5087,False,False,False,False
240,CSS_J111546.9+211313,EW,EW,False,False,0.4458650101352591,1.0202460869366503,1423,5508,False,False,False,False
241,CSS_J082648.4-043610,EW,EW,False,False,0.45531075683468325,1.143731632715911,1210,1716,False,False,False,False
242,CSS_J064547.5+593527,EW,EW,False,False,0.35642588750387866,1.1159264346254336,7573,2184,False,False,False,False
243,CSS_J122418.4+035132,EW,EW,False,False,0.39513615022064297,1.0531027432567481,3498,3943,False,False,False,False
244,CSS_J035051.2+085140,EW,EW,False,False,0.42983783436291834,1.0203557991976546,1862,5501,False,False,False,False
245,CSS_J133053.2-154230,RRc,RRc,False,False,0.3907121333810882,1.0544497238260888,3850,3901,False,False,False,False
246,CSS_J025033.9-023526,EW,EW,False,False,0.3814011031759471,1.0291665416392646,4762,5051,False,False,False,False
247,CSS_J125715.5+165422,RRc,RRc,False,False,0.3858784766454672,1.0153528090962092,4298,5791,False,False,False,False
248,CSS_J035717.3+065953,EW,EW,False,False,0.3671729452067723,1.0869418483239892,6437,2855,False,False,False,False
249,CSS_J134223.9+110308,RRab,RRab,False,False,0.4809975888195415,1.0132531070905755,777,5927,False,False,False,False
250,CSS_J045940.6+102903,EW,EW,False,False,0.3575684068572585,1.01832806526067,7463,5624,False,False,False,False
251,CSS_J051843.4-052715,EW,EW,False,False,0.3683995645831548,1.0507246190755446,6294,4060,False,False,False,False
252,CSS_J084048.5+010830,EW,EW,False,False,0.3567058320228038,1.0884251820383273,7541,2819,False,False,False,False
253,CSS_J165656.2+313854,EW,EW,False,False,0.39302239960121904,1.3037467135960168,3662,516,False,False,False,False
254,CSS_J213412.4+135237,EW,EW,False,False,0.39565196854165313,1.3141349840094185,3453,472,False,False,False,False
255,CSS_J132320.1+033213,EW,EW,False,False,0.38893882016554765,1.0836440513575207,3997,2945,False,False,False,False
256,CSS_J231838.5+344503,EW,EW,False,False,0.3929938760869467,1.1810901635888278,3665,1249,False,False,False,False
257,CSS_J163837.7+132857,EW,EW,False,False,0.4052344043280015,1.1303932910461196,2870,1925,False,False,False,False
258,CSS_J050535.8+191806,RRc,EW,True,False,0.37572836828750666,1.0966166979411098,5395,2618,False,False,False,False
259,CSS_J151405.5+141732,EW,EW,False,False,0.5494920369436367,1.0388805435607602,259,4581,False,False,False,False
260,CSS_J082448.7-061346,EW,EW,False,False,0.37086225159619995,1.0636795091668587,5992,3562,False,False,False,False
261,CSS_J083617.3-025129,EW,EW,False,False,0.3586784649248146,0.9828932400000252,7356,7665,False,False,False,False
262,CSS_J213122.0+055253,EW,EW,False,False,0.35635425372385066,1.0042359143352602,7580,6510,False,False,False,False
263,CSS_J225532.3+205504,RRc,RRc,False,False,0.3956139379079221,1.1971125420690054,3462,1100,False,False,False,False
264,CSS_J210752.3-122635,EW,EW,False,False,0.38912160000623075,1.0646865243250376,3983,3531,False,False,False,False
265,CSS_J094215.5+271646,RRc,RRc,False,False,0.4602726191894286,0.995957916505985,1115,6978,False,False,False,False
266,CSS_J030457.3-173406,RRc,RRc,False,False,0.36369096386622823,1.1108110879123658,6827,2286,False,False,False,False
267,CSS_J094242.4-081611,EW,EW,False,False,0.42341563975697627,1.1872510909868403,2069,1186,False,False,False,False
268,CSS_J051733.7-163441,EW,EW,False,False,0.36668082459214923,1.0321167451284923,6505,4916,False,False,False,False
269,CSS_J164811.0-011924,EW,EW,False,False,0.36849794596376456,1.0889208317171684,6285,2806,False,False,False,False
270,CSS_J012515.9+431935,EW,EW,False,False,0.36504748143593185,0.9699268960489666,6684,7957,False,False,False,False
271,CSS_J162615.7+111250,EW,EW,False,False,0.35217937554327017,0.9824739102877785,7855,7681,False,False,False,False
272,CSS_J034800.2+285200,EA,EA,False,False,0.48983531270683234,1.0433779259435685,648,4380,False,False,False,False
273,CSS_J052633.9-023210,EW,EW,False,False,0.6163946334018946,1.4807258219805977,110,175,True,False,False,False
274,CSS_J073122.6+582339,EW,EW,False,False,0.36564391534889606,0.9901899589082449,6621,7305,False,False,False,False
275,CSS_J164804.9+461021,EW,EW,False,False,0.37126950839132666,1.134348764385862,5938,1862,False,False,False,False
276,CSS_J093235.9+024918,EW,EW,False,False,0.3729776457505096,1.0041917898515496,5712,6514,False,False,False,False
277,CSS_J212303.9-070437,EA,EA,False,False,0.5912782100857268,1.0830713678818475,148,2955,True,False,False,False
278,CSS_J095948.8+364721,EW,EW,False,False,0.3683068067574055,1.0241285696074678,6306,5307,False,False,False,False
279,CSS_J103048.7+470406,EW,EW,False,False,0.35535180450212345,0.9987058082801974,7656,6829,False,False,False,False
280,CSS_J100230.3-100647,EW,EW,False,False,0.3807558465266041,1.0182302735720081,4836,5628,False,False,False,False
281,CSS_J154427.2+531650,EW,EW,False,False,0.39003179986189085,1.1191547107652995,3902,2117,False,False,False,False
282,CSS_J035750.1+134534,EW,EW,False,False,0.38281484807704913,1.0683639571193129,4617,3397,False,False,False,False
283,CSS_J080310.2+113913,EW,EW,False,False,0.3663506618721551,1.0960494555604134,6540,2627,False,False,False,False
284,CSS_J015454.1+232645,EW,EW,False,False,0.35338472022509615,1.0712028291903541,7797,3299,False,False,False,False
285,CSS_J170645.2+215446,EW,EW,False,False,0.4064810350179326,1.214410878247591,2808,983,False,False,False,False
286,CSS_J003158.4+265450,EW,EW,False,False,0.4189501163354309,0.9905227497565594,2242,7282,False,False,False,False
287,CSS_J164423.5-073856,RRab,RRab,False,False,0.5147099535209476,1.3114267066028287,420,485,False,False,False,False
288,CSS_J231129.7+135229,EW,EW,False,False,0.3926357992692019,1.3541228437707222,3697,366,False,False,False,False
289,CSS_J075425.8+375049,EW,EW,False,False,0.42295621641524234,1.0207639819760768,2092,5483,False,False,False,False
290,CSS_J133417.4-015827,RRc,RRc,False,False,0.3761303294835659,1.0826915085240232,5347,2970,False,False,False,False
291,CSS_J022329.5+115723,EW,EW,False,False,0.37139742422636424,1.0332010672120169,5919,4853,False,False,False,False
292,CSS_J222141.5+174956,EW,EW,False,False,0.35128322889892893,1.0044034149385448,7902,6505,False,False,False,False
293,CSS_J084234.2+204651,EW,EW,False,False,0.45343252125282774,1.173905434573837,1247,1323,False,False,False,False
294,CSS_J165131.4+140342,EW,EW,False,False,0.36234889046442537,1.2667269956362763,6964,666,False,False,False,False
295,CSS_J035623.2-115749,EW,EW,False,False,0.37439681443960243,1.0091851836962873,5544,6168,False,False,False,False
296,CSS_J023752.3+270437,RRc,RRc,False,False,0.3741524422903957,1.04973472318502,5577,4104,False,False,False,False
297,CSS_J051255.1+212627,EW,EW,False,False,0.3621246265420111,1.037869246080353,6997,4626,False,False,False,False
298,CSS_J115115.4+113612,EW,EA,True,False,0.39897356180467325,0.9818103453957467,3232,7707,False,False,False,False
299,CSS_J051113.2-024046,RS CVn,EW,True,True,0.3998468261301814,1.1346490965302178,3180,1851,False,False,False,False
300,CSS_J054201.5-125605,EW,EW,False,False,0.372890630361754,1.0529380047890902,5724,3962,False,False,False,False
301,CSS_J233312.3+011225,EW,EW,False,False,0.3579014029894923,1.0586736811870465,7442,3744,False,False,False,False
302,CSS_J082023.8+022232,EA,EA,False,False,0.47182750550394087,1.0156432394443033,906,5772,False,False,False,False
303,CSS_J164729.8+183754,EW,EW,False,False,0.3590398141318258,1.0597290650597633,7318,3700,False,False,False,False
304,CSS_J043311.1+391215,EW,EW,False,False,0.3866847520222768,1.025036707913862,4204,5266,False,False,False,False
305,CSS_J163256.8+050654,RRc,RRc,False,False,0.3741955517543896,1.0079239364180217,5570,6268,False,False,False,False
306,CSS_J235928.0+294007,RRc,EW,True,False,0.36930142024552837,1.117937036461241,6182,2144,False,False,False,False
307,CSS_J172858.6+415830,RRc,EW,True,False,0.3663417824224274,1.0722420795826786,6543,3274,False,False,False,False
308,CSS_J082621.6+270403,EW,EW,False,False,0.4329354443324696,1.0022341403665032,1757,6633,False,False,False,False
309,CSS_J051654.6+002332,EW,EW,False,False,0.42232533030541125,1.250223503508205,2119,750,False,False,False,False
310,CSS_J224233.5+295537,RS CVn,RS CVn,False,True,0.4521186612785955,1.2714850901931227,1287,647,False,False,False,False
311,CSS_J061346.8+530531,RRab,EW,True,False,0.44295669960397765,1.4999785951619566,1508,164,False,False,False,False
312,CSS_J205747.6+013607,EA,EW,True,False,0.4976708066011486,1.0654745106733596,555,3509,False,False,False,False
313,CSS_J171339.0+490246,EW,EW,False,False,0.3690394946050177,1.0059323600418653,6213,6401,False,False,False,False
314,CSS_J081423.7+174934,EW,EW,False,False,0.38531288166497824,1.1860489361734452,4347,1195,False,False,False,False
315,CSS_J162707.2-085101,EW,EW,False,False,0.4318735405838368,1.1486843152123714,1793,1648,False,False,False,False
316,CSS_J180948.4+573225,EW,EW,False,False,0.4415738118091224,1.0203395211592958,1534,5503,False,False,False,False
317,CSS_J063932.9+640708,RRab,RRab,False,False,0.5249957267890413,1.503448251825876,370,160,False,True,False,False
318,CSS_J223330.1+122643,RS CVn,EW,True,True,0.3766297158180881,1.0832599850609022,5281,2950,False,False,False,False
319,CSS_J083216.5+125236,EW,EW,False,False,0.3543762674677437,1.1298073021793154,7728,1931,False,False,False,False
320,CSS_J120252.1-100512,RRab,RRab,False,False,0.39923534377865627,1.10018152952345,3208,2535,False,False,False,False
321,CSS_J165215.6+011415,EA,EA,False,False,0.4343646271736093,1.0066054763936045,1712,6349,False,False,False,False
322,CSS_J210151.2-050204,EW,EW,False,False,0.3839790569133165,1.0040716346384406,4490,6522,False,False,False,False
323,CSS_J105909.3+404930,EW,EW,False,False,0.35546371897099116,1.2880894762013342,7651,581,False,False,False,False
324,CSS_J072044.6+494516,EW,EW,False,False,0.4382206712911959,1.0140099158263374,1622,5876,False,False,False,False
325,CSS_J091601.0+065114,EW,EW,False,False,0.37192537075884446,1.034484172879662,5834,4780,False,False,False,False
326,CSS_J023508.1+301819,EW,EW,False,False,0.39478786703739344,1.1250284394351087,3527,2006,False,False,False,False
327,CSS_J113605.3+430414,EW,EW,False,False,0.38764340779716466,1.0236426215700387,4118,5334,False,False,False,False
328,CSS_J042750.0+240228,EA,EA,False,False,0.4537636272119956,1.0548245754948093,1243,3891,False,False,False,False
329,CSS_J144719.5+425311,RRc,RRc,False,False,0.3999107155778422,1.0481910265962773,3174,4164,False,False,False,False
330,CSS_J030404.3+265122,EW,EW,False,False,0.38188921381810653,0.9858751074200665,4706,7537,False,False,False,False
331,CSS_J204559.2-152940,EA,EA,False,False,0.4911840557905444,1.0733966493676714,628,3235,False,False,False,False
332,CSS_J154712.1+174402,EW,EW,False,False,0.36451163796663866,1.0005926739690982,6738,6723,False,False,False,False
333,CSS_J150504.1+192616,RRc,RRc,False,False,0.4139327222677746,1.0926367581029017,2445,2699,False,False,False,False
334,CSS_J220155.1-115545,EW,EW,False,False,0.36956519978419683,1.0122018903436694,6144,5989,False,False,False,False
335,CSS_J074506.6+444650,EA,EA,False,False,0.4128672476556866,1.0376871576707614,2508,4634,False,False,False,False
336,CSS_J074946.2+344205,EW,EW,False,False,0.3748294410281591,1.0696696983382448,5492,3354,False,False,False,False
337,CSS_J045418.9-124557,EW,EW,False,False,0.3681706399559187,1.0348763344422478,6321,4763,False,False,False,False
338,CSS_J160141.0+085342,EW,EW,False,False,0.3998922554468192,1.3041983572850229,3175,512,False,False,False,False
339,CSS_J163326.6+073129,EW,EW,False,False,0.4022274425453574,1.0580695484665266,3051,3762,False,False,False,False
340,CSS_J173121.6+295657,EW,EW,False,False,0.431241870199541,1.3742962443985274,1809,330,False,False,False,False
341,CSS_J111753.3+260345,RRc,RRc,False,False,0.42400541625089494,1.0569157247051497,2050,3811,False,False,False,False
342,CSS_J223322.3+303325,EW,EW,False,False,0.3736565861422183,1.1040629122868266,5638,2427,False,False,False,False
343,CSS_J055430.8-180929,RRab,RRab,False,False,0.4819946057972178,1.140046228226074,758,1766,False,False,False,False
344,CSS_J151928.3-115858,RRab,RRab,False,False,0.380975586888798,1.1087982614135068,4814,2331,False,False,False,False
345,CSS_J085736.0+231440,EW,EW,False,False,0.3574960213130745,1.0031974790453075,7472,6572,False,False,False,False
346,CSS_J153922.3-120653,RRc,RRc,False,False,0.4104073470202505,1.0800128519945937,2630,3047,False,False,False,False
347,CSS_J053807.0+000601,EW,RS CVn,True,False,0.39883524551973065,1.5598936865914497,3241,109,False,True,False,False
348,CSS_J210123.6-095802,EW,EW,False,False,0.36739086512353913,1.119089076089749,6408,2118,False,False,False,False
349,CSS_J162423.9+211439,EW,EW,False,False,0.3671574740599514,0.9792592248357899,6439,7783,False,False,False,False
350,CSS_J012628.6+362217,RRc,RRc,False,False,0.3971775515030855,1.049737308919409,3356,4103,False,False,False,False
351,CSS_J071833.1+611112,EW,EW,False,False,0.3711246615469645,1.1677242943223474,5963,1400,False,False,False,False
352,CSS_J164530.3+161406,EW,EW,False,False,0.3833084562882204,1.008618191674101,4570,6218,False,False,False,False
353,CSS_J202328.9-130426,EW,EW,False,False,0.3765236696220813,1.06235057690609,5294,3615,False,False,False,False
354,CSS_J041815.8-111157,EW,EW,False,False,0.5113622893671981,1.5197069614220613,446,142,False,True,False,False
355,CSS_J171119.4+610403,EW,EW,False,False,0.3710579122690672,1.0197014478876203,5971,5541,False,False,False,False
356,CSS_J224835.1+283342,EW,EW,False,False,0.41839566521846866,1.0626874243889175,2266,3606,False,False,False,False
357,CSS_J065047.2+435939,EW,EW,False,False,0.3890486472709291,1.0118111794654856,3989,6016,False,False,False,False
358,CSS_J220539.6+123219,EW,EW,False,False,0.35388273843514045,1.0212751124386958,7766,5460,False,False,False,False
359,CSS_J173319.1+222135,EW,EW,False,False,0.38554391070176286,1.01699303462666,4327,5705,False,False,False,False
360,CSS_J090305.4+192404,EW,EW,False,False,0.3924794731437339,1.0252997022570152,3712,5251,False,False,False,False
361,CSS_J015555.3+020244,RRc,EW,True,False,0.3766459064879648,1.2579618383421916,5278,717,False,False,False,False
362,CSS_J051744.8+221556,EW,EW,False,False,0.4573507441409026,1.0121055533995835,1170,5998,False,False,False,False
363,CSS_J145540.9-102358,EW,EW,False,False,0.3739087321293696,1.0372205650327957,5600,4655,False,False,False,False
364,CSS_J204937.1-095949,RRc,RRc,False,False,0.41998356334360465,1.2758411624360444,2206,622,False,False,False,False
365,CSS_J163347.2+053615,EW,EW,False,False,0.40543116919685357,1.019918436560547,2863,5526,False,False,False,False
366,CSS_J024155.4-050504,EW,EW,False,False,0.4098424011070088,1.0494047429249544,2651,4117,False,False,False,False
367,CSS_J050248.0-084427,EW,EW,False,False,0.4104192274562192,0.9827702129886644,2629,7669,False,False,False,False
368,CSS_J073449.1+550245,RRc,RRc,False,False,0.3727779256771424,1.025438092028025,5731,5242,False,False,False,False
369,CSS_J040020.2+085948,EA,EA,False,False,0.46427319698783825,1.0112108693314854,1041,6054,False,False,False,False
370,CSS_J063630.4+404614,EW,EW,False,False,0.37122835571145757,0.9902395311183703,5947,7302,False,False,False,False
371,CSS_J085821.1+091739,EW,EW,False,False,0.472523825906743,1.5443466869354108,897,119,False,True,False,False
372,CSS_J165517.2+295415,EW,EW,False,False,0.3774304309231647,1.0066626032018395,5192,6339,False,False,False,False
373,CSS_J040727.3+275106,EW,EW,False,False,0.41717977807920675,1.0562116145684572,2313,3836,False,False,False,False
374,CSS_J130337.8+414524,EW,EW,False,False,0.3611245635984173,1.010399456391522,7104,6115,False,False,False,False
375,CSS_J130518.0-093455,EW,EW,False,False,0.3693993696091427,1.1061150337117558,6162,2387,False,False,False,False
376,CSS_J032343.8+223419,EW,EW,False,False,0.38517457207341493,1.0999313604333745,4362,2542,False,False,False,False
377,CSS_J231201.7+240208,EW,EW,False,False,0.402566566100947,1.332368019232682,3029,425,False,False,False,False
378,CSS_J025447.9-072646,EW,EW,False,False,0.35176202687870706,1.0232992159555672,7875,5345,False,False,False,False
379,CSS_J094543.2-081101,EW,RRc,True,False,0.41751062682500634,1.341135715143008,2297,402,False,False,False,False
380,CSS_J220311.6-060013,RRc,RRc,False,False,0.3901381641782141,1.1215755169300807,3894,2059,False,False,False,False
381,CSS_J092042.6+001903,EW,EW,False,False,0.44298715422166446,1.5394210776386164,1506,122,False,True,False,False
382,CSS_J163450.4+591107,RRab,RRab,False,False,0.41173873198835065,1.195392541310142,2557,1113,False,False,False,False
383,CSS_J080145.2+430057,EW,EW,False,False,0.3714242875947573,1.0139656165172226,5918,5882,False,False,False,False
384,CSS_J174739.9+361130,RRc,RRc,False,False,0.4388849799054385,1.0260900601815672,1606,5207,False,False,False,False
385,CSS_J013539.2+433623,EW,EW,False,False,0.36628006832929644,1.0430444192251056,6546,4400,False,False,False,False
386,CSS_J165758.7+201017,EW,EW,False,False,0.4035164096068969,0.9810803559572896,2968,7729,False,False,False,False
387,CSS_J210216.5-102524,RRc,RRc,False,False,0.371910239272662,1.049813892838738,5835,4096,False,False,False,False
388,CSS_J045202.7+082843,EW,EW,False,False,0.36334918244952213,0.9977311376984488,6861,6883,False,False,False,False
389,CSS_J231259.5+234948,EA,EA,False,False,0.49313270294836414,1.0285757013207955,605,5080,False,False,False,False
390,CSS_J015456.1+250750,EW,EW,False,False,0.374946226521925,1.0350294940936198,5475,4754,False,False,False,False
391,CSS_J181357.0+491035,EW,EW,False,False,0.3599491016892383,1.0223805557797678,7233,5399,False,False,False,False
392,CSS_J021722.1+301739,RS CVn,RS CVn,False,True,0.3980949063786361,1.2051470528914128,3294,1050,False,False,False,False
393,CSS_J235428.4+375435,EW,EA,True,False,0.4160473462830627,1.0231537181309427,2359,5352,False,False,False,False
394,CSS_J042239.5+031125,EW,EW,False,False,0.3554242191103756,1.0058328043459293,7654,6410,False,False,False,False
395,CSS_J004254.5+001758,RRc,RRc,False,False,0.375798558047619,1.0090000628374265,5385,6185,False,False,False,False
396,CSS_J230218.7+380557,EW,EW,False,False,0.391765676422343,1.1199851741495883,3766,2100,False,False,False,False
397,CSS_J073933.6+185710,EW,EW,False,False,0.4346118296115209,1.1806614127458626,1706,1253,False,False,False,False
398,CSS_J054810.4-043523,EW,EW,False,False,0.41460165154172635,1.0214485851009243,2415,5447,False,False,False,False
399,CSS_J083741.6-110207,EW,EW,False,False,0.3768708469562532,1.1006577170926413,5249,2519,False,False,False,False
400,CSS_J155927.1+175755,RRc,RRc,False,False,0.38114849902160813,1.1527254236456543,4795,1593,False,False,False,False
401,CSS_J214259.5+200936,EA,EA,False,False,0.45435848492008724,1.0198884344619492,1229,5529,False,False,False,False
402,CSS_J170328.0+103742,RRab,RRab,False,False,0.42763913232594897,1.162827796339756,1933,1465,False,False,False,False
403,CSS_J181823.6+352856,EW,EW,False,False,0.3556154764142902,1.1920220452063295,7640,1139,False,False,False,False
404,CSS_J155349.8+575438,EW,EW,False,False,0.3532244530559564,1.0183428560563206,7806,5623,False,False,False,False
405,CSS_J112211.9-180615,RRab,RRab,False,False,0.45093689563741,1.0881796520220945,1307,2828,False,False,False,False
406,CSS_J122449.3+122054,EW,EW,False,False,0.3707468222734715,1.0148672016775697,6013,5816,False,False,False,False
407,CSS_J040706.6+325258,EW,EW,False,False,0.3756251638264604,0.9904785156292577,5411,7288,False,False,False,False
408,CSS_J043241.9+324504,EW,EW,False,False,0.3605657436489793,1.024570962947616,7174,5288,False,False,False,False
409,CSS_J172039.2+171505,EW,EA,True,False,0.4544384254388153,1.1268429295359943,1225,1976,False,False,False,False
410,CSS_J045215.6+201714,EW,EW,False,False,0.35631973202336936,1.0507724481813285,7585,4059,False,False,False,False
411,CSS_J171714.6+425305,RRc,RRc,False,False,0.36456643067901956,1.067412875626135,6734,3429,False,False,False,False
412,CSS_J074429.8+595452,EA,EA,False,False,0.5080243368234868,1.0769259402428968,476,3140,False,False,False,False
413,CSS_J092517.1+295846,LPV,LPV,False,False,0.7274719787531164,0.9848776942491902,29,7590,True,False,False,False
414,CSS_J170450.6+413704,EW,EW,False,False,0.3933628784132508,1.0342575940649774,3643,4802,False,False,False,False
415,CSS_J172236.9+442316,EW,EW,False,False,0.4029945454591695,1.1542407834262136,3001,1568,False,False,False,False
416,CSS_J080716.0+335210,EW,EW,False,False,0.36592204177305776,1.0119320993737584,6586,6008,False,False,False,False
417,CSS_J152105.8+172041,EW,EW,False,False,0.440924975739318,1.0673644939373303,1553,3434,False,False,False,False
418,CSS_J161005.1+253655,EW,EW,False,False,0.45747709815524606,1.2257093365788148,1168,889,False,False,False,False
419,CSS_J042800.0+232941,EW,EW,False,False,0.3829123104127504,1.0399581373146878,4614,4534,False,False,False,False
420,CSS_J172038.4+123110,EW,EW,False,False,0.35692062241124994,0.9817954629525969,7522,7709,False,False,False,False
421,CSS_J023931.1-052932,RRab,RRab,False,False,0.38372147197256334,1.2910703725018045,4521,568,False,False,False,False
422,CSS_J223659.8-120619,EW,EW,False,False,0.36176724209384886,0.9966389854704136,7027,6943,False,False,False,False
423,CSS_J050635.2-030112,EA,EA,False,False,0.5690990323928753,1.0633861680068817,197,3577,False,False,False,False
424,CSS_J145711.3+014228,EA,EA,False,False,0.5196467891536793,1.2172873011805734,394,958,False,False,False,False
425,CSS_J082123.2-052952,EW,EW,False,False,0.3606177158179235,1.0684835641945813,7167,3393,False,False,False,False
426,CSS_J231543.6+422031,RRc,RRc,False,False,0.42355050485895573,1.1064754782267832,2064,2380,False,False,False,False
427,CSS_J181422.0+360353,EW,EW,False,False,0.37398806595999584,1.072735838388687,5594,3260,False,False,False,False
428,CSS_J064249.2+401438,EW,EW,False,False,0.3491856617803484,1.0144459525218326,7962,5851,False,False,False,False
429,CSS_J091240.9+213143,EW,EW,False,False,0.37384378903656046,1.092957817801503,5612,2690,False,False,False,False
430,CSS_J082355.1-011752,EW,EW,False,False,0.3639925473530259,1.007421972322366,6792,6299,False,False,False,False
431,CSS_J151520.5+004511,RRc,EW,True,False,0.38127865571929437,0.9988000905481289,4777,6825,False,False,False,False
432,CSS_J180119.5+585624,EW,EW,False,False,0.3611222795338636,1.0433438125784704,7105,4382,False,False,False,False
433,CSS_J204146.0-082855,RRc,RRc,False,False,0.3761147693216203,0.9913753093539937,5350,7237,False,False,False,False
434,CSS_J063714.7+501110,EW,EW,False,False,0.3699966284451425,0.9781631802382735,6092,7820,False,False,False,False
435,CSS_J145127.4-194302,EW,EW,False,False,0.380232079443814,1.0714405642276752,4895,3289,False,False,False,False
436,CSS_J110621.6+554759,EW,EW,False,False,0.36721465963954375,1.0432461930959565,6429,4385,False,False,False,False
437,CSS_J145720.9+100836,RRd,RRc,True,True,0.37239433882520595,1.0112263635504877,5775,6051,False,False,False,False
438,CSS_J224039.8+085239,RRab,RRab,False,False,0.5141645441716179,1.2479461667425553,423,763,False,False,False,False
439,CSS_J045310.9-051017,EA,EA,False,False,0.48543378988707775,1.036023367056021,693,4712,False,False,False,False
440,CSS_J221301.1+243637,EW,EW,False,False,0.3626496009823591,1.0108969035613171,6941,6087,False,False,False,False
441,CSS_J013811.3+390421,RS CVn,EW,True,True,0.4253766060323119,1.3794108667334215,2009,317,False,False,False,False
442,CSS_J005907.4+402816,EW,EW,False,False,0.3612150177609581,1.0218042704104258,7090,5421,False,False,False,False
443,CSS_J001301.6-165514,EW,EW,False,False,0.3987688884264292,1.0335928827780279,3249,4837,False,False,False,False
444,CSS_J070120.3+545108,EW,EW,False,False,0.4024119307503811,1.0920495219230646,3039,2718,False,False,False,False
445,CSS_J095835.8+005027,EA,EA,False,False,0.4247615495248493,1.2526040218150176,2026,737,False,False,False,False
446,CSS_J002835.2+354051,EW,EW,False,False,0.36667539817425365,1.205580007088686,6507,1045,False,False,False,False
447,CSS_J122303.5+042337,RRc,RRc,False,False,0.387235830224146,0.9767219825534138,4151,7851,False,False,False,False
448,CSS_J111842.7+273150,EW,EW,False,False,0.4090543780249492,1.085313395589823,2690,2898,False,False,False,False
449,CSS_J165534.9+050737,EW,EW,False,False,0.360511193507264,1.4004930588794724,7178,271,False,False,False,False
450,CSS_J231941.3+360923,EW,EW,False,False,0.35816423160175687,1.0020959773005673,7413,6643,False,False,False,False
451,CSS_J082327.2+244911,EA,EA,False,False,0.4427342598809379,0.9792725618145418,1511,7781,False,False,False,False
452,CSS_J101920.6+453042,EW,EW,False,False,0.36363432135999846,0.9966158508732803,6838,6947,False,False,False,False
453,CSS_J135948.9+120218,EW,EW,False,False,0.3719498551816667,1.3512143039580313,5833,373,False,False,False,False
454,CSS_J111420.1+035752,EA,EA,False,False,0.5005189682810766,1.047849637360999,533,4182,False,False,False,False
455,CSS_J085434.1+252506,EW,RS CVn,True,False,0.3976102999188132,1.0715132903834212,3325,3286,False,False,False,False
456,CSS_J073054.2+311410,EW,EW,False,False,0.4031233230148752,0.9822011113613571,2992,7692,False,False,False,False
457,CSS_J225408.8+063434,RRc,RRc,False,False,0.3729933672199103,1.2205230009386423,5711,935,False,False,False,False
458,CSS_J035403.7+132051,EW,EW,False,False,0.36659624972102783,1.0404667570439436,6514,4514,False,False,False,False
459,CSS_J170319.5-031131,EW,EW,False,False,0.42435664907302895,1.1162185911032525,2040,2175,False,False,False,False
460,CSS_J171319.0+453025,EW,EW,False,False,0.3732750712883877,0.9728130124686187,5680,7926,False,False,False,False
461,CSS_J080730.6+122221,EA,EA,False,False,0.41311872275958644,0.9874490474906846,2494,7441,False,False,False,False
462,CSS_J084819.5-104153,EW,EW,False,False,0.36889636546175086,1.069915874338961,6225,3341,False,False,False,False
463,CSS_J161519.8+491001,EW,EW,False,False,0.4423200107035849,1.0751260365334618,1518,3189,False,False,False,False
464,CSS_J060230.9-084931,EW,EW,False,False,0.6114409413122611,1.5295028630017777,122,132,True,True,True,True
465,CSS_J070302.7+351517,EW,EW,False,False,0.42154827020018043,1.127508226582108,2145,1964,False,False,False,False
466,CSS_J150731.5+250306,RRc,RRc,False,False,0.40570012777836056,1.1198830022835586,2844,2104,False,False,False,False
467,CSS_J160616.6+142417,RRc,EW,True,False,0.37606312554660914,1.0780803427425372,5354,3106,False,False,False,False
468,CSS_J100634.2+165157,RRc,RRc,False,False,0.38385341867170925,1.1047355788854922,4503,2413,False,False,False,False
469,CSS_J143448.3-173807,EW,EW,False,False,0.37638622654881143,1.1460853301745932,5311,1692,False,False,False,False
470,CSS_J203933.0-122004,EW,EW,False,False,0.35747126708867744,1.0184017476249432,7475,5613,False,False,False,False
471,CSS_J041014.9+244512,EA,EA,False,False,0.4945203093222737,1.0260940392026232,585,5203,False,False,False,False
472,CSS_J213457.4-020610,EW,EW,False,False,0.482204422659867,1.1905012365801233,752,1152,False,False,False,False
473,CSS_J171538.4+400749,EW,EW,False,False,0.36039265583792257,0.9744204839317225,7191,7891,False,False,False,False
474,CSS_J020517.4+314431,EW,EW,False,False,0.3568367504101971,1.0058617599530424,7530,6407,False,False,False,False
475,CSS_J021755.4+232154,EW,EW,False,False,0.35570595023606993,1.0109008885692639,7633,6085,False,False,False,False
476,CSS_J205927.0+031855,EA,EA,False,False,0.4025392894910279,1.0444722215090327,3032,4344,False,False,False,False
477,CSS_J170820.9+344847,EW,EW,False,False,0.3762239858915227,1.0946360439471234,5330,2659,False,False,False,False
478,CSS_J044010.3+050646,EW,EW,False,False,0.38405300797562425,1.0520595037375358,4479,4004,False,False,False,False
479,CSS_J213746.4+160956,EW,EW,False,False,0.402071486186316,1.022667372335355,3062,5380,False,False,False,False
480,CSS_J183133.8+345011,EW,EW,False,False,0.3585998942302759,1.119891513342603,7362,2102,False,False,False,False
481,CSS_J042727.5+341507,EW,EW,False,False,0.3952776020968339,1.2776983019813541,3488,613,False,False,False,False
482,CSS_J125846.3+333853,EW,EW,False,False,0.3810938497923229,1.0353229310476582,4801,4745,False,False,False,False
483,CSS_J080221.9+061045,EW,EW,False,False,0.38877109774275964,1.1783123220863965,4013,1275,False,False,False,False
484,CSS_J225854.4+145145,EW,EW,False,False,0.45784953058622546,1.5284365153787562,1152,133,False,True,False,False
485,CSS_J014034.9+433237,EW,EW,False,False,0.3845981830138414,1.0702330919602456,4422,3324,False,False,False,False
486,CSS_J035531.3+184307,EA,EA,False,False,0.4304353955755497,1.019226565161213,1840,5570,False,False,False,False
487,CSS_J073845.7+345720,EW,EW,False,False,0.4378383206802687,1.1478709176001967,1628,1661,False,False,False,False
488,CSS_J234339.3+354029,LPV,LPV,False,False,0.6849444257441413,1.120945408376446,51,2076,True,False,False,False
489,CSS_J162831.9+660200,EW,EW,False,False,0.35485917132398276,1.0064083012052434,7691,6362,False,False,False,False
490,CSS_J083728.8-080636,EW,EW,False,False,0.4037828060282795,1.1376031505277076,2950,1799,False,False,False,False
491,CSS_J165912.9+092905,EW,EW,False,False,0.36685043744795787,1.0928279521167636,6477,2693,False,False,False,False
492,CSS_J042520.6+344404,EW,EW,False,False,0.37313865251943407,1.0458351043538907,5697,4273,False,False,False,False
493,CSS_J212853.7+140418,RRc,EW,True,False,0.4618109264049156,1.042931742021955,1089,4408,False,False,False,False
494,CSS_J164744.6+390757,EW,EW,False,False,0.3991120643254227,1.0489475306500744,3217,4132,False,False,False,False
495,CSS_J053953.3-032841,EW,EW,False,False,0.38887919334239723,1.2617414180286803,4002,698,False,False,False,False
496,CSS_J004919.4-045902,EA,EA,False,False,0.47723895452804926,1.0084596527862644,827,6231,False,False,False,False
497,CSS_J060904.4-034118,EW,EW,False,False,0.37976074454124664,1.01561133232503,4950,5775,False,False,False,False
498,CSS_J152820.4+151919,EW,EW,False,False,0.3896907511413504,1.0426875766022445,3930,4425,False,False,False,False
499,CSS_J024950.7+302621,EW,EW,False,False,0.454357476517927,1.1703733215233116,1231,1366,False,False,False,False
500,CSS_J210124.3-012219,EW,EW,False,False,0.36425680705972957,1.0854023300306284,6767,2894,False,False,False,False
501,CSS_J200912.1-172839,EW,EW,False,False,0.3714535726430404,1.054896540657121,5913,3889,False,False,False,False
502,CSS_J132323.7+175558,RRc,RRc,False,False,0.38118133950940436,0.9940389912895011,4789,7091,False,False,False,False
503,CSS_J224101.3-164324,EW,EW,False,False,0.42623175216616344,1.1381034681416202,1974,1792,False,False,False,False
504,CSS_J015722.5-054457,RRc,RRc,False,False,0.38019391604494346,1.0090603519900856,4899,6183,False,False,False,False
505,CSS_J141340.5+325647,EW,EW,False,False,0.4045526125806957,1.0801229250937063,2916,3044,False,False,False,False
506,CSS_J075654.2+150301,EW,EW,False,False,0.3724131728758415,1.0211586503081225,5772,5467,False,False,False,False
507,CSS_J142611.0+073016,EW,EW,False,False,0.3621396608060174,1.062138991132569,6995,3626,False,False,False,False
508,CSS_J225439.0-182753,LPV,RS CVn,True,False,0.5356656579320389,1.0697931502805185,312,3347,False,False,False,False
509,CSS_J203838.6-021146,RRd,RRc,True,True,0.3839926375342757,1.0067610715611781,4488,6332,False,False,False,False
510,CSS_J162945.6-111514,RRc,RRc,False,False,0.3756990758182028,0.9808591920161334,5401,7735,False,False,False,False
511,CSS_J161756.7+471802,EW,EW,False,False,0.367331855583226,1.1138222817914216,6414,2228,False,False,False,False
512,CSS_J211511.0+132857,EW,EW,False,False,0.3918646945848625,1.0410869151348423,3762,4489,False,False,False,False
513,CSS_J155656.4-111836,EW,EW,False,False,0.40121220939005664,1.1904842903409547,3102,1153,False,False,False,False
514,CSS_J045154.0+105721,EW,EW,False,False,0.36975274912054035,1.0378293839967865,6121,4627,False,False,False,False
515,CSS_J050423.2+163941,EW,EW,False,False,0.3646892548317836,1.1097257803015912,6720,2308,False,False,False,False
516,CSS_J052413.3-014441,EW,EW,False,False,0.4009419381727805,1.0631303595725163,3114,3586,False,False,False,False
517,CSS_J025246.2-192011,RRab,RRab,False,False,0.3828023032473655,1.034407493979772,4620,4785,False,False,False,False
518,CSS_J212245.2-062018,EW,EW,False,False,0.36323349070554745,1.0136876523107596,6875,5900,False,False,False,False
519,CSS_J164159.1+100502,EW,EW,False,False,0.3716302994791917,1.084404944338667,5886,2926,False,False,False,False
520,CSS_J073937.5+353158,EW,EW,False,False,0.39686361834324735,0.970839827161558,3378,7949,False,False,False,False
521,CSS_J202528.3-113258,EW,EW,False,False,0.3835777247636387,1.0194344685513823,4536,5553,False,False,False,False
522,CSS_J124409.8+360322,EW,EW,False,False,0.3661171475856749,1.0346906614943467,6566,4769,False,False,False,False
523,CSS_J160531.2+295642,RRc,RRc,False,False,0.3845939599161906,1.003445588672152,4424,6560,False,False,False,False
524,CSS_J062703.0+625455,EW,EW,False,False,0.38097759345564386,1.1154283687740632,4813,2195,False,False,False,False
525,CSS_J080952.2+031950,EW,EW,False,False,0.39757630907102115,1.3041702376723305,3327,514,False,False,False,False
526,CSS_J040637.4+303537,EW,EW,False,False,0.3618488925608922,0.9890052206021034,7016,7361,False,False,False,False
527,CSS_J033441.5+010506,EW,EW,False,False,0.36366319735713676,1.0111687033838532,6831,6057,False,False,False,False
528,CSS_J155505.8+403651,RRc,RRc,False,False,0.3574276084545334,1.0847045766070567,7477,2916,False,False,False,False
529,CSS_J031730.2-105200,EW,EW,False,False,0.4127347414223101,1.024572225870784,2514,5287,False,False,False,False
530,CSS_J035941.8+105942,RRc,RRc,False,False,0.4059234540034872,1.0732386685610193,2833,3238,False,False,False,False
531,CSS_J083454.0+123513,EW,EW,False,False,0.3829511332164026,1.520070852292288,4610,141,False,True,False,False
532,CSS_J083607.7+075934,EW,EW,False,False,0.3704255347891872,0.9905472659240052,6045,7281,False,False,False,False
533,CSS_J224007.6+090052,EW,EW,False,False,0.38394447310018087,1.260950084027011,4492,701,False,False,False,False
534,CSS_J051656.9+040805,EW,EW,False,False,0.36754694160497464,1.0201724195769146,6391,5512,False,False,False,False
535,CSS_J090006.7+183628,RRc,EW,True,False,0.3529352199648103,1.0241862564207145,7816,5304,False,False,False,False
536,CSS_J045123.7+104312,EW,EW,False,False,0.41363529358580825,1.1831594912392407,2467,1229,False,False,False,False
537,CSS_J170547.9-015927,RS CVn,RS CVn,False,True,0.4280122786167858,1.588313065268627,1916,92,False,True,False,False
538,CSS_J155057.5-133547,EW,EW,False,False,0.45210330691163825,1.0099921823187041,1288,6135,False,False,False,False
539,CSS_J105855.0+172212,EW,EW,False,False,0.42473488692202055,1.1717522174154629,2027,1352,False,False,False,False
540,CSS_J123543.4+180307,RRc,EW,True,False,0.36590747162790155,1.0877197939350516,6590,2839,False,False,False,False
541,CSS_J013041.8+160916,EW,EW,False,False,0.38506980634433496,1.0203094719961516,4371,5505,False,False,False,False
542,CSS_J070728.8+410115,EA,EA,False,False,0.48377556360891305,1.0099557235966885,719,6136,False,False,False,False
543,CSS_J043308.9-110826,EW,EW,False,False,0.3519564462324835,1.032783877054078,7866,4870,False,False,False,False
544,CSS_J094624.9+034936,EW,EW,False,False,0.37347633664682806,1.0359440966536284,5658,4715,False,False,False,False
545,CSS_J051411.6+194240,EA,EA,False,False,0.43593307385353547,1.013315007392078,1675,5922,False,False,False,False
546,CSS_J175346.1+294828,RRc,RRc,False,False,0.37974220911926565,0.9792680465860192,4952,7782,False,False,False,False
547,CSS_J205448.2-084546,RRc,RRc,False,False,0.37969722668752937,1.0740046389961468,4957,3220,False,False,False,False
548,CSS_J224729.6+291638,EW,EW,False,False,0.3724502378541109,1.0182044981602068,5769,5629,False,False,False,False
549,CSS_J050159.5-155449,EW,EW,False,False,0.37173098661926274,1.085765826462134,5873,2887,False,False,False,False
550,CSS_J212725.5-034522,EW,EW,False,False,0.3668541039411361,1.0223581679647196,6476,5402,False,False,False,False
551,CSS_J155442.7+183035,RRc,EW,True,False,0.36931745422107926,1.151522629662151,6178,1606,False,False,False,False
552,CSS_J214907.6+183050,EA,EW,True,False,0.38431075205560694,1.013203824176431,4453,5931,False,False,False,False
553,CSS_J051635.8+002500,LPV,LPV,False,False,0.7022121756128658,1.0137689696466992,42,5895,True,False,False,False
554,CSS_J230343.6+283348,EW,EW,False,False,0.3738731162234699,1.0048198122978769,5606,6475,False,False,False,False
555,CSS_J051902.0+030152,EW,EW,False,False,0.3680248084276146,0.981793650194029,6347,7710,False,False,False,False
556,CSS_J052517.1+131029,EW,EW,False,False,0.4062768699403466,1.13116338895082,2819,1915,False,False,False,False
557,CSS_J170316.7+081455,EA,EW,True,False,0.3760475295518716,1.1981892818311553,5356,1092,False,False,False,False
558,CSS_J044221.2+174632,EW,EW,False,False,0.3614823358618794,0.992773856152121,7058,7151,False,False,False,False
559,CSS_J170327.9+585420,EW,EW,False,False,0.376689366823478,1.0868906171641748,5273,2857,False,False,False,False
560,CSS_J012454.4-160944,EW,EW,False,False,0.39744064910565424,1.0860935897814206,3339,2875,False,False,False,False
561,CSS_J075501.5+314629,EW,EW,False,False,0.3961034627613779,1.1671577159952324,3423,1411,False,False,False,False
562,CSS_J164625.9+402256,EW,EW,False,False,0.35855463952503636,1.047589758714803,7366,4198,False,False,False,False
563,CSS_J033409.7-112247,EW,EW,False,False,0.47275846130023097,0.9904291282615141,893,7295,False,False,False,False
564,CSS_J162337.1+155720,EW,EW,False,False,0.40417724964375695,1.0292984061971244,2935,5045,False,False,False,False
565,CSS_J205759.2-014958,EA,EA,False,False,0.4842775492962075,1.0042041051498098,711,6512,False,False,False,False
566,CSS_J120205.1-020436,EA,EA,False,False,0.477055881898307,1.0695618618898866,829,3360,False,False,False,False
567,CSS_J032448.5+225630,EW,EW,False,False,0.36252008490461884,1.0106884736807418,6948,6104,False,False,False,False
568,CSS_J231156.2+182423,EA,EA,False,False,0.44564785286172715,1.0041107045256181,1427,6519,False,False,False,False
569,CSS_J094901.3-063243,EW,EW,False,False,0.4312204423166289,1.3617035364421748,1811,346,False,False,False,False
570,CSS_J083046.3+040810,EW,EW,False,False,0.3687295258819703,0.9889830423322223,6242,7362,False,False,False,False
571,CSS_J133215.8+023301,EW,EW,False,False,0.3897850364744516,1.437621933691446,3919,222,False,False,False,False
572,CSS_J070057.0+313556,EW,EW,False,False,0.36396540463961463,0.9923016515436162,6799,7178,False,False,False,False
573,CSS_J204559.2-010004,RRab,RRab,False,False,0.4378378439696981,1.0278674634677842,1629,5113,False,False,False,False
574,CSS_J074407.2+442646,EW,EW,False,False,0.354432718605491,0.9819080991799479,7724,7705,False,False,False,False
575,CSS_J081623.1+094217,EW,EW,False,False,0.40744921378482596,1.056549769354384,2766,3822,False,False,False,False
576,CSS_J234600.5+361345,EW,EW,False,False,0.3798210320289248,0.9915692193467495,4944,7231,False,False,False,False
577,CSS_J100001.7+242305,EW,RS CVn,True,False,0.3696460444259273,1.0918211253959904,6132,2729,False,False,False,False
578,CSS_J031314.3+353556,EW,EW,False,False,0.3658402895253058,1.0228920331778377,6600,5367,False,False,False,False
579,CSS_J052840.0+100216,EW,EW,False,False,0.4083920669616748,1.1195712852911137,2721,2110,False,False,False,False
580,CSS_J092115.0-175913,EW,EW,False,False,0.417476997943926,1.3909563377265584,2301,291,False,False,False,False
581,CSS_J035635.3+322154,EW,EA,True,False,0.45439834711863586,1.1040224770741376,1227,2429,False,False,False,False
582,CSS_J051407.0+102711,EW,EW,False,False,0.44813517929696906,1.081442765474587,1368,3005,False,False,False,False
583,CSS_J171159.6+342411,EW,RRab,True,False,0.3713914583297309,1.121856457332711,5920,2054,False,False,False,False
584,CSS_J085303.5-164049,RRab,RRab,False,False,0.4567792608165705,1.0428082963893388,1183,4417,False,False,False,False
585,CSS_J052342.5+104344,EW,EW,False,False,0.466712562861052,1.1461138199475553,998,1690,False,False,False,False
586,CSS_J215555.7+004236,EW,EW,False,False,0.36177180591787417,1.0748021619298738,7024,3200,False,False,False,False
587,CSS_J203638.0-090633,EA,EA,False,False,0.43435259682064753,0.9861647681769841,1715,7521,False,False,False,False
588,CSS_J220351.7+012835,EW,EW,False,False,0.38583902921662816,1.092731325987137,4300,2696,False,False,False,False
589,CSS_J235104.0+115651,EA,EA,False,False,0.4258600392177607,1.0111255288433483,1997,6060,False,False,False,False
590,CSS_J142858.8+571442,EW,EW,False,False,0.34913107358080725,0.97102019398188,7963,7945,False,False,False,False
591,CSS_J170016.8-040051,EW,EA,True,False,0.38824279215159435,1.0250023959905732,4061,5268,False,False,False,False
592,CSS_J073039.1+371903,EW,EW,False,False,0.37143166613115247,0.9884654714382496,5916,7390,False,False,False,False
593,CSS_J210446.6+092219,EW,EW,False,False,0.36269287251201876,0.9780100717982588,6936,7825,False,False,False,False
594,CSS_J022505.9+363119,EW,EW,False,False,0.3610218101009777,0.9834251847282914,7119,7645,False,False,False,False
595,CSS_J164628.6+074334,RS CVn,EW,True,True,0.4269407641962236,1.127714382795786,1954,1960,False,False,False,False
596,CSS_J021834.1+320411,EW,EW,False,False,0.3521304628732223,1.0634488752900166,7858,3574,False,False,False,False
597,CSS_J212154.9-043958,EW,EW,False,False,0.4791057648916448,1.2502422278258463,797,749,False,False,False,False
598,CSS_J165534.9-020719,EW,EW,False,False,0.40004527463938333,1.1350725292602508,3170,1839,False,False,False,False
599,CSS_J045611.3-101338,EW,EW,False,False,0.405891198311701,1.016950619204142,2835,5707,False,False,False,False
600,CSS_J225009.1+330931,EA,EA,False,False,0.4410912840882217,1.0078101487010216,1544,6274,False,False,False,False
601,CSS_J174939.9+455748,RRc,RRc,False,False,0.395651115756237,1.0267217145523517,3454,5168,False,False,False,False
602,CSS_J033854.3+255705,EW,EW,False,False,0.375110310624672,1.17350702237357,5452,1328,False,False,False,False
603,CSS_J084603.8+124035,EA,EA,False,False,0.41620999432499206,1.083693571185931,2355,2942,False,False,False,False
604,CSS_J171053.9+125642,RRc,EW,True,False,0.37926358169149565,1.0671372020160574,4997,3445,False,False,False,False
605,CSS_J162114.2+210339,EW,EW,False,False,0.4866604132087696,1.136870643677114,677,1809,False,False,False,False
606,CSS_J212650.1+143708,RRc,EW,True,False,0.45572766155809086,1.1420624454259642,1199,1737,False,False,False,False
607,CSS_J094855.5+172008,EW,EW,False,False,0.4002694831580215,1.0729756739480432,3153,3250,False,False,False,False
608,CSS_J143722.5+082242,RRab,RRab,False,False,0.4381149046198015,1.0429897688720873,1624,4402,False,False,False,False
609,CSS_J045629.1+185944,EW,EW,False,False,0.42322990895417634,1.1845412263662074,2078,1217,False,False,False,False
610,CSS_J080529.7+340910,EW,EW,False,False,0.4516620911932162,1.1677941247798502,1294,1398,False,False,False,False
611,CSS_J041405.7+301742,EW,EW,False,False,0.41438602617733805,1.0192497189316116,2427,5568,False,False,False,False
612,CSS_J002857.4+102402,EW,EW,False,False,0.3949853458628714,1.425413751894191,3508,231,False,False,False,False
613,CSS_J132617.2+190900,EA,EA,False,False,0.43223868805430204,0.9941761559726328,1778,7087,False,False,False,False
614,CSS_J133844.2+272627,RRd,RRd,False,True,0.38174727742162295,1.0304350698041624,4721,5004,False,False,False,False
615,CSS_J121144.2+142022,EW,RS CVn,True,False,0.4170275000076565,1.3937462991741465,2319,285,False,False,False,False
616,CSS_J092031.2+353311,RRc,RRc,False,False,0.3971726706076057,1.0034054314969387,3357,6563,False,False,False,False
617,CSS_J083723.3-020900,EW,EW,False,False,0.3700781947779496,1.0189646666379664,6084,5582,False,False,False,False
618,CSS_J172201.1+153918,EW,EW,False,False,0.378260117345746,1.1703829515060948,5095,1365,False,False,False,False
619,CSS_J115440.5-134950,RRc,RRab,True,False,0.43516608359927494,1.1852409334576453,1691,1209,False,False,False,False
620,CSS_J073526.7+472918,EW,EA,True,False,0.5202420638929914,1.2501978141089178,391,751,False,False,False,False
621,CSS_J222112.9+261848,EW,EW,False,False,0.5752361573728995,1.2741140605837826,179,635,False,False,False,False
622,CSS_J045505.6+171145,EW,EW,False,False,0.38192838019722114,0.9966021769825355,4700,6948,False,False,False,False
623,CSS_J020329.6+103325,EW,EW,False,False,0.38060034120576297,1.0325245099004232,4854,4889,False,False,False,False
624,CSS_J073158.5+644151,EA,EA,False,False,0.5412831466359288,1.0799024331040719,290,3050,False,False,False,False
625,CSS_J045558.5+170333,EW,EW,False,False,0.4460210608009266,1.1753342236885986,1419,1309,False,False,False,False
626,CSS_J095452.9-124525,RRab,RRab,False,False,0.4162135334160123,1.3082563101817895,2353,497,False,False,False,False
627,CSS_J211237.3+051241,EW,EW,False,False,0.3609516213114779,1.0692587099650235,7128,3369,False,False,False,False
628,CSS_J095309.5+390351,EW,EW,False,False,0.3882904288004968,1.0109548268509445,4058,6078,False,False,False,False
629,CSS_J092026.7+090207,EW,EW,False,False,0.3819035166825398,0.9926296200940297,4703,7158,False,False,False,False
630,CSS_J221535.4+100607,EW,EW,False,False,0.44533493399873,1.5173241503130492,1438,146,False,True,False,False
631,CSS_J065838.8+394456,EA,EA,False,False,0.4636395629499169,1.08780578695326,1058,2835,False,False,False,False
632,CSS_J171423.3+035655,RRc,RRc,False,False,0.3796929140243456,1.0000319200120253,4959,6762,False,False,False,False
633,CSS_J045626.4-101115,EA,EA,False,False,0.5433961200526987,1.096773580021972,278,2614,False,False,False,False
634,CSS_J232841.1-072622,EA,EA,False,False,0.48026577418682,1.1452338737964292,783,1701,False,False,False,False
635,CSS_J021140.7+343700,EW,EW,False,False,0.3916983809973703,1.1273478487813058,3771,1965,False,False,False,False
636,CSS_J083652.2+231558,EW,EW,False,False,0.4060460093493697,1.0249321270332046,2826,5273,False,False,False,False
637,CSS_J103013.4+151101,EW,EW,False,False,0.5488391294115811,1.1651881038736653,265,1435,False,False,False,False
638,CSS_J033704.5+391747,EW,EW,False,False,0.3675953280074706,0.9944056681535874,6386,7071,False,False,False,False
639,CSS_J034508.1+295429,EA,EA,False,False,0.46436375897207866,1.0645240864710208,1040,3537,False,False,False,False
640,CSS_J143010.0-154305,EW,EW,False,False,0.39084403456507255,1.1959737780575608,3842,1108,False,False,False,False
641,CSS_J004914.8+364504,EW,EW,False,False,0.4037944316665287,1.0447724333036386,2949,4324,False,False,False,False
642,CSS_J230402.7+211028,EW,EW,False,False,0.5328600285746338,1.2014384005738619,332,1077,False,False,False,False
643,CSS_J011142.0+394329,EW,EW,False,False,0.417374702345171,1.0405785477165714,2306,4508,False,False,False,False
644,CSS_J091649.4+143857,EW,EW,False,False,0.3685037379504044,0.9860985982223489,6282,7525,False,False,False,False
645,CSS_J045358.5+183138,EW,EW,False,False,0.36467206322657425,1.033134202989888,6726,4857,False,False,False,False
646,CSS_J234102.1+202626,EW,EW,False,False,0.3505973276652391,0.9864376614888742,7931,7502,False,False,False,False
647,CSS_J115606.6+030131,RRc,RRc,False,False,0.39281689298945205,1.000537499376784,3686,6728,False,False,False,False
648,CSS_J222127.2+141435,EW,EW,False,False,0.3859223159310108,1.1696899732787491,4292,1373,False,False,False,False
649,CSS_J223400.7+082847,RRc,RRc,False,False,0.39449898931579,1.0339844784412429,3555,4815,False,False,False,False
650,CSS_J073908.4+574226,EW,EW,False,False,0.44517255225658703,0.9974042928559449,1442,6901,False,False,False,False
651,CSS_J045642.4+174919,EW,EW,False,False,0.3750950141353986,0.991796225734506,5454,7213,False,False,False,False
652,CSS_J161840.3-011914,RRd,EW,True,True,0.42221466981261363,1.2440399933502826,2125,787,False,False,False,False
653,CSS_J043352.4+104026,EW,EW,False,False,0.3658320031274487,1.0160393997322499,6601,5757,False,False,False,False
654,CSS_J162457.5+343859,RS CVn,EW,True,True,0.4277599810064424,1.1128212330725993,1929,2245,False,False,False,False
655,CSS_J031628.1+144813,EW,EW,False,False,0.38963976461940514,1.0134685582655958,3938,5911,False,False,False,False
656,CSS_J050317.1+094916,RRc,EW,True,False,0.4194839642027521,1.0019985339942619,2224,6650,False,False,False,False
657,CSS_J011407.0+101429,EW,EW,False,False,0.36312870790795226,0.978261791817958,6887,7818,False,False,False,False
658,CSS_J040821.6+314513,EW,EW,False,False,0.376653001774282,1.0366523583714522,5277,4685,False,False,False,False
659,CSS_J170441.5-020613,RRab,RRab,False,False,0.4789179130441619,1.1444566237401737,802,1709,False,False,False,False
660,CSS_J003320.0+412136,EA,EA,False,False,0.47417826524255147,1.0390655429953608,869,4573,False,False,False,False
661,CSS_J091825.7-121729,EW,EW,False,False,0.3702709259255256,1.213659254575116,6058,988,False,False,False,False
662,CSS_J074055.0+344005,EW,EW,False,False,0.3780259478386952,1.0313479767229106,5127,4952,False,False,False,False
663,CSS_J051842.3+142505,EW,EW,False,False,0.41091025768586864,1.0913157715745023,2609,2736,False,False,False,False
664,CSS_J045635.8+210108,EA,EA,False,False,0.43888238163276944,1.0409378649388625,1607,4492,False,False,False,False
665,CSS_J221839.4-032352,RRab,RRab,False,False,0.4718140400512454,1.0181457609630167,907,5634,False,False,False,False
666,CSS_J170531.3+571219,RRc,EW,True,False,0.35896806923698554,1.0441871215529257,7326,4354,False,False,False,False
667,CSS_J035828.5-161037,EW,EW,False,False,0.42725077214634916,1.0459466556384651,1944,4268,False,False,False,False
668,CSS_J085839.6-193451,EW,EW,False,False,0.3659776831519763,1.1502134879462742,6576,1622,False,False,False,False
669,CSS_J210537.0+081234,EW,EW,False,False,0.4884627235044872,1.0771741740185221,656,3133,False,False,False,False
670,CSS_J113405.5-022045,RRc,RRc,False,False,0.3979734197191815,1.0437622052994666,3303,4370,False,False,False,False
671,CSS_J084920.5+503909,EW,EW,False,False,0.3552179838462753,0.9891686807264662,7662,7352,False,False,False,False
672,CSS_J232125.1+371848,EW,EW,False,False,0.350077259466052,1.0038080375948675,7947,6537,False,False,False,False
673,CSS_J235234.5+301336,EW,EW,False,False,0.5052930572087937,1.3499392142991267,496,375,False,False,False,False
674,CSS_J004523.7+360006,EW,EW,False,False,0.3629799539962498,1.0284923716549297,6901,5086,False,False,False,False
675,CSS_J211506.2+134002,EA,EW,True,False,0.4318806619275643,1.186067330620357,1791,1194,False,False,False,False
676,CSS_J075524.4+053152,EW,EW,False,False,0.4819964033089103,1.0177766407165763,757,5663,False,False,False,False
677,CSS_J121000.0-051538,EW,EW,False,False,0.3629164648962923,1.2326932963847566,6911,847,False,False,False,False
678,CSS_J005248.4+214950,EA,EA,False,False,0.486033259859702,0.982325036993665,687,7686,False,False,False,False
679,CSS_J130200.7-053413,EW,EW,False,False,0.402053761690029,1.0952861717173619,3063,2639,False,False,False,False
680,CSS_J073402.1+441123,EW,EW,False,False,0.3996349723953562,1.083314276621737,3190,2948,False,False,False,False
681,CSS_J132439.8+130747,EW,EW,False,False,0.3830177603416563,1.0918764933257208,4604,2727,False,False,False,False
682,CSS_J145035.6+381328,RRc,RRc,False,False,0.418431861118882,1.064661783345586,2262,3532,False,False,False,False
683,CSS_J025128.0+382741,RRd,RRc,True,True,0.37842475990229657,0.9923584852961387,5076,7173,False,False,False,False
684,CSS_J171254.9+182944,EW,EW,False,False,0.3826178332108063,1.0322050868677972,4631,4912,False,False,False,False
685,CSS_J024227.0+011332,RRc,RRc,False,False,0.36660577871131694,1.0963082953999956,6512,2625,False,False,False,False
686,CSS_J180110.2+381629,EW,EW,False,False,0.3681386597097871,1.077790857433559,6328,3119,False,False,False,False
687,CSS_J070854.4+391901,EW,EW,False,False,0.41694647306532884,1.5140576751845867,2323,151,False,True,False,False
688,CSS_J105247.0+185440,EW,EW,False,False,0.4177838139976261,1.0594754681246492,2292,3713,False,False,False,False
689,CSS_J012626.0-074957,EW,EW,False,False,0.41016983511003857,1.0046588831533696,2637,6485,False,False,False,False
690,CSS_J023240.8+411934,EA,EA,False,False,0.46974542784644246,1.028071592330939,940,5103,False,False,False,False
691,CSS_J233555.9-043524,EW,EW,False,False,0.475786557851611,1.2506537819485346,848,747,False,False,False,False
692,CSS_J080604.5+502042,EW,EW,False,False,0.39183514976591866,1.089533425670473,3763,2792,False,False,False,False
693,CSS_J082851.6+010007,EW,EW,False,False,0.36825059468907484,1.0680943931565339,6313,3408,False,False,False,False
694,CSS_J085137.8+115057,EW,RRc,True,False,0.40520447875639226,1.0526887481223794,2874,3979,False,False,False,False
695,CSS_J055201.7-071625,EW,EW,False,False,0.39878399016864535,1.1346613872301028,3248,1850,False,False,False,False
696,CSS_J084722.1+280501,EW,EW,False,False,0.46813482818169083,1.0904171241988492,969,2756,False,False,False,False
697,CSS_J063714.5+421305,EW,EW,False,False,0.3632973223289164,0.9740338440792847,6868,7900,False,False,False,False
698,CSS_J052738.2+002304,RS CVn,RS CVn,False,True,0.39372358450290046,1.0484943932387905,3616,4147,False,False,False,False
699,CSS_J091144.3+001154,EW,EW,False,False,0.37455255150826566,1.0366912626430762,5525,4684,False,False,False,False
700,CSS_J162516.0+094200,EW,EW,False,False,0.3740932825779665,1.140737493971835,5583,1756,False,False,False,False
701,CSS_J153104.1+024828,RRc,RRc,False,False,0.37462612730482653,0.9998310792257328,5517,6772,False,False,False,False
702,CSS_J081732.7-045439,EW,EW,False,False,0.39683482834746153,1.0134386055956717,3381,5913,False,False,False,False
703,CSS_J203846.9-131714,EA,EW,True,False,0.39215885484903273,1.0313976201099777,3736,4948,False,False,False,False
704,CSS_J014100.3+071211,EW,EW,False,False,0.3695992839352778,1.0152052951147128,6140,5801,False,False,False,False
705,CSS_J163441.9-090007,RRab,RRab,False,False,0.42229013497869167,1.0720406591257716,2122,3276,False,False,False,False
706,CSS_J222221.8+314737,EW,EW,False,False,0.35152828585635837,0.9977001353877689,7894,6885,False,False,False,False
707,CSS_J145910.0-053418,EW,EW,False,False,0.36844000911317615,1.021560560349752,6289,5441,False,False,False,False
708,CSS_J175354.3+312753,EW,EW,False,False,0.4005347891257063,0.9817007098189343,3141,7713,False,False,False,False
709,CSS_J224312.4+320535,EW,EW,False,False,0.3678344272589888,0.9880788944106434,6366,7411,False,False,False,False
710,CSS_J062003.7+561112,EW,EW,False,False,0.4498367191783314,1.012863814292834,1328,5944,False,False,False,False
711,CSS_J143140.4+053030,EW,EW,False,False,0.3727963573187569,1.0745416568709358,5730,3205,False,False,False,False
712,CSS_J055104.1-193750,EW,EW,False,False,0.3658711135974132,1.0591099041723604,6595,3728,False,False,False,False
713,CSS_J084214.1+064737,EW,EW,False,False,0.3807240621679401,0.9974619340820011,4841,6896,False,False,False,False
714,CSS_J043411.4+001319,EW,EW,False,False,0.38424319943845114,1.0454075455447156,4463,4296,False,False,False,False
715,CSS_J082741.6+140949,EW,EW,False,False,0.4533221674690017,1.3354675632304027,1251,415,False,False,False,False
716,CSS_J044402.9+180755,EW,EW,False,False,0.39155324287486765,1.034625431981364,3787,4772,False,False,False,False
717,CSS_J163309.4+265855,EW,EW,False,False,0.4701261486617462,1.133586805798755,934,1872,False,False,False,False
718,CSS_J173125.9+431131,EW,EW,False,False,0.36300256008755755,1.0482361535375961,6899,4160,False,False,False,False
719,CSS_J030826.7+214350,EW,EW,False,False,0.3675458698490985,0.9864213558414121,6392,7504,False,False,False,False
720,CSS_J080932.7+254626,EW,EW,False,False,0.3848072659413658,1.0174137272159833,4400,5684,False,False,False,False
721,CSS_J162618.8+162530,EW,EW,False,False,0.40970601256168104,1.0462993007447157,2659,4255,False,False,False,False
722,CSS_J022401.6+260633,EW,EW,False,False,0.3953927383336776,1.0154575275946565,3481,5784,False,False,False,False
723,CSS_J234807.7-162016,EA,EA,False,False,0.4085754253988253,1.000937267602684,2712,6698,False,False,False,False
724,CSS_J161724.8-055222,EW,EW,False,False,0.39792557175253407,1.1391189196717446,3307,1779,False,False,False,False
725,CSS_J035649.9+195549,RS CVn,EW,True,True,0.4036893588752324,1.1932022277279626,2958,1128,False,False,False,False
726,CSS_J040827.8-123009,EW,EW,False,False,0.43939590647679766,1.0892577278559588,1592,2801,False,False,False,False
727,CSS_J034819.9+374949,EW,EW,False,False,0.39452356440962894,1.0032654832379275,3553,6568,False,False,False,False
728,CSS_J084017.3+343026,EW,EW,False,False,0.39202411233763146,0.998827063098927,3744,6823,False,False,False,False
729,CSS_J093504.3+050453,EW,EW,False,False,0.39071106319812215,1.0882142684457654,3851,2826,False,False,False,False
730,CSS_J155116.7+490413,EW,EW,False,False,0.3735057751604071,0.9792591373718951,5652,7784,False,False,False,False
731,CSS_J025251.6+175826,EA,EA,False,False,0.49654153370390935,1.1158179875827654,565,2185,False,False,False,False
732,CSS_J142820.8+145428,EW,EW,False,False,0.44709544558485714,1.1184873826748354,1394,2130,False,False,False,False
733,CSS_J122541.6+352314,EA,EW,True,False,0.39652929280740956,1.1492783199835794,3394,1633,False,False,False,False
734,CSS_J022758.8+313709,EW,EW,False,False,0.3646447061685053,0.9871546619538378,6729,7466,False,False,False,False
735,CSS_J050051.1-063834,EW,EW,False,False,0.3767824671497365,1.005734759615638,5257,6420,False,False,False,False
736,CSS_J045447.2+063606,EW,EW,False,False,0.5776211582938984,1.696956244928455,176,58,False,True,False,False
737,CSS_J050305.0+045419,EW,EW,False,False,0.41912870453567075,1.2473868954675926,2240,769,False,False,False,False
738,CSS_J051433.9+101551,EW,EW,False,False,0.437013247386875,1.0405095791602634,1645,4512,False,False,False,False
739,CSS_J122420.4+103852,RRc,RRc,False,False,0.36888537622911094,1.0636055207649915,6227,3567,False,False,False,False
740,CSS_J105407.4+321903,EW,EW,False,False,0.3712591094547827,0.9744675323921598,5944,7890,False,False,False,False
741,CSS_J170209.8-011647,RRc,EW,True,False,0.4134527260551425,1.45134600506989,2482,207,False,False,False,False
742,CSS_J051516.8+162244,EW,EW,False,False,0.35282118791273775,0.9995200080496947,7821,6789,False,False,False,False
743,CSS_J221319.1+102435,RS CVn,RS CVn,False,True,0.3992802394372039,1.1943663248286362,3203,1125,False,False,False,False
744,CSS_J080400.8+301357,EW,EW,False,False,0.39187852737784934,1.0362121074290471,3760,4702,False,False,False,False
745,CSS_J205104.3+010133,EW,EW,False,False,0.3686489535792862,1.0264613235586904,6258,5185,False,False,False,False
746,CSS_J055721.4+051438,EW,EW,False,False,0.43228149715164915,1.040433903212454,1775,4515,False,False,False,False
747,CSS_J163404.4+124735,EA,EA,False,False,0.42447450095211675,1.0184116029938168,2036,5612,False,False,False,False
748,CSS_J080216.8+213104,EW,EW,False,False,0.6402096253363243,1.364415502506228,86,341,True,False,False,False
749,CSS_J041809.3+214229,EW,EW,False,False,0.39130563984471567,1.0633002745557385,3809,3579,False,False,False,False
750,CSS_J103814.1+054032,EW,EW,False,False,0.3781802647501654,1.1168751694743917,5103,2163,False,False,False,False
751,CSS_J102742.1+052936,EW,EW,False,False,0.3878611515516113,1.1673910638419218,4098,1407,False,False,False,False
752,CSS_J043046.6+311930,EW,RRc,True,False,0.402672414236706,1.0294977457147394,3019,5032,False,False,False,False
753,CSS_J045604.1+093044,EW,EW,False,False,0.35676836178742044,1.0598254909658626,7537,3694,False,False,False,False
754,CSS_J025002.3+201627,RRc,RRc,False,False,0.39426950119095266,1.0526730953900358,3570,3982,False,False,False,False
755,CSS_J153040.4-083723,EW,EW,False,False,0.40053583687819316,1.288714619438748,3140,578,False,False,False,False
756,CSS_J223622.1+143313,EW,EW,False,False,0.36578095360807844,1.167862928116585,6607,1396,False,False,False,False
757,CSS_J113153.8-133254,EW,EW,False,False,0.35848346975506085,1.0103528551817835,7376,6117,False,False,False,False
758,CSS_J012955.1+391130,EW,EW,False,False,0.3704170906044711,1.0363120442142184,6046,4696,False,False,False,False
759,CSS_J004612.7+141542,EW,EW,False,False,0.3982013664685091,1.0192968232763335,3291,5564,False,False,False,False
760,CSS_J021736.6+412102,EW,EW,False,False,0.35800357316377696,0.9803156960312176,7432,7750,False,False,False,False
761,CSS_J035904.5+080009,RS CVn,RS CVn,False,True,0.48197132483829863,1.0406355300367127,759,4505,False,False,False,False
762,CSS_J051859.7+051351,EW,EW,False,False,0.3580589682433118,1.087290472322615,7428,2850,False,False,False,False
763,CSS_J063733.2+653355,EW,EW,False,False,0.3540761643718704,1.0224583852685742,7753,5395,False,False,False,False
764,CSS_J122004.3+185916,EA,EW,True,False,0.5052634420545684,1.2477805559328465,497,765,False,False,False,False
765,CSS_J034953.7+153340,EW,RRc,True,False,0.42093425302455517,1.2350303798361741,2166,829,False,False,False,False
766,CSS_J034624.5+301608,RS CVn,RS CVn,False,True,0.4447890911410099,1.3179517236474487,1451,458,False,False,False,False
767,CSS_J044539.0-072227,EW,EW,False,False,0.35994004294632154,1.0276288373002322,7234,5124,False,False,False,False
768,CSS_J024627.3+183413,EW,EA,True,False,0.40432689626508334,1.0040837759728745,2926,6521,False,False,False,False
769,CSS_J133852.9+191917,EW,EW,False,False,0.36824305781770417,1.0001933359942872,6315,6753,False,False,False,False
770,CSS_J082244.2-015843,EW,EW,False,False,0.4453129371390799,1.1996296105414448,1439,1085,False,False,False,False
771,CSS_J205822.0-092504,RRab,RRab,False,False,0.4367037950618839,1.016557902072313,1655,5731,False,False,False,False
772,CSS_J072853.0+254016,EW,EW,False,False,0.3865899849064606,1.1016671799167626,4215,2495,False,False,False,False
773,CSS_J085256.8-193316,EW,EW,False,False,0.41469863871650875,1.1538957741373843,2411,1570,False,False,False,False
774,CSS_J165208.8+010740,EA,EA,False,False,0.4330063539410652,0.9790092361945064,1754,7792,False,False,False,False
775,CSS_J162144.7+243517,EW,EW,False,False,0.3575567173901103,0.9877015460797223,7466,7425,False,False,False,False
776,CSS_J010946.8+380447,EW,EW,False,False,0.3740859869471523,1.0323115110447456,5584,4900,False,False,False,False
777,CSS_J070812.2+365953,EW,EW,False,False,0.48238317159963584,1.209597848235561,747,1014,False,False,False,False
778,CSS_J001736.6+205147,EW,EW,False,False,0.40184200122062985,0.9948039954955933,3071,7047,False,False,False,False
779,CSS_J120746.2-060202,EW,EW,False,False,0.4023248867730444,1.1430892838705913,3044,1722,False,False,False,False
780,CSS_J034313.3+182337,EA,EA,False,False,0.6054186601758167,1.2965019875578314,129,544,True,False,False,False
781,CSS_J164444.3+181132,RRc,EW,True,False,0.4984365057233174,1.370922711025044,548,334,False,False,False,False
782,CSS_J213344.5-040643,EW,EW,False,False,0.3699154188764088,0.979998254549707,6106,7759,False,False,False,False
783,CSS_J170032.8+341940,EW,EW,False,False,0.3687896625545069,1.016407315512337,6235,5736,False,False,False,False
784,CSS_J211658.4+093555,EW,EW,False,False,0.3884816546596794,1.1021896977989176,4039,2480,False,False,False,False
785,CSS_J154427.0-184424,EW,EW,False,False,0.3882022252238084,1.2712815440921745,4066,648,False,False,False,False
786,CSS_J042631.7-034009,EW,EW,False,False,0.45916196956715893,1.322057531014395,1126,445,False,False,False,False
787,CSS_J075849.9+141246,EW,EW,False,False,0.3713639952177773,1.0071146773571358,5922,6317,False,False,False,False
788,CSS_J173034.6+222403,EW,EA,True,False,0.5577858333886428,1.1140381595397888,232,2222,False,False,False,False
789,CSS_J103117.2+175503,EW,EW,False,False,0.37188764621659776,0.9820859286282262,5841,7698,False,False,False,False
790,CSS_J155938.1+050242,EW,EW,False,False,0.37227352297680893,1.0135318246277847,5790,5906,False,False,False,False
791,CSS_J180456.6+430312,EW,EW,False,False,0.3596514381247803,1.1963958520337572,7263,1103,False,False,False,False
792,CSS_J151729.2+481131,RRc,EW,True,False,0.4544541017580401,1.4694288322676068,1224,182,False,False,False,False
793,CSS_J174903.4+585133,RRc,EW,True,False,0.4269520116988326,1.5051695180540743,1953,158,False,True,False,False
794,CSS_J165215.7+384224,RS CVn,EW,True,True,0.461965434670617,1.204660899025587,1085,1053,False,False,False,False
795,CSS_J165058.9+423700,EW,EW,False,False,0.3626473697854629,0.988047329167842,6942,7412,False,False,False,False
796,CSS_J132949.2+003712,EW,EW,False,False,0.3983604550131857,1.1886721399193896,3281,1169,False,False,False,False
797,CSS_J053451.1+015811,EW,EW,False,False,0.38071067056493674,1.1017421776923295,4842,2489,False,False,False,False
798,CSS_J125703.7+442632,RRc,RRc,False,False,0.39753388929204964,1.0075415172374178,3332,6291,False,False,False,False
799,CSS_J135152.1+183217,EW,EW,False,False,0.3876883080655221,1.1493574752743758,4112,1632,False,False,False,False
800,CSS_J024650.9+233011,EW,EW,False,False,0.3879773400115064,1.0271529157980601,4089,5152,False,False,False,False
801,CSS_J002205.3+315333,RS CVn,RS CVn,False,True,0.5320760747086369,1.1733876104734815,335,1330,False,False,False,False
802,CSS_J051849.2+012904,RS CVn,RS CVn,False,True,0.39844019074311704,1.124599602136612,3272,2017,False,False,False,False
803,CSS_J015547.2+440105,EW,EW,False,False,0.3917764940068857,1.0167732376685494,3765,5717,False,False,False,False
804,CSS_J235634.8+404109,EW,EW,False,False,0.38010745005856866,0.9992943209500375,4905,6805,False,False,False,False
805,CSS_J072126.2+624430,EW,EW,False,False,0.35163276110758596,1.0057684401117506,7883,6415,False,False,False,False
806,CSS_J052236.4+093952,EW,EW,False,False,0.3908468561937311,1.0108159452810617,3841,6091,False,False,False,False
807,CSS_J213332.6+190227,EW,EW,False,False,0.3819359726082424,1.015386092700856,4697,5787,False,False,False,False
808,CSS_J165520.6+304644,EW,EW,False,False,0.38608408641433134,1.0455650189298349,4269,4286,False,False,False,False
809,CSS_J011032.5+215708,RRd,RRd,False,True,0.38332596355614545,1.0161995897113558,4563,5745,False,False,False,False
810,CSS_J212426.4+190543,RRc,EW,True,False,0.37839276501542785,1.0440615410203549,5082,4360,False,False,False,False
811,CSS_J141049.8+153656,EW,EW,False,False,0.35512226529355967,0.9942994109419964,7668,7078,False,False,False,False
812,CSS_J162634.1-110727,EW,EW,False,False,0.37475753354564006,1.0179879640473306,5499,5647,False,False,False,False
813,CSS_J155325.5+520530,EW,EA,True,False,0.4310018067857311,0.9916773296776377,1823,7223,False,False,False,False
814,CSS_J081447.9+275718,EW,EA,True,False,0.3795672717564352,0.9979071798387391,4968,6876,False,False,False,False
815,CSS_J091749.2+123103,EA,EA,False,False,0.4680274191555977,1.130086955042246,972,1928,False,False,False,False
816,CSS_J083327.7+564145,EW,EW,False,False,0.37368679525901827,1.034331847275773,5634,4795,False,False,False,False
817,CSS_J181359.8+460036,RRab,RRab,False,False,0.3992450938368282,1.0354658365093088,3207,4739,False,False,False,False
818,CSS_J055825.0+050250,EW,EW,False,False,0.3493404116398914,1.010420849335583,7958,6112,False,False,False,False
819,CSS_J225738.2+390243,EW,EW,False,False,0.3657448443278139,0.9737052549716649,6612,7909,False,False,False,False
820,CSS_J175253.4+444214,RS CVn,EW,True,True,0.39881127406817773,1.2174291308747924,3247,956,False,False,False,False
821,CSS_J100054.9+012341,RRc,RRc,False,False,0.38870388200495015,1.056286497485599,4021,3832,False,False,False,False
822,CSS_J161025.2+164417,EW,EW,False,False,0.3640658929258097,1.1223071090929557,6783,2045,False,False,False,False
823,CSS_J164437.0+194125,RRc,EW,True,False,0.3793218106981741,1.223840247544778,4992,901,False,False,False,False
824,CSS_J003154.7-035251,EW,EW,False,False,0.40259584930223236,1.3483411935989569,3027,382,False,False,False,False
825,CSS_J224911.9+272641,EW,EW,False,False,0.4593731644156082,0.9728055138572429,1123,7927,False,False,False,False
826,CSS_J170608.0+452656,EW,EW,False,False,0.40091299681072184,1.0237809423696782,3116,5325,False,False,False,False
827,CSS_J234815.9+282629,EW,EW,False,False,0.3837763352715669,1.053041175712642,4513,3952,False,False,False,False
828,CSS_J174236.5+291139,EW,EW,False,False,0.3508461495183485,1.0889113220442723,7922,2808,False,False,False,False
829,CSS_J144023.8+010127,EW,EW,False,False,0.35020434124278754,1.0144251744142228,7945,5852,False,False,False,False
830,CSS_J001503.1-130914,EW,EW,False,False,0.38988678772162205,1.0336582797256744,3912,4835,False,False,False,False
831,CSS_J151107.0-164053,RRc,RRc,False,False,0.41633551111335837,1.179463513232358,2348,1265,False,False,False,False
832,CSS_J102536.6+123652,RRc,EW,True,False,0.5214354595992478,1.184573417904085,386,1215,False,False,False,False
833,CSS_J151358.2-135851,RRab,RRab,False,False,0.46555513821227523,1.5080094824550578,1017,155,False,True,False,False
834,CSS_J082318.1+162500,EW,EW,False,False,0.40506844734114694,1.0931499749562206,2881,2685,False,False,False,False
835,CSS_J232814.1+184212,EW,EW,False,False,0.3541747342666389,0.984000826966267,7746,7620,False,False,False,False
836,CSS_J010644.3+221454,RRc,RRc,False,False,0.3742029992878176,0.9816362660849274,5567,7716,False,False,False,False
837,CSS_J043825.8-160147,EW,EW,False,False,0.3731255554025214,1.034168284111875,5699,4807,False,False,False,False
838,CSS_J152032.9-134321,EW,EW,False,False,0.3931293220241368,1.240902338257004,3656,803,False,False,False,False
839,CSS_J013033.8+385953,EW,EW,False,False,0.41848588326817915,1.0047777882884292,2259,6477,False,False,False,False
840,CSS_J175816.0+290814,EW,EW,False,False,0.42309782000074464,1.220176915394072,2087,941,False,False,False,False
841,CSS_J010912.1+291113,EA,EW,True,False,0.5251013504721171,1.3583450320988915,368,354,False,False,False,False
842,CSS_J020534.3+363228,EW,EW,False,False,0.36179998180432504,0.9933973450946457,7021,7124,False,False,False,False
843,CSS_J212734.7+064850,EW,EW,False,False,0.36810520714069783,1.0175084341150362,6338,5681,False,False,False,False
844,CSS_J012206.9+450839,RRab,RRab,False,False,0.38372437901650014,1.0947777610366625,4520,2655,False,False,False,False
845,CSS_J171632.9+422420,EW,EW,False,False,0.4370667956253158,1.0551912992155257,1644,3873,False,False,False,False
846,CSS_J151823.3+453943,EW,EW,False,False,0.35793050968442963,1.1275478089520377,7435,1963,False,False,False,False
847,CSS_J070136.1+491806,EW,EW,False,False,0.3724567350176622,1.0010561959935138,5768,6695,False,False,False,False
848,CSS_J232135.5+053409,EW,EW,False,False,0.373469497118661,1.0233525612492405,5660,5343,False,False,False,False
849,CSS_J214454.8+141943,EW,EW,False,False,0.3887630684375585,1.0699910308230216,4014,3336,False,False,False,False
850,CSS_J151832.0+445710,EW,EW,False,False,0.3728083074768454,1.0140602915633703,5727,5874,False,False,False,False
851,CSS_J184159.0+480733,EW,EW,False,False,0.397083532366837,1.0213169353287248,3364,5454,False,False,False,False
852,CSS_J221851.3+134346,EW,EW,False,False,0.43201835649539344,1.0593149169091303,1787,3719,False,False,False,False
853,CSS_J220142.4+172845,EA,EA,False,False,0.4955872823797916,1.1478274332693421,576,1662,False,False,False,False
854,CSS_J171341.0+224751,EW,EW,False,False,0.4374748831608077,0.9790336064546059,1637,7790,False,False,False,False
855,CSS_J053802.6-020444,RS CVn,EW,True,True,0.3741913176529811,1.1142909678396893,5571,2216,False,False,False,False
856,CSS_J122229.6-084150,EW,EW,False,False,0.3867200292191939,1.2103555268819715,4197,1008,False,False,False,False
857,CSS_J013746.1+090704,EW,EW,False,False,0.3489941317668642,1.0368049243727278,7966,4677,False,False,False,False
858,CSS_J083649.6-012736,EA,EA,False,False,0.4158132463745095,1.0501886987555693,2366,4082,False,False,False,False
859,CSS_J092743.0-090317,RRab,RRab,False,False,0.4179264519223898,1.0849727535262137,2288,2908,False,False,False,False
860,CSS_J080750.7+362421,EW,EW,False,False,0.4494944217096698,1.5650370467883765,1336,105,False,True,False,False
861,CSS_J124336.1+310842,RRc,RRc,False,False,0.44282815128911124,1.019605589313102,1509,5544,False,False,False,False
862,CSS_J084938.4+430447,EW,EW,False,False,0.36340063295355757,1.0877370590541935,6857,2838,False,False,False,False
863,CSS_J043431.7-071953,EW,EW,False,False,0.42325657038712944,1.018463543647698,2077,5604,False,False,False,False
864,CSS_J111028.5+102031,EW,EW,False,False,0.37680017325416726,1.091393570916588,5256,2735,False,False,False,False
865,CSS_J052553.9-014226,RS CVn,EW,True,True,0.5089326711048597,2.205159082204214,467,10,False,True,False,False
866,CSS_J214027.0+015042,RS CVn,EW,True,True,0.42116526770038987,1.7461427521155564,2156,50,False,True,False,False
867,CSS_J052547.9-094856,EW,EW,False,False,0.3863395579201523,1.0410388968411828,4241,4490,False,False,False,False
868,CSS_J125958.7-124205,EW,EW,False,False,0.4195188833153826,1.2847311885922266,2221,591,False,False,False,False
869,CSS_J165538.3+260810,EW,EW,False,False,0.4288180717960561,1.2815902808593416,1891,603,False,False,False,False
870,CSS_J231235.0+290506,RRd,EW,True,True,0.36956481901211885,1.100004892029039,6145,2541,False,False,False,False
871,CSS_J144149.5-124020,EW,EW,False,False,0.37841551696100406,1.272036191463956,5078,643,False,False,False,False
872,CSS_J014236.6+413856,EW,EW,False,False,0.3805366404533874,0.9916540457553868,4861,7226,False,False,False,False
873,CSS_J045806.2-022707,EW,EW,False,False,0.36070371280565994,1.0520647305703204,7152,4003,False,False,False,False
874,CSS_J033432.3+000136,EW,EW,False,False,0.40367179593325647,1.218343944955803,2961,950,False,False,False,False
875,CSS_J214804.8+002201,LPV,LPV,False,False,0.7739175257170167,1.057287517168605,4,3796,True,False,False,False
876,CSS_J222925.3-123808,EW,EW,False,False,0.4015790328898183,1.0294156361303062,3084,5037,False,False,False,False
877,CSS_J160455.2+245941,RS CVn,RS CVn,False,True,0.6376135668790545,1.4769822009523037,89,179,True,False,False,False
878,CSS_J162538.7+290253,EW,EW,False,False,0.35868141859395497,0.9820532198269453,7355,7702,False,False,False,False
879,CSS_J170756.2+292856,EA,EW,True,False,0.446767302994432,1.0117291147896308,1401,6022,False,False,False,False
880,CSS_J043256.2-052750,EW,EW,False,False,0.3659121889591492,1.0229793415823027,6589,5360,False,False,False,False
881,CSS_J012314.2+412443,EW,EW,False,False,0.3757097678320677,1.056922339043468,5399,3810,False,False,False,False
882,CSS_J171003.6+333508,RRc,RRc,False,False,0.3705617293372122,1.0478129148975341,6030,4185,False,False,False,False
883,CSS_J091351.4-115642,EW,EW,False,False,0.3721612934059814,1.3028182965295327,5805,520,False,False,False,False
884,CSS_J055352.4-061409,EW,EW,False,False,0.34827160307985106,0.9953953723338426,7978,7013,False,False,False,False
885,CSS_J152956.8-124814,EW,EW,False,False,0.36819151164031966,1.0529738605610697,6320,3958,False,False,False,False
886,CSS_J151844.0+020109,RRc,RRc,False,False,0.38611510652101466,1.0898287760421312,4265,2775,False,False,False,False
887,CSS_J170139.4-013821,EW,EW,False,False,0.3636628210877721,1.1886352280951085,6832,1171,False,False,False,False
888,CSS_J010323.5-194436,RRc,RRc,False,False,0.4418637731335157,1.2573245203073935,1526,721,False,False,False,False
889,CSS_J215848.1+212759,RRc,RRc,False,False,0.3886700628826514,1.0926265523312408,4026,2701,False,False,False,False
890,CSS_J215735.2+023245,EW,EW,False,False,0.36614533583033626,1.0766432120775287,6562,3152,False,False,False,False
891,CSS_J012122.8+403926,EW,EW,False,False,0.4145749007427503,1.248675792955629,2418,756,False,False,False,False
892,CSS_J075355.0+080157,EW,EW,False,False,0.40073090282891516,1.0440396222923571,3130,4362,False,False,False,False
893,CSS_J142703.4+334003,RS CVn,RS CVn,False,True,0.4584861076410818,0.9924273623896951,1144,7171,False,False,False,False
894,CSS_J173105.2+074301,RRab,RRab,False,False,0.43089650700619886,1.0308537667921847,1826,4978,False,False,False,False
895,CSS_J170303.8-041452,RRc,EW,True,False,0.3849647358379892,1.1379451281548039,4383,1795,False,False,False,False
896,CSS_J063342.4+523001,EW,EA,True,False,0.43378506065268285,1.0381147279917178,1730,4613,False,False,False,False
897,CSS_J010240.6+370349,EW,EW,False,False,0.3615211292240572,0.9771937341431753,7050,7841,False,False,False,False
898,CSS_J161351.8+522409,EW,EW,False,False,0.3512131110856994,0.9963122073957313,7905,6958,False,False,False,False
899,CSS_J172043.7+305703,RRc,RRc,False,False,0.3919734226332358,1.2055644732385036,3749,1046,False,False,False,False
900,CSS_J220532.8+064511,EA,EA,False,False,0.45334479107626263,1.0656682356051983,1250,3499,False,False,False,False
901,CSS_J170406.1+195629,EW,EW,False,False,0.41116626910532045,1.1261987507561468,2587,1989,False,False,False,False
902,CSS_J103110.9-141810,RRc,RRc,False,False,0.39052345530238997,1.0903814051523417,3864,2758,False,False,False,False
903,CSS_J215439.4+074851,EW,EW,False,False,0.36042204548512846,0.9722156040539781,7186,7930,False,False,False,False
904,CSS_J143012.9+484907,RRc,EW,True,False,0.3692791055221498,1.2645067545669735,6188,679,False,False,False,False
905,CSS_J040928.0+031017,EW,EW,False,False,0.42295401753990847,1.115203628333576,2094,2204,False,False,False,False
906,CSS_J035636.4+231901,EA,EA,False,False,0.43055980979480885,1.0606383849149366,1835,3664,False,False,False,False
907,CSS_J034752.6+351845,RRc,EW,True,False,0.40203825319347947,1.0564690677637179,3065,3824,False,False,False,False
908,CSS_J045020.8+070312,EW,EW,False,False,0.3940445223423134,1.1104298240421522,3583,2293,False,False,False,False
909,CSS_J050908.7+091314,EA,EA,False,False,0.4424288024368156,1.131578932725617,1515,1905,False,False,False,False
910,CSS_J164027.8+145056,EW,EW,False,False,0.38105713095935406,1.2318328823332383,4806,851,False,False,False,False
911,CSS_J074915.4+432724,EA,EA,False,False,0.6044841885368862,1.3435938426541232,131,395,True,False,False,False
912,CSS_J080901.9+391757,EW,EW,False,False,0.36690476494081287,1.0108612557911036,6468,6089,False,False,False,False
913,CSS_J122548.6+085515,RRc,RRc,False,False,0.3799399908383008,0.9804242090748938,4930,7746,False,False,False,False
914,CSS_J050731.9+131629,EW,EW,False,False,0.38604168498222513,1.0147344846289788,4276,5832,False,False,False,False
915,CSS_J013709.4+001208,RRab,RRab,False,False,0.4125251317831277,1.0251612380401658,2523,5261,False,False,False,False
916,CSS_J053212.1+021546,EW,EW,False,False,0.38221723010782505,1.1483758118157044,4671,1652,False,False,False,False
917,CSS_J211041.4+082925,LPV,LPV,False,False,0.5980085650620076,0.9680778469452311,137,7972,True,False,False,False
918,CSS_J120426.0+231809,EA,EA,False,False,0.4699416910246846,1.1543538365825416,937,1566,False,False,False,False
919,CSS_J175103.8+293709,RRab,RRab,False,False,0.4388897438293414,1.0266456783270872,1605,5172,False,False,False,False
920,CSS_J071200.6+423538,EW,EW,False,False,0.3703673187695754,0.9945037573514417,6050,7062,False,False,False,False
921,CSS_J231722.5+244907,EW,EW,False,False,0.38193080612685115,1.1503262195592878,4698,1621,False,False,False,False
922,CSS_J165304.6+551056,EW,EW,False,False,0.4983020818195892,1.057804129401528,550,3775,False,False,False,False
923,CSS_J050903.8+090512,EA,EA,False,False,0.5035997073619056,0.9794694631023126,513,7776,False,False,False,False
924,CSS_J181701.4+514940,EW,EW,False,False,0.36634801041495785,1.0391317391898094,6541,4568,False,False,False,False
925,CSS_J035809.9-152530,RRc,EW,True,False,0.37398198334369126,1.071402620958584,5595,3290,False,False,False,False
926,CSS_J170045.6+005408,EW,EW,False,False,0.38609373628210486,0.9988505455890199,4267,6821,False,False,False,False
927,CSS_J041801.3+041113,EW,EW,False,False,0.35912404130365794,1.0264420500767408,7313,5187,False,False,False,False
928,CSS_J144430.9+423954,EW,EW,False,False,0.3708518983227696,1.0535268249287326,5993,3925,False,False,False,False
929,CSS_J080553.1+204712,EW,EW,False,False,0.3674895865943979,1.0029756846361997,6399,6585,False,False,False,False
930,CSS_J224813.6+154120,RRc,EW,True,False,0.36396158396454914,1.0846429742507326,6800,2919,False,False,False,False
931,CSS_J220814.1+001540,EW,EW,False,False,0.36530202479094065,0.9872819486279484,6656,7454,False,False,False,False
932,CSS_J045147.0+152148,EW,EW,False,False,0.3635572424591091,1.047370386010027,6847,4206,False,False,False,False
933,CSS_J231108.6+190614,EW,EW,False,False,0.35257667529397385,1.046184405141358,7833,4261,False,False,False,False
934,CSS_J203642.2-140414,EW,EW,False,False,0.46504712653461977,1.084734516628317,1028,2914,False,False,False,False
935,CSS_J045823.2+214127,RRab,RRab,False,False,0.4908769679272502,1.0426469891636831,636,4428,False,False,False,False
936,CSS_J053553.4+044532,EA,EA,False,False,0.4422952792592022,1.0966221349005618,1519,2617,False,False,False,False
937,CSS_J011651.8+350039,EW,EW,False,False,0.3921621655328947,1.0665077277065493,3735,3469,False,False,False,False
938,CSS_J080558.7+044236,EW,EW,False,False,0.3894529379335295,1.0584287059768909,3951,3752,False,False,False,False
939,CSS_J045821.4+084821,EA,EA,False,False,0.4974274319404368,0.9904035047434091,558,7296,False,False,False,False
940,CSS_J025525.8+075058,EW,EW,False,False,0.40006182358224224,1.006640569273734,3168,6344,False,False,False,False
941,CSS_J064541.1+551316,EW,EW,False,False,0.3573779961349144,1.0031535875149138,7482,6574,False,False,False,False
942,CSS_J074600.2+345504,EW,EW,False,False,0.3957832289773292,0.992169054950877,3445,7188,False,False,False,False
943,CSS_J040254.4-181130,EW,EW,False,False,0.369982486119903,1.005765041376009,6094,6417,False,False,False,False
944,CSS_J215159.1+161738,EW,EW,False,False,0.3741870312452601,1.035007039845339,5572,4757,False,False,False,False
945,CSS_J023449.2+201024,EW,EW,False,False,0.3739916480658613,1.0596360898817794,5593,3704,False,False,False,False
946,CSS_J161910.1-144628,EA,EA,False,False,0.4560177432871087,0.9871898409790717,1193,7462,False,False,False,False
947,CSS_J235444.8+305751,EA,EA,False,False,0.42962212391891685,0.9747187409346514,1869,7884,False,False,False,False
948,CSS_J022313.4+300149,RRab,RRab,False,False,0.3915164553165793,1.1286611849578432,3789,1944,False,False,False,False
949,CSS_J003938.4+300940,RRc,RRc,False,False,0.3762417580097531,1.032613818011437,5325,4883,False,False,False,False
950,CSS_J131817.1-123826,EW,EW,False,False,0.4507734806196536,1.3491903634289635,1311,379,False,False,False,False
951,CSS_J153916.1+454945,EW,EW,False,False,0.45518874303920287,1.1776771677266387,1215,1285,False,False,False,False
952,CSS_J142129.6+371121,EW,EW,False,False,0.5374659479745074,1.2311403209786043,306,854,False,False,False,False
953,CSS_J045321.5+061856,RRab,EW,True,False,0.4708708516241142,1.0686051741160678,918,3390,False,False,False,False
954,CSS_J012913.5+395833,EW,EW,False,False,0.35509901843982666,1.0704893746179927,7671,3322,False,False,False,False
955,CSS_J050559.1+095339,EW,EW,False,False,0.43372685382866344,1.0057152794570976,1732,6421,False,False,False,False
956,CSS_J070158.9+342757,EW,EW,False,False,0.4077117721446399,1.1171598467020512,2752,2160,False,False,False,False
957,CSS_J170044.7-021947,EA,EA,False,False,0.4962950825954976,1.0468455383672761,568,4228,False,False,False,False
958,CSS_J072718.7+415517,EA,EA,False,False,0.4508024372252556,1.0549888633323126,1310,3884,False,False,False,False
959,CSS_J035732.8+225110,EW,EW,False,False,0.4636768513583817,1.2345800979687696,1057,833,False,False,False,False
960,CSS_J180211.1+352616,EW,EW,False,False,0.4077977620240671,1.2447996974926512,2748,782,False,False,False,False
961,CSS_J124501.6-090810,EW,EW,False,False,0.37120436394547596,1.1598285875234038,5949,1510,False,False,False,False
962,CSS_J003757.8+081857,EW,EW,False,False,0.36503338105374716,1.0313299036501045,6686,4956,False,False,False,False
963,CSS_J204438.0-013327,EW,EA,True,False,0.4645224046747367,1.1280057526353118,1036,1956,False,False,False,False
964,CSS_J051835.8+073613,RS CVn,EW,True,True,0.5469333826146121,2.1534411122784114,268,15,False,True,False,False
965,CSS_J024532.7+263721,EA,EA,False,False,0.4111292555445298,1.0036632069427665,2590,6549,False,False,False,False
966,CSS_J074617.8+640659,EW,EW,False,False,0.40793227893928896,1.0467924729961657,2742,4231,False,False,False,False
967,CSS_J073742.9+373606,EW,EW,False,False,0.4134207283458243,0.9904721593869276,2484,7291,False,False,False,False
968,CSS_J114619.3+161202,EW,EW,False,False,0.3900384363866619,1.0459415838970727,3900,4269,False,False,False,False
969,CSS_J065502.1+364421,EA,EA,False,False,0.42878993107412217,1.0015000996905141,1894,6668,False,False,False,False
970,CSS_J031749.2+342600,EW,EW,False,False,0.387427223946271,1.0306178016161929,4138,4991,False,False,False,False
971,CSS_J002601.5+254659,EW,EW,False,False,0.39836840891498365,1.1495230955412565,3280,1630,False,False,False,False
972,CSS_J024035.4+262424,EW,EW,False,False,0.40821223096046566,1.007233305341275,2730,6310,False,False,False,False
973,CSS_J012419.6+011505,EW,EW,False,False,0.43816839836722526,1.0667011640144108,1623,3458,False,False,False,False
974,CSS_J220715.4+201233,EW,EW,False,False,0.35175310085862344,1.0348366902077328,7876,4765,False,False,False,False
975,CSS_J204734.2-030903,EW,EW,False,False,0.42880446884712403,1.1008751254821678,1893,2515,False,False,False,False
976,CSS_J091717.7+582532,EW,EW,False,False,0.4268580309156749,1.0619438530797995,1955,3632,False,False,False,False
977,CSS_J100737.3-061017,EW,EW,False,False,0.3831679065735489,0.9871681312313774,4588,7465,False,False,False,False
978,CSS_J163732.4+131334,EW,EW,False,False,0.43691343139604505,1.0075240499624654,1649,6292,False,False,False,False
979,CSS_J074517.6+222029,EW,EW,False,False,0.4014497181958014,1.189334837873596,3094,1158,False,False,False,False
980,CSS_J093600.5+250012,EW,EW,False,False,0.36184099365565375,1.0046824417167435,7017,6483,False,False,False,False
981,CSS_J054728.0+023308,RS CVn,RS CVn,False,True,0.4545678545229577,1.0029722496140825,1221,6586,False,False,False,False
982,CSS_J021300.6+051716,EW,EW,False,False,0.46388908205931767,1.1119648261983186,1047,2265,False,False,False,False
983,CSS_J231320.4+023856,RRc,EW,True,False,0.39715974277649146,1.1648533819919806,3358,1438,False,False,False,False
984,CSS_J103912.8-084322,EW,EW,False,False,0.38870541494111427,1.073174215722201,4020,3240,False,False,False,False
985,CSS_J080452.5+440723,EW,EW,False,False,0.3879046619731011,1.091889230010494,4095,2726,False,False,False,False
986,CSS_J023638.8+383443,EW,EW,False,False,0.39572206876686233,1.2438874527371235,3449,788,False,False,False,False
987,CSS_J081538.3+185923,EW,EW,False,False,0.4049252161752315,1.17613524063782,2890,1300,False,False,False,False
988,CSS_J165506.3+333001,EW,EW,False,False,0.3716563654881789,1.103103720760724,5882,2453,False,False,False,False
989,CSS_J025915.4+045816,EW,EW,False,False,0.37183949214748874,1.0455858704223837,5853,4283,False,False,False,False
990,CSS_J172402.6+010709,RRab,RRab,False,False,0.36866121543964536,1.340996545079139,6254,404,False,False,False,False
991,CSS_J164357.7+261744,EA,EW,True,False,0.42715237017894364,1.174698499668996,1945,1313,False,False,False,False
992,CSS_J203427.1-055406,EW,EW,False,False,0.370741964604262,1.2380929385725747,6014,811,False,False,False,False
993,CSS_J213722.3-025758,EW,EW,False,False,0.37623104091038956,1.072403301813398,5329,3269,False,False,False,False
994,CSS_J173333.0+252446,EW,EW,False,False,0.3843541575292392,1.0361043746979846,4450,4707,False,False,False,False
995,CSS_J171753.2+435119,RS CVn,RS CVn,False,True,0.5103808825930837,1.3426905954948087,454,399,False,False,False,False
996,CSS_J232849.8+133634,RRc,RRc,False,False,0.3948634158982314,1.1529502049715945,3520,1590,False,False,False,False
997,CSS_J051011.8+192441,EW,EW,False,False,0.3594997426383166,1.0376241952690144,7275,4638,False,False,False,False
998,CSS_J181432.6+474251,EW,EW,False,False,0.40668236416493747,1.1208742352598615,2800,2080,False,False,False,False
999,CSS_J224033.7+321047,EW,EW,False,False,0.3768673197450056,1.0367617954454946,5250,4680,False,False,False,False
1000,CSS_J203624.7-101559,EA,EA,False,False,0.5675740583972623,1.327896258381166,204,434,False,False,False,False
1001,CSS_J074743.1+142456,EW,EW,False,False,0.44233371828367496,1.0525089917468582,1517,3988,False,False,False,False
1002,CSS_J142259.2+194921,EW,EW,False,False,0.3571492072547859,0.980900412354156,7505,7733,False,False,False,False
1003,CSS_J022821.4+270113,EW,EW,False,False,0.3614613014047052,1.029719663945308,7062,5020,False,False,False,False
1004,CSS_J135534.5+145009,RRd,RRd,False,True,0.37963204153746843,1.124624386217277,4964,2016,False,False,False,False
1005,CSS_J033131.4+142752,EW,EW,False,False,0.36811469164222677,0.9852260390174477,6336,7568,False,False,False,False
1006,CSS_J151610.9+372208,EW,EW,False,False,0.4332279149196536,1.0169678116907894,1748,5706,False,False,False,False
1007,CSS_J133347.1-142601,RRc,EW,True,False,0.4532031680871614,1.1623592124941133,1257,1473,False,False,False,False
1008,CSS_J050214.7+084824,EW,EW,False,False,0.38806631654369983,1.0155514390339218,4081,5779,False,False,False,False
1009,CSS_J072058.9+323628,EA,EA,False,False,0.48422516755572204,1.0110005657704961,713,6072,False,False,False,False
1010,CSS_J162505.4+335908,EW,EW,False,False,0.37798348204992993,1.2233205417987931,5132,909,False,False,False,False
1011,CSS_J210745.6-032253,EW,EW,False,False,0.39868748286051625,1.25951116320663,3254,711,False,False,False,False
1012,CSS_J165724.7+064358,EW,EW,False,False,0.36849805018331,1.0133277293728216,6284,5920,False,False,False,False
1013,CSS_J153923.7+570645,RRab,RRab,False,False,0.4136315376269726,1.0282316760529495,2469,5097,False,False,False,False
1014,CSS_J003102.1+250220,EW,EW,False,False,0.3716951195812652,1.067749321198014,5878,3417,False,False,False,False
1015,CSS_J075714.1+141905,EW,EW,False,False,0.4446784901920674,1.0663003060095548,1456,3475,False,False,False,False
1016,CSS_J164913.9+190055,RS CVn,RS CVn,False,True,0.5591723844800353,1.3521573826570454,227,371,False,False,False,False
1017,CSS_J052254.9-122036,EW,EW,False,False,0.3771488987585488,1.1634535302001534,5217,1456,False,False,False,False
1018,CSS_J073851.3+234808,EW,EW,False,False,0.3585876736151661,1.3596459404840366,7364,350,False,False,False,False
1019,CSS_J022540.6+064230,EW,EW,False,False,0.3750267774261388,1.0392223408067156,5460,4564,False,False,False,False
1020,CSS_J084536.0+201300,EW,EW,False,False,0.39191404171527044,1.143146344781622,3754,1720,False,False,False,False
1021,CSS_J020606.9-040009,RRc,RRc,False,False,0.3632122172327795,1.0174693651443152,6877,5683,False,False,False,False
1022,CSS_J041827.5-063512,EW,EW,False,False,0.35184013910128753,1.0737741111150532,7871,3225,False,False,False,False
1023,CSS_J204602.1-100231,EW,EW,False,False,0.36311792752001804,0.9871300249048252,6888,7469,False,False,False,False
1024,CSS_J045115.5+141549,EW,EW,False,False,0.39786616139981795,1.0087922414590749,3313,6206,False,False,False,False
1025,CSS_J141226.6+000320,RRab,RRab,False,False,0.43221516541813615,0.9778423044108241,1779,7828,False,False,False,False
1026,CSS_J011831.0+374810,EW,EW,False,False,0.38242979879160516,1.163444562091638,4653,1457,False,False,False,False
1027,CSS_J221652.1+222932,EW,EW,False,False,0.48352707947812323,1.3132578599290765,723,476,False,False,False,False
1028,CSS_J221352.2-065817,EW,EW,False,False,0.37806588151133036,0.9891636285524757,5119,7353,False,False,False,False
1029,CSS_J135120.2-171709,RRc,EW,True,False,0.3689856635280242,1.0706433772530488,6219,3319,False,False,False,False
1030,CSS_J041414.6+360135,EW,EW,False,False,0.574398833132803,1.1180837766314762,181,2143,False,False,False,False
1031,CSS_J172201.8+172050,EW,EW,False,False,0.3696993280355578,1.0990976445944347,6126,2560,False,False,False,False
1032,CSS_J080817.4+214053,EA,EA,False,False,0.4834957451286354,1.1017202243947206,725,2493,False,False,False,False
1033,CSS_J005355.2+402616,EW,EW,False,False,0.38821826391453323,0.9931264993546876,4063,7132,False,False,False,False
1034,CSS_J042757.9+391436,EW,EW,False,False,0.4670967353150954,1.2166310769926736,988,961,False,False,False,False
1035,CSS_J212804.6+012828,EA,EA,False,False,0.4769833833477589,1.0843018461216052,831,2927,False,False,False,False
1036,CSS_J173010.4+102904,RRab,RRab,False,False,0.46809219699013466,1.0079311124084014,970,6267,False,False,False,False
1037,CSS_J044414.5-120717,EW,EW,False,False,0.37292404781489635,1.0048227118277846,5719,6474,False,False,False,False
1038,CSS_J041135.5-043342,EW,EW,False,False,0.4349839973366549,1.0594955854592796,1696,3711,False,False,False,False
1039,CSS_J210216.8-055504,EW,EW,False,False,0.36448776687666135,0.9946862507525225,6742,7053,False,False,False,False
1040,CSS_J082058.4+505929,EA,EA,False,False,0.43862344832432476,1.0003346506473934,1609,6738,False,False,False,False
1041,CSS_J210630.2+032517,RRc,EW,True,False,0.3807520156977118,1.186409653914183,4837,1192,False,False,False,False
1042,CSS_J233159.6+155334,RRc,RRc,False,False,0.40698233251352084,1.0944639460352361,2785,2661,False,False,False,False
1043,CSS_J091353.1+435421,EW,EW,False,False,0.35353789156889814,0.9902123242190575,7789,7304,False,False,False,False
1044,CSS_J222800.5+000419,EW,EW,False,False,0.3534749072293294,1.0199660273279507,7790,5523,False,False,False,False
1045,CSS_J170206.0+072359,EW,RRc,True,False,0.37134079435045736,1.0019414759343266,5926,6654,False,False,False,False
1046,CSS_J213806.1+134427,EW,EW,False,False,0.424347106878464,1.0372198243905217,2041,4657,False,False,False,False
1047,CSS_J204421.0-183755,RRab,RRab,False,False,0.45757883866462534,1.168755995146832,1165,1388,False,False,False,False
1048,CSS_J165326.8+030655,EW,EW,False,False,0.3588464368924864,0.9788088290802606,7339,7801,False,False,False,False
1049,CSS_J224702.7+244156,RS CVn,RS CVn,False,True,0.49252610104221023,1.2634937309674312,613,687,False,False,False,False
1050,CSS_J075309.6+373943,EW,EW,False,False,0.38232424934733034,1.0065176539277307,4660,6354,False,False,False,False
1051,CSS_J082843.9+240134,EW,EW,False,False,0.37370625443498234,1.0250504732513945,5630,5265,False,False,False,False
1052,CSS_J215244.5+184757,RS CVn,RS CVn,False,True,0.39289136739447794,1.0493944653927239,3678,4118,False,False,False,False
1053,CSS_J092032.5-133230,EW,EW,False,False,0.36434332698495947,1.1472268101242533,6761,1676,False,False,False,False
1054,CSS_J161053.9-084958,RRc,RRc,False,False,0.40575866394032095,1.0246579020246749,2841,5283,False,False,False,False
1055,CSS_J205546.2+080651,EW,EW,False,False,0.3886817725953317,1.0457653697264797,4024,4275,False,False,False,False
1056,CSS_J091942.3-061506,RRc,RRc,False,False,0.37160364209385904,1.065641719501443,5890,3501,False,False,False,False
1057,CSS_J124438.2+393618,EA,EA,False,False,0.4168603832198065,1.0398434404508792,2329,4540,False,False,False,False
1058,CSS_J071722.4+360118,EW,EW,False,False,0.39000224995181665,1.0323748222076483,3904,4898,False,False,False,False
1059,CSS_J172257.7+223233,EW,EW,False,False,0.36544588410256024,1.007074344369868,6639,6318,False,False,False,False
1060,CSS_J022640.3+252345,EW,EW,False,False,0.38758431393042353,1.0237579001628518,4121,5327,False,False,False,False
1061,CSS_J143515.0-042347,EW,EW,False,False,0.447000485504573,1.1171943224794343,1398,2159,False,False,False,False
1062,CSS_J052511.5-111415,EW,EW,False,False,0.3765381186502129,0.998585264450278,5293,6842,False,False,False,False
1063,CSS_J232607.4+145235,EW,EW,False,False,0.37231656340606156,1.0100198601601282,5783,6134,False,False,False,False
1064,CSS_J071100.0+482608,EW,EW,False,False,0.43830086410009217,1.1091561745649405,1619,2315,False,False,False,False
1065,CSS_J080157.1+441438,EW,EW,False,False,0.3698817778922574,1.025451918194225,6108,5241,False,False,False,False
1066,CSS_J013146.5+035320,EW,EW,False,False,0.3650328616108166,1.0055658998993409,6687,6430,False,False,False,False
1067,CSS_J220451.0+100731,EA,EA,False,False,0.4310682662058775,0.9982066933853824,1819,6866,False,False,False,False
1068,CSS_J032648.8+210722,EW,EW,False,False,0.4404833795929012,1.0185796429638903,1563,5599,False,False,False,False
1069,CSS_J074658.2+474618,EA,EA,False,False,0.49013670475689014,1.068545249723043,644,3391,False,False,False,False
1070,CSS_J175814.1+273432,EW,EW,False,False,0.4059744660163139,1.3053491624006182,2832,507,False,False,False,False
1071,CSS_J175446.4+424222,EW,EW,False,False,0.3904819294988897,1.1642436241750516,3868,1445,False,False,False,False
1072,CSS_J073625.2+614626,EW,EA,True,False,0.4279315911247962,0.9872584674139009,1918,7456,False,False,False,False
1073,CSS_J143744.6-171548,RRc,EA,True,False,0.42520934713006486,1.122412309649244,2018,2042,False,False,False,False
1074,CSS_J031147.7+314046,EW,EW,False,False,0.3732138230870585,0.9763705476936929,5690,7855,False,False,False,False
1075,CSS_J214608.1+080003,RS CVn,EW,True,True,0.4336016980991809,1.1430353250207599,1738,1723,False,False,False,False
1076,CSS_J120445.7+053632,EW,EW,False,False,0.40185825586585033,1.2353584191658633,3070,826,False,False,False,False
1077,CSS_J223527.1+111220,EA,EA,False,False,0.4945765088227878,1.0253537172868872,584,5246,False,False,False,False
1078,CSS_J032032.9+263443,EW,EW,False,False,0.590706077133544,1.8763337154226694,149,32,True,True,True,True
1079,CSS_J073703.2+230206,EW,EW,False,False,0.3685729449577804,1.062286665642143,6272,3619,False,False,False,False
1080,CSS_J154018.8-040928,RRab,RRab,False,False,0.5056687042466588,1.011739489418059,492,6021,False,False,False,False
1081,CSS_J031649.6+333014,EW,EW,False,False,0.3859603823128693,1.0287726077543822,4285,5068,False,False,False,False
1082,CSS_J220615.9+051131,EW,EW,False,False,0.35056612205055915,1.0347206749037683,7932,4766,False,False,False,False
1083,CSS_J044324.0+172513,EA,EA,False,False,0.4512246771532283,1.108915276147926,1304,2325,False,False,False,False
1084,CSS_J045917.0+234200,EW,EW,False,False,0.3739004730560536,0.997272066603012,5602,6907,False,False,False,False
1085,CSS_J143400.7+111630,RRab,RRab,False,False,0.4690438264331524,1.2077180688131377,955,1034,False,False,False,False
1086,CSS_J170618.9+174843,EA,EA,False,False,0.5012442700300681,1.1271269287612484,524,1973,False,False,False,False
1087,CSS_J210209.6-044134,EA,EA,False,False,0.4984042814881189,1.0426923256354612,549,4423,False,False,False,False
1088,CSS_J115337.4-095804,EW,EW,False,False,0.3884231242465303,1.0359448322145557,4042,4714,False,False,False,False
1089,CSS_J085605.7+163059,LPV,LPV,False,False,0.7078891669069127,1.7499399426810052,36,48,True,True,True,True
1090,CSS_J075104.6+314056,EA,EA,False,False,0.5556154695660632,1.1112832801657553,236,2279,False,False,False,False
1091,CSS_J052350.5+124811,EW,EW,False,False,0.3822623601886934,1.017651663908389,4664,5673,False,False,False,False
1092,CSS_J230736.2+234656,LPV,LPV,False,False,0.7426725057300877,1.3309388681497454,19,426,True,False,False,False
1093,CSS_J210029.6-143950,EW,EW,False,False,0.3911476019327357,1.0189349812217265,3821,5587,False,False,False,False
1094,CSS_J220725.2+040952,EA,EA,False,False,0.47014653733574663,1.086375370958876,932,2869,False,False,False,False
1095,CSS_J135526.9+325633,EA,EW,True,False,0.42538189079418715,1.6488873707817806,2007,67,False,True,False,False
1096,CSS_J093017.5+433407,EW,EW,False,False,0.3606506731501289,0.9670710751947768,7163,7976,False,False,False,False
1097,CSS_J081405.0+000826,EW,EW,False,False,0.37906127258736516,0.984462477168558,5015,7607,False,False,False,False
1098,CSS_J093308.4+292508,EA,EA,False,False,0.44755000662376,1.006465130170436,1385,6359,False,False,False,False
1099,CSS_J215601.9+001736,RRc,RRc,False,False,0.38990482890045386,1.022459838714988,3909,5394,False,False,False,False
1100,CSS_J091138.5+601358,EW,EW,False,False,0.438350273313472,1.202997072506554,1618,1070,False,False,False,False
1101,CSS_J124436.1+122312,RRc,RRc,False,False,0.42220440596819475,1.235485936389035,2126,824,False,False,False,False
1102,CSS_J044241.3+014058,EA,EA,False,False,0.49896538749215175,1.307290376071435,543,502,False,False,False,False
1103,CSS_J061440.6+640630,RRab,RRab,False,False,0.4217969841241803,0.9935041008732947,2138,7115,False,False,False,False
1104,CSS_J050225.1-080649,RS CVn,RS CVn,False,True,0.45712153485115914,1.1186718165153564,1176,2122,False,False,False,False
1105,CSS_J234218.5+402626,EW,EW,False,False,0.37077719674490084,1.065093377074684,6005,3520,False,False,False,False
1106,CSS_J014204.2+445907,EW,EW,False,False,0.3922175389542665,0.9951415169062905,3731,7024,False,False,False,False
1107,CSS_J163134.6+050136,RS CVn,EW,True,True,0.37864922037669635,0.9866816264104795,5056,7492,False,False,False,False
1108,CSS_J070607.8+401201,LPV,LPV,False,False,0.6473851793447726,1.1253979557043994,79,2001,True,False,False,False
1109,CSS_J041928.3+330714,EW,RRc,True,False,0.3764173993185571,0.9992205208230732,5308,6807,False,False,False,False
1110,CSS_J050148.9+153526,EW,RS CVn,True,False,0.41013549132527755,1.4123201211940581,2638,259,False,False,False,False
1111,CSS_J162103.2+263128,EW,EW,False,False,0.39030615523085244,1.0995113925736308,3881,2551,False,False,False,False
1112,CSS_J054109.5+053831,EW,EW,False,False,0.3765800072752618,1.191586564008733,5286,1144,False,False,False,False
1113,CSS_J213650.8+204617,RRab,EW,True,False,0.4540883928405123,1.0197157174839926,1237,5538,False,False,False,False
1114,CSS_J131431.4+451412,RRab,RRab,False,False,0.461860609153762,1.053517109293699,1087,3926,False,False,False,False
1115,CSS_J095820.9+183522,RRc,RRc,False,False,0.36549060616720036,1.0198503357851991,6637,5531,False,False,False,False
1116,CSS_J172051.9+143522,EW,EW,False,False,0.370083473235866,1.0214616846513616,6081,5446,False,False,False,False
1117,CSS_J142114.7+352838,EW,EW,False,False,0.4194983051418289,1.4241182827442072,2223,234,False,False,False,False
1118,CSS_J172758.2+361458,EA,EA,False,False,0.4484539566701502,0.9811486859009863,1358,7725,False,False,False,False
1119,CSS_J175407.7+381527,EW,EW,False,False,0.4275987184698814,1.077546893485557,1936,3126,False,False,False,False
1120,CSS_J210211.9+013810,EA,EA,False,False,0.4512949268726249,1.0193509969496428,1301,5561,False,False,False,False
1121,CSS_J050901.1+080252,EW,EW,False,False,0.4574944919763537,1.7052906412656863,1166,57,False,True,False,False
1122,CSS_J043643.8+375016,RRab,RRab,False,False,0.49257361218345724,1.3302119957752896,611,427,False,False,False,False
1123,CSS_J210525.8+065123,EW,EW,False,False,0.3504384265845112,0.9913673401532137,7936,7239,False,False,False,False
1124,CSS_J084205.9+212612,EW,EW,False,False,0.6445701311948592,1.2435537294367376,80,790,True,False,False,False
1125,CSS_J221304.1+211441,EW,EW,False,False,0.4112403419297415,1.1537303045136993,2582,1576,False,False,False,False
1126,CSS_J054831.6+013338,EW,EW,False,False,0.44848617549767716,1.1530035495230648,1357,1588,False,False,False,False
1127,CSS_J215301.8+212310,EW,EW,False,False,0.3565448028656904,0.9717006933689174,7552,7935,False,False,False,False
1128,CSS_J075511.4+052937,RRc,RRc,False,False,0.4281071204219002,1.0848171635937531,1912,2911,False,False,False,False
1129,CSS_J235941.5+283534,EW,EW,False,False,0.37184116939493045,1.167099428357014,5850,1412,False,False,False,False
1130,CSS_J082144.5+195013,EW,EW,False,False,0.3638970323126714,0.9874720201487877,6808,7439,False,False,False,False
1131,CSS_J051912.0+090308,RS CVn,EW,True,True,0.4111240852530684,1.0725661234016473,2592,3265,False,False,False,False
1132,CSS_J232503.1+313320,EW,EW,False,False,0.35705761495707583,0.9849971613219333,7514,7579,False,False,False,False
1133,CSS_J050724.0+030627,RRc,RRc,False,False,0.3579270877051305,1.0337897271256964,7437,4827,False,False,False,False
1134,CSS_J235007.1+004631,RRc,EW,True,False,0.37145342210587795,1.0611139713749227,5914,3654,False,False,False,False
1135,CSS_J010009.7+394329,EW,EW,False,False,0.46451397918193427,0.9708682052693332,1037,7948,False,False,False,False
1136,CSS_J164954.1+291929,EA,EA,False,False,0.4576340409951295,1.0934181874899915,1162,2679,False,False,False,False
1137,CSS_J172128.0+463759,EW,EW,False,False,0.3581600956277756,1.0275687944916756,7414,5128,False,False,False,False
1138,CSS_J084436.7+214510,EW,EW,False,False,0.35974811124766537,1.0089410489764374,7254,6191,False,False,False,False
1139,CSS_J103352.5+353324,EA,EA,False,False,0.41689470869611434,1.0124885996291217,2324,5967,False,False,False,False
1140,CSS_J211944.8-105527,EW,EW,False,False,0.3768826146416706,1.0636545783177713,5247,3563,False,False,False,False
1141,CSS_J170002.3+211855,RS CVn,RS CVn,False,True,0.4157500901568573,1.5561437981616417,2368,112,False,True,False,False
1142,CSS_J215021.7+213447,EW,RRc,True,False,0.3717235285137265,0.9845136325470609,5875,7606,False,False,False,False
1143,CSS_J051854.9+014017,EW,EW,False,False,0.39072087808504846,1.0160996674776674,3849,5753,False,False,False,False
1144,CSS_J044314.1-155252,EW,EW,False,False,0.3713273509788682,1.029776749058571,5929,5019,False,False,False,False
1145,CSS_J212102.3+153906,RRab,RRab,False,False,0.47127508252868333,1.3261560600827893,913,436,False,False,False,False
1146,CSS_J160838.6+174958,RS CVn,RS CVn,False,True,0.4667613688054175,1.0567091561548037,996,3816,False,False,False,False
1147,CSS_J163257.8+120358,RS CVn,RS CVn,False,True,0.6542403239582503,1.0716648744485782,72,3282,True,False,False,False
1148,CSS_J043834.9+202621,LPV,LPV,False,False,0.6879206181633477,0.9912700147607619,48,7244,True,False,False,False
1149,CSS_J224616.3-162802,EW,EW,False,False,0.3711457806824094,1.066483709096866,5960,3470,False,False,False,False
1150,CSS_J031419.2+225357,EW,EW,False,False,0.3609627105686101,1.0910395092576741,7126,2741,False,False,False,False
1151,CSS_J145022.7-031914,EW,EW,False,False,0.37734718910940307,1.0707747519605193,5196,3317,False,False,False,False
1152,CSS_J073653.1+471229,EA,EA,False,False,0.48127812221513294,1.0045272918655495,770,6492,False,False,False,False
1153,CSS_J224852.2+334034,EW,EW,False,False,0.3540887253675057,1.0951953132170413,7752,2642,False,False,False,False
1154,CSS_J044731.9+282228,EW,EW,False,False,0.37520658753906244,1.1264974636048872,5442,1981,False,False,False,False
1155,CSS_J071402.6+383850,EW,EW,False,False,0.41163694776212667,1.1434593148282777,2563,1719,False,False,False,False
1156,CSS_J233457.5+312029,RRc,RRc,False,False,0.40519049619741027,1.5840592458617695,2876,97,False,True,False,False
1157,CSS_J224059.3-070624,EA,EA,False,False,0.44096310972397834,1.0084841987064976,1550,6228,False,False,False,False
1158,CSS_J031451.8+203221,EA,EA,False,False,0.5856535533889092,1.089271081243008,159,2799,True,False,False,False
1159,CSS_J101613.6+261049,RRc,EW,True,False,0.3948233810582026,1.093396456910521,3524,2681,False,False,False,False
1160,CSS_J103154.1-012747,EW,EW,False,False,0.38772744243857055,1.0372810865407054,4109,4654,False,False,False,False
1161,CSS_J044007.0-013300,EW,EW,False,False,0.3549714879830803,0.9919869326777337,7680,7203,False,False,False,False
1162,CSS_J170139.1+243948,EA,EA,False,False,0.40463761464641823,0.9908145926836323,2911,7267,False,False,False,False
1163,CSS_J100857.2+282754,EW,EW,False,False,0.3550912473792899,1.0551151926993738,7673,3877,False,False,False,False
1164,CSS_J072602.7+294006,EW,EW,False,False,0.37126916358738415,0.981147170368251,5940,7727,False,False,False,False
1165,CSS_J173818.8+371939,EW,EW,False,False,0.3825065709599313,1.079699664146159,4642,3055,False,False,False,False
1166,CSS_J162428.3+381827,EW,EW,False,False,0.3714780900032723,1.0757431215544093,5910,3176,False,False,False,False
1167,CSS_J021242.1+241842,EW,EW,False,False,0.3747867754540064,1.1886463996585284,5497,1170,False,False,False,False
1168,CSS_J014248.1-152355,EW,EW,False,False,0.39030121584148614,1.0518332383073026,3882,4013,False,False,False,False
1169,CSS_J002056.0+270925,EW,EW,False,False,0.3500491960294737,0.9923298661435528,7950,7176,False,False,False,False
1170,CSS_J111247.7+025037,EW,EW,False,False,0.3644728515947677,1.0016151750094748,6743,6665,False,False,False,False
1171,CSS_J091119.8+322833,EW,EW,False,False,0.37787382475600206,1.3875527983550824,5146,299,False,False,False,False
1172,CSS_J110743.5+211351,EW,EW,False,False,0.38539501916507674,1.059557185963276,4343,3709,False,False,False,False
1173,CSS_J093541.4-015450,EW,EW,False,False,0.38346336003151416,1.0558728373657418,4552,3847,False,False,False,False
1174,CSS_J224227.6+140315,RRc,RRc,False,False,0.3746889666255612,1.0138161670587267,5504,5892,False,False,False,False
1175,CSS_J175918.9+641226,EW,EW,False,False,0.35957842415333985,1.0436237940709066,7269,4374,False,False,False,False
1176,CSS_J081604.9+191409,EW,EW,False,False,0.38940361098038423,1.0152958643980738,3955,5793,False,False,False,False
1177,CSS_J212341.3-164727,EW,EW,False,False,0.392759460770878,1.093067622969159,3688,2688,False,False,False,False
1178,CSS_J105126.1+485645,EW,EW,False,False,0.37145207768773725,0.9870650522340823,5915,7474,False,False,False,False
1179,CSS_J141753.9-115619,EW,EW,False,False,0.35926952031181825,1.0729342228172984,7301,3251,False,False,False,False
1180,CSS_J170612.6+065617,EW,EW,False,False,0.34887025358578383,1.0208341616268264,7970,5481,False,False,False,False
1181,CSS_J054750.3+080843,EW,EW,False,False,0.36033542302563826,1.0691635904633372,7195,3372,False,False,False,False
1182,CSS_J051657.8+140734,EW,EW,False,False,0.3547003683427213,1.0738877284915398,7705,3222,False,False,False,False
1183,CSS_J210109.9-111203,EA,EA,False,False,0.4743521822654214,1.0129457487045896,866,5938,False,False,False,False
1184,CSS_J040531.7+345147,EW,EW,False,False,0.370058129893307,1.0049000558185717,6087,6468,False,False,False,False
1185,CSS_J033915.2+315628,EW,EW,False,False,0.4544749427654298,1.007739596272522,1222,6280,False,False,False,False
1186,CSS_J051516.5+191927,EA,EA,False,False,0.5457274015829974,1.0388356893263357,272,4583,False,False,False,False
1187,CSS_J082634.9+494640,RRc,RRc,False,False,0.3720730203433828,0.9733428460575639,5815,7913,False,False,False,False
1188,CSS_J111253.9-153709,EW,RRab,True,False,0.4008861961015363,1.0580261766905745,3118,3767,False,False,False,False
1189,CSS_J025858.1-041447,EW,EW,False,False,0.4130141752241922,1.0342659610330396,2499,4801,False,False,False,False
1190,CSS_J043203.8-111937,EW,EW,False,False,0.3567206991901831,0.9944919034341521,7540,7064,False,False,False,False
1191,CSS_J064848.8+353113,EW,EW,False,False,0.3969820610435087,0.9958010988118791,3369,6988,False,False,False,False
1192,CSS_J024721.8-011437,EW,EW,False,False,0.3801302168413729,1.0919009549126617,4901,2724,False,False,False,False
1193,CSS_J071358.2+351453,EW,EW,False,False,0.4124913540406509,1.1155910552509711,2524,2190,False,False,False,False
1194,CSS_J154020.0+192835,EW,EW,False,False,0.41818647656888086,1.0656352440493047,2275,3502,False,False,False,False
1195,CSS_J082207.7+135636,EW,EW,False,False,0.3558013714457652,1.0907958512662095,7629,2748,False,False,False,False
1196,CSS_J033348.1-011837,EW,EW,False,False,0.38773132050455966,1.0030175826299748,4108,6584,False,False,False,False
1197,CSS_J172411.3+200716,EW,EW,False,False,0.43165083423760175,1.2183000932278876,1798,951,False,False,False,False
1198,CSS_J220901.5+054552,EW,RRc,True,False,0.37019675541013847,1.0003398449162693,6067,6737,False,False,False,False
1199,CSS_J220532.8+293835,EW,EW,False,False,0.4057042614293072,1.1226735487353419,2843,2040,False,False,False,False
1200,CSS_J210957.5-183301,EW,EW,False,False,0.36039795734646995,1.0002789659871008,7189,6742,False,False,False,False
1201,CSS_J100234.6+025036,EW,EW,False,False,0.4932093770744586,1.223824057237815,604,902,False,False,False,False
1202,CSS_J030915.4+323119,EA,EA,False,False,0.4999206529663355,1.1415093125242861,537,1747,False,False,False,False
1203,CSS_J031942.7+174552,EW,EW,False,False,0.3745001141581018,1.0069814189420019,5532,6323,False,False,False,False
1204,CSS_J084908.8-103140,EW,EW,False,False,0.3854365500243869,1.1008964331543358,4335,2514,False,False,False,False
1205,CSS_J053617.7-062836,RS CVn,EW,True,True,0.5135778052987174,1.9779608184413644,429,21,False,True,False,False
1206,CSS_J165803.1-051716,EW,EW,False,False,0.37892403857394574,1.016403795098198,5027,5738,False,False,False,False
1207,CSS_J204506.2-061954,EW,EW,False,False,0.3844580953619384,0.9738245315686725,4436,7907,False,False,False,False
1208,CSS_J170027.5+220640,RRc,RRc,False,False,0.39201821020657074,1.007415659168047,3745,6300,False,False,False,False
1209,CSS_J040942.0+200204,RRc,EW,True,False,0.3749419783332488,1.0038514762972257,5477,6534,False,False,False,False
1210,CSS_J080155.6+504053,EW,EW,False,False,0.4311931184037934,1.5216159152667954,1815,138,False,True,False,False
1211,CSS_J005155.5-034811,EW,EW,False,False,0.3667921776528298,1.418874716073407,6487,242,False,False,False,False
1212,CSS_J083643.8-020144,EW,EW,False,False,0.3874766454306096,0.9826312210341795,4134,7673,False,False,False,False
1213,CSS_J213051.3-190822,EW,EW,False,False,0.3772680774724986,1.0066632828466398,5210,6338,False,False,False,False
1214,CSS_J084841.2+295041,EW,EW,False,False,0.3884796141379548,1.025555787218218,4040,5235,False,False,False,False
1215,CSS_J061047.3+460414,EW,EW,False,False,0.3673349850930019,1.0023062315000935,6413,6630,False,False,False,False
1216,CSS_J143634.6+411050,EW,EW,False,False,0.3530143439050977,0.98392270418663,7813,7626,False,False,False,False
1217,CSS_J045427.6-022519,EW,EW,False,False,0.396236914613506,1.0312793611168558,3411,4958,False,False,False,False
1218,CSS_J233447.6-183104,EW,EW,False,False,0.38977016745361776,1.0114171045059779,3922,6044,False,False,False,False
1219,CSS_J084212.3-085912,RRc,RRc,False,False,0.4343469711402438,1.1217592814955686,1716,2057,False,False,False,False
1220,CSS_J055844.1+041259,EW,EW,False,False,0.39729542284746644,1.0671297111897344,3348,3446,False,False,False,False
1221,CSS_J182240.2+360622,EW,EW,False,False,0.37322617689297105,1.126287432037421,5688,1988,False,False,False,False
1222,CSS_J050621.9+045721,RS CVn,RS CVn,False,True,0.39577678833697433,1.1613124959052175,3446,1484,False,False,False,False
1223,CSS_J132032.7+190922,RRc,RRc,False,False,0.3748241460168565,1.00444308071377,5493,6503,False,False,False,False
1224,CSS_J064831.9+400025,EW,EW,False,False,0.3918806335207226,1.0802770154615895,3759,3035,False,False,False,False
1225,CSS_J064407.9+434529,EW,EW,False,False,0.35460909271884355,1.0188293954334933,7716,5592,False,False,False,False
1226,CSS_J152007.9+105028,EW,EW,False,False,0.4252132249774375,1.1043911564437343,2017,2419,False,False,False,False
1227,CSS_J151002.8-194041,EW,EW,False,False,0.4331761812204134,1.237604839785728,1749,814,False,False,False,False
1228,CSS_J140609.6+033825,EW,EW,False,False,0.351844884458403,0.9946535185959455,7870,7057,False,False,False,False
1229,CSS_J204134.7-190518,EW,EW,False,False,0.3693340892187182,1.0598944590447443,6177,3690,False,False,False,False
1230,CSS_J225654.3+193858,EW,EW,False,False,0.4013779960039599,0.9952899408701572,3096,7019,False,False,False,False
1231,CSS_J012052.9+263141,EW,EW,False,False,0.373192671770858,1.034341673514285,5695,4793,False,False,False,False
1232,CSS_J174030.6+275056,RRc,RRc,False,False,0.39802723515360067,1.1153274313091628,3299,2198,False,False,False,False
1233,CSS_J014927.8+175031,EW,EW,False,False,0.40817689011322983,1.1006812550036393,2732,2518,False,False,False,False
1234,CSS_J050210.6-010707,EW,EW,False,False,0.3809489898343096,1.0288331356876255,4821,5064,False,False,False,False
1235,CSS_J100131.0+604030,EW,EW,False,False,0.36975767689583605,1.0148302341420403,6119,5821,False,False,False,False
1236,CSS_J042857.9+364855,EW,EW,False,False,0.47441886361087104,1.164621952774184,865,1442,False,False,False,False
1237,CSS_J001218.2+231608,EW,EW,False,False,0.39838063950842456,1.0755105809051737,3278,3182,False,False,False,False
1238,CSS_J032755.4+312602,EW,EA,True,False,0.5097280920648543,1.1907168378607906,464,1150,False,False,False,False
1239,CSS_J204410.7-192217,EW,EW,False,False,0.37973892519714103,1.221488186274248,4953,926,False,False,False,False
1240,CSS_J181409.2+390502,EW,EW,False,False,0.40896641809838874,1.3140593821125515,2697,473,False,False,False,False
1241,CSS_J233210.4+283935,EW,EW,False,False,0.3830144049733074,0.9993945443931347,4605,6801,False,False,False,False
1242,CSS_J125506.3+131440,EW,EW,False,False,0.3734871588642179,1.0417530886916253,5657,4465,False,False,False,False
1243,CSS_J165637.7+252821,EW,EW,False,False,0.3614446044093824,0.9905512695308852,7064,7280,False,False,False,False
1244,CSS_J160156.0+202821,EW,EW,False,False,0.41077188017213406,1.05578687590583,2617,3851,False,False,False,False
1245,CSS_J074820.5+471036,EW,EW,False,False,0.36089768829434116,1.014045210416128,7131,5875,False,False,False,False
1246,CSS_J005844.7+184329,EW,EW,False,False,0.39457502625749596,1.1950799949583337,3546,1119,False,False,False,False
1247,CSS_J073432.3+375636,EW,EW,False,False,0.4172364485106242,1.0159511515412596,2308,5760,False,False,False,False
1248,CSS_J070852.9+401054,EW,EW,False,False,0.37438981083771017,1.059301320581699,5546,3720,False,False,False,False
1249,CSS_J074315.4+303839,EW,EW,False,False,0.4496117535457678,1.4393623709166845,1332,220,False,False,False,False
1250,CSS_J074126.0+304005,EW,EW,False,False,0.4258629971927388,1.058247606184334,1996,3759,False,False,False,False
1251,CSS_J055527.2-153753,EA,EA,False,False,0.4047896298673735,1.0000754858821796,2901,6757,False,False,False,False
1252,CSS_J165250.9+213900,RRc,EW,True,False,0.38037385362837584,1.1505523749800193,4878,1618,False,False,False,False
1253,CSS_J151639.0+202323,EA,EA,False,False,0.4472455774452597,0.9897626129997624,1390,7324,False,False,False,False
1254,CSS_J175300.4+320144,EW,EW,False,False,0.35143049672673893,0.9916956637096487,7896,7221,False,False,False,False
1255,CSS_J092535.8+130834,EW,EW,False,False,0.3673898691201395,1.080542619998678,6409,3027,False,False,False,False
1256,CSS_J103925.0+391743,EA,EW,True,False,0.47681484556567766,2.1068006582805356,833,16,False,True,False,False
1257,CSS_J032222.7+244656,RS CVn,RS CVn,False,True,0.529173770487994,1.1413994552630728,346,1748,False,False,False,False
1258,CSS_J225828.7-121122,EW,EW,False,False,0.4073560942575905,1.057224792734224,2771,3799,False,False,False,False
1259,CSS_J071512.3+451103,EW,EW,False,False,0.4027883784716569,1.1138389924124028,3011,2227,False,False,False,False
1260,CSS_J152355.0+515202,RRab,RRab,False,False,0.4321666945878574,0.975577873387423,1780,7869,False,False,False,False
1261,CSS_J130453.2+153939,RRc,RRc,False,False,0.4009390611334613,1.092606010773784,3115,2702,False,False,False,False
1262,CSS_J084609.2-073613,EW,EA,True,False,0.5294261074310961,1.5159890793151147,344,147,False,True,False,False
1263,CSS_J205616.6-064500,EW,EW,False,False,0.41720587702403167,1.125442256109058,2310,2000,False,False,False,False
1264,CSS_J235945.5+303731,EA,EA,False,False,0.5683395408385069,1.0825656999290985,201,2974,False,False,False,False
1265,CSS_J053612.6-105652,EW,EW,False,False,0.3813614297249271,1.1134456948939562,4765,2234,False,False,False,False
1266,CSS_J032634.3+271604,EW,EW,False,False,0.3647581375511985,1.0921184639908714,6718,2716,False,False,False,False
1267,CSS_J220539.0+121447,RRab,RRab,False,False,0.381580898159422,1.0049320207059695,4739,6466,False,False,False,False
1268,CSS_J093356.9+335225,RRc,EW,True,False,0.43359565216685414,1.0219769738438729,1739,5415,False,False,False,False
1269,CSS_J225741.0-141229,RRd,EW,True,True,0.3933837542750917,1.0088968357089099,3641,6198,False,False,False,False
1270,CSS_J081304.1+230642,EA,EA,False,False,0.41266116292461513,1.1719540606688215,2520,1350,False,False,False,False
1271,CSS_J144038.1-150001,RRab,RRab,False,False,0.4720675349914759,1.140567360364219,901,1758,False,False,False,False
1272,CSS_J042006.6+062846,EW,EW,False,False,0.40610602473662627,0.9622656344213582,2823,7992,False,False,False,False
1273,CSS_J035620.9+235742,EW,EW,False,False,0.3884924976168379,0.9968404680786085,4038,6932,False,False,False,False
1274,CSS_J164814.1+470637,EW,EW,False,False,0.3925920421965329,1.0026373958336519,3702,6607,False,False,False,False
1275,CSS_J050836.9+041255,EA,EW,True,False,0.4413627099722746,1.0958112536734952,1537,2633,False,False,False,False
1276,CSS_J151356.7+343431,EW,EW,False,False,0.3690419928633807,0.9709732150429591,6212,7946,False,False,False,False
1277,CSS_J042153.8+194933,EW,EW,False,False,0.3717751103031113,1.078876348711069,5866,3083,False,False,False,False
1278,CSS_J074226.5+371817,EW,EW,False,False,0.38436038429327596,0.9888959616964534,4449,7365,False,False,False,False
1279,CSS_J132816.3-073640,RRc,RRc,False,False,0.41432741578885496,1.3190173728449743,2431,454,False,False,False,False
1280,CSS_J125947.8-091231,EW,EW,False,False,0.39781096550969136,1.1356815539757745,3317,1830,False,False,False,False
1281,CSS_J211214.2+051511,EW,EW,False,False,0.5244221664360699,1.2553150135378683,376,727,False,False,False,False
1282,CSS_J071604.7+465854,EA,EA,False,False,0.48806304848798093,1.0476582672860526,661,4196,False,False,False,False
1283,CSS_J054500.9+044335,EW,EW,False,False,0.39368087529822854,1.2943111870810047,3621,554,False,False,False,False
1284,CSS_J042723.3-075728,EW,EW,False,False,0.44816911168265333,1.0538171853043132,1367,3921,False,False,False,False
1285,CSS_J103118.8+293113,RRc,RRc,False,False,0.40320027468366426,1.101317418322173,2986,2503,False,False,False,False
1286,CSS_J222523.3+120442,EW,EW,False,False,0.37837219959596574,0.9862116465159069,5084,7517,False,False,False,False
1287,CSS_J153528.0-123808,EW,EW,False,False,0.3816443393157178,1.0538875230985802,4732,3918,False,False,False,False
1288,CSS_J123003.0+614035,EW,EW,False,False,0.42683935039511617,1.0543247734941876,1957,3906,False,False,False,False
1289,CSS_J164705.5+142634,EA,EA,False,False,0.5676448153751574,1.1583853270639861,203,1523,False,False,False,False
1290,CSS_J035657.3+081823,EW,EW,False,False,0.4710190813104252,0.9793481528179682,916,7778,False,False,False,False
1291,CSS_J150418.3+213757,RS CVn,EW,True,True,0.5160353359987657,1.4041815447856467,414,266,False,False,False,False
1292,CSS_J160417.7-080535,RRc,RRc,False,False,0.37182257085519876,1.1163499659630634,5861,2172,False,False,False,False
1293,CSS_J043424.8+082159,EW,EW,False,False,0.38439751665013766,1.0753586213911093,4443,3186,False,False,False,False
1294,CSS_J101716.1+105249,RRc,EW,True,False,0.36539899388633407,1.1141143314723831,6644,2220,False,False,False,False
1295,CSS_J071032.8+381205,EW,EW,False,False,0.4939888911018173,1.2893439330294452,594,576,False,False,False,False
1296,CSS_J133839.1+241105,EW,EW,False,False,0.4881683253728085,1.1955878986086692,659,1112,False,False,False,False
1297,CSS_J220238.7+092036,EW,EW,False,False,0.37821921706279865,1.0150133464453657,5098,5809,False,False,False,False
1298,CSS_J230158.4+350419,EW,EW,False,False,0.39732629729168045,1.112491907728021,3347,2256,False,False,False,False
1299,CSS_J160608.3-073939,EW,EW,False,False,0.37804932339762554,1.103085816290831,5121,2455,False,False,False,False
1300,CSS_J145308.1-151602,EW,EW,False,False,0.39235987930687877,1.1260284042132942,3719,1993,False,False,False,False
1301,CSS_J222913.7-180631,RRc,RRc,False,False,0.3895581624645147,1.041119396223891,3946,4488,False,False,False,False
1302,CSS_J133731.9-093732,EW,EW,False,False,0.3756018689388573,0.9979631041638084,5414,6875,False,False,False,False
1303,CSS_J222439.6+074425,EW,EW,False,False,0.37621594870239305,0.9976239395392099,5333,6889,False,False,False,False
1304,CSS_J213033.6+213159,EW,EW,False,False,0.3599064634191929,0.9892932440448308,7238,7346,False,False,False,False
1305,CSS_J091837.5+212121,EW,EW,False,False,0.40230910378921564,1.3050540385591856,3046,510,False,False,False,False
1306,CSS_J165104.1+421110,RRc,RRc,False,False,0.3723601275079064,1.0135312221352366,5777,5907,False,False,False,False
1307,CSS_J053217.9-155356,RS CVn,RS CVn,False,True,0.39605915277666487,1.2714974630043139,3426,646,False,False,False,False
1308,CSS_J153447.9+220006,EA,EW,True,False,0.3766790326917934,0.9909669834948336,5274,7260,False,False,False,False
1309,CSS_J065350.0+632759,EW,EW,False,False,0.37383325914463333,1.0735289110589072,5613,3231,False,False,False,False
1310,CSS_J082836.1+350242,EA,EA,False,False,0.4141979646879813,1.0285963071994906,2437,5076,False,False,False,False
1311,CSS_J224243.7+201317,EW,RS CVn,True,False,0.3875482893578767,1.1408523418866465,4126,1753,False,False,False,False
1312,CSS_J103834.8+065425,EW,EW,False,False,0.39840910026510157,1.105790750293024,3276,2394,False,False,False,False
1313,CSS_J163633.9+483000,EW,EW,False,False,0.3781278753430577,1.2087076020339365,5112,1026,False,False,False,False
1314,CSS_J092059.8-133339,EW,EW,False,False,0.3575345604098069,0.9992644614961017,7469,6806,False,False,False,False
1315,CSS_J080942.0+140555,EW,EW,False,False,0.4040485062338086,1.1260786435602737,2942,1990,False,False,False,False
1316,CSS_J221619.1+045541,EW,EW,False,False,0.37868142201156063,1.0123682422157227,5052,5978,False,False,False,False
1317,CSS_J042835.0+382816,RRc,EW,True,False,0.3990786192880781,1.195261183299921,3222,1115,False,False,False,False
1318,CSS_J223522.3-132729,RRc,RRc,False,False,0.4181831733524038,1.0877184285992942,2276,2840,False,False,False,False
1319,CSS_J070344.9+332505,EA,EA,False,False,0.42779223324175686,1.0596208671730303,1927,3705,False,False,False,False
1320,CSS_J010558.3+362222,EW,EW,False,False,0.35865103325923764,1.0180646294642464,7358,5638,False,False,False,False
1321,CSS_J091143.5+211726,EW,EW,False,False,0.4855329754212787,1.684145801775749,692,63,False,True,False,False
1322,CSS_J033938.3+294122,EW,EW,False,False,0.38589725994234864,1.1199544512954116,4294,2101,False,False,False,False
1323,CSS_J115656.8+152836,EW,EW,False,False,0.3732599089029565,0.9971439112475048,5682,6916,False,False,False,False
1324,CSS_J221342.5+144946,RRc,RRc,False,False,0.4358852921706887,1.1278831968278853,1677,1958,False,False,False,False
1325,CSS_J043211.6-123334,EW,EW,False,False,0.3545762189237365,1.0119939963234619,7718,6002,False,False,False,False
1326,CSS_J092840.8+240559,EW,EW,False,False,0.3571069430346208,0.9894750682389184,7509,7341,False,False,False,False
1327,CSS_J163450.8+210841,RRc,RRc,False,False,0.3655624852446311,1.005761586734556,6630,6418,False,False,False,False
1328,CSS_J180337.6+461857,EW,EW,False,False,0.35072183242272287,0.9834275491952587,7927,7644,False,False,False,False
1329,CSS_J082331.5-023347,EW,RRc,True,False,0.425987859883898,1.093512896318307,1990,2676,False,False,False,False
1330,CSS_J143434.8+130522,EW,EW,False,False,0.3656499514883158,1.05949531063369,6620,3712,False,False,False,False
1331,CSS_J233249.9+371544,EW,EW,False,False,0.37480400057096325,1.0380326161206717,5495,4618,False,False,False,False
1332,CSS_J220054.6+203310,EW,EW,False,False,0.375726456961686,1.0530708169717267,5396,3949,False,False,False,False
1333,CSS_J151543.4-074459,EW,RS CVn,True,False,0.565700601231451,1.0927661235993695,208,2694,False,False,False,False
1334,CSS_J214718.4-184649,EW,EW,False,False,0.4207428609460453,1.2652234141934513,2169,672,False,False,False,False
1335,CSS_J211711.1+160239,EW,EW,False,False,0.3690313837541131,1.0395901035700386,6214,4548,False,False,False,False
1336,CSS_J085604.7+130630,EW,EW,False,False,0.3985906339206743,1.16179836937187,3262,1478,False,False,False,False
1337,CSS_J044307.4-163128,EW,EW,False,False,0.3799319856765463,1.0257476242875943,4932,5226,False,False,False,False
1338,CSS_J175634.6+540134,RRab,RRab,False,False,0.4156130260542364,1.0109274483224666,2372,6080,False,False,False,False
1339,CSS_J065608.2+650243,EW,EW,False,False,0.3684029424089063,1.0985201966417164,6293,2576,False,False,False,False
1340,CSS_J210132.5+121931,EW,EW,False,False,0.3497775612575435,1.0258474573065546,7955,5220,False,False,False,False
1341,CSS_J053145.1-180236,RS CVn,EW,True,True,0.5296491743451407,1.5623010727036122,343,107,False,True,False,False
1342,CSS_J172248.5+212038,EW,EW,False,False,0.3667983318405295,1.08522136894592,6486,2903,False,False,False,False
1343,CSS_J005459.5+112001,EW,EW,False,False,0.3830677250623392,1.0889143937496624,4600,2807,False,False,False,False
1344,CSS_J023529.5+244425,EW,EW,False,False,0.357241378001549,0.9855682742781067,7494,7551,False,False,False,False
1345,CSS_J042513.7+270333,RRab,RRab,False,False,0.5087849384726795,1.0725969615087632,468,3262,False,False,False,False
1346,CSS_J172655.0+222053,EW,EW,False,False,0.40151581756734855,1.100016829316409,3090,2540,False,False,False,False
1347,CSS_J210535.7+032308,EW,EW,False,False,0.37878654395213246,1.0799941154945627,5043,3048,False,False,False,False
1348,CSS_J233114.7-020641,RS CVn,EW,True,True,0.468700475124332,1.061702225711508,963,3642,False,False,False,False
1349,CSS_J131712.6+142555,RRc,RRc,False,False,0.3866789856594491,1.0593387413940543,4207,3717,False,False,False,False
1350,CSS_J023103.8+075809,EW,EW,False,False,0.388292131172221,1.084089836490925,4056,2933,False,False,False,False
1351,CSS_J080509.8+390822,EW,EW,False,False,0.38585061846704294,1.0022945266463361,4299,6631,False,False,False,False
1352,CSS_J101144.3-071047,EW,EW,False,False,0.5318251110334682,1.2051181538393252,338,1051,False,False,False,False
1353,CSS_J210319.3-135229,EW,EW,False,False,0.38583455392901866,1.0211877618701588,4303,5466,False,False,False,False
1354,CSS_J063400.6+563208,EW,EW,False,False,0.35896041934912815,1.012363934964392,7329,5979,False,False,False,False
1355,CSS_J162005.2-014555,EW,EW,False,False,0.4041793333522684,1.1357227395238545,2934,1829,False,False,False,False
1356,CSS_J090329.5+054141,RRc,EW,True,False,0.35503193998452215,1.0144717211219934,7679,5847,False,False,False,False
1357,CSS_J093628.2-040213,EW,EW,False,False,0.38148247407237607,1.0682458474292527,4753,3401,False,False,False,False
1358,CSS_J090908.3+083729,EW,EW,False,False,0.3593464858120237,1.070828370328059,7295,3311,False,False,False,False
1359,CSS_J023033.7-050858,EW,EW,False,False,0.4338969420455537,1.1198836712075724,1727,2103,False,False,False,False
1360,CSS_J230607.3+254559,EA,EW,True,False,0.4400474314438796,1.009166579046075,1575,6170,False,False,False,False
1361,CSS_J051526.4+035108,EW,EW,False,False,0.36316554017585617,0.9907106183120826,6884,7270,False,False,False,False
1362,CSS_J022945.9-063705,EA,EA,False,False,0.44028365554118903,0.9725097814513701,1570,7929,False,False,False,False
1363,CSS_J093749.0+094113,EW,EW,False,False,0.3936286401878741,1.0151680910975975,3626,5803,False,False,False,False
1364,CSS_J220159.4+083712,RRc,RRc,False,False,0.4537157861791105,1.345356803012311,1245,388,False,False,False,False
1365,CSS_J045157.5+180338,LPV,RS CVn,True,False,0.5711351519801431,1.177851610341807,191,1284,False,False,False,False
1366,CSS_J225122.6+363450,EW,EW,False,False,0.36865909122765367,0.9731848143594432,6256,7918,False,False,False,False
1367,CSS_J130247.7+400659,EW,EW,False,False,0.35850256717318185,0.9832082819942711,7374,7657,False,False,False,False
1368,CSS_J053957.9+020329,EA,EA,False,False,0.5115631106267631,1.036886482317622,444,4673,False,False,False,False
1369,CSS_J050211.2+163519,EW,EW,False,False,0.359131375159437,1.0562690273475817,7312,3834,False,False,False,False
1370,CSS_J102217.6-063707,EA,EW,True,False,0.4910643055716055,1.1614554602819596,634,1482,False,False,False,False
1371,CSS_J223557.0+040022,EW,EW,False,False,0.43208203994488925,1.0337692414724247,1782,4829,False,False,False,False
1372,CSS_J044001.7+185051,EW,EW,False,False,0.40082459168125467,1.1845618269163325,3122,1216,False,False,False,False
1373,CSS_J214708.2+102906,EW,EW,False,False,0.4562963374739989,1.0284327803808238,1191,5090,False,False,False,False
1374,CSS_J083407.1+300102,EW,EW,False,False,0.3716645333740286,0.9988584153917597,5880,6820,False,False,False,False
1375,CSS_J055353.1-054819,EW,EA,True,False,0.4629188376945259,1.0309421700135915,1071,4974,False,False,False,False
1376,CSS_J055200.6-095723,EW,EW,False,False,0.3830942257604013,1.012048230602924,4598,6000,False,False,False,False
1377,CSS_J233353.5+115016,EW,EW,False,False,0.38095540042240983,1.2111994609073464,4816,1004,False,False,False,False
1378,CSS_J024116.8+380815,EA,EA,False,False,0.5351241224235964,1.0240622466151985,315,5309,False,False,False,False
1379,CSS_J165942.6+221509,EW,RS CVn,True,False,0.3895177102970015,1.1761271276777092,3948,1301,False,False,False,False
1380,CSS_J094625.2+174039,RRc,RRc,False,False,0.39834030180114915,1.0440655059382642,3282,4359,False,False,False,False
1381,CSS_J160521.0+171444,EW,EW,False,False,0.46706831884261546,0.9881376742369552,990,7407,False,False,False,False
1382,CSS_J141425.9+471000,RRab,RRab,False,False,0.5227963346838764,1.2444009169266363,380,783,False,False,False,False
1383,CSS_J103916.3+053427,EA,EW,True,False,0.3936670088464801,1.1530779732330836,3622,1586,False,False,False,False
1384,CSS_J145408.8+064251,RRc,RRc,False,False,0.38489736672042435,1.0332978989377837,4393,4849,False,False,False,False
1385,CSS_J223810.8+134351,RS CVn,EW,True,True,0.4280658393698483,1.1783326157625678,1914,1274,False,False,False,False
1386,CSS_J235525.3+410652,EW,EW,False,False,0.3686881722669935,1.1089797201212093,6249,2324,False,False,False,False
1387,CSS_J231043.2+292719,EW,EW,False,False,0.3680679602338028,0.984586093641664,6341,7603,False,False,False,False
1388,CSS_J095234.3+211729,EW,EW,False,False,0.4407276978398299,0.9955208391384902,1558,7008,False,False,False,False
1389,CSS_J231010.8+323205,EW,EW,False,False,0.3927092598201924,1.069926194281638,3691,3340,False,False,False,False
1390,CSS_J212921.5-135955,EW,EW,False,False,0.3898376377316298,1.0371054053373485,3917,4661,False,False,False,False
1391,CSS_J124520.2+035855,LPV,LPV,False,False,0.7085644195897746,1.106691305066632,35,2374,True,False,False,False
1392,CSS_J072611.6+523102,EW,EW,False,False,0.36238791470804893,1.0317070008422566,6961,4934,False,False,False,False
1393,CSS_J103251.6+274155,RS CVn,RS CVn,False,True,0.4430682036454583,1.0985538876421221,1503,2575,False,False,False,False
1394,CSS_J064538.9+643318,RRab,RRab,False,False,0.46250257928351507,1.0795222298307663,1077,3061,False,False,False,False
1395,CSS_J180626.8+542413,EW,EW,False,False,0.35982278189497463,1.0602322733994012,7245,3676,False,False,False,False
1396,CSS_J121141.8+100454,LPV,LPV,False,False,0.703120406504504,1.1113056691997198,41,2277,True,False,False,False
1397,CSS_J115141.6-010849,RRd,RRd,False,True,0.39901052670551795,1.0400306099018504,3229,4532,False,False,False,False
1398,CSS_J204758.3-051136,EW,EW,False,False,0.3893284736810467,1.0579486583990423,3960,3771,False,False,False,False
1399,CSS_J035104.3+351046,RS CVn,RS CVn,False,True,0.4853197446052798,1.0877702616094767,694,2837,False,False,False,False
1400,CSS_J053008.8+031619,EW,EW,False,False,0.3717547598544424,1.0283709424963714,5869,5092,False,False,False,False
1401,CSS_J083653.5+321033,EW,EW,False,False,0.3709886046135964,1.0239425911420499,5978,5317,False,False,False,False
1402,CSS_J010117.0+412729,RRc,RRc,False,False,0.36078417123626405,0.9774637462376259,7145,7837,False,False,False,False
1403,CSS_J082251.1+040114,EW,RRc,True,False,0.4126759552961815,0.9976365706143433,2518,6888,False,False,False,False
1404,CSS_J130017.4+071511,RRc,RRc,False,False,0.4145177299130402,1.158175938408252,2422,1526,False,False,False,False
1405,CSS_J175213.3+432629,RRc,EW,True,False,0.36538687118195934,1.0860484090608837,6646,2880,False,False,False,False
1406,CSS_J214211.5+170845,EW,EW,False,False,0.4761798890910155,1.2071585219339869,840,1036,False,False,False,False
1407,CSS_J205550.6-011947,RRc,EW,True,False,0.39156394566291725,1.5867642263295392,3786,93,False,True,False,False
1408,CSS_J051442.2-030431,EW,EW,False,False,0.3807657032224842,1.1031861317454505,4835,2449,False,False,False,False
1409,CSS_J050148.6+115027,EA,EA,False,False,0.5040952903407527,1.1167445811240977,510,2165,False,False,False,False
1410,CSS_J064636.3+581700,EW,EW,False,False,0.3922508022250243,1.1035848687700955,3729,2440,False,False,False,False
1411,CSS_J142510.6+121109,RRc,RRc,False,False,0.39157717780988965,1.0148417865664876,3783,5818,False,False,False,False
1412,CSS_J073225.0+285129,EW,EW,False,False,0.38202083912412216,1.145224825140124,4685,1702,False,False,False,False
1413,CSS_J154829.7-071618,EW,EW,False,False,0.38764695422818585,1.0564542268266843,4117,3825,False,False,False,False
1414,CSS_J204420.9-141324,EW,EW,False,False,0.377771928108878,1.1459163401859405,5159,1694,False,False,False,False
1415,CSS_J153624.4+410544,EW,EW,False,False,0.4328295227368055,1.0217015474552116,1760,5433,False,False,False,False
1416,CSS_J011601.0+164919,EA,EA,False,False,0.4314300331714862,1.0130425547538535,1804,5933,False,False,False,False
1417,CSS_J163212.7+443348,RRc,EW,True,False,0.3857234656286524,1.0888803768419706,4314,2809,False,False,False,False
1418,CSS_J182758.6+514537,RRab,RRab,False,False,0.48569570330692685,1.515245274138754,691,148,False,True,False,False
1419,CSS_J050234.3+292108,EW,EW,False,False,0.507816108236859,1.0718207266521338,479,3279,False,False,False,False
1420,CSS_J025756.8-163753,EW,EW,False,False,0.42217086941826965,1.0817167042942624,2127,2999,False,False,False,False
1421,CSS_J043041.1-082053,RRc,RRc,False,False,0.3743072730768987,1.267078285389141,5556,664,False,False,False,False
1422,CSS_J232706.4+305821,EW,EW,False,False,0.36363846770931274,1.1670396293346812,6836,1413,False,False,False,False
1423,CSS_J052549.5+140021,EW,EW,False,False,0.45656064830994136,1.0621596565151656,1187,3625,False,False,False,False
1424,CSS_J225936.6+080753,EW,EW,False,False,0.35365488565649517,0.9761944773241644,7779,7858,False,False,False,False
1425,CSS_J053030.4-090225,EW,EW,False,False,0.4059132311127926,1.0245674190373673,2834,5289,False,False,False,False
1426,CSS_J110307.7+010829,RRc,RRc,False,False,0.36412247990473434,1.1624389350982842,6777,1469,False,False,False,False
1427,CSS_J020014.3+260505,EW,EW,False,False,0.3990820656440935,1.316884549776192,3221,461,False,False,False,False
1428,CSS_J004124.7-064536,RRc,EW,True,False,0.43394059205403174,1.033747111557014,1724,4830,False,False,False,False
1429,CSS_J051345.6+232250,EW,EW,False,False,0.3672190081149616,0.9956628547883366,6428,6996,False,False,False,False
1430,CSS_J131116.6+191650,RS CVn,RS CVn,False,True,0.5334498225317381,0.9774117931764816,324,7838,False,False,False,False
1431,CSS_J080710.5+381032,EW,EW,False,False,0.40296089397580376,1.044319682158347,3002,4349,False,False,False,False
1432,CSS_J004033.0+410143,EW,EW,False,False,0.3733788577449471,0.9909999185531356,5669,7259,False,False,False,False
1433,CSS_J074437.0+302318,EA,EA,False,False,0.48985130101807633,1.2038550545553401,647,1058,False,False,False,False
1434,CSS_J025412.2+271807,EW,EW,False,False,0.35650529741670334,1.0544956462527533,7564,3897,False,False,False,False
1435,CSS_J151905.1+174626,EW,EW,False,False,0.36399212326652175,1.0313407233546503,6793,4954,False,False,False,False
1436,CSS_J142953.1+045444,EW,EW,False,False,0.3533918180678871,1.0537997514759874,7795,3922,False,False,False,False
1437,CSS_J044841.6-031056,EW,EW,False,False,0.35681670459897374,1.0455978985219332,7531,4282,False,False,False,False
1438,CSS_J130607.9-101140,EW,EW,False,False,0.38547680479868024,1.0314416742120243,4332,4945,False,False,False,False
1439,CSS_J161956.7+504320,EW,EW,False,False,0.35949903813276113,1.0209399004943995,7276,5476,False,False,False,False
1440,CSS_J125331.2-035626,RRd,RRc,True,True,0.3685368647285666,1.2230644403558746,6275,911,False,False,False,False
1441,CSS_J113311.1-144422,RRc,EW,True,False,0.36120106620594256,1.1608334534316571,7091,1498,False,False,False,False
1442,CSS_J151602.0-111524,EA,EA,False,False,0.4688252611760153,1.04485552985118,959,4321,False,False,False,False
1443,CSS_J171234.1+291037,EW,EW,False,False,0.3625032893635931,1.0258619643936915,6949,5218,False,False,False,False
1444,CSS_J023411.6-023803,RS CVn,RS CVn,False,True,0.40838434983359645,1.1335982814043597,2724,1871,False,False,False,False
1445,CSS_J212531.4+130046,EW,EW,False,False,0.3952072549883922,0.9783212279735573,3492,7814,False,False,False,False
1446,CSS_J085708.6+225116,RS CVn,RS CVn,False,True,0.384289349895206,1.1217620215817319,4458,2056,False,False,False,False
1447,CSS_J210351.9+045835,RRc,EW,True,False,0.39623172816262164,1.3101370316154461,3412,489,False,False,False,False
1448,CSS_J054455.3-162707,RRc,RRc,False,False,0.37711751581855063,1.0155418151673348,5220,5780,False,False,False,False
1449,CSS_J163248.3+282058,EW,EW,False,False,0.3672020693875215,0.9904602277097039,6434,7293,False,False,False,False
1450,CSS_J180417.3+394115,RRc,RRc,False,False,0.4009755762579976,1.033443549914694,3110,4843,False,False,False,False
1451,CSS_J145900.9+045545,EW,EW,False,False,0.36757444335989226,1.0482347694006067,6388,4162,False,False,False,False
1452,CSS_J030853.2+311322,EW,EW,False,False,0.4015556812747299,0.9886829368205337,3088,7376,False,False,False,False
1453,CSS_J205409.8-033530,EW,EW,False,False,0.49269890565142016,1.0644451121995828,610,3540,False,False,False,False
1454,CSS_J072943.6+470555,EW,EW,False,False,0.3912810750259913,1.0838219501380455,3810,2941,False,False,False,False
1455,CSS_J110157.9-053926,EW,EW,False,False,0.49598032805504033,1.387046387306575,571,301,False,False,False,False
1456,CSS_J015149.1+320000,EW,EW,False,False,0.3833088405465419,1.0529669412870604,4569,3960,False,False,False,False
1457,CSS_J231759.4+171050,RRab,RRab,False,False,0.3854121910353467,1.1213091729401548,4338,2069,False,False,False,False
1458,CSS_J142430.9-072301,EA,EA,False,False,0.43033065844325685,1.047723098546523,1847,4191,False,False,False,False
1459,CSS_J210457.5+015903,EW,EW,False,False,0.46234679288232405,1.2671827131837237,1081,663,False,False,False,False
1460,CSS_J140432.7+391801,EW,EW,False,False,0.37256719498378327,1.0091196529394426,5754,6176,False,False,False,False
1461,CSS_J024610.6+143144,EA,EA,False,False,0.47903884802810726,1.31426187380988,800,470,False,False,False,False
1462,CSS_J210056.0-140757,EW,EW,False,False,0.40423062782452795,1.0497829772421787,2928,4100,False,False,False,False
1463,CSS_J022347.9+102410,RRab,RRab,False,False,0.5346827398614591,1.1102983305003662,316,2294,False,False,False,False
1464,CSS_J004238.8+382927,EW,EW,False,False,0.37865606397298524,0.9862924838260441,5054,7511,False,False,False,False
1465,CSS_J220912.2+272359,EW,EW,False,False,0.3659606794662763,1.010754811183729,6579,6097,False,False,False,False
1466,CSS_J094201.0+101542,EW,EW,False,False,0.35958580434383514,0.9966473828297794,7267,6942,False,False,False,False
1467,CSS_J011119.5+331912,EA,EA,False,False,0.4261420512796973,1.129321215339053,1980,1935,False,False,False,False
1468,CSS_J205132.3-063233,EW,EW,False,False,0.38387956928661066,1.0502491552053874,4498,4079,False,False,False,False
1469,CSS_J233359.0+313812,RRc,RRc,False,False,0.37450834771167796,1.092387993607931,5531,2711,False,False,False,False
1470,CSS_J072229.8+410317,EW,EW,False,False,0.6729373231913033,1.3057322198877113,58,504,True,False,False,False
1471,CSS_J055231.1-095500,EW,EW,False,False,0.4100334121152682,1.2822673458192497,2647,598,False,False,False,False
1472,CSS_J013608.7+081209,RRc,RRc,False,False,0.3958062359248534,1.0234318579404922,3444,5340,False,False,False,False
1473,CSS_J105528.9-074410,EA,EA,False,False,0.42333804834615685,1.0260364931040473,2071,5209,False,False,False,False
1474,CSS_J061005.2-100340,RRc,RRc,False,False,0.37390901426975415,1.0134737842439572,5599,5909,False,False,False,False
1475,CSS_J050408.5-161529,EW,EW,False,False,0.3517446644410158,1.0424997041219513,7879,4438,False,False,False,False
1476,CSS_J223759.1+251433,EW,EW,False,False,0.36205726289275214,1.0814010495773416,7001,3006,False,False,False,False
1477,CSS_J222542.2+232702,EW,EW,False,False,0.395132643593029,1.264626782143275,3499,676,False,False,False,False
1478,CSS_J080910.0+143449,RRc,RRc,False,False,0.41086384487270666,1.0634823788130936,2612,3573,False,False,False,False
1479,CSS_J170839.8+122530,EW,EW,False,False,0.4073828721312376,1.155697083401064,2769,1553,False,False,False,False
1480,CSS_J160927.4-021017,EW,EW,False,False,0.4289866651476113,1.1090715907947193,1887,2322,False,False,False,False
1481,CSS_J090212.5+400547,EW,EW,False,False,0.4295916879767778,1.5389358194919938,1872,123,False,True,False,False
1482,CSS_J074254.7+210901,EW,EW,False,False,0.3641776821953821,0.995122290221033,6770,7026,False,False,False,False
1483,CSS_J053533.5+143814,EW,EW,False,False,0.4092167316606241,1.1696093275133115,2684,1376,False,False,False,False
1484,CSS_J224207.1+325539,EW,EW,False,False,0.3777624138203687,0.9772532606515846,5160,7840,False,False,False,False
1485,CSS_J224956.8-031032,EW,EW,False,False,0.5198992914158287,1.1988890134973729,392,1090,False,False,False,False
1486,CSS_J095522.6-044551,EW,EW,False,False,0.396422085310427,1.1561312100313668,3401,1549,False,False,False,False
1487,CSS_J212013.0+055139,EW,EW,False,False,0.3522399972969715,1.046477203443312,7850,4246,False,False,False,False
1488,CSS_J051235.7+154117,EW,EW,False,False,0.3688495295048042,0.9928345941053353,6230,7148,False,False,False,False
1489,CSS_J142155.0-021432,RRd,RRc,True,True,0.4037721917033224,1.0071251876434328,2952,6316,False,False,False,False
1490,CSS_J054416.1+042147,EA,EA,False,False,0.46375130498741346,1.0769070512123615,1054,3142,False,False,False,False
1491,CSS_J001907.1+340056,EW,EW,False,False,0.3623948816776441,0.9799469564044625,6959,7760,False,False,False,False
1492,CSS_J060711.8-080617,EW,EW,False,False,0.38567962087192015,1.0779229586841568,4320,3112,False,False,False,False
1493,CSS_J025831.1+054857,EW,EW,False,False,0.4135767446402807,1.0897959987690273,2474,2778,False,False,False,False
1494,CSS_J021322.9+314816,EA,EA,False,False,0.4158400523839928,1.0198363354828115,2364,5532,False,False,False,False
1495,CSS_J144110.6-154251,RRc,RRc,False,False,0.40207338815408245,1.0532226797431288,3061,3939,False,False,False,False
1496,CSS_J164634.2+035205,RS CVn,EW,True,True,0.364128888220604,1.1306358079634444,6774,1920,False,False,False,False
1497,CSS_J045923.9+084855,EW,EW,False,False,0.3617402837921059,1.0057955531712905,7030,6413,False,False,False,False
1498,CSS_J172148.0+072524,RRab,RRab,False,False,0.5702337865691574,1.957490695756945,194,23,False,True,False,False
1499,CSS_J061948.0+511707,EW,EW,False,False,0.3646779452151101,0.9690186205346368,6722,7966,False,False,False,False
1500,CSS_J012923.2-071509,EW,EW,False,False,0.3609819975467063,1.1422258397055391,7124,1733,False,False,False,False
1501,CSS_J095202.1+212937,EW,EW,False,False,0.471057606695833,1.0963377107766015,915,2624,False,False,False,False
1502,CSS_J134940.4-025554,RRab,EW,True,False,0.39294103349031567,1.0505147406883875,3673,4069,False,False,False,False
1503,CSS_J170436.2+013102,RRc,RRc,False,False,0.37980614995014644,0.9961365700440924,4946,6966,False,False,False,False
1504,CSS_J134718.7-050000,RRab,RRab,False,False,0.41792164070183474,0.9997344606312891,2289,6778,False,False,False,False
1505,CSS_J204610.6-053448,EW,EW,False,False,0.3861352745485537,1.346650669529021,4263,387,False,False,False,False
1506,CSS_J160249.9+134846,EW,EW,False,False,0.36319677347063895,1.055655850881558,6881,3857,False,False,False,False
1507,CSS_J173228.3+140912,EW,EW,False,False,0.394629519669308,0.9930354396456436,3537,7136,False,False,False,False
1508,CSS_J001248.3+201447,RS CVn,RS CVn,False,True,0.4136592613251622,1.09230942725658,2466,2713,False,False,False,False
1509,CSS_J022119.5+315257,LPV,LPV,False,False,0.6918065916807663,1.4872910919240405,46,171,True,False,False,False
1510,CSS_J091538.8-040225,EA,EA,False,False,0.44957935488683415,1.006960062418903,1334,6326,False,False,False,False
1511,CSS_J223427.2+265345,EW,EW,False,False,0.3694913738553099,1.1806515804052176,6154,1254,False,False,False,False
1512,CSS_J085800.1-062612,RRc,RRc,False,False,0.3722000477936838,1.2333597675902028,5801,842,False,False,False,False
1513,CSS_J210513.4+052903,EA,EA,False,False,0.48472070176815535,1.068973596477671,703,3379,False,False,False,False
1514,CSS_J104324.6-044947,RS CVn,RS CVn,False,True,0.4158541089966613,1.1011958267228015,2363,2505,False,False,False,False
1515,CSS_J154912.9-131828,EW,EW,False,False,0.3743797286905942,1.028805348502837,5548,5065,False,False,False,False
1516,CSS_J172349.8+255716,EW,EW,False,False,0.3608453074582533,1.0465829127508361,7137,4237,False,False,False,False
1517,CSS_J114643.3-092924,EW,EA,True,False,0.40245891972717884,1.0139282085947863,3037,5884,False,False,False,False
1518,CSS_J155903.7+193227,EW,EW,False,False,0.37130895864540037,1.0404045477451427,5934,4516,False,False,False,False
1519,CSS_J024226.0+312710,EW,EW,False,False,0.41943275802687097,1.03138558212672,2227,4950,False,False,False,False
1520,CSS_J135223.7+274159,RRc,RRc,False,False,0.37589127978935954,1.1033318981744735,5376,2442,False,False,False,False
1521,CSS_J162705.3+171512,EW,EW,False,False,0.41450225915590005,1.1026199725423211,2423,2468,False,False,False,False
1522,CSS_J045500.7+155205,EW,EW,False,False,0.35096432038057396,1.0360487760035304,7918,4709,False,False,False,False
1523,CSS_J012130.7+081652,EA,EA,False,False,0.47358748014599894,1.050651925950313,881,4063,False,False,False,False
1524,CSS_J171040.3+510112,EW,EW,False,False,0.3760269824143398,0.9874904028026454,5358,7438,False,False,False,False
1525,CSS_J154559.7+151527,EW,EW,False,False,0.37751678047346465,0.9958893172828696,5182,6981,False,False,False,False
1526,CSS_J033007.0+193539,EW,EW,False,False,0.39286300490704906,0.9790443312852023,3681,7789,False,False,False,False
1527,CSS_J052825.8+093943,EW,EW,False,False,0.3659144813824733,1.0257847052178484,6588,5222,False,False,False,False
1528,CSS_J025020.6+285049,EA,EA,False,False,0.5178011540483478,1.1136611635842257,408,2231,False,False,False,False
1529,CSS_J172210.9+125136,EW,EW,False,False,0.3679173794247243,1.002070577898961,6353,6644,False,False,False,False
1530,CSS_J141927.8+093340,EW,EW,False,False,0.3583691134954438,1.056193455135762,7389,3838,False,False,False,False
1531,CSS_J225222.6-040223,EW,EW,False,False,0.37591039302066787,1.092450431926854,5372,2709,False,False,False,False
1532,CSS_J235144.6-141830,EW,EW,False,False,0.3578213978497005,1.0133506146092028,7451,5917,False,False,False,False
1533,CSS_J091925.0-184246,EW,EW,False,False,0.36815357697096,1.2537810612135085,6327,733,False,False,False,False
1534,CSS_J043508.6+190906,EW,EW,False,False,0.3580519736419297,1.0109194601104943,7429,6083,False,False,False,False
1535,CSS_J010515.0+323743,EA,EA,False,False,0.4345726757063781,0.9883340109696077,1707,7399,False,False,False,False
1536,CSS_J174028.3+342110,EW,EW,False,False,0.3635907136019511,0.9796468604352674,6844,7772,False,False,False,False
1537,CSS_J164442.0+305731,EW,EW,False,False,0.43514387370734475,1.0481868846520048,1692,4165,False,False,False,False
1538,CSS_J082856.2+191959,EW,EW,False,False,0.421770040564971,1.0882154433002067,2140,2825,False,False,False,False
1539,CSS_J210133.7+032001,EA,EA,False,False,0.5282927539045136,1.074609661021991,350,3204,False,False,False,False
1540,CSS_J133551.4+141639,EA,EW,True,False,0.44604099361915067,1.049506336514564,1418,4113,False,False,False,False
1541,CSS_J034128.0+175116,EA,EW,True,False,0.4659670830796446,1.6910862289932276,1008,61,False,True,False,False
1542,CSS_J171512.9+370143,EW,EW,False,False,0.3718978793999815,1.076280506660887,5836,3164,False,False,False,False
1543,CSS_J071703.9+332713,EW,EA,True,False,0.4430006627130743,1.3069581307137974,1505,503,False,False,False,False
1544,CSS_J092838.6+150856,RRc,RRc,False,False,0.41162554882878566,1.259203663084389,2564,713,False,False,False,False
1545,CSS_J050005.0+042723,LPV,LPV,False,False,0.6123312921883991,1.0996622107173564,120,2547,True,False,False,False
1546,CSS_J092333.7-042351,EW,EW,False,False,0.3879383475406728,1.01288657336196,4091,5942,False,False,False,False
1547,CSS_J221718.5+261536,EW,EW,False,False,0.3969976492013442,1.0050295943472263,3368,6463,False,False,False,False
1548,CSS_J082405.9+225720,EW,EW,False,False,0.36749331694470827,1.1344011321950258,6397,1859,False,False,False,False
1549,CSS_J145437.2+060239,EW,EW,False,False,0.41482133070028127,1.0655383036549388,2402,3505,False,False,False,False
1550,CSS_J020003.9+004227,EW,EW,False,False,0.39126699117642705,1.1121308506880612,3812,2260,False,False,False,False
1551,CSS_J070414.9+341452,EW,EW,False,False,0.45197362591935053,1.4509082429996196,1292,208,False,False,False,False
1552,CSS_J135733.2+344447,EW,EW,False,False,0.41702998380405165,1.0466332411505357,2318,4235,False,False,False,False
1553,CSS_J040538.5+193831,EW,EW,False,False,0.3705925469649817,1.2871673228521379,6027,584,False,False,False,False
1554,CSS_J165938.6+345934,EW,EW,False,False,0.383258647269365,1.2441169090253597,4576,786,False,False,False,False
1555,CSS_J104727.8+003558,EW,EW,False,False,0.35948559864430424,1.2068570642162346,7279,1038,False,False,False,False
1556,CSS_J164445.3+232132,RRc,RRc,False,False,0.3963735440940901,1.0382724583282694,3405,4606,False,False,False,False
1557,CSS_J072554.8+293903,EW,EW,False,False,0.3631626075041559,1.008701834037918,6885,6214,False,False,False,False
1558,CSS_J155149.0-024458,EW,EW,False,False,0.37660825662359554,1.115550376481566,5283,2193,False,False,False,False
1559,CSS_J170811.7+154457,EW,EW,False,False,0.40311000415289666,1.1464342527284717,2995,1687,False,False,False,False
1560,CSS_J090546.3+353611,EW,EW,False,False,0.37458413685048303,1.0542539029043998,5521,3908,False,False,False,False
1561,CSS_J131104.8+055021,RRab,RRab,False,False,0.5106006544241473,0.9861930931315055,453,7518,False,False,False,False
1562,CSS_J153510.5+012118,EA,EA,False,False,0.4212287650646332,1.0356391276188197,2151,4726,False,False,False,False
1563,CSS_J045827.4-103325,EW,EW,False,False,0.3573074746772676,1.011492842393218,7487,6038,False,False,False,False
1564,CSS_J155845.9-090653,EW,EW,False,False,0.4150415299900831,1.078311750166257,2396,3096,False,False,False,False
1565,CSS_J153524.8+631648,RRab,RRab,False,False,0.3818934266437761,1.1507342609580735,4704,1615,False,False,False,False
1566,CSS_J073224.4+315914,EW,EW,False,False,0.39544892492264605,1.0137389565857773,3475,5898,False,False,False,False
1567,CSS_J121552.9+074734,RRc,RRc,False,False,0.3687581567544266,0.9988592791061505,6241,6819,False,False,False,False
1568,CSS_J141551.9+074000,RRc,EW,True,False,0.36431830535831494,1.0488581244619728,6762,4138,False,False,False,False
1569,CSS_J181434.9+311451,EW,EW,False,False,0.385305146517055,1.0520325712051175,4349,4008,False,False,False,False
1570,CSS_J035311.9+381029,EW,EW,False,False,0.3620840356569921,0.9875079576306346,7000,7437,False,False,False,False
1571,CSS_J075947.2+130459,EW,EW,False,False,0.38713571625078774,1.007633780281535,4166,6284,False,False,False,False
1572,CSS_J082802.0+031510,EA,EA,False,False,0.5189441401291847,1.0354636695442978,399,4740,False,False,False,False
1573,CSS_J124742.0+104506,EA,EA,False,False,0.4131213556028639,1.0835649052754839,2493,2946,False,False,False,False
1574,CSS_J163801.8+004507,EW,EW,False,False,0.40076008346061004,1.0337335012840356,3127,4831,False,False,False,False
1575,CSS_J133855.8+184241,LPV,LPV,False,False,0.7403155336353622,0.9855291257838943,20,7552,True,False,False,False
1576,CSS_J223711.7+204046,EW,EW,False,False,0.3809140414158452,1.0059172892891817,4825,6403,False,False,False,False
1577,CSS_J215311.4-135000,EW,EW,False,False,0.38436130215248576,1.098873111559179,4448,2567,False,False,False,False
1578,CSS_J175444.3+522414,RRab,RRab,False,False,0.4415752436738362,0.9839160285963725,1533,7628,False,False,False,False
1579,CSS_J051729.1+002914,EW,EW,False,False,0.4044202322087138,1.187989016925166,2922,1174,False,False,False,False
1580,CSS_J002150.7+135506,EW,EW,False,False,0.3767344405728814,1.0929698597362443,5265,2689,False,False,False,False
1581,CSS_J171855.1+313039,EW,EW,False,False,0.43297652450197993,1.0295856614282333,1755,5025,False,False,False,False
1582,CSS_J220300.4+113912,EW,EW,False,False,0.3620036999128453,1.2016517239802218,7006,1075,False,False,False,False
1583,CSS_J015651.9+303506,EA,EA,False,False,0.45821849678626453,1.0494752197487052,1148,4115,False,False,False,False
1584,CSS_J171201.6+560909,EW,EW,False,False,0.354657254166963,0.9890492418786512,7708,7358,False,False,False,False
1585,CSS_J220540.4+242822,RRab,EW,True,False,0.3673195924424319,1.03277110614125,6416,4872,False,False,False,False
1586,CSS_J131944.6+181826,RRc,RRc,False,False,0.36664857522144984,0.9606966597199659,6508,7996,False,False,False,False
1587,CSS_J173814.0+474230,EW,EW,False,False,0.43166447691552273,1.3085931842529956,1797,495,False,False,False,False
1588,CSS_J225725.0+213727,RS CVn,RS CVn,False,True,0.39975847913148305,1.0970546262734922,3184,2606,False,False,False,False
1589,CSS_J202014.2-155701,EW,EW,False,False,0.3988228270017231,1.1674708149970903,3245,1404,False,False,False,False
1590,CSS_J141638.6+030730,EW,EW,False,False,0.3648321542301497,1.2273022103363276,6709,880,False,False,False,False
1591,CSS_J012252.9+252305,LPV,LPV,False,False,0.7659479237853049,1.2188133244685753,7,948,True,False,False,False
1592,CSS_J081934.6+130433,EW,EW,False,False,0.37858209380157265,1.0734221298962567,5061,3234,False,False,False,False
1593,CSS_J090337.4+335504,RS CVn,EW,True,True,0.4217344295924926,1.0852917540549187,2142,2899,False,False,False,False
1594,CSS_J104455.0+102145,EW,EW,False,False,0.3605848156703194,1.0350569398810199,7171,4751,False,False,False,False
1595,CSS_J225245.1+113857,RRd,RRc,True,True,0.4556349194063123,1.3442273359172983,1204,392,False,False,False,False
1596,CSS_J033934.0+375658,EW,EW,False,False,0.3786036568827818,1.0106794172358966,5058,6105,False,False,False,False
1597,CSS_J154927.9-071610,EW,EW,False,False,0.36183796791654993,1.0996494353597481,7018,2548,False,False,False,False
1598,CSS_J085722.5+061150,EW,EW,False,False,0.4033482435104719,1.2883950301041036,2978,579,False,False,False,False
1599,CSS_J093142.7-191300,RRab,RRab,False,False,0.5123388692730266,1.1119650926200526,436,2264,False,False,False,False
1600,CSS_J031224.9+385757,EW,EW,False,False,0.34932395704605196,1.0189920727771453,7959,5578,False,False,False,False
1601,CSS_J214617.0+133924,EA,EW,True,False,0.47009505055260603,0.9984542204949728,935,6851,False,False,False,False
1602,CSS_J012041.7-074954,RRc,RRc,False,False,0.3736396966580318,1.0192736616225773,5640,5566,False,False,False,False
1603,CSS_J103822.3+413051,EA,EA,False,False,0.5351314978255214,1.230783160092424,314,856,False,False,False,False
1604,CSS_J231352.4+421315,EW,EW,False,False,0.35856531709732786,1.0059518639268308,7365,6398,False,False,False,False
1605,CSS_J074940.0+125849,EW,EW,False,False,0.3597530016822808,1.0361185627740017,7253,4705,False,False,False,False
1606,CSS_J125932.7+163801,RRc,RRc,False,False,0.3779751976541561,0.9901583391965246,5133,7307,False,False,False,False
1607,CSS_J025326.6+380728,EW,EW,False,False,0.3626864553293905,0.984053577667923,6937,7619,False,False,False,False
1608,CSS_J124300.8+080431,RS CVn,RS CVn,False,True,0.42345920274534465,1.3536459170043673,2068,369,False,False,False,False
1609,CSS_J223837.9+321932,EW,EW,False,False,0.36847248315541664,0.9869163395459116,6287,7482,False,False,False,False
1610,CSS_J225857.1+350720,EW,EW,False,False,0.35809774092000696,0.9700236966392047,7425,7956,False,False,False,False
1611,CSS_J225907.0+305452,RRc,EW,True,False,0.3746020424590212,0.9873646661901609,5520,7449,False,False,False,False
1612,CSS_J073151.4+240555,EA,EA,False,False,0.47261762509008926,1.052217459133887,895,3999,False,False,False,False
1613,CSS_J232236.0+273255,EA,EA,False,False,0.4257794446465541,0.9877171636960764,2001,7424,False,False,False,False
1614,CSS_J104121.2+290603,EW,EW,False,False,0.39697951586890695,1.160345499686772,3372,1503,False,False,False,False
1615,CSS_J121800.5-015237,EW,EW,False,False,0.41193859112089404,1.1190597158851474,2548,2119,False,False,False,False
1616,CSS_J223431.2+055259,EW,EW,False,False,0.3590087747955616,1.0382534551388258,7319,4607,False,False,False,False
1617,CSS_J231924.2-165315,EW,EW,False,False,0.3578689030766926,1.075372768283965,7445,3185,False,False,False,False
1618,CSS_J135304.6+380003,EA,EA,False,False,0.44758358839389706,1.020166724778813,1382,5515,False,False,False,False
1619,CSS_J174103.2+315938,EW,EW,False,False,0.3622070595397165,1.0315318128160567,6988,4941,False,False,False,False
1620,CSS_J012537.1-044454,RS CVn,LPV,True,True,0.5505285056586895,1.0232234339713258,255,5349,False,False,False,False
1621,CSS_J154230.9+545342,EW,EW,False,False,0.40249155041166085,1.0248545884214881,3035,5277,False,False,False,False
1622,CSS_J024408.0+000324,EW,EW,False,False,0.3527491660294886,0.9971721323798974,7827,6915,False,False,False,False
1623,CSS_J024640.3+240555,EW,RRc,True,False,0.39230300259711604,1.3806210954329177,3723,313,False,False,False,False
1624,CSS_J104819.0+151104,EW,EW,False,False,0.40478533911369313,1.2853999945530525,2902,589,False,False,False,False
1625,CSS_J204908.8-035807,EW,EW,False,False,0.3540999397426719,1.0223825387996721,7750,5398,False,False,False,False
1626,CSS_J170646.1-024755,EA,EA,False,False,0.4557147006720612,1.0596804274891776,1200,3702,False,False,False,False
1627,CSS_J091354.0+381804,RS CVn,EW,True,True,0.36308040825834564,1.0730233813824022,6889,3245,False,False,False,False
1628,CSS_J165541.5+033549,EW,EW,False,False,0.45243917983392745,1.3911256183153786,1275,290,False,False,False,False
1629,CSS_J095743.7-024335,EW,EW,False,False,0.46153037294092436,1.0925726110770815,1094,2703,False,False,False,False
1630,CSS_J100622.2-100911,EA,EW,True,False,0.44510273202672135,1.0788124748086858,1443,3085,False,False,False,False
1631,CSS_J042127.7+240837,EW,EW,False,False,0.4196226899229683,1.0818977354991897,2215,2993,False,False,False,False
1632,CSS_J110656.2-120058,EW,EW,False,False,0.4064435527984929,1.0743485634147691,2810,3210,False,False,False,False
1633,CSS_J223114.6+062248,LPV,LPV,False,False,0.7710536584128701,1.1331205564759856,5,1877,True,False,False,False
1634,CSS_J074807.2+311221,EW,EW,False,False,0.36915561447143025,1.0087151733239117,6202,6211,False,False,False,False
1635,CSS_J174959.3+385237,EW,EW,False,False,0.4143441116562652,1.067560017624356,2430,3421,False,False,False,False
1636,CSS_J071521.6+283011,EW,EW,False,False,0.3817107705877774,1.083687360680943,4726,2944,False,False,False,False
1637,CSS_J010940.2+103110,EW,EW,False,False,0.35875506577856,0.9907337918700596,7347,7269,False,False,False,False
1638,CSS_J042128.1+223611,EW,EW,False,False,0.3664468834875359,1.0060648330170245,6531,6390,False,False,False,False
1639,CSS_J083310.3+330729,RS CVn,RS CVn,False,True,0.4386181116316024,1.3081146504676462,1610,499,False,False,False,False
1640,CSS_J004430.2-023111,EW,RRc,True,False,0.39094469606218585,1.1844829947067237,3838,1218,False,False,False,False
1641,CSS_J012518.0+222348,EW,EW,False,False,0.41104277859569655,1.2059342697113722,2598,1041,False,False,False,False
1642,CSS_J073002.7+265532,EW,EW,False,False,0.41687390602246116,1.0863639293853196,2327,2870,False,False,False,False
1643,CSS_J102038.8+375631,EW,EW,False,False,0.39103475545510386,1.1657890404566882,3830,1428,False,False,False,False
1644,CSS_J225055.1-124708,EW,EW,False,False,0.380486128489023,1.0409187739744523,4869,4494,False,False,False,False
1645,CSS_J034148.6+292733,EW,EW,False,False,0.3693470409455035,0.9881282794070376,6175,7408,False,False,False,False
1646,CSS_J070848.7+495850,EW,EW,False,False,0.423515484003546,1.0273625330337741,2065,5137,False,False,False,False
1647,CSS_J111227.6-164311,EW,EW,False,False,0.42695592461082876,1.182614731163327,1952,1237,False,False,False,False
1648,CSS_J220335.9+045158,EW,EW,False,False,0.37438731930604996,1.0210563387310425,5547,5470,False,False,False,False
1649,CSS_J091321.7+074229,EW,EW,False,False,0.38484945471314297,1.0860660615973998,4397,2877,False,False,False,False
1650,CSS_J045903.5+001600,EW,EW,False,False,0.37228550007297745,1.1099443051160094,5789,2303,False,False,False,False
1651,CSS_J012037.0+445020,EW,EW,False,False,0.36838718789113056,1.0265696659665973,6297,5175,False,False,False,False
1652,CSS_J040700.1+301406,EA,EA,False,False,0.4082472992553512,1.0035269505364697,2727,6557,False,False,False,False
1653,CSS_J171350.6+111306,RRab,RRab,False,False,0.47242080023308636,1.2483777009634855,898,759,False,False,False,False
1654,CSS_J050604.0-132755,EW,EW,False,False,0.39419488324950186,1.3388900757154816,3574,407,False,False,False,False
1655,CSS_J051244.8+101510,EW,EW,False,False,0.4293530610296733,1.0760097572800562,1876,3169,False,False,False,False
1656,CSS_J043350.0+021949,EW,EW,False,False,0.38430465599188207,1.1247433642089222,4456,2014,False,False,False,False
1657,CSS_J083725.7+491608,RRab,RRab,False,False,0.47378606294149794,1.2950025662259586,875,551,False,False,False,False
1658,CSS_J233615.0+445117,EW,EW,False,False,0.36102948217712283,1.0166546620762156,7118,5725,False,False,False,False
1659,CSS_J110212.0+244412,EW,EW,False,False,0.3817289041079583,1.0354914858087372,4723,4738,False,False,False,False
1660,CSS_J025933.1+283959,EA,EW,True,False,0.6703808842383513,1.0464685076175377,61,4247,True,False,False,False
1661,CSS_J041908.6+014810,EW,EW,False,False,0.35610732720721383,0.983663744252422,7604,7639,False,False,False,False
1662,CSS_J074502.6+253437,EW,EW,False,False,0.3885282514481671,1.0669876045860638,4036,3450,False,False,False,False
1663,CSS_J224504.8+260450,RRc,RRc,False,False,0.427104099266744,1.401999584571673,1947,270,False,False,False,False
1664,CSS_J084125.6+323430,EA,EA,False,False,0.5263006363629802,1.061656176595917,361,3643,False,False,False,False
1665,CSS_J031417.8+304535,RS CVn,EW,True,True,0.4176618541221927,1.0591799543673615,2294,3725,False,False,False,False
1666,CSS_J084410.1+205746,EW,EW,False,False,0.4314751024318624,1.0095351556666134,1802,6153,False,False,False,False
1667,CSS_J082219.4+272845,EW,EW,False,False,0.36333202709408474,1.0508332873452866,6863,4057,False,False,False,False
1668,CSS_J034420.4+185337,EW,EW,False,False,0.3687792806293611,1.1658329020353158,6236,1427,False,False,False,False
1669,CSS_J041901.6+300819,EW,EW,False,False,0.3584653396459191,1.0436876790706178,7378,4372,False,False,False,False
1670,CSS_J143454.0+270936,RRc,RRc,False,False,0.3806239447102729,1.0127056187575323,4851,5954,False,False,False,False
1671,CSS_J034840.1-042238,EW,EW,False,False,0.36588352410785024,0.9986120923708972,6593,6838,False,False,False,False
1672,CSS_J051142.2+125605,EW,RRc,True,False,0.4667748020979772,1.134590299160223,995,1852,False,False,False,False
1673,CSS_J100344.0+103623,EW,EW,False,False,0.3803679681039403,1.03791567034606,4879,4622,False,False,False,False
1674,CSS_J020038.4+380048,EW,EW,False,False,0.36404015070780144,0.9936711745383773,6785,7107,False,False,False,False
1675,CSS_J222309.7+064539,RRc,RRc,False,False,0.39056391698062226,0.9866781055737424,3861,7494,False,False,False,False
1676,CSS_J154350.2-051854,EW,EW,False,False,0.38311730226502577,1.1177269776720873,4591,2148,False,False,False,False
1677,CSS_J173236.7+200021,EW,EW,False,False,0.41858304776684585,1.117433947633074,2256,2154,False,False,False,False
1678,CSS_J230312.4+225743,EW,EW,False,False,0.4814018881915912,1.767545003423529,766,45,False,True,False,False
1679,CSS_J160754.6+145549,EW,EW,False,False,0.3550405571278337,1.0029564132012316,7678,6587,False,False,False,False
1680,CSS_J161750.4+133157,EA,EA,False,False,0.41632856565543186,1.0075490377329135,2349,6290,False,False,False,False
1681,CSS_J040716.1-122152,EW,EW,False,False,0.37812748814121266,1.0111051526104833,5113,6064,False,False,False,False
1682,CSS_J214012.9+191227,EW,EW,False,False,0.40644190536694624,1.0639045315246856,2811,3554,False,False,False,False
1683,CSS_J052049.6+010515,RS CVn,EW,True,True,0.3883535691624454,1.0964390616680015,4052,2620,False,False,False,False
1684,CSS_J081200.3+130700,EW,EW,False,False,0.37847928287371085,1.0323444427205748,5071,4899,False,False,False,False
1685,CSS_J215333.8+121933,RRc,RRc,False,False,0.4253506138795913,1.1118909207999528,2013,2267,False,False,False,False
1686,CSS_J103210.9-093922,EW,EW,False,False,0.35749024611005825,1.0618895538408908,7473,3634,False,False,False,False
1687,CSS_J152042.4+325905,EW,EW,False,False,0.4487310253612744,1.0304779844238632,1356,4996,False,False,False,False
1688,CSS_J233839.5+333448,EW,EW,False,False,0.37133547758664465,0.9720186361352635,5927,7933,False,False,False,False
1689,CSS_J180217.3+371011,RRc,RRc,False,False,0.3801943713389839,1.5650587129042166,4898,103,False,True,False,False
1690,CSS_J104513.3+143933,EW,EW,False,False,0.3513911999656621,0.9856149871158273,7897,7549,False,False,False,False
1691,CSS_J072602.8+584730,RRab,RRab,False,False,0.5890951747265105,1.2783559082100429,151,609,True,False,False,False
1692,CSS_J022655.5+370054,EW,EW,False,False,0.36933639117741235,1.0298099371543108,6176,5017,False,False,False,False
1693,CSS_J223950.2+335434,EW,EW,False,False,0.38916884451516554,1.0022184420598073,3980,6634,False,False,False,False
1694,CSS_J205848.3+090836,EW,EW,False,False,0.5027007573199784,1.2585964446103994,516,715,False,False,False,False
1695,CSS_J024244.9+262244,EW,EW,False,False,0.43436235577277177,1.0475230149877275,1713,4201,False,False,False,False
1696,CSS_J173126.0+295049,EW,EW,False,False,0.3883293064747376,1.0948446679385766,4053,2649,False,False,False,False
1697,CSS_J223611.2+055722,EW,EW,False,False,0.47780231456799627,1.072021827287244,817,3277,False,False,False,False
1698,CSS_J104743.6-115422,RRab,EW,True,False,0.4127623174858404,1.173699204632745,2512,1327,False,False,False,False
1699,CSS_J170413.1+514201,EW,EW,False,False,0.3589675853504042,0.9945744989197791,7327,7060,False,False,False,False
1700,CSS_J172004.9+074730,EW,EW,False,False,0.3882839469553677,1.1079886052244154,4059,2346,False,False,False,False
1701,CSS_J063938.4+543248,EW,EW,False,False,0.3639011861763068,1.0109992563088508,6807,6073,False,False,False,False
1702,CSS_J081311.9+195322,EA,EA,False,False,0.4613387625924882,1.0627234423738259,1095,3601,False,False,False,False
1703,CSS_J213854.3+181019,EW,EW,False,False,0.3612912032886414,1.0111805948902863,7080,6056,False,False,False,False
1704,CSS_J003457.1+292655,EW,EW,False,False,0.38391119532622975,1.0477592402238884,4495,4188,False,False,False,False
1705,CSS_J220654.2-010515,RRc,RRc,False,False,0.4407374962818465,1.1618106477068881,1556,1477,False,False,False,False
1706,CSS_J134448.1-172627,EW,EW,False,False,0.3708307148379549,1.1871562267112823,5996,1187,False,False,False,False
1707,CSS_J020402.9+324933,EW,EW,False,False,0.3994997064604633,1.0184626576892002,3197,5606,False,False,False,False
1708,CSS_J045307.7+203403,EW,EW,False,False,0.3599237454720194,1.0920482248640913,7236,2719,False,False,False,False
1709,CSS_J014525.5+360334,EW,EW,False,False,0.39390549615558845,1.3622985886752437,3597,344,False,False,False,False
1710,CSS_J134154.4+020005,RRc,RRc,False,False,0.430353136770935,1.064626063331205,1845,3533,False,False,False,False
1711,CSS_J215805.8-102624,RRc,EW,True,False,0.38469222077121423,1.0229533981399404,4414,5362,False,False,False,False
1712,CSS_J075322.1+171734,EW,EW,False,False,0.36173570837555075,1.0266004652355372,7031,5174,False,False,False,False
1713,CSS_J045020.1+024205,EW,EW,False,False,0.4447167280735766,1.089576996693908,1454,2788,False,False,False,False
1714,CSS_J163450.6+511703,EW,EW,False,False,0.39494695696692467,1.0700515936070596,3510,3331,False,False,False,False
1715,CSS_J074648.3+185653,EW,EW,False,False,0.390035583321801,1.3989207857972301,3901,277,False,False,False,False
1716,CSS_J032747.2+004415,EW,EW,False,False,0.35363743863590136,0.9954941309380876,7782,7009,False,False,False,False
1717,CSS_J084450.3+082804,EA,EA,False,False,0.510072743786335,1.1952116259341672,458,1117,False,False,False,False
1718,CSS_J144748.6+114510,EW,RRc,True,False,0.48581058750122863,1.2767811890641099,690,616,False,False,False,False
1719,CSS_J102037.7+063106,LPV,LPV,False,False,0.6709657426813663,1.4313717834862747,60,227,True,False,False,False
1720,CSS_J015129.4+370525,EW,EW,False,False,0.3670781233466961,0.9802200054344004,6444,7754,False,False,False,False
1721,CSS_J122745.9+324945,EA,EA,False,False,0.48591730838423286,1.0414271545672122,689,4473,False,False,False,False
1722,CSS_J155002.4-121402,EW,EW,False,False,0.3853233651051772,1.107044219539172,4346,2366,False,False,False,False
1723,CSS_J113022.5+085443,RRc,RRc,False,False,0.3885063931275666,1.100427029244295,4037,2524,False,False,False,False
1724,CSS_J081013.4-021432,EA,EA,False,False,0.5535117668809884,1.2956671219407043,243,548,False,False,False,False
1725,CSS_J034511.7+132557,EW,EW,False,False,0.37115175928916266,0.9994712929726998,5958,6793,False,False,False,False
1726,CSS_J211519.3+144821,EW,EW,False,False,0.365719120929626,1.0137181809221958,6615,5899,False,False,False,False
1727,CSS_J160659.9+132343,EW,EW,False,False,0.38427011452020654,0.976953297567156,4460,7846,False,False,False,False
1728,CSS_J223019.4+245022,EA,EA,False,False,0.4413429413427135,0.9813347053961377,1539,7721,False,False,False,False
1729,CSS_J035121.2+122459,EW,EW,False,False,0.36592765797575105,1.1263680222206633,6585,1985,False,False,False,False
1730,CSS_J213132.2+155221,EA,EA,False,False,0.4876128712305191,1.2035964057648365,668,1062,False,False,False,False
1731,CSS_J093151.1+171505,LPV,LPV,False,False,0.7363619125430945,1.3538602965115403,23,367,True,False,False,False
1732,CSS_J035859.1+203822,EW,EW,False,False,0.3697694991292393,0.9897806082632196,6117,7323,False,False,False,False
1733,CSS_J080231.4+321623,EW,EW,False,False,0.3741718075873932,1.003963667115821,5576,6526,False,False,False,False
1734,CSS_J082613.8+232505,EA,EA,False,False,0.41648718596280304,0.9918008385138373,2345,7211,False,False,False,False
1735,CSS_J233137.4+380648,EW,EA,True,False,0.48274859721495006,1.0012862217853784,737,6679,False,False,False,False
1736,CSS_J211159.7-060026,EW,EW,False,False,0.36181576925141806,1.2087434462945068,7020,1025,False,False,False,False
1737,CSS_J123953.5+583957,RRab,RRab,False,False,0.4001539944682371,1.1230414895986756,3160,2035,False,False,False,False
1738,CSS_J120750.2-062321,EW,EW,False,False,0.3899280542110398,1.2317663171781426,3908,852,False,False,False,False
1739,CSS_J105627.6+392320,EW,EW,False,False,0.35993208612639777,0.9926433357414675,7235,7156,False,False,False,False
1740,CSS_J080634.2+145706,EW,EW,False,False,0.38248158913783853,1.0675037886006082,4645,3424,False,False,False,False
1741,CSS_J025314.3+281121,RRc,RRc,False,False,0.37341790570882044,1.0202056351278803,5664,5509,False,False,False,False
1742,CSS_J225858.5+032842,EW,EW,False,False,0.36458049167444073,1.1056101259480655,6733,2396,False,False,False,False
1743,CSS_J223002.7+330331,RS CVn,RS CVn,False,True,0.5673735367808455,1.1641576380493834,206,1447,False,False,False,False
1744,CSS_J080441.2+212420,EW,EW,False,False,0.6239482191284235,1.4144047665283137,103,255,True,False,False,False
1745,CSS_J115948.3-062410,EW,EW,False,False,0.3815135531687957,1.1944522663164536,4749,1124,False,False,False,False
1746,CSS_J144812.5+003612,RRab,RRab,False,False,0.438373709674164,0.9986670673837308,1615,6835,False,False,False,False
1747,CSS_J173716.3+341815,EW,RS CVn,True,False,0.4495999311922387,0.9742117148408209,1333,7895,False,False,False,False
1748,CSS_J213309.7+213924,RRc,RRc,False,False,0.38359326762493995,1.1691147223804066,4534,1384,False,False,False,False
1749,CSS_J091038.0+231053,RRc,EW,True,False,0.35975500619876394,1.168983352840135,7252,1386,False,False,False,False
1750,CSS_J145321.6+533222,RRab,RRab,False,False,0.4311626325741177,0.98003280291537,1817,7758,False,False,False,False
1751,CSS_J235454.3+413634,EW,EW,False,False,0.3630068072823321,0.9745076232444971,6898,7889,False,False,False,False
1752,CSS_J215917.4+195629,EW,EW,False,False,0.47598823285893166,1.0193326649277359,843,5563,False,False,False,False
1753,CSS_J231518.3-081021,EW,EW,False,False,0.39075485919079345,1.0743185894559795,3848,3212,False,False,False,False
1754,CSS_J100526.5-192224,RRab,RRab,False,False,0.43446764773884594,1.2647771680923494,1709,675,False,False,False,False
1755,CSS_J223313.8-080341,EW,EW,False,False,0.3900526762471349,1.0600931507051392,3897,3683,False,False,False,False
1756,CSS_J102741.4-143635,RRab,RRab,False,False,0.44128587227928123,1.0045025835633834,1541,6497,False,False,False,False
1757,CSS_J090452.6+202454,EA,EW,True,False,0.42062327889053175,1.076580417714454,2174,3155,False,False,False,False
1758,CSS_J035507.9+224631,RRab,RRab,False,False,0.5331905852129428,1.1887570444985367,327,1168,False,False,False,False
1759,CSS_J111116.9+332539,RRab,RRab,False,False,0.4308130012089835,1.111819116808676,1830,2272,False,False,False,False
1760,CSS_J041759.7+311518,EW,EW,False,False,0.42234489230866173,1.0052454211486843,2117,6454,False,False,False,False
1761,CSS_J082045.1+003521,RRc,RRc,False,False,0.36726585021046043,1.0237553975092304,6421,5328,False,False,False,False
1762,CSS_J172316.7+120551,EW,EW,False,False,0.4897781220963161,1.0532249200633599,649,3938,False,False,False,False
1763,CSS_J091526.0+051459,EA,EA,False,False,0.4860444217206644,1.007217649373016,686,6314,False,False,False,False
1764,CSS_J082826.9+572907,EW,EW,False,False,0.41171766625534933,1.1326078288436567,2560,1888,False,False,False,False
1765,CSS_J065224.1+434810,EW,EW,False,False,0.37776136444486597,0.9693416005944607,5161,7961,False,False,False,False
1766,CSS_J180457.9+352656,EW,EW,False,False,0.3932939678486776,1.0166968497447997,3645,5721,False,False,False,False
1767,CSS_J043138.0+375916,EW,EW,False,False,0.35240347008720124,1.0236189157638511,7846,5335,False,False,False,False
1768,CSS_J044429.0+322024,EW,EA,True,False,0.44453026065385387,1.0424332592668581,1462,4441,False,False,False,False
1769,CSS_J091955.0+445659,EW,EW,False,False,0.4186547496189001,1.0392499635917996,2255,4563,False,False,False,False
1770,CSS_J025503.5+225523,EW,EW,False,False,0.3543644106117474,1.0068132954415847,7730,6330,False,False,False,False
1771,CSS_J053925.7+020444,EA,EA,False,False,0.4655157877073204,1.0138255489536525,1018,5891,False,False,False,False
1772,CSS_J064109.1+415205,EW,EW,False,False,0.38667412803717427,1.0054325145007497,4208,6442,False,False,False,False
1773,CSS_J024236.5+234607,EW,RRc,True,False,0.39286880433030885,1.0714514156214523,3680,3287,False,False,False,False
1774,CSS_J002323.7+263115,EW,EW,False,False,0.621326874958526,1.021093606018384,106,5469,True,False,False,False
1775,CSS_J055044.3-125631,EW,EW,False,False,0.38431931509869754,1.011657040013078,4452,6027,False,False,False,False
1776,CSS_J111145.2-111622,EA,EA,False,False,0.4111782294313558,1.0307540848384238,2585,4985,False,False,False,False
1777,CSS_J015748.5+355034,EW,EW,False,False,0.41525123769854283,1.0322181349751092,2389,4911,False,False,False,False
1778,CSS_J162903.5+025451,EW,EW,False,False,0.3862990586321857,1.1711163742052462,4245,1361,False,False,False,False
1779,CSS_J165738.7+223725,EW,EW,False,False,0.3538852049620935,1.080125153600057,7765,3043,False,False,False,False
1780,CSS_J075157.4+243738,RRab,RRab,False,False,0.5019785163159167,1.1648089838655422,521,1440,False,False,False,False
1781,CSS_J201543.3-095655,EW,EW,False,False,0.44561998478756376,1.353517080581484,1430,370,False,False,False,False
1782,CSS_J042839.2-033958,EW,EW,False,False,0.38375674078438593,1.0147394396926945,4516,5831,False,False,False,False
1783,CSS_J210558.4+085313,EW,EW,False,False,0.47736420293412846,1.217290540898795,825,957,False,False,False,False
1784,CSS_J165356.5+061250,EW,EW,False,False,0.36560172117465,1.2281461483195746,6628,874,False,False,False,False
1785,CSS_J174417.9+321015,EW,EW,False,False,0.36651082271903884,1.0056598606546845,6525,6426,False,False,False,False
1786,CSS_J030457.1+164817,EW,EW,False,False,0.3662036689980051,0.9817138669315755,6556,7712,False,False,False,False
1787,CSS_J051331.5+002145,EW,EW,False,False,0.3760989563235731,1.0023215886621868,5351,6629,False,False,False,False
1788,CSS_J214201.4+203204,EW,EW,False,False,0.3546450005216082,0.9701952064642698,7712,7954,False,False,False,False
1789,CSS_J075953.1+604641,EW,EW,False,False,0.37840112886635724,0.9967291455594696,5080,6937,False,False,False,False
1790,CSS_J221308.6+251253,EW,EW,False,False,0.4627098617857336,1.1273277198910407,1074,1967,False,False,False,False
1791,CSS_J124115.1-023146,EW,EW,False,False,0.3563499710297418,1.1201475361639788,7581,2094,False,False,False,False
1792,CSS_J230628.0+334009,EW,EW,False,False,0.37411878257792625,1.003808320315526,5581,6536,False,False,False,False
1793,CSS_J210806.9+161812,EW,EW,False,False,0.3715909698468092,1.0895398350238426,5893,2790,False,False,False,False
1794,CSS_J010646.1-130315,EW,RRc,True,False,0.40024984891488596,1.0689675782408636,3155,3381,False,False,False,False
1795,CSS_J154355.7-083036,RRc,RRc,False,False,0.3782371261627848,1.0431323756107864,5097,4396,False,False,False,False
1796,CSS_J040605.2+275847,EW,EW,False,False,0.383870015769577,0.9574606241275762,4501,8000,False,False,False,False
1797,CSS_J221206.4+213719,EA,EA,False,False,0.573339723893309,1.149378952871718,185,1631,False,False,False,False
1798,CSS_J173753.4+370212,EW,EW,False,False,0.38022372334278537,1.0792888531012825,4896,3068,False,False,False,False
1799,CSS_J010557.5+411554,EW,EW,False,False,0.3699610691907635,0.9848609986083245,6097,7591,False,False,False,False
1800,CSS_J070420.3+492920,EW,EW,False,False,0.3496682118928491,0.9877466535425228,7956,7420,False,False,False,False
1801,CSS_J215054.7-011748,EA,EA,False,False,0.46561878481759983,1.0234166215164258,1016,5341,False,False,False,False
1802,CSS_J220300.4-062154,RRab,RRab,False,False,0.4244542527537319,1.0150448417045437,2038,5806,False,False,False,False
1803,CSS_J072854.8+371115,EW,EW,False,False,0.3669233723503001,0.976186918954198,6466,7859,False,False,False,False
1804,CSS_J172751.9+541518,EW,EW,False,False,0.3930956320362758,1.3493024922176369,3658,378,False,False,False,False
1805,CSS_J070940.9+564348,EW,EW,False,False,0.4398556845592752,1.1052283533369578,1582,2407,False,False,False,False
1806,CSS_J220439.8-071133,LPV,LPV,False,False,0.6867922255188783,1.005865879979755,49,6406,True,False,False,False
1807,CSS_J122126.4+092037,EW,EW,False,False,0.3718401271373839,1.0193822778288557,5852,5559,False,False,False,False
1808,CSS_J145113.7+345850,RRc,RRc,False,False,0.3593738246416906,1.1789343070292841,7293,1267,False,False,False,False
1809,CSS_J160507.1+254500,RRc,RRc,False,False,0.38831930979854673,1.004126099156006,4054,6518,False,False,False,False
1810,CSS_J091220.0+070145,EW,EW,False,False,0.4073238841478707,1.0210477196990682,2773,5471,False,False,False,False
1811,CSS_J173443.5+262550,EW,EW,False,False,0.36376030063129233,1.0362621348702343,6818,4699,False,False,False,False
1812,CSS_J203006.8-085954,EW,EW,False,False,0.36825943901960756,1.012369326777052,6310,5977,False,False,False,False
1813,CSS_J033819.1+231625,EW,EW,False,False,0.41343005509012093,0.9901508604535026,2483,7309,False,False,False,False
1814,CSS_J002816.5+381908,RS CVn,RS CVn,False,True,0.4178878290611131,1.0917510688547627,2290,2730,False,False,False,False
1815,CSS_J154900.4+021254,EW,EW,False,False,0.36342432485361725,1.0523042787768426,6855,3995,False,False,False,False
1816,CSS_J170913.5+374038,EW,EW,False,False,0.36516545571606035,1.5616594083243398,6668,108,False,True,False,False
1817,CSS_J092222.2+194727,RRc,RRc,False,False,0.4041022797663155,1.0308411772625574,2939,4980,False,False,False,False
1818,CSS_J083649.5+155600,RRc,EW,True,False,0.37442829950618434,1.2412261214058051,5538,802,False,False,False,False
1819,CSS_J175148.5+263849,LPV,LPV,False,False,0.7373409718032325,1.0504356851263357,22,4072,True,False,False,False
1820,CSS_J160712.0-014521,RRab,RRab,False,False,0.4376592398862498,1.039929882486036,1632,4535,False,False,False,False
1821,CSS_J155113.4-181530,RRab,RRab,False,False,0.3609872050060506,1.1145211812635458,7123,2212,False,False,False,False
1822,CSS_J045310.7+292354,EW,EW,False,False,0.36148460653850073,0.9896022825644912,7057,7334,False,False,False,False
1823,CSS_J154934.0+185228,EW,EW,False,False,0.4691378186236171,1.204067679148381,953,1057,False,False,False,False
1824,CSS_J165435.7+655131,RRc,RRc,False,False,0.3995948725900688,1.0152609632873686,3193,5795,False,False,False,False
1825,CSS_J225324.6-011404,EW,EW,False,False,0.38090007548483945,1.0701465716587282,4827,3329,False,False,False,False
1826,CSS_J035506.5+362408,EW,EW,False,False,0.3870549384343184,1.0137504678061129,4178,5896,False,False,False,False
1827,CSS_J010847.2-155429,RRc,RRc,False,False,0.4003867636027897,1.1118718887957064,3148,2269,False,False,False,False
1828,CSS_J123544.9+244853,RRc,RRc,False,False,0.39494002821130336,1.2456477953302032,3512,778,False,False,False,False
1829,CSS_J045516.9+175506,EA,EA,False,False,0.49714247243306636,1.1160117406536303,560,2179,False,False,False,False
1830,CSS_J221741.4+095025,EW,EW,False,False,0.4359868298265403,1.1184907903745689,1673,2129,False,False,False,False
1831,CSS_J025428.8+114527,EW,EW,False,False,0.39297827364366184,1.0723448337903174,3669,3272,False,False,False,False
1832,CSS_J214851.2+002427,RS CVn,RS CVn,False,True,0.4941333047500196,1.168660033822248,591,1391,False,False,False,False
1833,CSS_J032222.2+365634,EW,EW,False,False,0.4026735375965301,1.195861499523947,3018,1109,False,False,False,False
1834,CSS_J232750.8+424403,EW,EW,False,False,0.36689903377862443,0.9906085743606632,6471,7278,False,False,False,False
1835,CSS_J045445.7-013331,EA,EA,False,False,0.5545025315947827,1.0887778127497119,239,2814,False,False,False,False
1836,CSS_J232939.5-101805,EW,EW,False,False,0.4612129748804855,1.319752559493364,1097,453,False,False,False,False
1837,CSS_J230312.3+341714,EW,EW,False,False,0.37109126646773527,1.0592206795458583,5967,3723,False,False,False,False
1838,CSS_J101436.8-095639,RRc,RRc,False,False,0.4107352436071466,1.2300148712225694,2619,859,False,False,False,False
1839,CSS_J042206.4+080133,EW,EW,False,False,0.37304431156887297,1.0551426978023488,5706,3876,False,False,False,False
1840,CSS_J082307.3+224249,EW,EW,False,False,0.3647736966730851,0.9966713236982605,6716,6940,False,False,False,False
1841,CSS_J041252.1-182702,EA,EA,False,False,0.5115852577355438,1.0163155878131198,443,5741,False,False,False,False
1842,CSS_J133931.3+035140,LPV,LPV,False,False,0.7118200413248089,1.0303427021339324,34,5007,True,False,False,False
1843,CSS_J022742.5+044402,EW,EW,False,False,0.3834953648774187,1.0167638447962903,4546,5718,False,False,False,False
1844,CSS_J052418.6-012154,EW,EW,False,False,0.5271915469458337,1.4806585384183581,360,176,False,False,False,False
1845,CSS_J075040.5+132310,EW,EW,False,False,0.3962260305911471,1.0789812155576923,3413,3078,False,False,False,False
1846,CSS_J004320.6+022240,RRc,RRc,False,False,0.3882916668998353,1.000225300057517,4057,6749,False,False,False,False
1847,CSS_J112049.2+471856,EA,EA,False,False,0.4711582666912626,1.0289681595045819,914,5059,False,False,False,False
1848,CSS_J222132.2+325234,EW,EW,False,False,0.36589811039717357,1.0527035695503186,6591,3977,False,False,False,False
1849,CSS_J172130.5+420835,RS CVn,RS CVn,False,True,0.565072293073748,1.5370420146696626,212,125,False,True,False,False
1850,CSS_J110743.0+111510,RRc,RRc,False,False,0.411624129243286,1.0853675313284414,2565,2896,False,False,False,False
1851,CSS_J170438.6+232700,RRab,RRab,False,False,0.38783309927737264,1.06303444276179,4100,3591,False,False,False,False
1852,CSS_J111320.0-115406,EA,EW,True,False,0.38768793321370054,1.0574500655788133,4113,3788,False,False,False,False
1853,CSS_J044105.9+280007,EW,EW,False,False,0.41389122051322874,1.0066485303634984,2449,6342,False,False,False,False
1854,CSS_J000518.7+420822,EW,EW,False,False,0.36220758599619785,1.0108981474337404,6985,6086,False,False,False,False
1855,CSS_J101902.2+560804,RRab,RRab,False,False,0.4222710502944858,1.2648548567007247,2124,674,False,False,False,False
1856,CSS_J163547.5+031849,RRc,RRc,False,False,0.38042927157174905,1.014726653733465,4874,5833,False,False,False,False
1857,CSS_J030952.8+291410,EW,EW,False,False,0.3633134743323687,0.9780952026269196,6866,7822,False,False,False,False
1858,CSS_J030117.6+324908,EW,EW,False,False,0.35549912814748813,1.0079930560960257,7649,6261,False,False,False,False
1859,CSS_J181405.1+340752,EW,EW,False,False,0.3952907208075542,1.0960017543897644,3486,2628,False,False,False,False
1860,CSS_J014715.4+211203,EW,EW,False,False,0.38293051862805116,1.0972325984573734,4612,2604,False,False,False,False
1861,CSS_J141827.7-113444,EA,EA,False,False,0.4447908621872927,1.3536983202218917,1450,368,False,False,False,False
1862,CSS_J132532.7+164942,RRc,RRc,False,False,0.3911731394280737,1.0985101871496807,3819,2577,False,False,False,False
1863,CSS_J160658.4+021404,EW,EW,False,False,0.4074395320847669,1.0568137675848308,2767,3815,False,False,False,False
1864,CSS_J173323.1+203242,EA,EA,False,False,0.44331185909377935,1.1037155747581688,1491,2436,False,False,False,False
1865,CSS_J212125.7-074451,EW,EW,False,False,0.4136086770844012,1.17737260444667,2470,1288,False,False,False,False
1866,CSS_J004729.7+153209,EW,EW,False,False,0.3550688374187127,0.9752049818423305,7675,7876,False,False,False,False
1867,CSS_J205759.9+060330,RRc,RRc,False,False,0.36413951566096225,1.0646076467558026,6773,3534,False,False,False,False
1868,CSS_J235905.0+385227,EW,EW,False,False,0.3532404784273925,1.0076341581383756,7805,6283,False,False,False,False
1869,CSS_J070054.8+445512,RS CVn,RS CVn,False,True,0.46978472598205484,1.6399595789663675,939,70,False,True,False,False
1870,CSS_J093554.9+240550,EW,EW,False,False,0.3673993432779976,0.9868750449352002,6407,7484,False,False,False,False
1871,CSS_J124746.2+201548,RRc,RRc,False,False,0.35244326602659853,1.039542805034391,7843,4550,False,False,False,False
1872,CSS_J150736.0+100502,RRc,EW,True,False,0.36426299213263036,1.2612656980526715,6765,700,False,False,False,False
1873,CSS_J051541.8-111051,RS CVn,RS CVn,False,True,0.4064508370704512,1.540101856980866,2809,121,False,True,False,False
1874,CSS_J230900.4+371512,EW,EW,False,False,0.35022236719669136,1.023588332264951,7943,5337,False,False,False,False
1875,CSS_J124230.4+305524,EW,EW,False,False,0.35725698355087643,1.0768572993190266,7490,3147,False,False,False,False
1876,CSS_J032702.0+382328,EW,EW,False,False,0.3600480347542773,1.0427169123727704,7226,4419,False,False,False,False
1877,CSS_J010742.1+242442,EA,EA,False,False,0.4868173619699038,1.0047442138018376,676,6478,False,False,False,False
1878,CSS_J020001.6+330339,EW,EW,False,False,0.3611862779298451,1.0480491985422336,7093,4168,False,False,False,False
1879,CSS_J233953.2+252422,EW,EW,False,False,0.3840352988365561,1.0229252154184691,4483,5363,False,False,False,False
1880,CSS_J034703.1+282208,EW,EW,False,False,0.371110868336684,0.9968951464497632,5965,6927,False,False,False,False
1881,CSS_J144803.6+092856,EA,EW,True,False,0.441085737589598,1.0859497568278758,1545,2882,False,False,False,False
1882,CSS_J141610.7+495751,EW,EW,False,False,0.37161696490328205,1.0064178039769665,5887,6361,False,False,False,False
1883,CSS_J082832.4-041507,EW,EW,False,False,0.3881834464250584,1.1476958530186894,4068,1665,False,False,False,False
1884,CSS_J213800.3-151517,EW,EW,False,False,0.41333329413981684,1.0481322241169515,2487,4167,False,False,False,False
1885,CSS_J010408.6+253857,EW,EW,False,False,0.41506721137801733,1.1447285718051328,2394,1705,False,False,False,False
1886,CSS_J124126.9+314148,EW,EW,False,False,0.3554282649967335,1.0289945416146467,7653,5057,False,False,False,False
1887,CSS_J092850.5+420026,EW,EA,True,False,0.43498178754158434,1.034912872090082,1697,4761,False,False,False,False
1888,CSS_J163408.9+262105,EW,EW,False,False,0.36844640561552583,0.9808922230097863,6288,7734,False,False,False,False
1889,CSS_J092710.7-012646,EW,EA,True,False,0.4135446974010045,0.9967947946914133,2478,6934,False,False,False,False
1890,CSS_J135720.3+371455,EW,EW,False,False,0.3724756738725084,0.9749199531779713,5762,7881,False,False,False,False
1891,CSS_J211858.4+010023,EW,EW,False,False,0.3847882856119819,1.030152315356051,4403,5011,False,False,False,False
1892,CSS_J170250.9-052236,RRab,RRc,True,False,0.4787227440683251,1.0463849049877796,809,4253,False,False,False,False
1893,CSS_J164133.7+210918,RRc,RRc,False,False,0.36702091613102106,0.9603909385823085,6453,7997,False,False,False,False
1894,CSS_J092422.3+022940,EW,EW,False,False,0.3876787183410956,1.3327464584434443,4115,423,False,False,False,False
1895,CSS_J074817.1+102910,EW,EW,False,False,0.3696649640508737,1.02229002425406,6130,5405,False,False,False,False
1896,CSS_J092431.5+492258,RRc,RRc,False,False,0.43777525990130384,1.068532236157663,1631,3392,False,False,False,False
1897,CSS_J092651.1+261431,EW,EW,False,False,0.44179691773532287,1.2601591420822211,1528,707,False,False,False,False
1898,CSS_J113258.3-115728,RRc,RRc,False,False,0.3815520128956201,1.0740877609772972,4742,3218,False,False,False,False
1899,CSS_J091109.0+241404,EW,EW,False,False,0.4461167691096614,1.1028128972331792,1415,2464,False,False,False,False
1900,CSS_J095206.5-042703,EW,EW,False,False,0.3800119139864269,1.132699938886315,4920,1886,False,False,False,False
1901,CSS_J051711.6+162244,EW,EW,False,False,0.3898994570173363,1.1440439039380845,3910,1714,False,False,False,False
1902,CSS_J224828.6-015159,EW,EW,False,False,0.3541765565012141,1.017726052235386,7745,5667,False,False,False,False
1903,CSS_J165922.3+481018,EW,EW,False,False,0.36791372498445646,0.9960203554010837,6354,6975,False,False,False,False
1904,CSS_J080555.2+410636,EA,EA,False,False,0.4113407364027326,0.9918015708065878,2578,7210,False,False,False,False
1905,CSS_J080940.3+453357,EW,EW,False,False,0.3677281380717817,1.0586179302861478,6374,3745,False,False,False,False
1906,CSS_J091657.4-152254,EW,EW,False,False,0.4137661565828454,1.166664285212637,2460,1419,False,False,False,False
1907,CSS_J052210.4-143218,EW,EW,False,False,0.395245454475021,1.0306057747895023,3490,4992,False,False,False,False
1908,CSS_J060117.6-120156,EW,EW,False,False,0.38090364651666064,1.1185177206510724,4826,2127,False,False,False,False
1909,CSS_J025002.3+340740,EA,EA,False,False,0.4209559573927581,1.0202735981181803,2164,5506,False,False,False,False
1910,CSS_J205418.3+050618,EW,EW,False,False,0.36317888457290937,1.0425448818428718,6882,4436,False,False,False,False
1911,CSS_J175239.1+480801,RRc,EW,True,False,0.3754047396231299,0.9760397289688756,5423,7865,False,False,False,False
1912,CSS_J105029.1+384631,EW,EW,False,False,0.36401475183106463,1.038276621664253,6789,4605,False,False,False,False
1913,CSS_J090131.9+011431,EW,EW,False,False,0.3780471136048663,0.9897363752751772,5123,7328,False,False,False,False
1914,CSS_J150618.9+014158,RRc,RRc,False,False,0.5481079139565319,1.0092213597661719,266,6165,False,False,False,False
1915,CSS_J070904.8+574419,EA,EA,False,False,0.46376538963805103,1.0228261113141355,1053,5372,False,False,False,False
1916,CSS_J075953.2+124831,EW,EW,False,False,0.39421208558468673,1.0282394910542878,3573,5096,False,False,False,False
1917,CSS_J172921.1+181159,EA,EA,False,False,0.48368981378647297,1.1065678992240744,720,2379,False,False,False,False
1918,CSS_J161532.6+244037,RRd,EW,True,True,0.36731964272681783,1.0401420733351698,6415,4524,False,False,False,False
1919,CSS_J081703.9-043345,EA,EA,False,False,0.4770342156257066,1.119022336588678,830,2120,False,False,False,False
1920,CSS_J164644.2+260927,RRc,EW,True,False,0.4171100864667919,1.1036374432150067,2315,2439,False,False,False,False
1921,CSS_J164924.5+180037,EW,EW,False,False,0.5164000831456621,1.32357633572063,412,441,False,False,False,False
1922,CSS_J165503.3+134754,EA,EA,False,False,0.4174384438790183,0.9807359397139054,2303,7738,False,False,False,False
1923,CSS_J041633.5+223927,EW,EW,False,False,0.3774848832352929,1.0379591273003863,5185,4621,False,False,False,False
1924,CSS_J014305.2+000200,EW,EW,False,False,0.42351219520338873,1.028143423866759,2066,5100,False,False,False,False
1925,CSS_J203518.4-032636,EW,EW,False,False,0.3578714954534178,0.9919612627011081,7444,7205,False,False,False,False
1926,CSS_J034621.7-124307,EA,EA,False,False,0.5494060542481081,1.1372299968903339,260,1805,False,False,False,False
1927,CSS_J162913.1+035003,EW,EW,False,False,0.3658233100070537,1.0213766142036478,6602,5450,False,False,False,False
1928,CSS_J024853.8+200644,EW,EW,False,False,0.3507419659727126,0.9805739862716282,7924,7742,False,False,False,False
1929,CSS_J134754.1+010053,EW,EW,False,False,0.36425691406576727,1.0477571550869875,6766,4189,False,False,False,False
1930,CSS_J220659.8+182726,EW,EW,False,False,0.4082259301695889,1.0606433438595144,2728,3663,False,False,False,False
1931,CSS_J090632.3+112930,EW,RS CVn,True,False,0.40740343903875237,1.1269011507353701,2768,1974,False,False,False,False
1932,CSS_J045312.4-013858,RRc,RRc,False,False,0.38272449664971975,1.075027905852618,4625,3194,False,False,False,False
1933,CSS_J030235.7+341053,EW,EW,False,False,0.3640408149298028,1.002551502829792,6784,6613,False,False,False,False
1934,CSS_J221523.4+181242,EA,EA,False,False,0.4197241713205067,1.0145009148995432,2213,5846,False,False,False,False
1935,CSS_J232330.9+391200,EW,EW,False,False,0.36701125889746317,1.0072323169209745,6455,6311,False,False,False,False
1936,CSS_J173924.9+423849,EW,EW,False,False,0.37221444940238174,1.1395345544449467,5797,1775,False,False,False,False
1937,CSS_J050519.2+164940,EW,EW,False,False,0.36631673335140413,1.023607331344805,6544,5336,False,False,False,False
1938,CSS_J115610.8-162758,RRc,RRc,False,False,0.39864973467915826,1.0918950019441511,3256,2725,False,False,False,False
1939,CSS_J112802.2-050144,RS CVn,EW,True,True,0.4252948505358967,1.1712607820513687,2014,1358,False,False,False,False
1940,CSS_J153041.5+452103,EW,EW,False,False,0.3611645501208235,1.174932242886729,7096,1311,False,False,False,False
1941,CSS_J163629.4-050559,EW,EW,False,False,0.3764783431047593,1.026548309645783,5303,5178,False,False,False,False
1942,CSS_J203040.7-085221,EW,EW,False,False,0.45834712045451825,1.0425450743871965,1147,4435,False,False,False,False
1943,CSS_J160952.9-083852,RRd,RRc,True,True,0.42969122933372117,1.046941291316927,1866,4223,False,False,False,False
1944,CSS_J202239.8-120607,RRab,RRab,False,False,0.44700859015711564,1.022062242573413,1397,5411,False,False,False,False
1945,CSS_J205253.5-182248,RRab,RRab,False,False,0.5192303088345799,1.087825714796187,397,2834,False,False,False,False
1946,CSS_J081419.5+175420,EW,EW,False,False,0.37691322469945376,1.0064255554450736,5245,6360,False,False,False,False
1947,CSS_J103505.2-182932,EW,EW,False,False,0.38371883904401693,1.088783492106978,4522,2813,False,False,False,False
1948,CSS_J223130.6+141700,EA,EA,False,False,0.41842228294083583,1.0082597402317932,2264,6245,False,False,False,False
1949,CSS_J220512.2+035915,EW,EW,False,False,0.3642149205914038,1.008992899161282,6769,6186,False,False,False,False
1950,CSS_J050632.8+064059,EA,EA,False,False,0.4441408554906951,1.028747844610574,1472,5070,False,False,False,False
1951,CSS_J162340.4+130118,EW,EW,False,False,0.36812448740935094,0.9832311929665021,6331,7654,False,False,False,False
1952,CSS_J112105.9+571927,RRab,RRab,False,False,0.3927272132203575,1.233318443328968,3690,844,False,False,False,False
1953,CSS_J102004.9-110716,EW,EW,False,False,0.45440070905187563,1.1613344402089045,1226,1483,False,False,False,False
1954,CSS_J203953.5-050412,EW,EW,False,False,0.3764410732188272,1.0598000124863174,5307,3697,False,False,False,False
1955,CSS_J221543.1-011053,EA,EA,False,False,0.5282661140020558,1.1101020318512769,351,2299,False,False,False,False
1956,CSS_J012928.5+112057,EA,EA,False,False,0.46592550044850745,1.005978369191106,1009,6397,False,False,False,False
1957,CSS_J051156.6+011756,EW,EW,False,False,0.364110896926991,1.0263124370644718,6779,5191,False,False,False,False
1958,CSS_J082142.1+134332,EW,EW,False,False,0.3854792371020609,1.0103121482871023,4331,6119,False,False,False,False
1959,CSS_J150015.0+245335,EW,EW,False,False,0.36388537839898927,1.001119555791353,6811,6690,False,False,False,False
1960,CSS_J144800.4+525419,RRd,RRc,True,True,0.3753941707602431,1.0109259749007227,5425,6081,False,False,False,False
1961,CSS_J203726.4-120339,EW,EW,False,False,0.4117234114835081,1.1738843150878504,2558,1324,False,False,False,False
1962,CSS_J051750.0+213843,EW,EW,False,False,0.3500703403536181,1.0192911289084585,7949,5565,False,False,False,False
1963,CSS_J165159.5+492726,EW,EW,False,False,0.3554927902255353,1.0005390504110783,7650,6727,False,False,False,False
1964,CSS_J164845.4+640849,EW,EW,False,False,0.36596943419430844,0.9987996595008427,6577,6826,False,False,False,False
1965,CSS_J130009.2+180534,RRc,RRc,False,False,0.3882451625380144,1.0601536817858455,4060,3679,False,False,False,False
1966,CSS_J035434.7+410429,EW,EW,False,False,0.4265120288984334,1.0527564142277765,1967,3972,False,False,False,False
1967,CSS_J024234.7+054412,EW,EW,False,False,0.36785792773363535,1.0384146722293086,6363,4602,False,False,False,False
1968,CSS_J082144.3-014552,EW,EW,False,False,0.4676469363138843,1.1209282344375935,980,2077,False,False,False,False
1969,CSS_J112758.4+233511,EA,EA,False,False,0.5329417972407998,1.0116307024030913,331,6030,False,False,False,False
1970,CSS_J075044.1+310808,EA,EW,True,False,0.435137601741177,1.0669068083795168,1693,3452,False,False,False,False
1971,CSS_J041959.9+354357,EW,EW,False,False,0.4098295817471634,1.0640335933346672,2652,3547,False,False,False,False
1972,CSS_J090744.5+024735,EW,EW,False,False,0.362777613776169,0.9800559514175873,6922,7757,False,False,False,False
1973,CSS_J155222.2+122035,RRc,RRc,False,False,0.3659356658400548,0.9686777333353692,6582,7967,False,False,False,False
1974,CSS_J223120.2+300335,EW,EW,False,False,0.36392028702444407,1.0086999285154594,6804,6215,False,False,False,False
1975,CSS_J215402.4-034135,EA,EW,True,False,0.3771661130604835,1.1165006970738678,5216,2169,False,False,False,False
1976,CSS_J232844.0+142915,EW,EA,True,False,0.4119013363733292,1.0465286168729924,2552,4242,False,False,False,False
1977,CSS_J122930.3+001328,RRc,RRc,False,False,0.414582626394143,1.2222795258042654,2416,920,False,False,False,False
1978,CSS_J134738.1+041001,EW,EW,False,False,0.3987049177881904,1.1876852578708696,3251,1179,False,False,False,False
1979,CSS_J093400.3+573350,EW,EW,False,False,0.40890039312102366,1.455920050588457,2703,204,False,False,False,False
1980,CSS_J150218.7+430300,EW,EW,False,False,0.4306413505471475,1.0265537408738192,1831,5176,False,False,False,False
1981,CSS_J003134.7+085737,EW,EW,False,False,0.35808241588700745,1.1337248198051297,7427,1869,False,False,False,False
1982,CSS_J171355.0+473803,RRc,EW,True,False,0.4474938371647831,1.0008697943867264,1387,6706,False,False,False,False
1983,CSS_J013416.3-072438,EW,EW,False,False,0.46036040909863163,1.2954292727863244,1113,549,False,False,False,False
1984,CSS_J043817.5+085723,EW,EW,False,False,0.3650561918423875,1.0085828545352125,6679,6220,False,False,False,False
1985,CSS_J042451.9+324655,EW,EW,False,False,0.35955825930085533,0.976780901140201,7272,7849,False,False,False,False
1986,CSS_J010454.6+334850,EW,EW,False,False,0.4097600171130297,1.1182748216067122,2657,2140,False,False,False,False
1987,CSS_J143002.2+002329,RS CVn,RS CVn,False,True,0.4237877638404365,1.1740313675792695,2056,1319,False,False,False,False
1988,CSS_J144734.5+385314,EA,EA,False,False,0.457763111706712,1.035740660955518,1158,4724,False,False,False,False
1989,CSS_J050641.8+103514,EW,EW,False,False,0.4191979010911985,1.0486351641230232,2238,4143,False,False,False,False
1990,CSS_J013736.2+372045,EW,EW,False,False,0.3987048088241365,1.0138305131013199,3252,5889,False,False,False,False
1991,CSS_J164339.7+430414,EW,EW,False,False,0.3865663208547362,1.1889853667911576,4217,1165,False,False,False,False
1992,CSS_J213254.0-013747,EW,EW,False,False,0.3629330380457569,1.0558648114158895,6907,3848,False,False,False,False
1993,CSS_J050853.7+114335,EW,EW,False,False,0.3961428323387057,1.013473229179868,3420,5910,False,False,False,False
1994,CSS_J044331.2+300749,EW,EW,False,False,0.3975519666054991,1.134346860747553,3329,1863,False,False,False,False
1995,CSS_J163950.0+495409,RRc,RRc,False,False,0.37048086111792955,1.0178914887619808,6038,5654,False,False,False,False
1996,CSS_J090031.2+010442,RRc,RRc,False,False,0.3666177450941869,1.078290165648878,6511,3097,False,False,False,False
1997,CSS_J174147.5+434331,EW,EW,False,False,0.3646746908591609,0.9906257812692354,6725,7276,False,False,False,False
1998,CSS_J070127.8+485022,EW,EW,False,False,0.5032741195415852,1.3248623237812456,514,437,False,False,False,False
1999,CSS_J024310.5+342854,EW,EW,False,False,0.3985572410217385,1.0028071006533408,3264,6597,False,False,False,False
2000,CSS_J131732.8+073648,RRab,RRab,False,False,0.43153812827595156,1.1712313958264051,1801,1360,False,False,False,False
2001,CSS_J172027.2+345914,EW,EW,False,False,0.3777016062678645,0.9734987410818665,5169,7911,False,False,False,False
2002,CSS_J040046.6-142910,EA,EA,False,False,0.5490493653667126,1.1833651037358262,264,1227,False,False,False,False
2003,CSS_J111120.4+462547,EW,EW,False,False,0.42674806437474316,1.1162854210622086,1960,2174,False,False,False,False
2004,CSS_J210350.4+033719,EW,EW,False,False,0.46646523302809934,1.1368521139853855,1001,1810,False,False,False,False
2005,CSS_J045601.4+095559,EW,EW,False,False,0.3724442588252757,1.0440884875925807,5770,4358,False,False,False,False
2006,CSS_J222440.6+032131,EW,EW,False,False,0.3545470701767793,1.0793637776771123,7720,3064,False,False,False,False
2007,CSS_J045535.3+213800,RS CVn,RS CVn,False,True,0.5390801759304773,1.396946847227911,299,281,False,False,False,False
2008,CSS_J080508.5+060957,EW,EW,False,False,0.3722145787194818,1.069753861554942,5796,3349,False,False,False,False
2009,CSS_J044135.4-193023,EW,EW,False,False,0.3704625327974067,0.9919824318595062,6042,7204,False,False,False,False
2010,CSS_J133738.0+460612,EW,EW,False,False,0.3757542738046549,1.1037982455502533,5391,2431,False,False,False,False
2011,CSS_J075212.0+215855,EW,EW,False,False,0.3614900867590716,1.0039192469568377,7056,6529,False,False,False,False
2012,CSS_J003847.7+061658,EW,EW,False,False,0.3644263655623711,0.9929637352279329,6750,7138,False,False,False,False
2013,CSS_J024138.1+374857,EW,EA,True,False,0.4222803754226506,0.9822797482219553,2123,7687,False,False,False,False
2014,CSS_J140315.9+211354,RS CVn,EW,True,True,0.4410087101645615,1.3569361082503826,1549,359,False,False,False,False
2015,CSS_J181120.4+330017,EW,EW,False,False,0.3581337120536206,1.1578263926612122,7420,1530,False,False,False,False
2016,CSS_J204108.2-090443,EW,EW,False,False,0.40390556618701134,1.1630705513695412,2944,1462,False,False,False,False
2017,CSS_J090022.9-070630,EW,EW,False,False,0.3838216536435142,1.1205045386957972,4510,2086,False,False,False,False
2018,CSS_J083737.2+143555,EA,EA,False,False,0.5133028865604671,1.173030957453984,432,1333,False,False,False,False
2019,CSS_J234816.9+411449,EW,EW,False,False,0.3704880497141552,1.0093856356099686,6036,6158,False,False,False,False
2020,CSS_J221746.2-063711,EW,EW,False,False,0.38485810405585374,1.059580744080737,4395,3707,False,False,False,False
2021,CSS_J092518.5-090843,RRc,RRc,False,False,0.397875477483382,1.0869865351336385,3312,2853,False,False,False,False
2022,CSS_J132611.9+184445,RRc,RRc,False,False,0.40670792443838116,1.06131729280631,2797,3649,False,False,False,False
2023,CSS_J132613.8-084607,RRc,EW,True,False,0.39687071686081865,1.5894397426441,3377,91,False,True,False,False
2024,CSS_J022003.0-032909,EW,EW,False,False,0.39564364616658526,0.992495668871204,3455,7167,False,False,False,False
2025,CSS_J140500.5-183725,EW,EW,False,False,0.3620317496763912,1.1811291363307945,7004,1248,False,False,False,False
2026,CSS_J214746.9+212317,EW,EW,False,False,0.35279331002119924,0.9732544550895822,7825,7917,False,False,False,False
2027,CSS_J083105.9-020936,EW,EW,False,False,0.37418199602598334,1.099075947807829,5573,2561,False,False,False,False
2028,CSS_J163754.1+495616,EA,EA,False,False,0.5920161501464161,1.317141344788873,145,460,True,False,False,False
2029,CSS_J042124.2+011617,EW,EW,False,False,0.3592689406678531,1.1220560678365419,7302,2049,False,False,False,False
2030,CSS_J223109.6+230759,EW,EW,False,False,0.35080536938693224,1.0038917109147754,7923,6531,False,False,False,False
2031,CSS_J150632.5+273204,EA,EA,False,False,0.44982197922126727,1.0717250340427578,1329,3280,False,False,False,False
2032,CSS_J134041.1-082446,EA,EA,False,False,0.5433005823415105,1.133183441463157,281,1876,False,False,False,False
2033,CSS_J054307.6+075043,EW,EW,False,False,0.3984161201280079,1.2292285872103088,3274,865,False,False,False,False
2034,CSS_J135645.2+260641,RRc,RRc,False,False,0.4419162981227069,1.0694507484004205,1525,3363,False,False,False,False
2035,CSS_J030037.5-023228,RRc,EW,True,False,0.42606766151754166,1.022580464266041,1985,5385,False,False,False,False
2036,CSS_J135056.0+621913,RRc,RRc,False,False,0.3778084065976608,1.0153851804433371,5151,5788,False,False,False,False
2037,CSS_J144428.1+100343,RRc,RRc,False,False,0.3784712628968245,0.998212748009046,5072,6865,False,False,False,False
2038,CSS_J150248.6+032402,RRc,RRc,False,False,0.43312290078380217,0.981596403288127,1752,7717,False,False,False,False
2039,CSS_J170047.1+163025,EW,EW,False,False,0.35464949345864744,1.0306506259839823,7711,4989,False,False,False,False
2040,CSS_J161617.7+624911,EW,EW,False,False,0.4304993746369558,1.5349243665448742,1836,127,False,True,False,False
2041,CSS_J003209.3-113221,EW,EW,False,False,0.3984388955588532,1.01734875246858,3273,5686,False,False,False,False
2042,CSS_J171423.7+130041,EW,EW,False,False,0.3958070469030705,0.9959001395610688,3443,6980,False,False,False,False
2043,CSS_J095924.6+164621,EA,EA,False,False,0.5686361485453233,1.0794443535452491,199,3063,False,False,False,False
2044,CSS_J221157.9+175841,EW,EW,False,False,0.36749090233385595,1.0627893514759161,6398,3597,False,False,False,False
2045,CSS_J101633.5+513602,EW,EW,False,False,0.4719197660918372,1.1813083228184071,903,1247,False,False,False,False
2046,CSS_J112939.0+161745,EW,EW,False,False,0.35528934701953474,0.989498081353932,7659,7340,False,False,False,False
2047,CSS_J205236.0+021950,EW,EW,False,False,0.37425884690922,1.0295262711351616,5561,5031,False,False,False,False
2048,CSS_J072000.9+391310,EW,EW,False,False,0.3742282980097977,0.9922195515907015,5563,7185,False,False,False,False
2049,CSS_J145433.7+314122,EW,EW,False,False,0.39749161724943,1.0288940735354957,3336,5061,False,False,False,False
2050,CSS_J214007.1+155612,EW,EW,False,False,0.3836590102066058,1.0215544436961372,4528,5442,False,False,False,False
2051,CSS_J040112.6+340944,EA,EA,False,False,0.418495929678643,1.0497942532601237,2258,4098,False,False,False,False
2052,CSS_J080050.2+312115,RS CVn,EW,True,True,0.5081718411868289,1.0769795831257758,473,3139,False,False,False,False
2053,CSS_J084342.8+330014,EW,EW,False,False,0.3734446911383504,0.9970774286443188,5663,6919,False,False,False,False
2054,CSS_J101841.7-034127,EW,RS CVn,True,False,0.4271220128216614,1.4579271827260354,1946,199,False,False,False,False
2055,CSS_J135522.4+044151,RS CVn,EA,True,True,0.5617187534281407,1.2750939012771738,219,627,False,False,False,False
2056,CSS_J134739.4-080206,EW,EW,False,False,0.3650549137761363,1.0792306638766183,6680,3069,False,False,False,False
2057,CSS_J092059.5+043044,EW,EW,False,False,0.4045470959322621,1.1166295188649165,2917,2167,False,False,False,False
2058,CSS_J172106.1+235333,EW,EW,False,False,0.35668297807616584,1.096603076323293,7543,2619,False,False,False,False
2059,CSS_J040829.2-102656,EW,EW,False,False,0.3891014605973357,1.1420026923009126,3984,1738,False,False,False,False
2060,CSS_J170224.7+491340,RRc,RRc,False,False,0.39243716525392186,1.0173167684757174,3716,5688,False,False,False,False
2061,CSS_J223128.8+233703,EW,EW,False,False,0.4300192674772764,1.1267760940297893,1858,1977,False,False,False,False
2062,CSS_J005445.6-114706,EA,EW,True,False,0.5738670435017245,1.38402314492114,183,307,False,False,False,False
2063,CSS_J225041.8+310056,EW,EW,False,False,0.3606959011494368,1.006304212403839,7154,6368,False,False,False,False
2064,CSS_J175747.5+464546,RS CVn,RS CVn,False,True,0.40793950747763186,1.1608715789125221,2741,1497,False,False,False,False
2065,CSS_J155730.4+571514,EW,EW,False,False,0.35158112370241645,1.0028155228604558,7887,6595,False,False,False,False
2066,CSS_J173835.5+440040,RRc,RRc,False,False,0.3771920975314995,0.9918315918109387,5213,7209,False,False,False,False
2067,CSS_J032617.0+341158,EW,EW,False,False,0.3695477856904872,1.0700212316867377,6147,3332,False,False,False,False
2068,CSS_J021030.5+341343,EW,EW,False,False,0.3660168667951327,1.0466547597074194,6573,4234,False,False,False,False
2069,CSS_J172254.1+220332,EW,EW,False,False,0.3627025976314334,0.9985196713668643,6933,6847,False,False,False,False
2070,CSS_J081021.2+221302,EW,EW,False,False,0.3845803784068486,1.0351298434698761,4426,4749,False,False,False,False
2071,CSS_J024553.3+343239,EW,EW,False,False,0.5354116211331373,1.4033835689930387,313,268,False,False,False,False
2072,CSS_J213821.1+084831,EW,EW,False,False,0.4102694701039783,0.9905137430814088,2633,7283,False,False,False,False
2073,CSS_J055601.6-101002,EW,EW,False,False,0.3586353524403266,1.017969422318068,7359,5648,False,False,False,False
2074,CSS_J065133.1+345015,EW,EA,True,False,0.46156424115147904,1.0056727505705623,1092,6423,False,False,False,False
2075,CSS_J021049.0+293051,EA,EA,False,False,0.4399927712821038,1.0262280996769297,1576,5195,False,False,False,False
2076,CSS_J212412.1+121228,EW,EW,False,False,0.37818577137181203,0.9857135197189125,5101,7544,False,False,False,False
2077,CSS_J033627.5+194427,EW,EW,False,False,0.40172320777392306,1.1112136951229687,3076,2281,False,False,False,False
2078,CSS_J201258.0-145732,RRab,RRab,False,False,0.40156273138844584,1.406341101256762,3086,263,False,False,False,False
2079,CSS_J124745.7+204356,EW,EW,False,False,0.36226349991127094,1.052775470746783,6979,3970,False,False,False,False
2080,CSS_J143051.3-163933,RRab,RRab,False,False,0.4008324620450704,1.0881973798188496,3121,2827,False,False,False,False
2081,CSS_J160419.1+284032,EW,EW,False,False,0.35697644670788375,1.0055659857903714,7519,6429,False,False,False,False
2082,CSS_J142855.0+573024,RRab,RRab,False,False,0.3800536336360116,1.099383630484594,4915,2555,False,False,False,False
2083,CSS_J212325.5+100648,EA,EA,False,False,0.3843671282560524,1.0344396811812069,4445,4784,False,False,False,False
2084,CSS_J004928.6+264720,EW,EW,False,False,0.3712881724669996,0.984211369680789,5936,7615,False,False,False,False
2085,CSS_J031756.5+232304,EW,EW,False,False,0.35119442496189923,1.0111416963246502,7907,6059,False,False,False,False
2086,CSS_J171159.6+513346,EW,EW,False,False,0.38118363241813313,1.233986881172116,4788,840,False,False,False,False
2087,CSS_J132320.8+292831,RS CVn,RS CVn,False,True,0.5421420498260371,1.0154396907602026,286,5785,False,False,False,False
2088,CSS_J123329.5-133045,EW,EW,False,False,0.358822086847203,1.0091933924992176,7340,6167,False,False,False,False
2089,CSS_J231827.2+014304,EW,EA,True,False,0.40160587659206476,0.972922317305976,3083,7922,False,False,False,False
2090,CSS_J022237.8+061811,EA,EA,False,False,0.4445832479463483,0.9746165558469517,1461,7886,False,False,False,False
2091,CSS_J073826.5+461623,EW,EW,False,False,0.3990371942279515,1.0044868575386858,3224,6499,False,False,False,False
2092,CSS_J155932.7-184006,RRab,RRab,False,False,0.394879048916079,1.134731873305296,3518,1849,False,False,False,False
2093,CSS_J074253.2+224632,EW,EW,False,False,0.375990707497954,1.0278907042444703,5363,5112,False,False,False,False
2094,CSS_J224030.9+174330,EW,EW,False,False,0.35968735581398,0.9839615452996121,7260,7623,False,False,False,False
2095,CSS_J021146.8+374221,EW,EW,False,False,0.3950148937541611,1.0866264019662708,3505,2865,False,False,False,False
2096,CSS_J165105.4+400739,RRc,RRc,False,False,0.3663898966063899,1.162003346360685,6534,1475,False,False,False,False
2097,CSS_J034350.3+385142,EW,EW,False,False,0.37095537563187536,1.0092220425790863,5981,6164,False,False,False,False
2098,CSS_J231304.9+120115,RS CVn,RS CVn,False,True,0.3861751480417351,1.0820567727315495,4258,2990,False,False,False,False
2099,CSS_J070031.6+493209,EW,EW,False,False,0.4295937133721376,1.0055001157278949,1871,6438,False,False,False,False
2100,CSS_J173446.1+313246,EW,EW,False,False,0.3749836566639214,1.0028780958038581,5470,6592,False,False,False,False
2101,CSS_J140613.9+033141,LPV,LPV,False,False,0.591961432629265,0.9876748695240952,146,7426,True,False,False,False
2102,CSS_J155658.7-142828,RRab,RRab,False,False,0.45221556747964364,1.0139356187745057,1282,5883,False,False,False,False
2103,CSS_J132227.6-011515,EW,EW,False,False,0.4259278055647332,1.066119244731523,1992,3483,False,False,False,False
2104,CSS_J075755.7+231356,RRc,EW,True,False,0.38210748220657426,1.1436998245437786,4677,1717,False,False,False,False
2105,CSS_J154758.4+560825,EW,EW,False,False,0.3761723591284479,0.9886266066975968,5340,7381,False,False,False,False
2106,CSS_J155556.0+264320,EW,EW,False,False,0.5678894010495971,1.020914557282757,202,5479,False,False,False,False
2107,CSS_J130726.3+370918,EW,EW,False,False,0.3701220444569639,0.9714243469023037,6078,7940,False,False,False,False
2108,CSS_J075928.7+115840,RS CVn,EW,True,True,0.5120843696252784,1.1734429365598107,438,1329,False,False,False,False
2109,CSS_J102042.8+391907,EA,EA,False,False,0.4067732486754762,0.9929280303753506,2795,7141,False,False,False,False
2110,CSS_J074608.9+203142,EW,EW,False,False,0.37449673086083624,1.0013093989534687,5533,6676,False,False,False,False
2111,CSS_J210749.5+082429,RS CVn,RS CVn,False,True,0.4379180115509168,1.2813961019636255,1627,604,False,False,False,False
2112,CSS_J210245.8+022744,EW,EW,False,False,0.3897521372937461,1.096785639127561,3923,2613,False,False,False,False
2113,CSS_J034927.4-060944,EW,EW,False,False,0.40041018347900736,1.0529722541852398,3147,3959,False,False,False,False
2114,CSS_J010354.3-014217,RRc,RRc,False,False,0.3936814485802183,1.1280190399996233,3620,1955,False,False,False,False
2115,CSS_J042324.0+004204,EW,EW,False,False,0.3770547787235364,0.9922636109428993,5227,7182,False,False,False,False
2116,CSS_J221654.2+174001,EW,EW,False,False,0.3676015339311852,1.0082565364455298,6385,6246,False,False,False,False
2117,CSS_J095752.1+582721,EW,EW,False,False,0.38579631766448746,1.030467060579335,4307,4999,False,False,False,False
2118,CSS_J053113.8-154305,EW,EW,False,False,0.361180801182267,1.1525436839909151,7094,1596,False,False,False,False
2119,CSS_J232358.3+094656,EW,EW,False,False,0.42031309696071106,1.022137296089792,2191,5410,False,False,False,False
2120,CSS_J141702.5-155354,EA,EW,True,False,0.40922670604800865,1.0620308207115787,2683,3629,False,False,False,False
2121,CSS_J025432.9+040325,EW,EW,False,False,0.36095677954053407,1.0141223050090225,7127,5870,False,False,False,False
2122,CSS_J223915.8+181653,EW,EW,False,False,0.3579936510264645,0.991092245196393,7433,7254,False,False,False,False
2123,CSS_J212312.5+071552,EW,EW,False,False,0.38057035942349443,0.9784448855098841,4857,7810,False,False,False,False
2124,CSS_J011105.2+324108,EA,EA,False,False,0.4483640976983463,0.9850326889326835,1362,7577,False,False,False,False
2125,CSS_J095706.1+083938,RRc,RRc,False,False,0.3834664782535648,0.9892830874758085,4551,7347,False,False,False,False
2126,CSS_J212352.6+021619,EW,EW,False,False,0.3823277418031561,0.9849738306075496,4659,7582,False,False,False,False
2127,CSS_J035106.4+194249,EW,EW,False,False,0.376233864061344,1.1268643833195129,5327,1975,False,False,False,False
2128,CSS_J130051.6+535956,EW,EW,False,False,0.3561056955385053,0.9871755434788156,7605,7464,False,False,False,False
2129,CSS_J095311.9+400819,EW,EW,False,False,0.3817807257313631,1.0008674023411557,4716,6707,False,False,False,False
2130,CSS_J175043.4+462448,EW,EW,False,False,0.3776381011943251,1.0530877775242573,5173,3944,False,False,False,False
2131,CSS_J222329.6+155905,EA,EA,False,False,0.46530297940005033,1.0377321372955666,1024,4630,False,False,False,False
2132,CSS_J162157.4+041103,EW,EW,False,False,0.3627365301176597,1.0267389299983503,6929,5167,False,False,False,False
2133,CSS_J011457.5+425440,EW,EW,False,False,0.3985986470683154,1.0147052812211637,3261,5835,False,False,False,False
2134,CSS_J040346.7-080659,EW,EW,False,False,0.38875403308664386,1.0852036712393693,4015,2904,False,False,False,False
2135,CSS_J073947.7+324024,EW,EW,False,False,0.4326907835373851,1.1782334350089287,1765,1277,False,False,False,False
2136,CSS_J175237.8+414658,EW,EW,False,False,0.36794178468596817,0.9986377039370907,6352,6837,False,False,False,False
2137,CSS_J033055.6-154400,EW,EW,False,False,0.353389519819846,1.113688353964375,7796,2230,False,False,False,False
2138,CSS_J060313.7-031447,EW,EW,False,False,0.37174333818198524,1.233352961422184,5872,843,False,False,False,False
2139,CSS_J024125.3+295916,EA,EA,False,False,0.5057371889001211,0.999138140810412,490,6808,False,False,False,False
2140,CSS_J170919.6+163044,EW,EW,False,False,0.38746018197604987,0.9906428966893618,4135,7273,False,False,False,False
2141,CSS_J140000.8-130103,EW,EW,False,False,0.41490491717807343,1.1093602399798432,2399,2309,False,False,False,False
2142,CSS_J130429.3-082421,EW,EW,False,False,0.365860918249866,1.031997476139574,6597,4922,False,False,False,False
2143,CSS_J164214.2+125508,EW,EW,False,False,0.4296354183827955,1.0468517172058804,1868,4227,False,False,False,False
2144,CSS_J052501.9+013456,EW,EW,False,False,0.3715430502032188,1.0807746946638552,5898,3022,False,False,False,False
2145,CSS_J222920.6+212403,EW,EW,False,False,0.38198472268003514,0.9786609982283048,4690,7805,False,False,False,False
2146,CSS_J215105.2+220703,RRab,EW,True,False,0.6852226929913953,1.6953466592256174,50,59,True,True,True,False
2147,CSS_J205344.2-013527,EW,EW,False,False,0.4529634175742341,1.457052717511939,1264,201,False,False,False,False
2148,CSS_J160438.2-100105,RRc,RRc,False,False,0.39069973200852925,1.031181696966941,3852,4963,False,False,False,False
2149,CSS_J144129.1-113315,RRc,RRc,False,False,0.4056832549151918,1.0866117893151532,2846,2866,False,False,False,False
2150,CSS_J110057.9+015254,RRd,RRc,True,True,0.38587905907138637,1.1507148800694287,4297,1616,False,False,False,False
2151,CSS_J220719.2+030635,EA,EA,False,False,0.4245699489244608,0.9913981158957273,2033,7236,False,False,False,False
2152,CSS_J084911.7+112816,EA,EW,True,False,0.4146838872072032,1.0139193764448513,2412,5885,False,False,False,False
2153,CSS_J155721.0+285146,EW,EW,False,False,0.3533692369349409,1.0581127918933824,7798,3761,False,False,False,False
2154,CSS_J040956.9+333316,EW,EW,False,False,0.3819401082806569,0.9872673064087676,4696,7455,False,False,False,False
2155,CSS_J170028.1+490123,EW,EW,False,False,0.39032333810096803,0.9996281300119938,3879,6784,False,False,False,False
2156,CSS_J214809.0+154147,EW,EW,False,False,0.4052146298370533,1.0205692350953441,2873,5495,False,False,False,False
2157,CSS_J213953.7+223408,EW,EW,False,False,0.3685421200834353,1.00511362691929,6274,6460,False,False,False,False
2158,CSS_J031114.4-043845,EW,EW,False,False,0.41083074355934435,0.9888723212316805,2616,7366,False,False,False,False
2159,CSS_J162929.0+631235,RRab,RRab,False,False,0.42394783554434395,0.9700369603394847,2052,7955,False,False,False,False
2160,CSS_J142448.4+064637,RRc,EW,True,False,0.5902568723740339,1.1004133246545407,150,2525,True,False,False,False
2161,CSS_J033708.6+284637,EA,EA,False,False,0.45688279706373497,1.0572153274931058,1181,3800,False,False,False,False
2162,CSS_J065007.9+543646,RRab,RRab,False,False,0.4443885755726775,1.078955154103443,1466,3079,False,False,False,False
2163,CSS_J030450.2+222131,EA,EA,False,False,0.5272639326512432,1.0024001971124967,359,6621,False,False,False,False
2164,CSS_J151329.9+301030,RRc,RRc,False,False,0.3695687273839944,0.9735241367848534,6142,7910,False,False,False,False
2165,CSS_J131612.3+174146,RRc,RRc,False,False,0.37008550057444356,0.987471625673753,6080,7440,False,False,False,False
2166,CSS_J121046.3+202757,EW,EW,False,False,0.3827986228369969,1.4653941181407242,4622,187,False,False,False,False
2167,CSS_J071453.3+492019,EW,EW,False,False,0.46984920223350907,1.2645918386170603,938,677,False,False,False,False
2168,CSS_J134740.1+445815,EA,EA,False,False,0.4385042840183995,1.0329901770019743,1611,4861,False,False,False,False
2169,CSS_J091006.0-103153,RRc,RRc,False,False,0.38324957305325547,1.3411922796766507,4579,401,False,False,False,False
2170,CSS_J042445.2+302335,EW,EW,False,False,0.4040837617757065,1.0593258009238116,2940,3718,False,False,False,False
2171,CSS_J222607.3+305144,EA,EA,False,False,0.4446524298198351,1.0829967572211483,1457,2959,False,False,False,False
2172,CSS_J035209.9+331206,EW,EW,False,False,0.37924838128247007,1.196958640109388,4998,1102,False,False,False,False
2173,CSS_J133142.8+041325,RS CVn,RS CVn,False,True,0.5447594092566042,1.0638787725669707,274,3556,False,False,False,False
2174,CSS_J082006.9+075849,EA,EA,False,False,0.44978095708715393,1.0665628493237078,1330,3465,False,False,False,False
2175,CSS_J085737.3-120552,EW,EW,False,False,0.35906233973672236,1.0660983551518277,7317,3486,False,False,False,False
2176,CSS_J164301.1+273335,EW,EW,False,False,0.4819495415788921,1.166168782612542,760,1422,False,False,False,False
2177,CSS_J152523.4+564549,EW,EW,False,False,0.5197804490970385,1.1627714050869122,393,1466,False,False,False,False
2178,CSS_J015133.6+362349,EW,EW,False,False,0.37338600743020545,1.2704976212545869,5668,652,False,False,False,False
2179,CSS_J173107.2+212309,EW,EW,False,False,0.38459126557333473,1.0683991510704671,4425,3395,False,False,False,False
2180,CSS_J134940.4-124417,EW,EW,False,False,0.39378179709648303,1.1858522685787818,3613,1200,False,False,False,False
2181,CSS_J044604.3-014031,EW,EW,False,False,0.36772136211371326,1.0575275558386514,6375,3785,False,False,False,False
2182,CSS_J081845.0+563557,EW,EW,False,False,0.37446921494689706,0.986391602251971,5536,7505,False,False,False,False
2183,CSS_J045149.3+164457,EW,EW,False,False,0.4336165030077004,1.0113444638110667,1737,6048,False,False,False,False
2184,CSS_J212144.5-060748,RRd,RRc,True,True,0.3692812422061799,1.0115762858421797,6187,6035,False,False,False,False
2185,CSS_J130757.8-102131,EW,EW,False,False,0.3708497557009229,1.049714101924135,5994,4106,False,False,False,False
2186,CSS_J230312.8-030717,EW,EW,False,False,0.4382421036054606,1.1430896972571192,1621,1721,False,False,False,False
2187,CSS_J072819.9+384229,EA,EW,True,False,0.4691962595567813,1.3098583432462876,950,490,False,False,False,False
2188,CSS_J160142.0+392243,EA,EA,False,False,0.4296542427006258,0.9979784716925717,1867,6874,False,False,False,False
2189,CSS_J151726.7+051134,EW,EW,False,False,0.3695186418680622,1.0061119067535156,6148,6386,False,False,False,False
2190,CSS_J225328.1-102834,RRd,RRd,False,True,0.391622988618321,1.0659730772387492,3779,3494,False,False,False,False
2191,CSS_J030841.0+200321,EW,EW,False,False,0.391011522572236,0.995795135270712,3831,6991,False,False,False,False
2192,CSS_J172447.1+503400,EW,EW,False,False,0.39126376237756666,0.9997252542835481,3813,6779,False,False,False,False
2193,CSS_J202843.7-043027,EW,EW,False,False,0.451330576231204,1.1532450763364408,1300,1585,False,False,False,False
2194,CSS_J170939.9+402400,RRc,EW,True,False,0.36662631553627684,1.0499478283541392,6510,4093,False,False,False,False
2195,CSS_J051440.9-054623,EW,EW,False,False,0.41749701154966545,1.1746647585213794,2298,1314,False,False,False,False
2196,CSS_J215903.6+060017,EW,EW,False,False,0.38361239889287413,1.0472584628138562,4532,4210,False,False,False,False
2197,CSS_J093357.9-073035,EW,EW,False,False,0.42327933137513546,1.0827899465371476,2074,2965,False,False,False,False
2198,CSS_J153657.7+375817,LPV,LPV,False,False,0.6529940763214727,0.9759207147291697,75,7866,True,False,False,False
2199,CSS_J094740.9+002829,RS CVn,RS CVn,False,True,0.4366686825276711,1.0312446863197948,1656,4959,False,False,False,False
2200,CSS_J042508.8-193702,EW,EW,False,False,0.3827054942703472,1.0975532284901826,4627,2597,False,False,False,False
2201,CSS_J053529.8+003334,EW,EW,False,False,0.3596309548298102,0.9944825578478131,7265,7068,False,False,False,False
2202,CSS_J134113.7+314725,EW,EW,False,False,0.3826939647627671,1.1112879243216738,4628,2278,False,False,False,False
2203,CSS_J155509.5+350222,RRc,RRc,False,False,0.3761625301583269,0.9844295574913285,5341,7608,False,False,False,False
2204,CSS_J052259.9+073620,EW,EW,False,False,0.473056392878211,1.1856657509292667,889,1203,False,False,False,False
2205,CSS_J093705.5-023416,RRd,RRc,True,True,0.4218319313088658,1.168572274868802,2137,1394,False,False,False,False
2206,CSS_J052135.0+052029,EW,EW,False,False,0.36690406561163874,1.1249053378716733,6470,2010,False,False,False,False
2207,CSS_J142001.7+065950,RRab,RRab,False,False,0.4242624398148031,0.9661090963834799,2044,7983,False,False,False,False
2208,CSS_J070119.0+314128,EW,EW,False,False,0.38297286981202866,1.0301436360603498,4609,5012,False,False,False,False
2209,CSS_J035830.2+224655,EW,EW,False,False,0.3734720621855932,1.0682376063994201,5659,3402,False,False,False,False
2210,CSS_J230627.2-061110,EA,EA,False,False,0.38655224113279907,1.0079017229926548,4219,6269,False,False,False,False
2211,CSS_J143627.1+074410,EW,RRab,True,False,0.38244205880730525,1.1342674479136552,4651,1864,False,False,False,False
2212,CSS_J165722.4+183515,EW,EW,False,False,0.363632213369899,0.9956613622160679,6839,6997,False,False,False,False
2213,CSS_J150548.0+224854,RRd,RRd,False,True,0.3656741929577778,1.01877740175257,6619,5594,False,False,False,False
2214,CSS_J080359.7+281250,EW,EW,False,False,0.36535644508427995,0.9709666094717042,6649,7947,False,False,False,False
2215,CSS_J105855.0+013020,RRc,RRc,False,False,0.37135251255600554,1.0250898180364179,5924,5263,False,False,False,False
2216,CSS_J023303.0+105943,EA,EA,False,False,0.4077069217241806,1.049721554348749,2753,4105,False,False,False,False
2217,CSS_J034234.1-131453,EW,EW,False,False,0.3678018040280484,1.0243650593398288,6370,5297,False,False,False,False
2218,CSS_J214627.3+162522,EW,EW,False,False,0.3665097598741065,1.0028063913114615,6526,6598,False,False,False,False
2219,CSS_J043347.4+380239,RRc,RRc,False,False,0.37624746720757835,0.9934794931527536,5324,7116,False,False,False,False
2220,CSS_J210200.7+085252,EW,EW,False,False,0.4509976229791591,1.1257002588916727,1306,1998,False,False,False,False
2221,CSS_J044203.6+200040,EW,EW,False,False,0.3699490788131657,1.09890351854522,6100,2563,False,False,False,False
2222,CSS_J083334.5+370958,EW,RS CVn,True,False,0.3918998617698763,1.1648108198701221,3757,1439,False,False,False,False
2223,CSS_J214223.7+060925,EW,EW,False,False,0.3724239982537062,1.1570486440022054,5771,1539,False,False,False,False
2224,CSS_J082320.2+101824,EW,EW,False,False,0.3835090434739116,1.0695335746470476,4543,3362,False,False,False,False
2225,CSS_J163015.6+261824,RRc,EW,True,False,0.38398323547030844,1.214918057472748,4489,979,False,False,False,False
2226,CSS_J131746.6-134339,EW,EA,True,False,0.6033912138243891,1.316200596682052,133,463,True,False,False,False
2227,CSS_J221241.6+085915,EW,EW,False,False,0.36506880899329913,1.1386411401217387,6675,1783,False,False,False,False
2228,CSS_J043652.3-060932,RRc,RRc,False,False,0.38375793230170363,1.220560830557234,4515,933,False,False,False,False
2229,CSS_J224803.6+374125,EW,EW,False,False,0.3612576681168947,0.9995059957532053,7084,6790,False,False,False,False
2230,CSS_J233518.6+240058,EW,EW,False,False,0.37174451311658674,1.1204318153960862,5871,2088,False,False,False,False
2231,CSS_J174433.0+502327,EW,EW,False,False,0.35615165941486254,1.0082479899013796,7602,6247,False,False,False,False
2232,CSS_J171815.3+163104,EW,EW,False,False,0.35509773916628207,1.058305643045942,7672,3756,False,False,False,False
2233,CSS_J074141.2+355436,RRc,RRc,False,False,0.4206697559802178,1.0044954739225502,2171,6498,False,False,False,False
2234,CSS_J085114.0+160439,EW,EW,False,False,0.4082204061105159,1.027932719458825,2729,5108,False,False,False,False
2235,CSS_J010438.8+333326,EW,EW,False,False,0.39595127811584985,1.1724005686160324,3436,1344,False,False,False,False
2236,CSS_J083832.6+071012,EA,EA,False,False,0.5326024409934741,1.042670669770157,334,4426,False,False,False,False
2237,CSS_J043331.8+203326,EW,EW,False,False,0.3592133903243622,1.0059022015687145,7307,6405,False,False,False,False
2238,CSS_J201745.9-135257,RRc,RRc,False,False,0.3990230158389957,1.0074539960498348,3226,6297,False,False,False,False
2239,CSS_J203443.7-100707,EW,EW,False,False,0.3747071049910693,1.1037486461384196,5503,2434,False,False,False,False
2240,CSS_J073430.8+335900,EW,EW,False,False,0.4688799123797931,1.9186783177903357,957,29,False,True,False,False
2241,CSS_J093059.2-183450,RRab,RRab,False,False,0.43350802614864514,1.0562900905950816,1740,3831,False,False,False,False
2242,CSS_J021657.8+014425,EW,EW,False,False,0.3571962422361914,1.1058371894247414,7499,2392,False,False,False,False
2243,CSS_J135856.5+101720,EW,EW,False,False,0.37887080582447424,1.023832721952982,5033,5322,False,False,False,False
2244,CSS_J114721.6+051257,RRc,RRc,False,False,0.3914960813838059,0.9839844332600428,3791,7621,False,False,False,False
2245,CSS_J180105.4+512037,EW,EW,False,False,0.3584057523542576,1.1629958296483898,7387,1463,False,False,False,False
2246,CSS_J164606.2+581648,EW,EW,False,False,0.36302459299878426,0.9943292819697443,6895,7077,False,False,False,False
2247,CSS_J001553.5+293657,EW,EW,False,False,0.42975167909770023,1.0151979228757109,1864,5802,False,False,False,False
2248,CSS_J052125.5+005311,EW,EW,False,False,0.5074953440826606,1.0532504682840247,482,3936,False,False,False,False
2249,CSS_J165847.2+371742,EW,EW,False,False,0.38384508845825155,1.2958852442210584,4505,546,False,False,False,False
2250,CSS_J021618.2+394509,EW,EW,False,False,0.35865407008842204,1.0257511961344146,7357,5225,False,False,False,False
2251,CSS_J100608.8+083434,EW,EW,False,False,0.4066100553246296,1.087449437968123,2801,2847,False,False,False,False
2252,CSS_J161910.3+113501,EW,EW,False,False,0.3904398009004686,1.0532372918962887,3872,3937,False,False,False,False
2253,CSS_J094738.8-140443,EW,EW,False,False,0.3826296486638931,1.0580403518945212,4630,3765,False,False,False,False
2254,CSS_J053514.6+151033,RS CVn,EW,True,True,0.47131996817617,1.0088061510292137,912,6204,False,False,False,False
2255,CSS_J163955.0-044428,RRc,RRc,False,False,0.36741576312461705,1.0280772220117218,6406,5102,False,False,False,False
2256,CSS_J080109.3+060816,EW,EW,False,False,0.3814868213604185,1.044991652403926,4752,4311,False,False,False,False
2257,CSS_J043644.2+174548,EW,EW,False,False,0.3661275704842722,1.0258847358135956,6564,5214,False,False,False,False
2258,CSS_J065717.6+611058,RS CVn,RS CVn,False,True,0.4564086027184264,1.1630943519168568,1189,1461,False,False,False,False
2259,CSS_J170802.6+173528,EW,EW,False,False,0.37928910349215333,1.063376119222809,4994,3578,False,False,False,False
2260,CSS_J052610.2+113512,RS CVn,RS CVn,False,True,0.3934753412460458,1.0770329617587469,3637,3138,False,False,False,False
2261,CSS_J021512.3-105258,EW,EW,False,False,0.35097334406759745,1.0431513967009942,7916,4394,False,False,False,False
2262,CSS_J215756.1-080923,EW,EW,False,False,0.36179435589781467,1.0148368579061278,7022,5819,False,False,False,False
2263,CSS_J165858.2+064519,RRc,RRc,False,False,0.406830376819898,1.222977577700289,2792,912,False,False,False,False
2264,CSS_J122337.8-071456,LPV,LPV,False,False,0.6607905389138733,1.942431286213972,68,27,True,True,True,True
2265,CSS_J120949.0-194325,RRab,EW,True,False,0.3925195298429975,1.175709232781832,3709,1305,False,False,False,False
2266,CSS_J073659.0+634952,EW,EW,False,False,0.3572411575379813,1.0531340572065904,7495,3941,False,False,False,False
2267,CSS_J183816.2+503259,EW,EW,False,False,0.3662342488718254,1.1893300407087122,6551,1159,False,False,False,False
2268,CSS_J080434.3+052531,EW,EW,False,False,0.5915468500656839,1.0241954927648367,147,5303,True,False,False,False
2269,CSS_J015609.9+284018,EW,EW,False,False,0.45975473791495686,1.1134017756972017,1120,2235,False,False,False,False
2270,CSS_J045856.4+204843,EW,EW,False,False,0.39402461932190125,0.9834649349747174,3586,7642,False,False,False,False
2271,CSS_J051726.0+024214,EW,EW,False,False,0.4241779623106028,1.2466016511317868,2045,775,False,False,False,False
2272,CSS_J233736.2+070254,EW,EW,False,False,0.39919116624198225,1.0355726728700758,3210,4733,False,False,False,False
2273,CSS_J090556.6+073724,RRc,EW,True,False,0.3594947132124061,1.0460494202887565,7277,4266,False,False,False,False
2274,CSS_J164250.4+182848,RS CVn,EW,True,True,0.4394569798009757,1.5444147957989696,1590,118,False,True,False,False
2275,CSS_J080107.3+173104,EW,EW,False,False,0.45779838951363755,1.3986182168747914,1155,279,False,False,False,False
2276,CSS_J205707.1-074748,EW,EW,False,False,0.35170192991292953,1.000248971746315,7880,6747,False,False,False,False
2277,CSS_J081450.2+050837,EA,EA,False,False,0.4930156159028764,1.0747508238686097,608,3202,False,False,False,False
2278,CSS_J112019.4+084928,EA,EA,False,False,0.46169061079297147,1.0246659194241725,1090,5281,False,False,False,False
2279,CSS_J090140.8+010645,EW,EW,False,False,0.3740195151597196,1.0212497670705587,5588,5462,False,False,False,False
2280,CSS_J143128.6-194142,EW,EW,False,False,0.4007377745221384,1.2859424832606237,3129,587,False,False,False,False
2281,CSS_J154141.0+102842,RRc,RRc,False,False,0.39462160653750156,1.1281772358218431,3538,1952,False,False,False,False
2282,CSS_J050026.0+095035,EW,EW,False,False,0.421134428283911,1.0435688490319368,2158,4377,False,False,False,False
2283,CSS_J231852.3-075633,EW,EW,False,False,0.4731160109391239,1.2321894305034353,886,849,False,False,False,False
2284,CSS_J224000.2+332237,RRc,RRc,False,False,0.3944301552110775,1.0448603959371083,3558,4318,False,False,False,False
2285,CSS_J180634.0+353839,EW,EW,False,False,0.35645202014211136,1.1019199359182676,7570,2485,False,False,False,False
2286,CSS_J165655.6+215433,EW,EW,False,False,0.4303500018763819,0.9928893778323673,1846,7144,False,False,False,False
2287,CSS_J134853.1+005210,RS CVn,EW,True,True,0.41976777547806077,1.3503650365411841,2212,374,False,False,False,False
2288,CSS_J232348.3+265213,EW,EW,False,False,0.37101214914165576,1.0021280556600964,5974,6641,False,False,False,False
2289,CSS_J220906.8+085239,EW,EW,False,False,0.392036875403314,1.1740114139463553,3742,1321,False,False,False,False
2290,CSS_J084649.1+083231,EW,RS CVn,True,False,0.4346194135722111,1.178824263972796,1705,1268,False,False,False,False
2291,CSS_J054303.8+075808,EA,EA,False,False,0.5241435371964918,1.02758190440422,377,5126,False,False,False,False
2292,CSS_J094947.4-011743,EW,EW,False,False,0.3891640334879423,1.149167270978553,3981,1635,False,False,False,False
2293,CSS_J081202.7+074112,EW,EW,False,False,0.38521087610303734,1.0209621141492664,4358,5474,False,False,False,False
2294,CSS_J083214.5+321522,RRc,RRc,False,False,0.36552797507313317,1.0007715075252976,6634,6715,False,False,False,False
2295,CSS_J141144.7+030646,EA,EW,True,False,0.3925440546477547,1.050465726832839,3707,4071,False,False,False,False
2296,CSS_J152821.7+030135,EA,EA,False,False,0.4046601322022735,1.0061909755351999,2909,6374,False,False,False,False
2297,CSS_J045701.4+034726,EA,EA,False,False,0.5410396536883613,1.2938257255530239,292,559,False,False,False,False
2298,CSS_J223717.8+150951,RRc,EW,True,False,0.3627771522062153,1.0603671875207257,6923,3671,False,False,False,False
2299,CSS_J124833.8+333647,EW,EW,False,False,0.36357283022266923,0.9937081143859385,6846,7104,False,False,False,False
2300,CSS_J064812.7+433637,EW,EW,False,False,0.3729564990783679,1.0331539902635232,5715,4854,False,False,False,False
2301,CSS_J021225.8+335540,EW,EW,False,False,0.3744224741180491,1.0010842755156664,5539,6692,False,False,False,False
2302,CSS_J043034.7+314216,EW,EW,False,False,0.3557561897569241,0.9876640297765862,7631,7428,False,False,False,False
2303,CSS_J044133.0+074229,RS CVn,RS CVn,False,True,0.43029574048923125,1.1527242816064434,1849,1594,False,False,False,False
2304,CSS_J060143.9-135344,EW,EW,False,False,0.3668265430856568,0.9999970202187528,6481,6764,False,False,False,False
2305,CSS_J133048.3+335354,RRc,RRc,False,False,0.4060620523882771,1.0435291509837339,2825,4378,False,False,False,False
2306,CSS_J214620.1-101713,EW,EW,False,False,0.3713217370603456,0.9704361640383258,5931,7952,False,False,False,False
2307,CSS_J020937.9+382731,EW,EW,False,False,0.42592493273030524,1.1400640647400455,1993,1765,False,False,False,False
2308,CSS_J214146.1+030813,RRc,RRc,False,False,0.3741806121763869,1.0165545326624605,5574,5732,False,False,False,False
2309,CSS_J051830.1+102949,EW,EW,False,False,0.35495435854443147,0.989973806351615,7682,7315,False,False,False,False
2310,CSS_J074737.9+145004,EW,EW,False,False,0.42604373767605824,1.3346396672281053,1987,418,False,False,False,False
2311,CSS_J032139.9-063823,EW,EW,False,False,0.39046846215279635,1.0765693375272347,3869,3156,False,False,False,False
2312,CSS_J154915.7+375506,EW,EW,False,False,0.3828231782091915,1.0411724370121402,4616,4484,False,False,False,False
2313,CSS_J161800.8+321049,EW,EW,False,False,0.3865334597446388,1.0258672838439213,4223,5217,False,False,False,False
2314,CSS_J102816.9+000604,EA,EA,False,False,0.4401265691191137,1.0529787227345668,1572,3957,False,False,False,False
2315,CSS_J002720.1-055519,RRc,EW,True,False,0.42294636755261167,0.9831746996687128,2095,7658,False,False,False,False
2316,CSS_J033705.0+360744,EW,EW,False,False,0.49962069745101456,1.0240145306808393,541,5312,False,False,False,False
2317,CSS_J101056.8-033322,RRab,RRab,False,False,0.5251586063244292,1.1773783573412173,367,1287,False,False,False,False
2318,CSS_J045812.6+043432,EW,EW,False,False,0.39547223273040144,1.0297097768932388,3472,5021,False,False,False,False
2319,CSS_J075715.5+142626,EW,EW,False,False,0.42279981840987346,1.067412694943504,2100,3430,False,False,False,False
2320,CSS_J204921.9-192459,EA,EA,False,False,0.44773248912304364,1.016242983104552,1375,5743,False,False,False,False
2321,CSS_J213541.7+004340,EW,EW,False,False,0.3769319807248224,1.1920269479226886,5242,1138,False,False,False,False
2322,CSS_J144728.3+261524,RRab,RRab,False,False,0.42008480278592897,1.0199630373737818,2201,5524,False,False,False,False
2323,CSS_J051407.2+055628,EW,EW,False,False,0.3850635917848245,1.138279567068562,4374,1789,False,False,False,False
2324,CSS_J115341.5+234110,LPV,LPV,False,False,0.5796383581995042,0.9990084757178941,169,6813,False,False,False,False
2325,CSS_J132122.2+255619,RRab,RRab,False,False,0.3697214022100733,1.0731734868221512,6124,3241,False,False,False,False
2326,CSS_J170309.0+290007,EW,EW,False,False,0.4423613839556964,1.006131620052531,1516,6383,False,False,False,False
2327,CSS_J052103.7-110950,EW,EW,False,False,0.36078923076646785,1.006248634614922,7144,6372,False,False,False,False
2328,CSS_J085302.9+054918,EW,EW,False,False,0.36017753310121525,1.0066195676625784,7211,6347,False,False,False,False
2329,CSS_J024416.0+211104,EW,EW,False,False,0.43384352678463023,1.213420445790628,1729,993,False,False,False,False
2330,CSS_J164826.8+340734,EW,EW,False,False,0.38465519010984917,1.0636917834136326,4416,3561,False,False,False,False
2331,CSS_J050308.8+030206,EW,EW,False,False,0.3659323158669852,1.076647202741852,6583,3150,False,False,False,False
2332,CSS_J143304.3+072740,RRc,RRc,False,False,0.3903811242753435,0.987920821267197,3874,7415,False,False,False,False
2333,CSS_J040528.2-074711,EW,EW,False,False,0.3472707653537152,1.0291885369419107,7995,5049,False,False,False,False
2334,CSS_J044540.3-073732,EW,EW,False,False,0.36407008795804024,1.0732497609047082,6782,3237,False,False,False,False
2335,CSS_J142901.5+083716,RRc,RRc,False,False,0.5099878949264884,1.3576850946624242,460,356,False,False,False,False
2336,CSS_J215907.4-051120,EW,EW,False,False,0.35859854803270114,1.0161618328188746,7363,5748,False,False,False,False
2337,CSS_J173841.4+194232,EW,EW,False,False,0.44618394112138265,1.0802104135973722,1414,3041,False,False,False,False
2338,CSS_J001145.6+181545,EW,EW,False,False,0.35248464166856724,1.0744272944232367,7839,3207,False,False,False,False
2339,CSS_J183623.0+445919,RRc,EW,True,False,0.36316012965641553,1.0110224731843318,6886,6070,False,False,False,False
2340,CSS_J162321.3-113146,EW,EW,False,False,0.3601139621684367,1.0887872117451658,7218,2812,False,False,False,False
2341,CSS_J095818.0-103919,EW,EW,False,False,0.37539671890014875,1.0711770009334214,5424,3302,False,False,False,False
2342,CSS_J102219.8-054602,RRc,EW,True,False,0.39170089977493866,1.2030088934679757,3770,1069,False,False,False,False
2343,CSS_J173620.0+244339,RRc,RRc,False,False,0.3650482999172477,1.0507168454574587,6683,4061,False,False,False,False
2344,CSS_J002619.6+324558,EW,EW,False,False,0.3838748578854486,1.1322061572406406,4500,1892,False,False,False,False
2345,CSS_J174437.4+375156,EW,EW,False,False,0.3842100665689625,1.1730260245987472,4465,1334,False,False,False,False
2346,CSS_J074043.7+304212,EW,EW,False,False,0.4113114537508178,1.0618394255074928,2579,3637,False,False,False,False
2347,CSS_J090210.8+113623,EA,EA,False,False,0.5247180218643531,1.057534723014514,371,3784,False,False,False,False
2348,CSS_J101125.3+070741,EW,EW,False,False,0.42052227078275056,1.1871127889709165,2181,1188,False,False,False,False
2349,CSS_J163154.9+044451,EW,EW,False,False,0.3667423080352842,1.4159726192041817,6497,251,False,False,False,False
2350,CSS_J030749.6+144710,EW,EW,False,False,0.3569081148222834,1.0418123337999854,7524,4462,False,False,False,False
2351,CSS_J215437.6-190518,RRab,RRab,False,False,0.5081712841743403,1.1409965449231476,474,1751,False,False,False,False
2352,CSS_J083611.1+253412,RRd,RRd,False,True,0.37698932291832177,1.026863059802529,5233,5164,False,False,False,False
2353,CSS_J035806.1-142831,EW,EW,False,False,0.35571624216076875,1.0761578412220183,7632,3168,False,False,False,False
2354,CSS_J070728.3+415546,EW,EW,False,False,0.394618572856573,1.0349590206465031,3539,4759,False,False,False,False
2355,CSS_J170444.0+231942,EW,EW,False,False,0.3703700780179065,0.9948295426615725,6049,7044,False,False,False,False
2356,CSS_J074934.3+151949,EW,EW,False,False,0.439635571311569,1.158568723734857,1585,1519,False,False,False,False
2357,CSS_J232013.7+372028,EW,EW,False,False,0.364351481627979,1.1020736915877754,6759,2483,False,False,False,False
2358,CSS_J172107.4+285713,RRc,RRc,False,False,0.394687246313255,1.0800764838402113,3531,3045,False,False,False,False
2359,CSS_J151034.9+201230,EW,EW,False,False,0.3510053180998464,1.0095432174275065,7913,6151,False,False,False,False
2360,CSS_J162804.7+003843,RRc,RRc,False,False,0.38091620029101475,0.9920063857184618,4824,7196,False,False,False,False
2361,CSS_J072352.7+435352,EW,EW,False,False,0.40764999722191564,1.354510394978313,2757,364,False,False,False,False
2362,CSS_J043502.3-022351,EW,EW,False,False,0.35995063865478455,1.1093541276336265,7231,2310,False,False,False,False
2363,CSS_J082149.2+143552,EW,EW,False,False,0.37465082491175,1.060724867573207,5513,3660,False,False,False,False
2364,CSS_J053719.9+054853,RRc,EW,True,False,0.395587022627316,1.0804831511482773,3465,3028,False,False,False,False
2365,CSS_J090149.1-115659,EW,EW,False,False,0.42750837560542054,1.057467122325547,1939,3787,False,False,False,False
2366,CSS_J100608.3+101757,RRc,RRc,False,False,0.3605030400040698,1.0825288594447935,7179,2976,False,False,False,False
2367,CSS_J050945.8+131400,EA,EA,False,False,0.5835723928520139,1.0552623039643483,160,3871,True,False,False,False
2368,CSS_J082005.8+285217,EA,EA,False,False,0.47077559443083583,1.0004292470727534,920,6732,False,False,False,False
2369,CSS_J051251.2-034134,EW,EW,False,False,0.4000911670549054,1.0804340266200363,3165,3029,False,False,False,False
2370,CSS_J144736.8-021518,EW,EW,False,False,0.3617354317698974,1.0043631433882334,7032,6506,False,False,False,False
2371,CSS_J052133.2+095119,EW,EW,False,False,0.4487472159502006,1.1320778436877998,1355,1894,False,False,False,False
2372,CSS_J162549.1+010031,EW,EW,False,False,0.36333525176237563,1.0228602844869945,6862,5369,False,False,False,False
2373,CSS_J175221.3+224444,RRab,RRab,False,False,0.510940105452251,1.185468293264909,449,1206,False,False,False,False
2374,CSS_J073421.6+284243,EW,EW,False,False,0.49554117854195684,1.4135570352635713,577,257,False,False,False,False
2375,CSS_J040329.4+345733,EA,EA,False,False,0.46339509149174324,1.0185055539820778,1064,5602,False,False,False,False
2376,CSS_J080843.1+253223,EW,EW,False,False,0.3700588902872179,1.0095426309330713,6086,6152,False,False,False,False
2377,CSS_J111044.1+024943,EW,EW,False,False,0.4166804507927622,1.2356506411902026,2340,822,False,False,False,False
2378,CSS_J130111.2-132012,EW,EW,False,False,0.3623955790179941,0.9984429509802503,6958,6852,False,False,False,False
2379,CSS_J232936.3+332042,RRc,RRc,False,False,0.38321051538046497,1.4230423457838473,4584,235,False,False,False,False
2380,CSS_J141850.7+435002,EA,EA,False,False,0.46836120797464814,1.0989629541027175,965,2562,False,False,False,False
2381,CSS_J161234.5+331832,EW,EW,False,False,0.41376633681178754,1.0352655984861943,2459,4746,False,False,False,False
2382,CSS_J210823.8+065134,EW,EW,False,False,0.39530711025264575,1.246691571308034,3484,773,False,False,False,False
2383,CSS_J071045.1+604245,EW,EW,False,False,0.3587054550905637,1.1878574377800528,7350,1176,False,False,False,False
2384,CSS_J160654.3-034237,RRc,RRc,False,False,0.3836527383073265,0.9741698615058343,4529,7896,False,False,False,False
2385,CSS_J224932.8+403343,EW,EW,False,False,0.4230716936414732,1.5072208228885133,2088,156,False,True,False,False
2386,CSS_J045849.6+024143,RS CVn,EW,True,True,0.483400116397441,1.118559574714143,726,2125,False,False,False,False
2387,CSS_J082244.2+242153,EW,EW,False,False,0.36752456231572517,1.021697270993609,6394,5434,False,False,False,False
2388,CSS_J161455.1+102738,EW,EW,False,False,0.3693005027911482,1.0079562190373483,6184,6264,False,False,False,False
2389,CSS_J152018.5-045507,EW,EW,False,False,0.681530658807161,1.9089039117064224,55,30,True,True,True,True
2390,CSS_J154212.7+375246,EW,EW,False,False,0.38089554875747145,1.003135051020057,4828,6575,False,False,False,False
2391,CSS_J170445.8+195302,EW,EW,False,False,0.38023211566576953,1.0414239636443674,4894,4474,False,False,False,False
2392,CSS_J215151.5-064859,EW,EW,False,False,0.3682390394613713,0.9978187927496581,6316,6880,False,False,False,False
2393,CSS_J094320.8+171810,RRab,EW,True,False,0.3788752054923245,1.0510793132126324,5031,4050,False,False,False,False
2394,CSS_J143328.2+173646,LPV,LPV,False,False,0.7825084323077574,1.1825945683392773,1,1239,True,False,False,False
2395,CSS_J135341.9-092809,EW,EW,False,False,0.41881374878029665,1.0952336790051893,2248,2641,False,False,False,False
2396,CSS_J173757.0+195125,EW,EW,False,False,0.3637186182887137,1.1533018503617791,6823,1581,False,False,False,False
2397,CSS_J081058.7+103918,EW,EW,False,False,0.37544532023890614,1.0512902559999002,5422,4037,False,False,False,False
2398,CSS_J164756.2-111901,RRab,RRab,False,False,0.4738690051544117,1.2154082313740149,873,972,False,False,False,False
2399,CSS_J055825.6-071554,EW,EW,False,False,0.3624969745537464,1.0648802548263505,6950,3526,False,False,False,False
2400,CSS_J224923.8+403919,EW,EW,False,False,0.3889019685823988,1.0313763808807337,3999,4951,False,False,False,False
2401,CSS_J095022.4-153315,EW,EW,False,False,0.35698745178554075,1.1979898838305285,7517,1094,False,False,False,False
2402,CSS_J132038.1+225837,RRc,RRc,False,False,0.3749700325057578,1.0157870038496983,5473,5765,False,False,False,False
2403,CSS_J023709.6+354544,EW,EW,False,False,0.37955442198430017,0.9964600333472934,4969,6952,False,False,False,False
2404,CSS_J104723.0+000353,EW,EW,False,False,0.3979697430527166,1.0580668240878819,3304,3763,False,False,False,False
2405,CSS_J104125.2+040926,EW,EW,False,False,0.40404374190604125,1.312772623412214,2943,481,False,False,False,False
2406,CSS_J080543.6+463301,EW,EW,False,False,0.38300561033481934,1.1700632859599513,4608,1370,False,False,False,False
2407,CSS_J031342.5+344503,EW,EW,False,False,0.36651670766546035,1.1753836869540923,6524,1307,False,False,False,False
2408,CSS_J210240.4-051849,RRc,RRc,False,False,0.3988273164336528,1.014086841595113,3243,5872,False,False,False,False
2409,CSS_J072117.5+260014,EW,EW,False,False,0.37131016908912357,1.0545454122331295,5933,3895,False,False,False,False
2410,CSS_J100252.1-102210,EW,EW,False,False,0.3691981303738669,1.1053937017373379,6199,2399,False,False,False,False
2411,CSS_J002154.9+352348,EW,EW,False,False,0.3542372232750316,1.119721968123753,7742,2108,False,False,False,False
2412,CSS_J215128.3-042208,EW,EW,False,False,0.35590982094510293,1.054487631790112,7621,3898,False,False,False,False
2413,CSS_J133612.0+002427,EA,EA,False,False,0.4327032856508948,1.0727787949881675,1764,3257,False,False,False,False
2414,CSS_J165910.4+231128,EA,EA,False,False,0.5493333736903838,1.0695480495675038,262,3361,False,False,False,False
2415,CSS_J231243.8+190827,RRc,EW,True,False,0.48295601598115384,1.2675549487051914,734,660,False,False,False,False
2416,CSS_J113514.1+353601,EW,EW,False,False,0.35620705562385696,0.994084004632035,7600,7089,False,False,False,False
2417,CSS_J224557.7+320132,EW,EW,False,False,0.3732489138631661,0.9843935506498998,5684,7610,False,False,False,False
2418,CSS_J204201.6-073541,EW,EW,False,False,0.36721206630082714,1.0782606913904302,6430,3099,False,False,False,False
2419,CSS_J215811.0+002246,EA,EA,False,False,0.45065400762244395,1.0160289232110737,1312,5758,False,False,False,False
2420,CSS_J053225.3+051402,EW,EW,False,False,0.35608905749576164,0.9877212718548348,7608,7423,False,False,False,False
2421,CSS_J080237.4+515121,EW,EW,False,False,0.36191429934827113,1.0056189023967241,7010,6427,False,False,False,False
2422,CSS_J165728.3+055825,RRab,RRab,False,False,0.5409018884571639,1.828171652759894,294,36,False,True,False,False
2423,CSS_J004349.1-112756,EW,EW,False,False,0.3659299210967269,1.108877473797668,6584,2327,False,False,False,False
2424,CSS_J161421.5+234238,EW,EW,False,False,0.40018910605025254,1.0147997388371148,3158,5825,False,False,False,False
2425,CSS_J150321.1-144428,RRc,RRc,False,False,0.4182508250843533,1.084204091108395,2272,2929,False,False,False,False
2426,CSS_J201900.8-172123,RRc,RRc,False,False,0.40002599582252174,1.0201699626619194,3171,5513,False,False,False,False
2427,CSS_J232313.7+012611,EW,EW,False,False,0.36743717109334967,0.9940124060737231,6404,7092,False,False,False,False
2428,CSS_J025918.8-091722,RRc,EW,True,False,0.3676351591587735,0.9941510630364467,6380,7088,False,False,False,False
2429,CSS_J065502.6+413854,EW,EW,False,False,0.40897688405224614,1.0146363963809482,2696,5839,False,False,False,False
2430,CSS_J225829.2-184417,EW,EW,False,False,0.365092497769057,1.085287024073005,6671,2900,False,False,False,False
2431,CSS_J231253.7+092409,EW,EW,False,False,0.3723201544954646,1.0092593378430752,5782,6162,False,False,False,False
2432,CSS_J094721.0-121658,EW,EW,False,False,0.3737568216609909,1.0245745467610747,5622,5286,False,False,False,False
2433,CSS_J173247.5+270727,EW,EW,False,False,0.3743229159970349,1.0265472704580323,5554,5179,False,False,False,False
2434,CSS_J235816.7+293325,EA,EA,False,False,0.5783271078508602,1.1118734071153842,173,2268,False,False,False,False
2435,CSS_J121442.2-063157,EW,EW,False,False,0.3719776428917328,1.053141864031216,5830,3940,False,False,False,False
2436,CSS_J215637.2+041635,EW,EW,False,False,0.41047302900675653,1.0288719524986742,2626,5063,False,False,False,False
2437,CSS_J030010.2+364607,EW,EW,False,False,0.39656299320964644,1.2565592320582784,3393,724,False,False,False,False
2438,CSS_J090150.0+375444,EW,RRc,True,False,0.4667078204268801,1.2558765059208148,999,725,False,False,False,False
2439,CSS_J213846.8+094958,EW,RRab,True,False,0.4657809845558813,1.121494241418187,1012,2063,False,False,False,False
2440,CSS_J224119.7+210425,EW,EW,False,False,0.4250497968263942,1.1773259531385738,2023,1290,False,False,False,False
2441,CSS_J064913.3+444748,EW,EW,False,False,0.35940378479670637,0.979818183166533,7290,7764,False,False,False,False
2442,CSS_J093217.1+423527,RRc,RRc,False,False,0.421632523606482,1.034611111250506,2144,4774,False,False,False,False
2443,CSS_J013935.9+425024,EW,EW,False,False,0.37334266271345434,1.0007341471462199,5675,6717,False,False,False,False
2444,CSS_J010440.8+410132,EW,EW,False,False,0.4060103391969103,1.0428906831845761,2829,4413,False,False,False,False
2445,CSS_J160423.6-034838,RRc,RRc,False,False,0.39887808483103604,1.1784345025661163,3237,1273,False,False,False,False
2446,CSS_J211229.7+025051,EW,EW,False,False,0.372486433483971,1.039026201689442,5761,4576,False,False,False,False
2447,CSS_J154431.3+121337,RS CVn,RS CVn,False,True,0.44601210148194526,1.2959083813733459,1421,545,False,False,False,False
2448,CSS_J162137.4+203838,EW,EW,False,False,0.3781541411323342,1.0598201740852098,5109,3696,False,False,False,False
2449,CSS_J151227.8+315645,EW,EW,False,False,0.4191646837203605,1.1035712847861774,2239,2441,False,False,False,False
2450,CSS_J234145.4-145047,EW,EW,False,False,0.38803635556542554,1.0927070630506586,4085,2697,False,False,False,False
2451,CSS_J003940.2+295325,EW,EW,False,False,0.3958300370033681,1.0520411965925471,3442,4006,False,False,False,False
2452,CSS_J033818.8+153914,EW,EW,False,False,0.36921440416223406,1.043715700379547,6195,4371,False,False,False,False
2453,CSS_J051343.5-015126,EW,EW,False,False,0.3598916321585312,1.0368537883232474,7239,4675,False,False,False,False
2454,CSS_J213504.7+040648,RS CVn,RS CVn,False,True,0.42120166521122177,1.2652952791447767,2155,671,False,False,False,False
2455,CSS_J231902.8-052747,EW,EW,False,False,0.3560520587876843,1.011117053525051,7612,6063,False,False,False,False
2456,CSS_J023100.7+385238,EW,EW,False,False,0.3913188490732506,0.9909494132612681,3805,7261,False,False,False,False
2457,CSS_J162116.8+271746,EW,EW,False,False,0.362325276567569,1.1114250541308164,6968,2276,False,False,False,False
2458,CSS_J135042.1+205931,EA,EA,False,False,0.5118778603439702,0.9955845368564402,441,7003,False,False,False,False
2459,CSS_J053851.2-033727,EW,EW,False,False,0.4378022542032742,1.0658169392389498,1630,3496,False,False,False,False
2460,CSS_J103013.6+373538,RRab,RRab,False,False,0.45239222832814896,1.0686609176912172,1278,3389,False,False,False,False
2461,CSS_J013158.5+454621,LPV,LPV,False,False,0.7631922347318507,1.0791474387480027,8,3073,True,False,False,False
2462,CSS_J171820.9+621853,RRab,RRab,False,False,0.39607610383592023,1.0443165981755818,3424,4350,False,False,False,False
2463,CSS_J205911.0-141553,RRd,EW,True,True,0.3956868927976653,1.0365946162368687,3450,4687,False,False,False,False
2464,CSS_J140632.2+411535,EW,EA,True,False,0.5142502495754928,1.2029892067683121,422,1071,False,False,False,False
2465,CSS_J205942.1+013808,EW,EW,False,False,0.39968131800298423,1.0332318909954128,3188,4851,False,False,False,False
2466,CSS_J001804.7+242600,EA,EW,True,False,0.4057568716906482,1.214245812137468,2842,985,False,False,False,False
2467,CSS_J060444.8-092309,EW,EW,False,False,0.36379213260335863,1.0036077562288628,6817,6550,False,False,False,False
2468,CSS_J071615.6+371109,EW,EW,False,False,0.357315310720267,1.0217402828963007,7486,5428,False,False,False,False
2469,CSS_J010635.0-174232,EW,EW,False,False,0.35997853326559076,1.0374273106896807,7230,4644,False,False,False,False
2470,CSS_J222409.8-025529,RRc,RRc,False,False,0.3792459853307743,0.9868692895747143,4999,7485,False,False,False,False
2471,CSS_J002313.6+073318,EW,EW,False,False,0.3565392749356508,1.0568244458423348,7555,3814,False,False,False,False
2472,CSS_J121216.1+101849,EW,EW,False,False,0.41139133149038665,1.0544808290178882,2577,3899,False,False,False,False
2473,CSS_J131759.9+300801,EW,EW,False,False,0.42617622425678214,1.3786775527125663,1975,319,False,False,False,False
2474,CSS_J022559.5+190836,EW,EW,False,False,0.3700251027234477,1.0119524019686446,6090,6007,False,False,False,False
2475,CSS_J004943.7+340048,EW,EW,False,False,0.3695040816124148,1.0061728366847562,6153,6375,False,False,False,False
2476,CSS_J180103.2+341358,EA,EA,False,False,0.4242677303176521,1.0756802771106937,2043,3178,False,False,False,False
2477,CSS_J061618.2+530939,EW,EW,False,False,0.483111802029514,1.7930170593806145,728,40,False,True,False,False
2478,CSS_J205716.8+112809,RRc,RRc,False,False,0.36386521965059004,1.0969828139841034,6813,2609,False,False,False,False
2479,CSS_J205143.3+001340,EW,EW,False,False,0.4188416321353415,0.9884769590276197,2246,7387,False,False,False,False
2480,CSS_J164814.0+470638,EW,EW,False,False,0.3925920421965329,1.0026373958336519,3702,6607,False,False,False,False
2481,CSS_J030811.4+323738,EW,EW,False,False,0.3573606804149049,0.9827378447961086,7483,7670,False,False,False,False
2482,CSS_J211752.3+022544,RS CVn,EW,True,True,0.40028055920305095,1.0839238249391485,3152,2938,False,False,False,False
2483,CSS_J164032.5+244459,EW,EW,False,False,0.37774700286846263,0.9988175228857911,5163,6824,False,False,False,False
2484,CSS_J232705.1+383625,RRab,RRab,False,False,0.4876367371710009,1.3920825046491572,667,288,False,False,False,False
2485,CSS_J160644.4-091040,EW,EW,False,False,0.352727067414707,0.9833843118314226,7829,7646,False,False,False,False
2486,CSS_J033903.1+192336,EW,EW,False,False,0.3623310559160392,0.9948521621631954,6966,7042,False,False,False,False
2487,CSS_J080900.5+373151,EW,EW,False,False,0.37488007679389085,1.0132215499474522,5487,5930,False,False,False,False
2488,CSS_J201800.9-180902,EW,EW,False,False,0.3911265795639832,1.0375563657713758,3823,4639,False,False,False,False
2489,CSS_J134942.2-172910,EW,EW,False,False,0.4023708133348386,1.1488584072345145,3041,1642,False,False,False,False
2490,CSS_J051355.1-021400,RS CVn,EW,True,True,0.40422330771532483,1.1463255190547292,2930,1688,False,False,False,False
2491,CSS_J170029.1-023042,EW,EW,False,False,0.4245173938560735,1.0063962334863044,2035,6363,False,False,False,False
2492,CSS_J045120.2+232237,EW,EW,False,False,0.369368209065779,1.0505889669411135,6169,4066,False,False,False,False
2493,CSS_J170422.8+080110,RRc,RRc,False,False,0.38622825213272527,0.9877281641113917,4253,7422,False,False,False,False
2494,CSS_J093554.7+521319,RRc,RRc,False,False,0.37116597325896766,1.1366164060156474,5955,1814,False,False,False,False
2495,CSS_J211120.3+084953,RRc,RRc,False,False,0.38606890123034754,1.0186145508153008,4271,5598,False,False,False,False
2496,CSS_J224518.4+312623,EA,EA,False,False,0.4878007532566811,1.1006500550030656,664,2520,False,False,False,False
2497,CSS_J085737.5+434912,EW,EW,False,False,0.44554951754733363,1.14860711269357,1432,1649,False,False,False,False
2498,CSS_J133008.9+070048,RRc,RRc,False,False,0.4053226619555622,1.0129745938842416,2867,5936,False,False,False,False
2499,CSS_J232803.3+054821,EW,EW,False,False,0.3771106213195263,1.0076042676399786,5222,6285,False,False,False,False
2500,CSS_J033139.5-112039,EW,EW,False,False,0.37195585274934706,1.068821270309865,5832,3386,False,False,False,False
2501,CSS_J222815.3+175844,RRc,RRc,False,False,0.35654085597361107,1.2135562388242684,7553,989,False,False,False,False
2502,CSS_J013754.4-024209,EW,EW,False,False,0.43717610431196235,1.0689278538417022,1642,3384,False,False,False,False
2503,CSS_J042549.5-022529,EW,EW,False,False,0.37990110062692795,1.0077335021572524,4936,6281,False,False,False,False
2504,CSS_J213719.7+184615,EW,EW,False,False,0.3884039281189378,1.1561531536835559,4045,1548,False,False,False,False
2505,CSS_J022400.1+134412,RRc,RRc,False,False,0.4170955558273857,1.101469873043651,2317,2501,False,False,False,False
2506,CSS_J162050.2+164541,EW,EW,False,False,0.3761910675479511,1.0839693597179114,5336,2937,False,False,False,False
2507,CSS_J072714.5+501343,RRc,RRc,False,False,0.3693625725145423,0.9783273332054188,6171,7813,False,False,False,False
2508,CSS_J005906.3+413410,EA,EA,False,False,0.46544986587542536,1.1718169914757692,1021,1351,False,False,False,False
2509,CSS_J175152.2+482556,EW,EW,False,False,0.3777897235002153,1.0009302048298063,5155,6699,False,False,False,False
2510,CSS_J172821.4+113258,EW,EW,False,False,0.4904128205336086,1.1134644720606368,642,2233,False,False,False,False
2511,CSS_J031920.6+190214,EW,EW,False,False,0.3909655229472055,1.0178350359359014,3836,5658,False,False,False,False
2512,CSS_J212712.1+080637,EA,EA,False,False,0.4092527683192421,1.0225777773339484,2681,5386,False,False,False,False
2513,CSS_J122534.5+193016,EW,EW,False,False,0.35505868619686887,1.0153744978957289,7676,5789,False,False,False,False
2514,CSS_J131220.8+534141,RRab,RRab,False,False,0.3692669829453059,1.1017975847373696,6190,2488,False,False,False,False
2515,CSS_J060041.0-062220,EW,EW,False,False,0.36169574180446024,1.0839790650126742,7035,2935,False,False,False,False
2516,CSS_J215507.1+020304,EA,EA,False,False,0.4292043081568175,0.982668721985919,1880,7672,False,False,False,False
2517,CSS_J211024.8+144845,EW,EW,False,False,0.36744729975805107,1.016637667171259,6402,5728,False,False,False,False
2518,CSS_J071737.3+370640,EW,EW,False,False,0.3801108948038112,1.1242966509663503,4904,2020,False,False,False,False
2519,CSS_J150225.1-162132,EA,EA,False,False,0.46740288380766504,1.2068243656812938,984,1039,False,False,False,False
2520,CSS_J085946.1+255119,EA,EA,False,False,0.418214645834241,1.0498484976480782,2273,4095,False,False,False,False
2521,CSS_J212138.4+063254,RS CVn,EW,True,True,0.48183019024322987,1.0552163530218166,762,3872,False,False,False,False
2522,CSS_J084249.0-022613,EW,EW,False,False,0.3615567875243782,1.1691229204678215,7049,1382,False,False,False,False
2523,CSS_J020931.6+100954,RRab,RRab,False,False,0.3808393399431218,1.0274110533773602,4831,5135,False,False,False,False
2524,CSS_J232336.9+070023,EW,EW,False,False,0.3583479712713338,0.9841974513994071,7395,7616,False,False,False,False
2525,CSS_J170623.9+255814,EW,EW,False,False,0.4128162604237291,0.9740243594548833,2510,7901,False,False,False,False
2526,CSS_J125758.6+485106,EW,EW,False,False,0.3668250058663427,1.0037400940859695,6482,6543,False,False,False,False
2527,CSS_J111552.4+105126,RRd,RRd,False,True,0.37589108631175866,0.9987790700988907,5377,6827,False,False,False,False
2528,CSS_J225653.1+411042,EW,EW,False,False,0.40173386022076707,0.981967390519484,3075,7703,False,False,False,False
2529,CSS_J021758.1+410419,EW,EW,False,False,0.3676178075773722,1.1011805640756562,6383,2506,False,False,False,False
2530,CSS_J085845.0+443632,RRc,RRc,False,False,0.38693396899821203,0.9771845855047883,4185,7842,False,False,False,False
2531,CSS_J230707.8-011857,EW,EW,False,False,0.37688480068170843,1.0325591884107035,5246,4887,False,False,False,False
2532,CSS_J130801.8-154325,EW,EW,False,False,0.39031183930198987,1.1882505229046052,3880,1172,False,False,False,False
2533,CSS_J112219.0+243414,EW,EW,False,False,0.3536587879914334,0.9967498660698343,7778,6936,False,False,False,False
2534,CSS_J033246.1+385003,EW,EW,False,False,0.36859004166202025,1.080333164257763,6267,3033,False,False,False,False
2535,CSS_J101403.5-032522,EA,EA,False,False,0.42445586542277897,1.0659683801712323,2037,3495,False,False,False,False
2536,CSS_J083943.5-053809,EW,EW,False,False,0.3515973688352459,0.9839204664219473,7885,7627,False,False,False,False
2537,CSS_J040235.6-184401,EW,EW,False,False,0.37747311598659383,1.0048048939594183,5186,6476,False,False,False,False
2538,CSS_J212513.1+060318,EW,EW,False,False,0.42798196762929225,1.1071256170825523,1917,2365,False,False,False,False
2539,CSS_J044959.6+090508,EW,EW,False,False,0.3889585732006737,1.1554256366397133,3994,1554,False,False,False,False
2540,CSS_J044828.4+284117,EW,EW,False,False,0.39466811988688627,1.1892115838288864,3534,1160,False,False,False,False
2541,CSS_J213309.6+033729,EW,EW,False,False,0.3804068570070333,1.2151383259624247,4875,976,False,False,False,False
2542,CSS_J155732.3+323908,RRc,RRc,False,False,0.42527586067855855,1.5134554774481814,2015,152,False,True,False,False
2543,CSS_J021130.1+401621,EW,EW,False,False,0.3838525625132825,1.0082271365482272,4504,6248,False,False,False,False
2544,CSS_J231335.4-034407,RRc,RRc,False,False,0.37431645007021697,0.9932099715043157,5555,7129,False,False,False,False
2545,CSS_J204633.2-134432,EW,EW,False,False,0.36859228852157455,1.2038445052933848,6266,1060,False,False,False,False
2546,CSS_J024854.7+183220,EW,EW,False,False,0.3763521528392055,0.9948910069849438,5313,7040,False,False,False,False
2547,CSS_J170024.8+053401,RRc,RRc,False,False,0.36908028858509995,1.0021991280965363,6208,6635,False,False,False,False
2548,CSS_J232007.8-035110,RRc,RRc,False,False,0.38478588165886457,1.0702062709764097,4404,3326,False,False,False,False
2549,CSS_J052033.5-022842,EW,EW,False,False,0.37224113826646443,1.0452535968211565,5795,4301,False,False,False,False
2550,CSS_J024114.0+384826,EW,EW,False,False,0.39839634673489827,1.0069899293094235,3277,6322,False,False,False,False
2551,CSS_J075835.6+411007,EW,EW,False,False,0.36338326173868857,1.2399300584959385,6859,805,False,False,False,False
2552,CSS_J090346.2-113749,EW,EW,False,False,0.3867962618130125,1.0771538290523883,4193,3134,False,False,False,False
2553,CSS_J132950.0+045554,RRc,RRc,False,False,0.39017056854156706,1.0409896652572772,3892,4491,False,False,False,False
2554,CSS_J214158.8+150402,EA,EA,False,False,0.5505519577837865,0.9914412571630681,254,7234,False,False,False,False
2555,CSS_J022621.5+345144,EW,EW,False,False,0.38391510877617435,0.9832509157425943,4494,7652,False,False,False,False
2556,CSS_J155914.5+070509,RS CVn,RS CVn,False,True,0.6638051415415869,1.0061506564775762,66,6379,True,False,False,False
2557,CSS_J062734.5+522817,EW,EW,False,False,0.37593829277566126,1.0306420971418861,5370,4990,False,False,False,False
2558,CSS_J050435.4-124111,EA,EA,False,False,0.4585721797110277,1.0236815136429782,1139,5331,False,False,False,False
2559,CSS_J015118.1+102546,EA,EW,True,False,0.47919842941978397,1.0426145314730921,795,4430,False,False,False,False
2560,CSS_J070123.5+344212,EW,EW,False,False,0.36835629575020357,1.0143163811168625,6302,5857,False,False,False,False
2561,CSS_J091535.5+294213,EW,EW,False,False,0.47764078834135865,1.2052997852408955,823,1047,False,False,False,False
2562,CSS_J042553.1+180951,EW,EW,False,False,0.36425491888227096,1.0452397388601802,6768,4302,False,False,False,False
2563,CSS_J174901.3+375047,RRc,RRc,False,False,0.3641234063790614,1.2266123168010097,6775,883,False,False,False,False
2564,CSS_J091442.8+030849,EW,EW,False,False,0.37213792230254944,1.0495784706003928,5807,4111,False,False,False,False
2565,CSS_J121810.5+240156,RRc,RRc,False,False,0.45212017084562023,1.0895961565414645,1286,2787,False,False,False,False
2566,CSS_J013023.1+320304,EW,EW,False,False,0.3696021150711128,0.9791255170435835,6139,7787,False,False,False,False
2567,CSS_J144844.9+122133,EA,EA,False,False,0.44734917522058176,1.2109238829703197,1388,1005,False,False,False,False
2568,CSS_J221242.2-010358,EW,EW,False,False,0.3510993363115681,1.036249725567591,7909,4700,False,False,False,False
2569,CSS_J231619.5+404656,EW,EW,False,False,0.38322001408365347,0.9983739729835837,4581,6855,False,False,False,False
2570,CSS_J043547.6+183818,EA,EA,False,False,0.4974913249613091,1.1069278289329092,557,2371,False,False,False,False
2571,CSS_J052739.6-072438,RRc,EW,True,False,0.4120558410118034,1.0868168532297509,2542,2859,False,False,False,False
2572,CSS_J230220.8+240820,EA,EW,True,False,0.3959055181083031,1.216193576032604,3440,966,False,False,False,False
2573,CSS_J074254.8+470252,EW,EW,False,False,0.37977799630974163,1.1147948942750794,4949,2209,False,False,False,False
2574,CSS_J234123.0+261053,EW,EW,False,False,0.3942141272616808,1.3135196091470074,3572,475,False,False,False,False
2575,CSS_J104646.8-044109,EW,EW,False,False,0.48915055590888024,1.2292241116894131,653,866,False,False,False,False
2576,CSS_J083803.0+410325,EW,EW,False,False,0.45693939177370946,1.0584926732421571,1178,3750,False,False,False,False
2577,CSS_J071731.2+370424,EA,EA,False,False,0.4730598301429223,1.0674569423789255,888,3428,False,False,False,False
2578,CSS_J021708.1+130523,EW,EW,False,False,0.3892495478028167,1.0778945432177751,3969,3114,False,False,False,False
2579,CSS_J170633.8+370531,EW,EW,False,False,0.38032888801408243,1.044486266349302,4884,4342,False,False,False,False
2580,CSS_J020651.1-150919,EW,EW,False,False,0.41552989828304926,1.0154238069490789,2376,5786,False,False,False,False
2581,CSS_J050254.0-035958,EA,EA,False,False,0.45386269899549897,1.0122939926771768,1242,5981,False,False,False,False
2582,CSS_J015513.8+194348,EW,EW,False,False,0.35812096033833085,1.041208600774867,7422,4481,False,False,False,False
2583,CSS_J012700.5+255948,EA,EA,False,False,0.43281094539263454,0.9897419345787479,1761,7327,False,False,False,False
2584,CSS_J211821.9-015718,RRc,EW,True,False,0.40782508657379307,1.1251245216579229,2747,2005,False,False,False,False
2585,CSS_J075617.0+474949,EW,RRc,True,False,0.40776807106395496,1.1523670948332936,2750,1598,False,False,False,False
2586,CSS_J221506.5+055220,EW,EW,False,False,0.4094128850830037,1.0594121743397746,2674,3715,False,False,False,False
2587,CSS_J232908.5+401513,RRc,RRc,False,False,0.3948987661237931,0.9958770315135033,3517,6982,False,False,False,False
2588,CSS_J082354.7-064123,EW,EW,False,False,0.4591421719387154,1.3073696512929927,1127,501,False,False,False,False
2589,CSS_J163926.5+112837,RS CVn,EW,True,True,0.4192718661016435,1.2979732233299952,2235,540,False,False,False,False
2590,CSS_J171720.6+280744,EW,EW,False,False,0.5330375533435151,1.069836122816126,330,3345,False,False,False,False
2591,CSS_J225454.7+353437,EW,EW,False,False,0.45629200025949646,0.995157322968649,1192,7023,False,False,False,False
2592,CSS_J051340.5+203815,EW,EW,False,False,0.40013858650829026,1.1855746911264382,3161,1205,False,False,False,False
2593,CSS_J042241.3+000156,EW,EW,False,False,0.4933190140919555,1.0672909522499199,602,3438,False,False,False,False
2594,CSS_J105603.0+204039,EW,EW,False,False,0.3632609678796939,1.0639124221208252,6873,3553,False,False,False,False
2595,CSS_J144032.4+375717,EW,EW,False,False,0.36002414211396105,0.9695162148841447,7227,7959,False,False,False,False
2596,CSS_J141214.3+012505,EW,EW,False,False,0.3789750448093639,1.121600700030854,5025,2058,False,False,False,False
2597,CSS_J045347.2+224334,EW,EW,False,False,0.3846465284241596,0.99568870399535,4417,6995,False,False,False,False
2598,CSS_J042059.3+315005,EW,EW,False,False,0.4119802896600551,1.0823892201798224,2546,2982,False,False,False,False
2599,CSS_J132101.6-060435,EW,EW,False,False,0.4044470337281947,1.1022274275331359,2918,2477,False,False,False,False
2600,CSS_J233655.0+000602,EW,EW,False,False,0.3699583666668156,0.9900957210522968,6099,7311,False,False,False,False
2601,CSS_J010826.2+240054,EW,EW,False,False,0.35875759706772725,0.9791487362594868,7346,7786,False,False,False,False
2602,CSS_J025355.9+364146,EW,EW,False,False,0.3653915524462682,1.0743448842849856,6645,3211,False,False,False,False
2603,CSS_J070157.2+341842,EW,EW,False,False,0.38556802397498546,1.1004002457153617,4326,2526,False,False,False,False
2604,CSS_J072335.2+361116,EW,EW,False,False,0.37804393042664036,1.0170239905111678,5124,5704,False,False,False,False
2605,CSS_J163404.7+034252,EW,EW,False,False,0.35258439644048606,0.9949906438223955,7832,7033,False,False,False,False
2606,CSS_J003244.7+355430,EW,EW,False,False,0.367798543378314,1.0783234905976156,6371,3095,False,False,False,False
2607,CSS_J173155.2+301914,EW,EW,False,False,0.37092140659845574,1.33010926984834,5987,428,False,False,False,False
2608,CSS_J175603.9+464237,EW,EW,False,False,0.37835514749584337,1.0400449590634688,5086,4531,False,False,False,False
2609,CSS_J043611.4+060638,EW,EW,False,False,0.3789761769242635,1.2466023249344709,5023,774,False,False,False,False
2610,CSS_J115237.1+050344,EW,EW,False,False,0.3660923657797901,1.005551171008015,6568,6432,False,False,False,False
2611,CSS_J104753.3+334449,EA,EA,False,False,0.44910819184652484,1.0053205616139584,1344,6453,False,False,False,False
2612,CSS_J024504.0-084815,EW,EW,False,False,0.4037150013427586,1.0350252003040055,2957,4755,False,False,False,False
2613,CSS_J124820.7-102538,RRc,RRc,False,False,0.3721213050681033,0.9958261292647098,5810,6986,False,False,False,False
2614,CSS_J030450.9+065337,LPV,LPV,False,False,0.5888864320686293,1.0604567613878884,153,3670,True,False,False,False
2615,CSS_J165610.3+045241,EW,EW,False,False,0.39916128052378425,1.0374708783075182,3211,4642,False,False,False,False
2616,CSS_J075649.6+404533,RRc,RRc,False,False,0.3873632210866865,0.9964169225106414,4140,6956,False,False,False,False
2617,CSS_J230337.4+405356,EW,RS CVn,True,False,0.3811764268996094,1.246376972903668,4791,776,False,False,False,False
2618,CSS_J221234.6-050433,EW,EW,False,False,0.36530939343511293,1.0105540854638568,6655,6110,False,False,False,False
2619,CSS_J214843.3+131507,EW,EW,False,False,0.366346358501613,1.0032562520051131,6542,6570,False,False,False,False
2620,CSS_J083720.3+245831,EW,EW,False,False,0.366184914779915,1.0713471169002784,6559,3293,False,False,False,False
2621,CSS_J165859.4+230949,EW,EW,False,False,0.36479112143456177,1.0237502277088333,6712,5329,False,False,False,False
2622,CSS_J180032.5+393224,RRc,RRc,False,False,0.3824713360077001,1.09418144977725,4647,2664,False,False,False,False
2623,CSS_J155759.7+083934,RRc,RRc,False,False,0.3693605843973453,1.0261754850987514,6172,5198,False,False,False,False
2624,CSS_J200902.1-193004,RRab,RRab,False,False,0.41470869606262384,1.0082958077497148,2409,6243,False,False,False,False
2625,CSS_J075202.8+114607,EW,EW,False,False,0.4364329171053577,1.502036482593441,1662,161,False,False,False,False
2626,CSS_J050050.3-192048,EW,EW,False,False,0.365421631643315,1.0039676927509311,6643,6525,False,False,False,False
2627,CSS_J213159.5-173525,EW,EW,False,False,0.39592234665007864,1.316168088750588,3438,464,False,False,False,False
2628,CSS_J002343.8+210926,EW,EW,False,False,0.3520113199221193,0.9949561254105683,7862,7036,False,False,False,False
2629,CSS_J084401.1+264246,EW,EW,False,False,0.35493164364532725,0.9963085151139481,7684,6959,False,False,False,False
2630,CSS_J082555.9+042945,EW,EW,False,False,0.3875173798715505,1.1373133496509298,4129,1803,False,False,False,False
2631,CSS_J131542.4-063008,EW,EW,False,False,0.4312220445430143,1.1302545079434787,1810,1926,False,False,False,False
2632,CSS_J074643.3+414007,EW,EW,False,False,0.3770302149046904,1.2615913566537966,5231,699,False,False,False,False
2633,CSS_J074254.7+201958,EW,EW,False,False,0.5106662956975434,1.1748370090390163,452,1312,False,False,False,False
2634,CSS_J153945.0+072046,EA,EA,False,False,0.47569282316327405,1.0150315507159064,849,5807,False,False,False,False
2635,CSS_J082620.8+285647,EA,EW,True,False,0.4728506334842167,1.1627364422565432,891,1467,False,False,False,False
2636,CSS_J160535.0+195942,EW,RS CVn,True,False,0.37633206906547817,1.145527408059906,5315,1698,False,False,False,False
2637,CSS_J101641.5-065726,EW,EW,False,False,0.4089379108203108,1.1446055358161784,2700,1708,False,False,False,False
2638,CSS_J092349.7-085456,EW,EW,False,False,0.43507754395501114,1.1017222211755215,1694,2491,False,False,False,False
2639,CSS_J165930.0+010819,EW,EW,False,False,0.37339017539695074,1.0323010797190144,5667,4901,False,False,False,False
2640,CSS_J233641.4+323559,EW,EW,False,False,0.4169866455862714,1.0668684761776759,2322,3453,False,False,False,False
2641,CSS_J232717.6+344548,EW,EW,False,False,0.3469787313400964,0.9896777954159759,7997,7331,False,False,False,False
2642,CSS_J212113.1+105401,EW,EW,False,False,0.3581979892878937,0.983967219544357,7408,7622,False,False,False,False
2643,CSS_J153827.0+203730,RS CVn,RS CVn,False,True,0.5227824706512123,2.4947756160817027,381,4,False,True,False,False
2644,CSS_J210352.7-174513,EW,EW,False,False,0.3724064301080549,0.9855000299854151,5774,7556,False,False,False,False
2645,CSS_J051923.3+033237,EA,EA,False,False,0.440456638113324,1.0365149290479805,1565,4689,False,False,False,False
2646,CSS_J095830.7+312435,EW,EW,False,False,0.4328857490670292,1.0062838298519226,1758,6371,False,False,False,False
2647,CSS_J230726.5+345931,EW,EW,False,False,0.37395547877657304,0.9836295374322871,5597,7641,False,False,False,False
2648,CSS_J052449.0-010157,EW,EW,False,False,0.374352851066916,1.121893854789087,5552,2052,False,False,False,False
2649,CSS_J025922.3+283913,RS CVn,EW,True,True,0.6148789280546862,1.4714371002330178,114,180,True,False,False,False
2650,CSS_J065220.6+571400,EW,EW,False,False,0.40376842412149916,1.0688139462802453,2954,3387,False,False,False,False
2651,CSS_J105225.6-025919,EW,EW,False,False,0.3898887844296902,1.0850488743879227,3911,2906,False,False,False,False
2652,CSS_J210152.7+050135,EW,EW,False,False,0.3741732294885969,1.0294422084785442,5575,5036,False,False,False,False
2653,CSS_J130845.5-124458,RRd,RRd,False,True,0.419471432830594,1.27099802099864,2225,650,False,False,False,False
2654,CSS_J045535.5+191919,EW,EW,False,False,0.40706987040674936,1.0712001336218313,2783,3300,False,False,False,False
2655,CSS_J132708.7-060656,EW,EW,False,False,0.3622975255608337,1.129246053960522,6974,1937,False,False,False,False
2656,CSS_J050304.6+204424,EA,EA,False,False,0.42053734296091166,0.9823593615828624,2179,7684,False,False,False,False
2657,CSS_J224751.4+002913,EW,EW,False,False,0.3783334785495276,0.9970383298815879,5088,6923,False,False,False,False
2658,CSS_J213113.4+005915,RRc,RRc,False,False,0.37990557186683666,1.0484748364511232,4935,4151,False,False,False,False
2659,CSS_J030113.2+324329,RRc,EW,True,False,0.39719974330388447,0.9776767430867348,3354,7831,False,False,False,False
2660,CSS_J110113.4-081948,EW,EW,False,False,0.3719972332235864,1.1038896324676466,5823,2430,False,False,False,False
2661,CSS_J223142.1+272015,EW,EW,False,False,0.3707755471851246,0.9741349259630052,6006,7897,False,False,False,False
2662,CSS_J113653.0-024628,RRc,RRc,False,False,0.37476365010778223,1.0980616615349512,5498,2587,False,False,False,False
2663,CSS_J010132.9+283750,EW,EW,False,False,0.4094527305891631,1.0073180395590273,2673,6307,False,False,False,False
2664,CSS_J114559.8+142105,RRc,RRc,False,False,0.3703187145112329,1.0251897866785329,6054,5258,False,False,False,False
2665,CSS_J205659.6-092124,EW,EW,False,False,0.37646127852270395,1.2263403878757448,5305,884,False,False,False,False
2666,CSS_J170422.7+171659,EW,EW,False,False,0.4924164777921272,1.100095886890321,614,2537,False,False,False,False
2667,CSS_J172743.6+274040,RRab,EW,True,False,0.3798729197523784,1.2354031509676575,4940,825,False,False,False,False
2668,CSS_J013010.1+291413,EW,EW,False,False,0.38123690291412093,1.0264422039111567,4783,5186,False,False,False,False
2669,CSS_J002647.8+382944,RRc,RRc,False,False,0.3940329479158645,1.0387370480079974,3585,4591,False,False,False,False
2670,CSS_J172811.9+411752,RRd,RRc,True,True,0.3584329133467802,1.1624011517926975,7382,1470,False,False,False,False
2671,CSS_J153008.4-092500,EA,EW,True,False,0.4439809323511623,1.1729474418530674,1474,1335,False,False,False,False
2672,CSS_J223610.9+091718,EW,EW,False,False,0.3527855307586607,1.0069782836832455,7826,6324,False,False,False,False
2673,CSS_J083600.1+120932,EW,EW,False,False,0.4023489483433591,1.3201784187459547,3043,451,False,False,False,False
2674,CSS_J121123.0+075331,RRc,RRc,False,False,0.3890972563130713,1.0372972513006307,3985,4653,False,False,False,False
2675,CSS_J170539.6+140122,EW,EW,False,False,0.3708646320413796,0.9837837442123016,5991,7629,False,False,False,False
2676,CSS_J075158.8+122600,EA,EA,False,False,0.49869546218653,1.7919443003435418,547,41,False,True,False,False
2677,CSS_J142550.9-030252,RRab,RRab,False,False,0.5514973223072959,1.0059471616182996,249,6400,False,False,False,False
2678,CSS_J164148.6+562234,EW,EW,False,False,0.4137890575575811,0.982215682311774,2456,7690,False,False,False,False
2679,CSS_J065027.5+444714,EW,EW,False,False,0.3665707946077805,1.0337227361434447,6518,4833,False,False,False,False
2680,CSS_J091030.4+041120,EW,EW,False,False,0.378667640127269,1.0126955776619455,5053,5956,False,False,False,False
2681,CSS_J230520.9+054505,EW,EW,False,False,0.39663222967038014,1.1488301079667043,3391,1645,False,False,False,False
2682,CSS_J045618.0+141730,EW,EW,False,False,0.38144564271177306,0.9997194798696931,4755,6780,False,False,False,False
2683,CSS_J170603.5+413510,EW,EW,False,False,0.3868505100362156,1.0572028820225035,4190,3801,False,False,False,False
2684,CSS_J175205.8+473410,EW,EW,False,False,0.4058102181558493,0.9883430837037673,2837,7397,False,False,False,False
2685,CSS_J105501.1+330712,EA,EA,False,False,0.395113354497217,0.9827761961564386,3501,7668,False,False,False,False
2686,CSS_J093035.6+351504,EW,EW,False,False,0.47891335187979667,1.0830809208277956,803,2954,False,False,False,False
2687,CSS_J090749.5+110809,EA,EA,False,False,0.4892771773344899,1.0776486422755234,652,3123,False,False,False,False
2688,CSS_J003438.0+175907,EW,EW,False,False,0.4334826761470183,1.1316945038972976,1741,1902,False,False,False,False
2689,CSS_J164345.7+223942,EW,EW,False,False,0.4465783091242723,1.017523974629379,1404,5679,False,False,False,False
2690,CSS_J095234.7+312104,EA,EA,False,False,0.5511586070994562,1.594401886243055,251,88,False,True,False,False
2691,CSS_J154702.0+224614,EW,EW,False,False,0.36221170915808304,1.0126313134080367,6984,5960,False,False,False,False
2692,CSS_J015307.6+294446,RS CVn,EW,True,True,0.5094004178243873,1.5236467958905164,465,136,False,True,False,False
2693,CSS_J021141.2+122931,RRc,RRc,False,False,0.3794266730628626,1.0066882719328538,4984,6337,False,False,False,False
2694,CSS_J170748.4+382607,EW,EW,False,False,0.38164368575139795,1.0671675179172173,4733,3443,False,False,False,False
2695,CSS_J163655.0+692521,RRc,EW,True,False,0.4514508291880655,1.2187647827435313,1298,949,False,False,False,False
2696,CSS_J045557.6+163131,EA,EA,False,False,0.43632468982581946,1.0156714793121526,1664,5770,False,False,False,False
2697,CSS_J045937.4+014853,EW,EW,False,False,0.39255772122311516,1.0085573080056494,3705,6224,False,False,False,False
2698,CSS_J231741.4+022913,RRc,RRc,False,False,0.391570119242798,1.2506935376186725,3784,745,False,False,False,False
2699,CSS_J070432.3+422525,EW,EW,False,False,0.41358874379930866,0.9860887201761906,2472,7526,False,False,False,False
2700,CSS_J234114.1+352438,EW,EW,False,False,0.3964555960907668,1.4426122094370761,3399,218,False,False,False,False
2701,CSS_J102516.3+515629,EW,EW,False,False,0.4047184786422877,1.0475066685024919,2906,4202,False,False,False,False
2702,CSS_J114009.4-161546,EW,EW,False,False,0.36996921327544485,1.0357466386852816,6096,4723,False,False,False,False
2703,CSS_J051304.2-063900,EW,EW,False,False,0.3833185195618405,1.0456947619421915,4566,4279,False,False,False,False
2704,CSS_J215011.0+054612,EW,EW,False,False,0.37070014220452024,1.0046128042732234,6017,6488,False,False,False,False
2705,CSS_J083626.7+022417,EW,EW,False,False,0.35928737019549284,0.992014932204128,7300,7195,False,False,False,False
2706,CSS_J085420.5+034223,EA,EA,False,False,0.47356833769330486,1.0963677030100374,882,2622,False,False,False,False
2707,CSS_J041335.1+333116,RRc,EW,True,False,0.3851110167921865,1.1442110326931005,4367,1713,False,False,False,False
2708,CSS_J110734.5+044816,EW,EW,False,False,0.3649789818722228,1.056970595194318,6692,3808,False,False,False,False
2709,CSS_J134733.8-122005,EW,EW,False,False,0.37315586746336143,1.0422663497695361,5696,4448,False,False,False,False
2710,CSS_J080234.0+655100,RRab,RRab,False,False,0.4141030625252647,0.9803075570437241,2442,7751,False,False,False,False
2711,CSS_J083958.8-070605,EW,EW,False,False,0.37441010446232287,1.045170519067616,5543,4305,False,False,False,False
2712,CSS_J223235.3-010140,EW,EW,False,False,0.3696506444754791,1.0269347883936786,6131,5160,False,False,False,False
2713,CSS_J171410.0+445850,EW,EW,False,False,0.3725424111453507,1.0887087602086976,5759,2816,False,False,False,False
2714,CSS_J025114.9+421509,EW,EW,False,False,0.37598907484998145,1.215473662628086,5364,970,False,False,False,False
2715,CSS_J071127.8+444214,EW,EW,False,False,0.37602026814840894,0.99175733733301,5362,7216,False,False,False,False
2716,CSS_J141837.4+210836,RRab,RRab,False,False,0.4322845095853558,1.0621907478333437,1774,3623,False,False,False,False
2717,CSS_J164815.8+383422,RRc,RRc,False,False,0.45855521183179193,1.2720766668286378,1141,642,False,False,False,False
2718,CSS_J122726.6-164907,RRab,RRab,False,False,0.3749199439045104,1.2152578391331559,5478,975,False,False,False,False
2719,CSS_J160111.1-125648,EW,EW,False,False,0.3582570098096189,1.1345163755030179,7403,1856,False,False,False,False
2720,CSS_J164431.7-053756,EW,EW,False,False,0.42684184916977436,1.0258830357954563,1956,5215,False,False,False,False
2721,CSS_J163414.5+093347,EW,EW,False,False,0.356323432512061,0.9994284078834041,7584,6797,False,False,False,False
2722,CSS_J215244.9+231542,EW,EW,False,False,0.37043354159332886,1.0585688950306913,6044,3747,False,False,False,False
2723,CSS_J010232.8+222416,EW,EW,False,False,0.3823085899259312,1.0183707243545599,4661,5617,False,False,False,False
2724,CSS_J015816.2+344742,EW,EW,False,False,0.36367852973005005,1.0272152987637309,6829,5149,False,False,False,False
2725,CSS_J224519.0-011900,RRc,RRc,False,False,0.41384247042670685,1.0409186173874452,2453,4495,False,False,False,False
2726,CSS_J065402.8+351521,EW,EW,False,False,0.46575783365817797,1.1465264064811584,1013,1685,False,False,False,False
2727,CSS_J215900.4+142026,EW,EW,False,False,0.35379806113059226,1.1155540341721228,7772,2192,False,False,False,False
2728,CSS_J130829.9+510640,EW,EW,False,False,0.38653221647106434,1.02646723386602,4224,5184,False,False,False,False
2729,CSS_J140149.7-183324,EW,EW,False,False,0.3810647527890936,1.2339913095478576,4803,839,False,False,False,False
2730,CSS_J084312.4-165343,EW,EW,False,False,0.42587136498941974,1.2859243686531854,1995,588,False,False,False,False
2731,CSS_J013528.1+332242,EW,EW,False,False,0.36995998660173574,1.1744594645034327,6098,1316,False,False,False,False
2732,CSS_J084451.1-161007,EW,EW,False,False,0.4456635182691039,1.2193276278971426,1426,944,False,False,False,False
2733,CSS_J103105.8-071450,EW,EW,False,False,0.3672197664033796,1.2129936171839315,6427,994,False,False,False,False
2734,CSS_J053942.5+050027,EW,EW,False,False,0.45239469401056187,0.9914169193570384,1277,7235,False,False,False,False
2735,CSS_J183359.8+345638,EW,EW,False,False,0.38968331816973256,0.9655590136031901,3934,7986,False,False,False,False
2736,CSS_J114540.6-151233,EW,EW,False,False,0.4642362421323858,1.972193611238556,1042,22,False,True,False,False
2737,CSS_J024605.5+175220,EW,EW,False,False,0.35320298319670307,0.9869514604179257,7808,7479,False,False,False,False
2738,CSS_J142527.5+304149,EW,EW,False,False,0.5023248856787614,1.040492718053068,518,4513,False,False,False,False
2739,CSS_J021907.9+393748,EW,EW,False,False,0.40455964246517284,1.0975430124151502,2915,2598,False,False,False,False
2740,CSS_J165001.6+220628,EW,EW,False,False,0.41586946917090384,1.15627618551428,2362,1544,False,False,False,False
2741,CSS_J084956.9+665240,RRc,RRc,False,False,0.3814221461165672,1.014449925118145,4759,5850,False,False,False,False
2742,CSS_J105539.7+011950,RRc,EW,True,False,0.3615942593272027,1.2348352299467742,7045,831,False,False,False,False
2743,CSS_J160307.3+404219,EW,EW,False,False,0.5599310286123295,1.0194538944071252,225,5551,False,False,False,False
2744,CSS_J032033.8+323442,EW,EW,False,False,0.41793722055135335,1.1640126543519904,2286,1448,False,False,False,False
2745,CSS_J134537.6-123809,EW,EW,False,False,0.3681660512612933,1.1987023985993646,6323,1091,False,False,False,False
2746,CSS_J040227.7+333818,EW,EW,False,False,0.390213588613572,0.9922978585049579,3889,7180,False,False,False,False
2747,CSS_J021532.1+371345,EA,EA,False,False,0.47068876306787694,1.0377389670981438,922,4629,False,False,False,False
2748,CSS_J210819.4-020007,RRc,RRc,False,False,0.38154365370275567,1.1076889575066307,4744,2356,False,False,False,False
2749,CSS_J005935.0+173343,RRc,EW,True,False,0.42864644299300786,1.0438063909408686,1898,4369,False,False,False,False
2750,CSS_J102035.0+244653,EA,EA,False,False,0.4431389512019474,1.0039416004431287,1500,6528,False,False,False,False
2751,CSS_J152201.4+151356,EW,EW,False,False,0.37014301088858187,1.1671893105135485,6076,1410,False,False,False,False
2752,CSS_J030131.3+372339,EW,EW,False,False,0.3571216184145823,1.0305506905340684,7507,4994,False,False,False,False
2753,CSS_J095122.0+095245,EA,EA,False,False,0.5137303184995035,1.0800738385752666,428,3046,False,False,False,False
2754,CSS_J004037.2+121915,EW,EW,False,False,0.3521881766926717,1.000118775727604,7854,6756,False,False,False,False
2755,CSS_J220043.2-182348,EA,EA,False,False,0.5244456389953938,1.0144179948478151,375,5853,False,False,False,False
2756,CSS_J170247.0+362105,EW,EW,False,False,0.35860568448278746,1.1538716163630853,7361,1572,False,False,False,False
2757,CSS_J223532.6+231723,EW,EW,False,False,0.5022570658632519,1.1611524221016878,520,1492,False,False,False,False
2758,CSS_J233544.8+404726,EW,EW,False,False,0.3716918594547452,0.9851323026954178,5879,7573,False,False,False,False
2759,CSS_J052557.3+044348,EW,EW,False,False,0.3611351661276984,1.0308229644022628,7102,4982,False,False,False,False
2760,CSS_J164918.9+020955,EW,EW,False,False,0.3513755036123143,1.0045046660854964,7898,6496,False,False,False,False
2761,CSS_J081939.6+341733,EW,EW,False,False,0.6075490770908709,1.0134007776787806,126,5915,True,False,False,False
2762,CSS_J102747.7+114652,RRc,RRc,False,False,0.4008337560777495,1.2095497167864226,3120,1016,False,False,False,False
2763,CSS_J080747.5+520018,RRc,RRc,False,False,0.45048411655407067,1.0194063948032976,1320,5556,False,False,False,False
2764,CSS_J075916.8+240631,EW,EW,False,False,0.38759855415717814,0.9919952514394108,4120,7199,False,False,False,False
2765,CSS_J171305.7+082121,RRc,EW,True,False,0.3569798455608503,1.0544412314016411,7518,3902,False,False,False,False
2766,CSS_J080156.8+314440,RRc,RRc,False,False,0.3819641867890787,0.9904866872499447,4693,7286,False,False,False,False
2767,CSS_J074921.4+351113,RRc,RRc,False,False,0.4390445488304956,1.15216360227359,1601,1601,False,False,False,False
2768,CSS_J023612.3+394932,EW,EW,False,False,0.374608433203791,0.9803492071612411,5519,7749,False,False,False,False
2769,CSS_J033302.4+155430,EW,EW,False,False,0.4135617245921259,1.0784133891590577,2477,3093,False,False,False,False
2770,CSS_J153210.9+550049,EW,EW,False,False,0.4446328649543825,1.050546963505283,1458,4067,False,False,False,False
2771,CSS_J164502.0+092714,RRc,RRc,False,False,0.3877363063130936,1.0268113940690966,4106,5165,False,False,False,False
2772,CSS_J041332.9+242617,EW,EW,False,False,0.3831792357186917,1.0247712720221165,4587,5279,False,False,False,False
2773,CSS_J031906.6+355758,EW,EW,False,False,0.3589420650293151,1.0626946828542976,7330,3605,False,False,False,False
2774,CSS_J164346.4+065530,EA,EA,False,False,0.47895290886331565,1.0886881052235915,801,2817,False,False,False,False
2775,CSS_J053050.1-065439,EW,EW,False,False,0.4287704546486202,0.9946430791605291,1896,7059,False,False,False,False
2776,CSS_J102443.4+192517,EW,EW,False,False,0.4587052212119272,1.0753483872966476,1138,3187,False,False,False,False
2777,CSS_J035010.3+320436,EW,EW,False,False,0.3696421679032024,1.0529892677704655,6134,3956,False,False,False,False
2778,CSS_J030836.7+383556,EW,EW,False,False,0.39225213279570464,1.1276874459942252,3728,1961,False,False,False,False
2779,CSS_J155342.7+001947,RRd,RRd,False,True,0.39728405551567153,1.1538766418944957,3350,1571,False,False,False,False
2780,CSS_J232956.7+024016,RS CVn,RS CVn,False,True,0.45252041197281745,1.0901744307442713,1273,2766,False,False,False,False
2781,CSS_J005922.2+401932,EA,EA,False,False,0.42362324638334165,1.2897028254681917,2061,575,False,False,False,False
2782,CSS_J171524.0+155106,EW,EW,False,False,0.36024191930873867,1.058959248939771,7205,3736,False,False,False,False
2783,CSS_J063657.1+405235,EW,EW,False,False,0.37026619523763443,1.0357291638684063,6059,4725,False,False,False,False
2784,CSS_J230428.1+130145,EW,EW,False,False,0.3811790923559388,1.035601906013811,4790,4731,False,False,False,False
2785,CSS_J224834.8+211526,EA,EA,False,False,0.44601574112979314,0.9832471881969287,1420,7653,False,False,False,False
2786,CSS_J131920.3+552430,RRab,RRab,False,False,0.49162451769079124,1.0988962887633469,620,2566,False,False,False,False
2787,CSS_J084011.0+390003,EW,EW,False,False,0.4499664745102444,1.1183256742794543,1325,2139,False,False,False,False
2788,CSS_J054853.7-021928,EW,EW,False,False,0.39387280986658624,0.9952345481579437,3599,7020,False,False,False,False
2789,CSS_J095911.2-151330,EW,EW,False,False,0.43369063749486664,1.2371733348274647,1735,815,False,False,False,False
2790,CSS_J092952.5+080904,EW,EW,False,False,0.3538412444556716,1.0116713411853042,7770,6025,False,False,False,False
2791,CSS_J180029.7+344045,EW,EW,False,False,0.4089019212469371,0.97864509990673,2702,7806,False,False,False,False
2792,CSS_J090307.9+374242,EW,EW,False,False,0.4143101302622974,1.1047298623209145,2432,2415,False,False,False,False
2793,CSS_J035811.4+211925,RRc,RRc,False,False,0.367445548240193,1.0707817660605996,6403,3316,False,False,False,False
2794,CSS_J202945.3-161856,EW,EW,False,False,0.3832744246038039,1.034406448679839,4573,4786,False,False,False,False
2795,CSS_J024418.5+411428,EA,EW,True,False,0.4095223930053827,0.987590131878904,2669,7434,False,False,False,False
2796,CSS_J171347.4+073606,EW,EW,False,False,0.36562640142814806,1.0777873151340926,6624,3120,False,False,False,False
2797,CSS_J062450.6+535122,EW,EW,False,False,0.39818077132204843,0.9833747501428057,3292,7647,False,False,False,False
2798,CSS_J134154.6-044123,EA,EA,False,False,0.4795935025534742,1.0357775064983923,791,4720,False,False,False,False
2799,CSS_J043017.2+005601,EW,EW,False,False,0.3678020643304586,1.0595928864642894,6369,3706,False,False,False,False
2800,CSS_J143723.6+153913,EW,EW,False,False,0.4269977720385864,0.995011238236479,1951,7032,False,False,False,False
2801,CSS_J135022.3+025714,EW,EW,False,False,0.3611893864361847,1.3374680443055715,7092,410,False,False,False,False
2802,CSS_J094826.0+083821,EW,EW,False,False,0.37773060816543563,1.0243318699870052,5166,5300,False,False,False,False
2803,CSS_J152158.1-115534,EW,EW,False,False,0.37080662479534493,1.0853337535443413,6001,2897,False,False,False,False
2804,CSS_J223122.1+232208,EA,EA,False,False,0.41492284390768863,1.011455233555177,2398,6041,False,False,False,False
2805,CSS_J103027.5+241600,EW,EW,False,False,0.43940922299606716,1.084681770781454,1591,2917,False,False,False,False
2806,CSS_J115055.8+035843,EW,EW,False,False,0.3548462142931612,1.028299649226583,7693,5093,False,False,False,False
2807,CSS_J215949.4+164456,EW,EW,False,False,0.37687871074515955,1.02740956412981,5248,5136,False,False,False,False
2808,CSS_J075615.8+313452,EA,EA,False,False,0.4951980809052206,1.2493124129392796,579,753,False,False,False,False
2809,CSS_J173759.5+563740,RRab,RRab,False,False,0.3902685348931162,1.0241588217642978,3885,5305,False,False,False,False
2810,CSS_J033907.0+353632,EW,EW,False,False,0.38325416629803216,1.030661319804762,4578,4988,False,False,False,False
2811,CSS_J025144.9+381435,EW,EW,False,False,0.3760711494355504,1.071093385549359,5353,3303,False,False,False,False
2812,CSS_J115913.9-010330,EW,EW,False,False,0.42519310965962664,1.0577340942157094,2019,3777,False,False,False,False
2813,CSS_J170041.6+120531,EW,EW,False,False,0.4260714625057434,1.2363010766658864,1983,819,False,False,False,False
2814,CSS_J153918.2+293739,EW,EW,False,False,0.4717608863715776,1.1005999610656605,908,2521,False,False,False,False
2815,CSS_J233059.8+373104,EW,EW,False,False,0.4051259659686839,1.1021457267465378,2879,2482,False,False,False,False
2816,CSS_J214140.1+193257,EW,EW,False,False,0.36189647470510206,1.1073337143912603,7012,2362,False,False,False,False
2817,CSS_J143438.9+303844,RRab,RRab,False,False,0.49140202366632224,1.0041414358096798,625,6516,False,False,False,False
2818,CSS_J102431.2+323736,RRab,RRab,False,False,0.5792164214378074,1.150328654342386,170,1620,False,False,False,False
2819,CSS_J212359.9+031237,EA,EA,False,False,0.4109589129051504,0.9930727734206173,2603,7134,False,False,False,False
2820,CSS_J050240.9+245408,EW,EA,True,False,0.40386549505547525,0.9750716842440939,2946,7877,False,False,False,False
2821,CSS_J035101.9+374650,RRab,RRab,False,False,0.4389651690968409,1.1355356974544577,1604,1831,False,False,False,False
2822,CSS_J203915.7-074447,EA,EA,False,False,0.45541486351474186,0.9963282269826046,1209,6957,False,False,False,False
2823,CSS_J172248.1+191619,EW,EA,True,False,0.41669034357947626,0.9939872989827678,2339,7096,False,False,False,False
2824,CSS_J080521.4+204247,EW,EW,False,False,0.4206687821811422,1.291350909342542,2172,567,False,False,False,False
2825,CSS_J045336.5+105510,EW,EW,False,False,0.36726413977908784,1.042948691793062,6422,4404,False,False,False,False
2826,CSS_J103513.0+201558,EW,EW,False,False,0.38053428722758686,1.0515033708949402,4862,4030,False,False,False,False
2827,CSS_J114004.6+022804,EA,EA,False,False,0.4491153092541073,1.0192438985511898,1343,5569,False,False,False,False
2828,CSS_J160536.5-085743,EW,EW,False,False,0.48731652509171364,1.1389007615098796,670,1780,False,False,False,False
2829,CSS_J045934.8-095037,EW,EW,False,False,0.5882236833351476,1.2352827237451582,155,827,True,False,False,False
2830,CSS_J051402.5-024125,EW,EW,False,False,0.3943740131476667,1.0276702983103312,3561,5122,False,False,False,False
2831,CSS_J152452.7-085406,EW,EW,False,False,0.4313819874357491,1.2874821751455008,1806,582,False,False,False,False
2832,CSS_J162223.9+180646,RS CVn,EW,True,True,0.3829381513416192,1.0577447254478582,4611,3776,False,False,False,False
2833,CSS_J084231.6+300555,EW,EW,False,False,0.36103544408154953,0.9896232878400726,7116,7332,False,False,False,False
2834,CSS_J202254.7-193724,RRab,RRab,False,False,0.5154610012462861,1.1089114564555356,415,2326,False,False,False,False
2835,CSS_J222602.4-054827,EW,EW,False,False,0.3613335937917995,0.9881622902339237,7075,7405,False,False,False,False
2836,CSS_J204958.6-081316,EW,EW,False,False,0.43436099309709814,1.0847440875336196,1714,2912,False,False,False,False
2837,CSS_J020254.9-010559,RRc,EW,True,False,0.3676588181922887,1.0700070842762446,6378,3335,False,False,False,False
2838,CSS_J131201.9+074656,RRc,RRc,False,False,0.4005131942158384,1.05900645661032,3142,3732,False,False,False,False
2839,CSS_J135407.7+064545,RRc,RRc,False,False,0.38588276171202285,1.159679925964022,4296,1511,False,False,False,False
2840,CSS_J153050.1-051948,EW,EW,False,False,0.3649869720340249,1.1207782537389401,6691,2083,False,False,False,False
2841,CSS_J070728.6+611454,EW,EW,False,False,0.3830069791813945,1.0097865954877334,4607,6143,False,False,False,False
2842,CSS_J115326.4+060756,EW,EW,False,False,0.36165311108035386,1.0249251587196537,7041,5274,False,False,False,False
2843,CSS_J222935.7+050648,EW,EW,False,False,0.3914121784629097,1.0216403843791801,3796,5436,False,False,False,False
2844,CSS_J082915.0+182307,LPV,LPV,False,False,0.7161877733701069,2.370695017497121,32,6,True,True,True,True
2845,CSS_J023703.5+375441,EW,EW,False,False,0.3717601350855615,0.9960142637121694,5867,6976,False,False,False,False
2846,CSS_J203937.3-125405,EA,EA,False,False,0.42316078557780357,1.0963430188938768,2081,2623,False,False,False,False
2847,CSS_J163148.4+082823,RRc,EW,True,False,0.36263036411721594,0.9837673299279601,6943,7631,False,False,False,False
2848,CSS_J224121.4+295905,EW,EW,False,False,0.3539056668070355,1.051742843258403,7763,4019,False,False,False,False
2849,CSS_J231209.3+245758,EW,EW,False,False,0.37998085238450885,1.1949101692123412,4925,1121,False,False,False,False
2850,CSS_J133638.3+281139,EW,EW,False,False,0.37864994081177555,1.0092602817513376,5055,6161,False,False,False,False
2851,CSS_J105446.2+350312,RRc,RRc,False,False,0.3697842460757162,0.9957785675186408,6115,6992,False,False,False,False
2852,CSS_J212642.8+205303,EW,EW,False,False,0.4023791072588857,0.9944782094133089,3040,7069,False,False,False,False
2853,CSS_J074539.3+501225,EW,EW,False,False,0.6661397010352228,1.5713655493024348,64,101,True,True,True,True
2854,CSS_J072618.8+324437,EW,EW,False,False,0.40058377163810593,1.032516701003455,3137,4891,False,False,False,False
2855,CSS_J224553.0+123022,RRc,RRc,False,False,0.3949270443709889,1.017180920193249,3514,5694,False,False,False,False
2856,CSS_J040312.9+235315,EW,EW,False,False,0.37067735175401856,1.0166864069026595,6021,5723,False,False,False,False
2857,CSS_J205446.6+011238,EW,EW,False,False,0.3556657625593954,1.0030224348872143,7637,6583,False,False,False,False
2858,CSS_J140059.3+041151,RRc,RRc,False,False,0.41419487149841694,1.094788182104319,2438,2654,False,False,False,False
2859,CSS_J082851.0+062523,EW,EW,False,False,0.45397209941099786,1.0165502248105236,1239,5733,False,False,False,False
2860,CSS_J025346.3+293023,EW,EW,False,False,0.37649691292409765,1.0343473255703592,5299,4792,False,False,False,False
2861,CSS_J024738.8+405335,LPV,LPV,False,False,0.7210991191675309,1.0338330469925228,31,4824,True,False,False,False
2862,CSS_J042756.7+001450,EW,EW,False,False,0.3762559963823584,1.0652679233373739,5322,3516,False,False,False,False
2863,CSS_J035632.6+252734,EA,EA,False,False,0.44817181987560045,1.1053883160029458,1366,2400,False,False,False,False
2864,CSS_J170130.5-051237,RRc,EW,True,False,0.35255814371957034,1.2288078341606243,7837,871,False,False,False,False
2865,CSS_J010841.6-162550,EW,EW,False,False,0.39089337043104316,1.0307546813438493,3839,4984,False,False,False,False
2866,CSS_J122529.1-152554,RRab,RRab,False,False,0.4276210709553269,1.129989736065442,1934,1930,False,False,False,False
2867,CSS_J152755.7-105350,EA,EA,False,False,0.4012090357182747,1.2348096794877679,3103,832,False,False,False,False
2868,CSS_J022652.7+115013,EW,EW,False,False,0.3812174741679918,1.2442351265208536,4785,785,False,False,False,False
2869,CSS_J103222.7+153025,EW,EW,False,False,0.3841719417850823,1.1013513134509776,4469,2502,False,False,False,False
2870,CSS_J053732.0-141358,EW,EW,False,False,0.3591760458662912,1.0451642110687736,7310,4306,False,False,False,False
2871,CSS_J012309.7+290316,EW,RS CVn,True,False,0.4405393026217087,1.1078960756674288,1561,2350,False,False,False,False
2872,CSS_J154936.5+031902,RRc,RRc,False,False,0.3940217977902156,1.01561245334054,3589,5774,False,False,False,False
2873,CSS_J155413.0+355610,EW,EW,False,False,0.3704643903492452,1.0930899301110353,6041,2687,False,False,False,False
2874,CSS_J174403.2+332413,EW,EW,False,False,0.3868801283475227,1.0484830740307993,4187,4148,False,False,False,False
2875,CSS_J204833.3-010519,RRab,RRab,False,False,0.42803537423241683,1.0516669868771165,1915,4022,False,False,False,False
2876,CSS_J174926.0+402444,EW,EW,False,False,0.39006616556665,1.0412449570010465,3896,4479,False,False,False,False
2877,CSS_J152957.3+145559,LPV,LPV,False,False,0.6534940242994386,0.9922636770435609,73,7181,True,False,False,False
2878,CSS_J022608.9-124927,EW,EW,False,False,0.36851236762691053,1.121060120763189,6279,2073,False,False,False,False
2879,CSS_J232901.6+392711,EW,EW,False,False,0.35144035900027665,0.9887933839073284,7895,7370,False,False,False,False
2880,CSS_J085901.5-070327,EW,EW,False,False,0.3983187987674656,1.1078247842541995,3285,2351,False,False,False,False
2881,CSS_J101422.6+401956,RRab,RRab,False,False,0.5072363504153852,1.118663605604649,485,2123,False,False,False,False
2882,CSS_J175537.5+581259,RRc,EW,True,False,0.4344084830959644,1.0331409922499208,1710,4855,False,False,False,False
2883,CSS_J161148.4-121724,EW,EW,False,False,0.4198047089968855,1.0548796183740454,2211,3890,False,False,False,False
2884,CSS_J032508.5+183513,EW,EW,False,False,0.3749056027283123,1.1926495708334297,5482,1134,False,False,False,False
2885,CSS_J080724.9+045532,EW,EW,False,False,0.3672238583366032,1.1312018584517474,6426,1913,False,False,False,False
2886,CSS_J090228.9-070350,EW,EW,False,False,0.3718304241173508,0.9795184454681115,5856,7774,False,False,False,False
2887,CSS_J150955.2-025403,RRd,RRd,False,True,0.4017572226696877,1.0601345971478513,3073,3681,False,False,False,False
2888,CSS_J040100.3+252521,EW,EW,False,False,0.35484567624179936,1.0183722524638856,7694,5616,False,False,False,False
2889,CSS_J043635.7+082006,RRab,EW,True,False,0.48104570957781095,1.0114391974309505,775,6043,False,False,False,False
2890,CSS_J143105.4-033451,LPV,RS CVn,True,False,0.5721711920201483,2.516986512972786,189,3,False,True,False,False
2891,CSS_J065718.3+415649,EW,EW,False,False,0.3965025995182574,1.3398240524113745,3395,406,False,False,False,False
2892,CSS_J231103.2+332136,EW,EW,False,False,0.37829160588671157,1.1625378206812607,5092,1468,False,False,False,False
2893,CSS_J171234.2+183906,EA,EA,False,False,0.5320220155735012,1.1022743247188003,336,2476,False,False,False,False
2894,CSS_J120546.2+312833,RRc,EW,True,False,0.47479429339403934,1.1080912754883885,857,2344,False,False,False,False
2895,CSS_J173544.1+223022,EW,EW,False,False,0.38751183672617706,1.0152232703488164,4130,5798,False,False,False,False
2896,CSS_J084105.2+243233,EA,EA,False,False,0.5612951577565951,1.1254436445606806,220,1999,False,False,False,False
2897,CSS_J144715.4-021415,RS CVn,RS CVn,False,True,0.4083920469894637,1.3891463204125087,2722,297,False,False,False,False
2898,CSS_J104539.5+385619,EW,RS CVn,True,False,0.4361819085492053,1.1929011381632364,1668,1131,False,False,False,False
2899,CSS_J092527.0+380212,EW,EW,False,False,0.3756309764225606,1.0109984355109707,5409,6074,False,False,False,False
2900,CSS_J231034.2+314254,EW,EW,False,False,0.4014373753820937,1.01640567737512,3095,5737,False,False,False,False
2901,CSS_J205007.0-022129,RRd,RRc,True,True,0.4359041746253601,1.0857335899401632,1676,2888,False,False,False,False
2902,CSS_J125612.7+562021,EW,EW,False,False,0.3502982105318981,1.1106382805381971,7941,2290,False,False,False,False
2903,CSS_J075313.6+294945,EW,EW,False,False,0.3897242651557265,1.1031250964059585,3928,2452,False,False,False,False
2904,CSS_J092510.4+555844,EW,EW,False,False,0.3766396609460727,1.003038683921681,5279,6580,False,False,False,False
2905,CSS_J213439.2-102430,EW,EW,False,False,0.4480481185911866,1.1996630989108714,1370,1082,False,False,False,False
2906,CSS_J133419.0+584552,EW,EW,False,False,0.37727613034204643,1.0109122171225176,5208,6084,False,False,False,False
2907,CSS_J132045.6-034946,EA,EA,False,False,0.48429108222730777,1.0019003467774954,710,6656,False,False,False,False
2908,CSS_J173521.0+351557,EA,EA,False,False,0.5258697411695348,1.0634984569949157,365,3572,False,False,False,False
2909,CSS_J075434.1+453313,EW,EW,False,False,0.3682591752350597,1.059125834055826,6311,3727,False,False,False,False
2910,CSS_J080809.6+092429,RRc,EW,True,False,0.3652211539044665,1.0110342209173937,6663,6067,False,False,False,False
2911,CSS_J223916.0+360330,EW,EW,False,False,0.37337601838963264,0.9836502050034547,5670,7640,False,False,False,False
2912,CSS_J075619.6+161112,EA,EA,False,False,0.4825362960025721,1.0381719337566135,743,4610,False,False,False,False
2913,CSS_J155618.1+074537,EA,EA,False,False,0.4996207292351612,1.0345012487375955,540,4779,False,False,False,False
2914,CSS_J172729.6+362353,EW,EW,False,False,0.3628747262367005,1.0603112134412387,6915,3673,False,False,False,False
2915,CSS_J033319.1+371524,EW,EW,False,False,0.3686965004640883,1.0682069472165854,6247,3404,False,False,False,False
2916,CSS_J205015.5-081104,EW,EW,False,False,0.371530952272955,1.0822932510083985,5903,2983,False,False,False,False
2917,CSS_J121229.7+534927,EW,EW,False,False,0.37226827888223785,1.0555331684025826,5792,3862,False,False,False,False
2918,CSS_J092616.8-010524,EW,EW,False,False,0.5186054659766778,1.6354010065240705,402,71,False,True,False,False
2919,CSS_J053058.1+112247,EA,EA,False,False,0.433661409913408,1.1710954798299922,1736,1362,False,False,False,False
2920,CSS_J144807.1+123623,LPV,LPV,False,False,0.6949737858858396,1.1172330951144196,44,2158,True,False,False,False
2921,CSS_J074719.4+550615,EW,EW,False,False,0.35593898600558355,1.0113734316300047,7617,6046,False,False,False,False
2922,CSS_J024733.2+362348,EW,EW,False,False,0.3946630777119444,1.0309699326706343,3535,4972,False,False,False,False
2923,CSS_J012942.5-070111,RRc,RRc,False,False,0.3988234061633332,1.2243731069266537,3244,895,False,False,False,False
2924,CSS_J110010.4+112953,RRc,RRc,False,False,0.3998720677911797,1.0282511113062167,3178,5094,False,False,False,False
2925,CSS_J072901.1+572527,EW,EW,False,False,0.36065775578300396,1.0353835526045676,7159,4742,False,False,False,False
2926,CSS_J235911.0+412430,EW,EW,False,False,0.38861621957602804,1.0017480622495518,4032,6659,False,False,False,False
2927,CSS_J213005.2+163649,EW,EW,False,False,0.3694802131171184,0.983304448151533,6156,7649,False,False,False,False
2928,CSS_J110833.7+215237,RRd,RRd,False,True,0.3871513065718689,1.027017130368392,4161,5156,False,False,False,False
2929,CSS_J005653.6+192044,EW,EW,False,False,0.37224738435562466,1.0461274950256798,5793,4264,False,False,False,False
2930,CSS_J043640.2+040321,EW,EW,False,False,0.3849589184424717,1.0645440620814635,4385,3536,False,False,False,False
2931,CSS_J042804.8+240739,EW,EW,False,False,0.4204835916596271,1.035381548884775,2184,4743,False,False,False,False
2932,CSS_J214355.3+135350,EW,EW,False,False,0.3805281906002963,1.0264151587196513,4864,5188,False,False,False,False
2933,CSS_J081813.1+045029,EW,EW,False,False,0.3813417129358993,1.178150423075945,4770,1279,False,False,False,False
2934,CSS_J172430.4+231847,EW,EW,False,False,0.37467460896843113,1.0379130695105925,5509,4623,False,False,False,False
2935,CSS_J095332.1-131622,EW,EW,False,False,0.388883974467809,1.3082415181161617,4001,498,False,False,False,False
2936,CSS_J004757.3+425821,EW,EW,False,False,0.39765090023069477,1.0580308343745057,3324,3766,False,False,False,False
2937,CSS_J044455.7+025256,EW,EW,False,False,0.3912390633084559,1.001145235558837,3814,6688,False,False,False,False
2938,CSS_J085105.5+504522,RRab,RRab,False,False,0.4873090940450858,1.1306695452757485,671,1919,False,False,False,False
2939,CSS_J033020.0-191934,EW,RRab,True,False,0.3670594320624191,1.0373366168899727,6445,4650,False,False,False,False
2940,CSS_J121338.1+184448,EA,EA,False,False,0.3942755349875988,1.0421885727543074,3569,4451,False,False,False,False
2941,CSS_J050254.0+210237,EA,EA,False,False,0.5391913695581037,0.9968861027522644,298,6928,False,False,False,False
2942,CSS_J100722.6+055608,EA,EA,False,False,0.4434461153005345,1.0217475485019407,1489,5426,False,False,False,False
2943,CSS_J162641.1+103249,EW,EW,False,False,0.42209276853029853,1.0786709606022553,2129,3090,False,False,False,False
2944,CSS_J211315.3+101920,EW,EW,False,False,0.3557035185246067,0.9955491880826152,7634,7005,False,False,False,False
2945,CSS_J144841.6+343156,EA,EA,False,False,0.46380140338764697,1.6335087002691506,1050,72,False,True,False,False
2946,CSS_J074030.0+245545,RS CVn,RS CVn,False,True,0.4245973492116137,1.116589522202633,2031,2168,False,False,False,False
2947,CSS_J213942.5+090426,EW,EW,False,False,0.44520389416994105,1.007600944910488,1441,6286,False,False,False,False
2948,CSS_J042049.5+301015,EA,EA,False,False,0.5335365444464603,1.0335748883078981,323,4839,False,False,False,False
2949,CSS_J002006.6+422548,EW,RRc,True,False,0.40490874353843,1.0215798799346658,2891,5438,False,False,False,False
2950,CSS_J050006.9+175208,EA,EA,False,False,0.5381892658823247,0.9922369190521362,302,7183,False,False,False,False
2951,CSS_J012003.2-052304,EW,EW,False,False,0.36031717875097147,1.1028482629112515,7196,2462,False,False,False,False
2952,CSS_J121450.1+080220,RRc,RRc,False,False,0.4424561159701768,1.052757262473471,1514,3971,False,False,False,False
2953,CSS_J060049.8-071859,EW,EW,False,False,0.39118428102907576,1.0484630897470895,3818,4152,False,False,False,False
2954,CSS_J234826.5+271203,EA,EA,False,False,0.42032724821194806,1.01550200091763,2190,5781,False,False,False,False
2955,CSS_J064259.2+523155,EW,EW,False,False,0.49159119416345903,1.2094499362023594,622,1018,False,False,False,False
2956,CSS_J044250.8-104027,EW,EW,False,False,0.3632896792248281,1.069171502171579,6869,3371,False,False,False,False
2957,CSS_J002200.7+225433,EW,EW,False,False,0.552257536739977,1.514887117516296,245,149,False,True,False,False
2958,CSS_J203101.6-034757,EW,EW,False,False,0.36097978287520927,1.0465548654836263,7125,4240,False,False,False,False
2959,CSS_J152121.7+175743,EW,EW,False,False,0.3653431207663067,0.9825099457337944,6650,7680,False,False,False,False
2960,CSS_J081537.1+521404,EW,EW,False,False,0.3478103475833115,0.9898412033498101,7989,7321,False,False,False,False
2961,CSS_J215815.5+065827,RRc,RRc,False,False,0.36997829633342527,0.9883400425600121,6095,7398,False,False,False,False
2962,CSS_J022806.0+093948,EW,EW,False,False,0.3565079890325865,1.0679024737904685,7563,3411,False,False,False,False
2963,CSS_J010057.2+014557,EW,EW,False,False,0.37760418557865305,1.0984432290754866,5178,2580,False,False,False,False
2964,CSS_J075020.1+220806,EW,EW,False,False,0.3751144957262645,0.997852335439544,5451,6879,False,False,False,False
2965,CSS_J213150.3-085510,EA,EA,False,False,0.48658365901905903,1.349787919286415,680,376,False,False,False,False
2966,CSS_J043241.6+094517,RRc,RRc,False,False,0.43752163320232784,1.2975245488259384,1635,541,False,False,False,False
2967,CSS_J042512.8+092114,RRab,RRab,False,False,0.44345578204936914,0.9957992079146522,1488,6989,False,False,False,False
2968,CSS_J135030.4+021200,RRc,RRc,False,False,0.37985827816100437,0.9915495552479887,4943,7232,False,False,False,False
2969,CSS_J123207.0+030446,EW,EW,False,False,0.3550575843370291,1.0179684290699942,7677,5649,False,False,False,False
2970,CSS_J015310.1+012311,RRc,RRc,False,False,0.39316412936917605,1.1421472592698243,3652,1735,False,False,False,False
2971,CSS_J173909.8+403529,EW,EW,False,False,0.37728194297463546,1.0021400280317292,5207,6638,False,False,False,False
2972,CSS_J034503.6+355521,EW,EW,False,False,0.4589699708876024,1.0384845850354503,1130,4600,False,False,False,False
2973,CSS_J220255.3+140942,EW,EW,False,False,0.34895325851739845,1.0205815667296243,7968,5494,False,False,False,False
2974,CSS_J231619.3+404656,EW,EW,False,False,0.38322001408365347,0.9983739729835837,4581,6855,False,False,False,False
2975,CSS_J105924.6+334657,EW,EW,False,False,0.3582914754712601,1.066221405654092,7402,3477,False,False,False,False
2976,CSS_J160009.3-142102,RRab,RRab,False,False,0.43086423664220785,1.1144259175012043,1828,2214,False,False,False,False
2977,CSS_J030751.3+381911,EW,EW,False,False,0.3638676414469223,0.9868992993569096,6812,7483,False,False,False,False
2978,CSS_J062805.1+500619,EW,EW,False,False,0.36296345688604614,1.0178453714601563,6904,5657,False,False,False,False
2979,CSS_J174916.5+281822,EA,EA,False,False,0.5596131838047316,1.080228656306772,226,3037,False,False,False,False
2980,CSS_J005424.9-062919,RRc,RRc,False,False,0.40877048098202745,1.1125695004723795,2706,2254,False,False,False,False
2981,CSS_J225347.4-143017,EW,EW,False,False,0.39864644758413487,1.0697239681602873,3258,3351,False,False,False,False
2982,CSS_J015055.4+340800,EW,EW,False,False,0.4988182149597243,1.2547492518528833,545,729,False,False,False,False
2983,CSS_J154539.0+110002,EW,EW,False,False,0.4172680282390997,1.2608085246858636,2307,702,False,False,False,False
2984,CSS_J024644.4-190634,EW,EW,False,False,0.38461358105736343,1.0579963690609742,4421,3768,False,False,False,False
2985,CSS_J043328.1-163417,EW,EW,False,False,0.38198847250482015,1.1202197465658736,4689,2093,False,False,False,False
2986,CSS_J011053.7+443728,EW,EW,False,False,0.36937913732491745,1.0356156935329288,6167,4730,False,False,False,False
2987,CSS_J044122.9-050249,EW,EW,False,False,0.366237209336549,1.2252821273938412,6550,892,False,False,False,False
2988,CSS_J044049.9+193511,EW,EW,False,False,0.3715594215078395,1.010653827313103,5895,6108,False,False,False,False
2989,CSS_J071011.8+312953,EW,RRc,True,False,0.43742028863598187,1.009064521555509,1638,6182,False,False,False,False
2990,CSS_J165103.8+160054,EW,EW,False,False,0.39968183173303606,1.0489645138969341,3187,4130,False,False,False,False
2991,CSS_J050513.6+235106,EW,EW,False,False,0.38274621602585684,1.1561783119717173,4624,1547,False,False,False,False
2992,CSS_J124930.8+070626,EA,EW,True,False,0.38095037840195733,1.0636463608811995,4820,3564,False,False,False,False
2993,CSS_J020831.0+171400,EA,EA,False,False,0.4422829762854742,1.0293988785883337,1520,5039,False,False,False,False
2994,CSS_J010650.8+380656,EW,EA,True,False,0.4242770176217066,1.0197977349682104,2042,5535,False,False,False,False
2995,CSS_J081748.4+190436,EA,EA,False,False,0.5409681730803889,1.1175618424360634,293,2152,False,False,False,False
2996,CSS_J123023.0-022336,EW,EW,False,False,0.40306593948495756,1.0902264980690155,2997,2763,False,False,False,False
2997,CSS_J052637.8+140256,LPV,LPV,False,False,0.6336416929320893,1.1032116325230832,93,2447,True,False,False,False
2998,CSS_J053710.6-131135,EW,EW,False,False,0.36231620803609504,1.0294029265136593,6972,5038,False,False,False,False
2999,CSS_J233841.6+333043,RRc,RRc,False,False,0.36508200275044844,1.2158235712283836,6672,968,False,False,False,False
3000,CSS_J160538.8+005957,RRc,RRc,False,False,0.37485969132999425,1.031496994473779,5489,4942,False,False,False,False
3001,CSS_J210642.0-015418,EW,EW,False,False,0.3624712914289615,1.0311338476300516,6954,4965,False,False,False,False
3002,CSS_J143130.8+225023,RRc,RRc,False,False,0.3553170280692027,1.037097921451462,7658,4663,False,False,False,False
3003,CSS_J050312.9-083750,EW,EW,False,False,0.41885375118192175,0.9994043417200805,2245,6800,False,False,False,False
3004,CSS_J103312.8+064315,EA,EA,False,False,0.46967071386477494,1.0478612311199778,941,4180,False,False,False,False
3005,CSS_J015055.1+361215,EW,EA,True,False,0.452122230744761,1.042964409152788,1285,4403,False,False,False,False
3006,CSS_J095808.0-175425,EW,EW,False,False,0.411676429784449,1.2640307613874646,2561,683,False,False,False,False
3007,CSS_J065758.6+530153,EW,EW,False,False,0.42849163567715953,1.0155768034895127,1902,5778,False,False,False,False
3008,CSS_J223001.8+333150,EW,EW,False,False,0.43370666071883585,1.333461416684314,1733,422,False,False,False,False
3009,CSS_J072113.3+375218,EW,EW,False,False,0.4714860143719351,1.1031427843014383,911,2451,False,False,False,False
3010,CSS_J121508.4-061357,EW,EW,False,False,0.4119111215297933,1.163779161961745,2551,1450,False,False,False,False
3011,CSS_J091229.9+082743,EW,EW,False,False,0.39267825828811886,1.154995453335448,3693,1562,False,False,False,False
3012,CSS_J121912.1+092215,EA,EA,False,False,0.6148844944665005,1.152746490575531,113,1592,True,False,False,False
3013,CSS_J082822.4+191007,EW,EW,False,False,0.61235626822622,1.3795305049042244,119,316,True,False,False,False
3014,CSS_J234152.3-160520,EW,EW,False,False,0.4618172498884228,1.2664321943740862,1088,668,False,False,False,False
3015,CSS_J222215.7+255431,RS CVn,RS CVn,False,True,0.384904167207475,0.9871782566096753,4392,7463,False,False,False,False
3016,CSS_J092056.0+013115,EA,EW,True,False,0.5022677310346032,1.5805778348832586,519,98,False,True,False,False
3017,CSS_J143136.3+214425,EW,EW,False,False,0.4493910231353768,1.01298795715017,1339,5934,False,False,False,False
3018,CSS_J203423.0-192540,EW,EW,False,False,0.36370548257756713,1.0180092350638423,6825,5645,False,False,False,False
3019,CSS_J072108.8+344808,EA,EA,False,False,0.48108656210935274,1.275351325335843,774,624,False,False,False,False
3020,CSS_J164520.4+332824,RRc,RRc,False,False,0.3749166690462253,0.9847000200043882,5479,7598,False,False,False,False
3021,CSS_J222019.1+304414,EW,EW,False,False,0.38347380583475066,1.0491553946539838,4550,4126,False,False,False,False
3022,CSS_J170817.4+080439,RRd,EW,True,True,0.3712026096304218,1.1961954658147649,5950,1106,False,False,False,False
3023,CSS_J035915.9+353838,EW,EW,False,False,0.38384453342336294,0.980078416959851,4506,7756,False,False,False,False
3024,CSS_J083317.7+041005,RRc,EW,True,False,0.36322218499754283,1.0345405524957902,6876,4776,False,False,False,False
3025,CSS_J051230.2+093754,EW,EW,False,False,0.35657147580637477,1.0852415192558151,7550,2902,False,False,False,False
3026,CSS_J173250.5+340852,EA,EW,True,False,0.4075413652127331,1.0813963401504478,2761,3007,False,False,False,False
3027,CSS_J214047.1+042327,EW,EW,False,False,0.4061781887924105,1.1072980333466318,2821,2364,False,False,False,False
3028,CSS_J043336.1+190146,EW,EW,False,False,0.38000039625306065,1.0635340705248244,4924,3571,False,False,False,False
3029,CSS_J083931.8+393519,EW,EW,False,False,0.35372245216647646,0.9854983138079415,7775,7557,False,False,False,False
3030,CSS_J165834.5+120638,RRc,RRc,False,False,0.39735197517778403,1.0184549601257709,3343,5607,False,False,False,False
3031,CSS_J173805.1+273530,RRab,RRab,False,False,0.4135436592334167,1.02002625061306,2479,5519,False,False,False,False
3032,CSS_J043402.8+381027,RS CVn,RS CVn,False,True,0.38810667260867615,1.0357467270215517,4076,4722,False,False,False,False
3033,CSS_J030749.0-185632,EW,EW,False,False,0.4526192775573925,1.0296307568103014,1271,5023,False,False,False,False
3034,CSS_J170145.3-022538,EW,EW,False,False,0.4275201880394089,1.0612406587030698,1938,3650,False,False,False,False
3035,CSS_J083817.0+423521,EW,EW,False,False,0.349220982015118,0.9837302238959325,7961,7633,False,False,False,False
3036,CSS_J034129.2+305018,EW,EW,False,False,0.38608023900702204,1.1662739049947568,4270,1420,False,False,False,False
3037,CSS_J113132.1+350024,EW,EW,False,False,0.39754559480922746,1.045565130146495,3330,4285,False,False,False,False
3038,CSS_J134016.1+622317,RRab,EW,True,False,0.38024213936362167,1.1125954803358924,4893,2252,False,False,False,False
3039,CSS_J211212.6+150952,EW,EW,False,False,0.36064610575763645,1.0826964840757392,7164,2969,False,False,False,False
3040,CSS_J165936.7+333159,EW,EW,False,False,0.4480476778888057,1.0231493692661393,1371,5353,False,False,False,False
3041,CSS_J073344.9+212442,EW,EW,False,False,0.38537664826983525,1.0344023452812179,4344,4787,False,False,False,False
3042,CSS_J162411.2+102005,RRc,RRc,False,False,0.38350733437544476,1.051006696349742,4545,4051,False,False,False,False
3043,CSS_J135835.5+223341,RRd,RRc,True,True,0.39131906821876034,1.017261768152086,3804,5689,False,False,False,False
3044,CSS_J153419.2+602254,RRab,RRab,False,False,0.4017773558129771,1.0069958276052495,3072,6321,False,False,False,False
3045,CSS_J053029.4+034652,EW,EW,False,False,0.3668350648317363,1.0222303994805124,6480,5407,False,False,False,False
3046,CSS_J042235.8+081928,EA,EA,False,False,0.4658910578886296,1.0076421257282417,1011,6282,False,False,False,False
3047,CSS_J213925.0+040427,EW,EW,False,False,0.3815397684001532,1.0511729074510003,4745,4046,False,False,False,False
3048,CSS_J055554.3-155739,EW,EW,False,False,0.37109043941886805,1.0671423569458185,5968,3444,False,False,False,False
3049,CSS_J232656.9-120030,RRc,RRc,False,False,0.4306178987703301,1.0900904516320735,1832,2768,False,False,False,False
3050,CSS_J081248.4+210724,EA,EW,True,False,0.40312731114966704,1.0376474102758408,2991,4636,False,False,False,False
3051,CSS_J081228.7-020205,EW,EW,False,False,0.4114855265966193,1.0827856481557658,2573,2966,False,False,False,False
3052,CSS_J173603.6+345130,EW,EW,False,False,0.3629094034710901,1.0184327154674173,6912,5609,False,False,False,False
3053,CSS_J152758.9+190751,EA,EW,True,False,0.4084689248400485,1.0559558333127064,2716,3846,False,False,False,False
3054,CSS_J052935.4+040651,EW,EW,False,False,0.4793545501290042,1.1059614934175697,793,2390,False,False,False,False
3055,CSS_J233056.4+142037,RRc,EW,True,False,0.3675708058409729,0.9962840633386636,6390,6960,False,False,False,False
3056,CSS_J095825.8+141536,EW,EW,False,False,0.38226007173001847,1.048274972875738,4665,4157,False,False,False,False
3057,CSS_J100933.6+504020,EW,EW,False,False,0.42000867801722785,1.1015757457080588,2205,2497,False,False,False,False
3058,CSS_J083732.1-015401,EW,EW,False,False,0.3769565943810821,1.0422666520280832,5237,4447,False,False,False,False
3059,CSS_J013856.0+064040,EW,EW,False,False,0.38407917994227536,1.0051241666060573,4477,6458,False,False,False,False
3060,CSS_J225328.3+052010,EW,EW,False,False,0.3751529683867384,0.9821801733343044,5448,7694,False,False,False,False
3061,CSS_J094957.5-131000,EW,EW,False,False,0.37694922432265227,1.0115779422558375,5239,6033,False,False,False,False
3062,CSS_J172654.3+550714,RRc,RRc,False,False,0.36913165383520696,1.0411777840179108,6203,4483,False,False,False,False
3063,CSS_J084253.1-025101,EW,EW,False,False,0.38009545784351034,1.0342760579466963,4906,4799,False,False,False,False
3064,CSS_J020819.5+120744,EW,RS CVn,True,False,0.45019237171441057,1.386449276226916,1322,304,False,False,False,False
3065,CSS_J211549.9+001928,RRc,RRc,False,False,0.4148121348085174,1.0010667972237268,2404,6694,False,False,False,False
3066,CSS_J012806.2+373816,EA,EA,False,False,0.5732449982439289,1.0526856513730367,186,3980,False,False,False,False
3067,CSS_J013844.1+395827,EW,EW,False,False,0.4450743696388625,1.0181788601527013,1444,5633,False,False,False,False
3068,CSS_J063445.2+434809,EW,EW,False,False,0.35185855453176773,0.986678480666272,7869,7493,False,False,False,False
3069,CSS_J164312.8-113417,RRab,RRab,False,False,0.4729096697912732,1.4649111759729843,890,190,False,False,False,False
3070,CSS_J045859.8+175938,EW,EW,False,False,0.3699472238567009,1.208569815293049,6101,1028,False,False,False,False
3071,CSS_J004637.7+315117,EW,EW,False,False,0.41620673189306484,1.1294365490469427,2356,1934,False,False,False,False
3072,CSS_J090404.5+431257,RRc,EW,True,False,0.5185755506571897,1.2255189682945926,403,890,False,False,False,False
3073,CSS_J081208.4+321419,EA,EA,False,False,0.4639693422220288,1.0101917223332684,1045,6129,False,False,False,False
3074,CSS_J030216.5+220425,EA,EA,False,False,0.4007497806878989,1.0003192612317533,3128,6740,False,False,False,False
3075,CSS_J050951.3+172139,EW,EW,False,False,0.377036802503047,1.0031717812288816,5229,6573,False,False,False,False
3076,CSS_J130722.2+574308,EW,EW,False,False,0.38500906103342014,1.174502450521391,4380,1315,False,False,False,False
3077,CSS_J144157.5+085418,EW,EW,False,False,0.3724700275693788,0.9832765610756843,5766,7650,False,False,False,False
3078,CSS_J073722.5+454435,EW,EW,False,False,0.407331074033873,0.9897488414770816,2772,7325,False,False,False,False
3079,CSS_J082252.1+491926,EW,EW,False,False,0.3606846860987286,0.9849257262824622,7156,7584,False,False,False,False
3080,CSS_J134728.5+701339,EW,EW,False,False,0.35854769906494804,1.015466202265479,7367,5782,False,False,False,False
3081,CSS_J104053.1-020323,RRc,RRc,False,False,0.40252434918525515,1.1251721613215204,3034,2004,False,False,False,False
3082,CSS_J082845.6-023748,EA,EW,True,False,0.46295373140216683,1.099589211755497,1070,2550,False,False,False,False
3083,CSS_J143931.5-063858,EW,EW,False,False,0.3567824814292801,1.0050308139209183,7535,6462,False,False,False,False
3084,CSS_J092129.8-161057,EA,EA,False,False,0.5723933353929238,1.2950065772330843,187,550,False,False,False,False
3085,CSS_J171727.7+271300,EW,EW,False,False,0.3956270845528682,1.0765580705458848,3461,3157,False,False,False,False
3086,CSS_J084431.7+320908,EA,EA,False,False,0.5997637022146715,1.4784426718684702,136,178,True,False,False,False
3087,CSS_J180512.0+343918,EA,EW,True,False,0.4777188191783711,1.1157122815401384,819,2187,False,False,False,False
3088,CSS_J204218.6-151451,RRab,RRab,False,False,0.442156870698202,1.0826862437571232,1522,2971,False,False,False,False
3089,CSS_J030002.0+010340,EW,EW,False,False,0.35886023656521565,0.9856828408194254,7338,7545,False,False,False,False
3090,CSS_J052253.5-022823,EW,EW,False,False,0.4309334960117147,1.1485041283191364,1825,1651,False,False,False,False
3091,CSS_J180726.2+584151,EW,EW,False,False,0.3777258843579818,1.0396401090688012,5167,4546,False,False,False,False
3092,CSS_J040152.4+284103,EW,EW,False,False,0.4480442472807967,1.1841243948657643,1372,1222,False,False,False,False
3093,CSS_J045212.2-173359,EW,EW,False,False,0.357690851072473,1.0326322271860155,7459,4880,False,False,False,False
3094,CSS_J220731.1-172438,EW,EW,False,False,0.4303228623336356,1.3088280353338326,1848,493,False,False,False,False
3095,CSS_J230252.6+162056,EW,EW,False,False,0.36478210988667303,1.1510718014644872,6714,1610,False,False,False,False
3096,CSS_J032130.6+270553,EW,EW,False,False,0.3794020804876433,0.9802391642551062,4987,7752,False,False,False,False
3097,CSS_J154659.0+162355,EW,EW,False,False,0.3685754654858758,1.0610164580947214,6271,3655,False,False,False,False
3098,CSS_J034427.0-160039,EW,EW,False,False,0.35241985177962953,1.0152085494647,7844,5800,False,False,False,False
3099,CSS_J065908.8+573306,EW,EW,False,False,0.3668696891391356,0.9860314048887782,6474,7530,False,False,False,False
3100,CSS_J042951.9+022824,EA,EA,False,False,0.4101962239702144,1.076472942580231,2636,3159,False,False,False,False
3101,CSS_J112432.0-044427,RRc,RRc,False,False,0.38370491545231866,1.020129801205833,4525,5516,False,False,False,False
3102,CSS_J084341.5+210848,EW,EW,False,False,0.41954769005731407,1.180874962826422,2218,1252,False,False,False,False
3103,CSS_J151546.9+235217,EW,EW,False,False,0.4108993730850126,1.0860487104005483,2611,2879,False,False,False,False
3104,CSS_J104508.9+380001,EW,EW,False,False,0.4374990454419812,1.149761022821894,1636,1626,False,False,False,False
3105,CSS_J204718.5+062444,EW,EW,False,False,0.47275303288319076,1.0798845308818747,894,3051,False,False,False,False
3106,CSS_J052357.0+164809,EW,EW,False,False,0.41099982045393446,1.1127241211315633,2600,2247,False,False,False,False
3107,CSS_J073919.5+225117,EA,EW,True,False,0.4355836154084314,1.1489361925835755,1683,1641,False,False,False,False
3108,CSS_J151121.9+152228,EA,EA,False,False,0.4282425548943975,1.0576640479023713,1908,3779,False,False,False,False
3109,CSS_J104459.6-122041,EW,EW,False,False,0.37247160221664904,1.1024808003679452,5764,2471,False,False,False,False
3110,CSS_J181404.5+345144,EW,EW,False,False,0.3711714797773226,1.0038166022422963,5954,6535,False,False,False,False
3111,CSS_J035158.6+114653,EW,EW,False,False,0.37454254516287633,1.057145528968398,5526,3803,False,False,False,False
3112,CSS_J084453.7-155358,RRab,RRab,False,False,0.39698040558610626,1.1740227730504855,3370,1320,False,False,False,False
3113,CSS_J165328.0+073549,RRc,RRc,False,False,0.3772907432169216,1.0046892305095017,5205,6482,False,False,False,False
3114,CSS_J070013.2+423634,EW,EW,False,False,0.380586729031333,1.4878661906769939,4855,169,False,False,False,False
3115,CSS_J075819.1+522833,EW,EW,False,False,0.37345501374021467,1.049043745871778,5661,4128,False,False,False,False
3116,CSS_J033452.4+382412,EW,EW,False,False,0.39456058541856276,1.1522625282506087,3549,1600,False,False,False,False
3117,CSS_J103104.8+040755,RS CVn,RS CVn,False,True,0.41370940677775764,1.291553096209198,2463,566,False,False,False,False
3118,CSS_J044433.4+092645,EW,EW,False,False,0.3804820677369661,0.9946850819310329,4872,7054,False,False,False,False
3119,CSS_J091449.2+020342,EA,EA,False,False,0.41550567454867404,1.0061660503362055,2378,6377,False,False,False,False
3120,CSS_J164010.6-034948,EW,EW,False,False,0.3953986616207821,1.0081509646587328,3479,6256,False,False,False,False
3121,CSS_J175458.2+372902,EW,EW,False,False,0.3683784213219247,1.2958115819392115,6300,547,False,False,False,False
3122,CSS_J040705.6+254033,EW,EW,False,False,0.38707088533574396,1.001171985598615,4173,6685,False,False,False,False
3123,CSS_J040156.1+234726,EW,EW,False,False,0.35484837647186246,0.9988841601791417,7692,6817,False,False,False,False
3124,CSS_J034028.8+165954,EW,EW,False,False,0.36602353902935586,1.0604981624708611,6572,3668,False,False,False,False
3125,CSS_J012130.5+111236,EW,EW,False,False,0.4369016869287701,1.1210242382085382,1651,2074,False,False,False,False
3126,CSS_J022225.3+381537,EW,EW,False,False,0.358464539789367,1.0867324223588608,7380,2861,False,False,False,False
3127,CSS_J122042.1-083134,EW,EW,False,False,0.37762543173687824,1.0261501180849677,5175,5201,False,False,False,False
3128,CSS_J211446.7+064357,EA,EA,False,False,0.4694270672145971,1.022369798895362,946,5401,False,False,False,False
3129,CSS_J074439.4+212147,EW,EW,False,False,0.3581964598093963,1.0145968162543646,7409,5840,False,False,False,False
3130,CSS_J153552.8+532542,EW,EW,False,False,0.3840163540332296,0.9955770949942492,4486,7004,False,False,False,False
3131,CSS_J181412.9+331441,RRab,RRab,False,False,0.4010810762044098,1.109231782227242,3106,2313,False,False,False,False
3132,CSS_J025641.8-021856,EW,EW,False,False,0.3822173175773319,1.059134106510637,4670,3726,False,False,False,False
3133,CSS_J034137.0+312831,EW,EW,False,False,0.4530284983814481,1.045599426914643,1262,4281,False,False,False,False
3134,CSS_J021708.0+224447,EW,EW,False,False,0.3781746332244225,1.027336333766948,5104,5140,False,False,False,False
3135,CSS_J095335.4+403319,EA,EA,False,False,0.48191853325587625,1.0766455293040171,761,3151,False,False,False,False
3136,CSS_J210209.2+072637,EW,EW,False,False,0.449955813497647,1.069753780187265,1326,3350,False,False,False,False
3137,CSS_J075716.9+405238,EW,EW,False,False,0.4223611155838789,1.205681766797583,2115,1043,False,False,False,False
3138,CSS_J164110.7+335222,EW,EW,False,False,0.3824485921364103,1.0696264811747036,4650,3356,False,False,False,False
3139,CSS_J105752.9-182402,EW,EW,False,False,0.4300169880987347,1.29409570130114,1859,556,False,False,False,False
3140,CSS_J045405.3+170719,EW,EW,False,False,0.40709567553348913,1.057441905289622,2782,3789,False,False,False,False
3141,CSS_J221139.5-040239,EW,EW,False,False,0.3799070164164617,1.051771929459899,4934,4017,False,False,False,False
3142,CSS_J135307.1+290851,EA,EA,False,False,0.5960568815724409,1.4051411615191605,138,265,True,False,False,False
3143,CSS_J152338.3-192907,EW,EW,False,False,0.39385210420866973,1.011295334430464,3604,6049,False,False,False,False
3144,CSS_J105648.3-053323,RRc,EW,True,False,0.39100653744933805,1.0261827774442238,3832,5197,False,False,False,False
3145,CSS_J044804.7+194223,EW,EW,False,False,0.3528126988939822,1.0171976973197439,7823,5693,False,False,False,False
3146,CSS_J051200.5-074547,EW,EW,False,False,0.3539088224120962,0.9935367236309517,7762,7113,False,False,False,False
3147,CSS_J085514.8+293657,EW,EW,False,False,0.372605611762259,1.0590045340954997,5749,3734,False,False,False,False
3148,CSS_J051023.7+134410,EA,EA,False,False,0.5117027638326825,1.1784684071303833,442,1271,False,False,False,False
3149,CSS_J212918.8+083452,EW,RRc,True,False,0.36905077022693245,0.986830343391938,6210,7488,False,False,False,False
3150,CSS_J210536.1+023001,RRc,RRc,False,False,0.39896755178113524,1.034580443274833,3233,4775,False,False,False,False
3151,CSS_J085925.9+112444,EW,EW,False,False,0.37330401459070667,1.0708570922925087,5677,3310,False,False,False,False
3152,CSS_J082738.9-020034,EW,EW,False,False,0.36139959457802245,1.0057854258509231,7071,6414,False,False,False,False
3153,CSS_J095731.1+042753,EW,EW,False,False,0.3893470383260043,1.4577910624696682,3958,200,False,False,False,False
3154,CSS_J230619.3+093029,RRab,RRab,False,False,0.5425243326531496,1.0393536843742115,284,4560,False,False,False,False
3155,CSS_J210325.1-144013,RS CVn,RS CVn,False,True,0.4219132518517327,1.2080658189798799,2133,1032,False,False,False,False
3156,CSS_J071053.8+404500,EW,EW,False,False,0.3818727036039944,1.0204122486061813,4708,5499,False,False,False,False
3157,CSS_J131202.0-182340,RRc,RRc,False,False,0.38180905257574504,1.1634382914699395,4713,1458,False,False,False,False
3158,CSS_J110033.5+122738,RS CVn,RS CVn,False,True,0.5224048742176016,1.009785311566416,383,6145,False,False,False,False
3159,CSS_J154611.8-094317,EW,EW,False,False,0.36525115336669967,1.0411199931405992,6661,4487,False,False,False,False
3160,CSS_J210714.8-041303,RRc,RRc,False,False,0.42576112363873864,1.3388798706751381,2002,408,False,False,False,False
3161,CSS_J032706.4+172924,EW,EW,False,False,0.41396356100930004,1.0361744173372402,2444,4703,False,False,False,False
3162,CSS_J220730.5-162002,RRab,RRab,False,False,0.47888657006192653,1.018049993357792,805,5640,False,False,False,False
3163,CSS_J070152.8+400358,EW,EW,False,False,0.3988139132604474,0.995069767643192,3246,7029,False,False,False,False
3164,CSS_J022442.4+353824,EW,EW,False,False,0.3692213887334835,1.0091256560300805,6193,6174,False,False,False,False
3165,CSS_J090452.5-101423,LPV,LPV,False,False,0.6042296242123135,1.0901733123086603,132,2767,True,False,False,False
3166,CSS_J011912.3+315826,EW,EW,False,False,0.37506313533402746,0.9912409104854227,5458,7246,False,False,False,False
3167,CSS_J110149.9-101744,RRc,RRc,False,False,0.3879422839755859,1.0436632096243161,4090,4373,False,False,False,False
3168,CSS_J031317.4+324026,EW,EW,False,False,0.3584647227993873,1.0530552367772854,7379,3951,False,False,False,False
3169,CSS_J105553.6+132856,EW,EW,False,False,0.36851738633329884,1.0445743247528738,6277,4336,False,False,False,False
3170,CSS_J145008.2+302059,RRc,RRc,False,False,0.38063463072724346,0.9911059484115793,4849,7253,False,False,False,False
3171,CSS_J032700.9-075107,EW,EW,False,False,0.46469938969007424,1.2228088943915596,1034,915,False,False,False,False
3172,CSS_J231959.8+335132,EW,EW,False,False,0.35370253673281643,1.0081594288477855,7776,6254,False,False,False,False
3173,CSS_J155714.4+014013,EW,EW,False,False,0.3567730732263165,1.028938985912872,7536,5060,False,False,False,False
3174,CSS_J051152.3-125053,EW,EW,False,False,0.3631757194414051,1.0810090186406514,6883,3018,False,False,False,False
3175,CSS_J054508.4+010555,EW,EW,False,False,0.37058238822414064,1.0155856821331408,6029,5777,False,False,False,False
3176,CSS_J204519.0-040154,EW,EW,False,False,0.3717142512220997,0.9732721140876688,5876,7916,False,False,False,False
3177,CSS_J220014.2+185725,EW,EW,False,False,0.3913078895699204,1.3806635801294445,3808,312,False,False,False,False
3178,CSS_J012939.5+350049,EW,EW,False,False,0.37097107343035873,0.967511331160976,5980,7973,False,False,False,False
3179,CSS_J170948.8+221332,EW,EW,False,False,0.41796169093575447,1.056689499479892,2285,3817,False,False,False,False
3180,CSS_J052312.5-090742,EW,EW,False,False,0.45310722804434006,1.3129432361511517,1258,479,False,False,False,False
3181,CSS_J101711.9+090740,EW,EW,False,False,0.36027538504018763,1.0325767491444895,7200,4886,False,False,False,False
3182,CSS_J140556.0+014031,RS CVn,RS CVn,False,True,0.5425178045529965,1.09099754251329,285,2742,False,False,False,False
3183,CSS_J041254.8+325602,EW,EW,False,False,0.3610810062082941,1.0167042555870378,7109,5719,False,False,False,False
3184,CSS_J232140.2+215951,EW,EW,False,False,0.3657657633496414,0.9760397844465718,6610,7864,False,False,False,False
3185,CSS_J231649.0+114207,RRc,EW,True,False,0.4429669530995583,1.5034656748341324,1507,159,False,True,False,False
3186,CSS_J121815.9+204002,EW,EW,False,False,0.4102226644079246,1.216683295583775,2634,960,False,False,False,False
3187,CSS_J044606.8-013932,EW,EW,False,False,0.36403275383165346,1.0552858081804783,6787,3870,False,False,False,False
3188,CSS_J223553.3+193852,EW,EW,False,False,0.39411684670710095,1.0054257188480886,3579,6443,False,False,False,False
3189,CSS_J003356.9+311458,EW,EW,False,False,0.3611468645678381,1.1352151126662637,7100,1837,False,False,False,False
3190,CSS_J024657.3+392509,RS CVn,EW,True,True,0.46099076615459783,0.9614717139744157,1104,7994,False,False,False,False
3191,CSS_J082548.5+390545,RRc,RRc,False,False,0.3850645979155647,1.0340724305790128,4373,4809,False,False,False,False
3192,CSS_J180451.4+392258,EW,EW,False,False,0.5336215288725176,1.0549100275184813,322,3887,False,False,False,False
3193,CSS_J051252.0-024008,EA,EW,True,False,0.4410498120717887,1.3290222154097768,1547,432,False,False,False,False
3194,CSS_J065648.5+360651,EW,EW,False,False,0.43426114846277164,1.0166495445661583,1717,5727,False,False,False,False
3195,CSS_J104155.5+003520,RRab,RRc,True,False,0.3788908105149029,1.0443954178568062,5030,4347,False,False,False,False
3196,CSS_J200307.8-164307,RRab,RRab,False,False,0.46076443413515866,1.3585470728790956,1109,353,False,False,False,False
3197,CSS_J083702.8+270019,EA,EA,False,False,0.45996783688590814,0.9888455731216281,1117,7367,False,False,False,False
3198,CSS_J050928.9-012534,EA,EW,True,False,0.4708296849023716,1.1532687639090444,919,1583,False,False,False,False
3199,CSS_J164844.1+073205,RRc,RRc,False,False,0.3645384035121574,1.0142419300501477,6736,5862,False,False,False,False
3200,CSS_J090523.9-104654,EW,EW,False,False,0.46914022967274516,1.3907372816507824,952,294,False,False,False,False
3201,CSS_J172341.1+462034,EA,EA,False,False,0.49701788490646204,1.1138747120882717,562,2226,False,False,False,False
3202,CSS_J025529.1+081402,EW,EW,False,False,0.3617410390893295,0.97771936429464,7029,7830,False,False,False,False
3203,CSS_J130021.3-055822,EA,EA,False,False,0.5109502425025878,0.9925426656486541,448,7162,False,False,False,False
3204,CSS_J135105.2-110129,EW,EW,False,False,0.3989774141755622,1.2340305921160633,3231,838,False,False,False,False
3205,CSS_J030015.4-045941,RRc,EW,True,False,0.501069504363255,1.1873345124016401,527,1184,False,False,False,False
3206,CSS_J081314.2+074146,RRc,RRc,False,False,0.41321772603812335,1.175711903883905,2489,1304,False,False,False,False
3207,CSS_J062952.1+544013,EW,EW,False,False,0.36285197405401737,0.9875931515854812,6918,7433,False,False,False,False
3208,CSS_J173415.4+332237,EW,EW,False,False,0.4282399716293926,1.046182547727198,1909,4262,False,False,False,False
3209,CSS_J070432.4+422525,EW,EW,False,False,0.41358874379930866,0.9860887201761906,2472,7526,False,False,False,False
3210,CSS_J224930.8+053403,EW,EW,False,False,0.4399817281246048,1.030724027987876,1578,4986,False,False,False,False
3211,CSS_J041858.2+210038,EA,EA,False,False,0.44335672060813963,1.39174120680385,1490,289,False,False,False,False
3212,CSS_J203700.9-062112,EA,EA,False,False,0.41434584150718096,0.9784874627993032,2429,7809,False,False,False,False
3213,CSS_J225650.7+345101,EW,EW,False,False,0.3688704803182166,0.9973467910150605,6228,6904,False,False,False,False
3214,CSS_J103556.4+193015,EW,EW,False,False,0.4282278343350089,1.2527275863958767,1910,736,False,False,False,False
3215,CSS_J204910.1-122535,EW,RS CVn,True,False,0.3872830516442108,1.27798325195162,4148,612,False,False,False,False
3216,CSS_J151629.1+332030,EW,EW,False,False,0.4303775244469363,1.0127702603005726,1844,5951,False,False,False,False
3217,CSS_J002649.1+120752,EW,EW,False,False,0.3536317968473148,1.0203283142430521,7783,5504,False,False,False,False
3218,CSS_J074354.1+255803,EW,EW,False,False,0.3735611929146766,1.0391038141744924,5648,4570,False,False,False,False
3219,CSS_J102820.1+641218,EW,EW,False,False,0.3796642849604858,1.002917254056843,4963,6589,False,False,False,False
3220,CSS_J155045.6+101855,EW,EW,False,False,0.3535849636474591,1.00776337382376,7787,6277,False,False,False,False
3221,CSS_J043332.8+291537,EA,EA,False,False,0.4556145942203756,0.9912987728234672,1205,7242,False,False,False,False
3222,CSS_J123942.7+250200,RRc,RRc,False,False,0.368602279461616,1.0277916765544446,6264,5118,False,False,False,False
3223,CSS_J054144.0+003141,RRc,RRc,False,False,0.36604011200226405,0.9861673535017295,6571,7520,False,False,False,False
3224,CSS_J174107.3+484314,RRd,RRc,True,True,0.4056298134363619,1.3799816765130963,2849,315,False,False,False,False
3225,CSS_J015110.2+283740,EA,EA,False,False,0.46615629070131365,1.0582869409112294,1005,3757,False,False,False,False
3226,CSS_J223207.6-184313,EW,EW,False,False,0.4456418861792896,1.4834773553323302,1428,173,False,False,False,False
3227,CSS_J164316.2+370822,RRc,RRc,False,False,0.38936360115400104,1.0117494085036165,3957,6019,False,False,False,False
3228,CSS_J082930.5+452105,EW,EW,False,False,0.3762188879990506,1.0244739472959195,5332,5291,False,False,False,False
3229,CSS_J063200.3+640046,EW,EW,False,False,0.4175626695965038,1.0427000076782498,2296,4420,False,False,False,False
3230,CSS_J135721.9-013022,RRab,RRab,False,False,0.4245939938067403,1.0517767969718128,2032,4016,False,False,False,False
3231,CSS_J172729.1+183950,EW,EW,False,False,0.40060550261067945,1.0331384524736298,3135,4856,False,False,False,False
3232,CSS_J231653.2+310020,EW,EW,False,False,0.3894945162900918,1.0334465626070544,3950,4842,False,False,False,False
3233,CSS_J042306.5+224713,EW,EW,False,False,0.354264277231977,1.0059130137478014,7736,6404,False,False,False,False
3234,CSS_J050421.8-121440,EW,EA,True,False,0.4275404658321527,1.004871876910567,1937,6472,False,False,False,False
3235,CSS_J184816.3+414748,RRab,RRab,False,False,0.45465188969451803,1.010228489525693,1219,6125,False,False,False,False
3236,CSS_J015505.3+321146,RRc,RRc,False,False,0.396645920970121,1.0368175951425957,3389,4676,False,False,False,False
3237,CSS_J040041.7+233835,EW,RRc,True,False,0.3778940174476175,1.0454909216984913,5142,4290,False,False,False,False
3238,CSS_J211921.6-100624,EA,EA,False,False,0.5815773978967518,1.1598832831235781,164,1509,False,False,False,False
3239,CSS_J103552.6+553237,RRab,RRab,False,False,0.39283850012003874,1.041937620230487,3684,4457,False,False,False,False
3240,CSS_J171818.8+193211,EW,EW,False,False,0.38800764802131543,1.1378414136117319,4087,1796,False,False,False,False
3241,CSS_J012354.0+323724,EW,EW,False,False,0.38420752289698923,1.0061054298654035,4466,6388,False,False,False,False
3242,CSS_J210650.1+092620,EW,EW,False,False,0.37098492767385016,1.0091781089010414,5979,6169,False,False,False,False
3243,CSS_J171015.0+220909,EA,EA,False,False,0.5612851607057159,1.241339696567122,221,801,False,False,False,False
3244,CSS_J002533.1-051830,RRc,RRc,False,False,0.4413589406709932,1.2480348589505563,1538,762,False,False,False,False
3245,CSS_J223751.9+194112,EW,EW,False,False,0.3812858128548237,1.0029018992319896,4775,6590,False,False,False,False
3246,CSS_J161746.3+135313,EW,EW,False,False,0.35511414347489834,1.0040878466671423,7669,6520,False,False,False,False
3247,CSS_J221327.6+163420,EW,EW,False,False,0.38148044355924493,1.140684892702271,4754,1757,False,False,False,False
3248,CSS_J110142.9+093721,EW,EW,False,False,0.38500784501712404,1.0160701743000984,4381,5755,False,False,False,False
3249,CSS_J225639.3+330632,EW,EW,False,False,0.3580305549418108,1.0675558805054206,7431,3422,False,False,False,False
3250,CSS_J032208.2+352505,EW,EW,False,False,0.34607809767420916,0.9797512171592121,7998,7768,False,False,False,False
3251,CSS_J123611.7+304144,RRab,EW,True,False,0.4261544112427329,1.3908977722327605,1979,292,False,False,False,False
3252,CSS_J064555.4+365244,EW,EW,False,False,0.3980399718032619,1.024496984725101,3297,5290,False,False,False,False
3253,CSS_J203528.4-101944,EW,EW,False,False,0.4811389378757772,1.3908272396288897,773,293,False,False,False,False
3254,CSS_J054707.7+051611,EW,EW,False,False,0.3833237964185201,1.0456367289415307,4564,4280,False,False,False,False
3255,CSS_J065354.2+402112,EW,EW,False,False,0.3863918332216942,0.9683902392715311,4237,7969,False,False,False,False
3256,CSS_J054428.2+070604,EW,EW,False,False,0.37182947840534325,1.0324483413377723,5857,4896,False,False,False,False
3257,CSS_J051655.5-111053,EA,EA,False,False,0.430461587321845,0.9931365954204783,1839,7131,False,False,False,False
3258,CSS_J034803.0+380642,EW,EW,False,False,0.3685127341824417,1.00487760771122,6278,6470,False,False,False,False
3259,CSS_J162250.1-121933,RRab,RRab,False,False,0.47306544155123653,1.0858001552050722,887,2886,False,False,False,False
3260,CSS_J232810.3+205211,EW,EW,False,False,0.37594796915410345,1.0220022619534976,5368,5414,False,False,False,False
3261,CSS_J061925.2+523804,EW,EW,False,False,0.36266952037380407,1.1358418841312325,6940,1825,False,False,False,False
3262,CSS_J092028.5-145354,RRc,EW,True,False,0.37936946234250746,1.0566032746200062,4989,3820,False,False,False,False
3263,CSS_J202756.8-135807,EW,EW,False,False,0.36676424483204195,1.4646441268152692,6490,191,False,False,False,False
3264,CSS_J040029.8-022605,EW,EW,False,False,0.37353146476182164,1.0249587825167423,5649,5272,False,False,False,False
3265,CSS_J203219.8-120421,RRab,RRab,False,False,0.3892721829015804,1.0269046276372422,3966,5162,False,False,False,False
3266,CSS_J154852.9-095647,EW,EW,False,False,0.48268399061576805,1.355101362511139,739,362,False,False,False,False
3267,CSS_J174502.6+383911,RRc,RRc,False,False,0.40637478506596847,0.9845370103497247,2816,7605,False,False,False,False
3268,CSS_J113511.7-152855,EW,EW,False,False,0.4110986368008834,1.1600115249137852,2596,1507,False,False,False,False
3269,CSS_J230240.1+040747,EW,EW,False,False,0.3818764021469645,1.0189314224113428,4707,5588,False,False,False,False
3270,CSS_J021435.7+000628,EA,EA,False,False,0.52824396178567,1.2262317862855416,352,886,False,False,False,False
3271,CSS_J155347.2+181447,EW,EW,False,False,0.36201907981100345,1.049995012894655,7005,4089,False,False,False,False
3272,CSS_J075857.2+194628,EW,EW,False,False,0.37663104412607673,1.074905658454456,5280,3198,False,False,False,False
3273,CSS_J045006.0+245824,EW,EW,False,False,0.37870970538784937,1.056854839194089,5049,3812,False,False,False,False
3274,CSS_J145657.0+151648,EW,EW,False,False,0.37878272130935264,1.14900265418315,5045,1639,False,False,False,False
3275,CSS_J050547.4+220916,EW,EW,False,False,0.38923878923289645,0.9811992600225006,3971,7724,False,False,False,False
3276,CSS_J081728.7+352940,EW,EW,False,False,0.3778503492818948,1.2541973297785451,5149,732,False,False,False,False
3277,CSS_J131018.6-154939,EW,EW,False,False,0.37704772642985396,1.1285108909873012,5228,1946,False,False,False,False
3278,CSS_J171248.5+160054,EW,EW,False,False,0.35899722784002486,1.0666563766948838,7322,3460,False,False,False,False
3279,CSS_J211328.1-022554,EA,EA,False,False,0.4977260835620261,1.076861624476766,554,3146,False,False,False,False
3280,CSS_J113334.4+220600,RS CVn,RS CVn,False,True,0.40545940796851093,1.155225323728026,2859,1556,False,False,False,False
3281,CSS_J073339.7+530019,RRc,RRc,False,False,0.4276895662111618,1.024139997732412,1931,5306,False,False,False,False
3282,CSS_J220348.5-024001,EW,EW,False,False,0.49686477920460537,1.7465579089941907,563,49,False,True,False,False
3283,CSS_J075847.7+104107,EW,EW,False,False,0.36782881088285085,0.9986999146162935,6367,6833,False,False,False,False
3284,CSS_J051335.0+070358,EW,EW,False,False,0.3704144802638743,1.3055792241634578,6047,505,False,False,False,False
3285,CSS_J072211.3+232014,EW,EW,False,False,0.3749059537415752,1.0802678835183392,5480,3036,False,False,False,False
3286,CSS_J085905.7+091554,EW,EW,False,False,0.3937418156425363,1.135511679162087,3615,1832,False,False,False,False
3287,CSS_J231739.1+443010,EW,EW,False,False,0.3708124536154353,0.9961134239262133,5999,6969,False,False,False,False
3288,CSS_J030915.2+283704,EW,EW,False,False,0.38820608710697324,1.0758367778376212,4064,3174,False,False,False,False
3289,CSS_J214517.1+175840,EW,EW,False,False,0.39540609040800173,1.0462403145867678,3478,4258,False,False,False,False
3290,CSS_J025237.4+372053,EW,EW,False,False,0.43262860600087466,1.086753170581916,1769,2860,False,False,False,False
3291,CSS_J063636.4+411333,EW,EW,False,False,0.34929208457363947,0.9737472130749865,7960,7908,False,False,False,False
3292,CSS_J041403.2-163921,RRc,RRc,False,False,0.40960851373103196,1.264292676321814,2663,680,False,False,False,False
3293,CSS_J052347.8-020735,RS CVn,EW,True,True,0.4441552985742267,1.0052430492984563,1470,6455,False,False,False,False
3294,CSS_J104204.5-101451,EW,EW,False,False,0.39755742535006977,1.334655795582486,3328,417,False,False,False,False
3295,CSS_J152315.4-165257,EW,EW,False,False,0.377624460087155,1.0322854067505889,5176,4904,False,False,False,False
3296,CSS_J163345.8+221820,EW,EW,False,False,0.3520416428501997,0.9824465010327108,7861,7682,False,False,False,False
3297,CSS_J051513.1-042307,EW,EW,False,False,0.37435191677900514,1.0977021470076742,5553,2595,False,False,False,False
3298,CSS_J032848.2+082937,EW,RRab,True,False,0.4287677954657306,1.087487841077111,1897,2845,False,False,False,False
3299,CSS_J153533.5+145053,EA,EA,False,False,0.43616691268182994,0.9937828582108439,1670,7101,False,False,False,False
3300,CSS_J213420.3+014901,EW,EW,False,False,0.36607868803908733,1.111250696624499,6570,2280,False,False,False,False
3301,CSS_J045603.8-083420,EW,EW,False,False,0.34866687021283677,1.0252448429190668,7975,5253,False,False,False,False
3302,CSS_J145856.8+223925,RRc,RRc,False,False,0.4086980344283052,1.0556245160022752,2709,3858,False,False,False,False
3303,CSS_J051247.0+131533,RS CVn,RS CVn,False,True,0.4092513444812575,1.30328321469367,2682,518,False,False,False,False
3304,CSS_J084530.8+130832,EW,EW,False,False,0.35320112168771667,0.9915362961760152,7809,7233,False,False,False,False
3305,CSS_J222957.9+360106,RRab,RRab,False,False,0.39806249744980765,1.0178772107217384,3295,5655,False,False,False,False
3306,CSS_J045549.2+132652,EW,EW,False,False,0.36560148641715784,1.1642373140612796,6629,1446,False,False,False,False
3307,CSS_J022417.1+363532,EW,EW,False,False,0.3881016857451361,1.0320753679984034,4077,4918,False,False,False,False
3308,CSS_J141700.6-093521,RRc,RRc,False,False,0.404895317769791,1.052708609350655,2893,3976,False,False,False,False
3309,CSS_J223828.2+120641,RRc,RRc,False,False,0.3866790800570848,1.0517042795262936,4206,4021,False,False,False,False
3310,CSS_J114343.8-134154,EW,EW,False,False,0.39300124195329794,1.16295800415891,3663,1464,False,False,False,False
3311,CSS_J163630.4+301412,RRc,RRc,False,False,0.3933992652191696,1.0073334000780099,3639,6305,False,False,False,False
3312,CSS_J080608.2+410206,RRc,RRc,False,False,0.3800934057154231,0.9904313414377297,4907,7294,False,False,False,False
3313,CSS_J050001.6+191632,EW,EW,False,False,0.3770145974672427,1.0217115625655975,5232,5432,False,False,False,False
3314,CSS_J110422.0+264217,EW,EW,False,False,0.4611940103083121,1.115985879026868,1099,2181,False,False,False,False
3315,CSS_J091353.7-012001,RRc,RRc,False,False,0.3991297893325857,1.1349949842637692,3216,1842,False,False,False,False
3316,CSS_J090447.8+494011,EW,EW,False,False,0.4209866482327636,1.0590173959309919,2163,3731,False,False,False,False
3317,CSS_J171024.6+480256,EW,EW,False,False,0.45775755050679573,1.4651101433536629,1160,189,False,False,False,False
3318,CSS_J223140.3-122930,EW,EW,False,False,0.3791456557396336,1.0119918191825452,5008,6003,False,False,False,False
3319,CSS_J045833.3+185233,EW,EW,False,False,0.41091499229463174,1.0123896279645719,2608,5976,False,False,False,False
3320,CSS_J134005.2-021955,EW,EW,False,False,0.40930178969131636,1.0984577363551524,2680,2579,False,False,False,False
3321,CSS_J085033.9+023353,RRab,RRab,False,False,0.4694365452667477,1.533270660805392,945,130,False,True,False,False
3322,CSS_J221413.6+105116,EW,EW,False,False,0.3706515654775277,1.1139213664242864,6024,2224,False,False,False,False
3323,CSS_J025744.2+064240,EA,EA,False,False,0.46153883552141334,1.157847411478531,1093,1529,False,False,False,False
3324,CSS_J045942.6+120628,EA,EA,False,False,0.6354687851434228,1.0719091273175971,91,3278,True,False,False,False
3325,CSS_J084242.5+212456,EW,EW,False,False,0.678252120060165,1.4629491443821336,57,194,True,False,False,False
3326,CSS_J212535.0+170416,EA,EA,False,False,0.4887953559016932,1.085628310289725,655,2891,False,False,False,False
3327,CSS_J131202.6+615056,RRc,RRc,False,False,0.38633720331483984,0.9886530995939449,4242,7377,False,False,False,False
3328,CSS_J231929.1+180135,EW,EW,False,False,0.4824715560398247,1.6047927257323515,746,82,False,True,False,False
3329,CSS_J121357.1+452858,RRc,RRc,False,False,0.36682491344934337,1.0481794016342691,6483,4166,False,False,False,False
3330,CSS_J033655.0+301955,EW,EW,False,False,0.3710695615119832,0.9985867822021144,5970,6840,False,False,False,False
3331,CSS_J210337.5-022408,EW,EW,False,False,0.3765417727974567,1.068312904389936,5292,3398,False,False,False,False
3332,CSS_J175321.7+382228,EW,EW,False,False,0.37024231950909525,1.0597304636547702,6064,3699,False,False,False,False
3333,CSS_J224904.1+052122,RRc,RRc,False,False,0.40839369510604967,1.0441132953392789,2720,4356,False,False,False,False
3334,CSS_J035947.5+365246,RRc,RRc,False,False,0.4184243841039934,1.2816359224974239,2263,602,False,False,False,False
3335,CSS_J172650.8+255550,EW,EW,False,False,0.37703409111875164,1.0925676231271513,5230,2704,False,False,False,False
3336,CSS_J065311.8+500623,EA,EA,False,False,0.3892123909794679,0.985511011287161,3973,7555,False,False,False,False
3337,CSS_J222023.0+114014,EW,EW,False,False,0.3767167833341779,1.2818043305218825,5268,600,False,False,False,False
3338,CSS_J212213.5+045932,EW,EW,False,False,0.38568417123999504,0.9893909360564657,4319,7343,False,False,False,False
3339,CSS_J082822.2+374344,EW,EW,False,False,0.38773803497085535,1.0019827462326776,4105,6651,False,False,False,False
3340,CSS_J102522.0+400437,EW,EW,False,False,0.5807613916333463,1.2481073398562499,168,761,False,False,False,False
3341,CSS_J013600.3-174923,EW,EW,False,False,0.3729079787029793,1.0675257355830856,5722,3423,False,False,False,False
3342,CSS_J094943.7+183313,EW,EW,False,False,0.36652980911906013,0.9855805440885399,6523,7550,False,False,False,False
3343,CSS_J181843.5+351443,EW,EW,False,False,0.43122003942799497,1.0059809825298547,1813,6396,False,False,False,False
3344,CSS_J054343.8-145034,EW,EW,False,False,0.3795115117934732,1.0155959614516539,4971,5776,False,False,False,False
3345,CSS_J114918.5+063726,EW,RRab,True,False,0.4051871837685011,1.0046999896874544,2877,6481,False,False,False,False
3346,CSS_J151432.3-072538,RRc,RRc,False,False,0.3718687617415931,1.0601321162917263,5844,3682,False,False,False,False
3347,CSS_J055501.5-035104,LPV,LPV,False,False,0.722793702179765,1.05492455639553,30,3886,True,False,False,False
3348,CSS_J171837.2+282906,EW,EW,False,False,0.3594658370983701,0.9942817923378744,7282,7080,False,False,False,False
3349,CSS_J025901.3+265320,EW,EW,False,False,0.3842730918451805,1.0488813577467668,4459,4135,False,False,False,False
3350,CSS_J132652.5+035445,RRc,RRc,False,False,0.4637335470830929,1.0627608622005726,1055,3599,False,False,False,False
3351,CSS_J213442.8+192916,EW,EW,False,False,0.41682436818998,1.1098672905290008,2331,2305,False,False,False,False
3352,CSS_J230525.8+285322,EW,EW,False,False,0.42784893777694355,1.048204454954856,1926,4163,False,False,False,False
3353,CSS_J011629.5+442400,EW,EW,False,False,0.38207015071115735,1.0919814135281425,4681,2721,False,False,False,False
3354,CSS_J034825.0+380551,RRc,EW,True,False,0.3630238786725384,1.0821347355841084,6896,2985,False,False,False,False
3355,CSS_J141248.0+030740,EW,EW,False,False,0.36698322392674587,1.0310601845923162,6458,4967,False,False,False,False
3356,CSS_J210106.3+140050,EW,EW,False,False,0.4037366191791819,1.0118371966902557,2956,6014,False,False,False,False
3357,CSS_J123800.6-123823,EW,EW,False,False,0.3906328004466504,1.1716099020502815,3857,1354,False,False,False,False
3358,CSS_J091211.0-151230,EW,EW,False,False,0.41452860859853147,1.2933405067244188,2420,562,False,False,False,False
3359,CSS_J155055.5-141640,EW,EW,False,False,0.4003609684859515,1.1867095912228858,3150,1191,False,False,False,False
3360,CSS_J084813.8+225836,EW,EW,False,False,0.37680667958693215,1.1474382141430317,5255,1670,False,False,False,False
3361,CSS_J173035.2+303643,EW,EW,False,False,0.3872916031751931,1.069568982390844,4147,3359,False,False,False,False
3362,CSS_J203208.6-032710,EW,EW,False,False,0.3921782043849947,1.113903908847387,3733,2225,False,False,False,False
3363,CSS_J082629.2+055144,EA,EW,True,False,0.4660445993906512,1.134768484926071,1007,1846,False,False,False,False
3364,CSS_J175612.7+333002,EW,EW,False,False,0.4089196970479205,1.141769796630059,2701,1740,False,False,False,False
3365,CSS_J140437.2-020243,EW,EW,False,False,0.3988864968273475,1.047967610820359,3236,4172,False,False,False,False
3366,CSS_J032325.8+010634,EA,EW,True,False,0.41129236143916376,1.1388379800929764,2581,1781,False,False,False,False
3367,CSS_J080815.5+142451,EW,EW,False,False,0.4277740870082511,1.061757820983804,1928,3640,False,False,False,False
3368,CSS_J072833.4+462057,EW,EW,False,False,0.3732649778447884,1.0089909310492753,5681,6187,False,False,False,False
3369,CSS_J215130.8+122336,EW,EW,False,False,0.3676381582533465,1.0500408133893062,6379,4088,False,False,False,False
3370,CSS_J154059.4+044952,EW,EW,False,False,0.37779954773503593,1.3829118813294745,5154,308,False,False,False,False
3371,CSS_J063134.4+692854,EW,EW,False,False,0.35870342870277633,1.0322941555549534,7352,4902,False,False,False,False
3372,CSS_J064435.5+393804,EW,EW,False,False,0.35033053683778165,0.9917992795680848,7940,7212,False,False,False,False
3373,CSS_J064120.4+653346,RRc,EW,True,False,0.38190437991407594,1.0693614532816085,4702,3366,False,False,False,False
3374,CSS_J230458.8+414221,EW,EW,False,False,0.400052091826337,1.0287548041117405,3169,5069,False,False,False,False
3375,CSS_J094544.9+054307,EA,EW,True,False,0.41873715444745907,1.0464164044742783,2252,4249,False,False,False,False
3376,CSS_J084054.2+393938,EA,EA,False,False,0.3745225509638822,1.025380371915285,5530,5245,False,False,False,False
3377,CSS_J210741.7-084244,EW,EW,False,False,0.3696304990217028,1.0562469093883542,6136,3835,False,False,False,False
3378,CSS_J051838.7-012906,EW,EW,False,False,0.424642159869091,1.0352131681254495,2030,4747,False,False,False,False
3379,CSS_J050829.7+230633,EW,EW,False,False,0.3607295530526193,1.0978044303836483,7147,2592,False,False,False,False
3380,CSS_J051159.1+032052,EW,EW,False,False,0.363394995656062,1.1368247109715015,6858,1811,False,False,False,False
3381,CSS_J052232.0-090826,EW,EW,False,False,0.5049597341804883,2.065938925829102,500,18,False,True,False,False
3382,CSS_J035052.7+182937,EW,RS CVn,True,False,0.395022383269692,1.1426777399055534,3503,1729,False,False,False,False
3383,CSS_J224821.7+321459,RS CVn,RS CVn,False,True,0.4195856622970151,1.0836935019329417,2216,2943,False,False,False,False
3384,CSS_J091136.6-013727,EA,EA,False,False,0.44355751186644204,1.1497586258723722,1484,1627,False,False,False,False
3385,CSS_J003211.4+365823,EW,EW,False,False,0.3756190836988673,1.0499596046720598,5412,4092,False,False,False,False
3386,CSS_J204712.8-110619,EW,EW,False,False,0.418357315772713,1.0758753631052145,2268,3173,False,False,False,False
3387,CSS_J082150.3+013851,EW,EW,False,False,0.3689475874173084,1.005532556786085,6222,6435,False,False,False,False
3388,CSS_J103009.5-133828,EW,EW,False,False,0.3766063032121322,1.09263026508721,5284,2700,False,False,False,False
3389,CSS_J225831.4-090753,EW,EW,False,False,0.4325969279383578,1.0710682148232573,1770,3304,False,False,False,False
3390,CSS_J231450.3+022756,EW,EW,False,False,0.35425174364411627,0.9980334811947292,7739,6872,False,False,False,False
3391,CSS_J002157.4+201003,EW,EW,False,False,0.37048281046652304,0.9949335760908447,6037,7038,False,False,False,False
3392,CSS_J234731.0+371803,EW,EW,False,False,0.38471760563379603,1.0255616127638232,4411,5234,False,False,False,False
3393,CSS_J051907.0+062438,RS CVn,EW,True,True,0.46537313394088897,1.0127771391213822,1023,5950,False,False,False,False
3394,CSS_J174205.7+443530,EW,EW,False,False,0.373802602528733,1.068875707741697,5616,3385,False,False,False,False
3395,CSS_J023120.9+142947,EW,EW,False,False,0.3703054960320066,0.9750203330903062,6056,7880,False,False,False,False
3396,CSS_J005325.1+421839,EW,EW,False,False,0.43913273525194074,1.344549015846138,1598,390,False,False,False,False
3397,CSS_J010323.7+314331,EW,EW,False,False,0.362289406960365,1.0061504659641085,6975,6380,False,False,False,False
3398,CSS_J171539.3+585151,EW,EW,False,False,0.5138629815548387,1.5378330705069945,427,124,False,True,False,False
3399,CSS_J042043.4+345110,EW,EW,False,False,0.46448226438371887,1.4149590880494378,1038,254,False,False,False,False
3400,CSS_J211016.7+123230,EW,EW,False,False,0.3559060119512821,0.9788456693621127,7622,7799,False,False,False,False
3401,CSS_J044205.4-170556,RRc,EW,True,False,0.3952237111376653,1.0227280002839616,3491,5376,False,False,False,False
3402,CSS_J072218.7+444613,EA,EA,False,False,0.43402435417226354,0.9964335316337636,1722,6955,False,False,False,False
3403,CSS_J203306.2-172049,EW,EW,False,False,0.3746440929366415,0.9921977517610161,5516,7186,False,False,False,False
3404,CSS_J014458.1-013526,EW,EW,False,False,0.36434990078262647,0.9938418566515494,6760,7100,False,False,False,False
3405,CSS_J052232.0-101820,EW,RS CVn,True,False,0.40504265238012743,1.140194170379837,2883,1763,False,False,False,False
3406,CSS_J130720.0-113633,EW,EW,False,False,0.3699001445948287,1.1456367698411092,6107,1696,False,False,False,False
3407,CSS_J002349.2-135352,EW,EW,False,False,0.43343609800844923,1.1877658719017097,1745,1177,False,False,False,False
3408,CSS_J060228.7-101335,EW,EW,False,False,0.4111461615038536,1.182741461916866,2589,1235,False,False,False,False
3409,CSS_J020404.5+014359,EW,EW,False,False,0.3687637988549266,1.1099584079649458,6239,2302,False,False,False,False
3410,CSS_J212802.7+112356,EW,EW,False,False,0.36578837596335284,1.0087396923959273,6605,6209,False,False,False,False
3411,CSS_J092412.0+273029,EW,EW,False,False,0.36016431599502136,1.0213276764982682,7214,5453,False,False,False,False
3412,CSS_J182539.3+455511,EW,EW,False,False,0.3846401860026562,1.1008715590474645,4418,2516,False,False,False,False
3413,CSS_J035627.7+040107,EW,EW,False,False,0.3528793093198556,1.0528310055612375,7819,3966,False,False,False,False
3414,CSS_J162524.0+283855,EW,EW,False,False,0.36618939491751934,1.0779510319942116,6558,3110,False,False,False,False
3415,CSS_J163332.6+035851,EA,EA,False,False,0.4260689367489133,0.975448089464676,1984,7872,False,False,False,False
3416,CSS_J075241.4+323558,EW,EW,False,False,0.41422559381438046,1.0395350635610734,2435,4552,False,False,False,False
3417,CSS_J005828.4+314044,EA,EA,False,False,0.5930580590827111,1.010036274041933,142,6133,True,False,False,False
3418,CSS_J135659.5+035532,RS CVn,RS CVn,False,True,0.6442496010010121,1.76010572265444,82,46,True,True,True,False
3419,CSS_J231119.4+311549,EW,EW,False,False,0.3761470806920421,1.1296728658830433,5343,1933,False,False,False,False
3420,CSS_J044516.2+204321,EW,EW,False,False,0.3988750441557492,0.9920816755070074,3238,7193,False,False,False,False
3421,CSS_J203957.1-082542,EW,EW,False,False,0.3632023997710685,0.9923877675851356,6879,7172,False,False,False,False
3422,CSS_J024628.8+360159,EA,EA,False,False,0.50711337367066,1.0091640626727763,486,6171,False,False,False,False
3423,CSS_J082728.3+123721,EW,EW,False,False,0.3722712530398022,1.1092403211043642,5791,2312,False,False,False,False
3424,CSS_J210048.6-130200,EW,EW,False,False,0.35718054527722665,1.1674163139192517,7502,1406,False,False,False,False
3425,CSS_J042045.1+365038,EW,EW,False,False,0.376085672149954,1.0401535900728829,5352,4523,False,False,False,False
3426,CSS_J075932.5+133943,EW,EW,False,False,0.4454490317881813,1.0226423992238005,1436,5382,False,False,False,False
3427,CSS_J170837.9+401421,EW,EW,False,False,0.4064934577440767,1.1242634441256139,2807,2022,False,False,False,False
3428,CSS_J170307.7+465619,EW,EW,False,False,0.3621511855033363,1.0000550744426044,6993,6759,False,False,False,False
3429,CSS_J011440.7+200334,EW,EW,False,False,0.38430255360011006,1.0600356060772724,4457,3685,False,False,False,False
3430,CSS_J231407.1+292209,EW,EW,False,False,0.37297394287936936,0.9858248014037884,5714,7540,False,False,False,False
3431,CSS_J214011.6+233522,EW,EW,False,False,0.3594020892852483,1.0023220251547025,7291,6628,False,False,False,False
3432,CSS_J143758.3-041336,LPV,LPV,False,False,0.5656280305035688,1.0102322348488257,209,6124,False,False,False,False
3433,CSS_J220054.5+203311,EW,EW,False,False,0.375726456961686,1.0530708173907655,5396,3948,False,False,False,False
3434,CSS_J021710.2+395445,EW,EW,False,False,0.38816631792199696,1.0896799736307077,4069,2782,False,False,False,False
3435,CSS_J164021.4+352125,EW,EW,False,False,0.45838170906624753,1.0594553656112882,1146,3714,False,False,False,False
3436,CSS_J165523.0+494753,EW,EW,False,False,0.35553545166067946,1.0037868176707327,7645,6539,False,False,False,False
3437,CSS_J020006.3+075620,EW,EW,False,False,0.37590433473466417,0.976692562898414,5373,7853,False,False,False,False
3438,CSS_J210118.1+022921,EA,EW,True,False,0.3929351859708192,1.3182465430155226,3675,456,False,False,False,False
3439,CSS_J082301.9+295637,EA,EA,False,False,0.5103562834116414,1.0643170110088265,455,3543,False,False,False,False
3440,CSS_J045427.2+114401,EW,EW,False,False,0.37337250546297795,1.3122874747974689,5672,482,False,False,False,False
3441,CSS_J055036.9-171757,RRc,EW,True,False,0.3710345661928566,0.9897246124576699,5973,7329,False,False,False,False
3442,CSS_J111654.5+182114,EW,EW,False,False,0.48430702875997317,1.3002970041262223,709,528,False,False,False,False
3443,CSS_J234116.3+392234,EA,EA,False,False,0.43683060535590296,0.9670898486381396,1652,7975,False,False,False,False
3444,CSS_J021908.5+155646,RS CVn,RS CVn,False,True,0.3870594992259473,0.9848574763657798,4176,7592,False,False,False,False
3445,CSS_J223720.2+332817,EA,EA,False,False,0.46789457319957817,1.0194311726553331,975,5554,False,False,False,False
3446,CSS_J075840.9+050255,EA,EW,True,False,0.3938363884800891,1.2605112625488988,3606,704,False,False,False,False
3447,CSS_J113614.7+304205,EA,EA,False,False,0.484051378458994,1.0706896627257496,714,3318,False,False,False,False
3448,CSS_J080539.2+431315,EW,EW,False,False,0.42774325530210827,1.1141088952177438,1930,2221,False,False,False,False
3449,CSS_J071732.8+331711,EW,EW,False,False,0.3817000338987764,1.0151288931544706,4728,5804,False,False,False,False
3450,CSS_J074621.4+153425,RRc,RRc,False,False,0.38950299095586194,0.9739153664288823,3949,7905,False,False,False,False
3451,CSS_J121723.4+012852,EW,EW,False,False,0.4027897360299834,1.283674222219801,3010,595,False,False,False,False
3452,CSS_J172124.4+333356,EW,EW,False,False,0.37830478572628906,1.0996043330565446,5091,2549,False,False,False,False
3453,CSS_J141715.0+305453,RRc,RRc,False,False,0.3630641513844062,0.9712690550325285,6891,7942,False,False,False,False
3454,CSS_J232039.7+214214,EW,EW,False,False,0.3741474566866515,1.087375604378742,5578,2849,False,False,False,False
3455,CSS_J215449.5+162405,EW,EW,False,False,0.3919304866104626,1.0402773428411576,3752,4520,False,False,False,False
3456,CSS_J070625.2+352523,EW,EW,False,False,0.47191009856599075,1.1428964117260771,904,1727,False,False,False,False
3457,CSS_J035858.0+221657,EW,EW,False,False,0.4144108296398402,1.0009081348027031,2426,6703,False,False,False,False
3458,CSS_J035436.5-053959,EA,EA,False,False,0.47031313093180094,0.9985864167672686,930,6841,False,False,False,False
3459,CSS_J053013.0+114624,EW,EW,False,False,0.3773159917071384,1.1543350190762323,5200,1567,False,False,False,False
3460,CSS_J173858.3+275129,RRab,RRab,False,False,0.3704800260230445,1.0817668703892351,6039,2996,False,False,False,False
3461,CSS_J045227.4+215218,EW,EW,False,False,0.37536255640258065,1.026610713265405,5429,5173,False,False,False,False
3462,CSS_J045114.3-084725,EW,EW,False,False,0.366913239258975,1.2154197997066127,6467,971,False,False,False,False
3463,CSS_J094203.6+290516,EW,RRc,True,False,0.3810952978860694,1.0596395958550968,4800,3703,False,False,False,False
3464,CSS_J224756.6+312038,RRc,RRc,False,False,0.4041901011009186,1.192818141548243,2933,1132,False,False,False,False
3465,CSS_J044500.0-062055,EW,EW,False,False,0.4187439457338147,1.0273376297732237,2251,5139,False,False,False,False
3466,CSS_J092144.8+151429,EW,EW,False,False,0.3920383526100161,1.0367946411158964,3741,4678,False,False,False,False
3467,CSS_J032242.5+185324,EA,EA,False,False,0.6534597146827847,1.1354618448956943,74,1834,True,False,False,False
3468,CSS_J005436.1+333429,EA,EA,False,False,0.42601392752578543,0.9987002291003829,1989,6832,False,False,False,False
3469,CSS_J052210.7+041943,EW,EW,False,False,0.4047956977425853,0.9867293123666517,2898,7490,False,False,False,False
3470,CSS_J022704.8+400328,EW,EW,False,False,0.36774982907453774,1.0223196824912237,6373,5403,False,False,False,False
3471,CSS_J221821.6+202350,EA,EA,False,False,0.4399049365686137,1.0178479012732518,1580,5656,False,False,False,False
3472,CSS_J174000.5+315811,EA,EA,False,False,0.561136872194632,1.1250150335300504,222,2007,False,False,False,False
3473,CSS_J045626.5+043242,EW,EW,False,False,0.40558545738323004,1.1855955688008026,2851,1204,False,False,False,False
3474,CSS_J152214.2+152852,RRc,RRc,False,False,0.3742881015363411,0.9780322131540459,5559,7824,False,False,False,False
3475,CSS_J203854.5-092702,EW,EW,False,False,0.38884672674114196,1.042690475634259,4007,4424,False,False,False,False
3476,CSS_J154612.8+343539,EW,EW,False,False,0.36052294224410836,0.9784374333525214,7176,7811,False,False,False,False
3477,CSS_J150459.5-145959,EW,EW,False,False,0.405469287426085,1.099848079013717,2858,2544,False,False,False,False
3478,CSS_J230147.3+321352,EW,EW,False,False,0.3612292675165526,1.0320084582020257,7087,4921,False,False,False,False
3479,CSS_J082536.9-010458,EW,EW,False,False,0.37075552579436516,1.0507095605860859,6010,4062,False,False,False,False
3480,CSS_J163612.1+155853,EA,EA,False,False,0.41986867269280925,1.0118186843541839,2209,6015,False,False,False,False
3481,CSS_J042224.2+043338,EW,EW,False,False,0.446737409857875,1.044347328849005,1402,4348,False,False,False,False
3482,CSS_J050321.7+063541,EW,EW,False,False,0.3607222109042493,0.992876792104501,7148,7146,False,False,False,False
3483,CSS_J225135.6+381228,EW,EW,False,False,0.37666679494429867,1.018009609948907,5276,5644,False,False,False,False
3484,CSS_J042456.7+204513,EW,EA,True,False,0.43657591274432284,1.089651526241089,1659,2785,False,False,False,False
3485,CSS_J154449.4-080116,RRab,RRab,False,False,0.45691524490113355,1.1529662140818133,1179,1589,False,False,False,False
3486,CSS_J211615.7-084237,EW,EW,False,False,0.37899354627333703,1.0436042356296267,5021,4375,False,False,False,False
3487,CSS_J230147.7-102426,EA,EA,False,False,0.4654925177989723,1.078213284651971,1020,3102,False,False,False,False
3488,CSS_J154043.0+243740,EW,RS CVn,True,False,0.40086717172196623,1.0626971211944043,3119,3604,False,False,False,False
3489,CSS_J151823.7+262341,RS CVn,RS CVn,False,True,0.44630526716110885,1.094755097883494,1411,2657,False,False,False,False
3490,CSS_J004632.4+302517,EW,EW,False,False,0.4035599536541603,1.189159078779933,2966,1162,False,False,False,False
3491,CSS_J130103.1-080756,EW,EW,False,False,0.39402263435681734,1.0197301387394269,3588,5536,False,False,False,False
3492,CSS_J223005.8+252443,EA,EW,True,False,0.37046882910645074,1.0904795388011932,6040,2755,False,False,False,False
3493,CSS_J211850.7-190935,EW,EW,False,False,0.38770873759836105,1.0129264243256244,4111,5939,False,False,False,False
3494,CSS_J082208.7+570853,EA,EW,True,False,0.41814220324511414,1.1074649332087558,2280,2360,False,False,False,False
3495,CSS_J092520.6+015540,RRc,RRc,False,False,0.416153658278076,1.0750880452805194,2357,3191,False,False,False,False
3496,CSS_J032352.5+181232,EW,EW,False,False,0.4137053336263963,1.1581119689177108,2464,1527,False,False,False,False
3497,CSS_J084422.5-034905,EA,EA,False,False,0.43169042597061463,1.0097974906278468,1795,6141,False,False,False,False
3498,CSS_J062220.2-092920,EW,EW,False,False,0.4443115414665643,1.2171338918727455,1467,959,False,False,False,False
3499,CSS_J121848.2+174946,EA,EA,False,False,0.43122005145804304,1.0174137041795388,1812,5685,False,False,False,False
3500,CSS_J075911.2+440419,EA,EA,False,False,0.4488886377054193,1.0709342322451043,1353,3308,False,False,False,False
3501,CSS_J163245.5+324051,RRc,RRc,False,False,0.35977626374014826,1.0772665124359082,7251,3132,False,False,False,False
3502,CSS_J171927.6+361419,EW,EW,False,False,0.40175504727098915,1.0109296231230027,3074,6079,False,False,False,False
3503,CSS_J090656.1-121719,EW,EW,False,False,0.41392191905918635,1.0737012488727344,2446,3227,False,False,False,False
3504,CSS_J053621.5-132429,EW,EW,False,False,0.37885636967790226,1.0429268148686948,5036,4409,False,False,False,False
3505,CSS_J212136.7+044432,RS CVn,EW,True,True,0.39358519269887027,1.1541580849846604,3630,1569,False,False,False,False
3506,CSS_J205156.7-175026,EW,EW,False,False,0.42603477055820493,1.20274941850568,1988,1072,False,False,False,False
3507,CSS_J094708.8-093900,EW,EW,False,False,0.41255287474919117,1.077377580912594,2522,3131,False,False,False,False
3508,CSS_J100229.0+105949,EW,EW,False,False,0.38703234706213535,1.0023729094133398,4180,6622,False,False,False,False
3509,CSS_J092628.4+115533,EA,EA,False,False,0.4868330366807009,1.1609629625922018,675,1496,False,False,False,False
3510,CSS_J075130.7+401237,EW,EW,False,False,0.3915693226982636,1.0195210468259186,3785,5549,False,False,False,False
3511,CSS_J092043.6+183946,EW,EW,False,False,0.3843050108002778,1.033238189243144,4455,4850,False,False,False,False
3512,CSS_J210504.0+135106,EW,RRc,True,False,0.3736330748969873,1.1596539894505244,5641,1512,False,False,False,False
3513,CSS_J064858.4+562609,EW,EW,False,False,0.3597974359913357,1.0920248214759138,7246,2720,False,False,False,False
3514,CSS_J084222.2+041155,EW,RRc,True,False,0.38183750765637525,0.9618549249870478,4709,7993,False,False,False,False
3515,CSS_J235758.8+195317,EW,EW,False,False,0.37916774527215924,1.0604697768275126,5007,3669,False,False,False,False
3516,CSS_J123840.0+001911,EW,EW,False,False,0.3749056388339891,1.0207602030498515,5481,5484,False,False,False,False
3517,CSS_J072854.4+325232,EW,EW,False,False,0.3819307366946691,1.0089325493885533,4699,6192,False,False,False,False
3518,CSS_J172200.3+084950,EW,EW,False,False,0.3788340737045041,0.997490239406857,5038,6895,False,False,False,False
3519,CSS_J041251.7+235206,EW,EW,False,False,0.4339648816142869,1.0291699873489224,1723,5050,False,False,False,False
3520,CSS_J172112.3+265550,LPV,RS CVn,True,False,0.5809592806539855,1.0677786712341661,166,3416,False,False,False,False
3521,CSS_J045552.4+145543,RRab,RRab,False,False,0.5741554582854816,1.2119125616201083,182,1000,False,False,False,False
3522,CSS_J032135.5+294740,EA,EA,False,False,0.5368161565333218,1.081365116207175,310,3008,False,False,False,False
3523,CSS_J230016.3+324208,EW,EW,False,False,0.434884885414565,1.1090965910028987,1700,2320,False,False,False,False
3524,CSS_J071706.6+532712,EA,EA,False,False,0.5128480318551095,1.039633207310675,433,4547,False,False,False,False
3525,CSS_J081447.2+125934,EW,EW,False,False,0.3847236525184243,1.029570428565344,4408,5027,False,False,False,False
3526,CSS_J085459.6+080937,EW,EW,False,False,0.4007208521339333,1.2206307614483123,3131,932,False,False,False,False
3527,CSS_J013216.3+082957,EW,EW,False,False,0.3959983137478908,1.0239423388583933,3431,5318,False,False,False,False
3528,CSS_J043036.4-113905,EW,EA,True,False,0.39987371226427937,1.0051671121618393,3177,6456,False,False,False,False
3529,CSS_J022745.6+245141,EW,EW,False,False,0.38621092820762215,1.0490163633304046,4254,4129,False,False,False,False
3530,CSS_J233821.8+200518,EW,EW,False,False,0.39515932884485033,1.0362999920994629,3496,4697,False,False,False,False
3531,CSS_J025045.4+251253,EW,EW,False,False,0.37136364323302823,1.0239691356613712,5923,5316,False,False,False,False
3532,CSS_J083441.9-044136,EW,EW,False,False,0.3522022697446942,1.0125571655880552,7853,5963,False,False,False,False
3533,CSS_J080458.9+000750,EW,EW,False,False,0.38061570000216793,1.1350212490822769,4853,1841,False,False,False,False
3534,CSS_J033936.5+083443,EW,EW,False,False,0.4047556639271524,1.0565984096350187,2903,3821,False,False,False,False
3535,CSS_J220128.5+004712,RS CVn,RS CVn,False,True,0.5466459989463203,1.159896913363276,270,1508,False,False,False,False
3536,CSS_J001445.6+310402,EW,EW,False,False,0.35419240976550354,0.9911105050091669,7744,7252,False,False,False,False
3537,CSS_J144054.4+391522,EW,EW,False,False,0.36068362933179626,1.005849963140307,7157,6409,False,False,False,False
3538,CSS_J045307.3+175337,EW,EW,False,False,0.38504691685956877,1.0558360544566072,4375,3849,False,False,False,False
3539,CSS_J172144.6+543333,EW,EW,False,False,0.4293864162904686,1.218884394151385,1874,946,False,False,False,False
3540,CSS_J085348.9+212928,EA,EA,False,False,0.5025938049714038,1.05490370081923,517,3888,False,False,False,False
3541,CSS_J212058.4+055831,RRc,RRc,False,False,0.3945824072935088,1.021574978669026,3543,5439,False,False,False,False
3542,CSS_J181907.8+472230,EW,EW,False,False,0.3572492608605799,1.0341779410148164,7491,4805,False,False,False,False
3543,CSS_J062433.3+465852,EW,EW,False,False,0.3638643508791387,1.0217193695424467,6814,5431,False,False,False,False
3544,CSS_J233201.0+435146,RRab,RRab,False,False,0.4205342767766414,1.0774065005350386,2180,3129,False,False,False,False
3545,CSS_J204511.6-035559,EW,EW,False,False,0.3871817814516766,0.984342291276446,4157,7612,False,False,False,False
3546,CSS_J234850.3+133300,EA,EA,False,False,0.49398166555540257,1.2329257229992463,595,846,False,False,False,False
3547,CSS_J080638.4+011830,EW,EW,False,False,0.3600799319955588,1.022031315317017,7219,5412,False,False,False,False
3548,CSS_J033218.0+072239,EW,EW,False,False,0.38442028705843256,1.0373736721609257,4440,4646,False,False,False,False
3549,CSS_J081738.6+093707,EW,EW,False,False,0.3677597497029521,1.0041960328000918,6372,6513,False,False,False,False
3550,CSS_J163414.9+233001,EW,EW,False,False,0.35156129191105745,1.0451867424059145,7891,4304,False,False,False,False
3551,CSS_J212338.8+015836,RRc,RRc,False,False,0.38540516263907115,1.175356742112593,4339,1308,False,False,False,False
3552,CSS_J053051.2+030106,EW,RS CVn,True,False,0.41494424805248353,1.2909239233828937,2397,571,False,False,False,False
3553,CSS_J072033.0+493153,EW,EW,False,False,0.4331286595171696,1.0002516257411778,1751,6746,False,False,False,False
3554,CSS_J083651.6+320434,EW,EW,False,False,0.3810119026013498,1.1100060725300058,4809,2301,False,False,False,False
3555,CSS_J204028.7-121216,LPV,LPV,False,False,0.6549944134621052,1.05053304412445,71,4068,True,False,False,False
3556,CSS_J115126.0+183240,RRc,RRc,False,False,0.3787017391410256,1.0228285158349815,5050,5371,False,False,False,False
3557,CSS_J154044.4-163917,EW,EW,False,False,0.39685571511728296,1.0862847393357569,3379,2871,False,False,False,False
3558,CSS_J221344.9+272058,EW,EW,False,False,0.3508895540623835,1.0006309359642436,7921,6720,False,False,False,False
3559,CSS_J001719.6-061245,EW,EW,False,False,0.3718266029253764,0.9733401726240144,5859,7914,False,False,False,False
3560,CSS_J082536.9-070045,EW,EW,False,False,0.4202188682373652,1.1790248464680548,2194,1266,False,False,False,False
3561,CSS_J145017.9+045734,EA,EA,False,False,0.5602231391629373,1.1397624573378489,224,1770,False,False,False,False
3562,CSS_J110033.9+154838,EW,EW,False,False,0.37517400966134534,0.9932698110896286,5445,7126,False,False,False,False
3563,CSS_J133844.0+143351,EW,EW,False,False,0.3591386831841655,1.0257624879599756,7311,5224,False,False,False,False
3564,CSS_J061122.2-110333,EW,EW,False,False,0.36490217047999035,1.1004609891315689,6700,2522,False,False,False,False
3565,CSS_J233051.0+395654,EW,EW,False,False,0.3604086794280105,1.000857872204432,7187,6709,False,False,False,False
3566,CSS_J161623.5+203827,EW,EW,False,False,0.38473668941662004,1.1037813051947274,4406,2432,False,False,False,False
3567,CSS_J010716.7+410918,EW,EW,False,False,0.37497114991521674,1.009572701038704,5472,6150,False,False,False,False
3568,CSS_J172817.1+293523,EW,EW,False,False,0.36280918055501093,1.171659175028225,6920,1353,False,False,False,False
3569,CSS_J070456.4+501454,EW,EW,False,False,0.37444551973193374,1.024575633767086,5537,5285,False,False,False,False
3570,CSS_J142921.2+012711,LPV,LPV,False,False,0.7584835036751085,0.977533748970046,11,7834,True,False,False,False
3571,CSS_J143601.0+025503,EW,EW,False,False,0.36680460087428457,1.01345565658032,6485,5912,False,False,False,False
3572,CSS_J001950.2+364107,EW,EW,False,False,0.36863960843041743,1.0107339346816429,6260,6098,False,False,False,False
3573,CSS_J110951.0+533253,EW,EW,False,False,0.402959519280494,1.0402153736722277,3003,4522,False,False,False,False
3574,CSS_J205730.7+042956,EW,EW,False,False,0.46615708497068953,1.1344002157355912,1004,1860,False,False,False,False
3575,CSS_J075811.5+602257,RRd,RRc,True,True,0.3939955567912035,1.0236986540849666,3591,5330,False,False,False,False
3576,CSS_J131257.2+180740,RRab,RRab,False,False,0.39282152174913904,1.1060292001907321,3685,2388,False,False,False,False
3577,CSS_J131817.1+005450,EA,EA,False,False,0.5431244479688604,1.018525822828154,282,5601,False,False,False,False
3578,CSS_J155601.2-122441,EW,EW,False,False,0.3672732581566941,1.2088889557306897,6420,1024,False,False,False,False
3579,CSS_J050526.4+101740,EW,EA,True,False,0.4202174570452465,0.9873502443901152,2195,7450,False,False,False,False
3580,CSS_J212724.7-130238,RRc,RRc,False,False,0.40302035412899195,1.1172460917273301,3000,2157,False,False,False,False
3581,CSS_J031216.8+102448,EW,EW,False,False,0.3678393793589874,1.0197030251064931,6365,5540,False,False,False,False
3582,CSS_J151817.3+121515,EW,EW,False,False,0.3841087653314881,1.0340236261589084,4474,4812,False,False,False,False
3583,CSS_J205248.5-125242,EW,EW,False,False,0.3667462172813755,1.0252109054883536,6496,5255,False,False,False,False
3584,CSS_J065627.2+450255,EW,EW,False,False,0.35290352282661813,1.0181106948207268,7817,5637,False,False,False,False
3585,CSS_J035625.3+354617,EW,RS CVn,True,False,0.40710729037006615,1.160588845004749,2780,1502,False,False,False,False
3586,CSS_J004549.8+405438,EW,EW,False,False,0.35720343526840925,1.0162502996814873,7498,5742,False,False,False,False
3587,CSS_J145536.9+123833,EW,EW,False,False,0.4683601284399941,1.717430613510773,966,54,False,True,False,False
3588,CSS_J215628.6-115408,RRc,RRc,False,False,0.38560803907026375,0.9728567724085011,4322,7924,False,False,False,False
3589,CSS_J225129.9+361858,EW,EW,False,False,0.38425713730331645,1.053079264796192,4462,3947,False,False,False,False
3590,CSS_J043704.3+170537,EW,EW,False,False,0.40524102546626384,1.2839529676566857,2869,593,False,False,False,False
3591,CSS_J020428.6+404436,EW,EW,False,False,0.3870827640727408,1.103305568940227,4172,2443,False,False,False,False
3592,CSS_J221458.0+145946,EW,EW,False,False,0.37258871001370336,1.062512282482578,5752,3608,False,False,False,False
3593,CSS_J041847.2-101028,RRc,RRc,False,False,0.37572248467372904,1.0967999002758557,5398,2612,False,False,False,False
3594,CSS_J082328.3+373101,EA,EW,True,False,0.5138649124170451,1.122617732466797,426,2041,False,False,False,False
3595,CSS_J164739.9+200126,EW,EW,False,False,0.37360556747692303,0.9983652934499092,5643,6857,False,False,False,False
3596,CSS_J071853.8+414438,EA,EA,False,False,0.4749325510458962,1.0488711517727964,856,4137,False,False,False,False
3597,CSS_J012327.6+350730,EW,EW,False,False,0.3548908579429955,0.9944838669743781,7688,7067,False,False,False,False
3598,CSS_J212713.7+011751,EW,EW,False,False,0.4058022458405947,1.137251990382183,2838,1804,False,False,False,False
3599,CSS_J023601.9+410516,EW,EW,False,False,0.34842593729264976,1.0316280335119727,7976,4939,False,False,False,False
3600,CSS_J165618.4+161138,EW,EW,False,False,0.3769873155862796,1.2008422844070563,5234,1080,False,False,False,False
3601,CSS_J070609.5+382317,RRc,RRc,False,False,0.3978156882412185,0.9957274634753999,3315,6993,False,False,False,False
3602,CSS_J045939.9-073915,EW,EW,False,False,0.3715939065619787,1.0195400189648847,5892,5548,False,False,False,False
3603,CSS_J130719.9-041140,EW,EW,False,False,0.3938591544039495,1.0019611948297107,3602,6653,False,False,False,False
3604,CSS_J043101.5+204008,RS CVn,RS CVn,False,True,0.5602719745444426,1.0855971663868504,223,2892,False,False,False,False
3605,CSS_J084410.2+363329,EW,EW,False,False,0.4204991791175807,1.0789115504329336,2182,3080,False,False,False,False
3606,CSS_J070134.4+360945,EW,EW,False,False,0.3730972013326346,1.0171073770602042,5704,5697,False,False,False,False
3607,CSS_J085941.2+212838,EW,EW,False,False,0.5146843560010785,1.121413327347759,421,2066,False,False,False,False
3608,CSS_J070610.3+421050,EW,EW,False,False,0.37233565493349413,1.0053998259226522,5780,6447,False,False,False,False
3609,CSS_J053108.3-063026,RRab,EW,True,False,0.42185186237883926,1.0630669607329504,2136,3589,False,False,False,False
3610,CSS_J012642.1+340641,RRc,RRc,False,False,0.386037060613927,1.1167355834560568,4278,2166,False,False,False,False
3611,CSS_J015307.8+053929,EW,EW,False,False,0.3670085259489559,1.0680062546443172,6457,3410,False,False,False,False
3612,CSS_J075919.9+095409,EW,EW,False,False,0.4577763049885773,1.4308436091561239,1157,228,False,False,False,False
3613,CSS_J091733.5-193412,EA,EA,False,False,0.39434142787999105,1.0050047941275384,3562,6464,False,False,False,False
3614,CSS_J220811.1+120629,EW,EW,False,False,0.5436458319830572,1.1501024130155002,276,1623,False,False,False,False
3615,CSS_J071146.2+351247,EW,EW,False,False,0.4403261341583582,0.9815627696162925,1569,7718,False,False,False,False
3616,CSS_J163859.7+451255,EW,EW,False,False,0.390261013762227,0.9842855751639578,3886,7614,False,False,False,False
3617,CSS_J172042.2+295545,EW,EW,False,False,0.4031882385868463,1.0232430835026651,2987,5348,False,False,False,False
3618,CSS_J091451.0-092601,RS CVn,EW,True,True,0.3945787537588575,1.3160011086445764,3544,465,False,False,False,False
3619,CSS_J165523.6+452513,EW,EW,False,False,0.3562700538120538,1.0934078794606061,7591,2680,False,False,False,False
3620,CSS_J082407.1+132040,EW,RRc,True,False,0.4322600621129559,1.2617985160417107,1777,697,False,False,False,False
3621,CSS_J044501.5-171347,EA,EA,False,False,0.4528541632674462,1.0325575880858913,1268,4888,False,False,False,False
3622,CSS_J015836.6+200407,EA,EA,False,False,0.5261358649118137,0.9900255731817149,362,7314,False,False,False,False
3623,CSS_J171057.0+231736,EW,EW,False,False,0.428817543087486,1.012267672510284,1892,5984,False,False,False,False
3624,CSS_J052145.8+011058,EW,EW,False,False,0.550718861960877,1.4213217608736455,252,238,False,False,False,False
3625,CSS_J033558.5+322314,EW,EW,False,False,0.4118042848911746,1.043880709131435,2553,4367,False,False,False,False
3626,CSS_J071634.4+452512,EA,EA,False,False,0.481591496422713,1.0211930352647425,764,5465,False,False,False,False
3627,CSS_J015645.8+323602,RS CVn,RS CVn,False,True,0.37848814501768085,1.3282405649059195,5070,433,False,False,False,False
3628,CSS_J013306.4+110751,EW,EW,False,False,0.35713656554240136,0.9770030320312749,7506,7845,False,False,False,False
3629,CSS_J082510.4-021010,EW,EW,False,False,0.6316963907432901,1.262516471498821,95,696,True,False,False,False
3630,CSS_J005100.4+292508,EW,EW,False,False,0.3839701837873258,1.2246580872475048,4491,894,False,False,False,False
3631,CSS_J072221.1+472633,EW,EW,False,False,0.402796304065914,1.0513606668404567,3008,4035,False,False,False,False
3632,CSS_J172729.0+310742,EW,EW,False,False,0.37095185972951566,1.005702842452143,5983,6422,False,False,False,False
3633,CSS_J164549.4+063901,EW,EW,False,False,0.3509734671125423,0.99266237730686,7915,7155,False,False,False,False
3634,CSS_J215837.9+062051,EA,EA,False,False,0.37575149438726513,0.9949019089534408,5392,7039,False,False,False,False
3635,CSS_J052902.7-143227,EW,EW,False,False,0.360926589913214,1.0011501329754933,7129,6687,False,False,False,False
3636,CSS_J150921.8-125251,EW,EW,False,False,0.38178340810868633,1.0225558414284288,4715,5388,False,False,False,False
3637,CSS_J045446.6+033853,EW,EW,False,False,0.3565351290984301,1.0445259235199587,7556,4340,False,False,False,False
3638,CSS_J090015.8+080513,EW,EW,False,False,0.38812014998106426,1.0763114950871926,4075,3163,False,False,False,False
3639,CSS_J141237.7+090053,RRd,RRc,True,True,0.36876211143854887,0.979507629689299,6240,7775,False,False,False,False
3640,CSS_J110703.7+270407,RRc,RRc,False,False,0.38756114763216293,1.0103454379451524,4124,6118,False,False,False,False
3641,CSS_J110927.2-110836,RRc,RRd,True,False,0.3791891755316213,1.0320744634530268,5006,4919,False,False,False,False
3642,CSS_J151835.6+335655,EW,EW,False,False,0.3675408384795764,1.0225433778000568,6393,5389,False,False,False,False
3643,CSS_J011542.9+285000,EA,EW,True,False,0.4225122699752215,1.0407914621456738,2111,4499,False,False,False,False
3644,CSS_J233204.1+380347,EW,EW,False,False,0.36838402619446925,1.0003525137281164,6298,6736,False,False,False,False
3645,CSS_J010354.1+300324,EW,EW,False,False,0.3947319640308468,1.0630990242856253,3528,3587,False,False,False,False
3646,CSS_J075843.9+135015,EA,EA,False,False,0.468322801097901,1.03274792403943,967,4875,False,False,False,False
3647,CSS_J071732.7+511207,EW,EW,False,False,0.38506487675607637,0.9982841527812351,4372,6861,False,False,False,False
3648,CSS_J060758.5-062855,EW,EW,False,False,0.3744841728603954,1.1779293864969511,5534,1283,False,False,False,False
3649,CSS_J144458.2+231306,EW,EW,False,False,0.46036454648816244,1.0381802769259905,1112,4608,False,False,False,False
3650,CSS_J060527.8-120329,EW,EW,False,False,0.38309679127355284,1.0641310973897111,4597,3544,False,False,False,False
3651,CSS_J174134.4+361608,EW,EW,False,False,0.3663688793232942,1.0661664319314967,6537,3482,False,False,False,False
3652,CSS_J085841.3+410424,EW,EW,False,False,0.3556568173294953,0.996185687865841,7638,6963,False,False,False,False
3653,CSS_J100342.4-065658,EW,EW,False,False,0.358046268641149,1.0609509256224714,7430,3657,False,False,False,False
3654,CSS_J162153.7+331813,RRc,RRc,False,False,0.41770476046848876,1.048384554975282,2293,4154,False,False,False,False
3655,CSS_J233427.4+433301,LPV,LPV,False,False,0.7495219489854091,1.7171470394367887,15,55,True,True,True,True
3656,CSS_J215150.0+041952,EW,EW,False,False,0.35991557572450456,0.9934408568906254,7237,7120,False,False,False,False
3657,CSS_J025657.2+382431,EW,EW,False,False,0.37792795736059037,1.01112050151179,5138,6061,False,False,False,False
3658,CSS_J213325.3-181259,EW,EW,False,False,0.41191830570145094,1.1003649370752955,2549,2527,False,False,False,False
3659,CSS_J163626.1-073059,RRab,EW,True,False,0.3920395973550309,1.0072944167965796,3740,6308,False,False,False,False
3660,CSS_J162818.1+462353,RRab,EW,True,False,0.37202247140896655,1.0447460517009373,5820,4326,False,False,False,False
3661,CSS_J071924.1+521510,EW,EW,False,False,0.37359632927885333,0.9861154309684675,5646,7524,False,False,False,False
3662,CSS_J170157.8+050542,EW,EW,False,False,0.3599492022548581,1.0346472351961444,7232,4770,False,False,False,False
3663,CSS_J171457.3+523705,EW,EW,False,False,0.35450507963624417,1.0005547211773353,7723,6725,False,False,False,False
3664,CSS_J113202.5+155243,LPV,LPV,False,False,0.6387773014141128,0.9786187977135559,88,7807,True,False,False,False
3665,CSS_J084422.0-042428,EW,EW,False,False,0.3510249326683526,1.0176333908030581,7911,5675,False,False,False,False
3666,CSS_J021314.9+095751,EA,EA,False,False,0.422954907553363,0.9946437276370919,2093,7058,False,False,False,False
3667,CSS_J084812.7+002105,EW,EW,False,False,0.3817367361784258,1.0738468425729317,4722,3224,False,False,False,False
3668,CSS_J155558.4+391142,EW,EW,False,False,0.37161108252856934,0.9767319468099208,5888,7850,False,False,False,False
3669,CSS_J030915.5+374157,EA,EW,True,False,0.41893097907866567,1.1491136982090489,2243,1638,False,False,False,False
3670,CSS_J035757.4+312237,EA,EA,False,False,0.5626388662239316,1.4877425559996142,216,170,False,False,False,False
3671,CSS_J024653.9+372944,EA,EA,False,False,0.43759617001643036,1.004474539518683,1634,6501,False,False,False,False
3672,CSS_J044505.1+241221,EA,EA,False,False,0.4285235906794838,1.163230514706008,1901,1459,False,False,False,False
3673,CSS_J202655.3-084530,EW,EW,False,False,0.38142060382369614,1.1611768764496082,4760,1491,False,False,False,False
3674,CSS_J043745.6-101300,EW,EW,False,False,0.3841833010051607,1.2091355886905304,4468,1021,False,False,False,False
3675,CSS_J080048.1+360721,EA,EA,False,False,0.5283696224044603,1.1415845508017273,348,1746,False,False,False,False
3676,CSS_J144147.8-044040,RRab,RRab,False,False,0.49082570888637983,1.07123524188385,637,3297,False,False,False,False
3677,CSS_J224326.0+154532,EW,EW,False,False,0.3715263300877852,1.0016633793416014,5905,6663,False,False,False,False
3678,CSS_J055919.1+050123,EW,EW,False,False,0.3636296163843861,1.2038472800914701,6841,1059,False,False,False,False
3679,CSS_J175239.0+434930,EW,EW,False,False,0.4830095348526536,1.3888161082061747,731,298,False,False,False,False
3680,CSS_J090100.8-055616,EW,EW,False,False,0.38873370854125033,1.052194320223967,4017,4000,False,False,False,False
3681,CSS_J205724.9+130902,EW,EW,False,False,0.40350856689511255,1.1062933775991926,2969,2383,False,False,False,False
3682,CSS_J225730.3+220404,RRc,RRc,False,False,0.389880678479654,1.1617005109452074,3914,1480,False,False,False,False
3683,CSS_J095706.7+032641,EA,EW,True,False,0.3994640281404775,1.0089275278360887,3198,6193,False,False,False,False
3684,CSS_J125440.6+514022,RRab,RRc,True,False,0.41929949537071737,1.363928166498366,2233,343,False,False,False,False
3685,CSS_J223751.9-031610,RRc,RRc,False,False,0.38905498265703325,1.0735608764105458,3988,3230,False,False,False,False
3686,CSS_J164759.0+213634,EW,EW,False,False,0.3785748385204301,1.1183416898992107,5063,2138,False,False,False,False
3687,CSS_J035238.8+293902,RS CVn,EW,True,True,0.5184222883673776,1.6052424025693917,404,81,False,True,False,False
3688,CSS_J142900.5+094105,RS CVn,EW,True,True,0.4736249444560936,1.6433304647341687,879,68,False,True,False,False
3689,CSS_J033907.6+370555,EW,EW,False,False,0.36172435152300286,1.0672733892588533,7034,3439,False,False,False,False
3690,CSS_J225323.2+091757,EA,EA,False,False,0.5039455951861567,1.075699482131883,511,3177,False,False,False,False
3691,CSS_J225933.0-144336,EW,EW,False,False,0.37843291861924644,1.0080653859018598,5075,6259,False,False,False,False
3692,CSS_J215659.1+203035,EW,EW,False,False,0.3769687481114911,0.9821495922433379,5235,7696,False,False,False,False
3693,CSS_J084048.6+190445,EW,EW,False,False,0.3698385626070863,1.0680180068565843,6110,3409,False,False,False,False
3694,CSS_J012147.0+220420,EW,EW,False,False,0.3573534697773965,1.0141649891682647,7484,5868,False,False,False,False
3695,CSS_J154120.3-163705,EW,EW,False,False,0.3663795534038912,1.1487108586299624,6535,1647,False,False,False,False
3696,CSS_J171049.7+012351,EW,EW,False,False,0.3752607957437901,1.0360419489919583,5439,4710,False,False,False,False
3697,CSS_J165227.9+470504,RRc,RRc,False,False,0.3768071586343502,1.0322839108842417,5254,4905,False,False,False,False
3698,CSS_J132312.5+032753,EW,EW,False,False,0.4111152796336079,1.0981767400852744,2593,2585,False,False,False,False
3699,CSS_J041235.7+075310,RS CVn,EW,True,True,0.49404630576789993,1.0846612340530926,593,2918,False,False,False,False
3700,CSS_J133901.8+044048,RRab,RRab,False,False,0.42466352998350704,0.9871053760273709,2029,7470,False,False,False,False
3701,CSS_J021548.9+242734,EW,EW,False,False,0.3680323754573782,0.9920000205758257,6346,7197,False,False,False,False
3702,CSS_J010759.2-093040,RRc,RRc,False,False,0.3982746175577883,1.08256169307782,3288,2975,False,False,False,False
3703,CSS_J163219.2-062530,EA,EW,True,False,0.5115259393215528,1.18917786478389,445,1161,False,False,False,False
3704,CSS_J212943.6-040818,EA,EA,False,False,0.4309740408300817,1.0081749931308581,1824,6252,False,False,False,False
3705,CSS_J045030.9+073530,EW,EW,False,False,0.36870667372780097,1.0121721177543086,6246,5992,False,False,False,False
3706,CSS_J172930.9+143901,EW,EW,False,False,0.3718446465830511,1.1545750310808898,5849,1564,False,False,False,False
3707,CSS_J104841.9+665100,RRab,RRab,False,False,0.49590857893277873,1.0665361033265686,573,3467,False,False,False,False
3708,CSS_J112907.0-030315,RRab,EW,True,False,0.41326126995074997,1.0739978400193393,2488,3221,False,False,False,False
3709,CSS_J174452.7+431601,EW,EW,False,False,0.37516881876697,1.2166131299304044,5446,962,False,False,False,False
3710,CSS_J173617.8+444507,EA,EA,False,False,0.47193305606695946,1.0636033013413178,902,3568,False,False,False,False
3711,CSS_J122559.4+500710,EA,EW,True,False,0.48479008002311247,1.2504778837179118,702,748,False,False,False,False
3712,CSS_J150706.6-124745,RRc,RRc,False,False,0.3955654316700127,1.0736136032632981,3469,3229,False,False,False,False
3713,CSS_J080456.3+293313,RS CVn,RS CVn,False,True,0.49762939716888466,1.1850735805569863,556,1211,False,False,False,False
3714,CSS_J050318.8+191922,EW,EW,False,False,0.4232740429873291,1.0077468961069354,2075,6278,False,False,False,False
3715,CSS_J081255.2+025446,RS CVn,EW,True,True,0.5478510034922777,1.796633820928451,267,39,False,True,False,False
3716,CSS_J204720.2-103356,EW,EW,False,False,0.3600561430948671,1.0200890680509402,7224,5517,False,False,False,False
3717,CSS_J150723.1-072615,RRab,RRab,False,False,0.41473151820833964,1.0555253942934935,2408,3863,False,False,False,False
3718,CSS_J073238.7+410026,EW,EW,False,False,0.38038793601494986,1.0474250803740737,4876,4204,False,False,False,False
3719,CSS_J215514.7+124300,EW,EW,False,False,0.4067838397661042,1.052939384311032,2794,3961,False,False,False,False
3720,CSS_J091300.0+070647,EW,EW,False,False,0.37453013177826056,1.1118716344513344,5529,2270,False,False,False,False
3721,CSS_J213519.3+095025,EW,EW,False,False,0.45446819365968283,1.06645823073249,1223,3471,False,False,False,False
3722,CSS_J033959.7+335652,RRc,EW,True,False,0.4084905345384986,1.1637521566710176,2715,1451,False,False,False,False
3723,CSS_J114321.3-142739,RRc,RRc,False,False,0.48434699537529996,1.1809876809455369,708,1250,False,False,False,False
3724,CSS_J040157.9+381349,EW,EW,False,False,0.3646867268891926,1.0036902306388675,6721,6547,False,False,False,False
3725,CSS_J201741.1-121338,RRc,RRc,False,False,0.39222448373440005,1.3112276556684497,3730,487,False,False,False,False
3726,CSS_J162005.4+303027,EW,EW,False,False,0.35021483356462035,1.011721885879351,7944,6023,False,False,False,False
3727,CSS_J101914.2+070109,EW,EW,False,False,0.3643702447588321,1.084874205869105,6754,2910,False,False,False,False
3728,CSS_J225118.9+411924,EW,EW,False,False,0.4087986977077524,1.0207411699085869,2704,5487,False,False,False,False
3729,CSS_J071918.7+311254,EW,EW,False,False,0.4364287620897425,1.0087158636621738,1663,6210,False,False,False,False
3730,CSS_J161954.7+344846,EW,EW,False,False,0.39386929071514754,0.985300924752836,3601,7566,False,False,False,False
3731,CSS_J075537.7+213754,EW,EW,False,False,0.39909080481217724,1.253031324970949,3220,735,False,False,False,False
3732,CSS_J180803.3+312149,EW,EW,False,False,0.4262514653102103,1.0014013583637298,1973,6673,False,False,False,False
3733,CSS_J004013.7+234150,RRc,EW,True,False,0.3758773376510734,1.1007637248446618,5379,2517,False,False,False,False
3734,CSS_J223605.3+183810,EA,EA,False,False,0.4135762886974626,0.9907833726181696,2476,7268,False,False,False,False
3735,CSS_J210645.3-120546,EW,EW,False,False,0.3778936959588663,1.0176562979442683,5143,5672,False,False,False,False
3736,CSS_J155358.7+072406,RRd,EW,True,True,0.4825747411326317,1.09531322207928,741,2638,False,False,False,False
3737,CSS_J042202.2+171446,EW,EW,False,False,0.35691310788951636,1.1195944108782852,7523,2109,False,False,False,False
3738,CSS_J121336.2-143954,EW,EW,False,False,0.41880550343273226,1.2236425818594152,2249,904,False,False,False,False
3739,CSS_J220748.3+131640,EW,EW,False,False,0.4193320097199458,0.9916287106085836,2231,7229,False,False,False,False
3740,CSS_J134128.8-113033,RRab,RRab,False,False,0.477167031120861,1.0067044585520857,828,6336,False,False,False,False
3741,CSS_J091801.1+021452,EW,EW,False,False,0.3941923007423412,1.0030329230093564,3575,6582,False,False,False,False
3742,CSS_J174544.0+591404,EW,EW,False,False,0.38481157579870295,0.998549690968954,4399,6843,False,False,False,False
3743,CSS_J080634.4-011910,EW,EW,False,False,0.3748411913072187,1.1164530026987127,5491,2171,False,False,False,False
3744,CSS_J090038.6+004908,RS CVn,RS CVn,False,True,0.4569121673660208,1.1890118676143788,1180,1164,False,False,False,False
3745,CSS_J050022.3+165505,EW,EW,False,False,0.367202426591825,1.002105712970811,6433,6642,False,False,False,False
3746,CSS_J162516.1+105225,EW,EW,False,False,0.4653865887289033,1.0621015336486994,1022,3628,False,False,False,False
3747,CSS_J040754.8+345956,EW,EW,False,False,0.3581461735841847,1.0093517385292765,7417,6160,False,False,False,False
3748,CSS_J173128.9+360227,EW,EW,False,False,0.38974045219788717,1.0124466257644444,3925,5970,False,False,False,False
3749,CSS_J160139.8+032559,RRd,RRc,True,True,0.3683813881013396,1.1527574310763982,6299,1591,False,False,False,False
3750,CSS_J210805.5-065415,RRc,RRc,False,False,0.39964767752761354,1.0219183177535116,3189,5416,False,False,False,False
3751,CSS_J071343.4+481534,EA,EW,True,False,0.7056143802081205,1.2144993608367374,38,980,True,False,False,False
3752,CSS_J104806.2-171815,RRab,RRab,False,False,0.48622792422056876,1.1184481993286717,683,2131,False,False,False,False
3753,CSS_J114639.2-110701,EW,EW,False,False,0.42914658609334483,1.3867729034706526,1883,303,False,False,False,False
3754,CSS_J034702.8-033600,EW,EW,False,False,0.44440821255524166,1.0766066463048796,1465,3154,False,False,False,False
3755,CSS_J215437.3+063939,EW,EW,False,False,0.4291771700304009,1.122328232532212,1881,2044,False,False,False,False
3756,CSS_J043215.1+031721,EW,EW,False,False,0.41876257193746674,1.1186321897340359,2250,2124,False,False,False,False
3757,CSS_J213932.7+080623,EW,EW,False,False,0.4416838131460621,1.0357944404066548,1531,4718,False,False,False,False
3758,CSS_J104341.3+052246,RRc,EW,True,False,0.39810366472259184,1.2342301230868489,3293,835,False,False,False,False
3759,CSS_J052042.9+202532,EW,EW,False,False,0.3984814796592903,0.9947699369482341,3267,7048,False,False,False,False
3760,CSS_J172607.8+115438,EW,EW,False,False,0.3810296000219011,1.1208797318120571,4807,2079,False,False,False,False
3761,CSS_J055256.5+020619,EW,EW,False,False,0.37662068151435324,1.0574232258115281,5282,3790,False,False,False,False
3762,CSS_J203222.8-122138,RRc,RRc,False,False,0.39495497397262674,0.99644493935032,3509,6954,False,False,False,False
3763,CSS_J040256.5+244141,EW,EW,False,False,0.37455470292020554,1.1069382063228475,5524,2370,False,False,False,False
3764,CSS_J235353.8-192308,EW,EW,False,False,0.4432237731851261,1.221662091791845,1495,923,False,False,False,False
3765,CSS_J170352.7+550820,EW,EW,False,False,0.3636540683897398,1.5687491106351927,6834,102,False,True,False,False
3766,CSS_J042135.4-140108,EW,EW,False,False,0.44837390660590604,1.0343370605231543,1361,4794,False,False,False,False
3767,CSS_J085240.1-044726,RRc,RRc,False,False,0.3996015651198986,1.2431221907054433,3192,793,False,False,False,False
3768,CSS_J053116.4-015605,EW,EW,False,False,0.37426265232402867,1.220955377062515,5560,929,False,False,False,False
3769,CSS_J235502.5+004807,EW,EW,False,False,0.35466562633525395,1.0901971945937068,7706,2765,False,False,False,False
3770,CSS_J085500.7+382004,EA,EA,False,False,0.44630468479689306,1.0077933333616642,1412,6275,False,False,False,False
3771,CSS_J210341.0-103343,RS CVn,EW,True,True,0.5054043431320874,1.2240984815980274,494,899,False,False,False,False
3772,CSS_J090149.9-081150,EA,EA,False,False,0.5004048012859167,1.2085575132124282,535,1029,False,False,False,False
3773,CSS_J153731.2+044113,EW,EW,False,False,0.3512584878531529,0.9834584545235842,7903,7643,False,False,False,False
3774,CSS_J150121.7+410241,EW,EW,False,False,0.4095442333591928,1.0682472920744754,2665,3400,False,False,False,False
3775,CSS_J081311.9+004331,EW,EW,False,False,0.36001548713752507,1.0766847010577074,7229,3149,False,False,False,False
3776,CSS_J032954.1+380144,EW,EW,False,False,0.38341636116597005,1.0824190909934628,4556,2979,False,False,False,False
3777,CSS_J154052.7+021711,EW,EW,False,False,0.41093640715335367,1.1858986644677105,2606,1199,False,False,False,False
3778,CSS_J031626.5+290753,EW,EW,False,False,0.36978096976222724,1.0991245613774745,6116,2559,False,False,False,False
3779,CSS_J212407.3+132758,EW,EW,False,False,0.37528962974110436,1.0845337112582596,5433,2922,False,False,False,False
3780,CSS_J165233.2+042525,RRc,RRc,False,False,0.37374783872743,0.9860454466184349,5623,7529,False,False,False,False
3781,CSS_J100357.2-123225,EW,EW,False,False,0.3773271865279128,1.0676337017726787,5198,3418,False,False,False,False
3782,CSS_J114635.6+230743,RRc,RRc,False,False,0.3745826841928431,1.1362385093201726,5522,1821,False,False,False,False
3783,CSS_J135540.6+011010,RRab,RRab,False,False,0.4238256402789172,1.3021385310650242,2055,523,False,False,False,False
3784,CSS_J232506.4+364429,EW,EW,False,False,0.3584899802326567,1.0787890844456078,7375,3086,False,False,False,False
3785,CSS_J213738.8+242520,RRc,EW,True,False,0.3627075446437316,1.024094495346588,6932,5308,False,False,False,False
3786,CSS_J042351.5+323854,EW,EW,False,False,0.3765570331745522,1.0632168897794039,5290,3582,False,False,False,False
3787,CSS_J214625.6+182456,EW,EW,False,False,0.3558086240680073,0.9874074825409729,7628,7445,False,False,False,False
3788,CSS_J123900.5+313411,EW,EW,False,False,0.3515666263433085,1.0450518490350107,7889,4309,False,False,False,False
3789,CSS_J231354.0+281314,EW,EW,False,False,0.39391209259891397,1.0098033353618274,3595,6140,False,False,False,False
3790,CSS_J212548.2-081642,RRab,EW,True,False,0.44460274939760436,1.1515926580934657,1460,1605,False,False,False,False
3791,CSS_J042439.4+222127,EW,EW,False,False,0.525953411113957,1.0812992941429904,364,3010,False,False,False,False
3792,CSS_J154815.6-121844,EW,EW,False,False,0.3661739811127076,1.0421132114594216,6560,4453,False,False,False,False
3793,CSS_J010327.6+283548,EW,EW,False,False,0.3606305178632028,1.0472510967106117,7165,4211,False,False,False,False
3794,CSS_J140551.7-041839,RRab,RRab,False,False,0.4201856887335186,1.0148288038876074,2197,5822,False,False,False,False
3795,CSS_J155259.0+132419,EA,EW,True,False,0.48268125285078867,1.2489184803923907,740,755,False,False,False,False
3796,CSS_J125119.6+021953,EW,EW,False,False,0.3723085622853075,1.0251784479875847,5786,5260,False,False,False,False
3797,CSS_J042052.5+330040,EW,EW,False,False,0.3795739592077332,1.0601505816855568,4967,3680,False,False,False,False
3798,CSS_J231725.2+323248,EA,EA,False,False,0.4417972979441118,1.002813970353262,1527,6596,False,False,False,False
3799,CSS_J123520.1+194614,EA,EA,False,False,0.5043821392213158,0.9971910810453404,506,6913,False,False,False,False
3800,CSS_J174744.0+212958,RRab,RRab,False,False,0.4332733744272411,1.0003344232798246,1747,6739,False,False,False,False
3801,CSS_J001615.8-061517,EW,EW,False,False,0.39350728187110834,1.0582721075062564,3634,3758,False,False,False,False
3802,CSS_J002532.7+293737,EW,EW,False,False,0.3629304576801905,1.007225618384948,6908,6313,False,False,False,False
3803,CSS_J222326.3+002209,RRc,RRc,False,False,0.3606290055215966,1.0203499012625858,7166,5502,False,False,False,False
3804,CSS_J173256.9+054458,EW,EW,False,False,0.3875589219229725,1.1656288104127603,4125,1430,False,False,False,False
3805,CSS_J002455.4+333740,EW,EA,True,False,0.4037559116956766,0.9984639224867211,2955,6850,False,False,False,False
3806,CSS_J153225.8+110711,EW,EW,False,False,0.36177071989533804,1.0090174794315148,7025,6184,False,False,False,False
3807,CSS_J023858.0+222451,EW,EW,False,False,0.5331093018839703,1.2571491514969335,328,722,False,False,False,False
3808,CSS_J224302.1+251559,EA,EA,False,False,0.48708472430943167,1.007879034278072,673,6270,False,False,False,False
3809,CSS_J130040.9+353928,EW,EW,False,False,0.3648842948861084,1.0513184712589119,6702,4036,False,False,False,False
3810,CSS_J161958.4-090114,RRc,RRc,False,False,0.4063952315884863,1.0628592980715668,2814,3594,False,False,False,False
3811,CSS_J002748.2+420556,EW,EA,True,False,0.4320571032640389,1.000995327518812,1785,6696,False,False,False,False
3812,CSS_J154858.0-162042,EW,EW,False,False,0.3833667063042653,1.047160516805544,4560,4215,False,False,False,False
3813,CSS_J132628.6-100954,EW,EW,False,False,0.37629488743041634,1.169646343690742,5320,1374,False,False,False,False
3814,CSS_J032458.4+360038,EW,EW,False,False,0.3682099057192177,1.0868690514340684,6317,2858,False,False,False,False
3815,CSS_J070812.1+491233,EW,EW,False,False,0.36453465279299896,0.9785000280097915,6737,7808,False,False,False,False
3816,CSS_J022859.6+311023,EW,EW,False,False,0.4258388493387578,1.0896678899900742,2000,2783,False,False,False,False
3817,CSS_J152954.2+124110,RRd,EW,True,True,0.6315735729110615,1.135289690659264,96,1836,True,False,False,False
3818,CSS_J082430.3+284346,EA,EW,True,False,0.3694866065229216,1.0321319288699617,6155,4915,False,False,False,False
3819,CSS_J023449.6+050740,EW,EW,False,False,0.3589957549505223,0.9870673431092645,7323,7473,False,False,False,False
3820,CSS_J004429.8+291941,EW,EW,False,False,0.35751329252321734,0.9666591839915892,7471,7978,False,False,False,False
3821,CSS_J153444.3+124143,EW,EW,False,False,0.3782075822762883,0.990706086619183,5099,7271,False,False,False,False
3822,CSS_J234657.2+155356,EW,EA,True,False,0.39547337892561035,0.9876032278460501,3471,7432,False,False,False,False
3823,CSS_J224754.4+332216,EW,EW,False,False,0.42281620153987165,1.6178961341897147,2099,76,False,True,False,False
3824,CSS_J081824.5+454404,RRc,EW,True,False,0.42086971187961886,1.0374763082643645,2167,4641,False,False,False,False
3825,CSS_J053453.2-080908,EW,EW,False,False,0.3957603654850107,1.1574631610348194,3448,1534,False,False,False,False
3826,CSS_J012653.7+434647,EW,EW,False,False,0.35829789930063327,0.9878068454709428,7401,7418,False,False,False,False
3827,CSS_J171709.0+293906,EW,EW,False,False,0.37183152509023265,1.0343581133909343,5855,4790,False,False,False,False
3828,CSS_J170006.6-010419,RRc,EW,True,False,0.36494765357718234,1.427890059780735,6694,229,False,False,False,False
3829,CSS_J215241.0-082935,EW,EW,False,False,0.3693839765104572,1.465501002835133,6165,186,False,False,False,False
3830,CSS_J203829.9-071559,RRc,RRc,False,False,0.42710227244090815,1.223733086862746,1948,903,False,False,False,False
3831,CSS_J091641.4+640915,EW,EW,False,False,0.41659266529149824,1.0110562238170762,2342,6066,False,False,False,False
3832,CSS_J041100.8+215032,EW,EW,False,False,0.36931649954176116,1.0426613366683983,6179,4427,False,False,False,False
3833,CSS_J104226.6+612151,EW,EW,False,False,0.3865438966383372,1.0449403696764927,4221,4315,False,False,False,False
3834,CSS_J102143.3+232051,EW,EW,False,False,0.37339677566659824,1.0181962415405503,5666,5630,False,False,False,False
3835,CSS_J143837.5-124914,RRc,RRc,False,False,0.3950511287092215,0.9953489147959204,3502,7015,False,False,False,False
3836,CSS_J031658.3+303702,EW,EW,False,False,0.3669395830667487,1.0778783724606082,6461,3116,False,False,False,False
3837,CSS_J213456.4-105752,EW,EW,False,False,0.38212906985734557,1.0326030833717579,4675,4885,False,False,False,False
3838,CSS_J105323.3+175715,RS CVn,RS CVn,False,True,0.4961600404643951,1.4103065521370344,569,260,False,False,False,False
3839,CSS_J153210.0+180406,EW,EW,False,False,0.42174347638274473,1.1381803555497245,2141,1791,False,False,False,False
3840,CSS_J085204.5+384015,EW,EW,False,False,0.4203641543460376,1.1076704346668844,2189,2357,False,False,False,False
3841,CSS_J131619.7+174438,RRc,RRc,False,False,0.3774661461325393,1.0170691604862698,5188,5702,False,False,False,False
3842,CSS_J021247.1-151250,RRc,RRc,False,False,0.41539628129493883,1.0623789431388315,2382,3614,False,False,False,False
3843,CSS_J094817.6-042140,EW,EW,False,False,0.3688103338641465,1.024468343516724,6232,5293,False,False,False,False
3844,CSS_J170610.9+123729,RRab,EW,True,False,0.3731098939779651,1.1781785146980759,5701,1278,False,False,False,False
3845,CSS_J122736.2+124258,EW,EW,False,False,0.348196014123065,0.9967007170900782,7982,6938,False,False,False,False
3846,CSS_J064855.9+342634,EW,EW,False,False,0.37498832711270935,1.0607424061127462,5467,3659,False,False,False,False
3847,CSS_J122010.9-161910,RRab,RRab,False,False,0.517983339679806,1.2051992859622982,407,1049,False,False,False,False
3848,CSS_J060641.8-025541,EW,EW,False,False,0.36261614208228515,1.0729995315119778,6944,3247,False,False,False,False
3849,CSS_J171256.7+330838,EW,EW,False,False,0.40843484962492554,1.085729642866832,2718,2889,False,False,False,False
3850,CSS_J211156.6-085343,EW,EW,False,False,0.37622214983170643,1.047015525833715,5331,4220,False,False,False,False
3851,CSS_J125416.0+501859,RRc,RRc,False,False,0.3664800711456223,1.0085784285915318,6529,6221,False,False,False,False
3852,CSS_J062025.8+610127,EW,EW,False,False,0.3545979408458275,1.0055448681739443,7717,6433,False,False,False,False
3853,CSS_J033414.5+094603,EW,RS CVn,True,False,0.5403087332291138,0.9782339005815286,295,7819,False,False,False,False
3854,CSS_J063255.1+453533,EW,RRc,True,False,0.3636415127378019,0.9942519561427788,6835,7085,False,False,False,False
3855,CSS_J155313.1+104420,EW,EW,False,False,0.4046140289525343,1.0277856781704335,2913,5119,False,False,False,False
3856,CSS_J125126.4+162703,RRc,RRc,False,False,0.39520290926491486,0.9947124058308263,3493,7051,False,False,False,False
3857,CSS_J162605.5-020933,EW,EW,False,False,0.35257493301089327,0.9939996572857259,7834,7095,False,False,False,False
3858,CSS_J033727.2+102818,EW,EW,False,False,0.369384644863743,1.0024633548272062,6164,6620,False,False,False,False
3859,CSS_J005842.2+282513,EW,EW,False,False,0.4437143684987676,1.1522642760222017,1481,1599,False,False,False,False
3860,CSS_J061954.1-090405,EW,EW,False,False,0.3806533203891157,1.0851685726778093,4847,2905,False,False,False,False
3861,CSS_J134631.1+520908,RRc,EW,True,False,0.3623714863328481,1.1210823482879912,6963,2071,False,False,False,False
3862,CSS_J175329.2+625437,RRab,RRab,False,False,0.4173819830887454,0.96612727870944,2305,7982,False,False,False,False
3863,CSS_J024215.8-084808,EW,EW,False,False,0.395951939541687,1.1220487468881681,3435,2050,False,False,False,False
3864,CSS_J223748.8-033059,EW,EW,False,False,0.3582113701709727,1.0142750377733172,7406,5860,False,False,False,False
3865,CSS_J073532.9+375044,EW,EW,False,False,0.38405819630304994,1.0560680003729588,4478,3842,False,False,False,False
3866,CSS_J222351.1+134326,EW,EW,False,False,0.39673873062141024,1.0143930150679097,3386,5855,False,False,False,False
3867,CSS_J090204.8+523430,EW,EW,False,False,0.37753771923376817,1.0323895942110497,5180,4897,False,False,False,False
3868,CSS_J163417.3+062219,RRd,RRc,True,True,0.36858312487578143,1.271855712103221,6269,644,False,False,False,False
3869,CSS_J063821.8+413052,EW,EW,False,False,0.3570231176579687,0.9917427114535311,7515,7218,False,False,False,False
3870,CSS_J043257.4+061818,EW,EW,False,False,0.4130302074625963,1.0785468835304868,2498,3091,False,False,False,False
3871,CSS_J224958.8-111218,EW,EW,False,False,0.35978239659735056,1.400270482941292,7249,272,False,False,False,False
3872,CSS_J045346.3+045437,RRab,EW,True,False,0.4542407539788731,1.0652788318760469,1233,3515,False,False,False,False
3873,CSS_J183900.4+495635,RRab,RRab,False,False,0.40442559598297245,1.04634570876165,2920,4254,False,False,False,False
3874,CSS_J203812.0-021817,EW,EW,False,False,0.3572469768479869,1.1079272524330512,7492,2349,False,False,False,False
3875,CSS_J183658.9+434753,RRab,RRab,False,False,0.4314259259739365,1.0832754891400087,1805,2949,False,False,False,False
3876,CSS_J162301.6-012125,EW,EW,False,False,0.3831012396992511,1.0526943862268685,4596,3978,False,False,False,False
3877,CSS_J231919.5+432911,EW,EW,False,False,0.4021340188245275,1.0981300786505914,3057,2586,False,False,False,False
3878,CSS_J040614.6+095550,EA,EA,False,False,0.46784931777989536,1.0107031461710783,976,6101,False,False,False,False
3879,CSS_J005820.2+153157,EW,EW,False,False,0.3664853246882849,1.0048360964853125,6527,6473,False,False,False,False
3880,CSS_J023906.7+030340,EW,EW,False,False,0.4015220851974555,1.0521004698161773,3089,4002,False,False,False,False
3881,CSS_J132400.8-033848,RRc,RRc,False,False,0.4041527182766638,1.1647523749125102,2937,1441,False,False,False,False
3882,CSS_J073621.5+452419,EW,EW,False,False,0.4108344918500387,1.1272390317655692,2615,1969,False,False,False,False
3883,CSS_J211458.3-052928,EW,EW,False,False,0.3556949054280377,0.9879149000530185,7635,7416,False,False,False,False
3884,CSS_J065943.1+385516,EW,EW,False,False,0.387170427603237,1.117380409342518,4160,2156,False,False,False,False
3885,CSS_J085502.7+582358,RRab,RRab,False,False,0.4129864600784504,1.11449445329947,2501,2213,False,False,False,False
3886,CSS_J024944.2+320804,EW,EW,False,False,0.35429809857012046,0.9976530182615553,7734,6886,False,False,False,False
3887,CSS_J081026.4+374511,EA,EW,True,False,0.43227336045792353,1.2555135694694717,1776,726,False,False,False,False
3888,CSS_J222540.4+193926,EW,EW,False,False,0.4754169895594048,1.0341845468395456,851,4804,False,False,False,False
3889,CSS_J214204.6+042932,EW,EW,False,False,0.3926270762979212,1.015956662879185,3699,5759,False,False,False,False
3890,CSS_J141952.3-174531,RRc,RRc,False,False,0.38371745305406807,1.1168414114993648,4523,2164,False,False,False,False
3891,CSS_J170658.4+294433,EW,EW,False,False,0.36232025296873904,0.9825682634822513,6970,7676,False,False,False,False
3892,CSS_J161115.8-161809,EW,EW,False,False,0.4365136625649182,1.1159423124479668,1660,2183,False,False,False,False
3893,CSS_J035430.9+243029,RS CVn,RS CVn,False,True,0.4400769488437173,1.1367904338741286,1573,1812,False,False,False,False
3894,CSS_J042101.5+003157,EW,EW,False,False,0.3697976806167802,1.012252519775188,6114,5986,False,False,False,False
3895,CSS_J031127.2+391108,EW,EW,False,False,0.37912340257335564,1.224238960523403,5010,897,False,False,False,False
3896,CSS_J085138.9-053415,EW,EW,False,False,0.3959254083809413,1.2033552037912978,3437,1064,False,False,False,False
3897,CSS_J160800.8+511112,RRc,RRc,False,False,0.4067085873023967,1.0666364015307177,2796,3461,False,False,False,False
3898,CSS_J102937.9+062417,RRc,RRc,False,False,0.4463877602335886,1.1344769548552853,1409,1857,False,False,False,False
3899,CSS_J015845.1+244757,EW,EW,False,False,0.3802187635174508,0.9803810559212934,4897,7747,False,False,False,False
3900,CSS_J023536.6+224610,EW,EW,False,False,0.36358659671661364,0.9793255605554577,6845,7779,False,False,False,False
3901,CSS_J210526.8-035148,RRab,RRab,False,False,0.4609196339577335,1.1893904936993325,1107,1157,False,False,False,False
3902,CSS_J095635.9+080523,EW,EW,False,False,0.3674831796107666,0.9961444670952389,6400,6965,False,False,False,False
3903,CSS_J171831.0+103540,EA,EA,False,False,0.6369603149133117,1.1819658034354412,90,1243,True,False,False,False
3904,CSS_J024154.1+314656,EW,EW,False,False,0.38441573279866514,1.0599167093046238,4441,3689,False,False,False,False
3905,CSS_J135927.9-153216,EW,EW,False,False,0.3604693491469206,1.0346360070607792,7182,4771,False,False,False,False
3906,CSS_J224714.4+012054,EA,EA,False,False,0.42651974431891254,0.9818025468304923,1966,7708,False,False,False,False
3907,CSS_J071213.2+580117,EW,EW,False,False,0.3685055935280786,1.0119903453306969,6281,6004,False,False,False,False
3908,CSS_J230418.3+201006,EW,EW,False,False,0.40125561911889734,1.0212286128770223,3100,5463,False,False,False,False
3909,CSS_J051516.4+171030,EW,EW,False,False,0.3659784391459919,1.0640130904749423,6575,3550,False,False,False,False
3910,CSS_J101804.1-041835,EW,EW,False,False,0.43800056079081556,1.2298999906229984,1626,862,False,False,False,False
3911,CSS_J025917.1+040941,EW,EW,False,False,0.41298524304176065,1.1150665705207046,2502,2205,False,False,False,False
3912,CSS_J154522.6-054419,EW,EW,False,False,0.429378799750313,1.079103487853403,1875,3074,False,False,False,False
3913,CSS_J093217.7+024413,RRab,RRab,False,False,0.5575564463714259,1.8501867425298877,233,33,False,True,False,False
3914,CSS_J064935.9+370331,EW,EW,False,False,0.389160790718097,1.1215097028950467,3982,2062,False,False,False,False
3915,CSS_J113915.2+092101,EW,EW,False,False,0.41011658760837855,1.128813758006729,2640,1942,False,False,False,False
3916,CSS_J225727.0+142044,EW,EW,False,False,0.39441322443549703,1.2164890389023824,3559,965,False,False,False,False
3917,CSS_J082717.4+241720,EW,EW,False,False,0.3883861593558075,1.0012623087061345,4047,6680,False,False,False,False
3918,CSS_J150413.1+044809,EW,EW,False,False,0.4162106268446916,1.1177154160176104,2354,2149,False,False,False,False
3919,CSS_J050320.0+002106,RRc,EW,True,False,0.37593922275073544,1.0430797068318303,5369,4398,False,False,False,False
3920,CSS_J175255.2+463216,RRab,RRab,False,False,0.5189929668988214,1.5791734476572366,398,99,False,True,False,False
3921,CSS_J211554.7+111809,RRab,RRab,False,False,0.39902068685588676,1.0573691878442735,3227,3793,False,False,False,False
3922,CSS_J083445.4+081432,EW,EW,False,False,0.384719513330429,1.0660705840324582,4410,3487,False,False,False,False
3923,CSS_J212646.2-074232,RRd,RRc,True,True,0.4105200121450323,1.4181797330840893,2624,245,False,False,False,False
3924,CSS_J124240.8+202113,RRc,RRc,False,False,0.41112708543401894,1.0618420058730382,2591,3636,False,False,False,False
3925,CSS_J144734.0-123153,EW,EW,False,False,0.3852448046111031,1.0905995821397694,4352,2754,False,False,False,False
3926,CSS_J171226.7+121744,EW,RRc,True,False,0.37683415328697323,1.0358366311413183,5253,4717,False,False,False,False
3927,CSS_J161556.1+155430,EW,EW,False,False,0.3565275289919419,1.035793927761173,7557,4719,False,False,False,False
3928,CSS_J000335.0+160613,RS CVn,RS CVn,False,True,0.3995504165574709,1.0265174343931849,3194,5182,False,False,False,False
3929,CSS_J160448.1+194628,EA,EA,False,False,0.41941419476543695,0.9858370763713836,2228,7539,False,False,False,False
3930,CSS_J073534.2+464503,EW,EW,False,False,0.3742006761114655,1.0089019895100533,5569,6197,False,False,False,False
3931,CSS_J013358.6+364312,EW,EW,False,False,0.3540154638335976,0.9704648747232995,7757,7951,False,False,False,False
3932,CSS_J170420.1+331249,EW,EW,False,False,0.3612260622240626,1.0200687469486838,7088,5518,False,False,False,False
3933,CSS_J205149.7-144731,EW,EW,False,False,0.37366447475482745,1.2674862785815897,5637,662,False,False,False,False
3934,CSS_J161511.9+302333,EW,EW,False,False,0.3811120959595673,1.1078067867484116,4799,2352,False,False,False,False
3935,CSS_J212950.9+121903,RRc,RRc,False,False,0.3643614477410956,1.010218547897651,6756,6126,False,False,False,False
3936,CSS_J013924.9+210257,EW,EW,False,False,0.3843093167482305,1.0161684072897086,4454,5746,False,False,False,False
3937,CSS_J160558.5+060441,RRc,RRc,False,False,0.3872381118485469,0.9862576999258301,4150,7514,False,False,False,False
3938,CSS_J155305.5+102531,EW,EW,False,False,0.3758671010537226,1.1363693095160718,5380,1818,False,False,False,False
3939,CSS_J025836.4-094026,EW,RS CVn,True,False,0.39983430288880834,1.5590399138689557,3181,110,False,True,False,False
3940,CSS_J020334.5+222237,EW,EW,False,False,0.358542560696592,1.0590053471467467,7370,3733,False,False,False,False
3941,CSS_J222338.6+085923,EW,EW,False,False,0.3906005150109319,1.2090638856490419,3859,1022,False,False,False,False
3942,CSS_J024145.7+305432,EW,EW,False,False,0.44380064209900233,1.023037750439007,1479,5356,False,False,False,False
3943,CSS_J211406.3+011739,EW,EW,False,False,0.3515356169645248,1.024908756481901,7893,5275,False,False,False,False
3944,CSS_J000649.3-180718,RRc,EW,True,False,0.3864035441124162,1.0295793181724782,4235,5026,False,False,False,False
3945,CSS_J055730.2-143524,EW,EW,False,False,0.40670602063967043,1.093746788065084,2798,2670,False,False,False,False
3946,CSS_J164707.7-010114,RRc,RRc,False,False,0.3664834759432955,1.131413814517458,6528,1909,False,False,False,False
3947,CSS_J041706.5+350338,EW,EW,False,False,0.35159014248435094,0.9973899883559818,7886,6903,False,False,False,False
3948,CSS_J022547.2+110430,EA,EA,False,False,0.4436356908741782,1.0431351390161956,1483,4395,False,False,False,False
3949,CSS_J173618.8+322014,EW,EW,False,False,0.400495990878008,1.0243821412026943,3143,5296,False,False,False,False
3950,CSS_J130404.6-015321,RS CVn,RS CVn,False,True,0.44547196635563424,1.1047603279305178,1435,2412,False,False,False,False
3951,CSS_J173326.6+382335,EW,EW,False,False,0.3827060655334856,0.9869507221897216,4626,7480,False,False,False,False
3952,CSS_J213623.5+155249,EW,EW,False,False,0.37189265804504024,1.0108022995337742,5840,6092,False,False,False,False
3953,CSS_J205456.9-092045,EW,EW,False,False,0.3543439196981361,1.0471657399672956,7731,4214,False,False,False,False
3954,CSS_J065435.5+370238,EW,EW,False,False,0.38248985450356204,1.0080800871054465,4644,6257,False,False,False,False
3955,CSS_J161533.2+164321,RRc,EW,True,False,0.3813936007016332,1.0483374820842999,4763,4155,False,False,False,False
3956,CSS_J175321.0+495553,EA,EW,True,False,0.38000819245591705,1.0786894240509688,4923,3088,False,False,False,False
3957,CSS_J082130.2+240850,EW,RRc,True,False,0.3973340463604249,1.0559635793579898,3346,3845,False,False,False,False
3958,CSS_J143742.3+131009,RRc,RRc,False,False,0.40095655562267907,1.040336532378463,3111,4518,False,False,False,False
3959,CSS_J153818.3+025425,EW,EW,False,False,0.36805925711043647,1.0707987648174793,6343,3313,False,False,False,False
3960,CSS_J203659.1-152235,EW,EW,False,False,0.5684688450540573,1.2404284481165613,200,804,False,False,False,False
3961,CSS_J150644.2-183914,EW,EW,False,False,0.37797207098974295,1.0743021510750008,5134,3213,False,False,False,False
3962,CSS_J155218.4+303532,EA,EA,False,False,0.5194320390467632,1.0148056450450857,395,5824,False,False,False,False
3963,CSS_J023305.8-114046,EA,EA,False,False,0.4577583889082021,1.0295615764359087,1159,5028,False,False,False,False
3964,CSS_J214454.4+084754,EW,EW,False,False,0.3615177495570472,1.0091243160544905,7052,6175,False,False,False,False
3965,CSS_J165105.9+593239,EW,EW,False,False,0.372013245042862,0.9996992287532788,5821,6783,False,False,False,False
3966,CSS_J225431.9+202709,RRc,RRc,False,False,0.3857088608069381,0.9853822329385155,4318,7561,False,False,False,False
3967,CSS_J143529.0-175338,RS CVn,EW,True,True,0.37207960261430595,1.1660454539888074,5814,1424,False,False,False,False
3968,CSS_J120619.5+315825,EA,EW,True,False,0.3886605227108333,1.0728075627026807,4029,3256,False,False,False,False
3969,CSS_J084516.1+022925,RS CVn,RS CVn,False,True,0.416738748624254,1.0225973146421157,2337,5384,False,False,False,False
3970,CSS_J171815.3+265925,RS CVn,RS CVn,False,True,0.44885332148361107,1.3692079393814387,1354,337,False,False,False,False
3971,CSS_J150607.3-123800,RRab,RRab,False,False,0.40972719164388594,1.1491257057413156,2658,1636,False,False,False,False
3972,CSS_J162027.0+210317,EW,EW,False,False,0.3918903518847328,1.0728639104467848,3758,3253,False,False,False,False
3973,CSS_J212853.7-181251,EW,EW,False,False,0.3684177622773812,1.0370576148892947,6291,4664,False,False,False,False
3974,CSS_J015157.5+423711,EW,EW,False,False,0.4780830529575808,1.0786719223936254,816,3089,False,False,False,False
3975,CSS_J072602.6+294006,EW,EW,False,False,0.37126916358738415,0.9811471704472178,5940,7726,False,False,False,False
3976,CSS_J041438.7+104221,EA,EW,True,False,0.3923524138163642,1.157481302037517,3720,1533,False,False,False,False
3977,CSS_J060604.7-032414,EW,EW,False,False,0.3798618408449209,1.140429087111153,4942,1760,False,False,False,False
3978,CSS_J150135.6-063747,RRc,RRc,False,False,0.3560469863460626,1.1800161952004318,7613,1262,False,False,False,False
3979,CSS_J214847.7+070457,EW,EW,False,False,0.3787553666379273,0.9981136013823504,5047,6870,False,False,False,False
3980,CSS_J162128.4+153836,RRc,RRc,False,False,0.390546365363125,1.3682577269025669,3862,338,False,False,False,False
3981,CSS_J084943.7+411856,EA,EA,False,False,0.46106984755746816,0.9897468318072283,1103,7326,False,False,False,False
3982,CSS_J063122.4+605830,EW,EW,False,False,0.3556559205298118,0.9989033095393518,7639,6816,False,False,False,False
3983,CSS_J073344.1+213658,EW,EW,False,False,0.3826063205599594,1.0043345515604125,4633,6508,False,False,False,False
3984,CSS_J135741.0+172627,RRc,RRc,False,False,0.3711530742667487,1.0009198780205772,5957,6701,False,False,False,False
3985,CSS_J172537.2+295411,EW,EW,False,False,0.3547268272777878,1.022896865472969,7703,5366,False,False,False,False
3986,CSS_J131741.5+324002,EW,EW,False,False,0.3806784337633819,1.1732499961658818,4845,1331,False,False,False,False
3987,CSS_J111914.8+350725,EW,EW,False,False,0.37024581700726655,1.2031071876866999,6062,1068,False,False,False,False
3988,CSS_J233510.0-174923,EW,EW,False,False,0.3945984125899411,1.0512022686587064,3541,4042,False,False,False,False
3989,CSS_J042134.2+410354,EW,EW,False,False,0.36705166453634513,0.9925084781680505,6446,7164,False,False,False,False
3990,CSS_J053914.5-111635,EW,EW,False,False,0.3977549592560703,1.1686220540656995,3319,1393,False,False,False,False
3991,CSS_J203216.7-054433,RRab,EW,True,False,0.3946538407725248,1.141039928919291,3536,1750,False,False,False,False
3992,CSS_J125544.5-051502,EW,EW,False,False,0.36028639813387325,1.242693684897677,7197,797,False,False,False,False
3993,CSS_J050240.3+180519,EW,EW,False,False,0.37952128088922776,1.009092786978948,4970,6179,False,False,False,False
3994,CSS_J024327.3-024416,EW,EW,False,False,0.39076336315397514,1.0147561851150722,3847,5828,False,False,False,False
3995,CSS_J032104.6+350820,EW,EW,False,False,0.4138007725271449,1.016216791383532,2455,5744,False,False,False,False
3996,CSS_J162358.7+150757,EW,EW,False,False,0.35879572868611326,1.0102062543164632,7341,6128,False,False,False,False
3997,CSS_J221948.9-034550,EW,EW,False,False,0.38411278841249946,1.1104957106509354,4473,2292,False,False,False,False
3998,CSS_J023224.1+280303,EW,EW,False,False,0.4360223812987468,1.0368648734668606,1672,4674,False,False,False,False
3999,CSS_J100158.0+055339,EW,EW,False,False,0.38494948160320935,1.0976706284863385,4386,2596,False,False,False,False
4000,CSS_J074513.5+240843,EA,EA,False,False,0.5809364020482276,1.450780963805621,167,210,False,False,False,False
4001,CSS_J060635.7-074854,EA,EA,False,False,0.5051423800977571,1.036651756730775,499,4686,False,False,False,False
4002,CSS_J033004.4+265421,EA,EA,False,False,0.39746139469531333,1.0011964696785691,3338,6683,False,False,False,False
4003,CSS_J145328.6+302911,RRd,EW,True,True,0.36085899122424103,1.048266030585936,7135,4158,False,False,False,False
4004,CSS_J021329.2+254225,EA,EA,False,False,0.4828671952995032,1.1048431621424517,735,2410,False,False,False,False
4005,CSS_J171346.8+100219,EW,EW,False,False,0.35050622286636235,1.1537359341774842,7934,1575,False,False,False,False
4006,CSS_J085810.8+171406,RS CVn,EW,True,True,0.48282175873074806,1.3487501188006088,736,380,False,False,False,False
4007,CSS_J151559.8-145702,EW,EW,False,False,0.3859132323216153,1.3481739641822181,4293,383,False,False,False,False
4008,CSS_J143433.1-064423,EW,EW,False,False,0.3823831134054972,1.040063378752207,4656,4530,False,False,False,False
4009,CSS_J212739.8-100441,RRc,RRc,False,False,0.3629871372650855,1.0255291445147958,6900,5239,False,False,False,False
4010,CSS_J212409.3-055050,EW,EW,False,False,0.36942593404067464,1.071230983775692,6161,3298,False,False,False,False
4011,CSS_J014527.4+240642,EW,EW,False,False,0.3879237112223761,1.0391422416166047,4093,4567,False,False,False,False
4012,CSS_J051725.3+050947,RS CVn,RS CVn,False,True,0.4080834577196292,1.137734013789699,2735,1797,False,False,False,False
4013,CSS_J211231.9+054734,EW,EW,False,False,0.39500216418919626,1.1487481699981825,3506,1646,False,False,False,False
4014,CSS_J090818.3+350451,EW,EW,False,False,0.42210114578338126,1.089536693031855,2128,2791,False,False,False,False
4015,CSS_J225502.8+292350,RRc,EW,True,False,0.4016741335611834,1.2227201931303127,3080,917,False,False,False,False
4016,CSS_J210649.2+050626,RS CVn,RS CVn,False,True,0.38155268254891817,1.2766242850159673,4741,617,False,False,False,False
4017,CSS_J225224.9-014054,EW,EW,False,False,0.4674870335684072,1.102553876132583,982,2470,False,False,False,False
4018,CSS_J070614.5+432900,EW,EW,False,False,0.3615631328347273,1.0080394839007538,7048,6260,False,False,False,False
4019,CSS_J075950.9+284417,EW,EW,False,False,0.3791055833792527,1.101479180396257,5012,2500,False,False,False,False
4020,CSS_J233835.0+361103,EW,EW,False,False,0.3986260021605375,1.2668216162609587,3259,665,False,False,False,False
4021,CSS_J160737.3+573208,RRab,RRab,False,False,0.4392764402407923,1.2630159879506668,1595,692,False,False,False,False
4022,CSS_J133822.9-071253,EW,EW,False,False,0.366215628237187,1.1937718847386574,6555,1127,False,False,False,False
4023,CSS_J025725.5+332216,RS CVn,RS CVn,False,True,0.40379616280719927,1.1508250067979215,2948,1612,False,False,False,False
4024,CSS_J024506.8+231554,EW,EW,False,False,0.36057135986048616,1.0071750585821977,7172,6315,False,False,False,False
4025,CSS_J172101.6+264412,RRc,RRc,False,False,0.37311274698241775,1.1354637493972328,5700,1833,False,False,False,False
4026,CSS_J051545.3+164427,EA,EW,True,False,0.43058041318564344,1.0177430484744954,1833,5664,False,False,False,False
4027,CSS_J223312.6-060511,EA,EA,False,False,0.49350328407143124,1.007511373281076,600,6294,False,False,False,False
4028,CSS_J145213.2+482848,RRc,RRc,False,False,0.40628950372045486,1.0472114288442738,2817,4212,False,False,False,False
4029,CSS_J044048.2+190406,EW,EW,False,False,0.37638364824242965,1.1011341970414257,5312,2508,False,False,False,False
4030,CSS_J090548.2+370059,EW,EW,False,False,0.384439020096648,1.1505946121034705,4437,1617,False,False,False,False
4031,CSS_J214927.1+171411,RRab,EW,True,False,0.3762372608047524,1.009449863140073,5326,6155,False,False,False,False
4032,CSS_J135900.2+040435,EW,EW,False,False,0.4279000955153842,1.0034642924515191,1921,6558,False,False,False,False
4033,CSS_J042622.3+070555,EW,EW,False,False,0.37879774894257273,1.067499425509702,5041,3425,False,False,False,False
4034,CSS_J160709.0+030724,EW,EW,False,False,0.3730518038247938,0.9890361592759668,5705,7359,False,False,False,False
4035,CSS_J164822.8+044717,RRc,RRc,False,False,0.3669315741024647,1.012901212882797,6463,5941,False,False,False,False
4036,CSS_J134528.3+034606,EW,EW,False,False,0.40055022804578716,1.180469898233535,3139,1255,False,False,False,False
4037,CSS_J055622.9+021706,EA,EA,False,False,0.6072002991254287,1.0829937749320764,128,2960,True,False,False,False
4038,CSS_J210219.8+020001,EA,EW,True,False,0.5061481576550354,1.5082507091086064,489,154,False,True,False,False
4039,CSS_J104309.5+382731,EW,EW,False,False,0.39002299412356867,1.091907822457951,3903,2723,False,False,False,False
4040,CSS_J174004.6+613331,EW,EW,False,False,0.34803904473351355,1.004526022173573,7985,6493,False,False,False,False
4041,CSS_J170638.3+500134,EW,EW,False,False,0.3581725370305858,1.1393798071378898,7411,1776,False,False,False,False
4042,CSS_J165709.1+072543,RRc,RRc,False,False,0.4455945239334501,1.4151828115842453,1431,253,False,False,False,False
4043,CSS_J132855.8+032132,EW,EW,False,False,0.3581548644770568,1.0215511713868697,7415,5443,False,False,False,False
4044,CSS_J172825.8+700830,LPV,LPV,False,False,0.7018104261774505,1.1109859585323207,43,2283,True,False,False,False
4045,CSS_J164704.3-081345,EW,EW,False,False,0.35831967852094254,1.0989012894414503,7398,2565,False,False,False,False
4046,CSS_J131542.9+125634,RRc,EW,True,False,0.37471370916749813,1.0180579616196643,5502,5639,False,False,False,False
4047,CSS_J073005.1+480838,EW,EW,False,False,0.37947339385544004,1.0109894719887846,4979,6075,False,False,False,False
4048,CSS_J214943.1+220356,EW,EW,False,False,0.39308395616669417,0.9843640586652083,3659,7611,False,False,False,False
4049,CSS_J030251.0+355412,EW,EW,False,False,0.36026677004172847,0.9956596273399363,7201,6998,False,False,False,False
4050,CSS_J164728.3+143742,RRc,EW,True,False,0.4624377478610428,1.1786869966554083,1079,1269,False,False,False,False
4051,CSS_J145356.1-095824,RRab,RRab,False,False,0.4970668643575186,0.9849052917265639,561,7587,False,False,False,False
4052,CSS_J083456.2+032113,EW,EW,False,False,0.3968466692837755,1.0779485030762335,3380,3111,False,False,False,False
4053,CSS_J220829.5+085505,EA,EA,False,False,0.5327059267278347,1.265963808617822,333,669,False,False,False,False
4054,CSS_J031455.7+332157,EW,EW,False,False,0.40845457473307567,1.4588604416974094,2717,197,False,False,False,False
4055,CSS_J091618.5+072451,EA,EA,False,False,0.5889098949831071,1.4466694742062811,152,214,True,False,False,False
4056,CSS_J085951.9-090221,EW,EW,False,False,0.37792103320080417,1.0286082409840298,5140,5074,False,False,False,False
4057,CSS_J080220.7+125931,EW,EW,False,False,0.4027384861209508,1.0114562907420779,3013,6040,False,False,False,False
4058,CSS_J164725.7+510017,EW,EW,False,False,0.3581257869451667,0.9966169974459607,7421,6945,False,False,False,False
4059,CSS_J082041.4-082125,EW,EW,False,False,0.3597263414746992,1.2135148514555236,7255,991,False,False,False,False
4060,CSS_J041728.7+052207,EA,EA,False,False,0.43201946058397717,1.092486804350952,1786,2706,False,False,False,False
4061,CSS_J145857.7+375945,EW,EW,False,False,0.4184077838906999,1.5218192766551142,2265,137,False,True,False,False
4062,CSS_J001259.9+141858,EW,EW,False,False,0.38471014155343236,1.024011916983969,4412,5313,False,False,False,False
4063,CSS_J081140.1+054046,EW,EW,False,False,0.4058524499220563,1.2451410759985477,2836,779,False,False,False,False
4064,CSS_J081019.0-024910,RRab,RRab,False,False,0.3955842106410767,1.469341951471341,3466,183,False,False,False,False
4065,CSS_J033649.1+302823,EW,EW,False,False,0.43012256458066167,0.9978064262641009,1853,6881,False,False,False,False
4066,CSS_J112208.9+110132,EW,EW,False,False,0.360481741111582,1.0428921134555469,7180,4412,False,False,False,False
4067,CSS_J170638.9+124314,EW,EW,False,False,0.41047010265600814,1.1949198336634947,2627,1120,False,False,False,False
4068,CSS_J225628.0+260541,EW,EW,False,False,0.3711457597074274,1.263051507835022,5961,691,False,False,False,False
4069,CSS_J163306.3+152353,EW,EW,False,False,0.4156589169453614,1.0778509936789358,2370,3118,False,False,False,False
4070,CSS_J161814.8-124422,RRc,RRc,False,False,0.40964183724260084,1.0728167929616306,2662,3255,False,False,False,False
4071,CSS_J022057.9+003133,RS CVn,RS CVn,False,True,0.39841467613609843,1.1092073559677698,3275,2314,False,False,False,False
4072,CSS_J050234.5+042405,EW,EW,False,False,0.3693691870593015,1.0088907368611155,6168,6200,False,False,False,False
4073,CSS_J162401.9+362025,EW,EW,False,False,0.3638929375197332,1.01242164015268,6809,5973,False,False,False,False
4074,CSS_J230938.5+141648,EW,EW,False,False,0.3969067065540805,1.1202778510183182,3376,2092,False,False,False,False
4075,CSS_J203742.1-024241,RRc,RRc,False,False,0.40543591415573305,1.0195438338803724,2862,5547,False,False,False,False
4076,CSS_J141314.8+191538,RRab,RRab,False,False,0.44320734168401943,1.1763710571512127,1498,1297,False,False,False,False
4077,CSS_J224303.8+325941,EW,EW,False,False,0.37853857147950276,0.9790331361427548,5064,7791,False,False,False,False
4078,CSS_J165237.7+060112,EW,EW,False,False,0.36675835754210584,1.0807017381257897,6491,3023,False,False,False,False
4079,CSS_J052036.1+003205,EW,EW,False,False,0.3912027966136189,1.0343233549734563,3817,4796,False,False,False,False
4080,CSS_J041141.2+314648,RRab,RRab,False,False,0.4050571935500907,1.2231926284403063,2882,910,False,False,False,False
4081,CSS_J030702.2+261521,EW,EW,False,False,0.3822881760752332,1.1133496956783993,4663,2236,False,False,False,False
4082,CSS_J022448.0+310103,EW,EW,False,False,0.38199195981602024,1.0668565530333447,4688,3455,False,False,False,False
4083,CSS_J051549.5+133810,EW,EW,False,False,0.39289808295615986,0.9836680014021386,3677,7638,False,False,False,False
4084,CSS_J220440.5+171308,EW,EW,False,False,0.36865819767207286,0.9892349291038685,6257,7348,False,False,False,False
4085,CSS_J212252.3+013918,EW,EW,False,False,0.3640367150558411,1.0066088468121848,6786,6348,False,False,False,False
4086,CSS_J160748.7-064723,EW,EW,False,False,0.36811484773223835,1.0690066056199259,6335,3378,False,False,False,False
4087,CSS_J221911.9+080643,EW,EW,False,False,0.3678839610173542,1.033024007832505,6359,4860,False,False,False,False
4088,CSS_J092508.8+013236,EW,EW,False,False,0.35790251247731425,0.9927563810456356,7441,7152,False,False,False,False
4089,CSS_J092418.5-022810,EW,EW,False,False,0.36114694723463464,1.0402262026304459,7099,4521,False,False,False,False
4090,CSS_J001738.4+205157,EW,EW,False,False,0.4333631458285493,1.1511452107743931,1746,1609,False,False,False,False
4091,CSS_J165557.5+334221,EW,EW,False,False,0.3733317525351712,0.9845993866124001,5676,7602,False,False,False,False
4092,CSS_J220401.8+103901,EW,RRc,True,False,0.37602390014494497,1.1003242648201945,5359,2529,False,False,False,False
4093,CSS_J053834.6+032639,EW,RS CVn,True,False,0.39680667097623906,1.13147083182712,3382,1907,False,False,False,False
4094,CSS_J024745.2+003607,RRc,RRc,False,False,0.3931493748305033,1.0797963552105938,3654,3053,False,False,False,False
4095,CSS_J161636.8-193053,RRc,EW,True,False,0.3650672801116336,1.1849098396283428,6676,1213,False,False,False,False
4096,CSS_J053245.8+011318,EW,EW,False,False,0.3723528952951598,1.0318130165591053,5778,4927,False,False,False,False
4097,CSS_J002653.4-155025,EW,EW,False,False,0.44723111523712356,1.0132840020940233,1391,5925,False,False,False,False
4098,CSS_J044827.4-035950,EW,EW,False,False,0.4291079474293909,1.0060095346887792,1884,6395,False,False,False,False
4099,CSS_J084448.4-020737,EW,EW,False,False,0.3813089458340497,1.030820671106498,4771,4983,False,False,False,False
4100,CSS_J162612.5-102341,RRc,RRc,False,False,0.40976805047856113,1.0946306831356651,2656,2660,False,False,False,False
4101,CSS_J083558.8-033839,EA,EA,False,False,0.4432511234197243,1.008810753944918,1494,6203,False,False,False,False
4102,CSS_J234103.5+073524,RRab,RRab,False,False,0.37499359012420685,1.0902353036167112,5466,2762,False,False,False,False
4103,CSS_J210240.3-050753,EW,EW,False,False,0.3606946838056799,1.0277835900286292,7155,5120,False,False,False,False
4104,CSS_J143833.8+232016,EW,EW,False,False,0.36504884351177347,1.0275966539227295,6682,5125,False,False,False,False
4105,CSS_J233715.6+414029,EW,EW,False,False,0.40302164899921067,1.0209859498327403,2999,5473,False,False,False,False
4106,CSS_J153010.9+191703,RRc,RRc,False,False,0.35869965020568606,1.089897512845066,7354,2772,False,False,False,False
4107,CSS_J210518.8-051751,EW,EW,False,False,0.3840354244441863,1.0893805726381287,4482,2797,False,False,False,False
4108,CSS_J162025.9+003820,RRd,RRc,True,True,0.351865688113577,1.079158990269582,7868,3072,False,False,False,False
4109,CSS_J085239.8+203453,EW,EW,False,False,0.4049442987163313,1.0493294806009297,2889,4121,False,False,False,False
4110,CSS_J182043.1+460906,EW,EW,False,False,0.3529990338537993,1.0066245086431036,7814,6345,False,False,False,False
4111,CSS_J130157.9-040235,EW,RRc,True,False,0.390995570616394,1.3215898240728448,3833,449,False,False,False,False
4112,CSS_J214442.1+234556,EW,EW,False,False,0.3954273599472457,1.0066019111187656,3476,6350,False,False,False,False
4113,CSS_J134440.4-122058,RRc,RRc,False,False,0.3803124207960204,0.9961196203591858,4888,6967,False,False,False,False
4114,CSS_J070233.9+341212,EW,EW,False,False,0.3855716551396718,1.0663966575930224,4325,3472,False,False,False,False
4115,CSS_J083825.7+085811,EW,EW,False,False,0.36370028272038857,1.015209603494476,6826,5799,False,False,False,False
4116,CSS_J115913.4+000836,RRd,EW,True,True,0.38399779713746446,1.017900162534973,4487,5652,False,False,False,False
4117,CSS_J215101.7-115938,RRc,RRc,False,False,0.3905098123054514,1.019939913773863,3865,5525,False,False,False,False
4118,CSS_J152638.0+231313,EW,EW,False,False,0.3985383234767397,1.1996307485424458,3265,1084,False,False,False,False
4119,CSS_J025433.6-122146,EW,EW,False,False,0.37775550295954147,1.1314950246765094,5162,1906,False,False,False,False
4120,CSS_J230227.8+184627,RS CVn,EA,True,True,0.514105694715232,1.0569671951402095,424,3809,False,False,False,False
4121,CSS_J213449.2-012131,EW,EW,False,False,0.3867084954238581,1.132911667234962,4200,1881,False,False,False,False
4122,CSS_J135833.7-040104,EW,EW,False,False,0.3770627617461975,1.0380653266202982,5226,4615,False,False,False,False
4123,CSS_J053940.8+045306,EA,EA,False,False,0.4743358409210985,1.066062949607645,867,3489,False,False,False,False
4124,CSS_J173325.3+384453,EA,EA,False,False,0.4339171989801631,1.1939975416198485,1726,1126,False,False,False,False
4125,CSS_J223002.9-080626,EW,EW,False,False,0.3827706452657539,1.013265815813869,4623,5926,False,False,False,False
4126,CSS_J093627.6+141910,RRc,RRc,False,False,0.38866325479536734,1.0127581470194853,4028,5952,False,False,False,False
4127,CSS_J142818.8-121530,RRd,EW,True,True,0.39308322617418057,1.3613873144367334,3660,348,False,False,False,False
4128,CSS_J052143.3-162932,EW,EW,False,False,0.3616935877219436,1.1177053929273542,7037,2150,False,False,False,False
4129,CSS_J232258.4+324348,EW,EW,False,False,0.389309097524575,1.0343726593753346,3962,4788,False,False,False,False
4130,CSS_J160147.0-165418,EW,EW,False,False,0.3748942614688133,1.1560108059280079,5485,1551,False,False,False,False
4131,CSS_J162404.6+124549,EA,EA,False,False,0.5300348398017707,1.1900726783285176,342,1156,False,False,False,False
4132,CSS_J173828.4+181525,RRab,RRab,False,False,0.4330910995002595,1.160269804006807,1753,1504,False,False,False,False
4133,CSS_J073520.4+473034,EW,EW,False,False,0.47188919719014144,1.111044468236647,905,2282,False,False,False,False
4134,CSS_J011744.8+283118,EW,EW,False,False,0.35405096975099165,0.9854749948296131,7755,7559,False,False,False,False
4135,CSS_J232251.7+164417,EW,EW,False,False,0.35175185811253534,0.9984672849630662,7877,6849,False,False,False,False
4136,CSS_J162742.0+292430,RS CVn,EW,True,True,0.373703625133387,1.0742110538142158,5633,3216,False,False,False,False
4137,CSS_J052944.0-071937,EW,EW,False,False,0.3679131285790661,1.031346151012645,6355,4953,False,False,False,False
4138,CSS_J051107.7+120141,EW,EW,False,False,0.39176266044419983,1.0480425387598955,3767,4169,False,False,False,False
4139,CSS_J111645.0-093018,RRc,RRc,False,False,0.3815770516350151,1.1148900208639214,4740,2208,False,False,False,False
4140,CSS_J234954.8+054419,RRab,RRab,False,False,0.4053787778280266,1.106376326451843,2866,2382,False,False,False,False
4141,CSS_J215838.3+140000,EW,EW,False,False,0.3675941567031282,0.9872873251170784,6387,7453,False,False,False,False
4142,CSS_J043615.2+045921,EW,EW,False,False,0.3592129356178462,1.0069010313301345,7308,6328,False,False,False,False
4143,CSS_J205938.0-090726,RRc,RRc,False,False,0.3735118217751952,0.9825955399964436,5650,7675,False,False,False,False
4144,CSS_J103049.8-121048,EW,EA,True,False,0.450584707016839,1.054148756826896,1315,3914,False,False,False,False
4145,CSS_J213028.2-032353,EW,EW,False,False,0.3785942432007881,1.0571526045077364,5060,3802,False,False,False,False
4146,CSS_J142415.1+041304,EW,EW,False,False,0.3845029636608434,1.103724945316275,4432,2435,False,False,False,False
4147,CSS_J102956.2+364750,EW,EW,False,False,0.43663562097078656,0.965654394707807,1657,7985,False,False,False,False
4148,CSS_J090802.1-032235,EW,EW,False,False,0.3896379256446913,1.0924650302675267,3940,2707,False,False,False,False
4149,CSS_J070621.1+550054,EW,EW,False,False,0.399525957034842,1.1056008083753244,3196,2398,False,False,False,False
4150,CSS_J100308.0-111341,RRc,RRc,False,False,0.4145428825157303,1.05747509035586,2419,3786,False,False,False,False
4151,CSS_J212235.4+065714,EW,EW,False,False,0.38601627284021967,1.0250252356169112,4280,5267,False,False,False,False
4152,CSS_J040641.7+131156,EW,EW,False,False,0.3831065592595415,1.013482696640509,4594,5908,False,False,False,False
4153,CSS_J102819.2+280438,RRab,RRab,False,False,0.5620009967687242,1.412655303907733,218,258,False,False,False,False
4154,CSS_J152053.1-132315,EW,EW,False,False,0.3899650566319388,0.9924761208228171,3906,7168,False,False,False,False
4155,CSS_J040832.9+315632,EA,EA,False,False,0.4587587295403876,1.012576187779278,1135,5962,False,False,False,False
4156,CSS_J041553.2-121559,EW,EW,False,False,0.3560255843670281,0.9947172852705635,7616,7050,False,False,False,False
4157,CSS_J154414.7+413816,EW,EW,False,False,0.40547590634060887,1.059288084826813,2856,3722,False,False,False,False
4158,CSS_J073703.4+280918,EA,EA,False,False,0.4802329457441813,1.0170757353955806,784,5700,False,False,False,False
4159,CSS_J105634.2+013336,RRc,RRc,False,False,0.402543418470497,1.010791175012013,3031,6094,False,False,False,False
4160,CSS_J081134.6+315903,EW,EW,False,False,0.38166852357452774,1.034611385727358,4730,4773,False,False,False,False
4161,CSS_J210640.2-100830,EW,EW,False,False,0.37425061752729893,1.1219326261264964,5562,2051,False,False,False,False
4162,CSS_J225859.2+144157,EW,EW,False,False,0.35629998212936126,1.0085317039522435,7586,6225,False,False,False,False
4163,CSS_J162154.0+121856,RRc,RRc,False,False,0.3785130406035444,1.0777018341387699,5067,3122,False,False,False,False
4164,CSS_J044219.1+023735,EW,EW,False,False,0.41929639144749004,1.139974704339576,2234,1768,False,False,False,False
4165,CSS_J110505.9+331029,EW,RS CVn,True,False,0.46211248197604465,1.2765303786064517,1083,619,False,False,False,False
4166,CSS_J051030.8-042813,EW,EW,False,False,0.47617915113080406,1.3248275954279847,841,438,False,False,False,False
4167,CSS_J160717.1+584105,EW,EW,False,False,0.3542770683997005,1.1047306054659793,7735,2414,False,False,False,False
4168,CSS_J043409.6+060806,RRc,RRc,False,False,0.38571512763880966,1.0652224484285981,4316,3518,False,False,False,False
4169,CSS_J153025.0-133203,EA,EA,False,False,0.49198589174819873,1.0570937981201838,618,3805,False,False,False,False
4170,CSS_J101938.3-063519,EW,EW,False,False,0.40302234327664577,1.108808874930849,2998,2330,False,False,False,False
4171,CSS_J002451.1+422805,EA,EA,False,False,0.44073430780208606,1.1037062128224613,1557,2438,False,False,False,False
4172,CSS_J214126.7-045322,EW,EW,False,False,0.3949153635339397,1.142734066451988,3515,1728,False,False,False,False
4173,CSS_J221730.1+321518,EW,EW,False,False,0.3580955583884781,0.9889650346066411,7426,7363,False,False,False,False
4174,CSS_J144740.3+084802,RRc,RRc,False,False,0.46935072050580706,1.0670372815658868,947,3449,False,False,False,False
4175,CSS_J151802.3+014037,RRab,RRab,False,False,0.3816115144733427,1.1815995073500833,4736,1246,False,False,False,False
4176,CSS_J174603.6+403744,EW,EW,False,False,0.37126642570177415,1.0338392759978718,5943,4823,False,False,False,False
4177,CSS_J233901.0+340855,EW,EW,False,False,0.37186157283352145,1.0936136568974406,5845,2674,False,False,False,False
4178,CSS_J232758.6-133346,RRc,RRc,False,False,0.38056864921156497,1.0140059886279147,4858,5877,False,False,False,False
4179,CSS_J213751.5+235803,EW,EW,False,False,0.356246959176831,0.9934168335423417,7594,7123,False,False,False,False
4180,CSS_J155415.1+064002,EW,EW,False,False,0.3768541011850278,1.0544515868816424,5251,3900,False,False,False,False
4181,CSS_J165742.5+273454,EW,EW,False,False,0.3525006645209703,0.9762969626572808,7838,7856,False,False,False,False
4182,CSS_J203952.4-125415,EW,EW,False,False,0.3835835023234613,1.0055548249336654,4535,6431,False,False,False,False
4183,CSS_J134525.6-125639,RRc,RRc,False,False,0.3683898109454382,0.9919222643423902,6296,7206,False,False,False,False
4184,CSS_J074314.0+185846,EW,EW,False,False,0.3848683469570689,1.087627733071589,4394,2843,False,False,False,False
4185,CSS_J141534.5+042400,RRab,RRab,False,False,0.4075663855777693,0.9898601392255492,2760,7320,False,False,False,False
4186,CSS_J231627.5+305832,EW,EA,True,False,0.41749328995124246,1.0005848298922,2299,6724,False,False,False,False
4187,CSS_J173145.0+485839,EW,EA,True,False,0.44417948437716454,1.0682109554614896,1469,3403,False,False,False,False
4188,CSS_J210707.7-153608,EW,EW,False,False,0.375224073536474,1.062120704199305,5440,3627,False,False,False,False
4189,CSS_J131448.6+202025,EW,EA,True,False,0.3939094656359795,1.0244537635656763,3596,5294,False,False,False,False
4190,CSS_J222341.9+160130,EW,EW,False,False,0.4203970725551451,1.1108654705059207,2187,2284,False,False,False,False
4191,CSS_J024017.9+352602,RRc,RRc,False,False,0.3862054543069201,1.0600703146628496,4255,3684,False,False,False,False
4192,CSS_J044301.1-173532,EW,EW,False,False,0.3602653461994195,0.9862245826558469,7202,7516,False,False,False,False
4193,CSS_J165747.1+000620,EW,EW,False,False,0.35811741256813384,1.11943641835694,7423,2113,False,False,False,False
4194,CSS_J084708.5-021809,EW,EW,False,False,0.36841584218155254,1.02074158824831,6292,5486,False,False,False,False
4195,CSS_J183348.4+541907,EW,EW,False,False,0.3577206936439316,0.9915708214742812,7458,7230,False,False,False,False
4196,CSS_J052236.7+172717,RRc,RRc,False,False,0.3656836825437515,1.028678814326645,6617,5071,False,False,False,False
4197,CSS_J011441.6+204131,EW,EW,False,False,0.35925224062590594,1.002863984434583,7303,6593,False,False,False,False
4198,CSS_J042200.8+225752,EW,EW,False,False,0.4165968276525529,1.0006396160879931,2341,6719,False,False,False,False
4199,CSS_J004231.1+252112,EW,EW,False,False,0.4532043940016304,1.839127127211825,1256,35,False,True,False,False
4200,CSS_J075338.3+170808,EW,EW,False,False,0.36669649201307186,0.995078990039881,6503,7028,False,False,False,False
4201,CSS_J082327.1+034811,EA,EA,False,False,0.5275775872211812,1.1091145372581799,358,2317,False,False,False,False
4202,CSS_J064402.7+501900,EW,EW,False,False,0.35289988844508396,0.9873203381823098,7818,7452,False,False,False,False
4203,CSS_J072923.4+533423,RRab,RRab,False,False,0.4170154542474892,1.0726109579076213,2321,3261,False,False,False,False
4204,CSS_J020441.1+221937,EA,EA,False,False,0.43393502526538796,1.0322224176248924,1725,4910,False,False,False,False
4205,CSS_J070538.7+311950,EW,EW,False,False,0.4318883008741392,0.9904764538292993,1790,7289,False,False,False,False
4206,CSS_J131318.4+000643,RRab,RRab,False,False,0.5699494244946172,1.0809876696867406,195,3019,False,False,False,False
4207,CSS_J155927.8+052802,EA,EA,False,False,0.5395637753149204,1.321990684916456,297,446,False,False,False,False
4208,CSS_J113549.3-062545,EW,EW,False,False,0.4438568470330332,1.197823271859347,1477,1096,False,False,False,False
4209,CSS_J073248.4+405538,EW,EW,False,False,0.5781283092760877,1.1636614500485796,174,1453,False,False,False,False
4210,CSS_J042058.7+031932,EW,EW,False,False,0.3697645614869845,1.00612269265716,6118,6384,False,False,False,False
4211,CSS_J173823.4+311621,RRc,RRc,False,False,0.43476233378192786,1.0857270490806803,1703,2890,False,False,False,False
4212,CSS_J164924.6+021747,EA,EA,False,False,0.44327130087822314,0.9851856840227802,1493,7572,False,False,False,False
4213,CSS_J022016.8+373206,EW,EW,False,False,0.48127246022018916,1.1021691758925263,771,2481,False,False,False,False
4214,CSS_J170614.3+184622,EW,EW,False,False,0.38325430104346325,1.0198768046884512,4577,5530,False,False,False,False
4215,CSS_J014355.4+354403,EW,EW,False,False,0.38124504748570653,0.9996993817349342,4781,6782,False,False,False,False
4216,CSS_J122428.5+495429,EW,EW,False,False,0.4705939370110473,1.2222428601264281,925,921,False,False,False,False
4217,CSS_J090313.2+234618,EW,EW,False,False,0.4182103772173494,1.0511980938655607,2274,4043,False,False,False,False
4218,CSS_J211453.1+094327,EW,EW,False,False,0.35836274499441184,1.0132448146891804,7391,5928,False,False,False,False
4219,CSS_J234145.7+233158,EW,EW,False,False,0.39708426571201116,1.0737649142278256,3363,3226,False,False,False,False
4220,CSS_J015750.4+391510,EW,EW,False,False,0.45677803842897857,1.0098132489733902,1184,6139,False,False,False,False
4221,CSS_J205250.7-124354,EW,EW,False,False,0.38095345416020504,0.9863331695195298,4817,7509,False,False,False,False
4222,CSS_J160311.8-145357,EW,EW,False,False,0.3793130793430551,1.0692279700301923,4993,3370,False,False,False,False
4223,CSS_J205208.1+012035,EW,EW,False,False,0.358113410376647,1.0446146609529408,7424,4334,False,False,False,False
4224,CSS_J052814.9+103434,EA,EA,False,False,0.45057580861098434,1.0046791543498736,1316,6484,False,False,False,False
4225,CSS_J133104.7+133036,EW,EW,False,False,0.3629694773367846,1.018370416382238,6902,5618,False,False,False,False
4226,CSS_J051322.5+021559,EA,EW,True,False,0.40807975830735066,1.0085280454693708,2736,6227,False,False,False,False
4227,CSS_J074646.4+141918,RS CVn,RS CVn,False,True,0.47448734588006636,1.1367552057029486,863,1813,False,False,False,False
4228,CSS_J010119.5+343012,EW,EW,False,False,0.42650127831840995,1.081353507657711,1969,3009,False,False,False,False
4229,CSS_J075828.7+382227,EW,EW,False,False,0.36962704675418473,1.0756324739473293,6137,3181,False,False,False,False
4230,CSS_J033504.2+362636,EW,EW,False,False,0.44224171594977585,1.0769128574315832,1521,3141,False,False,False,False
4231,CSS_J045439.4+122354,EA,EA,False,False,0.4810254385244279,1.0270871100870091,776,5154,False,False,False,False
4232,CSS_J075654.7+203857,EA,EA,False,False,0.5064143918374875,1.123829606593797,488,2029,False,False,False,False
4233,CSS_J165918.1-050059,RS CVn,EW,True,True,0.3988293256935534,1.1304401135344193,3242,1924,False,False,False,False
4234,CSS_J035625.4+300300,EW,EW,False,False,0.4093887405356563,1.1707517011367252,2676,1364,False,False,False,False
4235,CSS_J125648.9+090640,RRab,RRab,False,False,0.4195827910939037,1.212501070784554,2217,995,False,False,False,False
4236,CSS_J051407.5+044051,EW,EW,False,False,0.42900729614538347,1.2143366509659026,1886,984,False,False,False,False
4237,CSS_J110113.7+322541,EW,EW,False,False,0.38637284488746115,0.9857280379052595,4238,7542,False,False,False,False
4238,CSS_J045650.0+071214,EW,EW,False,False,0.39563066157988985,1.0279764171211139,3459,5106,False,False,False,False
4239,CSS_J064848.7+612719,EW,EW,False,False,0.3566788202141526,1.055703760462817,7544,3855,False,False,False,False
4240,CSS_J045746.0+095252,EW,EW,False,False,0.41420320079012474,1.0035947946032007,2436,6552,False,False,False,False
4241,CSS_J013559.5+014550,RRc,RRc,False,False,0.4042136600606947,1.1773574441220522,2931,1289,False,False,False,False
4242,CSS_J131450.8+103742,EA,EA,False,False,0.39501516306994366,0.9776501971217254,3504,7833,False,False,False,False
4243,CSS_J211854.0+092157,EA,EA,False,False,0.4391171527883157,1.0650699269519777,1599,3521,False,False,False,False
4244,CSS_J162718.1+230546,RRc,RRc,False,False,0.3647684017138086,0.9691712188461686,6717,7963,False,False,False,False
4245,CSS_J175815.7+472713,EW,EW,False,False,0.3723252010074161,1.1051484429658354,5781,2408,False,False,False,False
4246,CSS_J223613.0+073959,EW,EW,False,False,0.40497999226782444,1.000620995141078,2887,6722,False,False,False,False
4247,CSS_J101941.6+425259,EW,EW,False,False,0.3581366565516891,1.0483221316939777,7418,4156,False,False,False,False
4248,CSS_J030547.7+354300,RS CVn,EW,True,True,0.3928593288645373,1.0054065926704339,3682,6446,False,False,False,False
4249,CSS_J134557.3-184751,EW,EW,False,False,0.3880376193953155,1.0361148118928825,4084,4706,False,False,False,False
4250,CSS_J010209.4+230948,EW,EW,False,False,0.35646748846129067,1.0003615435167663,7568,6735,False,False,False,False
4251,CSS_J055731.8-093721,RS CVn,EW,True,True,0.363596046035285,1.0124635594334455,6843,5969,False,False,False,False
4252,CSS_J235833.7+413632,EW,EW,False,False,0.402827321513224,1.0459968217917408,3007,4267,False,False,False,False
4253,CSS_J053213.4-121255,EW,EW,False,False,0.3646478981961973,1.1379826539867086,6727,1794,False,False,False,False
4254,CSS_J205440.3+021640,EW,EW,False,False,0.3784974887267313,1.0346946135485768,5069,4768,False,False,False,False
4255,CSS_J135442.4+051304,LPV,LPV,False,False,0.6192178668232713,0.9691502629298883,107,7964,True,False,False,False
4256,CSS_J034329.4+282500,EW,EW,False,False,0.38757892757481394,1.0253262489520762,4122,5249,False,False,False,False
4257,CSS_J174653.4+525549,RRab,RRab,False,False,0.3919117618141022,1.4977013901626999,3756,165,False,False,False,False
4258,CSS_J011042.5+091655,RRc,RRc,False,False,0.3806938402782941,1.257839407418254,4844,718,False,False,False,False
4259,CSS_J225935.2+192837,EW,EW,False,False,0.48054908829998033,1.3428034996798384,781,398,False,False,False,False
4260,CSS_J150210.8+184955,EW,EW,False,False,0.400821377118076,1.2996592159062068,3124,530,False,False,False,False
4261,CSS_J070643.5+404027,EW,EW,False,False,0.36441295010049085,1.012862315288778,6752,5945,False,False,False,False
4262,CSS_J010222.9+375506,LPV,LPV,False,False,0.6502460549713948,1.1876596741922005,77,1181,True,False,False,False
4263,CSS_J095312.7+173000,RRc,RRc,False,False,0.46313019977360875,1.0725673137424236,1068,3264,False,False,False,False
4264,CSS_J120431.8+035842,RS CVn,RS CVn,False,True,0.3908326399603557,1.054718969728936,3843,3892,False,False,False,False
4265,CSS_J100134.8+253000,RRc,RRc,False,False,0.38405162592526426,1.0423783111214193,4480,4444,False,False,False,False
4266,CSS_J095307.5+170340,EW,EW,False,False,0.4278992381535492,1.1330813915242703,1922,1878,False,False,False,False
4267,CSS_J031448.7+204950,EW,EW,False,False,0.39514826660052604,1.0674021237904403,3497,3431,False,False,False,False
4268,CSS_J052706.1-055827,EW,EW,False,False,0.37035022503583104,1.0407475580711396,6052,4500,False,False,False,False
4269,CSS_J162640.3-021043,EW,EW,False,False,0.3629041643015947,1.0183436066988363,6913,5622,False,False,False,False
4270,CSS_J134312.1+044105,EA,EA,False,False,0.45600570685205744,1.0106724124656183,1194,6106,False,False,False,False
4271,CSS_J105359.1-111340,EW,EW,False,False,0.3870838686189328,1.0941253874776975,4171,2665,False,False,False,False
4272,CSS_J210025.3+132822,EW,EW,False,False,0.3598861490155268,1.0033909288121305,7240,6565,False,False,False,False
4273,CSS_J233810.7+221423,EW,EW,False,False,0.36810028289216606,0.9970148739479663,6339,6924,False,False,False,False
4274,CSS_J172911.1+094452,RRab,RRab,False,False,0.40688115953980514,1.0045998498131887,2791,6489,False,False,False,False
4275,CSS_J033934.4+200457,EW,EW,False,False,0.3594707991021709,1.1204994479681112,7281,2087,False,False,False,False
4276,CSS_J080204.8+280826,EW,EW,False,False,0.4109799024041356,1.0062142447604083,2601,6373,False,False,False,False
4277,CSS_J054056.0-011453,EW,EW,False,False,0.3692672814092301,1.1669713172069112,6189,1414,False,False,False,False
4278,CSS_J024208.2+373426,EA,EA,False,False,0.3819134798302135,1.0341938895857548,4701,4803,False,False,False,False
4279,CSS_J213029.2+101238,EW,EW,False,False,0.42231249054496545,1.054341485114395,2120,3904,False,False,False,False
4280,CSS_J040036.4-092725,EW,EW,False,False,0.4101027916777323,1.0988144595246976,2641,2569,False,False,False,False
4281,CSS_J055422.1-001519,EW,RRab,True,False,0.5538754076932016,1.5948115403865888,240,87,False,True,False,False
4282,CSS_J211115.3-080956,RRc,EW,True,False,0.3772615762651407,1.0235848587484297,5211,5338,False,False,False,False
4283,CSS_J100204.0+100719,EW,EW,False,False,0.3632016177535761,1.0293237423891937,6880,5044,False,False,False,False
4284,CSS_J210648.3-110351,EW,EW,False,False,0.356808241853298,0.9901265668621433,7532,7310,False,False,False,False
4285,CSS_J230625.4-144314,EW,EW,False,False,0.35478855490903094,1.0017298336678757,7697,6661,False,False,False,False
4286,CSS_J005440.6+242503,EW,EW,False,False,0.37179185742975196,1.0195844515863617,5864,5545,False,False,False,False
4287,CSS_J070157.0+320452,EW,EW,False,False,0.36443388438907126,0.9973076660031153,6749,6906,False,False,False,False
4288,CSS_J164954.1-021244,EW,EW,False,False,0.3769372697344317,0.9948487739638054,5241,7043,False,False,False,False
4289,CSS_J050304.7+080248,EW,EW,False,False,0.37641685120761426,1.0116698860263207,5309,6026,False,False,False,False
4290,CSS_J153014.3+065052,EA,EA,False,False,0.6430459027326676,1.1872718534966569,83,1185,True,False,False,False
4291,CSS_J081943.8+154919,EW,EW,False,False,0.3609009693457845,0.987673043541111,7130,7427,False,False,False,False
4292,CSS_J020924.6+200335,EW,EW,False,False,0.389958982530428,0.9787727985380472,3907,7802,False,False,False,False
4293,CSS_J223302.0+133346,EW,EW,False,False,0.40436553258161556,1.2025375620876075,2924,1074,False,False,False,False
4294,CSS_J161643.8+351018,RRc,RRc,False,False,0.36788473497626567,1.013774129203838,6358,5894,False,False,False,False
4295,CSS_J235952.9+290638,EW,EW,False,False,0.39273292926139824,1.0415355458216091,3689,4469,False,False,False,False
4296,CSS_J172702.5+300339,EW,EW,False,False,0.3610319756647875,0.9916413804773072,7117,7228,False,False,False,False
4297,CSS_J211509.3+003042,RRab,EW,True,False,0.4034417418269363,1.0729780130682598,2971,3249,False,False,False,False
4298,CSS_J094417.7-113203,EW,EW,False,False,0.3897760287108649,1.1912614708428972,3921,1146,False,False,False,False
4299,CSS_J085532.6+143242,EW,EW,False,False,0.42616965805760454,0.9917936055589222,1977,7214,False,False,False,False
4300,CSS_J090637.8+241213,EW,EW,False,False,0.457978962086309,1.039118246110537,1149,4569,False,False,False,False
4301,CSS_J203933.6-052034,EW,EW,False,False,0.3807785882246934,1.038707452665409,4833,4595,False,False,False,False
4302,CSS_J035636.4+312222,EW,EW,False,False,0.4076590924146653,1.2483847936836265,2756,758,False,False,False,False
4303,CSS_J045805.4-110827,RRc,RRc,False,False,0.3989092805994114,1.1473325702329213,3235,1675,False,False,False,False
4304,CSS_J084331.6+133819,EA,EW,True,False,0.47874402195263316,1.374024143710519,807,331,False,False,False,False
4305,CSS_J135733.5+321914,EW,EW,False,False,0.35712013358700834,0.9894700378372503,7508,7342,False,False,False,False
4306,CSS_J110449.3+455728,EW,EW,False,False,0.349005238402774,0.981240875420057,7965,7722,False,False,False,False
4307,CSS_J220132.6+170500,EW,EW,False,False,0.44766666672901567,1.1489933105425714,1377,1640,False,False,False,False
4308,CSS_J200854.2-165405,RRab,RRab,False,False,0.5101393613711603,1.3472875014500194,456,385,False,False,False,False
4309,CSS_J223244.6+322638,EW,EW,False,False,0.3840311861838282,0.9889286125118154,4484,7364,False,False,False,False
4310,CSS_J171426.2+561722,RS CVn,RS CVn,False,True,0.4598590961600783,1.3033937250604164,1118,517,False,False,False,False
4311,CSS_J174030.4+322629,RRab,RRab,False,False,0.3750928058632836,1.1084771477789954,5455,2335,False,False,False,False
4312,CSS_J080938.5+464345,EA,EA,False,False,0.4109676842467246,0.9876288608018514,2602,7430,False,False,False,False
4313,CSS_J021132.9+220334,EW,EW,False,False,0.3765092342667092,1.1263946846108954,5295,1984,False,False,False,False
4314,CSS_J075319.1+025834,RRc,RRc,False,False,0.3628495789747401,1.1481971529761392,6919,1655,False,False,False,False
4315,CSS_J110306.0+263951,EA,EA,False,False,0.45415111921488144,1.2033340924781473,1236,1065,False,False,False,False
4316,CSS_J044647.2+282852,EA,EA,False,False,0.4475800965254587,1.038951466016773,1383,4579,False,False,False,False
4317,CSS_J064304.2+431400,EW,EW,False,False,0.4494344087739052,1.0183811229572053,1338,5615,False,False,False,False
4318,CSS_J142525.5+120521,RRc,RRc,False,False,0.3727549254668192,1.0534279764294705,5735,3929,False,False,False,False
4319,CSS_J062322.4-085440,EW,EW,False,False,0.40967602213308096,1.0108483675262163,2660,6090,False,False,False,False
4320,CSS_J173357.2+361857,EW,EW,False,False,0.3840194912453723,1.082655859132616,4485,2972,False,False,False,False
4321,CSS_J051043.9+060719,EW,EW,False,False,0.3709959941129396,1.2342959154008755,5976,834,False,False,False,False
4322,CSS_J171737.3+083134,EW,EW,False,False,0.3562851667606816,1.167789183203389,7589,1399,False,False,False,False
4323,CSS_J151543.5+494127,RRab,RRab,False,False,0.44755613938882816,1.1285745497716704,1384,1945,False,False,False,False
4324,CSS_J085545.8+011146,EW,EW,False,False,0.387192564039798,1.135792834225298,4154,1827,False,False,False,False
4325,CSS_J225933.4+041513,EW,EW,False,False,0.41095021374967255,1.070541679673459,2605,3320,False,False,False,False
4326,CSS_J162148.3+653005,EW,EW,False,False,0.377993195022425,1.1015670583158004,5130,2499,False,False,False,False
4327,CSS_J163042.5+531258,EW,EW,False,False,0.399260483968801,1.3760446289923007,3205,325,False,False,False,False
4328,CSS_J004656.4+374746,EW,EW,False,False,0.406017312826357,1.087585389392253,2828,2844,False,False,False,False
4329,CSS_J060513.2-113406,EW,EW,False,False,0.39636302517811767,1.0911582471951642,3406,2737,False,False,False,False
4330,CSS_J174601.7+260449,EW,EW,False,False,0.3911556887678965,1.0492789658770876,3820,4122,False,False,False,False
4331,CSS_J211305.0+052044,EA,EA,False,False,0.4694988948801108,1.0260429045835047,944,5208,False,False,False,False
4332,CSS_J172201.0+301112,EW,EW,False,False,0.3758290313365976,0.9936262829264774,5383,7111,False,False,False,False
4333,CSS_J213245.1+161550,EW,EW,False,False,0.44321311767864946,1.1116569188824426,1496,2273,False,False,False,False
4334,CSS_J163735.1+151142,RRc,RRc,False,False,0.3742178948993009,1.066109098784731,5565,3485,False,False,False,False
4335,CSS_J023415.2+244320,EW,EW,False,False,0.41036551864850423,1.0816136253751016,2631,3001,False,False,False,False
4336,CSS_J083610.7+170925,EW,EW,False,False,0.4635187145977775,1.1508295275483804,1063,1611,False,False,False,False
4337,CSS_J051049.2+124825,EW,EW,False,False,0.36858612577021804,1.0398079683760044,6268,4542,False,False,False,False
4338,CSS_J163150.8-091441,EW,EW,False,False,0.360218882341724,1.1408499780546775,7207,1754,False,False,False,False
4339,CSS_J155641.2+155448,EW,EW,False,False,0.3715984283615156,1.1248181557351926,5891,2012,False,False,False,False
4340,CSS_J163713.7+104614,EW,EW,False,False,0.4440161390311536,1.267551049448969,1473,661,False,False,False,False
4341,CSS_J234530.0+410459,EW,EW,False,False,0.368248456009139,0.96625699399846,6314,7981,False,False,False,False
4342,CSS_J023044.9+381842,EW,EW,False,False,0.3614658668312486,0.9748326309455855,7060,7883,False,False,False,False
4343,CSS_J053419.4+025551,RS CVn,EW,True,True,0.3942947902463408,1.0272080413415843,3566,5150,False,False,False,False
4344,CSS_J120347.5-142442,EW,EW,False,False,0.4022255557479769,1.2474468713559914,3052,768,False,False,False,False
4345,CSS_J071824.4+423145,EW,EW,False,False,0.3940773698524938,1.0121171316397735,3582,5996,False,False,False,False
4346,CSS_J154116.8+511428,EW,EW,False,False,0.36173271420385916,0.9694998636705454,7033,7960,False,False,False,False
4347,CSS_J052940.8+010659,RS CVn,EW,True,True,0.3945745290934114,1.0365217714667665,3547,4688,False,False,False,False
4348,CSS_J041557.2+275556,EW,EW,False,False,0.36655395955903003,1.0237990987062724,6521,5324,False,False,False,False
4349,CSS_J074248.8+284700,EW,EW,False,False,0.4959074263126827,1.2838216543178285,574,594,False,False,False,False
4350,CSS_J172713.5+094310,RRab,RRab,False,False,0.45310708093609753,1.1754417374979487,1259,1306,False,False,False,False
4351,CSS_J164410.6+113558,EA,EA,False,False,0.4393837467114603,1.04013115404359,1593,4525,False,False,False,False
4352,CSS_J220237.5+013404,EW,EW,False,False,0.39567822295459254,0.9742473232217614,3452,7894,False,False,False,False
4353,CSS_J074909.9+500152,RRc,RRc,False,False,0.37387863944863087,1.0180235858296056,5603,5642,False,False,False,False
4354,CSS_J164333.5+000546,EW,EW,False,False,0.39246219764923834,1.0448082962581444,3715,4322,False,False,False,False
4355,CSS_J160515.1+293711,EW,EW,False,False,0.37897595792668004,1.0528075494016733,5024,3968,False,False,False,False
4356,CSS_J215518.1+020355,EW,EW,False,False,0.36454139647968403,1.1115161834188805,6735,2274,False,False,False,False
4357,CSS_J160322.0+303317,EW,EW,False,False,0.35834859228651417,1.014187832394779,7394,5865,False,False,False,False
4358,CSS_J072948.9+291936,EW,EW,False,False,0.4933011335155197,1.3483776874959053,603,381,False,False,False,False
4359,CSS_J051929.1+001258,EW,EW,False,False,0.4376460859562149,1.008297524839009,1633,6242,False,False,False,False
4360,CSS_J032814.3+154909,EW,EA,True,False,0.48819867556335894,1.1980418018976664,658,1093,False,False,False,False
4361,CSS_J172529.7+132915,EW,EA,True,False,0.40753554824410837,1.0394678035117892,2762,4556,False,False,False,False
4362,CSS_J161813.2-125621,RRab,RRab,False,False,0.4933849165793462,1.0918744248771017,601,2728,False,False,False,False
4363,CSS_J111454.2+642640,RRab,RRab,False,False,0.3978895333204598,1.0171269251596995,3310,5696,False,False,False,False
4364,CSS_J023624.7+252619,EW,EW,False,False,0.3945465282530396,1.3021369115731796,3551,524,False,False,False,False
4365,CSS_J050519.7+204726,EW,EW,False,False,0.4002066188889171,1.1040821895059971,3157,2426,False,False,False,False
4366,CSS_J083739.7-054540,EA,EW,True,False,0.4541935190822287,0.9956059711145271,1235,7002,False,False,False,False
4367,CSS_J133626.5-162333,RRc,RRc,False,False,0.38623869381572556,1.0738634037696815,4251,3223,False,False,False,False
4368,CSS_J141941.5+054623,EW,EW,False,False,0.3689872533370584,1.1148961417308743,6218,2207,False,False,False,False
4369,CSS_J150403.9-140614,RRab,RRab,False,False,0.40082192085214674,1.0870120693584466,3123,2852,False,False,False,False
4370,CSS_J081152.2+332601,EW,EW,False,False,0.3713208691869673,1.054104984919992,5932,3917,False,False,False,False
4371,CSS_J203516.2-034343,RRc,RRc,False,False,0.38176502502563564,1.3113761104505182,4718,486,False,False,False,False
4372,CSS_J005748.6-092043,EW,RRc,True,False,0.38031841061166244,0.996457854960522,4886,6953,False,False,False,False
4373,CSS_J203128.1-011728,EW,EW,False,False,0.3574095181618142,1.0293661981256377,7480,5040,False,False,False,False
4374,CSS_J155255.0+584228,EW,EW,False,False,0.36554019402064547,1.0209045205615253,6631,5480,False,False,False,False
4375,CSS_J052617.2+105524,EW,EW,False,False,0.37077851396118816,1.032735911161594,6003,4877,False,False,False,False
4376,CSS_J031443.6+240602,RS CVn,EW,True,True,0.3969680271358384,1.0897664647905212,3373,2780,False,False,False,False
4377,CSS_J042451.9+334535,EW,EW,False,False,0.36738200211366584,1.1429879060242825,6410,1724,False,False,False,False
4378,CSS_J013543.7+030527,EW,EW,False,False,0.37967075491473296,0.9957098771215944,4961,6994,False,False,False,False
4379,CSS_J050314.6+164925,EW,EW,False,False,0.4906113186493965,1.2470793104475846,641,771,False,False,False,False
4380,CSS_J032415.0+325648,EW,EW,False,False,0.41688119860356987,1.021795278557248,2326,5423,False,False,False,False
4381,CSS_J074018.7+453630,RRc,RRc,False,False,0.39789782693142844,0.9983369351895177,3309,6858,False,False,False,False
4382,CSS_J211739.5+040556,RRc,RRc,False,False,0.38685943689762614,1.1082469201358172,4189,2341,False,False,False,False
4383,CSS_J094700.6-102917,EW,EW,False,False,0.39627360810538315,1.1146578837112575,3410,2210,False,False,False,False
4384,CSS_J162659.1+354022,EW,EW,False,False,0.39724822247704916,1.0240423683438875,3351,5311,False,False,False,False
4385,CSS_J070913.1+602622,EW,EW,False,False,0.3721921544039216,1.0753806638556123,5803,3184,False,False,False,False
4386,CSS_J160533.0+221530,EW,EW,False,False,0.35650877471165426,0.974106500650392,7562,7898,False,False,False,False
4387,CSS_J041050.1+232643,EW,EW,False,False,0.4399409916992629,1.001402697659032,1579,6672,False,False,False,False
4388,CSS_J103324.1-145808,EW,EW,False,False,0.41295298763918986,1.2513919397831799,2503,741,False,False,False,False
4389,CSS_J203826.9-141622,RRc,EW,True,False,0.36145347989475035,1.01012354575315,7063,6130,False,False,False,False
4390,CSS_J153918.0+085030,EW,EW,False,False,0.3577886231765412,0.9895414092498156,7454,7337,False,False,False,False
4391,CSS_J154320.2-143037,RRab,RRab,False,False,0.41237658614520867,1.003092611552271,2529,6577,False,False,False,False
4392,CSS_J222758.0+020013,EW,EW,False,False,0.35622423902227274,1.008412099847002,7597,6235,False,False,False,False
4393,CSS_J215621.0+135924,EW,EW,False,False,0.34779004757239057,1.0280943351824834,7990,5101,False,False,False,False
4394,CSS_J031157.6+320034,EW,EW,False,False,0.36491177221779025,1.0119671185591794,6699,6005,False,False,False,False
4395,CSS_J202608.0-152017,EW,EW,False,False,0.41535961130392796,1.0542372847328074,2385,3909,False,False,False,False
4396,CSS_J215022.3+012819,EW,EW,False,False,0.3627164659356947,1.1727126935241772,6931,1337,False,False,False,False
4397,CSS_J131634.6+174306,RRc,RRc,False,False,0.3781631767482593,1.1084822869284559,5108,2334,False,False,False,False
4398,CSS_J100115.9-142719,RRab,RRab,False,False,0.3849444640284197,1.0487102127860903,4388,4141,False,False,False,False
4399,CSS_J164309.8+013010,EW,EW,False,False,0.35834485932537297,1.0532771968288275,7396,3933,False,False,False,False
4400,CSS_J063359.7+670130,RRab,RRab,False,False,0.4972089654693353,1.1686870821547723,559,1389,False,False,False,False
4401,CSS_J153443.9+215044,EW,EW,False,False,0.3767439095433416,1.0476401510888302,5263,4197,False,False,False,False
4402,CSS_J161906.6-013828,EW,EW,False,False,0.38252352632588965,1.3141612851425746,4641,471,False,False,False,False
4403,CSS_J110226.4+285423,EW,EW,False,False,0.38606762244030024,1.071692747174506,4272,3281,False,False,False,False
4404,CSS_J142850.4+145918,RRc,RRc,False,False,0.3737151987877672,1.0696039385314409,5628,3357,False,False,False,False
4405,CSS_J052300.2+091326,EW,EW,False,False,0.36109378067393155,1.0478950258218702,7108,4178,False,False,False,False
4406,CSS_J013211.4+302210,EW,EW,False,False,0.3547791393507862,1.0144602745934517,7698,5849,False,False,False,False
4407,CSS_J214644.7+122908,EW,EW,False,False,0.38515466454323094,1.0555431858742552,4365,3861,False,False,False,False
4408,CSS_J050114.8+200903,EW,EW,False,False,0.3681705816921356,1.099885494675176,6322,2543,False,False,False,False
4409,CSS_J073517.2+201244,EW,EW,False,False,0.35660870825304697,0.9855121653331869,7548,7554,False,False,False,False
4410,CSS_J220909.7-125023,RRc,EW,True,False,0.4146268775954838,0.9836900811221556,2414,7635,False,False,False,False
4411,CSS_J162457.5+075756,RRc,RRc,False,False,0.3681244146589864,0.9949842436878065,6332,7034,False,False,False,False
4412,CSS_J002122.2+450654,EW,EW,False,False,0.3701521112568888,1.02511941533276,6074,5262,False,False,False,False
4413,CSS_J151915.6+390952,EW,EW,False,False,0.3878151279710716,1.0353632077158053,4101,4744,False,False,False,False
4414,CSS_J174838.2+442139,EW,EW,False,False,0.3961401990842246,1.050996310502646,3421,4052,False,False,False,False
4415,CSS_J082759.7-061923,EW,EW,False,False,0.37313652167513467,0.9942811068913177,5698,7081,False,False,False,False
4416,CSS_J043920.9+175621,EW,EW,False,False,0.3571960528599456,1.0145706533842087,7500,5841,False,False,False,False
4417,CSS_J031701.8+291042,EA,EA,False,False,0.460102671301153,1.0123954381350635,1116,5974,False,False,False,False
4418,CSS_J144448.6+443859,EW,EW,False,False,0.5531016860236313,1.0475281303004382,244,4199,False,False,False,False
4419,CSS_J074013.9+624142,EW,EW,False,False,0.35112322528181045,0.9994876222617559,7908,6791,False,False,False,False
4420,CSS_J103817.1+121333,EA,EW,True,False,0.5044361342972603,1.1551078856683121,504,1558,False,False,False,False
4421,CSS_J030427.6+354211,EW,EW,False,False,0.35967700684342874,1.0627685166563108,7261,3598,False,False,False,False
4422,CSS_J051017.1+093254,EA,EW,True,False,0.5184125402197133,1.27222707257031,405,641,False,False,False,False
4423,CSS_J214637.4+191037,EW,EW,False,False,0.3623473416029665,0.9899579677948583,6965,7316,False,False,False,False
4424,CSS_J074414.2+234842,EW,EW,False,False,0.3976820033768261,1.0777845735129412,3321,3121,False,False,False,False
4425,CSS_J143216.4-030437,EA,EA,False,False,0.4572495900254139,0.9890823343527989,1173,7356,False,False,False,False
4426,CSS_J052155.9+124150,EW,EW,False,False,0.41226064102376686,1.019685209613792,2534,5542,False,False,False,False
4427,CSS_J005611.7+354909,EW,EW,False,False,0.37435289693897367,1.008896706262036,5551,6199,False,False,False,False
4428,CSS_J153922.5-064344,RRab,RRab,False,False,0.49351278068919097,1.0435725499021162,599,4376,False,False,False,False
4429,CSS_J031742.1+375358,EW,EW,False,False,0.36870896664222863,1.0895050562661066,6245,2793,False,False,False,False
4430,CSS_J154541.4+360522,EW,EW,False,False,0.39280218589563926,1.0386260043593187,3687,4597,False,False,False,False
4431,CSS_J040856.0+145553,EA,EA,False,False,0.6045271363421026,1.0496456125013072,130,4109,True,False,False,False
4432,CSS_J113956.1-125313,RRc,EW,True,False,0.4024756618480287,1.1741630073663343,3036,1318,False,False,False,False
4433,CSS_J212058.0+153312,EW,EW,False,False,0.3676292287975391,1.0016071364040218,6382,6666,False,False,False,False
4434,CSS_J034013.1+212720,EW,EW,False,False,0.3644652429756769,1.0796155538630372,6745,3057,False,False,False,False
4435,CSS_J125052.8-061331,EW,EW,False,False,0.3956276525666208,1.0312150391395534,3460,4961,False,False,False,False
4436,CSS_J225236.3+115859,EW,EW,False,False,0.37055195843687566,1.0145434929043815,6031,5843,False,False,False,False
4437,CSS_J011902.7+380331,EW,EW,False,False,0.3646473080151692,0.9770758327039246,6728,7844,False,False,False,False
4438,CSS_J082022.1+123504,EW,EW,False,False,0.3823992898816883,1.0439379886004727,4654,4365,False,False,False,False
4439,CSS_J150355.7-011622,EW,EW,False,False,0.3771035206779135,1.0845500711759573,5223,2921,False,False,False,False
4440,CSS_J100738.7+452427,RS CVn,EW,True,True,0.459440332218844,1.9361145611131452,1122,28,False,True,False,False
4441,CSS_J044125.2-071912,EW,EW,False,False,0.3993233596392529,1.0880320211614918,3202,2830,False,False,False,False
4442,CSS_J014745.1+353804,EW,EW,False,False,0.3973574321364007,0.994464870254939,3341,7070,False,False,False,False
4443,CSS_J154151.1+512557,EW,EW,False,False,0.3991305423910818,1.2984944829509681,3215,537,False,False,False,False
4444,CSS_J163607.8-081951,EW,EW,False,False,0.3653016193018897,1.0691313685230104,6657,3374,False,False,False,False
4445,CSS_J075121.0+123636,EW,EW,False,False,0.3910947321882662,1.083013895579264,3826,2958,False,False,False,False
4446,CSS_J103625.6-013201,EA,EW,True,False,0.3971273462970711,1.002770160449336,3361,6601,False,False,False,False
4447,CSS_J122010.7-093813,EA,EA,False,False,0.3859713203341259,0.9877294106858443,4284,7421,False,False,False,False
4448,CSS_J004605.0+012948,EW,EW,False,False,0.3602442670642054,1.0378073786948911,7204,4628,False,False,False,False
4449,CSS_J165410.0+083735,EW,EW,False,False,0.371782583495273,1.0788532048138069,5865,3084,False,False,False,False
4450,CSS_J032225.4-173137,EW,EW,False,False,0.37303593104076704,1.2178330624838634,5707,954,False,False,False,False
4451,CSS_J010725.8+285522,EW,EW,False,False,0.35939619130741246,0.9869987525584076,7292,7477,False,False,False,False
4452,CSS_J224533.8+370220,EW,EW,False,False,0.38119361647393474,1.089911385998649,4787,2771,False,False,False,False
4453,CSS_J031148.1+020408,RRab,RRab,False,False,0.48775177373182577,1.053488401694301,665,3927,False,False,False,False
4454,CSS_J090329.8+390738,EW,EW,False,False,0.45286182953155685,1.27052499742239,1266,651,False,False,False,False
4455,CSS_J164213.0+140409,EW,EW,False,False,0.37149597998357303,0.9881701223615259,5907,7404,False,False,False,False
4456,CSS_J160534.7+033930,EW,EW,False,False,0.3639492033457179,0.9852233948869091,6802,7569,False,False,False,False
4457,CSS_J231129.9+131648,EW,EW,False,False,0.44132409679063533,1.5332963287238588,1540,129,False,True,False,False
4458,CSS_J163705.0-181108,RRab,RRab,False,False,0.4628174913728839,1.0093782854067652,1073,6159,False,False,False,False
4459,CSS_J214406.1+184504,EA,EA,False,False,0.5783426126775894,1.1955989978647983,172,1111,False,False,False,False
4460,CSS_J203849.8-190453,RRc,RRc,False,False,0.3690775808098007,1.1066608695003828,6209,2375,False,False,False,False
4461,CSS_J213219.7+093800,EW,EW,False,False,0.36444584299899485,1.0030442429808573,6746,6579,False,False,False,False
4462,CSS_J043511.7+391946,LPV,LPV,False,False,0.7123038905637874,1.0522820423860353,33,3996,True,False,False,False
4463,CSS_J232712.1+064923,EW,EW,False,False,0.4348113411233491,1.0338248970365647,1701,4825,False,False,False,False
4464,CSS_J223740.6+382501,EW,EW,False,False,0.4001214152918921,1.0573497427376808,3162,3794,False,False,False,False
4465,CSS_J030628.7+094801,RRab,RRab,False,False,0.48425411288700093,1.3644480862493775,712,340,False,False,False,False
4466,CSS_J212936.0+042038,EW,EW,False,False,0.3855432833706092,1.074236478204146,4328,3215,False,False,False,False
4467,CSS_J203336.3-130234,EA,EA,False,False,0.5279229500318025,1.0741078565787023,356,3217,False,False,False,False
4468,CSS_J022528.6-044637,EW,EW,False,False,0.45360895762951453,1.2680365743908184,1246,658,False,False,False,False
4469,CSS_J112914.7+011533,RRd,RRd,False,True,0.3711629342757019,1.0343601092775063,5956,4789,False,False,False,False
4470,CSS_J050106.4+240924,EW,EW,False,False,0.46441068209749875,1.1798199496208406,1039,1264,False,False,False,False
4471,CSS_J083938.7-050614,EA,EA,False,False,0.42385454588043364,1.0161665028050992,2053,5747,False,False,False,False
4472,CSS_J145015.5+544514,EW,EW,False,False,0.3489633325585787,1.0034633425062138,7967,6559,False,False,False,False
4473,CSS_J025058.1+290958,EW,EW,False,False,0.3862965593442265,1.0414803428738775,4246,4471,False,False,False,False
4474,CSS_J172212.6+260745,EW,RRc,True,False,0.46957928816178357,1.171471698713473,943,1357,False,False,False,False
4475,CSS_J212807.2+185232,EW,EW,False,False,0.39661141914360587,1.3091178806407597,3392,492,False,False,False,False
4476,CSS_J032841.8-040409,EW,EW,False,False,0.4232852280379323,1.0551552840559744,2073,3875,False,False,False,False
4477,CSS_J045546.7-160209,EW,EW,False,False,0.44104865976378055,1.357151483096905,1548,358,False,False,False,False
4478,CSS_J040000.0+174517,EW,EW,False,False,0.3656392613033624,1.004298621950961,6622,6509,False,False,False,False
4479,CSS_J065246.0+425339,EA,EA,False,False,0.49109909508223865,1.0350306027526668,631,4753,False,False,False,False
4480,CSS_J113047.2-044223,EW,EW,False,False,0.3762142948995329,1.0417793650645448,5334,4464,False,False,False,False
4481,CSS_J231359.3+321707,EW,EW,False,False,0.41200359159308003,1.096636312823874,2544,2616,False,False,False,False
4482,CSS_J205109.5+015201,EW,EW,False,False,0.3555722603142099,0.9853338031260799,7642,7563,False,False,False,False
4483,CSS_J010354.4+203955,RS CVn,RS CVn,False,True,0.6012680042246782,2.219057133776319,134,9,True,True,True,False
4484,CSS_J013518.0-124340,RRd,EW,True,True,0.4798770518160792,1.1141235943398935,788,2218,False,False,False,False
4485,CSS_J161905.2+040631,RRc,RRc,False,False,0.3892046247890273,1.055190046735945,3975,3874,False,False,False,False
4486,CSS_J203305.1-135803,EW,EW,False,False,0.4701440795373707,1.5251296128136478,933,135,False,True,False,False
4487,CSS_J045226.5-162530,EA,EA,False,False,0.537755229885043,1.0528395774614667,303,3965,False,False,False,False
4488,CSS_J085513.6+462743,EA,EA,False,False,0.6133516627328769,2.169375712385457,118,14,True,True,True,True
4489,CSS_J232735.4+304553,EW,EW,False,False,0.3521119494509596,0.9966510495292186,7860,6941,False,False,False,False
4490,CSS_J035010.6-143221,RRc,RRc,False,False,0.38095271861123964,1.0132971153531671,4818,5924,False,False,False,False
4491,CSS_J090527.4-012457,EW,EW,False,False,0.3833117177403381,1.2782939735417584,4568,611,False,False,False,False
4492,CSS_J084429.9+363108,EW,EW,False,False,0.4107276227942324,1.365559850802347,2620,339,False,False,False,False
4493,CSS_J151432.5+161236,EW,EW,False,False,0.413881894211767,1.20948252211684,2451,1017,False,False,False,False
4494,CSS_J232456.1+120000,EW,EW,False,False,0.3678688077040647,0.9862911334578701,6360,7512,False,False,False,False
4495,CSS_J171339.8+353251,RRc,RRc,False,False,0.40531927104662896,1.1108449931392854,2868,2285,False,False,False,False
4496,CSS_J051337.7+014933,EA,EA,False,False,0.45006178271034564,1.1043547546634258,1323,2421,False,False,False,False
4497,CSS_J125206.3+070613,RRd,RRc,True,True,0.3570598321285755,1.1461733585789846,7513,1689,False,False,False,False
4498,CSS_J105908.9+214817,EW,EW,False,False,0.37229550639005304,1.0081983228976998,5787,6251,False,False,False,False
4499,CSS_J171902.0+333822,EW,EW,False,False,0.38752706072644244,1.1101675129431139,4128,2298,False,False,False,False
4500,CSS_J011853.2+362155,EW,EW,False,False,0.3844249859213584,0.9825245449811637,4439,7679,False,False,False,False
4501,CSS_J170032.3-030459,EW,EW,False,False,0.40291559902777935,1.097783381721955,3006,2593,False,False,False,False
4502,CSS_J231713.6-100855,RRd,RRc,True,True,0.394299998922319,1.0454824716263251,3565,4292,False,False,False,False
4503,CSS_J213849.0+160453,EA,EA,False,False,0.45527330610821937,1.0546987275825912,1211,3894,False,False,False,False
4504,CSS_J150152.4+074946,EW,EW,False,False,0.3572621835759353,0.9850870430823481,7489,7576,False,False,False,False
4505,CSS_J045623.7+102642,EW,EW,False,False,0.38007888981133303,0.9854911605225162,4910,7558,False,False,False,False
4506,CSS_J160345.3+550607,EW,EW,False,False,0.3656138552818312,0.9820741364896198,6626,7699,False,False,False,False
4507,CSS_J164220.8+240002,EW,EW,False,False,0.36247800297630167,1.033798532211279,6951,4826,False,False,False,False
4508,CSS_J080452.0+115726,EW,EW,False,False,0.3809859705441654,1.0197230375786839,4811,5537,False,False,False,False
4509,CSS_J054247.6+035228,EA,EA,False,False,0.45222752479590733,1.0982707529032267,1281,2583,False,False,False,False
4510,CSS_J072304.2+352155,EA,EA,False,False,0.5057054916281709,1.0498118238827956,491,4097,False,False,False,False
4511,CSS_J094929.0+160130,RRc,EW,True,False,0.36136029970885,0.9845687217603629,7073,7604,False,False,False,False
4512,CSS_J170717.2+301727,RRc,EW,True,False,0.4276612389082015,1.0252068347403787,1932,5257,False,False,False,False
4513,CSS_J220254.0+183353,EW,EW,False,False,0.35617607507072846,0.9926406633295182,7601,7157,False,False,False,False
4514,CSS_J071025.2+582756,EW,EW,False,False,0.3835077406005952,1.1533465926330793,4544,1580,False,False,False,False
4515,CSS_J021126.7+115535,RRc,RRc,False,False,0.38281241443818426,1.0260936140817216,4618,5204,False,False,False,False
4516,CSS_J180836.2+461027,EW,EW,False,False,0.4073214595111671,1.10023035251364,2774,2533,False,False,False,False
4517,CSS_J050757.4+061659,EW,EW,False,False,0.3888667545966319,1.071563644116838,4004,3283,False,False,False,False
4518,CSS_J030327.5+044756,EW,EW,False,False,0.3922018230055802,1.0210286726760276,3732,5472,False,False,False,False
4519,CSS_J214443.6+121407,EA,EA,False,False,0.5748066521942132,1.0428711452273753,180,4414,False,False,False,False
4520,CSS_J035007.7+291651,EW,EW,False,False,0.3675719555216672,0.9767198192763826,6389,7852,False,False,False,False
4521,CSS_J165333.9+534350,EW,EW,False,False,0.37257489867143406,1.1193433725255562,5753,2115,False,False,False,False
4522,CSS_J212036.5+083923,EW,EW,False,False,0.4164612887560491,1.0725724425233847,2347,3263,False,False,False,False
4523,CSS_J110430.4+184459,EW,EW,False,False,0.3817542129345989,1.0637212484638905,4720,3560,False,False,False,False
4524,CSS_J075948.5+223712,EW,EW,False,False,0.4081086640270958,1.1241638893243702,2734,2023,False,False,False,False
4525,CSS_J033614.2+275950,EW,EA,True,False,0.46657443962913125,1.0992214763745436,1000,2557,False,False,False,False
4526,CSS_J161932.7+202552,RRab,RRab,False,False,0.3750188011929783,1.0515443746322846,5461,4026,False,False,False,False
4527,CSS_J164107.7-194002,RRab,RRab,False,False,0.38347831857000847,1.1319849281214005,4548,1897,False,False,False,False
4528,CSS_J133049.7+041738,RRc,RRc,False,False,0.4167481286828004,0.9740103916569307,2335,7903,False,False,False,False
4529,CSS_J145530.1-082221,RRab,RRab,False,False,0.48766283235069297,1.0359454793218636,666,4713,False,False,False,False
4530,CSS_J003227.2+411407,EW,EW,False,False,0.4131397558520601,1.27632627105729,2492,620,False,False,False,False
4531,CSS_J012839.7+433957,EW,EW,False,False,0.37017857218965466,0.990509614065792,6072,7284,False,False,False,False
4532,CSS_J145942.6+300006,EA,EA,False,False,0.4310066765033698,0.9860528941503091,1822,7528,False,False,False,False
4533,CSS_J160617.8-130614,EW,EW,False,False,0.42331550665622153,1.1230350315026751,2072,2036,False,False,False,False
4534,CSS_J153018.0-112857,EW,EW,False,False,0.37841761922832584,1.0850465597429801,5077,2907,False,False,False,False
4535,CSS_J075423.0+233839,EW,EW,False,False,0.3892928966719403,0.9899148758804213,3963,7317,False,False,False,False
4536,CSS_J205404.3+023845,EW,EW,False,False,0.452010328572627,1.2222816849376108,1290,919,False,False,False,False
4537,CSS_J064235.5+422858,EW,EW,False,False,0.4245285809758522,1.0561916203793573,2034,3839,False,False,False,False
4538,CSS_J162015.0+582938,EW,EW,False,False,0.38479405692077806,1.0255329847996175,4402,5238,False,False,False,False
4539,CSS_J001528.7+424723,EW,EW,False,False,0.36942655374998135,1.0198343648049115,6160,5533,False,False,False,False
4540,CSS_J163227.0-092809,RRab,RRab,False,False,0.565115947282923,1.7388429327250818,211,52,False,True,False,False
4541,CSS_J235858.7+214748,EA,EA,False,False,0.47819048369912637,1.275027507830085,814,628,False,False,False,False
4542,CSS_J151223.3-073806,EW,EW,False,False,0.35674701410984583,1.0900648548991538,7539,2769,False,False,False,False
4543,CSS_J074611.0+292451,RS CVn,RS CVn,False,True,0.4723343744258159,1.4219837503748667,899,236,False,False,False,False
4544,CSS_J005042.4+373458,RRc,RRc,False,False,0.38006868425599993,1.1240840297189723,4911,2025,False,False,False,False
4545,CSS_J215104.2+211956,EW,EW,False,False,0.37945875763973047,1.1100665923851998,4981,2300,False,False,False,False
4546,CSS_J041358.6+360743,EW,EW,False,False,0.3760223182579991,1.1970779301563794,5361,1101,False,False,False,False
4547,CSS_J095755.1+053929,EW,EW,False,False,0.37487452082394146,1.0730649354638504,5488,3244,False,False,False,False
4548,CSS_J063414.9+494021,EW,EW,False,False,0.3895912124283228,1.013572368801953,3942,5905,False,False,False,False
4549,CSS_J110920.2-174620,RRab,RRab,False,False,0.39856466594712375,1.0205963548375403,3263,5493,False,False,False,False
4550,CSS_J214205.8-093800,RRc,RRc,False,False,0.3933660062267473,0.9945016630575466,3642,7063,False,False,False,False
4551,CSS_J091743.2+162106,EA,EA,False,False,0.4183743432827154,1.120735687040771,2267,2084,False,False,False,False
4552,CSS_J061724.5+595435,EW,EW,False,False,0.36909092500191043,1.102793612935701,6207,2465,False,False,False,False
4553,CSS_J163846.8+013558,EW,EW,False,False,0.372866113094051,1.016694985679834,5725,5722,False,False,False,False
4554,CSS_J170200.9+163132,RRab,RRab,False,False,0.4174589534764328,1.043052401472631,2302,4399,False,False,False,False
4555,CSS_J025623.0+313754,EW,RRc,True,False,0.38472862888992226,1.020754214402015,4407,5485,False,False,False,False
4556,CSS_J104843.0+383923,EW,EW,False,False,0.4761806726217746,1.2604139243412864,839,705,False,False,False,False
4557,CSS_J005359.2-061314,RRc,RRc,False,False,0.37974277033938825,1.0183256174090825,4951,5626,False,False,False,False
4558,CSS_J204749.4-052344,EW,EW,False,False,0.3720727303169657,1.0260107356810024,5816,5211,False,False,False,False
4559,CSS_J215930.6+121617,EW,RS CVn,True,False,0.42150928115316827,1.0689666325369793,2146,3382,False,False,False,False
4560,CSS_J113245.4+342031,EW,EW,False,False,0.361163158232823,1.2046788768496777,7097,1052,False,False,False,False
4561,CSS_J030155.4+154348,EW,EW,False,False,0.40335559939169646,1.081080760817003,2977,3017,False,False,False,False
4562,CSS_J004123.6+184606,EW,EW,False,False,0.3587048711271302,1.0974690820741728,7351,2600,False,False,False,False
4563,CSS_J032121.3-021822,EW,EW,False,False,0.36827299552289916,1.0108837303788223,6308,6088,False,False,False,False
4564,CSS_J084255.6-013332,EW,EW,False,False,0.38116301329494007,1.163798885934562,4793,1449,False,False,False,False
4565,CSS_J045645.2+145605,EW,EW,False,False,0.43268804462879407,1.0479382319556865,1766,4174,False,False,False,False
4566,CSS_J180818.6+343436,EW,RRc,True,False,0.42669803610389306,1.2286956683533,1962,872,False,False,False,False
4567,CSS_J234934.4+342332,EW,EW,False,False,0.4706020464811535,1.0160441558109772,924,5756,False,False,False,False
4568,CSS_J144604.1+335935,RRc,RRc,False,False,0.37577927021344304,0.9910137527383052,5387,7258,False,False,False,False
4569,CSS_J052324.4-145525,EW,EW,False,False,0.3548091668614929,1.025830266357348,7695,5221,False,False,False,False
4570,CSS_J013702.7+325125,EW,EW,False,False,0.36676569130030984,1.0046169889743373,6489,6487,False,False,False,False
4571,CSS_J210701.6+153527,EW,EW,False,False,0.39631760752498163,1.064994071071883,3409,3524,False,False,False,False
4572,CSS_J032901.1-081043,EW,EW,False,False,0.3649458019559327,1.0624842702011823,6695,3610,False,False,False,False
4573,CSS_J225349.4+313104,EW,EW,False,False,0.41986675197712925,1.01500508272703,2210,5810,False,False,False,False
4574,CSS_J072822.3+253553,EW,EW,False,False,0.4027930259285329,1.064599608254839,3009,3535,False,False,False,False
4575,CSS_J152836.1+644244,RRab,RRab,False,False,0.4160134384902707,1.092944710924546,2360,2691,False,False,False,False
4576,CSS_J215423.0+181449,EW,EA,True,False,0.4482034046340072,0.9944893139593184,1365,7066,False,False,False,False
4577,CSS_J082805.5+104414,EW,EW,False,False,0.35487056436747444,0.9900604350376734,7690,7312,False,False,False,False
4578,CSS_J230434.9-013743,EA,EA,False,False,0.4187101469496444,1.0226906324658276,2254,5378,False,False,False,False
4579,CSS_J171238.6+355932,EW,EW,False,False,0.35493813612815933,0.9857929985496365,7683,7541,False,False,False,False
4580,CSS_J084341.6+210848,EW,EW,False,False,0.41954769005731407,1.1808749629431552,2218,1251,False,False,False,False
4581,CSS_J022647.3+381935,EW,EW,False,False,0.39380909001062214,1.049991912648695,3610,4090,False,False,False,False
4582,CSS_J012216.8+410131,EW,EW,False,False,0.3811493914895425,1.085269626187006,4794,2901,False,False,False,False
4583,CSS_J041851.7+360207,EW,EW,False,False,0.39260986431335787,1.013972201023496,3701,5879,False,False,False,False
4584,CSS_J154013.9+294127,EW,EW,False,False,0.46119749479095773,1.2472485304050938,1098,770,False,False,False,False
4585,CSS_J042104.5+180222,EW,EW,False,False,0.3706718948312262,1.02252875318056,6023,5390,False,False,False,False
4586,CSS_J140044.7+072950,RRc,RRc,False,False,0.4300532877034064,1.004446368411147,1855,6502,False,False,False,False
4587,CSS_J044431.3+234013,EW,EW,False,False,0.35156650431787584,1.002335117435207,7890,6626,False,False,False,False
4588,CSS_J015424.6+390419,EA,EA,False,False,0.43988686559241197,0.9906278332457829,1581,7275,False,False,False,False
4589,CSS_J212356.1+003055,EA,EA,False,False,0.49160637579484934,1.0921057610653289,621,2717,False,False,False,False
4590,CSS_J230520.5+383029,EW,EW,False,False,0.36167829964347614,1.0111638003988872,7039,6058,False,False,False,False
4591,CSS_J023453.5+315345,EA,EA,False,False,0.4232260122463627,1.0650386928569524,2079,3522,False,False,False,False
4592,CSS_J124558.1+184401,RRab,RRab,False,False,0.3819955751706842,1.1320191010146388,4687,1896,False,False,False,False
4593,CSS_J162737.4+424719,EW,EW,False,False,0.36971436222851684,1.0791993093756396,6125,3070,False,False,False,False
4594,CSS_J011825.0+391338,EW,EW,False,False,0.37246113981882323,1.1359306858495022,5767,1823,False,False,False,False
4595,CSS_J022802.0+075155,EW,EW,False,False,0.37323406561317657,0.9911164897665626,5687,7251,False,False,False,False
4596,CSS_J165549.2+081338,EW,EW,False,False,0.3939928624454677,1.0810825596348548,3592,3016,False,False,False,False
4597,CSS_J031446.7+333659,EA,EA,False,False,0.45295279152534823,1.02133776166686,1265,5452,False,False,False,False
4598,CSS_J024855.1-031237,EW,EW,False,False,0.36920125549818045,1.0829387163991964,6198,2961,False,False,False,False
4599,CSS_J063525.9+414103,EW,EW,False,False,0.3712414643722827,1.0286330458908928,5945,5073,False,False,False,False
4600,CSS_J224019.8+133529,EW,RRc,True,False,0.41921410727780767,1.052998996134897,2236,3955,False,False,False,False
4601,CSS_J080758.3+214144,EW,EW,False,False,0.4530135328428125,1.0325035057936973,1263,4893,False,False,False,False
4602,CSS_J071609.5+502618,EW,EW,False,False,0.35425927730148493,0.9733047980267951,7738,7915,False,False,False,False
4603,CSS_J073726.7+435043,EW,EW,False,False,0.36156484394260724,0.9991222378769942,7047,6809,False,False,False,False
4604,CSS_J011639.3-075831,EW,EW,False,False,0.3938937330231294,1.2602903346943857,3598,706,False,False,False,False
4605,CSS_J073059.2+544947,EW,EW,False,False,0.383765400555071,1.052723507927728,4514,3974,False,False,False,False
4606,CSS_J064535.0+561951,EW,EA,True,False,0.4174135475707993,0.9859594544051958,2304,7533,False,False,False,False
4607,CSS_J105749.7+111839,RRc,RRc,False,False,0.3879923533716515,1.002466767620638,4088,6619,False,False,False,False
4608,CSS_J064031.3+480141,EA,EA,False,False,0.3878082420589916,1.0084638077668657,4102,6230,False,False,False,False
4609,CSS_J052756.8+035128,EW,EW,False,False,0.3669311317501598,1.0750217424346862,6464,3195,False,False,False,False
4610,CSS_J213518.5-133417,RRc,EW,True,False,0.3931640198599441,1.095520261467112,3653,2634,False,False,False,False
4611,CSS_J032017.0+241250,EW,EW,False,False,0.417487029496954,1.0122318483593165,2300,5988,False,False,False,False
4612,CSS_J052732.1+100832,EW,EW,False,False,0.356523980912691,0.9783379665384573,7558,7812,False,False,False,False
4613,CSS_J022447.4+280244,EA,EA,False,False,0.4623794598141366,1.0136414666640827,1080,5902,False,False,False,False
4614,CSS_J030146.7+300620,EW,EW,False,False,0.3605706129400646,1.089951327213119,7173,2770,False,False,False,False
4615,CSS_J035612.2+232657,EA,EA,False,False,0.45758473211800066,1.0191015619062778,1164,5574,False,False,False,False
4616,CSS_J205501.8-154525,EW,EW,False,False,0.36025453698666343,1.1284126138517943,7203,1948,False,False,False,False
4617,CSS_J040005.7+123542,RS CVn,EW,True,True,0.3668951726826625,1.2278833013067336,6473,876,False,False,False,False
4618,CSS_J174709.1+252140,RRc,RRc,False,False,0.3914394912373925,1.1026456864546286,3794,2467,False,False,False,False
4619,CSS_J062515.7+610808,EW,EW,False,False,0.35241071745415276,1.1596203649204364,7845,1513,False,False,False,False
4620,CSS_J210918.5-155116,RRc,RRc,False,False,0.3670507833438009,1.0449828301964035,6447,4312,False,False,False,False
4621,CSS_J063336.7+564914,RRc,EW,True,False,0.4568480664816769,1.0351439276120722,1182,4748,False,False,False,False
4622,CSS_J110254.8+113554,RRab,RRab,False,False,0.4054699224438809,1.0413487307340716,2857,4476,False,False,False,False
4623,CSS_J173059.3+432450,EA,EA,False,False,0.5536871916434638,1.3025144821961017,241,521,False,False,False,False
4624,CSS_J113649.5+031219,EW,EW,False,False,0.3639076653687812,0.9960230898819269,6806,6974,False,False,False,False
4625,CSS_J154938.8-193007,EW,EW,False,False,0.38352842289413525,1.1197427999457976,4539,2107,False,False,False,False
4626,CSS_J055018.3-053344,EW,EW,False,False,0.4240480486634914,1.0561877056833344,2047,3840,False,False,False,False
4627,CSS_J165615.0+143821,EW,EW,False,False,0.3592897047321247,1.038339883713951,7299,4603,False,False,False,False
4628,CSS_J135540.8-111305,RRc,RRc,False,False,0.37898942954584725,1.0675683170950792,5022,3419,False,False,False,False
4629,CSS_J230320.0+221648,EW,EW,False,False,0.3522688981627311,1.012847571663281,7849,5948,False,False,False,False
4630,CSS_J121214.1+362715,RRc,EW,True,False,0.3517691780290465,0.9831735363457016,7874,7659,False,False,False,False
4631,CSS_J072800.8+384017,EW,RS CVn,True,False,0.5113213850000099,1.1328170421613497,447,1883,False,False,False,False
4632,CSS_J214419.3-190535,RRc,RRc,False,False,0.4023091897270663,1.0194841068011287,3045,5550,False,False,False,False
4633,CSS_J160315.4-074301,RS CVn,RS CVn,False,True,0.5222167493924906,1.0979108493529386,384,2588,False,False,False,False
4634,CSS_J051051.9+191115,EW,EW,False,False,0.38309230371049896,0.9821196586722676,4599,7697,False,False,False,False
4635,CSS_J223938.8+190543,EW,EW,False,False,0.36656521937472253,1.0778956368241988,6520,3113,False,False,False,False
4636,CSS_J155711.9+503000,RRc,RRc,False,False,0.37301621283118525,0.9997509621197315,5710,6777,False,False,False,False
4637,CSS_J233121.7+333443,EA,EA,False,False,0.44386498877048924,1.1926441564531713,1476,1135,False,False,False,False
4638,CSS_J013733.2+335643,EW,EW,False,False,0.3690086931762676,1.0191550713920188,6216,5572,False,False,False,False
4639,CSS_J131410.8+033322,RRc,RRc,False,False,0.3943308643615999,1.0127437473666914,3563,5953,False,False,False,False
4640,CSS_J014740.4+434845,EW,EW,False,False,0.3606020308395042,0.9746626917444567,7169,7885,False,False,False,False
4641,CSS_J092216.9+100613,EA,EA,False,False,0.4802232995961409,1.0445216356932623,785,4341,False,False,False,False
4642,CSS_J082727.6+220917,EW,EW,False,False,0.38160283570929837,1.0914227992364602,4737,2734,False,False,False,False
4643,CSS_J010256.7-065948,EA,EA,False,False,0.4923397552753919,1.0217315011941568,616,5429,False,False,False,False
4644,CSS_J064440.1+662837,RRab,RRab,False,False,0.41701866107347846,1.02784901013881,2320,5115,False,False,False,False
4645,CSS_J085326.6-133117,LPV,LPV,False,False,0.7567000162524435,0.9866205666678853,12,7496,True,False,False,False
4646,CSS_J035327.4+174447,EW,EW,False,False,0.3656985085539343,1.0583443277210556,6616,3755,False,False,False,False
4647,CSS_J002949.2-073212,RRc,RRc,False,False,0.37504487982027335,1.033996929347237,5459,4814,False,False,False,False
4648,CSS_J011718.2-075009,EW,EW,False,False,0.39695131754189383,1.0206910439429175,3374,5490,False,False,False,False
4649,CSS_J113229.6+193548,EW,EW,False,False,0.38711464978689847,1.0429364492227644,4168,4407,False,False,False,False
4650,CSS_J121223.3+215006,RRc,RRc,False,False,0.384464305640208,0.9923370077896259,4434,7175,False,False,False,False
4651,CSS_J122001.9-084927,RS CVn,RS CVn,False,True,0.586038120749651,1.5179326702954117,158,145,True,True,True,False
4652,CSS_J044134.0+090205,EW,EW,False,False,0.3884058527062843,1.0660588089207075,4044,3490,False,False,False,False
4653,CSS_J055607.9-063556,EW,EW,False,False,0.37564366060634885,0.9943308312436303,5407,7076,False,False,False,False
4654,CSS_J022818.9+355651,EW,EW,False,False,0.3562883082557201,0.9853116375601834,7588,7565,False,False,False,False
4655,CSS_J221652.0+301402,EW,EW,False,False,0.3629668572667945,1.0114992318745872,6903,6037,False,False,False,False
4656,CSS_J161736.3+414900,EW,EW,False,False,0.3577557461075196,1.1242956239631146,7457,2021,False,False,False,False
4657,CSS_J073150.5+224421,EW,EW,False,False,0.386152685807508,1.0708247644311468,4262,3312,False,False,False,False
4658,CSS_J042946.7+201744,EW,EW,False,False,0.36039306939971494,1.002234698319666,7190,6632,False,False,False,False
4659,CSS_J040625.9+213650,EW,RRc,True,False,0.39411813585169275,1.063092956732019,3578,3588,False,False,False,False
4660,CSS_J172520.0+203302,EW,EW,False,False,0.383520160574924,1.0387687361213411,4542,4587,False,False,False,False
4661,CSS_J165200.6-012624,EW,EW,False,False,0.40838689941549583,1.0994345338197622,2723,2552,False,False,False,False
4662,CSS_J174234.8+332322,EW,EW,False,False,0.43456626254002106,1.0321556725526257,1708,4913,False,False,False,False
4663,CSS_J234419.3+324146,EW,EW,False,False,0.3925451045319546,1.1259408616242181,3706,1995,False,False,False,False
4664,CSS_J212110.7-131120,EW,EW,False,False,0.3853961488053733,1.1011748528788465,4342,2507,False,False,False,False
4665,CSS_J070948.6+511157,EW,EW,False,False,0.474007771393336,1.116485086525567,872,2170,False,False,False,False
4666,CSS_J205839.3+004346,EW,EW,False,False,0.3658796765960462,1.038764644844095,6594,4588,False,False,False,False
4667,CSS_J214229.6+184403,EW,EW,False,False,0.35621998014409284,0.9926767604763379,7599,7153,False,False,False,False
4668,CSS_J042528.3+244021,EW,EW,False,False,0.3515669279883572,0.9712246620879739,7888,7943,False,False,False,False
4669,CSS_J074052.0+462604,EA,EA,False,False,0.4792821029557489,1.0595266047753875,794,3710,False,False,False,False
4670,CSS_J232315.3+361031,EW,EW,False,False,0.3974930014485879,1.4168294658661378,3335,248,False,False,False,False
4671,CSS_J223226.2+125424,RS CVn,RS CVn,False,True,0.49140590483701946,1.2241256442134065,624,898,False,False,False,False
4672,CSS_J204859.9-115901,EW,EW,False,False,0.44673181828027403,1.0027489952446942,1403,6602,False,False,False,False
4673,CSS_J051118.3+064758,EW,EW,False,False,0.3780632047780344,1.0446192170700836,5120,4333,False,False,False,False
4674,CSS_J112702.6-092750,EW,EW,False,False,0.5342630712971154,1.1532912903246235,318,1582,False,False,False,False
4675,CSS_J035046.0-082426,EW,EW,False,False,0.3866250057034228,1.2549562338730016,4214,728,False,False,False,False
4676,CSS_J092958.2+471837,EW,EW,False,False,0.3945886493941826,0.9892292432384577,3542,7350,False,False,False,False
4677,CSS_J031309.9+360811,EW,EW,False,False,0.3670488437317384,1.005422452066951,6448,6445,False,False,False,False
4678,CSS_J045848.1+044033,EW,EW,False,False,0.37729361991531113,1.0773829322940354,5204,3130,False,False,False,False
4679,CSS_J093055.2+071742,EW,EW,False,False,0.37349327604287935,1.1382868828946016,5655,1788,False,False,False,False
4680,CSS_J035541.7+400509,EW,EW,False,False,0.4336983201263605,1.0535356199335972,1734,3924,False,False,False,False
4681,CSS_J122922.2+095042,RRc,RRc,False,False,0.3809510846261083,1.079031199673213,4819,3077,False,False,False,False
4682,CSS_J233044.6+331619,EW,EW,False,False,0.42178636421402926,1.1786393482659407,2139,1270,False,False,False,False
4683,CSS_J170724.7+100841,EW,EW,False,False,0.3747308027041912,1.0079759615021533,5500,6263,False,False,False,False
4684,CSS_J161510.4+282421,RRc,EW,True,False,0.3692406345948963,0.9875734734991815,6191,7435,False,False,False,False
4685,CSS_J022659.9+410211,EW,EW,False,False,0.38942807089505077,1.027002757496774,3953,5157,False,False,False,False
4686,CSS_J213814.5-142858,RRc,EW,True,False,0.3892206863838311,1.4381753463437361,3972,221,False,False,False,False
4687,CSS_J165938.1-045516,RRd,EW,True,True,0.3517772804919461,0.9943672696926434,7873,7073,False,False,False,False
4688,CSS_J033026.6+385505,EW,EW,False,False,0.37798532349992836,1.2160394592686852,5131,967,False,False,False,False
4689,CSS_J053214.6+010739,EW,EW,False,False,0.40628502883905376,1.1467723219130437,2818,1683,False,False,False,False
4690,CSS_J023305.9+395111,EW,EW,False,False,0.3499928483403466,0.9876392726206067,7952,7429,False,False,False,False
4691,CSS_J104939.2-071110,EW,EW,False,False,0.5502788660128781,1.2299241986240896,256,861,False,False,False,False
4692,CSS_J175504.7+431626,EW,EW,False,False,0.47859791766939613,1.0764385019977767,811,3160,False,False,False,False
4693,CSS_J104818.3-125657,EW,EW,False,False,0.36516907917834845,1.0379109007443206,6666,4624,False,False,False,False
4694,CSS_J135022.4-123557,RRc,EW,True,False,0.36370678555981756,1.009080633274803,6824,6180,False,False,False,False
4695,CSS_J102933.1+581921,EW,EW,False,False,0.3761449230946117,1.030447630194201,5344,5002,False,False,False,False
4696,CSS_J010226.6+252358,EA,EW,True,False,0.4202939439269665,1.0395239040348896,2192,4553,False,False,False,False
4697,CSS_J125907.1-091523,RRc,RRc,False,False,0.37893404348589044,1.0707931754900843,5026,3314,False,False,False,False
4698,CSS_J035915.6-130819,RRab,RRab,False,False,0.38773421439845396,1.0036677342975537,4107,6548,False,False,False,False
4699,CSS_J172102.8+100257,EW,EW,False,False,0.39910283076028064,1.2079795052509419,3218,1033,False,False,False,False
4700,CSS_J154247.4+085828,RRc,RRd,True,False,0.36561465416565236,0.9714946656933954,6625,7938,False,False,False,False
4701,CSS_J042114.4+260527,EW,EW,False,False,0.47064446810000243,1.3977877879758496,923,280,False,False,False,False
4702,CSS_J045402.3+103552,EW,EW,False,False,0.4408970033365474,1.176640146955695,1554,1295,False,False,False,False
4703,CSS_J174016.1+315950,RRc,EW,True,False,0.35038089419990515,1.1852386557367889,7939,1210,False,False,False,False
4704,CSS_J100806.2-064814,LPV,LPV,False,False,0.6906504199136736,0.989821459855716,47,7322,True,False,False,False
4705,CSS_J004312.0+425214,EW,EW,False,False,0.3834747252370222,1.043243595738737,4549,4386,False,False,False,False
4706,CSS_J141507.4+241135,RRd,EW,True,True,0.4557100682844807,1.15598450424997,1201,1552,False,False,False,False
4707,CSS_J083312.8-013203,RS CVn,RS CVn,False,True,0.40604567122853974,1.0390973805961359,2827,4571,False,False,False,False
4708,CSS_J120943.7+481239,RRc,RRc,False,False,0.3799539353092687,1.0121878093707797,4928,5991,False,False,False,False
4709,CSS_J134718.5+060058,RRc,RRc,False,False,0.40420683850734596,1.0342742690806286,2932,4800,False,False,False,False
4710,CSS_J033620.0+243943,EW,EW,False,False,0.3750078231506458,0.9887336868115936,5463,7373,False,False,False,False
4711,CSS_J083705.7-024044,EW,EW,False,False,0.4456928016995095,1.2134828118956031,1425,992,False,False,False,False
4712,CSS_J152813.9+172241,RRc,RRc,False,False,0.39568276212699194,1.137562602312085,3451,1800,False,False,False,False
4713,CSS_J011355.8+334811,EW,EW,False,False,0.3600768569553366,1.0419189649395209,7220,4458,False,False,False,False
4714,CSS_J232454.0+392724,EW,EW,False,False,0.3653141004567285,0.993691896437648,6654,7106,False,False,False,False
4715,CSS_J043639.3-051442,EA,EA,False,False,0.5318536992208864,1.1318088550418397,337,1899,False,False,False,False
4716,CSS_J163157.7+021402,EW,EA,True,False,0.48470934947448735,0.9745190501291944,704,7887,False,False,False,False
4717,CSS_J045421.0+102128,EW,EW,False,False,0.3699958515118574,1.081191640220711,6093,3015,False,False,False,False
4718,CSS_J165233.1-052730,LPV,RS CVn,True,False,0.5514993061244822,1.0640996726470884,248,3545,False,False,False,False
4719,CSS_J233651.3+353158,EA,EA,False,False,0.46033231733549773,1.0002021427286774,1114,6751,False,False,False,False
4720,CSS_J205846.9+003304,EW,EW,False,False,0.3587684285238357,1.0423461709108623,7344,4445,False,False,False,False
4721,CSS_J213603.3+162427,RRc,EW,True,False,0.4947412213835357,1.521486836412272,583,139,False,True,False,False
4722,CSS_J025737.5+273857,RRc,EW,True,False,0.3871500906717358,1.0387788547209993,4162,4586,False,False,False,False
4723,CSS_J153656.7+314507,RRc,EW,True,False,0.3649884705132851,1.094821614458457,6690,2652,False,False,False,False
4724,CSS_J035853.3+004826,EW,EW,False,False,0.4243812839083567,1.1560982566049551,2039,1550,False,False,False,False
4725,CSS_J115222.9+011809,EW,EW,False,False,0.3632755045312665,1.0294977057613433,6872,5033,False,False,False,False
4726,CSS_J100208.3+371936,EW,EW,False,False,0.3563402814539782,1.2165931801895289,7582,963,False,False,False,False
4727,CSS_J121304.3+301637,RRc,EW,True,False,0.35747428908508283,1.1022140989826004,7474,2479,False,False,False,False
4728,CSS_J160758.3+440707,EW,EW,False,False,0.40730131789785573,0.9899064839843337,2775,7318,False,False,False,False
4729,CSS_J175538.2+370633,EW,EW,False,False,0.3672530393865109,1.565043998775192,6423,104,False,True,False,False
4730,CSS_J083335.5+313314,EA,EA,False,False,0.4504010140754594,1.0337856333905426,1321,4828,False,False,False,False
4731,CSS_J115140.8+210155,EA,EW,True,False,0.38542034214367443,1.052924998816199,4337,3963,False,False,False,False
4732,CSS_J010547.7+304914,EW,EW,False,False,0.3819809882694688,0.9727263022145592,4691,7928,False,False,False,False
4733,CSS_J002212.9+364541,EW,EW,False,False,0.38280281358148344,1.0027382807215774,4619,6604,False,False,False,False
4734,CSS_J205028.0-134716,EW,EW,False,False,0.3686732559765358,1.04079442241641,6251,4498,False,False,False,False
4735,CSS_J172832.9+073313,RRab,RRab,False,False,0.37602247503302133,1.2360048892518456,5360,821,False,False,False,False
4736,CSS_J154818.6+085903,EW,EW,False,False,0.4091490006982565,1.1623742567103537,2687,1471,False,False,False,False
4737,CSS_J145519.7-025713,RRc,RRc,False,False,0.3796969555743553,0.9985367070344401,4958,6845,False,False,False,False
4738,CSS_J211145.4+103432,EA,EW,True,False,0.4334419243595747,1.0612222787550731,1744,3652,False,False,False,False
4739,CSS_J044741.2+245058,EW,EW,False,False,0.44167512028188927,1.0643609017618343,1532,3542,False,False,False,False
4740,CSS_J110815.8+463803,EW,RS CVn,True,False,0.4171309826706161,1.3640767559559193,2314,342,False,False,False,False
4741,CSS_J224544.8+255526,EW,EW,False,False,0.3773089981348259,1.004588342276856,5201,6490,False,False,False,False
4742,CSS_J061113.3-111258,EW,EW,False,False,0.35434055316096863,1.023167247879259,7732,5351,False,False,False,False
4743,CSS_J053325.5-153027,EW,EW,False,False,0.37630682258956727,1.0327785644783016,5319,4871,False,False,False,False
4744,CSS_J181925.4+314212,EW,EW,False,False,0.36221392437630956,1.0007069477835664,6983,6718,False,False,False,False
4745,CSS_J024902.4+400829,EW,EW,False,False,0.35986740943043205,1.0634092732038185,7241,3575,False,False,False,False
4746,CSS_J075743.7+181059,EW,EW,False,False,0.37337299965332044,1.0959641172177732,5671,2630,False,False,False,False
4747,CSS_J030359.7+231924,EW,EW,False,False,0.36066707612156046,1.223585186195163,7158,905,False,False,False,False
4748,CSS_J034501.0+383634,EW,EW,False,False,0.3875047060770138,1.0040117103058401,4132,6524,False,False,False,False
4749,CSS_J160851.3+461847,EW,EW,False,False,0.38171876642717134,1.0328794679469344,4724,4865,False,False,False,False
4750,CSS_J152344.4+294809,EW,EW,False,False,0.37068408214583215,1.0141899136480723,6019,5864,False,False,False,False
4751,CSS_J210309.2-011210,RRc,RRd,True,False,0.39228090836592416,1.037711649368884,3725,4633,False,False,False,False
4752,CSS_J140903.8-142804,EW,EW,False,False,0.3685943630579145,1.4527584414570538,6265,206,False,False,False,False
4753,CSS_J090214.0+141004,RRc,EW,True,False,0.37922201425741964,1.693420846045947,5001,60,False,True,False,False
4754,CSS_J205334.7-021002,RRd,RRd,False,True,0.4009025728410297,1.0227899495254484,3117,5373,False,False,False,False
4755,CSS_J002139.0+204512,EW,EW,False,False,0.39692242104084957,1.0532683190152605,3375,3934,False,False,False,False
4756,CSS_J163438.7+203710,EW,EW,False,False,0.3780484734417427,1.0011639964416048,5122,6686,False,False,False,False
4757,CSS_J162810.7+173307,EA,EA,False,False,0.415534196140243,1.0304772945730494,2374,4997,False,False,False,False
4758,CSS_J063739.2+663502,EW,EW,False,False,0.38323321857121095,1.0723685018640863,4580,3271,False,False,False,False
4759,CSS_J142241.6-061205,EW,EW,False,False,0.36225528257082107,0.9885791786413419,6981,7383,False,False,False,False
4760,CSS_J075839.9+131355,EW,EW,False,False,0.37391633731447627,0.9788896375883344,5598,7798,False,False,False,False
4761,CSS_J101037.6-155806,EW,EW,False,False,0.4267964137550176,1.4060850301927663,1959,264,False,False,False,False
4762,CSS_J142804.7+511708,EW,EW,False,False,0.36294032669297116,0.9956146358143236,6906,7001,False,False,False,False
4763,CSS_J071311.3+425402,EW,EW,False,False,0.3849260470101791,0.9774815873683327,4390,7836,False,False,False,False
4764,CSS_J034134.9-114255,EW,EW,False,False,0.47375249206127534,1.124921500306343,877,2009,False,False,False,False
4765,CSS_J082141.9+003034,EW,EW,False,False,0.356639773596448,0.9728512258164,7545,7925,False,False,False,False
4766,CSS_J213140.8+010006,EW,EW,False,False,0.3903857633151621,0.9906204810904498,3873,7277,False,False,False,False
4767,CSS_J030800.7+235820,EW,EW,False,False,0.38923974684825,1.0193948146828946,3970,5558,False,False,False,False
4768,CSS_J235848.6-085313,EW,EW,False,False,0.38578359083959746,1.2828113230565614,4309,597,False,False,False,False
4769,CSS_J105014.5-065947,RRab,RRab,False,False,0.43497997601195537,1.1069597984876394,1698,2368,False,False,False,False
4770,CSS_J161040.4+300742,EW,EW,False,False,0.5125907046130667,1.4485404748156103,434,212,False,False,False,False
4771,CSS_J052808.1-065221,EW,EW,False,False,0.35784447846160844,1.1363403062648318,7448,1820,False,False,False,False
4772,CSS_J073703.9+242651,EW,EW,False,False,0.42376456048286676,1.403179959022101,2057,269,False,False,False,False
4773,CSS_J052324.5+044243,EW,EW,False,False,0.35732642177989504,1.0094804822336705,7485,6154,False,False,False,False
4774,CSS_J011907.9-061809,EW,EW,False,False,0.3845677428467602,1.0157233985022467,4427,5767,False,False,False,False
4775,CSS_J084939.0+090555,EW,EW,False,False,0.3871821965537559,1.012612330583942,4155,5961,False,False,False,False
4776,CSS_J224208.4+310055,EA,EW,True,False,0.5634913912024875,1.4172794631632661,214,247,False,False,False,False
4777,CSS_J211032.5+005504,RRc,RRc,False,False,0.381489769667424,1.0316511436581635,4751,4936,False,False,False,False
4778,CSS_J005617.3+234704,EA,EA,False,False,0.40895588271208994,1.0425202216057687,2699,4437,False,False,False,False
4779,CSS_J021809.2+285542,EW,EW,False,False,0.3750962664012907,1.0560517371094442,5453,3843,False,False,False,False
4780,CSS_J124025.8-093502,EW,EW,False,False,0.3713254986426523,1.0506509281865257,5930,4064,False,False,False,False
4781,CSS_J073807.7+330932,EW,EW,False,False,0.4004867945929086,1.0873876841946295,3144,2848,False,False,False,False
4782,CSS_J180123.9+461227,RRc,EW,True,False,0.4765878787542038,1.5321732511006707,835,131,False,True,False,False
4783,CSS_J170811.2+501214,EW,EW,False,False,0.39466924449192436,1.6151738141479541,3532,78,False,True,False,False
4784,CSS_J225548.7+400310,EW,EW,False,False,0.41283285802525543,1.05714333721848,2509,3804,False,False,False,False
4785,CSS_J060018.2-085935,EW,EW,False,False,0.3619283710024931,1.0401180865665864,7009,4526,False,False,False,False
4786,CSS_J025254.6+383740,EW,EW,False,False,0.3908896902019445,1.0147026000637542,3840,5836,False,False,False,False
4787,CSS_J131824.3+004354,EW,EW,False,False,0.38927659339934767,1.1610433936516504,3965,1495,False,False,False,False
4788,CSS_J170931.6+155737,EW,EW,False,False,0.3594256873278603,1.159467464624417,7286,1515,False,False,False,False
4789,CSS_J211644.5+022233,EW,EW,False,False,0.4565422936111074,1.0065825438842266,1188,6351,False,False,False,False
4790,CSS_J212849.3-134227,EW,EW,False,False,0.4045926936411537,1.2520729781125985,2914,738,False,False,False,False
4791,CSS_J221939.2+155213,EW,EW,False,False,0.3718935231584209,1.3006208134362505,5838,526,False,False,False,False
4792,CSS_J082202.9+085101,EW,EW,False,False,0.3632551072962114,1.0711806680190448,6874,3301,False,False,False,False
4793,CSS_J160704.9+403537,EW,EW,False,False,0.4537290565991121,1.0439713334994534,1244,4363,False,False,False,False
4794,CSS_J034109.6+262212,EW,EW,False,False,0.37566845861501086,0.9928415434226368,5404,7147,False,False,False,False
4795,CSS_J162615.5-063835,RRc,RRc,False,False,0.38664334190719973,1.2104122099480505,4212,1007,False,False,False,False
4796,CSS_J000614.3+263239,EW,EW,False,False,0.5133168899783861,1.3041744116991212,431,513,False,False,False,False
4797,CSS_J230046.4+163913,EW,EW,False,False,0.40691181990133674,1.0484971547172646,2788,4146,False,False,False,False
4798,CSS_J033031.2-134916,EW,EW,False,False,0.38005837771605133,1.0938336887700213,4913,2668,False,False,False,False
4799,CSS_J213505.7-165233,EW,EW,False,False,0.4010575150995461,1.2733962061744017,3107,638,False,False,False,False
4800,CSS_J084210.3+224931,EA,EA,False,False,0.530274819809763,1.069837712731984,340,3344,False,False,False,False
4801,CSS_J060143.4-125506,EW,EW,False,False,0.3524623414712998,1.1328007357093308,7840,1884,False,False,False,False
4802,CSS_J051631.3+144050,EW,RRc,True,False,0.3541225109467912,1.322556258799699,7749,443,False,False,False,False
4803,CSS_J020435.6+331222,EW,RS CVn,True,False,0.4148383780586793,1.0519367395785932,2401,4009,False,False,False,False
4804,CSS_J040842.7+202535,EW,EW,False,False,0.3773517692979029,1.018327149268077,5195,5625,False,False,False,False
4805,CSS_J000655.0+401222,EW,EW,False,False,0.38890034761747905,1.0189560793815384,4000,5585,False,False,False,False
4806,CSS_J092032.4+481739,EW,EW,False,False,0.3518935569418362,1.0229195213663347,7867,5364,False,False,False,False
4807,CSS_J094410.3-012939,EW,EW,False,False,0.3762324511547054,1.0304671019883773,5328,4998,False,False,False,False
4808,CSS_J212310.3+111104,EW,EW,False,False,0.3608213173141384,1.0015253737298484,7140,6667,False,False,False,False
4809,CSS_J224517.8+230327,EW,EW,False,False,0.3811346092820723,1.0008881181256535,4797,6705,False,False,False,False
4810,CSS_J221239.7+110617,EW,EW,False,False,0.3831666984842738,1.0019334937586133,4589,6655,False,False,False,False
4811,CSS_J204847.9-125615,RRc,RRc,False,False,0.3916842606152086,1.0215910254167049,3772,5437,False,False,False,False
4812,CSS_J051808.6+091002,EW,EW,False,False,0.460939654716245,1.0622207504305894,1105,3622,False,False,False,False
4813,CSS_J162644.4+005706,RRc,RRc,False,False,0.3704496274488084,0.9924964988394338,6043,7166,False,False,False,False
4814,CSS_J221747.0+310938,EW,EW,False,False,0.35971260693663293,0.9978048100414207,7257,6882,False,False,False,False
4815,CSS_J075300.1+103122,EW,EW,False,False,0.40761524002881633,1.0327429191080115,2759,4876,False,False,False,False
4816,CSS_J234847.5+413409,EW,EW,False,False,0.39494169252947875,1.0086503271409446,3511,6217,False,False,False,False
4817,CSS_J155105.5-135131,EW,EW,False,False,0.35830193929353216,1.0007970479608186,7400,6711,False,False,False,False
4818,CSS_J044414.4+195447,RRc,EW,True,False,0.5053716139074831,1.2974038984042795,495,542,False,False,False,False
4819,CSS_J043800.8-015325,RRc,RRc,False,False,0.3704079960127923,1.0248737317741043,6048,5276,False,False,False,False
4820,CSS_J051848.8+001221,EW,EW,False,False,0.5332792194317183,3.2947255642762143,326,2,False,True,False,False
4821,CSS_J002500.9+384928,EW,EW,False,False,0.36228041688972984,0.9925433063435462,6978,7161,False,False,False,False
4822,CSS_J033250.2-045709,EW,EW,False,False,0.3516066585785841,1.0170829462749744,7884,5699,False,False,False,False
4823,CSS_J014814.3+325053,RRc,RRc,False,False,0.3949074100455568,1.020167640256289,3516,5514,False,False,False,False
4824,CSS_J014643.0+261927,EW,EW,False,False,0.43042244296706766,1.0165896304979147,1841,5729,False,False,False,False
4825,CSS_J041131.4+080443,EW,EW,False,False,0.3512513381534967,1.0082173315042844,7904,6250,False,False,False,False
4826,CSS_J073642.8+223802,EW,EW,False,False,0.3883672220163664,1.1030915895775362,4051,2454,False,False,False,False
4827,CSS_J164927.1+153033,EA,EA,False,False,0.4825744593177271,1.0471795430876696,742,4213,False,False,False,False
4828,CSS_J042310.1+081733,EW,EW,False,False,0.36904676811034487,1.0225098282803513,6211,5392,False,False,False,False
4829,CSS_J022108.7+123015,EW,EW,False,False,0.39066892234861994,1.041949538146151,3855,4456,False,False,False,False
4830,CSS_J210351.9-005926,EW,RRab,True,False,0.6174365530682414,2.2351969885334637,108,8,True,True,True,False
4831,CSS_J220506.9+160646,EW,EW,False,False,0.3538635314130813,1.0638604383939356,7768,3557,False,False,False,False
4832,CSS_J233023.0+141738,RRc,RRc,False,False,0.38891940778368567,1.091132874194476,3998,2738,False,False,False,False
4833,CSS_J212135.8+153928,RS CVn,RS CVn,False,True,0.4369047224761624,1.3590565918362774,1650,351,False,False,False,False
4834,CSS_J075758.9+220507,EA,EA,False,False,0.5211542578308314,1.0063455293864267,388,6367,False,False,False,False
4835,CSS_J002702.6+032056,EW,EW,False,False,0.39237178794547733,1.21239425487857,3718,996,False,False,False,False
4836,CSS_J081521.3+392045,EW,EW,False,False,0.37669937921872815,1.0225736462152384,5271,5387,False,False,False,False
4837,CSS_J025358.4+173714,EW,EW,False,False,0.38812086274445806,1.0693386285191648,4074,3367,False,False,False,False
4838,CSS_J072708.6+384809,EW,EW,False,False,0.4258565063487962,1.0887480113730583,1998,2815,False,False,False,False
4839,CSS_J043736.4+023332,EW,EW,False,False,0.4231082380919981,1.032627723572285,2085,4881,False,False,False,False
4840,CSS_J165003.9+002524,EW,EW,False,False,0.37262146541385655,1.1177709713446613,5747,2146,False,False,False,False
4841,CSS_J172259.2+392928,RS CVn,RS CVn,False,True,0.48930454121215955,1.1183804559241715,651,2137,False,False,False,False
4842,CSS_J050014.5+062514,EW,EW,False,False,0.4142600390251908,0.9900372767553535,2434,7313,False,False,False,False
4843,CSS_J220018.6+221650,EW,EW,False,False,0.3841405087857352,1.0064790141756532,4471,6358,False,False,False,False
4844,CSS_J014331.3+392949,EW,EA,True,False,0.4055623943548284,1.0674000562105634,2853,3432,False,False,False,False
4845,CSS_J234701.7+015034,EW,EW,False,False,0.383109298104927,1.0458111128154064,4593,4274,False,False,False,False
4846,CSS_J055729.7-083716,EW,EW,False,False,0.39140195196020533,1.0817390782368626,3799,2998,False,False,False,False
4847,CSS_J115643.5-164056,EW,EW,False,False,0.42549953615529007,1.1854352211063346,2004,1207,False,False,False,False
4848,CSS_J163720.4+101823,EW,EW,False,False,0.3702548420365448,1.0440534671680202,6060,4361,False,False,False,False
4849,CSS_J224854.7+383456,EW,EW,False,False,0.3938513845288008,1.0184627687929129,3605,5605,False,False,False,False
4850,CSS_J173547.1+281257,EW,EW,False,False,0.375859701321076,1.021723960764192,5381,5430,False,False,False,False
4851,CSS_J131801.2+324340,EW,EW,False,False,0.41101594973214844,1.021842799386316,2599,5418,False,False,False,False
4852,CSS_J220019.0+010408,EW,EW,False,False,0.3665742184897753,1.0122631717649058,6516,5985,False,False,False,False
4853,CSS_J171612.7+140303,EA,EA,False,False,0.4728203681859576,0.9826270567420943,892,7674,False,False,False,False
4854,CSS_J170648.6+245400,EW,EW,False,False,0.3763079453799812,1.0084803115401995,5318,6229,False,False,False,False
4855,CSS_J134244.9+030947,RRc,RRab,True,False,0.4447056511329771,1.0439394120628076,1455,4364,False,False,False,False
4856,CSS_J165910.3-041121,RRc,RRc,False,False,0.4145247013496564,1.21230458391863,2421,997,False,False,False,False
4857,CSS_J043348.8-101139,EW,EW,False,False,0.3567538112839806,1.0827204448659065,7538,2968,False,False,False,False
4858,CSS_J083954.1+232016,EW,EW,False,False,0.37709470259509925,1.0120062532408993,5225,6001,False,False,False,False
4859,CSS_J044621.5+005418,EW,EW,False,False,0.383703550997582,1.0533044985411002,4526,3932,False,False,False,False
4860,CSS_J230816.8+283122,EW,EW,False,False,0.37803414982784267,1.0245868590749494,5126,5284,False,False,False,False
4861,CSS_J214541.5+150142,EW,EW,False,False,0.3542440745987029,0.9843049452036823,7740,7613,False,False,False,False
4862,CSS_J044336.7+041144,EW,EW,False,False,0.3585026609582707,1.0104529451724302,7373,6111,False,False,False,False
4863,CSS_J220956.0+071739,EW,EW,False,False,0.41477290677936235,1.0565192624516029,2405,3823,False,False,False,False
4864,CSS_J145500.3+020019,RRab,RRab,False,False,0.4844637375120762,1.0538476625044377,707,3920,False,False,False,False
4865,CSS_J090022.4+263522,EW,EW,False,False,0.3623259381627583,0.9984152189057554,6967,6853,False,False,False,False
4866,CSS_J163755.3+473227,RRc,RRc,False,False,0.3943048885196631,1.017564446269635,3564,5677,False,False,False,False
4867,CSS_J055309.2-024406,EW,EW,False,False,0.39827762560993357,1.344296134090281,3287,391,False,False,False,False
4868,CSS_J012753.1+041256,EW,EW,False,False,0.4155109481316563,1.1393379440521862,2377,1777,False,False,False,False
4869,CSS_J075129.1+185823,RS CVn,RS CVn,False,True,0.4890386187699341,1.2511763398549098,654,743,False,False,False,False
4870,CSS_J210228.0-025157,EW,EW,False,False,0.38106390743741836,1.002064836331351,4804,6645,False,False,False,False
4871,CSS_J212629.6-174309,EW,EW,False,False,0.36168257689842215,1.047658421215682,7038,4195,False,False,False,False
4872,CSS_J091732.7-160542,EW,EA,True,False,0.5886560846319675,1.416123789862948,154,250,True,False,False,False
4873,CSS_J073222.6+470456,EW,EW,False,False,0.3708684350001015,1.0446986278177035,5989,4329,False,False,False,False
4874,CSS_J051013.4+061034,EA,EA,False,False,0.4589369694023745,1.057661027497554,1132,3780,False,False,False,False
4875,CSS_J204227.4-120854,EW,EW,False,False,0.36133128235366535,1.1446172282899871,7076,1706,False,False,False,False
4876,CSS_J220818.9+304550,EW,EW,False,False,0.3606520804694684,0.9852175156467105,7162,7570,False,False,False,False
4877,CSS_J150810.4+103456,RRc,EW,True,False,0.3972200972116941,1.086534291195807,3353,2868,False,False,False,False
4878,CSS_J111744.7+474510,RRc,RRc,False,False,0.3696101920311947,1.223439829094067,6138,908,False,False,False,False
4879,CSS_J133450.3+041431,EW,EW,False,False,0.36436744411345734,1.0691339159276674,6755,3373,False,False,False,False
4880,CSS_J120439.3-191916,EW,EW,False,False,0.43848833334539805,1.1803174865154864,1613,1259,False,False,False,False
4881,CSS_J062035.2-103259,EW,EW,False,False,0.35780612408651374,1.146926330450085,7453,1681,False,False,False,False
4882,CSS_J082150.7+464248,EW,EW,False,False,0.3634715803847322,0.9934375297134108,6851,7121,False,False,False,False
4883,CSS_J112921.1-010159,EA,EA,False,False,0.4512818665036512,0.9968766081958137,1302,6929,False,False,False,False
4884,CSS_J074259.6+624913,EW,EW,False,False,0.361893501512944,1.0344666598882664,7013,4783,False,False,False,False
4885,CSS_J141721.5+582148,EW,EW,False,False,0.3578284445566534,0.9970666892332447,7450,6920,False,False,False,False
4886,CSS_J212741.2+160845,EW,EW,False,False,0.3592291266227697,0.9721535464258848,7304,7932,False,False,False,False
4887,CSS_J052332.2+190247,EW,EW,False,False,0.38939360382680227,1.1722433368224299,3956,1347,False,False,False,False
4888,CSS_J012603.8-120737,RS CVn,EW,True,True,0.4054504265190034,1.016143225833035,2861,5749,False,False,False,False
4889,CSS_J074627.1+322422,EW,EW,False,False,0.379626701178667,1.0660497838650236,4966,3491,False,False,False,False
4890,CSS_J220210.9+085322,EW,EW,False,False,0.44046380901600635,1.229710813725539,1564,863,False,False,False,False
4891,CSS_J215300.9+200403,EW,EW,False,False,0.3579757294712152,0.9870436645436165,7434,7476,False,False,False,False
4892,CSS_J203124.7-130513,EW,EW,False,False,0.543473569751651,1.276539577495834,277,618,False,False,False,False
4893,CSS_J034025.2+303303,LPV,LPV,False,False,0.6818730255175485,1.214976705803641,54,978,True,False,False,False
4894,CSS_J113301.9-140136,EW,EW,False,False,0.3870880093421832,1.260073354306201,4170,708,False,False,False,False
4895,CSS_J085840.9+352006,EW,EW,False,False,0.4283977392640953,1.080228025298802,1904,3038,False,False,False,False
4896,CSS_J010112.1+441054,EW,EW,False,False,0.36527442671372407,1.0300006283212484,6658,5014,False,False,False,False
4897,CSS_J101902.7+271249,EA,EA,False,False,0.4632485485256536,1.1668814936274068,1066,1417,False,False,False,False
4898,CSS_J232102.8+220109,EW,EW,False,False,0.3650671804983388,1.047124378273842,6677,4217,False,False,False,False
4899,CSS_J021541.5+300803,EW,EW,False,False,0.40006381089090565,1.03968480632863,3167,4544,False,False,False,False
4900,CSS_J173714.7+345425,EA,EA,False,False,0.40804634609897705,1.0056612414373407,2739,6425,False,False,False,False
4901,CSS_J051840.2+163328,EW,EW,False,False,0.3964879891274959,1.0394564820181065,3396,4557,False,False,False,False
4902,CSS_J164051.2+040108,EW,EW,False,False,0.36621840913071324,1.007931741923094,6554,6266,False,False,False,False
4903,CSS_J213335.1-160705,RRc,RRc,False,False,0.3794881118466917,1.133413919873643,4975,1873,False,False,False,False
4904,CSS_J100329.4+120828,EW,EW,False,False,0.355507776834818,1.0853710306328699,7646,2895,False,False,False,False
4905,CSS_J134651.7+225714,EW,EW,False,False,0.4086838624699532,1.046567090551597,2711,4238,False,False,False,False
4906,CSS_J073642.3+195726,EW,EW,False,False,0.3707917497481891,1.155015854575868,6002,1560,False,False,False,False
4907,CSS_J233340.6+371756,EW,EW,False,False,0.362104721057602,1.0832212344496828,6998,2951,False,False,False,False
4908,CSS_J015326.7+372843,EW,EW,False,False,0.3626942872055608,1.0073310779359415,6934,6306,False,False,False,False
4909,CSS_J125802.5+195401,RRc,EW,True,False,0.48364485163550835,1.068185390545087,721,3406,False,False,False,False
4910,CSS_J172038.7+401747,EW,EW,False,False,0.3614399990111722,0.995532696549511,7065,7006,False,False,False,False
4911,CSS_J201725.4-163928,RRab,EW,True,False,0.3764757982625519,1.0306961320542392,5304,4987,False,False,False,False
4912,CSS_J210521.6+094000,EW,EW,False,False,0.351018388533865,1.0054906959423306,7912,6440,False,False,False,False
4913,CSS_J212808.8+151622,EW,EW,False,False,0.383604802584825,1.0016938789387848,4533,6662,False,False,False,False
4914,CSS_J181703.6+361700,EA,EA,False,False,0.5279859136170371,1.0736943236072827,354,3228,False,False,False,False
4915,CSS_J080116.9+064400,EW,EW,False,False,0.3914117421461051,1.1979741354408118,3797,1095,False,False,False,False
4916,CSS_J064303.8+485232,EW,EW,False,False,0.4334468424611605,1.0218057098447406,1742,5420,False,False,False,False
4917,CSS_J211739.4+100857,EW,EW,False,False,0.37666904753268216,1.2329638177403255,5275,845,False,False,False,False
4918,CSS_J220624.2-022713,EW,EA,True,False,0.4514812230999333,1.009147221495306,1297,6173,False,False,False,False
4919,CSS_J231840.1+232040,EW,EW,False,False,0.42642575878568273,1.0948376571215672,1971,2650,False,False,False,False
4920,CSS_J090011.6-123154,EW,EW,False,False,0.3787451559147094,1.333597259410332,5048,421,False,False,False,False
4921,CSS_J032335.1+292557,EW,EW,False,False,0.36738115849658187,0.9917291286255218,6411,7219,False,False,False,False
4922,CSS_J033220.4+172418,RRc,RRc,False,False,0.42812983913854513,1.1439996352209922,1911,1715,False,False,False,False
4923,CSS_J034741.3+275556,EW,EW,False,False,0.4091996410519858,1.0039133503176376,2686,6530,False,False,False,False
4924,CSS_J093714.5+144552,EW,EW,False,False,0.365967741134923,0.9804602397037501,6578,7745,False,False,False,False
4925,CSS_J172051.1+211045,EW,EW,False,False,0.36176935548156386,1.0815096858711841,7026,3003,False,False,False,False
4926,CSS_J070940.9+500505,EW,EW,False,False,0.4087129189043495,1.2750961438378892,2707,626,False,False,False,False
4927,CSS_J155929.0+053937,RRc,RRc,False,False,0.3776792537800447,0.9936435027913006,5171,7110,False,False,False,False
4928,CSS_J013408.2+351837,EW,EW,False,False,0.38119938666511805,1.005754655618786,4786,6419,False,False,False,False
4929,CSS_J163439.2+514444,EW,EW,False,False,0.3532725656604404,1.0073635016137115,7803,6303,False,False,False,False
4930,CSS_J092506.4+001010,EW,EW,False,False,0.35397930539287836,1.0123902057543135,7758,5975,False,False,False,False
4931,CSS_J090756.7-153836,EW,EW,False,False,0.39401592083516657,1.0699682780532838,3590,3337,False,False,False,False
4932,CSS_J224646.2-070358,RRc,RRc,False,False,0.3644655500914803,0.9712979499009107,6744,7941,False,False,False,False
4933,CSS_J164010.5+032743,EW,EW,False,False,0.3811465805040548,1.069831794118676,4796,3346,False,False,False,False
4934,CSS_J002505.9+234143,EW,EW,False,False,0.3634359308589701,0.9837236421183311,6854,7634,False,False,False,False
4935,CSS_J132629.5-122804,RRab,RRab,False,False,0.4080763697023688,1.061324200585241,2737,3648,False,False,False,False
4936,CSS_J035200.6+140056,EW,EW,False,False,0.3536246222919197,1.144266609139997,7784,1712,False,False,False,False
4937,CSS_J173447.4+142219,RRc,RRc,False,False,0.3698182540537358,0.9896004122782592,6113,7335,False,False,False,False
4938,CSS_J173141.9+190220,EW,EW,False,False,0.38209402212122034,0.994702203922408,4679,7052,False,False,False,False
4939,CSS_J231152.9+244157,RS CVn,RS CVn,False,True,0.48013577863035023,1.1910495748679415,786,1148,False,False,False,False
4940,CSS_J054215.5-041105,EW,EW,False,False,0.3575188252908608,1.2449768922407913,7470,781,False,False,False,False
4941,CSS_J045837.3+101923,EW,EW,False,False,0.4465459312886125,1.246717314992134,1405,772,False,False,False,False
4942,CSS_J152922.7+204656,RRc,EW,True,False,0.45748432794332333,1.0562713109706796,1167,3833,False,False,False,False
4943,CSS_J015248.7+442331,EW,RS CVn,True,False,0.3881521238252566,1.0324702766449088,4072,4895,False,False,False,False
4944,CSS_J040908.0+303243,EW,EW,False,False,0.3685099530349275,1.0623290505949199,6280,3617,False,False,False,False
4945,CSS_J042357.8+225653,EW,EW,False,False,0.3707649857067498,1.0098810195968349,6009,6137,False,False,False,False
4946,CSS_J165919.0+494711,RRc,RRc,False,False,0.3963946892437875,1.0389822577916004,3404,4578,False,False,False,False
4947,CSS_J165735.9+550927,RRc,RRc,False,False,0.3896507740944307,1.0475033676083996,3937,4203,False,False,False,False
4948,CSS_J174320.2+191410,EW,EW,False,False,0.36872717997251653,0.9998772186648497,6243,6771,False,False,False,False
4949,CSS_J210605.1+051909,EW,EW,False,False,0.36675816511574694,0.994947845906044,6492,7037,False,False,False,False
4950,CSS_J054031.7-152406,EW,EW,False,False,0.37276897926796626,1.029561115632677,5732,5029,False,False,False,False
4951,CSS_J210715.7+121728,EW,EW,False,False,0.44462214142137396,1.591198236466711,1459,90,False,True,False,False
4952,CSS_J230146.1+074129,EA,EA,False,False,0.4807158522906965,1.0304810785819014,778,4995,False,False,False,False
4953,CSS_J044047.9+303656,EW,EW,False,False,0.3593682146150348,0.9860135969509871,7294,7531,False,False,False,False
4954,CSS_J162032.6-121825,EW,EW,False,False,0.3989169479545574,1.054203463334312,3234,3912,False,False,False,False
4955,CSS_J212206.8+074830,EW,EW,False,False,0.3645977640094161,0.983782546989865,6732,7630,False,False,False,False
4956,CSS_J164627.1+411434,EW,EW,False,False,0.40932457491185714,1.2422154306496673,2679,798,False,False,False,False
4957,CSS_J104314.6+325214,RRc,RRc,False,False,0.39004196800263663,1.0618470787814724,3898,3635,False,False,False,False
4958,CSS_J085655.8+042255,EW,EW,False,False,0.3850985107871496,1.2113707454829163,4368,1003,False,False,False,False
4959,CSS_J005255.1+302635,EW,EW,False,False,0.41710588321509867,1.1601870395119478,2316,1505,False,False,False,False
4960,CSS_J115538.5-162223,EW,EW,False,False,0.37946333664655274,1.2863307714517411,4980,585,False,False,False,False
4961,CSS_J135811.5+323216,EW,EW,False,False,0.34934404265277097,0.9870594418226217,7957,7475,False,False,False,False
4962,CSS_J055347.4-081011,EA,EA,False,False,0.5588448728729815,1.211413643111285,228,1002,False,False,False,False
4963,CSS_J223536.0+035947,RRc,RRc,False,False,0.3922676319848296,1.0606298142918695,3726,3665,False,False,False,False
4964,CSS_J105951.0-132515,EW,EW,False,False,0.4004664258676915,1.161727911113061,3145,1479,False,False,False,False
4965,CSS_J173508.5+195835,RRc,RRc,False,False,0.3755157701705928,1.1473996242867337,5418,1672,False,False,False,False
4966,CSS_J083327.3-040324,RRc,RRc,False,False,0.39284674895646865,1.0696733564826282,3683,3353,False,False,False,False
4967,CSS_J053915.4+023137,RS CVn,RS CVn,False,True,0.5336272566107988,1.5526102850089136,321,115,False,True,False,False
4968,CSS_J082851.2+003814,EW,EW,False,False,0.3793551650245007,1.105747435971347,4991,2395,False,False,False,False
4969,CSS_J231237.5-093940,RRab,RRab,False,False,0.42789349610525707,1.1508222568210364,1923,1613,False,False,False,False
4970,CSS_J162051.3+444825,RRc,RRc,False,False,0.37114661849663294,1.0250564297733462,5959,5264,False,False,False,False
4971,CSS_J230658.5+411218,EW,EW,False,False,0.36141178776038785,0.9816695367691807,7069,7715,False,False,False,False
4972,CSS_J172105.9+122358,EW,EW,False,False,0.3858057441617058,1.072415864069346,4304,3268,False,False,False,False
4973,CSS_J033054.0+224559,EW,EW,False,False,0.4119148016505449,1.0061568602323225,2550,6378,False,False,False,False
4974,CSS_J074614.7+282747,EW,EW,False,False,0.41359247405924926,1.0812504909817677,2471,3012,False,False,False,False
4975,CSS_J051918.2+051804,EW,EW,False,False,0.3863047370076397,1.1318874981078648,4244,1898,False,False,False,False
4976,CSS_J093253.4+004407,EW,EW,False,False,0.35908164389236114,1.047810703412901,7316,4186,False,False,False,False
4977,CSS_J160058.0+104012,EW,EW,False,False,0.3601262914170881,1.0190708281765453,7216,5575,False,False,False,False
4978,CSS_J092448.1-072602,RRc,RRc,False,False,0.38957107970556987,1.192136541349036,3944,1136,False,False,False,False
4979,CSS_J231302.5+285505,EW,EW,False,False,0.3595731055194433,1.1643585735162016,7270,1444,False,False,False,False
4980,CSS_J071513.4+341822,EA,EA,False,False,0.4910788478971432,1.0734734704834517,633,3233,False,False,False,False
4981,CSS_J164541.3-065233,EW,EW,False,False,0.4066995987125133,0.9906005512018661,2799,7279,False,False,False,False
4982,CSS_J214225.2-155235,RRab,RRab,False,False,0.49814816131925876,1.25857431628936,552,716,False,False,False,False
4983,CSS_J075103.6+240338,EW,EW,False,False,0.396169579374748,1.010780529025702,3417,6095,False,False,False,False
4984,CSS_J160910.6-072839,LPV,LPV,False,False,0.7337142108013522,0.9754797356822797,25,7871,True,False,False,False
4985,CSS_J075512.6+420853,EW,EW,False,False,0.4527828535171127,1.070860112647123,1270,3309,False,False,False,False
4986,CSS_J143635.4+240037,EW,EW,False,False,0.39530901937020535,1.2591432040003443,3483,714,False,False,False,False
4987,CSS_J055540.0-070219,EW,EW,False,False,0.45282831803488166,1.2628044542925747,1269,693,False,False,False,False
4988,CSS_J075553.1+314149,EW,EW,False,False,0.3897510021200983,1.0207234960705454,3924,5488,False,False,False,False
4989,CSS_J020034.1+331819,EW,EW,False,False,0.3606542156040655,1.2988589634644612,7161,535,False,False,False,False
4990,CSS_J104315.0+090327,RRc,RRc,False,False,0.37674243547994046,1.0134284233762325,5264,5914,False,False,False,False
4991,CSS_J042930.5+104412,RRab,RRab,False,False,0.45329217853121057,1.0075165687681553,1253,6293,False,False,False,False
4992,CSS_J052745.4-140853,EW,EW,False,False,0.4085203297367878,1.3440938275100733,2714,393,False,False,False,False
4993,CSS_J161426.7+490444,RRc,RRd,True,False,0.3915061779670331,1.0273552875316796,3790,5138,False,False,False,False
4994,CSS_J143059.4-014446,EW,EW,False,False,0.40519866712955693,1.2520274598931478,2875,739,False,False,False,False
4995,CSS_J024151.0+383547,EW,EA,True,False,0.4410636549430129,1.0373325197254348,1546,4652,False,False,False,False
4996,CSS_J042549.6+152442,EA,EA,False,False,0.4702457571116112,1.0744049329255208,931,3208,False,False,False,False
4997,CSS_J202952.6-055506,EW,EW,False,False,0.35835208915857536,1.0657270894066975,7392,3498,False,False,False,False
4998,CSS_J125153.6+004124,RRc,RRc,False,False,0.45556635665913964,1.2095666937535414,1207,1015,False,False,False,False
4999,CSS_J221852.5+233006,EW,EW,False,False,0.35262954496068183,0.9875441370470094,7831,7436,False,False,False,False
5000,CSS_J065105.3+670229,EW,EW,False,False,0.35439919572374107,1.0216405560300381,7726,5435,False,False,False,False
5001,CSS_J044403.7+265156,EW,EW,False,False,0.36276033128978197,1.0137399475186886,6926,5897,False,False,False,False
5002,CSS_J165732.0+171228,RRc,RRc,False,False,0.38049270933082424,0.9936443100713582,4868,7109,False,False,False,False
5003,CSS_J092245.0+332107,EW,EW,False,False,0.41268452860943083,1.0334422128940985,2517,4844,False,False,False,False
5004,CSS_J034226.9+285141,EW,EW,False,False,0.3575657108329222,1.0068444532805059,7465,6329,False,False,False,False
5005,CSS_J044558.1+015643,EW,EW,False,False,0.35824516717565125,0.9870852079979606,7404,7472,False,False,False,False
5006,CSS_J140550.2-062700,EW,EW,False,False,0.4033687374641609,1.0921334021668414,2976,2715,False,False,False,False
5007,CSS_J224004.3+044155,EW,RRab,True,False,0.3809615745119759,1.1177284236391913,4815,2147,False,False,False,False
5008,CSS_J090236.9+065805,EW,EW,False,False,0.5082196036892378,1.354548711732051,472,363,False,False,False,False
5009,CSS_J165416.3-034248,RRc,RRc,False,False,0.36479806294644357,1.09028056513314,6710,2761,False,False,False,False
5010,CSS_J224500.5+250435,EW,EW,False,False,0.36929997456670294,1.012361291676788,6185,5980,False,False,False,False
5011,CSS_J211543.7+060222,RRc,RRc,False,False,0.4104621085429164,1.0517498457799674,2628,4018,False,False,False,False
5012,CSS_J041331.1+292338,EW,EW,False,False,0.37289651198291085,1.0895690794785435,5723,2789,False,False,False,False
5013,CSS_J053944.6+052931,EA,EA,False,False,0.41583237014390234,1.1662415588449402,2365,1421,False,False,False,False
5014,CSS_J100441.7+105314,EW,EW,False,False,0.38815895685787943,1.0429200391897,4071,4411,False,False,False,False
5015,CSS_J170521.0+195459,EW,EW,False,False,0.362184782766099,1.1803921811823095,6990,1257,False,False,False,False
5016,CSS_J051729.5+100819,EW,EW,False,False,0.39127387602886443,1.0285847292325223,3811,5078,False,False,False,False
5017,CSS_J170825.4+593148,RRc,RRc,False,False,0.37017268086725713,1.0465488690121698,6073,4241,False,False,False,False
5018,CSS_J223737.2+071326,EW,EW,False,False,0.3652517028605491,1.032658103042214,6660,4879,False,False,False,False
5019,CSS_J203242.0-154812,EW,EW,False,False,0.3831032124962338,1.0348413661339566,4595,4764,False,False,False,False
5020,CSS_J052941.3-174247,EW,EW,False,False,0.39402346934360816,1.086629688780257,3587,2864,False,False,False,False
5021,CSS_J083440.9+214532,EW,EW,False,False,0.39140352426401886,1.104873318009673,3798,2409,False,False,False,False
5022,CSS_J074303.0+283138,EA,EW,True,False,0.49963162125184335,1.3601533470188172,539,349,False,False,False,False
5023,CSS_J214242.6-102134,EW,EW,False,False,0.4114515091877038,1.048742323380763,2575,4139,False,False,False,False
5024,CSS_J050809.3-030204,EW,EW,False,False,0.41390913447314726,1.2056074764801088,2447,1044,False,False,False,False
5025,CSS_J101833.7+200222,EW,RS CVn,True,False,0.42105426067769114,1.166908646938543,2162,1415,False,False,False,False
5026,CSS_J070200.5+500614,EW,EW,False,False,0.3622859796374034,1.0650231654096944,6976,3523,False,False,False,False
5027,CSS_J123054.1-154815,RRc,EW,True,False,0.36477610063984195,1.1017211384843242,6715,2492,False,False,False,False
5028,CSS_J134017.2-042242,EW,EW,False,False,0.4168406805250828,1.3051988656810813,2330,508,False,False,False,False
5029,CSS_J035513.8+201242,EW,EW,False,False,0.38503113944632655,1.008851038432214,4376,6202,False,False,False,False
5030,CSS_J015641.1-093711,EW,EW,False,False,0.45223935901353274,1.199989400646703,1280,1081,False,False,False,False
5031,CSS_J040335.7+105757,EW,EW,False,False,0.36245876919897513,0.9958104546390201,6955,6987,False,False,False,False
5032,CSS_J055919.4-022133,EW,EW,False,False,0.39199364109421914,1.0656483379486668,3747,3500,False,False,False,False
5033,CSS_J082841.5+001519,EW,EW,False,False,0.3973471445796895,1.0479042447280766,3344,4177,False,False,False,False
5034,CSS_J035224.2+240047,EW,EW,False,False,0.3563630341311362,0.986919992661415,7578,7481,False,False,False,False
5035,CSS_J161117.5+345320,RRc,RRc,False,False,0.37019125773769074,1.0522265921917742,6068,3998,False,False,False,False
5036,CSS_J151121.8+364203,RRc,RRc,False,False,0.3903634362075326,1.002467518947851,3876,6618,False,False,False,False
5037,CSS_J083043.6+301009,EA,EA,False,False,0.5506857345498053,1.104511630969182,253,2417,False,False,False,False
5038,CSS_J212542.7+125830,EA,EA,False,False,0.46551304342372624,1.021468561540952,1019,5445,False,False,False,False
5039,CSS_J022248.1+345741,EW,EW,False,False,0.3871452651020642,0.990261230032135,4165,7301,False,False,False,False
5040,CSS_J011020.6-142441,RRc,RRc,False,False,0.4320614959941641,1.244309586997693,1784,784,False,False,False,False
5041,CSS_J230501.5+030257,RRc,RRab,True,False,0.3980215134018374,1.1844385552095789,3300,1219,False,False,False,False
5042,CSS_J141615.3+120621,EW,EW,False,False,0.36002283395419166,1.0243278840129508,7228,5301,False,False,False,False
5043,CSS_J175802.5+485417,EW,EW,False,False,0.4609361852008136,1.3039273638043734,1106,515,False,False,False,False
5044,CSS_J053349.9+042240,EW,EW,False,False,0.3790280976535621,1.0263723338706334,5018,5190,False,False,False,False
5045,CSS_J001449.2+223926,RRc,RRc,False,False,0.41318923728342505,1.0910763140478148,2491,2740,False,False,False,False
5046,CSS_J072708.7+371820,EW,EW,False,False,0.39357837079261493,1.0089131986692803,3631,6195,False,False,False,False
5047,CSS_J151414.2-072807,EW,EW,False,False,0.5880516273661405,1.718509331956455,156,53,True,True,True,True
5048,CSS_J214616.0+050301,EA,EA,False,False,0.5031661843068433,1.062020511141737,515,3630,False,False,False,False
5049,CSS_J082110.3+191816,EW,EW,False,False,0.3719959363959447,1.036423135567498,5825,4692,False,False,False,False
5050,CSS_J224256.6+190051,EW,EW,False,False,0.3679958329255504,1.260597503640544,6350,703,False,False,False,False
5051,CSS_J160307.5+191204,EW,EW,False,False,0.3487688480357871,1.0115912017174769,7972,6032,False,False,False,False
5052,CSS_J145945.8+540353,RS CVn,EW,True,True,0.40853535196303775,1.4662811846722108,2713,184,False,False,False,False
5053,CSS_J165909.5+004748,EW,EW,False,False,0.3940827752562157,1.051926555495259,3581,4010,False,False,False,False
5054,CSS_J131538.1+223426,RRc,RRc,False,False,0.3790562277878897,1.0084209823176022,5016,6234,False,False,False,False
5055,CSS_J171421.8+144542,RRc,EW,True,False,0.4825315361259621,1.0697238421774309,744,3352,False,False,False,False
5056,CSS_J162647.0+001421,EW,EW,False,False,0.4120768602470767,0.9890763782676769,2540,7357,False,False,False,False
5057,CSS_J003019.9+164513,EA,EA,False,False,0.4556099824124361,1.050939798321243,1206,4055,False,False,False,False
5058,CSS_J150359.3+052946,EW,EW,False,False,0.3594599973259494,1.004013724782114,7283,6523,False,False,False,False
5059,CSS_J141212.7-160600,RS CVn,RS CVn,False,True,0.5074868474701857,1.9008098596479588,483,31,False,True,False,False
5060,CSS_J150458.5-122707,RRab,RRab,False,False,0.5291681321646899,0.9903383979669307,347,7298,False,False,False,False
5061,CSS_J123244.7+090010,EW,EW,False,False,0.38311083177577265,1.083375054301182,4592,2947,False,False,False,False
5062,CSS_J035305.2+125844,EW,EW,False,False,0.3862615807309532,0.9997986359381995,4249,6775,False,False,False,False
5063,CSS_J233511.5+003256,EA,EA,False,False,0.43733891971495287,0.9959556627171242,1640,6979,False,False,False,False
5064,CSS_J130623.4-124148,EW,RRc,True,False,0.41160503141063465,1.3559032735316228,2566,361,False,False,False,False
5065,CSS_J052217.0-043044,RRc,EW,True,False,0.42637579496218286,0.9832259899506438,1972,7656,False,False,False,False
5066,CSS_J160032.7+343426,EW,RRab,True,False,0.39869891283070363,1.079059774048185,3253,3076,False,False,False,False
5067,CSS_J045823.4+102215,EW,EW,False,False,0.35489777668603856,1.0184940580929092,7687,5603,False,False,False,False
5068,CSS_J063316.6+534146,EW,EW,False,False,0.41167418720194326,1.0184508403905603,2562,5608,False,False,False,False
5069,CSS_J121627.2+464111,EW,EW,False,False,0.35356003007477294,1.0013714802031672,7788,6674,False,False,False,False
5070,CSS_J090653.2+520520,EA,EA,False,False,0.45570952569901074,1.050367274100426,1202,4075,False,False,False,False
5071,CSS_J032634.1+255207,EW,EW,False,False,0.3785309062876789,1.1674601548788948,5065,1405,False,False,False,False
5072,CSS_J172537.4+115233,RS CVn,EW,True,True,0.35386152675099325,1.0795833868114333,7769,3059,False,False,False,False
5073,CSS_J204211.7-123051,RS CVn,RS CVn,False,True,0.4119883746988673,1.1767106501630233,2545,1293,False,False,False,False
5074,CSS_J220600.9+133211,EW,EW,False,False,0.3576229289402063,1.0126402438531885,7462,5959,False,False,False,False
5075,CSS_J223702.0+075718,EW,EW,False,False,0.3712689042555621,1.1485400404539543,5942,1650,False,False,False,False
5076,CSS_J065701.5+365255,EW,EW,False,False,0.38449255518173486,1.0550656418852662,4433,3878,False,False,False,False
5077,CSS_J145438.0-051811,RRab,RRab,False,False,0.4772856305670944,1.0285786480272165,826,5079,False,False,False,False
5078,CSS_J110615.5+015118,RRc,EW,True,False,0.3621531870703589,1.007555964988569,6992,6289,False,False,False,False
5079,CSS_J034319.0-064048,EW,EW,False,False,0.38653837933762936,1.0075624402228527,4222,6288,False,False,False,False
5080,CSS_J154051.2+534158,EW,EW,False,False,0.35041798515000916,0.9844259472729868,7938,7609,False,False,False,False
5081,CSS_J150739.4-182822,RRc,RRc,False,False,0.422581775681806,1.0988093153296448,2110,2570,False,False,False,False
5082,CSS_J150455.2+354757,LPV,LPV,False,False,0.7276917109608578,1.0841235222956462,28,2932,True,False,False,False
5083,CSS_J002511.2+413358,EW,EW,False,False,0.3659503608126501,0.9998002527521626,6580,6774,False,False,False,False
5084,CSS_J050101.8+241700,RS CVn,EW,True,True,0.44383484950721197,1.134754247732588,1478,1847,False,False,False,False
5085,CSS_J045333.6+225616,EW,EW,False,False,0.3874519931692691,1.023445914469369,4136,5339,False,False,False,False
5086,CSS_J213415.1+075248,EW,EW,False,False,0.5100722982383795,1.2774285205395235,459,614,False,False,False,False
5087,CSS_J224759.9+274323,EW,EW,False,False,0.37807137872751423,1.0518789874195187,5118,4011,False,False,False,False
5088,CSS_J204603.1-032804,EW,EW,False,False,0.4042584272242876,1.1281029389946906,2927,1954,False,False,False,False
5089,CSS_J214124.7-133903,EW,EW,False,False,0.3815156497090405,1.067457155017182,4748,3427,False,False,False,False
5090,CSS_J093743.3+520741,EW,EW,False,False,0.36921893320454396,1.1160565842369345,6194,2178,False,False,False,False
5091,CSS_J143440.1-063725,RS CVn,EW,True,True,0.4090157654274753,1.1483478123914204,2693,1653,False,False,False,False
5092,CSS_J121146.1+195740,LPV,LPV,False,False,0.6827384870390315,1.0644237395366596,53,3541,True,False,False,False
5093,CSS_J211737.5+080619,EW,EA,True,False,0.42382938412703086,1.0121936291712554,2054,5990,False,False,False,False
5094,CSS_J082500.3+341932,EW,EW,False,False,0.3509128219258138,1.0360658771831597,7920,4708,False,False,False,False
5095,CSS_J163144.0+101418,EW,EW,False,False,0.3565111770918972,0.9864894953312999,7560,7498,False,False,False,False
5096,CSS_J080420.7+060120,EA,EA,False,False,0.42272289587869566,1.028451785632803,2105,5089,False,False,False,False
5097,CSS_J062819.8+622908,EW,EW,False,False,0.36260388655255965,1.1341461407646398,6945,1865,False,False,False,False
5098,CSS_J223309.4+195420,EA,EW,True,False,0.42505742217083,1.0158608084196168,2022,5763,False,False,False,False
5099,CSS_J094555.8-033050,EW,EW,False,False,0.3570759730530389,0.990472512452158,7511,7290,False,False,False,False
5100,CSS_J164527.5+014301,EA,EA,False,False,0.42057917664711725,0.9965259493927221,2177,6951,False,False,False,False
5101,CSS_J142939.2+255951,RRc,EW,True,False,0.4450401033344925,1.2991169540962328,1446,534,False,False,False,False
5102,CSS_J170341.2+493324,RRc,RRc,False,False,0.37095000614883916,1.1069864398866982,5984,2367,False,False,False,False
5103,CSS_J114103.7+522357,RRc,RRc,False,False,0.3963440103557261,1.0142874901436207,3408,5859,False,False,False,False
5104,CSS_J170505.6+055951,EW,EW,False,False,0.4182913774013961,1.0847293897693602,2269,2915,False,False,False,False
5105,CSS_J000639.4+293459,EA,EA,False,False,0.41232267321328814,0.9846777024706783,2531,7599,False,False,False,False
5106,CSS_J164658.0+142533,EW,EW,False,False,0.41388874371727585,1.0322744449824515,2450,4907,False,False,False,False
5107,CSS_J090304.7+002008,EW,EW,False,False,0.49477233657417974,1.715654055196325,581,56,False,True,False,False
5108,CSS_J122228.3-045309,EW,EW,False,False,0.3844619490567673,1.0606201017522663,4435,3666,False,False,False,False
5109,CSS_J045754.5-125708,EW,EW,False,False,0.3670100487342838,1.0950884546993334,6456,2645,False,False,False,False
5110,CSS_J102751.4-103800,EW,EW,False,False,0.3717562956755689,1.0457608078107026,5868,4276,False,False,False,False
5111,CSS_J130539.4+101736,RS CVn,EW,True,True,0.3958997576522778,1.0232830995550675,3441,5346,False,False,False,False
5112,CSS_J105501.3+102009,EW,EW,False,False,0.38243108482650995,1.0096679949630356,4652,6148,False,False,False,False
5113,CSS_J145544.6+340616,LPV,LPV,False,False,0.6163804008664582,0.9675033549327928,111,7974,True,False,False,False
5114,CSS_J224516.7+262842,EW,EW,False,False,0.36110161085541026,1.0874825755726958,7107,2846,False,False,False,False
5115,CSS_J103704.9-103740,EW,EW,False,False,0.707181406885581,3.4296995766126726,37,1,True,True,True,True
5116,CSS_J085132.6+311916,EW,EW,False,False,0.359329343809875,1.0102872675515635,7297,6120,False,False,False,False
5117,CSS_J183023.5+345612,EW,EW,False,False,0.37221228788627564,1.0524799945092758,5799,3991,False,False,False,False
5118,CSS_J021625.9-045213,EW,EW,False,False,0.38121824860420445,1.0339336159146473,4784,4817,False,False,False,False
5119,CSS_J204509.1-044739,EW,EW,False,False,0.37536514996557224,1.0764845969154682,5427,3158,False,False,False,False
5120,CSS_J084813.1+084201,EW,EW,False,False,0.363862079255622,1.0477073214417527,6815,4193,False,False,False,False
5121,CSS_J032827.4+284942,EW,EW,False,False,0.4237268310112249,1.176247204993519,2058,1298,False,False,False,False
5122,CSS_J060128.0-152839,EW,EW,False,False,0.34906683374218783,1.0047085995908271,7964,6480,False,False,False,False
5123,CSS_J023127.2-172751,EW,EW,False,False,0.38895320156553614,1.0002632859833418,3996,6744,False,False,False,False
5124,CSS_J175954.4+644414,RRab,RRab,False,False,0.3669046540896896,1.1692770465156663,6469,1380,False,False,False,False
5125,CSS_J211440.7+053000,EW,EW,False,False,0.5253625747168019,1.1691076156454583,366,1385,False,False,False,False
5126,CSS_J034135.2+175833,EW,EW,False,False,0.3867055133317691,0.9613366563848448,4201,7995,False,False,False,False
5127,CSS_J104941.2-142927,EW,EW,False,False,0.42977697661639414,1.1841338220791833,1863,1221,False,False,False,False
5128,CSS_J231720.4+301817,EA,EW,True,False,0.3911167179896266,1.0279867033961747,3824,5105,False,False,False,False
5129,CSS_J021300.9-191606,EW,EW,False,False,0.3967717482437063,1.0987091502770072,3383,2571,False,False,False,False
5130,CSS_J025126.2+302915,EW,EW,False,False,0.3761265863537133,1.0808761607433899,5348,3021,False,False,False,False
5131,CSS_J171959.3+144821,EW,EW,False,False,0.3549045644792751,1.0500523684964822,7686,4087,False,False,False,False
5132,CSS_J150426.8-142505,EW,EW,False,False,0.3870588150313804,1.0566269357097697,4177,3819,False,False,False,False
5133,CSS_J042140.3+173436,EA,EA,False,False,0.44651769844387534,0.9864695705412581,1406,7501,False,False,False,False
5134,CSS_J040411.4+184210,EW,EW,False,False,0.40365116972539267,1.059794738164237,2962,3698,False,False,False,False
5135,CSS_J012254.6-121312,EW,EW,False,False,0.3780979398601932,1.142087548529118,5115,1736,False,False,False,False
5136,CSS_J160323.4+012420,EW,EW,False,False,0.35379343073166036,1.016799941209841,7773,5714,False,False,False,False
5137,CSS_J145325.5-160025,EW,EW,False,False,0.40871226360734253,1.1237683163908196,2708,2030,False,False,False,False
5138,CSS_J141330.8-032358,EW,EW,False,False,0.3581755625877511,1.0815022671257055,7410,3004,False,False,False,False
5139,CSS_J223442.2+072335,EA,EA,False,False,0.46081337391977634,0.9822396802913259,1108,7689,False,False,False,False
5140,CSS_J000427.4+440349,RRab,EW,True,False,0.42037806280558576,1.4637841980965718,2188,192,False,False,False,False
5141,CSS_J013919.7+235911,EW,EW,False,False,0.36784077775234514,0.9827816275222123,6364,7667,False,False,False,False
5142,CSS_J220021.2+215122,RRc,EW,True,False,0.38369934974226527,0.9943744555322503,4527,7072,False,False,False,False
5143,CSS_J225440.4+362222,EW,EW,False,False,0.36808879336775024,1.062885489033951,6340,3593,False,False,False,False
5144,CSS_J165059.6+110708,RRc,RRc,False,False,0.4046864910710079,1.1240666746048997,2908,2026,False,False,False,False
5145,CSS_J022112.1+373529,EW,EW,False,False,0.37198077699910875,1.0158118510279013,5829,5764,False,False,False,False
5146,CSS_J052229.1+021829,RS CVn,RS CVn,False,True,0.42303648882413236,1.1061392949636322,2089,2385,False,False,False,False
5147,CSS_J031641.4-045509,EA,EA,False,False,0.4326488833723339,1.093827140310224,1768,2669,False,False,False,False
5148,CSS_J092548.1-153524,EW,EW,False,False,0.39261553667203763,1.1610895561887287,3700,1494,False,False,False,False
5149,CSS_J081159.2+220210,EW,EW,False,False,0.3641226864261075,1.012168758175364,6776,5993,False,False,False,False
5150,CSS_J151348.4+123211,EW,EW,False,False,0.4035990484365085,1.1200873315075357,2965,2099,False,False,False,False
5151,CSS_J045757.2-065437,EW,EW,False,False,0.3815128925913208,1.0070581116750847,4750,6320,False,False,False,False
5152,CSS_J215956.1+042017,EW,EW,False,False,0.38686035519052075,1.0285116472255253,4188,5084,False,False,False,False
5153,CSS_J220239.5+224211,EW,EW,False,False,0.36320868966164754,1.0036074632905032,6878,6551,False,False,False,False
5154,CSS_J044906.7+091822,EW,EW,False,False,0.41129281534053225,1.105831561028269,2580,2393,False,False,False,False
5155,CSS_J063317.0+402530,EW,EW,False,False,0.3729405701674697,1.021299371805504,5718,5456,False,False,False,False
5156,CSS_J074305.8+361804,EW,EW,False,False,0.49218155343105224,1.0840641755062763,617,2934,False,False,False,False
5157,CSS_J180655.0+382416,EW,EW,False,False,0.37157618891343563,1.1003244619391261,5894,2528,False,False,False,False
5158,CSS_J040228.6+332108,EW,EW,False,False,0.3858017589204538,1.2015163494767054,4305,1076,False,False,False,False
5159,CSS_J122711.6+431159,RRc,RRc,False,False,0.36395784580390783,1.0025490916899338,6801,6615,False,False,False,False
5160,CSS_J165547.5+530006,EW,EW,False,False,0.44703833598866977,1.0074870676161987,1396,6295,False,False,False,False
5161,CSS_J155306.8+171656,EW,EW,False,False,0.39329410096001116,1.0328957282656215,3644,4863,False,False,False,False
5162,CSS_J094409.6+413908,EW,EW,False,False,0.36636595333940314,1.0331284201447706,6538,4858,False,False,False,False
5163,CSS_J043214.1+042658,EW,EW,False,False,0.3774335975851231,1.0182968650659792,5191,5627,False,False,False,False
5164,CSS_J044101.0-140231,RS CVn,EW,True,True,0.37536759841064204,1.1959864764032446,5426,1107,False,False,False,False
5165,CSS_J163322.3+282025,EW,EW,False,False,0.43960764079945974,1.0454145675620674,1587,4295,False,False,False,False
5166,CSS_J065550.7+354012,EW,EW,False,False,0.4065871254129567,1.0550381979004146,2804,3881,False,False,False,False
5167,CSS_J042022.2+084140,EW,EW,False,False,0.3734949666112096,1.0503635140003773,5654,4076,False,False,False,False
5168,CSS_J165523.7+573029,RRc,EW,True,False,0.439587601422408,1.1701254026841494,1588,1368,False,False,False,False
5169,CSS_J152038.2+073821,EW,EW,False,False,0.36105292443021375,1.0212839990806035,7112,5458,False,False,False,False
5170,CSS_J071925.2+533235,EW,EW,False,False,0.3576625537235426,1.0249627507799581,7461,5271,False,False,False,False
5171,CSS_J160431.0-020927,RRc,RRc,False,False,0.39718497140233705,1.0509768535489667,3355,4053,False,False,False,False
5172,CSS_J075726.3+231402,EW,EW,False,False,0.3776564492091224,1.004475001298783,5172,6500,False,False,False,False
5173,CSS_J151528.7+064139,EW,EW,False,False,0.3854628667983578,1.281673447583498,4334,601,False,False,False,False
5174,CSS_J130159.5+625043,EW,EW,False,False,0.3513732960732446,0.982825638119402,7899,7666,False,False,False,False
5175,CSS_J032815.5-131055,EW,EW,False,False,0.40146623454241875,1.2312908650723804,3093,853,False,False,False,False
5176,CSS_J170957.3+394550,EW,EW,False,False,0.6604241955342406,1.1184103698956893,69,2134,True,False,False,False
5177,CSS_J001748.1+403356,EA,EA,False,False,0.45159192767366163,1.1472112111429607,1295,1677,False,False,False,False
5178,CSS_J031410.4+262919,EA,EA,False,False,0.4638473734578385,1.0593543237949892,1049,3716,False,False,False,False
5179,CSS_J234125.9-102625,EW,EW,False,False,0.4193661086368305,1.0858747304303724,2230,2884,False,False,False,False
5180,CSS_J044327.1+000717,EW,EW,False,False,0.36686646654605815,1.1358587137600278,6475,1824,False,False,False,False
5181,CSS_J230838.0+345346,EW,EW,False,False,0.3726036720573266,1.074745305914369,5750,3203,False,False,False,False
5182,CSS_J124948.6+241455,RRc,RRc,False,False,0.4947706428480146,1.1010356257070686,582,2511,False,False,False,False
5183,CSS_J075929.9+401945,EW,EW,False,False,0.39563740903261807,1.4219051416972768,3457,237,False,False,False,False
5184,CSS_J230614.3+171829,EW,EW,False,False,0.37569599892947425,1.1460953635668876,5403,1691,False,False,False,False
5185,CSS_J170735.2+072433,EW,EW,False,False,0.389974917983128,1.0314396936860082,3905,4946,False,False,False,False
5186,CSS_J110013.7-090308,RRc,RRc,False,False,0.38605253153374336,1.0275137047828233,4275,5130,False,False,False,False
5187,CSS_J042959.5+243307,RS CVn,EW,True,True,0.5925251505147544,2.1972555001036813,144,11,True,True,True,False
5188,CSS_J020840.3+251305,RRc,RRc,False,False,0.41377626716594507,1.134550986901216,2457,1854,False,False,False,False
5189,CSS_J175652.3+574659,EW,EW,False,False,0.3896698074502737,1.015689663245104,3935,5769,False,False,False,False
5190,CSS_J071736.8+374230,EA,EA,False,False,0.4270448562644778,1.010574958373327,1949,6109,False,False,False,False
5191,CSS_J061146.3-060949,EW,EW,False,False,0.4542188415576209,1.0000130564522143,1234,6763,False,False,False,False
5192,CSS_J003129.9+313149,EW,EW,False,False,0.43027767969667063,1.0381774395464614,1850,4609,False,False,False,False
5193,CSS_J032717.2+344037,EW,EW,False,False,0.37851091587236335,1.1043156276906774,5068,2424,False,False,False,False
5194,CSS_J051501.1-021950,EW,EW,False,False,0.36277353269859336,1.0950381153882003,6924,2647,False,False,False,False
5195,CSS_J084427.0+125231,EW,EW,False,False,0.4691842991390141,1.210222527257856,951,1009,False,False,False,False
5196,CSS_J043013.1+334404,EW,EW,False,False,0.3478252431172228,1.0617215294220763,7988,3641,False,False,False,False
5197,CSS_J025132.5+260741,EW,EW,False,False,0.4278833197062655,1.218097195480389,1924,952,False,False,False,False
5198,CSS_J214633.9+050539,EW,EW,False,False,0.36232339606713926,1.0498745135214318,6969,4094,False,False,False,False
5199,CSS_J023017.4+242553,EW,EW,False,False,0.4745449700544777,1.1337398903621898,862,1868,False,False,False,False
5200,CSS_J034329.9+220155,EW,EW,False,False,0.4212169375267599,1.0477395286352917,2153,4190,False,False,False,False
5201,CSS_J213654.9+161248,EA,EW,True,False,0.5365576118074243,1.3337269961181213,311,420,False,False,False,False
5202,CSS_J075207.5+301745,EW,EW,False,False,0.4716439863728667,1.2701410680652745,909,653,False,False,False,False
5203,CSS_J093030.9+574553,EW,EW,False,False,0.5690792478875019,1.513257314586679,198,153,False,True,False,False
5204,CSS_J083336.9+180944,EW,EW,False,False,0.3753361606016239,1.0902111720495191,5432,2764,False,False,False,False
5205,CSS_J081402.9+054904,EW,EW,False,False,0.37669944951967144,1.0390271393164607,5270,4575,False,False,False,False
5206,CSS_J132312.9+133638,EW,EW,False,False,0.498202453083345,1.1400419513642,551,1767,False,False,False,False
5207,CSS_J160209.3-123408,RRab,RRab,False,False,0.47038581429540904,1.1606386016403074,929,1500,False,False,False,False
5208,CSS_J051400.1-172027,RRab,RRab,False,False,0.42003020153187787,0.9864238003186039,2203,7503,False,False,False,False
5209,CSS_J044003.3+083449,EW,EW,False,False,0.3929808498786405,1.0380560617363992,3668,4616,False,False,False,False
5210,CSS_J135555.6+124647,EW,EW,False,False,0.38063293926146513,1.053480780872065,4850,3928,False,False,False,False
5211,CSS_J230902.5+355639,EW,EW,False,False,0.43998190298804674,1.0303872623983377,1577,5006,False,False,False,False
5212,CSS_J022753.1+380929,EW,EW,False,False,0.37229056219593837,1.0530843017964533,5788,3945,False,False,False,False
5213,CSS_J165957.0+051801,EW,EW,False,False,0.3559053845638434,1.105249048907584,7623,2405,False,False,False,False
5214,CSS_J030042.0+124257,EA,EA,False,False,0.48494638479431357,1.1595660958416594,697,1514,False,False,False,False
5215,CSS_J082202.7+040842,EW,EW,False,False,0.4796464942517813,1.1345411146221398,790,1855,False,False,False,False
5216,CSS_J072120.9+401110,EW,EW,False,False,0.46880445421063016,1.1444335634504286,961,1710,False,False,False,False
5217,CSS_J180053.4+304103,EW,EW,False,False,0.37280257422011487,1.0115503791931515,5728,6036,False,False,False,False
5218,CSS_J212940.2+084854,EA,EA,False,False,0.48514586763820206,0.9939599799571692,695,7097,False,False,False,False
5219,CSS_J202354.0-181748,RRc,RRc,False,False,0.405640867866361,1.1152768281310095,2848,2202,False,False,False,False
5220,CSS_J011353.7+375707,RS CVn,RS CVn,False,True,0.3971415302667254,1.0579551973967847,3360,3770,False,False,False,False
5221,CSS_J065531.5+450434,EW,EW,False,False,0.367603901837754,1.080421499822679,6384,3030,False,False,False,False
5222,CSS_J051621.6-184837,EW,EW,False,False,0.35380203177516034,1.026957472499527,7771,5159,False,False,False,False
5223,CSS_J082612.0+320003,EW,EW,False,False,0.366218557854991,1.0520560996629755,6553,4005,False,False,False,False
5224,CSS_J144801.8-141440,RRab,RRab,False,False,0.4585294065484986,1.088021033176734,1142,2832,False,False,False,False
5225,CSS_J094715.9-063423,EW,EW,False,False,0.3616695954043799,1.0778912476521072,7040,3115,False,False,False,False
5226,CSS_J043325.6+391652,EW,EW,False,False,0.37981366862992305,0.9586919924201064,4945,7998,False,False,False,False
5227,CSS_J161859.4+155952,EW,EW,False,False,0.3653337427542685,1.070981488323286,6652,3306,False,False,False,False
5228,CSS_J102052.3-035819,RRc,EW,True,False,0.3799807753716537,1.0124902743063515,4926,5966,False,False,False,False
5229,CSS_J141428.9-040852,RRab,RRab,False,False,0.537576545125593,1.033887742423353,305,4820,False,False,False,False
5230,CSS_J122325.7-061008,EW,EW,False,False,0.3998896796929264,1.0314578350154018,3176,4944,False,False,False,False
5231,CSS_J103314.7+011703,RRc,RRc,False,False,0.409214896693154,1.3410887715486082,2685,403,False,False,False,False
5232,CSS_J020428.7+381426,EW,EW,False,False,0.3729233773865126,1.0847416208145875,5720,2913,False,False,False,False
5233,CSS_J041516.1+295849,EW,EA,True,False,0.3955140904030906,0.9997563415619549,3470,6776,False,False,False,False
5234,CSS_J155606.1+000325,RRc,RRc,False,False,0.3841841943034419,1.0114543366822182,4467,6042,False,False,False,False
5235,CSS_J172001.9+394541,RRc,RRc,False,False,0.36703095660804025,0.9921275959705247,6450,7190,False,False,False,False
5236,CSS_J213131.7+011824,EA,EA,False,False,0.5341595757250542,1.0030373279526656,320,6581,False,False,False,False
5237,CSS_J220638.0+060322,EW,EW,False,False,0.41219864668757233,0.9986709512834517,2536,6834,False,False,False,False
5238,CSS_J203013.5-041711,EW,EW,False,False,0.37825942584251704,1.0272366639301436,5096,5146,False,False,False,False
5239,CSS_J024932.6+281632,EA,EA,False,False,0.46876482800417646,0.9958593332614193,962,6983,False,False,False,False
5240,CSS_J090846.2-011956,EW,EW,False,False,0.37911848416232835,1.0883540302964514,5011,2821,False,False,False,False
5241,CSS_J091404.1+382649,RRab,RRab,False,False,0.41675383645700165,0.9782916604543234,2334,7816,False,False,False,False
5242,CSS_J084738.3+012804,EW,EW,False,False,0.4048032396351167,1.1090498407149807,2896,2323,False,False,False,False
5243,CSS_J232457.9+271408,EW,EW,False,False,0.3626741225531409,1.1365617206455079,6939,1815,False,False,False,False
5244,CSS_J133517.6-061753,EW,EW,False,False,0.35304254007709013,1.0433262958103309,7812,4383,False,False,False,False
5245,CSS_J090716.4+092030,EW,EW,False,False,0.39868544448523524,1.1195078237063942,3255,2111,False,False,False,False
5246,CSS_J163708.4+370135,EW,EA,True,False,0.45336162851292344,1.045720324626712,1249,4278,False,False,False,False
5247,CSS_J134058.5+393616,EW,EW,False,False,0.3661189358996422,0.9859801344011745,6565,7532,False,False,False,False
5248,CSS_J223047.6+044542,RRc,RRc,False,False,0.38315594953428816,0.9884243352384138,4590,7392,False,False,False,False
5249,CSS_J045928.3+141623,EW,RS CVn,True,False,0.3859511906517071,1.0378866259093233,4289,4625,False,False,False,False
5250,CSS_J164542.9+145814,RRc,RRc,False,False,0.3945554606175303,1.0152463502147144,3550,5796,False,False,False,False
5251,CSS_J053524.0-112121,EW,EW,False,False,0.3888493576302063,0.9910225458749892,4005,7256,False,False,False,False
5252,CSS_J082029.3+103802,EW,EW,False,False,0.3850236292818038,1.0311949392472062,4378,4962,False,False,False,False
5253,CSS_J034818.2+304607,EW,EW,False,False,0.39615511673725984,0.9846537212072064,3418,7600,False,False,False,False
5254,CSS_J110028.4-134024,EW,EW,False,False,0.41155569930723424,1.182344473448169,2570,1241,False,False,False,False
5255,CSS_J163613.4+053022,EW,EW,False,False,0.39123667805211254,1.1028438898510258,3815,2463,False,False,False,False
5256,CSS_J052700.6-061029,EW,EW,False,False,0.37198210272739246,1.0172580770343609,5828,5691,False,False,False,False
5257,CSS_J164834.2+174459,RRc,RRc,False,False,0.3820977725527936,1.05118789538621,4678,4045,False,False,False,False
5258,CSS_J024252.6+142659,EW,EW,False,False,0.41437310754895595,1.1265187707796755,2428,1980,False,False,False,False
5259,CSS_J084336.8+074912,EW,EW,False,False,0.3763094868864324,1.0294488465110043,5317,5035,False,False,False,False
5260,CSS_J111635.3+082308,EW,EW,False,False,0.37913213601570833,0.9950886599216255,5009,7027,False,False,False,False
5261,CSS_J105221.1+432719,EW,EW,False,False,0.35591612027186403,0.979914886435392,7619,7761,False,False,False,False
5262,CSS_J005024.0-145516,EW,EW,False,False,0.3779639571997396,1.203825287033,5135,1061,False,False,False,False
5263,CSS_J171301.7+322559,EW,EW,False,False,0.40655409094226913,0.9929692406974112,2805,7137,False,False,False,False
5264,CSS_J090500.0+153137,EW,EW,False,False,0.37022474651282367,1.014880441931422,6066,5815,False,False,False,False
5265,CSS_J174715.0+504108,EA,EA,False,False,0.5723532977791109,1.0513909866000173,188,4033,False,False,False,False
5266,CSS_J160054.8+084625,EW,EW,False,False,0.3771423789222674,1.0360323132442997,5218,4711,False,False,False,False
5267,CSS_J045156.7-093905,EW,RS CVn,True,False,0.42278728726854836,1.1918429777486328,2101,1141,False,False,False,False
5268,CSS_J062601.4+551918,EW,EW,False,False,0.4117180044352505,1.085914914598971,2559,2883,False,False,False,False
5269,CSS_J070000.7+393605,RRc,EW,True,False,0.39385257995947986,1.08610212978594,3603,2874,False,False,False,False
5270,CSS_J214652.6+243317,EW,EW,False,False,0.36104247718788485,1.2208461345417398,7114,931,False,False,False,False
5271,CSS_J110923.8+171904,EA,EA,False,False,0.5382058081329055,1.0820842681959695,301,2989,False,False,False,False
5272,CSS_J045952.2+033344,EW,EW,False,False,0.3693597361730946,1.158507061997733,6173,1520,False,False,False,False
5273,CSS_J042653.0+390351,EW,EW,False,False,0.3859862308972968,1.0884035834589434,4283,2820,False,False,False,False
5274,CSS_J225140.8-103006,EW,EW,False,False,0.38370972165470696,1.1106575820557207,4524,2288,False,False,False,False
5275,CSS_J131438.2+054214,EW,EW,False,False,0.37160878110926265,1.0054227716699424,5889,6444,False,False,False,False
5276,CSS_J025648.4+334208,EW,EW,False,False,0.42310456355066683,0.9936576729989893,2086,7108,False,False,False,False
5277,CSS_J041046.6+255517,EW,EW,False,False,0.38786207469411066,0.9940627043161454,4097,7090,False,False,False,False
5278,CSS_J092631.4-014206,EW,EA,True,False,0.4836081842553404,1.1140071684705428,722,2223,False,False,False,False
5279,CSS_J032431.7-170139,EW,EW,False,False,0.40568453490232187,1.058056107476228,2845,3764,False,False,False,False
5280,CSS_J092359.4+180930,RRc,RRc,False,False,0.4122298417285079,1.0147985568367244,2535,5826,False,False,False,False
5281,CSS_J140419.1-161638,EW,EW,False,False,0.37276248907005183,1.0393388457776382,5733,4561,False,False,False,False
5282,CSS_J053934.2+050131,EA,EA,False,False,0.5768093362818535,1.027469902374879,177,5132,False,False,False,False
5283,CSS_J062032.4-092151,EW,EW,False,False,0.3838255214435288,1.0572722245408315,4508,3798,False,False,False,False
5284,CSS_J084011.2+005702,EA,EA,False,False,0.4117813828193328,1.0293379945657632,2555,5042,False,False,False,False
5285,CSS_J202435.4-130234,EW,EW,False,False,0.36647568906593087,0.9750471485301808,6530,7878,False,False,False,False
5286,CSS_J222757.8+245555,EW,EW,False,False,0.3697566771603029,1.0064836163965998,6120,6357,False,False,False,False
5287,CSS_J003734.1+144612,EW,EW,False,False,0.3843265951814065,1.0124844650992508,4451,5968,False,False,False,False
5288,CSS_J224857.3+160444,EA,EA,False,False,0.4787547339755801,1.2717679627591008,806,645,False,False,False,False
5289,CSS_J052950.9+125658,EW,EW,False,False,0.36080877015870705,0.9871349803865229,7142,7467,False,False,False,False
5290,CSS_J014327.8+383239,EW,EW,False,False,0.4448001008498481,1.0782481690967995,1449,3100,False,False,False,False
5291,CSS_J164535.1+273815,EW,EW,False,False,0.38605747000717994,1.0010758455932414,4273,6693,False,False,False,False
5292,CSS_J113432.1-053834,RRc,RRc,False,False,0.4198850905273318,1.2654557576678633,2208,670,False,False,False,False
5293,CSS_J155010.3+513150,EW,EW,False,False,0.3853358293111425,0.9995960290242337,4345,6787,False,False,False,False
5294,CSS_J091621.9-060913,EW,EW,False,False,0.3656757453996353,0.994808130950541,6618,7046,False,False,False,False
5295,CSS_J151807.3-161901,EW,RRab,True,False,0.5940481342181158,1.7810260563557474,141,42,True,True,True,False
5296,CSS_J091352.0+025734,EW,EW,False,False,0.4750991671953151,1.3080057226192496,854,500,False,False,False,False
5297,CSS_J100915.2-125517,EW,EW,False,False,0.4432097569754339,1.1300318794181148,1497,1929,False,False,False,False
5298,CSS_J015623.7-094127,RRc,RRc,False,False,0.3946891777212351,1.0451259814653668,3530,4307,False,False,False,False
5299,CSS_J124511.3-092605,RRc,RRc,False,False,0.40260112972422596,1.0970129261488808,3026,2607,False,False,False,False
5300,CSS_J051526.7+155735,RS CVn,EW,True,True,0.4067944586496434,1.0315761838319477,2793,4940,False,False,False,False
5301,CSS_J150511.4-110719,LPV,LPV,False,False,0.6086830498965641,1.1429235376990037,125,1726,True,False,False,False
5302,CSS_J153742.0+154649,RRc,EW,True,False,0.46233569686985704,1.0666010666471555,1082,3462,False,False,False,False
5303,CSS_J212847.9-144335,EW,EW,False,False,0.37978520296068324,1.0319961357465472,4947,4923,False,False,False,False
5304,CSS_J005043.6+291530,EW,EW,False,False,0.35683903312752946,0.9663207067880604,7528,7980,False,False,False,False
5305,CSS_J231414.5+090111,EW,EW,False,False,0.36101524972090143,1.0217830397296281,7120,5425,False,False,False,False
5306,CSS_J003336.7+025920,EW,EW,False,False,0.37359768160060586,1.1252514705034953,5645,2002,False,False,False,False
5307,CSS_J004155.1+180916,EW,EW,False,False,0.39265945386193024,1.0951655812939483,3694,2643,False,False,False,False
5308,CSS_J001312.9+075804,EA,EA,False,False,0.6170111863204645,1.4427496490181742,109,217,True,False,False,False
5309,CSS_J045200.5+032258,EW,EW,False,False,0.3665439475771276,1.0085761731877967,6522,6222,False,False,False,False
5310,CSS_J212726.3+160714,EW,EW,False,False,0.3562626155723073,1.0143768262447586,7592,5856,False,False,False,False
5311,CSS_J004914.1+181152,RRc,EW,True,False,0.36467731338571274,1.1469548443228565,6723,1680,False,False,False,False
5312,CSS_J203454.3-193450,EW,EW,False,False,0.4048249917665163,1.040101252005472,2894,4527,False,False,False,False
5313,CSS_J045840.2+144953,EW,EW,False,False,0.35330512319488433,1.005816543800608,7801,6411,False,False,False,False
5314,CSS_J222138.7+303356,EA,EA,False,False,0.40511025846427823,0.9856174451602928,2880,7548,False,False,False,False
5315,CSS_J102142.0+093238,EW,EW,False,False,0.3805466872745578,1.1658601059305727,4859,1426,False,False,False,False
5316,CSS_J143136.4-131636,EW,EW,False,False,0.3621805332809051,0.9974314933610808,6991,6898,False,False,False,False
5317,CSS_J061106.6-045503,EW,EW,False,False,0.36105084765271184,0.9934322101270224,7113,7122,False,False,False,False
5318,CSS_J030947.4+321422,EW,EW,False,False,0.3546539101898342,1.0279418376875884,7710,5107,False,False,False,False
5319,CSS_J151840.2+145903,LPV,LPV,False,False,0.7035196790364185,1.0923516502730128,40,2712,True,False,False,False
5320,CSS_J043620.0-045732,EA,EA,False,False,0.45747185678269076,1.0665903444494487,1169,3463,False,False,False,False
5321,CSS_J040546.2+260750,EW,EW,False,False,0.37484224565383334,1.3362411896442075,5490,413,False,False,False,False
5322,CSS_J094707.6+335133,EA,EW,True,False,0.555553093924429,1.4508502361807003,237,209,False,False,False,False
5323,CSS_J004409.2-060243,EW,EW,False,False,0.3555565353930618,1.0023591325553503,7643,6623,False,False,False,False
5324,CSS_J103450.9+255957,EA,EA,False,False,0.520558690869165,1.1402022902416733,390,1762,False,False,False,False
5325,CSS_J022807.5+370310,EW,EW,False,False,0.35816853359591977,1.0622262573436134,7412,3621,False,False,False,False
5326,CSS_J054734.3-184408,EA,EA,False,False,0.4632065528881225,1.419527756271757,1067,239,False,False,False,False
5327,CSS_J214848.7+021853,EW,EW,False,False,0.3565207114116901,1.1287316777250034,7559,1943,False,False,False,False
5328,CSS_J214305.6+142620,EW,EW,False,False,0.36383037878182123,1.017608151027365,6816,5676,False,False,False,False
5329,CSS_J041556.0+300749,EW,EW,False,False,0.385800778389445,1.0195755636271286,4306,5546,False,False,False,False
5330,CSS_J033522.4+272727,EW,EW,False,False,0.4026552548976048,1.1497564263530553,3021,1628,False,False,False,False
5331,CSS_J163402.6+562213,EW,EW,False,False,0.39295515870806275,1.0524615588412813,3671,3992,False,False,False,False
5332,CSS_J050826.8+170551,EW,EW,False,False,0.44346229573123597,1.263378133519796,1487,690,False,False,False,False
5333,CSS_J052446.0-130112,EW,EW,False,False,0.3942828306971648,1.0815215243562704,3567,3002,False,False,False,False
5334,CSS_J152501.5-042555,RS CVn,EW,True,True,0.4256439604327154,1.3051810462473905,2003,509,False,False,False,False
5335,CSS_J160555.6+124851,EA,EA,False,False,0.4882188077940374,1.02697478755902,657,5158,False,False,False,False
5336,CSS_J043608.7+012831,RS CVn,EW,True,True,0.39925115423795565,1.0649564749149851,3206,3525,False,False,False,False
5337,CSS_J050521.1+034844,EW,EW,False,False,0.39437683306687576,1.0236579862686743,3560,5333,False,False,False,False
5338,CSS_J174509.1+390715,EW,EW,False,False,0.3555022898678125,1.009447489149985,7648,6156,False,False,False,False
5339,CSS_J080612.4+244721,RRc,EW,True,False,0.4064337407978521,1.1364162519424326,2812,1817,False,False,False,False
5340,CSS_J101351.9-020256,EW,EW,False,False,0.37987115373753993,1.069769433205292,4941,3348,False,False,False,False
5341,CSS_J080438.6+161851,EW,EW,False,False,0.36701670576949524,1.0082260121357804,6454,6249,False,False,False,False
5342,CSS_J044640.3+075541,EW,EW,False,False,0.4089643675631225,1.1173844240636615,2698,2155,False,False,False,False
5343,CSS_J151017.6+243607,RRc,EW,True,False,0.38219789853747493,1.107609953863589,4673,2358,False,False,False,False
5344,CSS_J141413.6-113759,RRab,RRab,False,False,0.48213517564862407,1.3560729660075435,754,360,False,False,False,False
5345,CSS_J164534.3+005409,EA,EW,True,False,0.40368584046596634,0.9740186180627879,2959,7902,False,False,False,False
5346,CSS_J152041.1+123319,EW,EW,False,False,0.35678517973242196,1.0385364220820015,7533,4598,False,False,False,False
5347,CSS_J075230.8+370124,EA,EW,True,False,0.440529774004492,1.1208865729377036,1562,2078,False,False,False,False
5348,CSS_J092905.5+131331,EW,EW,False,False,0.36771960351466065,0.9892336469202869,6376,7349,False,False,False,False
5349,CSS_J001449.7+400204,EW,EW,False,False,0.37320908752437065,1.041371814062558,5691,4475,False,False,False,False
5350,CSS_J091317.2+602741,RRab,RRab,False,False,0.4489920338831247,0.9830989272774137,1347,7660,False,False,False,False
5351,CSS_J033310.7+155324,RS CVn,RS CVn,False,True,0.41873280429443,1.0909789520199291,2253,2743,False,False,False,False
5352,CSS_J001803.7+431658,RRc,EW,True,False,0.4152244839939954,1.5360956826906036,2391,126,False,True,False,False
5353,CSS_J154325.5-193228,EW,EW,False,False,0.3779467152997511,1.1725954957722,5136,1340,False,False,False,False
5354,CSS_J161537.4+332144,EW,EW,False,False,0.4354016372625178,1.1588053402568979,1685,1518,False,False,False,False
5355,CSS_J035236.5+294704,EW,EW,False,False,0.45197403885859483,1.0771259646587787,1291,3135,False,False,False,False
5356,CSS_J154351.8+201912,RRc,RRc,False,False,0.370684445559841,0.9863325194225576,6018,7510,False,False,False,False
5357,CSS_J015534.6+281829,EW,EW,False,False,0.4200707376880276,1.1266381330715705,2202,1978,False,False,False,False
5358,CSS_J135941.7-020225,LPV,LPV,False,False,0.6269670262897232,1.1387093930103895,101,1782,True,False,False,False
5359,CSS_J033318.2+200658,EW,EW,False,False,0.3809285154107726,1.3725353528858757,4823,332,False,False,False,False
5360,CSS_J230738.1-143646,RRc,RRc,False,False,0.3707533383622578,1.0176477209645323,6011,5674,False,False,False,False
5361,CSS_J090359.9-063325,EW,EW,False,False,0.3862621101100434,1.1276627288467205,4248,1962,False,False,False,False
5362,CSS_J150535.8-015821,EW,EW,False,False,0.3984685987536672,1.0761794699363831,3270,3166,False,False,False,False
5363,CSS_J120203.3+262026,RRc,RRc,False,False,0.37231114641871477,0.9874386123534412,5785,7443,False,False,False,False
5364,CSS_J070524.7+393925,EW,RS CVn,True,False,0.44328994581319964,1.0888265784528528,1492,2810,False,False,False,False
5365,CSS_J125031.3+125739,RRc,RRc,False,False,0.3821257134701486,1.203246590121186,4676,1067,False,False,False,False
5366,CSS_J085352.4+224229,EW,EW,False,False,0.36398771648955763,0.9789458146250315,6794,7794,False,False,False,False
5367,CSS_J165757.6+152315,RS CVn,EW,True,True,0.4041101840325211,1.051256749155206,2938,4039,False,False,False,False
5368,CSS_J013556.2-071426,RRc,RRc,False,False,0.3865898499229085,1.040028975928811,4216,4533,False,False,False,False
5369,CSS_J085552.9-131955,EW,EW,False,False,0.40262870194426287,1.1554181991442463,3025,1555,False,False,False,False
5370,CSS_J140230.1-064908,EW,EW,False,False,0.3636316760816244,1.1065775974093184,6840,2378,False,False,False,False
5371,CSS_J060118.0-074239,EW,EW,False,False,0.4016280846448108,1.0316870748977534,3082,4935,False,False,False,False
5372,CSS_J015841.2+392517,EW,EW,False,False,0.3587783285655967,1.0049262430931676,7342,6467,False,False,False,False
5373,CSS_J232825.7+131827,EW,EW,False,False,0.4829877696745007,1.1546767230275854,732,1563,False,False,False,False
5374,CSS_J165615.5+144830,EW,EW,False,False,0.3797345579245196,1.0154577841888848,4954,5783,False,False,False,False
5375,CSS_J044030.3+065900,RS CVn,EW,True,True,0.45640148603058484,1.1583036623873637,1190,1524,False,False,False,False
5376,CSS_J045539.8+013538,EA,EA,False,False,0.5283470038992462,1.0592899439047054,349,3721,False,False,False,False
5377,CSS_J180107.4+531014,EW,EW,False,False,0.38259293788434245,1.0212833349364965,4635,5459,False,False,False,False
5378,CSS_J160957.3+161540,EA,EA,False,False,0.4999704652436596,1.0384419806693372,536,4601,False,False,False,False
5379,CSS_J140239.4+084227,RRab,RRab,False,False,0.44966781164155517,1.020927892743293,1331,5477,False,False,False,False
5380,CSS_J171758.8+421128,RRc,RRc,False,False,0.38818792852212014,1.0762383680273877,4067,3165,False,False,False,False
5381,CSS_J050022.2+045950,EW,EW,False,False,0.3863501445716298,1.0600128596483875,4240,3686,False,False,False,False
5382,CSS_J221055.1+071513,EW,EA,True,False,0.44007192904828846,1.0373406839729644,1574,4649,False,False,False,False
5383,CSS_J233925.6+384106,EW,EW,False,False,0.38484755030186224,1.0143120650962394,4398,5858,False,False,False,False
5384,CSS_J092840.9-040746,EW,EW,False,False,0.3794809496480542,1.0222621318188003,4977,5406,False,False,False,False
5385,CSS_J214826.4+125817,EW,EW,False,False,0.3938216140879248,1.0069456657851934,3608,6327,False,False,False,False
5386,CSS_J122358.0+110412,RRc,RRc,False,False,0.3825827405725172,1.0521585145547203,4636,4001,False,False,False,False
5387,CSS_J160015.8-142143,LPV,LPV,False,False,0.6272576337908593,1.0844923541087397,100,2923,True,False,False,False
5388,CSS_J224724.9+331251,EW,EA,True,False,0.4427606431651398,1.248338388907456,1510,760,False,False,False,False
5389,CSS_J024615.8+383701,EW,EW,False,False,0.38165674552318485,1.2227313668982953,4731,916,False,False,False,False
5390,CSS_J074525.4+142918,EW,EW,False,False,0.46358489296278205,1.1264357723733263,1061,1983,False,False,False,False
5391,CSS_J202338.4-180653,RRc,RRc,False,False,0.3916533106171597,1.047340409242719,3774,4207,False,False,False,False
5392,CSS_J055039.5-121324,EW,EW,False,False,0.3693808849519921,1.2568099563645232,6166,723,False,False,False,False
5393,CSS_J101333.3+253445,EW,EW,False,False,0.37247061005045073,0.9830135479819531,5765,7661,False,False,False,False
5394,CSS_J052644.6-090505,EW,RRc,True,False,0.37693766441843307,0.9960592974212219,5240,6970,False,False,False,False
5395,CSS_J052456.7-165008,EW,EW,False,False,0.37569730418487823,1.1520399940588488,5402,1602,False,False,False,False
5396,CSS_J143352.8+020800,RRc,RRc,False,False,0.3806725627791313,1.005664769621818,4846,6424,False,False,False,False
5397,CSS_J051414.4-025613,EW,RS CVn,True,False,0.4037700429786914,1.2927150931018883,2953,563,False,False,False,False
5398,CSS_J132506.0+620101,EW,EW,False,False,0.4753743880761942,1.0891643435043457,853,2802,False,False,False,False
5399,CSS_J051525.6+202749,EW,EW,False,False,0.3620927249343475,1.0326884143272135,6999,4878,False,False,False,False
5400,CSS_J221518.2-070200,EW,EW,False,False,0.38671092344582064,0.9868388040949752,4198,7487,False,False,False,False
5401,CSS_J215448.0+180735,EW,EW,False,False,0.3750643808375328,0.9877480193430166,5457,7419,False,False,False,False
5402,CSS_J054540.8+051822,EA,EA,False,False,0.43926131942211505,1.021443188093608,1596,5448,False,False,False,False
5403,CSS_J063434.8+470750,EW,EW,False,False,0.35462072232068625,1.023194154354242,7715,5350,False,False,False,False
5404,CSS_J213937.6+051152,EW,EW,False,False,0.3535861077145526,1.013360244095338,7786,5916,False,False,False,False
5405,CSS_J030848.7-185003,EW,EW,False,False,0.3808795949444769,1.0264675340910658,4829,5183,False,False,False,False
5406,CSS_J060054.7-175739,EW,EW,False,False,0.37500274591911936,1.0426075780766328,5464,4431,False,False,False,False
5407,CSS_J050831.9+112653,EW,EW,False,False,0.3934781724497352,1.096199490377746,3635,2626,False,False,False,False
5408,CSS_J045609.8+061728,EW,EW,False,False,0.45389150291808555,1.2735546036365997,1241,636,False,False,False,False
5409,CSS_J004709.6+414550,LPV,RS CVn,True,False,0.6246805550200617,1.3869455222571785,102,302,True,False,False,False
5410,CSS_J101807.6+095328,EW,EW,False,False,0.44797226050592465,1.093154017683871,1374,2684,False,False,False,False
5411,CSS_J120433.0+553604,RRab,RRab,False,False,0.38985318035036,1.0860466387678391,3916,2881,False,False,False,False
5412,CSS_J154004.1-131915,EW,EW,False,False,0.38381379030067725,1.0998095087589213,4512,2545,False,False,False,False
5413,CSS_J222247.3+314651,EW,EW,False,False,0.34825860483720117,1.012695656632201,7980,5955,False,False,False,False
5414,CSS_J203157.3-034042,EW,RRc,True,False,0.36673397645126943,1.0226491444181982,6501,5381,False,False,False,False
5415,CSS_J043322.7+012650,EW,EW,False,False,0.4172020549719309,1.008340612238443,2311,6239,False,False,False,False
5416,CSS_J054247.1+005048,EW,EW,False,False,0.3850898314102087,1.1158048029920056,4370,2186,False,False,False,False
5417,CSS_J203458.2-063716,RRab,EW,True,False,0.4988339444271787,1.161194053337088,544,1489,False,False,False,False
5418,CSS_J022336.8+265615,EW,EW,False,False,0.39747207962138353,1.1198297477297734,3337,2105,False,False,False,False
5419,CSS_J135612.8+363701,RRc,RRc,False,False,0.3840987172006878,1.0376465015725311,4475,4637,False,False,False,False
5420,CSS_J052853.0-094930,EW,EW,False,False,0.3976000350375916,1.047129091378204,3326,4216,False,False,False,False
5421,CSS_J162902.7+270346,EW,EW,False,False,0.3659856142304285,1.027266692315701,6574,5144,False,False,False,False
5422,CSS_J205544.3+033850,EA,EA,False,False,0.4593013898823746,1.025563070765357,1125,5233,False,False,False,False
5423,CSS_J065603.2+500049,EW,EW,False,False,0.360231635172632,0.9823689823439825,7206,7683,False,False,False,False
5424,CSS_J223045.7+151557,EW,EW,False,False,0.501668446826437,1.1654906436008245,523,1432,False,False,False,False
5425,CSS_J024721.8+302132,EA,EA,False,False,0.44574384161020986,1.0348911366499178,1424,4762,False,False,False,False
5426,CSS_J150123.8+183202,EW,EW,False,False,0.356605594262422,0.9666384218009091,7549,7979,False,False,False,False
5427,CSS_J145211.6-153450,RRc,RRc,False,False,0.3752059451559713,1.0448555419626577,5443,4320,False,False,False,False
5428,CSS_J174650.9+434028,EW,EW,False,False,0.37143091743006923,1.065381866986382,5917,3512,False,False,False,False
5429,CSS_J155048.8+055204,EW,EW,False,False,0.35628958897993185,1.014726595893961,7587,5834,False,False,False,False
5430,CSS_J125515.8+503244,EW,EW,False,False,0.4907075605175614,1.199642538304923,639,1083,False,False,False,False
5431,CSS_J131047.7+364408,EW,EW,False,False,0.4840211999408946,1.3242620113041883,716,440,False,False,False,False
5432,CSS_J015154.3+303958,EW,EW,False,False,0.3667343091476992,0.9848033578685479,6500,7595,False,False,False,False
5433,CSS_J205810.7-131842,EW,EW,False,False,0.36462542173358314,1.1084279798528656,6731,2336,False,False,False,False
5434,CSS_J032555.5+055753,EW,EW,False,False,0.37745668287654144,0.997619322158416,5189,6890,False,False,False,False
5435,CSS_J103720.9+591654,RRc,RRc,False,False,0.3614186192665855,1.0654182640486223,7067,3511,False,False,False,False
5436,CSS_J123041.0+071234,EW,EW,False,False,0.35416030552896277,0.96676086158546,7747,7977,False,False,False,False
5437,CSS_J164355.5-014800,EW,EW,False,False,0.5791733013744366,1.5851673020935433,171,94,False,True,False,False
5438,CSS_J105525.1-064846,EW,EW,False,False,0.4148633223836033,1.3155803800163608,2400,466,False,False,False,False
5439,CSS_J222757.6+093332,RS CVn,RS CVn,False,True,0.4017118252734027,1.2257474507567738,3077,888,False,False,False,False
5440,CSS_J210835.1+075134,EW,EW,False,False,0.35941333744749826,1.0374485761338725,7288,4643,False,False,False,False
5441,CSS_J095232.8+292951,EW,RRc,True,False,0.3672063418137997,0.9863685247328083,6431,7507,False,False,False,False
5442,CSS_J094557.3-045801,EW,EW,False,False,0.36147419372440115,1.0332312871105276,7059,4852,False,False,False,False
5443,CSS_J070147.5+485723,EW,EW,False,False,0.3959683207383295,1.0518279254499385,3433,4014,False,False,False,False
5444,CSS_J074051.7+264733,RS CVn,RS CVn,False,True,0.4417856205548974,1.0638894844908235,1529,3555,False,False,False,False
5445,CSS_J165829.7+061308,EW,EW,False,False,0.3608165792742168,1.065374990983033,7141,3513,False,False,False,False
5446,CSS_J050423.4+095239,EW,EW,False,False,0.39792541818328103,1.2641572534770698,3308,681,False,False,False,False
5447,CSS_J180806.3+375955,EW,EW,False,False,0.36723026623927646,1.0193989401448735,6425,5557,False,False,False,False
5448,CSS_J215458.4+025135,EW,EW,False,False,0.3639152958017913,1.0045638760200084,6805,6491,False,False,False,False
5449,CSS_J004454.3-134122,EW,EW,False,False,0.3813473403863425,1.0189686856789457,4768,5581,False,False,False,False
5450,CSS_J205955.3-153058,RRc,RRc,False,False,0.3801696263615256,1.0727637804223886,4900,3258,False,False,False,False
5451,CSS_J102759.7+140340,RRc,RRc,False,False,0.4000735233862415,1.1066326115971548,3166,2377,False,False,False,False
5452,CSS_J173258.3+182403,EW,RRc,True,False,0.3707663206752732,1.0236693953500864,6008,5332,False,False,False,False
5453,CSS_J025240.0+364957,EA,EW,True,False,0.41158451982988814,0.9940022132765798,2568,7094,False,False,False,False
5454,CSS_J233816.7+082812,RRc,RRc,False,False,0.3838869617565108,1.032514975708189,4497,4892,False,False,False,False
5455,CSS_J205956.4+071752,EW,EW,False,False,0.3596566823822511,0.9879056172793186,7262,7417,False,False,False,False
5456,CSS_J080104.9+443848,RRc,RRc,False,False,0.39035946956592377,1.0550008495774055,3877,3883,False,False,False,False
5457,CSS_J124712.8+350306,RRc,RRc,False,False,0.3744801155495459,0.9698326517154046,5535,7958,False,False,False,False
5458,CSS_J220007.5-071306,EW,EW,False,False,0.3798745559945912,1.2034171245785843,4939,1063,False,False,False,False
5459,CSS_J082130.3+134720,EA,EA,False,False,0.43680929327145385,1.0350220986168277,1653,4756,False,False,False,False
5460,CSS_J171604.5+324706,EA,EA,False,False,0.47592396325457337,1.0082891543524128,844,6244,False,False,False,False
5461,CSS_J012926.8+383338,RRc,RRc,False,False,0.3832757832984058,1.2513142069212233,4572,742,False,False,False,False
5462,CSS_J083104.2-023655,EW,EW,False,False,0.4476607582013421,1.2757679955149654,1379,623,False,False,False,False
5463,CSS_J081445.6+411613,EA,EA,False,False,0.522451559175408,1.1142606021627404,382,2217,False,False,False,False
5464,CSS_J221018.1+265420,EW,EW,False,False,0.3617540534080683,1.0131285120735272,7028,5932,False,False,False,False
5465,CSS_J073506.5+504846,EW,EW,False,False,0.3700790208291962,1.0083004554203283,6083,6241,False,False,False,False
5466,CSS_J153211.7+392411,RRc,RRc,False,False,0.3714705413070967,0.9814600878044896,5911,7719,False,False,False,False
5467,CSS_J025134.9+385038,EW,EW,False,False,0.35328843775803603,0.9936980431636157,7802,7105,False,False,False,False
5468,CSS_J221823.2+042214,EW,EW,False,False,0.3767714303294246,1.0013340377980147,5259,6675,False,False,False,False
5469,CSS_J234316.1-033806,EW,EW,False,False,0.39203598987161054,1.1913053686140485,3743,1145,False,False,False,False
5470,CSS_J021658.7+395425,EW,EW,False,False,0.377885265402432,1.0116930579152177,5144,6024,False,False,False,False
5471,CSS_J035722.0+230428,RS CVn,RS CVn,False,True,0.40311941854947975,1.1584590516194875,2994,1522,False,False,False,False
5472,CSS_J040135.1+240847,EW,EW,False,False,0.40698570617771085,0.985129441345752,2784,7574,False,False,False,False
5473,CSS_J172147.7+423934,EW,EW,False,False,0.43691786717978603,1.0258686898412175,1648,5216,False,False,False,False
5474,CSS_J090949.2-103717,EW,EW,False,False,0.3838176383678535,1.0392074204755697,4511,4565,False,False,False,False
5475,CSS_J165515.1+605924,EW,EW,False,False,0.38519035030415383,0.9997085765658495,4359,6781,False,False,False,False
5476,CSS_J222936.3+170748,EW,EW,False,False,0.39902667999218344,1.0398125227191601,3225,4541,False,False,False,False
5477,CSS_J165353.5-030417,RRc,EW,True,False,0.36872011524462833,1.2752068854815326,6244,625,False,False,False,False
5478,CSS_J094144.4-125521,EW,EW,False,False,0.38670528930457443,1.1566395621506305,4202,1541,False,False,False,False
5479,CSS_J115418.0-091912,RRc,RRc,False,False,0.3880942623298718,0.9934692309391906,4078,7118,False,False,False,False
5480,CSS_J072341.5+652256,EW,EW,False,False,0.3766916279905329,1.1397121416080847,5272,1773,False,False,False,False
5481,CSS_J003626.0+212346,EW,EW,False,False,0.3852124743048044,1.123860593534614,4357,2028,False,False,False,False
5482,CSS_J065523.8+342716,EW,EW,False,False,0.37441262459525126,0.9858707413685227,5542,7538,False,False,False,False
5483,CSS_J161109.2+020358,EW,EW,False,False,0.3588652182378089,1.0103579845357777,7337,6116,False,False,False,False
5484,CSS_J231725.4+330535,EW,EW,False,False,0.37154602844161166,1.0121666796164646,5897,5994,False,False,False,False
5485,CSS_J114426.4+172808,RRc,RRc,False,False,0.3764560917560953,1.013968671133258,5306,5880,False,False,False,False
5486,CSS_J162143.8-030757,RRd,EW,True,True,0.35790799721632716,0.9977187060359552,7440,6884,False,False,False,False
5487,CSS_J161454.3+035809,EW,EW,False,False,0.37813583006315105,1.2273441778576413,5110,879,False,False,False,False
5488,CSS_J032155.7+182237,RRab,RRab,False,False,0.39781356025496417,1.0938802714216558,3316,2667,False,False,False,False
5489,CSS_J035045.6+374928,EA,EA,False,False,0.43005103468533207,0.9891386486595118,1856,7354,False,False,False,False
5490,CSS_J175857.3+272633,EW,EW,False,False,0.35954000268692665,1.1091029117662798,7273,2318,False,False,False,False
5491,CSS_J072346.7+304545,EW,EW,False,False,0.3961526710744483,1.0421087995104332,3419,4454,False,False,False,False
5492,CSS_J230401.0+362546,EW,EW,False,False,0.3621272139994501,0.9902918303704007,6996,7300,False,False,False,False
5493,CSS_J164750.4+443729,EW,EW,False,False,0.38046167648968476,1.0724350106397984,4873,3267,False,False,False,False
5494,CSS_J170326.8+465802,EW,EW,False,False,0.39362379078629167,1.0482566789746153,3628,4159,False,False,False,False
5495,CSS_J140255.7-022116,EW,EW,False,False,0.4813308177604981,1.1343826044131675,767,1861,False,False,False,False
5496,CSS_J164700.1+011154,EW,EW,False,False,0.41215529011855323,1.112882086435105,2537,2244,False,False,False,False
5497,CSS_J142855.6-134205,RRc,RRc,False,False,0.3864743973815857,1.1258116279216903,4232,1996,False,False,False,False
5498,CSS_J052345.3+002057,EW,EW,False,False,0.3780933588231337,1.123534505333849,5117,2032,False,False,False,False
5499,CSS_J035836.3+185347,EW,EW,False,False,0.37498713042546766,1.2150047147235914,5469,977,False,False,False,False
5500,CSS_J050334.8+045611,EW,EW,False,False,0.36815994021097787,1.3084537018596056,6326,496,False,False,False,False
5501,CSS_J173122.8+343854,EW,EW,False,False,0.37148946961970125,1.0338730616082212,5908,4821,False,False,False,False
5502,CSS_J031724.9+252514,EW,EW,False,False,0.3861691472764982,0.9823393573000383,4259,7685,False,False,False,False
5503,CSS_J091804.8+370430,EW,EW,False,False,0.36860261109155845,0.9787072465072741,6263,7803,False,False,False,False
5504,CSS_J040711.2+211126,EW,EW,False,False,0.44638570815649825,1.1803059957468878,1410,1260,False,False,False,False
5505,CSS_J163708.1+103126,RRc,RRab,True,False,0.3926494898043334,1.1324455471094435,3696,1891,False,False,False,False
5506,CSS_J044918.1+104435,EA,EA,False,False,0.44154994097939687,1.013242955563261,1535,5929,False,False,False,False
5507,CSS_J035230.2+345220,EW,EW,False,False,0.38542749392183495,1.0066571062294676,4336,6341,False,False,False,False
5508,CSS_J012334.6+283054,EW,EW,False,False,0.35244622594286695,0.9802182448966226,7842,7755,False,False,False,False
5509,CSS_J223048.9+284440,RRab,RRab,False,False,0.4839243514160198,1.026160881408937,718,5200,False,False,False,False
5510,CSS_J212220.7+043711,EW,EW,False,False,0.4253797939477921,1.0114742223378392,2008,6039,False,False,False,False
5511,CSS_J050523.8-052621,EW,EW,False,False,0.3833907545341668,1.071391309044714,4559,3291,False,False,False,False
5512,CSS_J120959.9+182147,EW,EW,False,False,0.35061832366512136,1.064014146491568,7930,3549,False,False,False,False
5513,CSS_J021937.5+400035,EW,EW,False,False,0.3726289647326057,1.033922027782064,5744,4818,False,False,False,False
5514,CSS_J045227.0+053657,EW,EW,False,False,0.38670270372937754,1.018196230691476,4203,5631,False,False,False,False
5515,CSS_J181032.7+403848,EW,EW,False,False,0.384047741823909,1.0504354177735002,4481,4073,False,False,False,False
5516,CSS_J035736.3+230553,EW,EW,False,False,0.37515151211736103,1.0924879053749426,5449,2705,False,False,False,False
5517,CSS_J093628.3-163005,EA,EA,False,False,0.4341057524884125,1.135809388858629,1720,1826,False,False,False,False
5518,CSS_J005347.2+410502,EW,EW,False,False,0.3586323162792605,1.0627357077754231,7360,3600,False,False,False,False
5519,CSS_J231959.7+335131,EW,EW,False,False,0.35370253673281643,1.0081594288477855,7776,6254,False,False,False,False
5520,CSS_J045829.1+040242,RS CVn,RS CVn,False,True,0.4031869363210652,1.2223656308038189,2988,918,False,False,False,False
5521,CSS_J022738.4+410449,EW,EW,False,False,0.36742959746141146,1.0367748300980868,6405,4679,False,False,False,False
5522,CSS_J220756.7-100840,EW,EW,False,False,0.37208311542428135,1.0159228002206955,5813,5762,False,False,False,False
5523,CSS_J164505.9+321738,EW,EW,False,False,0.357837592442941,1.2687681528572556,7449,656,False,False,False,False
5524,CSS_J032742.4+343701,EW,EW,False,False,0.38625234434041084,1.0489599575853874,4250,4131,False,False,False,False
5525,CSS_J031249.6+205303,EW,EW,False,False,0.3818170774126594,1.1193459520478775,4711,2114,False,False,False,False
5526,CSS_J050228.7+100947,EW,EW,False,False,0.44841471646995623,1.1700254495354825,1360,1371,False,False,False,False
5527,CSS_J102922.1-035303,EA,EA,False,False,0.47696356616009045,1.1171541605025694,832,2161,False,False,False,False
5528,CSS_J222229.7+163338,EW,EW,False,False,0.36450121567958116,1.0714507611925792,6740,3288,False,False,False,False
5529,CSS_J082351.2+635345,EW,EW,False,False,0.38706281764162764,1.036383081507811,4175,4694,False,False,False,False
5530,CSS_J121530.2-014658,RRc,RRc,False,False,0.3994548668665302,1.0262189576890437,3199,5196,False,False,False,False
5531,CSS_J171714.9+430719,RRab,RRab,False,False,0.427474895218674,1.0112537071014154,1940,6050,False,False,False,False
5532,CSS_J212631.8+091703,EA,EA,False,False,0.40792673785095745,0.9910545674715481,2743,7255,False,False,False,False
5533,CSS_J092147.6+530339,RRc,EW,True,False,0.5448258959433466,2.023419380308949,273,20,False,True,False,False
5534,CSS_J165323.1+415343,EW,EW,False,False,0.3749836299353342,1.0078479353918557,5471,6272,False,False,False,False
5535,CSS_J024927.9+155124,EA,EA,False,False,0.4627028436273409,1.0699616486168566,1076,3338,False,False,False,False
5536,CSS_J122843.3+430643,EW,EW,False,False,0.34885340884248733,1.0009751050358568,7971,6697,False,False,False,False
5537,CSS_J015157.9+202008,EW,EW,False,False,0.39179162005139373,1.1363670241440849,3764,1819,False,False,False,False
5538,CSS_J075729.9+421238,EW,EW,False,False,0.4435543465040517,1.0449012804385216,1485,4316,False,False,False,False
5539,CSS_J155739.0-064252,EW,EW,False,False,0.36994300066186697,1.0238498175475443,6102,5320,False,False,False,False
5540,CSS_J180202.7+383811,RRc,RRc,False,False,0.42487770495038146,1.0253438755791404,2024,5248,False,False,False,False
5541,CSS_J052923.3+041330,RS CVn,EW,True,True,0.44908995080709435,1.1073078280688757,1345,2363,False,False,False,False
5542,CSS_J034227.7+265809,EW,EW,False,False,0.39355583108462766,1.1634626010512936,3632,1455,False,False,False,False
5543,CSS_J142854.7+171903,EW,EW,False,False,0.3707338906993856,1.0443106767252455,6016,4352,False,False,False,False
5544,CSS_J205115.7-040947,EW,EW,False,False,0.5711144384449298,1.1611917684676745,192,1490,False,False,False,False
5545,CSS_J063339.1+523942,EW,EW,False,False,0.41554910075281265,1.1075279188368103,2373,2359,False,False,False,False
5546,CSS_J170930.4+210107,RRab,RRab,False,False,0.558039656611642,1.06547532178792,231,3508,False,False,False,False
5547,CSS_J103946.6+185958,RRc,RRc,False,False,0.41345471085278773,1.6631032800897205,2481,64,False,True,False,False
5548,CSS_J182456.9+490539,EA,EA,False,False,0.4524970818729193,1.0218020787109878,1274,5422,False,False,False,False
5549,CSS_J025700.4+255428,EW,EW,False,False,0.35777421814816623,1.0045101080510928,7456,6495,False,False,False,False
5550,CSS_J231404.4+380622,EW,EW,False,False,0.3600630029571569,1.0882370928576335,7222,2823,False,False,False,False
5551,CSS_J123955.0-133353,EW,EW,False,False,0.3866538236821509,1.0778517713614955,4211,3117,False,False,False,False
5552,CSS_J181611.8+494520,EW,EW,False,False,0.40905064438243566,1.0425742371327604,2691,4432,False,False,False,False
5553,CSS_J170627.3+150624,RRc,RRab,True,False,0.40067649090131424,1.0480287092434486,3132,4171,False,False,False,False
5554,CSS_J031204.7+324355,EW,EW,False,False,0.35220700684515527,1.0632234696278895,7852,3581,False,False,False,False
5555,CSS_J085018.8+261100,EW,EW,False,False,0.38648067406773867,1.0163999492111473,4231,5739,False,False,False,False
5556,CSS_J080852.1+184547,EW,EW,False,False,0.3756401124433519,1.0282401999189361,5408,5095,False,False,False,False
5557,CSS_J034734.9+350541,RS CVn,RS CVn,False,True,0.41144316510004236,1.149124926500519,2576,1637,False,False,False,False
5558,CSS_J202053.8-102630,EW,EW,False,False,0.38335244718563855,1.1691159029272071,4561,1383,False,False,False,False
5559,CSS_J051432.7+005202,EW,EW,False,False,0.3964709236476991,0.9929339488850643,3397,7139,False,False,False,False
5560,CSS_J043441.6+083601,RRc,RRc,False,False,0.4214437098375215,1.0381345164118048,2148,4612,False,False,False,False
5561,CSS_J173500.1+233519,EW,EW,False,False,0.35464033953747853,1.1058747170657184,7713,2391,False,False,False,False
5562,CSS_J042326.3+361416,RS CVn,RS CVn,False,True,0.4273421016703936,1.6046215312020642,1942,83,False,True,False,False
5563,CSS_J043045.9+222016,EA,EA,False,False,0.4619212607483724,1.014501649868659,1086,5845,False,False,False,False
5564,CSS_J131617.8+163830,EW,EA,True,False,0.4071906428545433,0.98588519324092,2777,7535,False,False,False,False
5565,CSS_J205404.9-100303,EW,EW,False,False,0.41090265519243174,1.0406356293596928,2610,4504,False,False,False,False
5566,CSS_J091058.8+203746,RS CVn,RS CVn,False,True,0.4515131734925037,1.1029000383058425,1296,2461,False,False,False,False
5567,CSS_J224447.5+030012,RRd,RRd,False,True,0.393115454947445,1.0230208437333752,3657,5358,False,False,False,False
5568,CSS_J235909.1+355136,EW,EW,False,False,0.36006012103202345,0.9994275304237039,7223,6798,False,False,False,False
5569,CSS_J174624.9+142748,RRc,EW,True,False,0.3709384578567626,1.0259408561915857,5985,5213,False,False,False,False
5570,CSS_J034146.3+194948,EW,EW,False,False,0.3668382779221754,0.9797170274998338,6479,7769,False,False,False,False
5571,CSS_J103409.9+240529,EW,EW,False,False,0.43613537476635583,1.094442741338777,1671,2662,False,False,False,False
5572,CSS_J040846.7+201921,EW,EW,False,False,0.3729177240129607,0.9918493182215318,5721,7208,False,False,False,False
5573,CSS_J085059.3+425159,EA,EA,False,False,0.5737426982867859,1.0055111305985382,184,6436,False,False,False,False
5574,CSS_J092928.7+400909,EW,EW,False,False,0.3785158816980903,1.030442555620935,5066,5003,False,False,False,False
5575,CSS_J211029.3-103958,EW,EW,False,False,0.5007161565652161,1.4401116228013717,531,219,False,False,False,False
5576,CSS_J055521.8-125407,RRc,EW,True,False,0.3596283314790192,1.0014368572000572,7266,6670,False,False,False,False
5577,CSS_J212108.4+031433,EW,EW,False,False,0.36869428642674107,0.9829230448994764,6248,7663,False,False,False,False
5578,CSS_J130212.6+175022,RRc,RRc,False,False,0.41443089095176877,1.0820409519459926,2425,2991,False,False,False,False
5579,CSS_J020818.9+314359,EW,EW,False,False,0.5073686509676648,2.1939484995297036,484,13,False,True,False,False
5580,CSS_J094204.7+085519,EW,EW,False,False,0.35950440187088867,0.985112479051188,7274,7575,False,False,False,False
5581,CSS_J051632.0+025601,EA,EA,False,False,0.5569738282755523,1.090764762142307,235,2750,False,False,False,False
5582,CSS_J174455.3+395325,RRc,RRc,False,False,0.36867324190144685,1.1060050886740789,6252,2389,False,False,False,False
5583,CSS_J071256.7+460105,EW,EA,True,False,0.38032439794940043,0.9972313335638553,4885,6910,False,False,False,False
5584,CSS_J004003.6+295533,EW,EW,False,False,0.35407562059851483,1.0117402127287323,7754,6020,False,False,False,False
5585,CSS_J090417.9+122037,EW,EW,False,False,0.3729421869909017,1.0673041415416273,5717,3437,False,False,False,False
5586,CSS_J232351.0+414106,EW,EW,False,False,0.35577801656059277,1.001097208002296,7630,6691,False,False,False,False
5587,CSS_J021556.2+224844,EW,EW,False,False,0.38074262560157945,0.9871924406164891,4839,7461,False,False,False,False
5588,CSS_J234234.8+324058,EW,EW,False,False,0.44807718932279916,1.0587610707990815,1369,3741,False,False,False,False
5589,CSS_J170547.3+011125,RRc,RRc,False,False,0.38491171161082,1.000511846402274,4391,6729,False,False,False,False
5590,CSS_J113030.3+005406,EW,EW,False,False,0.40095170783389633,1.3932836666264907,3112,286,False,False,False,False
5591,CSS_J090838.7-164243,EW,EA,True,False,0.4765365463774826,1.1623666326245794,836,1472,False,False,False,False
5592,CSS_J081927.2+223820,EW,EW,False,False,0.4301961921369255,1.5192531531951217,1852,144,False,True,False,False
5593,CSS_J091706.8+500547,EW,EW,False,False,0.3794229159607742,0.9986002562723579,4985,6839,False,False,False,False
5594,CSS_J010124.7+384244,EW,EW,False,False,0.4657478128954603,1.099391293490975,1014,2554,False,False,False,False
5595,CSS_J063334.3+402102,EW,EW,False,False,0.37263488264669564,1.038709549400982,5743,4594,False,False,False,False
5596,CSS_J070553.2+350652,EW,EW,False,False,0.3670850229988467,0.9921233356214463,6443,7191,False,False,False,False
5597,CSS_J080340.4+162645,EW,EW,False,False,0.4188388676355595,1.070954271781261,2247,3307,False,False,False,False
5598,CSS_J041556.0+093658,EW,EW,False,False,0.49388945461326306,1.0692794246775805,597,3368,False,False,False,False
5599,CSS_J013614.6+380434,EW,EW,False,False,0.3732152372416164,1.1837388029127787,5689,1224,False,False,False,False
5600,CSS_J044706.5-011326,EA,EA,False,False,0.43118288556421874,0.9944894568403224,1816,7065,False,False,False,False
5601,CSS_J215121.1+041716,EW,EW,False,False,0.40065888325242877,1.13928465590879,3133,1778,False,False,False,False
5602,CSS_J123047.6+223850,EA,EA,False,False,0.43480017156869405,1.0096971938987074,1702,6147,False,False,False,False
5603,CSS_J201341.5-153254,RRc,RRc,False,False,0.3777369800458223,1.0824691340843258,5165,2978,False,False,False,False
5604,CSS_J053519.9+035613,EA,EA,False,False,0.5420833453620331,1.0110693950859173,288,6065,False,False,False,False
5605,CSS_J012039.1+414029,EW,EW,False,False,0.48601546503943355,1.2262701344950453,688,885,False,False,False,False
5606,CSS_J170146.4+383626,EW,EW,False,False,0.44128240271859887,1.009232369461343,1542,6163,False,False,False,False
5607,CSS_J233826.8+093003,EW,EW,False,False,0.39479160471456415,1.0592184899870158,3526,3724,False,False,False,False
5608,CSS_J122701.0-141414,RRab,RRab,False,False,0.4678027328751181,1.131281790197176,978,1911,False,False,False,False
5609,CSS_J035016.2+355846,EA,EA,False,False,0.42236207697665346,1.122205090553795,2114,2048,False,False,False,False
5610,CSS_J033201.5+345238,EW,EW,False,False,0.3761364979478544,1.0157176750337336,5346,5768,False,False,False,False
5611,CSS_J050207.6-191600,EW,EW,False,False,0.35850414535339375,1.013834646202889,7372,5888,False,False,False,False
5612,CSS_J221058.9+251120,EW,EW,False,False,0.4033372662783715,1.046230504261998,2979,4259,False,False,False,False
5613,CSS_J011452.8+103934,EW,EW,False,False,0.3771991625057334,1.012278903969254,5212,5983,False,False,False,False
5614,CSS_J145101.8+452736,RRab,RRab,False,False,0.37234160857421233,1.0915094963578214,5779,2732,False,False,False,False
5615,CSS_J202809.6-135128,RRc,RRc,False,False,0.39674163498422704,1.0554278351610766,3385,3865,False,False,False,False
5616,CSS_J032004.9+194757,EW,EW,False,False,0.3736706852871413,1.015360500152886,5636,5790,False,False,False,False
5617,CSS_J152110.4-072234,EW,EW,False,False,0.35778092813968104,1.132648014273412,7455,1887,False,False,False,False
5618,CSS_J234736.1-073212,EW,EW,False,False,0.3653366467688526,1.0371320849501786,6651,4659,False,False,False,False
5619,CSS_J141526.8+300127,EA,EA,False,False,0.5420039487682444,1.1320987849558584,289,1893,False,False,False,False
5620,CSS_J162549.1+344454,EW,EW,False,False,0.3824708908819544,1.1074243535878527,4648,2361,False,False,False,False
5621,CSS_J045053.0+250734,EW,EW,False,False,0.40489859126755384,1.0496799756645583,2892,4107,False,False,False,False
5622,CSS_J094108.1+263323,EW,EW,False,False,0.39165957802018275,1.002161095757848,3773,6636,False,False,False,False
5623,CSS_J043956.1+043904,RS CVn,RS CVn,False,True,0.5043321850597073,1.3724866466504788,508,333,False,False,False,False
5624,CSS_J211329.5+022750,EW,EW,False,False,0.3924962676676714,1.0690306604281221,3711,3376,False,False,False,False
5625,CSS_J051325.8+221557,EW,EW,False,False,0.4021579465093876,0.9953203136283548,3056,7018,False,False,False,False
5626,CSS_J213502.5+195641,RRab,RRab,False,False,0.4585595809881034,1.1766092017633147,1140,1296,False,False,False,False
5627,CSS_J022342.9+355641,EW,EW,False,False,0.3746812037568142,1.018344923884579,5507,5621,False,False,False,False
5628,CSS_J161227.8+304347,EW,EW,False,False,0.3671840440527363,1.0446573047715046,6436,4332,False,False,False,False
5629,CSS_J212703.7+195057,EW,EW,False,False,0.34826673803720354,1.0001496548502526,7979,6754,False,False,False,False
5630,CSS_J204121.0-113851,EW,EW,False,False,0.4489813425325463,0.9818842915123136,1349,7706,False,False,False,False
5631,CSS_J043535.7-090804,EW,RRc,True,False,0.36992154496527446,1.0470963699097686,6105,4218,False,False,False,False
5632,CSS_J114227.8-160722,EW,EW,False,False,0.3845261397739555,1.1296889432614237,4430,1932,False,False,False,False
5633,CSS_J173557.4+364204,EW,EW,False,False,0.3564988824154786,1.0065238315884224,7565,6353,False,False,False,False
5634,CSS_J153105.4-063638,RRc,RRc,False,False,0.3825006606904145,1.0087078991383192,4643,6213,False,False,False,False
5635,CSS_J163208.1+321649,RRc,RRc,False,False,0.37633732812863124,1.0168404800832325,5314,5712,False,False,False,False
5636,CSS_J051730.2+165049,EW,EW,False,False,0.3945128636771096,1.017739118234722,3554,5665,False,False,False,False
5637,CSS_J140259.4-080942,EW,EW,False,False,0.3654616473930514,1.0358850916522064,6638,4716,False,False,False,False
5638,CSS_J091047.5+322902,EW,EW,False,False,0.3721053952030736,1.0115771432669578,5812,6034,False,False,False,False
5639,CSS_J022354.0+324944,EW,EW,False,False,0.37839782329228716,0.9975107498661993,5081,6894,False,False,False,False
5640,CSS_J220733.5-071116,EW,EW,False,False,0.46963897999650484,1.1476262159919233,942,1668,False,False,False,False
5641,CSS_J062338.9-094229,EW,EW,False,False,0.4095401253906573,1.041903427854207,2666,4460,False,False,False,False
5642,CSS_J213252.2+005608,RRc,RRc,False,False,0.4057935152149045,1.0427682494061994,2840,4418,False,False,False,False
5643,CSS_J174832.9+305623,EW,EW,False,False,0.38003892796808214,1.2208890272988868,4918,930,False,False,False,False
5644,CSS_J014855.9-071203,EW,EW,False,False,0.3919779606775857,1.141672361502954,3748,1742,False,False,False,False
5645,CSS_J132421.7+210814,RS CVn,RS CVn,False,True,0.48661892340486496,1.5213649506732854,679,140,False,True,False,False
5646,CSS_J152802.4-070132,RS CVn,RS CVn,False,True,0.4473066673268398,1.2728752499317664,1389,639,False,False,False,False
5647,CSS_J234805.4+210547,EW,EW,False,False,0.3637481114491465,1.0279302464621303,6820,5110,False,False,False,False
5648,CSS_J175109.0+392021,EW,EW,False,False,0.39398695942511747,1.1476665424436794,3593,1666,False,False,False,False
5649,CSS_J085820.4-041908,EW,EW,False,False,0.3817126635894895,1.0432360494579718,4725,4387,False,False,False,False
5650,CSS_J071615.9+315825,EW,EW,False,False,0.3686408442586164,1.0317079452885312,6259,4933,False,False,False,False
5651,CSS_J171908.9+123555,EW,EW,False,False,0.39480707313328095,1.034703942237136,3525,4767,False,False,False,False
5652,CSS_J150249.3-121034,EW,EW,False,False,0.3584097263794598,1.1902859355749256,7386,1154,False,False,False,False
5653,CSS_J213310.7+013929,EW,EW,False,False,0.35197701446828195,1.108812056722778,7865,2329,False,False,False,False
5654,CSS_J081442.8+514306,EW,EW,False,False,0.3800401198643771,1.0031311534991367,4917,6576,False,False,False,False
5655,CSS_J174547.6+435848,EW,EW,False,False,0.4032468820052896,1.012882646589473,2983,5943,False,False,False,False
5656,CSS_J150315.4+180322,EW,EA,True,False,0.46419914839305076,1.0802115295011236,1043,3040,False,False,False,False
5657,CSS_J050802.5-045859,EW,EW,False,False,0.363885707161769,1.0170300827762078,6810,5703,False,False,False,False
5658,CSS_J033023.3+274806,EW,EW,False,False,0.38200194332970877,1.0449679572399388,4686,4313,False,False,False,False
5659,CSS_J080923.9+040316,RRd,EW,True,True,0.3667023517575733,0.9780541150140009,6502,7823,False,False,False,False
5660,CSS_J022313.0+304023,EW,EW,False,False,0.48323326736503985,1.0947644663689156,727,2656,False,False,False,False
5661,CSS_J081919.7+113637,EW,EW,False,False,0.3619088213559044,0.978933316542693,7011,7795,False,False,False,False
5662,CSS_J085442.6+150413,EW,EW,False,False,0.3902576347467522,1.0623231240220543,3887,3618,False,False,False,False
5663,CSS_J094148.8+012627,EW,EW,False,False,0.36825157937250574,1.0078256298146835,6312,6273,False,False,False,False
5664,CSS_J172424.8+174153,RRc,RRc,False,False,0.36810916407035876,1.0898130753087387,6337,2776,False,False,False,False
5665,CSS_J165853.8+081101,RS CVn,EA,True,True,0.4830249880435582,1.0828107348851053,730,2964,False,False,False,False
5666,CSS_J165136.8+054628,EW,EW,False,False,0.3830454206515617,1.3029844608799208,4602,519,False,False,False,False
5667,CSS_J033440.6+175431,EW,EW,False,False,0.4241440320652767,1.0656143633342887,2046,3503,False,False,False,False
5668,CSS_J021154.7-125700,RS CVn,RS CVn,False,True,0.4848228945983533,1.16541533671103,701,1433,False,False,False,False
5669,CSS_J210615.1-110549,EW,EW,False,False,0.3849382981285312,1.0189565727846355,4389,5584,False,False,False,False
5670,CSS_J171342.2+302424,EW,EW,False,False,0.3611752480361673,1.0768771451663575,7095,3145,False,False,False,False
5671,CSS_J172922.8+370813,EW,EW,False,False,0.3612669709202635,1.0322750490721528,7082,4906,False,False,False,False
5672,CSS_J230720.0+383330,EW,EW,False,False,0.38034804080518786,0.988643972986425,4883,7379,False,False,False,False
5673,CSS_J110151.7+155237,EW,EW,False,False,0.3674523570253243,1.11258658955066,6401,2253,False,False,False,False
5674,CSS_J171926.5+332002,EW,EW,False,False,0.41889590386595577,1.2203889273732127,2244,936,False,False,False,False
5675,CSS_J005415.5+424434,EW,EW,False,False,0.40951001508986634,1.0002728012432143,2670,6743,False,False,False,False
5676,CSS_J030605.4+113921,EW,EW,False,False,0.4483158810114911,1.409986799362634,1364,261,False,False,False,False
5677,CSS_J041827.3+311003,EW,EW,False,False,0.5941446971613988,1.3947644070093592,140,283,True,False,False,False
5678,CSS_J050548.1+051249,EW,EW,False,False,0.3597197779030366,1.0140879129341553,7256,5871,False,False,False,False
5679,CSS_J160524.5+390501,RRc,EW,True,False,0.3716558050791852,1.08692394520371,5883,2856,False,False,False,False
5680,CSS_J205016.2-080430,EW,EW,False,False,0.3564482593172681,1.036912460709463,7571,4671,False,False,False,False
5681,CSS_J070038.7+345827,EW,EW,False,False,0.3616110430634104,1.0260250122850405,7044,5210,False,False,False,False
5682,CSS_J050852.1+030316,EW,EW,False,False,0.44072470864027974,1.351997641885449,1559,372,False,False,False,False
5683,CSS_J074014.7+282349,EW,EW,False,False,0.4265316478013039,1.0926777716521003,1965,2698,False,False,False,False
5684,CSS_J024831.2+081243,EW,EW,False,False,0.4015618863024164,1.0356235051990197,3087,4727,False,False,False,False
5685,CSS_J094843.1+282249,EA,EA,False,False,0.5219820235281335,1.0934383714376708,385,2677,False,False,False,False
5686,CSS_J161804.2+093650,EW,EW,False,False,0.705504042540514,2.1968486447389037,39,12,True,True,True,True
5687,CSS_J224509.5+225311,EW,EW,False,False,0.41372335784693065,1.0727458186131738,2462,3259,False,False,False,False
5688,CSS_J162250.2+670527,RRab,RRab,False,False,0.37067622260213806,1.1878949910105179,6022,1175,False,False,False,False
5689,CSS_J052930.1+024337,EA,EW,True,False,0.4587124457338235,1.3047924391545684,1137,511,False,False,False,False
5690,CSS_J002555.1+331237,EW,EW,False,False,0.47073637151467246,1.0206232870778205,921,5492,False,False,False,False
5691,CSS_J111437.5+093130,EA,EA,False,False,0.4850567010983905,1.0491132768878653,696,4127,False,False,False,False
5692,CSS_J075033.4+264135,EW,EW,False,False,0.39697961188812275,1.0523703282793033,3371,3994,False,False,False,False
5693,CSS_J152742.0+025944,RRc,RRc,False,False,0.38844857061305416,0.9993441344592455,4041,6804,False,False,False,False
5694,CSS_J083214.6+132713,EW,EW,False,False,0.39802075901600603,1.0033934522701284,3301,6564,False,False,False,False
5695,CSS_J105012.2-122541,EW,EW,False,False,0.38124726134541703,1.0328893564313997,4780,4864,False,False,False,False
5696,CSS_J101547.1-030307,EW,EW,False,False,0.35890343139303205,1.0790707616417805,7336,3075,False,False,False,False
5697,CSS_J081908.6+151842,EW,EW,False,False,0.397067706363175,1.1838033201267344,3367,1223,False,False,False,False
5698,CSS_J161728.9+042034,RRd,RRc,True,True,0.37082759658221903,1.0544068180104937,5997,3903,False,False,False,False
5699,CSS_J152746.3-182754,EW,EW,False,False,0.42055351146976144,1.1053667309518738,2178,2401,False,False,False,False
5700,CSS_J005643.7+325335,EW,EW,False,False,0.39046258797442146,1.097906683327615,3870,2589,False,False,False,False
5701,CSS_J121122.4-113207,EA,EA,False,False,0.47972001858755126,1.0879740093755952,789,2833,False,False,False,False
5702,CSS_J175209.5+424121,EW,EW,False,False,0.3644422667646013,1.0059491826347438,6748,6399,False,False,False,False
5703,CSS_J090318.7+351256,EW,EW,False,False,0.46526130755629164,1.1126029566795639,1025,2250,False,False,False,False
5704,CSS_J160925.6+160749,RRc,RRc,False,False,0.3806190614144632,1.1082565386639711,4852,2340,False,False,False,False
5705,CSS_J030552.8+022326,EW,EW,False,False,0.3800646838293557,1.0748959007941532,4912,3199,False,False,False,False
5706,CSS_J044943.5+100049,RRc,RRc,False,False,0.43658358320961993,1.3615478694082044,1658,347,False,False,False,False
5707,CSS_J052752.1+051500,RS CVn,EW,True,True,0.4533121840214118,1.147353813444369,1252,1673,False,False,False,False
5708,CSS_J084406.5+002043,EW,EW,False,False,0.38887370906691393,1.2626440617606611,4003,695,False,False,False,False
5709,CSS_J050419.3-121739,EW,EW,False,False,0.35958563429869905,1.0713696355823794,7268,3292,False,False,False,False
5710,CSS_J161458.4+153927,EW,EW,False,False,0.3648390753939033,1.030235766144693,6707,5009,False,False,False,False
5711,CSS_J083643.6+030022,EA,EW,True,False,0.38352736526957704,1.0168678249164809,4540,5709,False,False,False,False
5712,CSS_J114517.9+005907,EW,EW,False,False,0.36850017266465296,1.0417887525396599,6283,4463,False,False,False,False
5713,CSS_J061055.9-075339,EW,RRc,True,False,0.4449596506297672,1.1857177678091786,1448,1202,False,False,False,False
5714,CSS_J013318.2-110639,RRd,RRc,True,True,0.3769525514924265,0.9630791304987019,5238,7991,False,False,False,False
5715,CSS_J161750.6+044131,RRc,RRc,False,False,0.3701890853380557,1.127902707756241,6070,1957,False,False,False,False
5716,CSS_J212743.1+180305,EW,EW,False,False,0.3565111093258711,1.0145339720262034,7561,5844,False,False,False,False
5717,CSS_J095443.8-010421,EW,EW,False,False,0.431878118499987,1.2992283459155627,1792,533,False,False,False,False
5718,CSS_J083011.6+332717,EW,EW,False,False,0.36594538754509653,1.1175231527857388,6581,2153,False,False,False,False
5719,CSS_J054638.1+050919,EW,EW,False,False,0.3522978722407601,0.9911863161362404,7848,7249,False,False,False,False
5720,CSS_J020833.8+183924,EW,EW,False,False,0.3643125501412138,0.9970387831764758,6764,6922,False,False,False,False
5721,CSS_J224459.7+050254,EW,EW,False,False,0.4035361983454268,1.0898623519428994,2967,2773,False,False,False,False
5722,CSS_J034835.7+293025,EW,EW,False,False,0.397526516776408,1.0909780903552642,3333,2744,False,False,False,False
5723,CSS_J055845.1-130330,EW,EW,False,False,0.3611464953943295,1.0339153940822206,7101,4819,False,False,False,False
5724,CSS_J003352.7+314829,EW,EW,False,False,0.44563635921454103,1.2897539904110498,1429,574,False,False,False,False
5725,CSS_J234034.2+344236,RS CVn,RS CVn,False,True,0.39529076321689427,1.2045094737315802,3485,1054,False,False,False,False
5726,CSS_J090751.2+241845,EW,EW,False,False,0.44717299097104063,1.0004855149742409,1393,6730,False,False,False,False
5727,CSS_J150737.2+145509,EW,EW,False,False,0.4121007182452598,1.0627919993044737,2538,3596,False,False,False,False
5728,CSS_J161911.0-153605,EW,EW,False,False,0.35012112733285194,0.9994157708259344,7946,6799,False,False,False,False
5729,CSS_J023936.5-182907,EW,EW,False,False,0.37086891904542474,1.0781005140870892,5988,3104,False,False,False,False
5730,CSS_J205849.7-074730,RRc,RRc,False,False,0.3805087528755075,1.088234188113335,4865,2824,False,False,False,False
5731,CSS_J211431.6+105130,EW,EW,False,False,0.3771168584235395,1.1030142851100122,5221,2457,False,False,False,False
5732,CSS_J131755.0-073201,RRab,RRab,False,False,0.47958819034630706,1.1015808186452634,792,2496,False,False,False,False
5733,CSS_J163506.4+283852,EW,EW,False,False,0.35256113665988936,0.9885858131309784,7836,7382,False,False,False,False
5734,CSS_J212410.3+185150,EW,EW,False,False,0.38137030378667075,1.0313270370978296,4764,4957,False,False,False,False
5735,CSS_J020354.1-082556,EW,EW,False,False,0.3603679855732486,1.0230424305240682,7192,5355,False,False,False,False
5736,CSS_J041047.1+131721,EW,RRc,True,False,0.3872989811437315,1.030455625933148,4146,5000,False,False,False,False
5737,CSS_J075618.0+360634,EW,EA,True,False,0.44205878450078967,1.1607966923254813,1523,1499,False,False,False,False
5738,CSS_J230251.3+225839,RS CVn,RS CVn,False,True,0.3931748009550045,1.0585012057787895,3650,3749,False,False,False,False
5739,CSS_J044102.4+322634,EW,EW,False,False,0.36506051520331373,1.0107009178404902,6678,6102,False,False,False,False
5740,CSS_J113819.6+262042,EW,EW,False,False,0.3941401019521046,1.1453060361548113,3577,1700,False,False,False,False
5741,CSS_J232716.7+260052,EW,EW,False,False,0.3572178348189828,1.3439285509096615,7497,394,False,False,False,False
5742,CSS_J023536.1+342348,EW,EW,False,False,0.373964435288889,1.0514170267152243,5596,4031,False,False,False,False
5743,CSS_J095820.4-010738,EW,EW,False,False,0.35000063700811596,1.0861461375403019,7951,2873,False,False,False,False
5744,CSS_J005714.8+003428,EW,EW,False,False,0.38617730279884904,1.0017457901822504,4257,6660,False,False,False,False
5745,CSS_J110632.3+162334,EW,EW,False,False,0.3679809143765604,1.3326854660536906,6351,424,False,False,False,False
5746,CSS_J121136.5-072126,EW,EW,False,False,0.39021323368029387,1.173118174521558,3890,1332,False,False,False,False
5747,CSS_J224916.7+344514,EW,EW,False,False,0.3803532299939657,1.0057661234599975,4882,6416,False,False,False,False
5748,CSS_J223058.9+032408,EW,EW,False,False,0.3860015482477012,1.0272208340398825,4281,5148,False,False,False,False
5749,CSS_J030615.5+192817,EA,EA,False,False,0.5046739394684244,1.0450019044471128,502,4310,False,False,False,False
5750,CSS_J203340.5-020940,RRab,RRab,False,False,0.43701234051873505,1.2215922788317644,1646,924,False,False,False,False
5751,CSS_J210728.7-020902,EW,EW,False,False,0.37467579988658833,1.025258722814457,5508,5252,False,False,False,False
5752,CSS_J124305.8+144832,EW,EW,False,False,0.39604815731390774,1.06867654904705,3428,3388,False,False,False,False
5753,CSS_J012055.1+421020,RS CVn,RS CVn,False,True,0.39457650542319955,1.1023396757747472,3545,2473,False,False,False,False
5754,CSS_J031729.8+184419,RRab,RRab,False,False,0.4635320476200926,1.0992255922991632,1062,2556,False,False,False,False
5755,CSS_J045552.5-090407,EA,EA,False,False,0.5038458884391614,1.0189567913969764,512,5583,False,False,False,False
5756,CSS_J180029.8+413721,RRc,RRc,False,False,0.38718187938220905,1.0433650069957294,4156,4381,False,False,False,False
5757,CSS_J082455.4-033336,EW,EW,False,False,0.39022751378606885,1.138474191125871,3888,1785,False,False,False,False
5758,CSS_J090412.9+202331,EW,EW,False,False,0.45212503566001266,1.1283144452316116,1284,1949,False,False,False,False
5759,CSS_J173736.0+480356,EW,EW,False,False,0.3647380424141049,1.007428840464475,6719,6298,False,False,False,False
5760,CSS_J215926.5-103030,EW,EW,False,False,0.3693892957318414,1.0363984393456016,6163,4693,False,False,False,False
5761,CSS_J035243.2+040032,EW,EW,False,False,0.3685525372455988,0.9906365065153615,6273,7274,False,False,False,False
5762,CSS_J072957.0+614429,EW,EW,False,False,0.3574268909704493,1.0024926340443892,7478,6617,False,False,False,False
5763,CSS_J043524.0+070059,EW,EW,False,False,0.4041593824025954,1.1132400613431457,2936,2239,False,False,False,False
5764,CSS_J043241.5-043820,EW,EW,False,False,0.4783967742555659,1.046946463801601,813,4222,False,False,False,False
5765,CSS_J114824.5+242042,EW,EW,False,False,0.3701295216955726,1.0312335960807477,6077,4960,False,False,False,False
5766,CSS_J143304.9+032156,EA,EA,False,False,0.48127913391411875,1.1844268124835264,769,1220,False,False,False,False
5767,CSS_J100539.0-060707,EW,EW,False,False,0.40747114593714223,0.9861334222944187,2764,7523,False,False,False,False
5768,CSS_J171839.0+083419,EW,EW,False,False,0.3600487341023116,1.1081936002707098,7225,2343,False,False,False,False
5769,CSS_J154000.8+310817,EW,EW,False,False,0.4021109071363251,1.0858585280284614,3060,2885,False,False,False,False
5770,CSS_J223646.6+195604,EW,EW,False,False,0.35550320566043525,1.0221731386911126,7647,5409,False,False,False,False
5771,CSS_J012913.1+343217,EW,RS CVn,True,False,0.4472197241196751,1.302224994686972,1392,522,False,False,False,False
5772,CSS_J071702.6+332551,EW,EW,False,False,0.43113970301274923,1.312957729932354,1818,478,False,False,False,False
5773,CSS_J084122.7-022524,EW,EW,False,False,0.45462060113779285,1.5979745447614602,1220,86,False,True,False,False
5774,CSS_J040016.9+363434,EW,EW,False,False,0.3936973448609068,1.0488996418577565,3619,4134,False,False,False,False
5775,CSS_J011026.1+285359,EW,EW,False,False,0.3858386545682263,1.1273397889276997,4301,1966,False,False,False,False
5776,CSS_J143303.4+402845,EW,EW,False,False,0.4182540992584534,1.0479076813651482,2271,4176,False,False,False,False
5777,CSS_J042439.6-105246,EW,EW,False,False,0.3480040131835848,1.005330736396588,7986,6452,False,False,False,False
5778,CSS_J004155.1+322733,EW,EW,False,False,0.3944676391744254,1.17124116464627,3556,1359,False,False,False,False
5779,CSS_J151033.1+124228,EW,EW,False,False,0.37146941833146385,1.0172594718522312,5912,5690,False,False,False,False
5780,CSS_J034604.7-034436,EW,RS CVn,True,False,0.4082115641639746,1.1767112162603892,2731,1292,False,False,False,False
5781,CSS_J055343.2-071944,EW,EW,False,False,0.39708474953534684,1.31446711724275,3362,469,False,False,False,False
5782,CSS_J175205.2+310337,EW,EW,False,False,0.36836127744555786,1.0431851957925646,6301,4391,False,False,False,False
5783,CSS_J133751.0+081256,EW,EW,False,False,0.3854041435792354,1.0254268593531903,4340,5243,False,False,False,False
5784,CSS_J050009.1+145028,EW,EW,False,False,0.40157348387891334,1.0710586619097098,3085,3305,False,False,False,False
5785,CSS_J050854.8+114347,EW,EW,False,False,0.40363441826842483,1.056349230549737,2963,3827,False,False,False,False
5786,CSS_J141326.3+334159,EW,EW,False,False,0.35510587841425084,0.9948597090270459,7670,7041,False,False,False,False
5787,CSS_J002523.3-031523,RRc,RRc,False,False,0.37231502597903754,1.0167952614128102,5784,5715,False,False,False,False
5788,CSS_J155148.1+523426,EW,EW,False,False,0.383053044822334,1.038086837586546,4601,4614,False,False,False,False
5789,CSS_J070727.7+411738,EW,EW,False,False,0.37122642131345396,1.0089833462429927,5948,6188,False,False,False,False
5790,CSS_J043442.7+012852,EW,EW,False,False,0.3555507428365977,1.070210825070537,7644,3325,False,False,False,False
5791,CSS_J044953.0-014650,RS CVn,EW,True,True,0.3731086940458923,1.0756545492605722,5702,3180,False,False,False,False
5792,CSS_J032041.9+330551,EW,EW,False,False,0.3622320596067604,1.1661096466660072,6982,1423,False,False,False,False
5793,CSS_J043711.7+064606,EW,EW,False,False,0.3725242313571275,1.083874576545757,5760,2940,False,False,False,False
5794,CSS_J211018.4+143612,EW,EW,False,False,0.39058316329827714,0.9927811777965425,3860,7150,False,False,False,False
5795,CSS_J091703.5+010557,EW,EW,False,False,0.37813341278707163,1.0292253884563616,5111,5047,False,False,False,False
5796,CSS_J051612.9+081738,EW,EW,False,False,0.3572465556134688,0.9985495687744853,7493,6844,False,False,False,False
5797,CSS_J063551.4+525908,EW,EW,False,False,0.3961878564017986,1.225321741630318,3416,891,False,False,False,False
5798,CSS_J002809.2+314152,EW,EW,False,False,0.363757866706585,1.01613608008421,6819,5751,False,False,False,False
5799,CSS_J221604.0+255836,EW,EW,False,False,0.36611674076140477,0.9879795779246517,6567,7413,False,False,False,False
5800,CSS_J114013.7+131105,RRc,RRc,False,False,0.39823720999852447,1.0842233097372425,3290,2928,False,False,False,False
5801,CSS_J175002.7+324148,EW,EA,True,False,0.44551741138514406,1.0743776349856577,1433,3209,False,False,False,False
5802,CSS_J162809.4+041309,EW,EW,False,False,0.5106708814232727,1.4355594365079622,451,226,False,False,False,False
5803,CSS_J083005.4+482305,EW,EW,False,False,0.44420212086645766,1.2311164565849626,1468,855,False,False,False,False
5804,CSS_J170220.6+080144,EW,EW,False,False,0.37480140101740783,1.0681155995866631,5496,3407,False,False,False,False
5805,CSS_J103233.5+362054,EA,EA,False,False,0.6152505853495426,1.0959220623288795,112,2632,True,False,False,False
5806,CSS_J161539.6+124723,EW,EA,True,False,0.39933436390377175,0.9848104689612388,3201,7594,False,False,False,False
5807,CSS_J032253.7+341309,EW,EW,False,False,0.360063325889779,1.0639494445011781,7221,3551,False,False,False,False
5808,CSS_J090110.2+143310,EW,EW,False,False,0.35067006792733446,0.9849049882331361,7929,7588,False,False,False,False
5809,CSS_J224507.9+112321,EA,EW,True,False,0.37656998242481604,1.0148091774758934,5289,5823,False,False,False,False
5810,CSS_J235904.6+383409,EW,EW,False,False,0.38540116422902615,1.157266916561164,4341,1536,False,False,False,False
5811,CSS_J111851.3+192032,EW,EW,False,False,0.40137342761128664,1.0193745537765975,3098,5560,False,False,False,False
5812,CSS_J133034.7+494409,EW,EW,False,False,0.4228357072798113,1.000050923660132,2098,6760,False,False,False,False
5813,CSS_J035102.8-024503,EW,EW,False,False,0.43168323045898604,1.346820393122825,1796,386,False,False,False,False
5814,CSS_J011337.8+064243,RRc,RRc,False,False,0.36018773701629986,1.1198008393185852,7209,2106,False,False,False,False
5815,CSS_J025614.5+392424,EA,EA,False,False,0.412693919781461,0.999938028981472,2516,6768,False,False,False,False
5816,CSS_J172404.0+065320,RRab,RRab,False,False,0.39752067493396637,1.0428476370603805,3334,4416,False,False,False,False
5817,CSS_J210222.9-154254,RRc,RRc,False,False,0.3964114338690906,1.0333182931544727,3402,4848,False,False,False,False
5818,CSS_J045253.0+000604,EW,EW,False,False,0.36065774275566387,1.0897354794341059,7160,2781,False,False,False,False
5819,CSS_J132434.2+125756,EW,EW,False,False,0.3636773247181335,1.0473898692814656,6830,4205,False,False,False,False
5820,CSS_J111702.4+184301,RRc,RRc,False,False,0.37002257123684845,1.2228724493787384,6091,914,False,False,False,False
5821,CSS_J011355.3+303033,EA,EA,False,False,0.5077003134909854,1.0951083653031286,481,2644,False,False,False,False
5822,CSS_J082539.0+401944,RRab,RRab,False,False,0.4283693180021702,1.0703109053267776,1905,3323,False,False,False,False
5823,CSS_J104727.4-050211,EW,EW,False,False,0.4026520582296056,1.1527103748380392,3022,1595,False,False,False,False
5824,CSS_J041413.2+200826,EW,EW,False,False,0.3669332490293174,1.0021395342073685,6462,6639,False,False,False,False
5825,CSS_J155854.1+463549,EW,EW,False,False,0.38194620066104207,1.195286968342987,4695,1114,False,False,False,False
5826,CSS_J165239.1+145136,RRc,RRc,False,False,0.39161558850853656,0.9999763188517641,3780,6765,False,False,False,False
5827,CSS_J045018.5+105631,RRab,RRab,False,False,0.5187376311721636,1.3805327074145246,400,314,False,False,False,False
5828,CSS_J135907.5-020026,EW,EW,False,False,0.46828146558979544,1.1611173739649856,968,1493,False,False,False,False
5829,CSS_J154332.7+421436,EW,EW,False,False,0.3884019909003387,0.9855181275264784,4046,7553,False,False,False,False
5830,CSS_J014606.3+265901,EW,EW,False,False,0.35633687663158614,1.0480330313194435,7583,4170,False,False,False,False
5831,CSS_J201536.0-121947,RRc,RRc,False,False,0.38512408289875294,1.6238626119866268,4366,74,False,True,False,False
5832,CSS_J030733.6+330930,EA,EA,False,False,0.46379971997273345,0.9934772826900531,1051,7117,False,False,False,False
5833,CSS_J042733.3+251122,EW,EW,False,False,0.37224537417413905,1.0311356215262983,5794,4964,False,False,False,False
5834,CSS_J051124.6+074413,EW,EW,False,False,0.38195638795077574,1.0700165326293132,4694,3333,False,False,False,False
5835,CSS_J215047.4+143417,EW,EW,False,False,0.38179217442892416,1.064855561767489,4714,3527,False,False,False,False
5836,CSS_J091909.5+323235,EW,EW,False,False,0.38176405860690554,1.1155770035430632,4719,2191,False,False,False,False
5837,CSS_J205653.3-133215,EA,EA,False,False,0.4331536694347782,0.9988306437206967,1750,6822,False,False,False,False
5838,CSS_J221247.4+182410,EW,EW,False,False,0.3750166607392654,1.0271900602444926,5462,5151,False,False,False,False
5839,CSS_J161012.7+400907,RRc,RRc,False,False,0.40216002769553877,1.034475064326555,3055,4782,False,False,False,False
5840,CSS_J013728.1+084637,EW,EW,False,False,0.362678016352537,1.0759589770877267,6938,3170,False,False,False,False
5841,CSS_J204445.1-015731,EW,EW,False,False,0.4232036853302932,1.0907768026989038,2080,2749,False,False,False,False
5842,CSS_J174504.1+420852,EW,EW,False,False,0.3718255169564937,1.0977471696479568,5860,2594,False,False,False,False
5843,CSS_J115034.8+384031,EW,EW,False,False,0.45723079374211556,1.1052903654688264,1174,2403,False,False,False,False
5844,CSS_J213701.2+113019,EW,EW,False,False,0.36138037989296695,1.0261688150137855,7072,5199,False,False,False,False
5845,CSS_J113258.7+260500,EW,EW,False,False,0.39640417226447305,1.073164379510195,3403,3242,False,False,False,False
5846,CSS_J084420.4-101543,EW,EW,False,False,0.3989939654791054,1.1907167024812868,3230,1151,False,False,False,False
5847,CSS_J132642.3+243230,EW,EW,False,False,0.37273384170369817,1.0089742394234094,5736,6189,False,False,False,False
5848,CSS_J062411.3+535818,EW,EW,False,False,0.4566539438144977,1.188786498985586,1185,1167,False,False,False,False
5849,CSS_J205837.9+000843,EW,EW,False,False,0.38134256248623244,1.0619916560485847,4769,3631,False,False,False,False
5850,CSS_J153447.5+362121,EW,EW,False,False,0.36493626688604724,1.0477630891352288,6696,4187,False,False,False,False
5851,CSS_J092954.4+154935,EW,EW,False,False,0.41021232190979373,1.0766339868817592,2635,3153,False,False,False,False
5852,CSS_J103329.1+032627,RRd,RRc,True,True,0.38107290646756775,1.0188669197597942,4802,5591,False,False,False,False
5853,CSS_J051702.4+085150,EW,EW,False,False,0.39466908117579125,1.05413121346643,3533,3915,False,False,False,False
5854,CSS_J085802.0+282634,EW,EW,False,False,0.38478419348628595,1.014754245019726,4405,5829,False,False,False,False
5855,CSS_J220408.0+025004,EW,EW,False,False,0.36897292750083327,0.9935478650221625,6220,7112,False,False,False,False
5856,CSS_J174215.0+193625,EW,EW,False,False,0.38390595469283073,1.034013611831743,4496,4813,False,False,False,False
5857,CSS_J154718.5+541517,EW,EW,False,False,0.3740092078460184,1.0309986764390833,5591,4968,False,False,False,False
5858,CSS_J231530.5+281646,EW,EW,False,False,0.3605933927956623,1.0328296335644471,7170,4868,False,False,False,False
5859,CSS_J022808.2+040406,EW,EW,False,False,0.36493233473203335,1.07000976342096,6697,3334,False,False,False,False
5860,CSS_J233735.2+421306,RRc,EW,True,False,0.3756996462777746,1.0459089171560225,5400,4272,False,False,False,False
5861,CSS_J152605.0-115200,EW,EW,False,False,0.37370689555395936,1.191896225023918,5629,1140,False,False,False,False
5862,CSS_J212258.6+185000,RRc,RRc,False,False,0.3708662577425958,0.9979052547470161,5990,6877,False,False,False,False
5863,CSS_J171921.3+352435,EW,EW,False,False,0.4557665078555315,1.0946634512580677,1196,2658,False,False,False,False
5864,CSS_J085907.2+144938,EW,EW,False,False,0.3954268992234333,1.0430070862997571,3477,4401,False,False,False,False
5865,CSS_J023904.4+314603,EW,EW,False,False,0.36274926507189664,0.9738888258521825,6928,7906,False,False,False,False
5866,CSS_J180235.9+270432,RRc,EW,True,False,0.4029500331033856,1.1697072089148384,3005,1372,False,False,False,False
5867,CSS_J103145.1+050513,EW,EW,False,False,0.3775633518547655,1.0063787941941444,5179,6365,False,False,False,False
5868,CSS_J231016.8+264308,EW,EW,False,False,0.45725736083645957,1.3789844839890004,1171,318,False,False,False,False
5869,CSS_J222555.4+073909,EW,RS CVn,True,False,0.41116768612358195,1.126063189256499,2586,1992,False,False,False,False
5870,CSS_J211227.3-013322,EW,EW,False,False,0.377486194360075,1.0187741982582261,5184,5595,False,False,False,False
5871,CSS_J045331.9+043403,EW,EW,False,False,0.40986547372233395,1.2747068331612172,2650,630,False,False,False,False
5872,CSS_J024914.0+372558,EW,EW,False,False,0.3639257663675354,1.1284543634001425,6803,1947,False,False,False,False
5873,CSS_J090622.9-031800,EW,EW,False,False,0.41674393993478037,1.0530401882016842,2336,3953,False,False,False,False
5874,CSS_J042245.6+292636,EW,EW,False,False,0.3799116903246088,1.0654870976303739,4933,3507,False,False,False,False
5875,CSS_J152733.9-125455,EW,EW,False,False,0.3696822500229918,1.0893994329348575,6128,2795,False,False,False,False
5876,CSS_J145411.9+061324,RRc,RRc,False,False,0.3672444806927979,0.9833642588688576,6424,7648,False,False,False,False
5877,CSS_J213450.2+144526,EA,EW,True,False,0.3963487835212686,1.0432684816215227,3407,4384,False,False,False,False
5878,CSS_J075322.6+090154,RRab,RRab,False,False,0.41009518393327216,1.1252314308003208,2643,2003,False,False,False,False
5879,CSS_J170321.3+220025,EW,EW,False,False,0.37733318268106986,1.0536215467274603,5197,3923,False,False,False,False
5880,CSS_J165508.1-041452,EA,EA,False,False,0.4660975677903182,1.0227684039452916,1006,5374,False,False,False,False
5881,CSS_J205236.4+032752,EW,EW,False,False,0.46697399555578645,0.9874251958782967,992,7444,False,False,False,False
5882,CSS_J133031.2+150925,EW,EW,False,False,0.35741441586653505,0.9850188776270861,7479,7578,False,False,False,False
5883,CSS_J232808.7+130050,EW,EW,False,False,0.4018780017375407,1.075947944564686,3069,3171,False,False,False,False
5884,CSS_J085827.5+421009,EW,EW,False,False,0.3769611962508563,1.0043422639170887,5236,6507,False,False,False,False
5885,CSS_J153430.5-101651,RRc,RRc,False,False,0.3867767780571653,1.1214715812606593,4195,2064,False,False,False,False
5886,CSS_J015016.0+384816,EW,EW,False,False,0.42358527782808364,1.0356192543078682,2062,4729,False,False,False,False
5887,CSS_J111417.9+183425,EW,EW,False,False,0.37054654172858104,0.9956586825386802,6032,6999,False,False,False,False
5888,CSS_J032834.4+101118,RRab,RRab,False,False,0.4128884913744723,1.009213506613991,2505,6166,False,False,False,False
5889,CSS_J160355.4+284726,EW,EW,False,False,0.40235348567785356,1.1179185967979879,3042,2145,False,False,False,False
5890,CSS_J134451.9-183333,RRc,RRc,False,False,0.4105615823161782,1.145753986922489,2623,1695,False,False,False,False
5891,CSS_J212953.6-123805,EW,EW,False,False,0.3812507475512793,1.0572807501036128,4779,3797,False,False,False,False
5892,CSS_J211822.0-060814,RRc,EW,True,False,0.40435813362670736,1.1211215049569871,2925,2070,False,False,False,False
5893,CSS_J005012.5+070302,EW,EW,False,False,0.35523876145268757,1.1129366896947799,7661,2241,False,False,False,False
5894,CSS_J061339.4-105743,EW,EW,False,False,0.388092667362642,1.1429398205069181,4079,1725,False,False,False,False
5895,CSS_J044821.6+002220,EW,EW,False,False,0.38375386058511995,1.0034225394023293,4517,6562,False,False,False,False
5896,CSS_J084516.6+001901,EA,EW,True,False,0.4328023570601852,1.0883247215404863,1762,2822,False,False,False,False
5897,CSS_J161250.3+050521,EW,EW,False,False,0.38005666782441083,0.9863488381307122,4914,7508,False,False,False,False
5898,CSS_J072411.7+304854,EW,EW,False,False,0.39232250174658256,1.001254665451052,3722,6681,False,False,False,False
5899,CSS_J080030.8+292412,EA,EA,False,False,0.47906436622524956,1.3149466572841906,799,468,False,False,False,False
5900,CSS_J212346.2+111011,EW,EW,False,False,0.3630284269556525,1.027858803843433,6894,5114,False,False,False,False
5901,CSS_J234029.5+200001,RRc,EW,True,False,0.37187014331736423,1.1623199133813324,5843,1474,False,False,False,False
5902,CSS_J005013.5+405932,EW,EW,False,False,0.36915806147161384,1.0252192379919087,6201,5254,False,False,False,False
5903,CSS_J220259.8+180800,EW,EW,False,False,0.3556698781050857,1.0058090468796035,7636,6412,False,False,False,False
5904,CSS_J022227.8+295454,EW,EW,False,False,0.3701511998233078,1.0504935424242028,6075,4070,False,False,False,False
5905,CSS_J043222.4+381346,EW,EW,False,False,0.38070667503845956,1.102567342762099,4843,2469,False,False,False,False
5906,CSS_J095648.1+082529,EW,EW,False,False,0.380111127527216,1.0614085796729846,4903,3647,False,False,False,False
5907,CSS_J054829.1-173606,EW,EW,False,False,0.3527399187982098,1.0116498774855862,7828,6029,False,False,False,False
5908,CSS_J163725.2-111418,EW,EW,False,False,0.3589093823168807,1.0661111969562216,7334,3484,False,False,False,False
5909,CSS_J211643.6+005102,EW,EW,False,False,0.3956344766815539,1.0254741989747695,3458,5240,False,False,False,False
5910,CSS_J231402.9+265807,EA,EA,False,False,0.5166638397313628,1.0478392458478738,411,4183,False,False,False,False
5911,CSS_J090752.1+230240,EW,EW,False,False,0.39676841396255225,1.0260062392348228,3384,5212,False,False,False,False
5912,CSS_J150940.0+214841,EA,EA,False,False,0.42113030072500784,1.2626931678777078,2159,694,False,False,False,False
5913,CSS_J091303.5+174344,EW,EW,False,False,0.38140919299606574,1.0601677457998715,4761,3677,False,False,False,False
5914,CSS_J234100.8+330959,EW,EW,False,False,0.37221344085859637,1.0771176551469037,5798,3136,False,False,False,False
5915,CSS_J084543.8-063534,EA,EA,False,False,0.4323807387052266,1.0896563327759665,1772,2784,False,False,False,False
5916,CSS_J170149.1+124526,EW,EW,False,False,0.38867840065617737,0.9753562626970899,4025,7873,False,False,False,False
5917,CSS_J160449.2+161101,RRc,EW,True,False,0.37093306596251435,1.0678616253937758,5986,3414,False,False,False,False
5918,CSS_J231651.4-192236,RRc,EW,True,False,0.3726955350427006,1.105322041130298,5741,2402,False,False,False,False
5919,CSS_J110247.9+431953,EW,EW,False,False,0.41204308453654453,1.0206820524217888,2543,5491,False,False,False,False
5920,CSS_J011157.2-071957,EW,EW,False,False,0.3800273870884813,1.0243364782366278,4919,5298,False,False,False,False
5921,CSS_J080115.8+540126,EW,EW,False,False,0.3622622493006387,1.0073620562675285,6980,6304,False,False,False,False
5922,CSS_J085857.0+671753,EW,EW,False,False,0.42146726033159815,1.0284925023715412,2147,5085,False,False,False,False
5923,CSS_J030556.1+295917,EW,EW,False,False,0.3783520686116271,1.0550507757128984,5087,3880,False,False,False,False
5924,CSS_J053112.6-192248,RRc,RRc,False,False,0.3584277115113705,1.0314633651292568,7383,4943,False,False,False,False
5925,CSS_J225404.4+240205,EW,EW,False,False,0.36292094404889264,0.9719632194892975,6910,7934,False,False,False,False
5926,CSS_J091536.7+154255,RRc,EW,True,False,0.3919216830586021,1.374487093391045,3753,329,False,False,False,False
5927,CSS_J042340.3+275151,RRab,RRab,False,False,0.44894400148742725,1.1105788814693016,1352,2291,False,False,False,False
5928,CSS_J211231.5+044525,EW,EW,False,False,0.3740398266510297,1.1064453275773292,5586,2381,False,False,False,False
5929,CSS_J172350.6+504650,EW,EW,False,False,0.42760786006929746,1.3346945147832057,1935,416,False,False,False,False
5930,CSS_J230846.5+000956,EW,EW,False,False,0.35581967975688283,1.0291934215818528,7627,5048,False,False,False,False
5931,CSS_J230542.0+380209,EW,EW,False,False,0.36681098324110173,0.9825339524203315,6484,7677,False,False,False,False
5932,CSS_J052507.2+090741,EW,EW,False,False,0.38135738456882,0.9919872969025573,4766,7202,False,False,False,False
5933,CSS_J131918.3+461325,RRab,RRab,False,False,0.4369355826225436,1.0934234816362935,1647,2678,False,False,False,False
5934,CSS_J234502.6+371537,EW,EW,False,False,0.39776111427679506,0.9932232928505931,3318,7128,False,False,False,False
5935,CSS_J052325.5+110332,EW,EW,False,False,0.38383835188468585,1.0975034736735736,4507,2599,False,False,False,False
5936,CSS_J033220.7+192005,RRc,RRc,False,False,0.4777137855014272,1.249258325106469,820,754,False,False,False,False
5937,CSS_J003449.3+343709,EW,EW,False,False,0.4145753612566633,1.0496483161275436,2417,4108,False,False,False,False
5938,CSS_J091429.9+032325,EW,EW,False,False,0.38732258197120933,1.1467843437805574,4143,1682,False,False,False,False
5939,CSS_J163355.6+253151,RRc,RRc,False,False,0.3621883674784734,0.9942953620300201,6989,7079,False,False,False,False
5940,CSS_J074804.4+434043,EW,EW,False,False,0.4523314747254218,1.1215560066789663,1279,2060,False,False,False,False
5941,CSS_J152328.8+442818,EA,EA,False,False,0.5177457631722306,1.101106106220994,409,2509,False,False,False,False
5942,CSS_J040208.9+355330,EW,EW,False,False,0.3868810641529146,1.06819353103639,4186,3405,False,False,False,False
5943,CSS_J075453.7+272849,EW,EW,False,False,0.40652711597920654,1.0374841870542526,2806,4640,False,False,False,False
5944,CSS_J152221.6+522843,RRd,EW,True,True,0.3925698275398489,1.2680078350876394,3704,659,False,False,False,False
5945,CSS_J101533.2-121952,EW,EW,False,False,0.4031857754668753,1.2451027519743156,2989,780,False,False,False,False
5946,CSS_J051718.0+015005,EW,EW,False,False,0.4593390172708854,1.0528119195955612,1124,3967,False,False,False,False
5947,CSS_J030729.9+014412,EW,EW,False,False,0.3541258733595968,1.0892590248220677,7748,2800,False,False,False,False
5948,CSS_J165920.5+275932,EW,EW,False,False,0.42535340212928224,1.0200119459473842,2012,5520,False,False,False,False
5949,CSS_J141208.1-015208,EW,EW,False,False,0.3547485402365655,1.0166761647521465,7700,5724,False,False,False,False
5950,CSS_J010208.4+353518,EW,EW,False,False,0.36204382527190754,1.0177886873177733,7003,5662,False,False,False,False
5951,CSS_J213614.2-091103,EW,EW,False,False,0.38749998737533337,1.110195673371861,4133,2296,False,False,False,False
5952,CSS_J211630.4+084501,RRc,EW,True,False,0.3732427871210119,0.9873836813449584,5685,7446,False,False,False,False
5953,CSS_J154851.1+390448,RRd,RRc,True,True,0.3698341863570757,0.9916563306981203,6112,7225,False,False,False,False
5954,CSS_J043004.2+213128,EW,EW,False,False,0.42016666001490294,1.0377228270941754,2198,4631,False,False,False,False
5955,CSS_J041721.6+331009,EW,EW,False,False,0.3701795545017195,1.0313318454791802,6071,4955,False,False,False,False
5956,CSS_J173905.4+191414,EW,EW,False,False,0.4005886659657484,1.1004466064132823,3136,2523,False,False,False,False
5957,CSS_J090455.6-091747,EW,EW,False,False,0.403824754835549,1.1277296887658514,2947,1959,False,False,False,False
5958,CSS_J150928.5+071621,EW,EW,False,False,0.3579282356649647,1.0986915513746862,7436,2572,False,False,False,False
5959,CSS_J140425.9+240213,RRc,RRc,False,False,0.3615089183754163,0.9910156961941631,7053,7257,False,False,False,False
5960,CSS_J070931.0+412142,EW,EA,True,False,0.4498651963742285,1.0187693194900445,1327,5596,False,False,False,False
5961,CSS_J042311.0+232005,EW,EW,False,False,0.40273350323103563,1.1153010074402048,3014,2199,False,False,False,False
5962,CSS_J044626.7+221631,EW,EW,False,False,0.3598644967970805,1.0478189970590106,7242,4184,False,False,False,False
5963,CSS_J084756.2+271333,EW,EW,False,False,0.38882978242229904,1.1043502499090256,4009,2422,False,False,False,False
5964,CSS_J165257.2-031129,RRc,EW,True,False,0.3761413920773352,1.2534750714789835,5345,734,False,False,False,False
5965,CSS_J104129.3-140317,EA,EA,False,False,0.46784882621602125,1.0953343621877512,977,2637,False,False,False,False
5966,CSS_J172556.8+191520,RS CVn,RS CVn,False,True,0.5535157015251979,0.9754807850032858,242,7870,False,False,False,False
5967,CSS_J141501.5+151516,EW,EW,False,False,0.35985881273206927,1.0007857855543882,7243,6713,False,False,False,False
5968,CSS_J062617.5+494224,EW,EW,False,False,0.3575444385417313,0.9924577701360903,7468,7169,False,False,False,False
5969,CSS_J045226.6+152519,EW,EW,False,False,0.36361400066537786,1.0032462180916761,6842,6571,False,False,False,False
5970,CSS_J210209.6-192249,EW,EW,False,False,0.37578856011273676,1.1090858177902463,5386,2321,False,False,False,False
5971,CSS_J040244.2+333211,EW,EW,False,False,0.38571691413557907,0.9974133398232337,4315,6900,False,False,False,False
5972,CSS_J014308.9+165711,EW,EW,False,False,0.38623444785371674,1.008947016597549,4252,6190,False,False,False,False
5973,CSS_J234704.3-164059,RRc,EW,True,False,0.37751605287358947,1.1163182857169542,5183,2173,False,False,False,False
5974,CSS_J051626.9+113341,EW,EW,False,False,0.4069528524313147,1.0051212263409655,2786,6459,False,False,False,False
5975,CSS_J032432.8+262642,EA,EA,False,False,0.4688080566812346,1.0528414964108541,960,3964,False,False,False,False
5976,CSS_J131553.2-031951,EW,EW,False,False,0.3721811604414454,1.0841972133130489,5804,2930,False,False,False,False
5977,CSS_J230646.3+344335,EA,EA,False,False,0.46246431683482464,1.0624890379542167,1078,3609,False,False,False,False
5978,CSS_J031022.7+005515,EW,EW,False,False,0.3619657691093441,1.0653122428080106,7007,3514,False,False,False,False
5979,CSS_J202825.3-021220,EW,EW,False,False,0.3612234289502837,1.138251224015418,7089,1790,False,False,False,False
5980,CSS_J083236.2+401850,EA,EW,True,False,0.40229114446299924,1.0370536399752912,3049,4665,False,False,False,False
5981,CSS_J001339.5-172907,RRab,RRab,False,False,0.4930720495753227,1.0326076495833507,607,4884,False,False,False,False
5982,CSS_J132108.8+033234,LPV,RS CVn,True,False,0.5587817476579785,1.161287815214226,230,1485,False,False,False,False
5983,CSS_J044705.2+193601,EW,EW,False,False,0.3616942920909209,1.1316266582715486,7036,1904,False,False,False,False
5984,CSS_J005106.2+290942,RRc,RRc,False,False,0.3716967035110396,1.029135855035038,5877,5052,False,False,False,False
5985,CSS_J140037.8-135609,RRab,RRc,True,False,0.4200124093135261,1.0495179969098614,2204,4112,False,False,False,False
5986,CSS_J175657.0+570233,EW,EW,False,False,0.3581514862339887,0.9902997010973402,7416,7299,False,False,False,False
5987,CSS_J074328.7+360725,EW,EW,False,False,0.6443344250098015,1.1584851045585078,81,1521,True,False,False,False
5988,CSS_J095628.2+060333,EW,EW,False,False,0.4171907641495815,1.0973291389633697,2312,2601,False,False,False,False
5989,CSS_J202320.3-182924,EW,EW,False,False,0.38900237133909993,1.1500847843852826,3992,1624,False,False,False,False
5990,CSS_J052054.4+003047,EW,EW,False,False,0.37113788210158183,1.0260924951165777,5962,5205,False,False,False,False
5991,CSS_J052401.5+013704,EW,EW,False,False,0.41299408536914417,1.1837105024649424,2500,1225,False,False,False,False
5992,CSS_J212323.9-072337,EW,EW,False,False,0.3889618835668009,1.0876656174296333,3993,2841,False,False,False,False
5993,CSS_J182014.4+530408,EA,EA,False,False,0.5430256384486573,1.006373666712261,283,6366,False,False,False,False
5994,CSS_J115758.8+331718,EW,EW,False,False,0.4827004308899321,1.2368967551106425,738,816,False,False,False,False
5995,CSS_J034622.7+364531,EW,EW,False,False,0.3634217784632141,1.0583743230260656,6856,3754,False,False,False,False
5996,CSS_J124028.9+433810,EW,EW,False,False,0.36051881731821367,0.9691455751052473,7177,7965,False,False,False,False
5997,CSS_J231821.3+373129,EW,EW,False,False,0.37683911625048944,1.0390690329463204,5252,4572,False,False,False,False
5998,CSS_J072317.5+400211,EW,EW,False,False,0.38921039182198924,1.0637505390785142,3974,3558,False,False,False,False
5999,CSS_J031505.0+354202,EW,EW,False,False,0.3475428508824391,0.9866407808345597,7994,7495,False,False,False,False
6000,CSS_J163126.9-191757,RRab,RRab,False,False,0.48237147870347197,1.0444009389322353,748,4345,False,False,False,False
6001,CSS_J163823.9+415803,EW,EW,False,False,0.3961255676627461,1.0450992799390453,3422,4308,False,False,False,False
6002,CSS_J141308.2+295943,EW,EW,False,False,0.3767718955982226,1.0262637437750879,5258,5194,False,False,False,False
6003,CSS_J153930.8-194250,EW,EW,False,False,0.4138074544381728,1.1118702020432374,2454,2271,False,False,False,False
6004,CSS_J070429.9+424903,EW,EW,False,False,0.41597628358188493,1.103198115760809,2361,2448,False,False,False,False
6005,CSS_J175124.5+361139,RRc,EW,True,False,0.3676629516968503,0.984884416419531,6377,7589,False,False,False,False
6006,CSS_J123201.5+352959,EW,EW,False,False,0.40463950186776104,0.9942662026443305,2910,7083,False,False,False,False
6007,CSS_J172918.8+164008,RRc,RRc,False,False,0.35683842075198574,1.0931409676220707,7529,2686,False,False,False,False
6008,CSS_J113334.8+220111,RRc,RRc,False,False,0.4124635332834476,1.1082571215451513,2526,2339,False,False,False,False
6009,CSS_J135536.5-014911,EW,EW,False,False,0.4037733874433287,1.2994603645747067,2951,531,False,False,False,False
6010,CSS_J041521.7+100352,EA,EA,False,False,0.4705403847556367,1.0270542472751072,927,5155,False,False,False,False
6011,CSS_J175646.7+302459,RRab,RRab,False,False,0.42301754441961087,1.385239446249303,2091,305,False,False,False,False
6012,CSS_J141604.8+295908,RRc,EW,True,False,0.4790772271208483,1.2545432794857085,798,731,False,False,False,False
6013,CSS_J213949.4+182300,EW,EW,False,False,0.3627206290102372,0.9740763772940975,6930,7899,False,False,False,False
6014,CSS_J150135.4-115639,EW,EW,False,False,0.36788979800877675,1.3095648064557275,6357,491,False,False,False,False
6015,CSS_J154306.4+235018,EW,EW,False,False,0.3680088603797612,1.0008933425508895,6348,6704,False,False,False,False
6016,CSS_J082618.4+403724,EW,EW,False,False,0.3559099257742121,1.012291917813072,7620,5982,False,False,False,False
6017,CSS_J165748.5+091425,RRc,RRc,False,False,0.37374369618740677,1.2213368320800888,5625,928,False,False,False,False
6018,CSS_J041738.9+065707,EW,EW,False,False,0.4015145775606237,1.0432111343548969,3091,4390,False,False,False,False
6019,CSS_J221356.0-144652,RRc,EW,True,False,0.3825602195266343,1.0356212602122328,4639,4728,False,False,False,False
6020,CSS_J221805.0+281206,EW,EW,False,False,0.37076850047669446,1.1218648460947738,6007,2053,False,False,False,False
6021,CSS_J030129.4-065806,EW,EW,False,False,0.4107223871415372,0.9939444726092024,2621,7098,False,False,False,False
6022,CSS_J161419.4+502157,EW,EW,False,False,0.3564618530562714,0.9881215233042029,7569,7409,False,False,False,False
6023,CSS_J180637.9+390230,EW,EW,False,False,0.35298745422464706,1.0750027318199689,7815,3196,False,False,False,False
6024,CSS_J145228.5-162854,RRab,RRab,False,False,0.4201447926366223,1.1876638650193605,2199,1180,False,False,False,False
6025,CSS_J210712.3+130715,EW,EW,False,False,0.37926698671607495,1.1127171449185815,4995,2248,False,False,False,False
6026,CSS_J080921.6+240032,EW,EW,False,False,0.45975660822157965,1.5543465231377742,1119,114,False,True,False,False
6027,CSS_J084023.7-045515,EW,EW,False,False,0.38225447634945364,1.0223000906265138,4668,5404,False,False,False,False
6028,CSS_J085003.8+122719,EA,EA,False,False,0.496123387743475,1.1230613078788187,570,2034,False,False,False,False
6029,CSS_J013037.9+282123,EW,EW,False,False,0.35716881990523397,1.000143802952579,7503,6755,False,False,False,False
6030,CSS_J044755.2+190743,EW,EW,False,False,0.36034294513288817,1.212071817727352,7194,999,False,False,False,False
6031,CSS_J225941.4+112149,EW,EW,False,False,0.6315445524348728,1.022721338848232,97,5377,True,False,False,False
6032,CSS_J043846.0-015214,EW,EW,False,False,0.36035829271650777,1.0362853255627156,7193,4698,False,False,False,False
6033,CSS_J054713.4-173042,EW,EW,False,False,0.3641121100950435,1.0034292290886637,6778,6561,False,False,False,False
6034,CSS_J033657.0+160149,EW,RRc,True,False,0.381437966751586,1.046399026620273,4756,4251,False,False,False,False
6035,CSS_J203856.0-010514,EW,EW,False,False,0.3763939169292325,1.0791855651595232,5310,3071,False,False,False,False
6036,CSS_J045814.0+180443,EW,EW,False,False,0.3528098827568923,1.0087099193091966,7824,6212,False,False,False,False
6037,CSS_J030638.9+303856,EW,EA,True,False,0.4273846831606496,0.9650770833145981,1941,7987,False,False,False,False
6038,CSS_J080205.8+433228,EA,EA,False,False,0.5292974799340808,1.0464893469210654,345,4243,False,False,False,False
6039,CSS_J172836.6+083416,RRab,RRab,False,False,0.45779390000989745,1.2272354740870353,1156,881,False,False,False,False
6040,CSS_J035901.8+120702,EW,EW,False,False,0.35707427081004395,0.986493789463377,7512,7497,False,False,False,False
6041,CSS_J090730.2+171555,EW,EW,False,False,0.38441253690208066,1.106182329771003,4442,2384,False,False,False,False
6042,CSS_J082250.2+314046,EW,EW,False,False,0.36178044105856827,1.0747526330839112,7023,3201,False,False,False,False
6043,CSS_J070249.9+345832,EA,EA,False,False,0.6425867891611451,1.1372092936802116,84,1806,True,False,False,False
6044,CSS_J234359.1+242335,EW,EW,False,False,0.35439140622707355,1.010271800449493,7727,6121,False,False,False,False
6045,CSS_J205643.8-041131,RRab,RRab,False,False,0.3615052690698551,1.0452052341838103,7054,4303,False,False,False,False
6046,CSS_J021407.1+201932,EW,EW,False,False,0.3592968917974962,1.0255344774601625,7298,5237,False,False,False,False
6047,CSS_J233620.3+405546,EW,EW,False,False,0.3834628339341239,0.9919202392297342,4553,7207,False,False,False,False
6048,CSS_J022907.3+034314,EW,EW,False,False,0.35073667714740847,1.1009963271712602,7925,2512,False,False,False,False
6049,CSS_J082743.4+281945,EA,EA,False,False,0.4822228826820021,1.1470618059517648,751,1678,False,False,False,False
6050,CSS_J160201.5+015449,EW,EW,False,False,0.3528133709449259,1.069893494574297,7822,3342,False,False,False,False
6051,CSS_J073223.5+263420,EW,EW,False,False,0.501021097006325,1.3386793678687425,530,409,False,False,False,False
6052,CSS_J081323.7+251602,EW,EW,False,False,0.3780200197382276,1.0067310126249438,5128,6333,False,False,False,False
6053,CSS_J170647.7+015238,EW,EW,False,False,0.42190505550726604,1.1311342210098423,2134,1917,False,False,False,False
6054,CSS_J134921.7+321651,EW,EW,False,False,0.36231707589038314,1.2144160763052143,6971,982,False,False,False,False
6055,CSS_J031411.6+385745,EW,EW,False,False,0.3852242679443163,0.9988699946516739,4356,6818,False,False,False,False
6056,CSS_J091941.1+074124,RS CVn,RRab,True,True,0.39714831902933817,1.4440712045219848,3359,216,False,False,False,False
6057,CSS_J232515.1+361202,EA,EW,True,False,0.3978779569326179,1.14164767320335,3311,1745,False,False,False,False
6058,CSS_J132321.7+241020,EW,EW,False,False,0.4647391994244803,1.1182325341431179,1032,2141,False,False,False,False
6059,CSS_J044401.3+302308,EW,EW,False,False,0.38820367988305987,0.9798809303242912,4065,7763,False,False,False,False
6060,CSS_J043926.8+204349,EW,EW,False,False,0.39516000706120213,1.0557746397499228,3495,3853,False,False,False,False
6061,CSS_J045912.6-165713,RRab,RRab,False,False,0.45303770127409715,1.1532488879767566,1261,1584,False,False,False,False
6062,CSS_J231311.8+191602,EW,EW,False,False,0.36071811537872717,0.9929218723030481,7149,7142,False,False,False,False
6063,CSS_J212221.3-060424,RRc,RRc,False,False,0.3803148999980112,1.000362076243499,4887,6734,False,False,False,False
6064,CSS_J205423.3+064809,RRc,RRc,False,False,0.3948269559774522,1.0455027650668742,3522,4289,False,False,False,False
6065,CSS_J132610.9+174232,EW,EW,False,False,0.35375289181430586,0.9807647401485996,7774,7737,False,False,False,False
6066,CSS_J064335.2+423633,EW,EW,False,False,0.36302357243632205,1.0382981515765837,6897,4604,False,False,False,False
6067,CSS_J211314.0+131142,EW,EW,False,False,0.357894286672578,0.9937303485571732,7443,7102,False,False,False,False
6068,CSS_J090026.3-172548,EW,EW,False,False,0.40480087882768884,1.1317011519381008,2897,1901,False,False,False,False
6069,CSS_J223113.7+324713,RRc,RRc,False,False,0.3913853576978463,1.0157470209745942,3800,5766,False,False,False,False
6070,CSS_J223025.1+114016,EW,EW,False,False,0.39164577576726933,1.2299419361691997,3777,860,False,False,False,False
6071,CSS_J092126.7+340446,EW,EW,False,False,0.3581348632117232,1.0575985080976915,7419,3781,False,False,False,False
6072,CSS_J215732.7-121409,EA,EA,False,False,0.45126801696651475,1.0079529270083885,1303,6265,False,False,False,False
6073,CSS_J033034.6+303706,EW,EW,False,False,0.3846170637592028,1.0423166051215251,4419,4446,False,False,False,False
6074,CSS_J082947.4-031642,EW,EW,False,False,0.3771027137407758,1.0109675948572536,5224,6076,False,False,False,False
6075,CSS_J053447.4+031142,EW,RS CVn,True,False,0.4283339911051959,1.4189106607842472,1906,241,False,False,False,False
6076,CSS_J144719.7-125042,EW,EW,False,False,0.36553467522198996,1.0588882442359435,6632,3738,False,False,False,False
6077,CSS_J051925.2+081309,RRab,RRab,False,False,0.41473989489248364,1.0229913176696155,2407,5359,False,False,False,False
6078,CSS_J015219.4+423417,EW,EW,False,False,0.4153752597670765,1.0466620341342558,2384,4233,False,False,False,False
6079,CSS_J212124.3+004718,RRc,RRc,False,False,0.4133589815668282,1.0625767381933398,2486,3607,False,False,False,False
6080,CSS_J180528.3+455942,EA,EA,False,False,0.4078690985086184,1.0213708021039019,2746,5451,False,False,False,False
6081,CSS_J141555.3+364623,EW,EW,False,False,0.38459478227545896,1.213759613675656,4423,987,False,False,False,False
6082,CSS_J004111.5+171757,EW,EW,False,False,0.4138924548987914,1.1492280929211987,2448,1634,False,False,False,False
6083,CSS_J151921.5+111858,EW,EW,False,False,0.35408894574255045,1.0007966084796869,7751,6712,False,False,False,False
6084,CSS_J081121.4-013138,RRab,EW,True,False,0.47749621589735125,1.0824040273956916,824,2981,False,False,False,False
6085,CSS_J081241.2+065327,EW,EW,False,False,0.3946949191188587,0.9886301142188524,3529,7380,False,False,False,False
6086,CSS_J160905.7+534712,EW,EW,False,False,0.3565405624998343,1.0328443529021427,7554,4866,False,False,False,False
6087,CSS_J073808.8+375032,EW,EA,True,False,0.4441527471057971,1.005542746995962,1471,6434,False,False,False,False
6088,CSS_J044705.5+074117,EW,EW,False,False,0.35956945288226566,1.040842724802855,7271,4496,False,False,False,False
6089,CSS_J054615.3-182042,EW,EW,False,False,0.46369762504408146,1.2498756261611506,1056,752,False,False,False,False
6090,CSS_J204150.5-034944,RRc,RRc,False,False,0.39122441641472183,1.0196771029346234,3816,5543,False,False,False,False
6091,CSS_J033529.9+375226,EW,EW,False,False,0.3551974283516954,1.0385363345533463,7664,4599,False,False,False,False
6092,CSS_J213459.7+150907,EA,EA,False,False,0.5162946024303405,1.0860583471852294,413,2878,False,False,False,False
6093,CSS_J025014.6+371514,EW,EW,False,False,0.3934311878402261,1.0125221491877467,3638,5965,False,False,False,False
6094,CSS_J042339.6+201851,EW,EA,True,False,0.37771610321812243,1.0479171290278744,5168,4175,False,False,False,False
6095,CSS_J091520.3-140104,EW,EW,False,False,0.43197801960510435,1.3580018243590586,1788,355,False,False,False,False
6096,CSS_J122315.2+035637,RRc,RRc,False,False,0.3703095045092304,0.9868242532968328,6055,7489,False,False,False,False
6097,CSS_J031430.3+355443,EW,EW,False,False,0.3823711926725851,0.992227251483173,4657,7184,False,False,False,False
6098,CSS_J172638.9+422054,EW,EW,False,False,0.5134829902119302,1.585012239360283,430,95,False,True,False,False
6099,CSS_J020404.5+315642,RS CVn,RS CVn,False,True,0.3973530301738818,1.2203167981303256,3342,938,False,False,False,False
6100,CSS_J161532.9+105455,RS CVn,RS CVn,False,True,0.38957011157733284,1.0894412922684578,3945,2794,False,False,False,False
6101,CSS_J013014.6+395249,EW,EW,False,False,0.36630046432882296,1.054193620333785,6545,3913,False,False,False,False
6102,CSS_J022359.4+315819,EW,EW,False,False,0.5250788304431201,1.1444098745932938,369,1711,False,False,False,False
6103,CSS_J044428.4+212113,EW,EW,False,False,0.3816177383890816,1.0390176610021389,4735,4577,False,False,False,False
6104,CSS_J163804.2+342033,EA,EA,False,False,0.4647331909999938,1.0869776534413778,1033,2854,False,False,False,False
6105,CSS_J094643.5+051859,EW,EW,False,False,0.36560837107202376,1.3617471365635505,6627,345,False,False,False,False
6106,CSS_J101524.4+004239,EW,EW,False,False,0.40811000895688126,1.0671783824089232,2733,3442,False,False,False,False
6107,CSS_J211350.0+021407,RS CVn,RS CVn,False,True,0.4370999300397041,1.2574422432787566,1643,720,False,False,False,False
6108,CSS_J225952.7-171340,RRc,RRc,False,False,0.4138574952891899,1.0304165273299075,2452,5005,False,False,False,False
6109,CSS_J131402.9+213109,RRab,RRab,False,False,0.5873600312089073,1.1726029627238828,157,1339,True,False,False,False
6110,CSS_J203810.3-042439,EW,EW,False,False,0.4476727924387959,1.137370135697272,1376,1802,False,False,False,False
6111,CSS_J021243.4+190928,EW,EW,False,False,0.3668445817836591,0.9916904267724387,6478,7222,False,False,False,False
6112,CSS_J172924.7+354920,RS CVn,RS CVn,False,True,0.523123931261194,1.0400982808289494,378,4529,False,False,False,False
6113,CSS_J042954.3+053019,EA,EW,True,False,0.4359488639414803,1.0715414545303656,1674,3284,False,False,False,False
6114,CSS_J225945.7+044639,EW,EW,False,False,0.3939724400439254,1.009707191185255,3594,6146,False,False,False,False
6115,CSS_J225701.8+205201,EW,EW,False,False,0.41233953760011083,1.19629212841073,2530,1105,False,False,False,False
6116,CSS_J224330.8-103646,EW,EW,False,False,0.36016705147576167,1.072516481396865,7213,3266,False,False,False,False
6117,CSS_J142729.9+573910,EW,EW,False,False,0.429897202659166,1.1460562529368232,1860,1693,False,False,False,False
6118,CSS_J154559.4+140630,EW,EW,False,False,0.36501887745171535,1.0218150502278331,6689,5419,False,False,False,False
6119,CSS_J073055.2+461359,EW,EW,False,False,0.4350128230327923,1.0631766121957633,1695,3584,False,False,False,False
6120,CSS_J230107.2+231508,EA,EA,False,False,0.49786226549846196,1.029626456803393,553,5024,False,False,False,False
6121,CSS_J125917.7+214408,EW,EW,False,False,0.36403274629878785,1.0077432645442885,6788,6279,False,False,False,False
6122,CSS_J090141.4+112250,EW,EW,False,False,0.40842593716139086,1.046222395113106,2719,4260,False,False,False,False
6123,CSS_J173054.3+392837,EW,EW,False,False,0.3688579558981024,1.0032645276021228,6229,6569,False,False,False,False
6124,CSS_J212843.1+203537,EA,EA,False,False,0.43840304570194494,0.9728868824005923,1614,7923,False,False,False,False
6125,CSS_J033418.6+384303,EW,EW,False,False,0.4079198474568525,1.1534362616096374,2744,1579,False,False,False,False
6126,CSS_J050535.1-140243,RS CVn,EW,True,True,0.38130839810707284,0.9871345530816722,4772,7468,False,False,False,False
6127,CSS_J081118.8+064654,EW,EW,False,False,0.3995373142219164,1.1090990992107592,3195,2319,False,False,False,False
6128,CSS_J041901.8+183200,EW,EW,False,False,0.39851350552519665,1.1273117715500138,3266,1968,False,False,False,False
6129,CSS_J224217.4-012100,EW,EW,False,False,0.44548117031682655,1.098432482311856,1434,2581,False,False,False,False
6130,CSS_J153255.8-192301,RRc,RRc,False,False,0.4251812070312385,1.1091194067684031,2020,2316,False,False,False,False
6131,CSS_J053924.8-173623,RRab,RRab,False,False,0.4109548291493728,1.0464145181516964,2604,4250,False,False,False,False
6132,CSS_J213537.2+070310,RRd,RRc,True,True,0.3967226624321398,1.0309640478726885,3387,4973,False,False,False,False
6133,CSS_J000215.5-171903,EW,EW,False,False,0.3892495931817971,1.2388661538611618,3968,809,False,False,False,False
6134,CSS_J211216.9+073357,EW,EW,False,False,0.4411860444913157,1.1537464546626808,1543,1574,False,False,False,False
6135,CSS_J084245.2+065233,EW,EW,False,False,0.41419217891915483,1.009791930667932,2439,6142,False,False,False,False
6136,CSS_J205434.9-035722,EW,EW,False,False,0.42235801094769193,1.1853474327138387,2116,1208,False,False,False,False
6137,CSS_J084149.7+311947,EW,EW,False,False,0.4093443438923298,0.9761509404117394,2677,7860,False,False,False,False
6138,CSS_J080642.3+181521,RS CVn,EW,True,True,0.4312588435772937,1.2120983418113067,1808,998,False,False,False,False
6139,CSS_J022320.2+300500,EA,EA,False,False,0.48201529980635466,1.1069592084218542,756,2369,False,False,False,False
6140,CSS_J213223.1+155024,EW,EW,False,False,0.4124778323981,1.011392065180738,2525,6045,False,False,False,False
6141,CSS_J134002.1-171340,RRab,RRab,False,False,0.4950333611808436,1.0938975008917304,580,2666,False,False,False,False
6142,CSS_J082034.1+093730,EW,EW,False,False,0.3635460027441619,1.0285976883366168,6848,5075,False,False,False,False
6143,CSS_J032935.4-014911,EW,EW,False,False,0.41084158433294776,1.0326259803311924,2614,4882,False,False,False,False
6144,CSS_J104157.7+601016,EW,EW,False,False,0.3739921693038741,1.004512600329739,5592,6494,False,False,False,False
6145,CSS_J090134.9-055104,EW,EW,False,False,0.4050408799559822,1.063641537232471,2884,3565,False,False,False,False
6146,CSS_J023151.8+153300,EW,RRc,True,False,0.38822649140432747,1.0239171865194352,4062,5319,False,False,False,False
6147,CSS_J043331.1+201455,EW,EW,False,False,0.3564239702913374,0.9982773156829466,7574,6862,False,False,False,False
6148,CSS_J161202.3+541833,EW,EW,False,False,0.35819880328068393,1.037991060919553,7407,4620,False,False,False,False
6149,CSS_J204313.9-190324,EW,EW,False,False,0.37830881296453417,1.0429395590549446,5090,4406,False,False,False,False
6150,CSS_J122858.0-085921,EW,EW,False,False,0.4232716550141709,1.1396903609875029,2076,1774,False,False,False,False
6151,CSS_J052610.2+010129,EW,EW,False,False,0.37673165817083953,1.0886019347146247,5266,2818,False,False,False,False
6152,CSS_J084758.8+382250,RRab,RRab,False,False,0.4741924691189476,1.1480128723992566,868,1658,False,False,False,False
6153,CSS_J021029.6+385330,EW,EW,False,False,0.38706861141054655,1.0469875966085074,4174,4221,False,False,False,False
6154,CSS_J173134.5+573738,RS CVn,RS CVn,False,True,0.6006065224508749,1.1667377280861277,135,1418,True,False,False,False
6155,CSS_J232056.0+294348,RRc,RRc,False,False,0.3730330211155835,1.0322622334301659,5708,4908,False,False,False,False
6156,CSS_J090220.4+202549,EA,EA,False,False,0.5826107262386574,1.1880751583583335,162,1173,False,False,False,False
6157,CSS_J021817.3+052939,EW,EW,False,False,0.4235795946220831,1.042550425511618,2063,4434,False,False,False,False
6158,CSS_J180936.5+373513,RRc,RRc,False,False,0.38604164949215625,1.006037170527522,4277,6393,False,False,False,False
6159,CSS_J212633.9+001947,EW,EW,False,False,0.3713808092549705,1.000856090973373,5921,6710,False,False,False,False
6160,CSS_J173808.8+142511,EW,EW,False,False,0.3551268049236928,1.0112154518945513,7667,6053,False,False,False,False
6161,CSS_J162419.5+010259,EW,EW,False,False,0.3742991313032965,1.012909517022226,5557,5940,False,False,False,False
6162,CSS_J093057.9-153559,EW,EW,False,False,0.43539712314386103,1.2636893736691042,1686,684,False,False,False,False
6163,CSS_J144406.4+403420,EW,EW,False,False,0.4346929491572685,1.1565383043001747,1704,1543,False,False,False,False
6164,CSS_J054208.2+042952,EW,EW,False,False,0.37237922115210453,1.0049378471302104,5776,6465,False,False,False,False
6165,CSS_J095313.8-153827,RRd,RRc,True,True,0.40714713623614995,1.2203044164592831,2778,939,False,False,False,False
6166,CSS_J135941.8+150308,EW,EW,False,False,0.35786642253788686,1.0776086640391938,7446,3124,False,False,False,False
6167,CSS_J090400.7+354916,EA,EA,False,False,0.4305741802498114,1.0244725031121857,1834,5292,False,False,False,False
6168,CSS_J024305.7+370615,EW,EW,False,False,0.37023986634101064,1.0061122218653082,6065,6385,False,False,False,False
6169,CSS_J171826.9+075028,EW,EW,False,False,0.38908102586378723,1.0757863945557173,3987,3175,False,False,False,False
6170,CSS_J212626.0-144558,RRc,RRab,True,False,0.4340249872917523,1.0000459613566086,1721,6761,False,False,False,False
6171,CSS_J083307.6+293506,EW,EW,False,False,0.383014160145003,1.1263169345296509,4606,1987,False,False,False,False
6172,CSS_J002509.3+181214,EW,EW,False,False,0.3832737214629017,1.0644844786656662,4574,3539,False,False,False,False
6173,CSS_J125642.5+230906,EW,EW,False,False,0.39915202897346175,1.4905943192331685,3213,167,False,False,False,False
6174,CSS_J025416.9+310301,EW,EW,False,False,0.38868234450146927,1.1265655886128008,4022,1979,False,False,False,False
6175,CSS_J160007.9+010153,EW,EW,False,False,0.39606198904770806,1.0138278094937587,3425,5890,False,False,False,False
6176,CSS_J041037.4+324038,RRc,EW,True,False,0.3681643978433107,0.9923058314946627,6324,7177,False,False,False,False
6177,CSS_J075419.4+430211,EW,EW,False,False,0.5946074908544868,1.1994795633506004,139,1088,True,False,False,False
6178,CSS_J152452.3+435640,EW,EA,True,False,0.4227439565495198,1.0460750841041804,2104,4265,False,False,False,False
6179,CSS_J044037.4-084620,EA,EA,False,False,0.5755184200429909,1.342916159806865,178,397,False,False,False,False
6180,CSS_J174753.7+480416,RRd,RRd,False,True,0.4012459101177619,1.1041643026530479,3101,2425,False,False,False,False
6181,CSS_J075258.0+140839,EW,EW,False,False,0.4052193862262231,1.4443590438683858,2872,215,False,False,False,False
6182,CSS_J075352.8+210950,RS CVn,RS CVn,False,True,0.6074493502935198,1.3586176485346277,127,352,True,False,False,False
6183,CSS_J230912.1+185038,EW,EW,False,False,0.3997803882976596,1.0632920665246186,3183,3580,False,False,False,False
6184,CSS_J081517.1-015050,EA,EA,False,False,0.4558282486031026,1.1076959229805152,1195,2355,False,False,False,False
6185,CSS_J092135.9+184621,EW,EW,False,False,0.38908477119445467,1.0355401107795001,3986,4735,False,False,False,False
6186,CSS_J225523.5+232343,EW,EW,False,False,0.42648777565883245,1.0665156107528726,1970,3468,False,False,False,False
6187,CSS_J234014.5+344421,EW,EW,False,False,0.3891711475825513,1.119000079790369,3979,2121,False,False,False,False
6188,CSS_J090226.8-164205,EW,EW,False,False,0.40269323957616227,1.1947456793209794,3016,1122,False,False,False,False
6189,CSS_J140645.5+430644,EW,EW,False,False,0.37481667750412045,1.0228602342409694,5494,5370,False,False,False,False
6190,CSS_J223546.0+271026,EW,EW,False,False,0.40901528127885384,1.138393077271111,2694,1787,False,False,False,False
6191,CSS_J135406.1+121324,EW,EW,False,False,0.37374559650309536,1.0124228109442006,5624,5972,False,False,False,False
6192,CSS_J102823.1+445845,EW,EW,False,False,0.3859549243885088,1.0290641065249855,4287,5055,False,False,False,False
6193,CSS_J035505.5+201012,EW,EW,False,False,0.3818133421916478,1.0062920435631584,4712,6370,False,False,False,False
6194,CSS_J215727.4+161044,EW,EW,False,False,0.37407315036322514,0.9961634749615099,5585,6964,False,False,False,False
6195,CSS_J154829.6+091140,RRc,RRc,False,False,0.44254086547987254,1.0573402516094368,1513,3795,False,False,False,False
6196,CSS_J142910.0+410704,EW,EW,False,False,0.363998188376832,1.0477099923874167,6791,4192,False,False,False,False
6197,CSS_J072209.5+395913,EW,EW,False,False,0.4069038101702766,1.0455053510214227,2789,4288,False,False,False,False
6198,CSS_J230433.3+273030,EW,EW,False,False,0.3720245986032565,0.9945341588195807,5819,7061,False,False,False,False
6199,CSS_J205652.2+012624,EW,EW,False,False,0.4569483110962578,1.0775350309094058,1177,3127,False,False,False,False
6200,CSS_J090956.4+210417,EW,EW,False,False,0.40767747671817967,1.0284627642120696,2754,5088,False,False,False,False
6201,CSS_J071308.3+494928,EW,EW,False,False,0.4208424925000359,1.208572091629202,2168,1027,False,False,False,False
6202,CSS_J212436.1-065647,RRc,EW,True,False,0.38082435549268306,1.060272401552152,4832,3674,False,False,False,False
6203,CSS_J233925.0+301419,EA,EA,False,False,0.4939290550746106,1.2234489979873362,596,907,False,False,False,False
6204,CSS_J144635.4+125312,EW,EW,False,False,0.3614159743823695,1.018882703867019,7068,5590,False,False,False,False
6205,CSS_J173731.7+200013,EW,EW,False,False,0.36442608198366155,0.9901569945847015,6751,7308,False,False,False,False
6206,CSS_J133840.2+081436,RRab,RRab,False,False,0.4552720724126873,1.223551464281734,1212,906,False,False,False,False
6207,CSS_J071655.7+613728,EA,EA,False,False,0.388957695136068,1.098901772508689,3995,2564,False,False,False,False
6208,CSS_J212927.5-063212,EW,EW,False,False,0.3630721362632798,1.0305762389954274,6890,4993,False,False,False,False
6209,CSS_J134358.3+141107,EW,EW,False,False,0.3644919429894177,1.2203382578333941,6741,937,False,False,False,False
6210,CSS_J032132.8+261650,RS CVn,RS CVn,False,True,0.38527952711098296,1.1201293417435636,4350,2095,False,False,False,False
6211,CSS_J163059.9+182314,EW,EW,False,False,0.37794193937095927,1.042115523208963,5137,4452,False,False,False,False
6212,CSS_J084805.5+340504,EW,EW,False,False,0.3820647893741051,0.9993641551897168,4682,6803,False,False,False,False
6213,CSS_J075407.3+225614,EW,EW,False,False,0.3924030491209695,1.1317446422795734,3717,1900,False,False,False,False
6214,CSS_J011544.4+385404,EW,EW,False,False,0.35028077546637526,1.0014268659136132,7942,6671,False,False,False,False
6215,CSS_J030304.2+003029,RRab,RRab,False,False,0.4670449375694623,1.2741465175277231,991,633,False,False,False,False
6216,CSS_J093108.3-125413,EW,EW,False,False,0.37184936966571586,1.0870856339722699,5847,2851,False,False,False,False
6217,CSS_J143433.3+010208,RRc,RRc,False,False,0.4316287444513472,1.0341734105523992,1799,4806,False,False,False,False
6218,CSS_J051801.6+203726,EW,EW,False,False,0.4029554485770192,1.0415018640495939,3004,4470,False,False,False,False
6219,CSS_J230310.2+342507,RRc,RRc,False,False,0.4130316209971121,1.2645630577592093,2497,678,False,False,False,False
6220,CSS_J013446.0+353243,EW,EW,False,False,0.3584788814791817,1.107699683933292,7377,2354,False,False,False,False
6221,CSS_J001319.5+063825,EW,EA,True,False,0.4323139559322526,1.0605671889932433,1773,3667,False,False,False,False
6222,CSS_J212641.1+054443,EW,EW,False,False,0.36538376081822765,1.0336177528278037,6647,4836,False,False,False,False
6223,CSS_J204449.5-091808,EA,EA,False,False,0.48250467585029727,1.023341252244774,745,5344,False,False,False,False
6224,CSS_J110021.5+360319,RRc,RRc,False,False,0.386167210073145,1.4887204985514102,4260,168,False,False,False,False
6225,CSS_J041155.4+000322,EA,EW,True,False,0.4638504201112604,1.0153332178128136,1048,5792,False,False,False,False
6226,CSS_J113556.7+041009,EW,EW,False,False,0.3756644711741395,1.0313942927198796,5406,4949,False,False,False,False
6227,CSS_J052606.3+013711,EW,EW,False,False,0.5493276573449405,1.1449018808803948,263,1704,False,False,False,False
6228,CSS_J211943.7-102314,EW,EW,False,False,0.40341616923331786,1.1611983689257157,2972,1487,False,False,False,False
6229,CSS_J075153.6+550929,EA,EW,True,False,0.4325626444977664,1.0395382176907797,1771,4551,False,False,False,False
6230,CSS_J132753.8-085014,RRc,EW,True,False,0.4070961554628718,1.4835664162102944,2781,172,False,False,False,False
6231,CSS_J075410.0+351431,EA,EW,True,False,0.49082452111575414,1.4244515183207285,638,233,False,False,False,False
6232,CSS_J030636.6+144331,EW,EW,False,False,0.3705403017330009,1.0199853372619438,6033,5522,False,False,False,False
6233,CSS_J171210.8+571345,RRab,RRab,False,False,0.4120920806808707,1.1030016709933848,2539,2458,False,False,False,False
6234,CSS_J050930.8+042407,EW,EW,False,False,0.3716642136509623,1.0412780004879285,5881,4478,False,False,False,False
6235,CSS_J080534.0+380135,EA,EA,False,False,0.4425702278313374,1.0152441446695926,1512,5797,False,False,False,False
6236,CSS_J042717.2+093449,EW,EW,False,False,0.3544114585349686,1.017997863671683,7725,5646,False,False,False,False
6237,CSS_J212427.2+005227,RRd,RRc,True,True,0.40079638451553107,1.1743935323637298,3126,1317,False,False,False,False
6238,CSS_J103639.1-182734,RRc,EW,True,False,0.3902688555939255,1.2711834763758656,3884,649,False,False,False,False
6239,CSS_J170740.6+462900,RRc,RRc,False,False,0.39804814904609653,1.0178087171011403,3296,5660,False,False,False,False
6240,CSS_J013536.0+091658,EW,EW,False,False,0.3549664705785961,0.9796824896123727,7681,7770,False,False,False,False
6241,CSS_J150405.4-074630,EW,EW,False,False,0.4086961390676149,1.1799617882564362,2710,1263,False,False,False,False
6242,CSS_J234427.8+404346,RRab,RRab,False,False,0.369310844227517,1.1208690623414301,6180,2081,False,False,False,False
6243,CSS_J045845.8+132057,EW,EW,False,False,0.3695884076343046,1.040680053519766,6141,4502,False,False,False,False
6244,CSS_J160603.3+333140,EW,EW,False,False,0.375578362729575,1.023373052094091,5416,5342,False,False,False,False
6245,CSS_J181919.3+344030,EW,EW,False,False,0.3773925244893428,1.1106440246088805,5194,2289,False,False,False,False
6246,CSS_J081534.5+111941,EW,EW,False,False,0.3740176841324907,0.9913638514986187,5589,7240,False,False,False,False
6247,CSS_J012049.6+194735,EW,EW,False,False,0.3517459873296363,1.0501186331954837,7878,4085,False,False,False,False
6248,CSS_J080731.9+041418,EW,EW,False,False,0.3731974556043062,0.9942734558268741,5694,7082,False,False,False,False
6249,CSS_J123653.4-130427,EW,EW,False,False,0.3910896632039474,1.0110262725817922,3827,6069,False,False,False,False
6250,CSS_J085525.5-040730,RRd,RRc,True,True,0.37791951989977324,1.0984899909492252,5141,2578,False,False,False,False
6251,CSS_J031938.7+164018,EW,EW,False,False,0.37051921002283533,1.0491603576178057,6034,4125,False,False,False,False
6252,CSS_J205548.3+032637,EW,EW,False,False,0.5010439476233218,1.6425931218755003,528,69,False,True,False,False
6253,CSS_J142433.8-074450,RS CVn,RS CVn,False,True,0.5498033201658,1.1673782908976136,258,1408,False,False,False,False
6254,CSS_J172938.1+181333,EW,EW,False,False,0.3666362812039384,0.9926113876868922,6509,7159,False,False,False,False
6255,CSS_J051819.8+134759,EW,EW,False,False,0.36492933210294476,1.0825727336786464,6698,2973,False,False,False,False
6256,CSS_J013441.8+214459,RRc,RRc,False,False,0.3893287181007773,1.0119044854524715,3959,6011,False,False,False,False
6257,CSS_J045031.0+152647,EW,EW,False,False,0.36921095565660855,1.0982067338037178,6197,2584,False,False,False,False
6258,CSS_J042140.9+304442,EW,EW,False,False,0.438994420701257,1.1571872380779173,1603,1537,False,False,False,False
6259,CSS_J123051.8+330105,EW,EW,False,False,0.36639255361775874,1.0041411774428852,6533,6517,False,False,False,False
6260,CSS_J043316.0+331452,EW,EW,False,False,0.37262401533944894,1.2174503607035279,5746,955,False,False,False,False
6261,CSS_J135945.3+412519,EW,EW,False,False,0.3813060878665173,1.045425727594807,4773,4294,False,False,False,False
6262,CSS_J020520.1+285901,EW,EW,False,False,0.37381960699597866,1.2116009523898315,5614,1001,False,False,False,False
6263,CSS_J021335.8-183640,RRc,RRc,False,False,0.3633654830835726,0.979294375618968,6860,7780,False,False,False,False
6264,CSS_J031813.3+282148,EW,EW,False,False,0.36397494380998047,1.046560859526263,6796,4239,False,False,False,False
6265,CSS_J221204.1-094325,EA,EA,False,False,0.543387032136697,1.1676000001616607,279,1401,False,False,False,False
6266,CSS_J041135.4+053954,RRc,RRc,False,False,0.39576949955803853,1.1416835901373632,3447,1741,False,False,False,False
6267,CSS_J103844.7+134551,EW,EW,False,False,0.5004451947821918,1.142296866677621,534,1732,False,False,False,False
6268,CSS_J052856.6-182935,EW,EW,False,False,0.3552798806589861,1.017726795580094,7660,5666,False,False,False,False
6269,CSS_J051707.5-125145,EW,EW,False,False,0.3846154205697655,1.0309817635525154,4420,4971,False,False,False,False
6270,CSS_J161920.0+235144,EW,EW,False,False,0.36431504938143056,0.9879749453696423,6763,7414,False,False,False,False
6271,CSS_J215853.7-121053,EW,EW,False,False,0.3921770363887356,1.0671788894745815,3734,3441,False,False,False,False
6272,CSS_J005742.9+203750,EW,EW,False,False,0.4348970723263564,1.3759145032769555,1699,326,False,False,False,False
6273,CSS_J213000.5+152559,EW,EW,False,False,0.40009263859291183,1.0188280136599024,3163,5593,False,False,False,False
6274,CSS_J042007.8+292334,EW,EW,False,False,0.44312756437817746,1.0109219840804304,1501,6082,False,False,False,False
6275,CSS_J053054.6+021449,EW,EW,False,False,0.5229616336051313,1.4702767844452562,379,181,False,False,False,False
6276,CSS_J174032.6+440434,EW,EW,False,False,0.37741779479729254,1.0355357996568464,5193,4736,False,False,False,False
6277,CSS_J205931.4+035910,EW,EW,False,False,0.36713268577851177,1.1088566909230124,6440,2328,False,False,False,False
6278,CSS_J152202.3+162442,EW,EW,False,False,0.37549826752670457,1.0014470898079368,5419,6669,False,False,False,False
6279,CSS_J160641.1+233447,EW,EW,False,False,0.3689209883427288,1.0290776874317493,6223,5054,False,False,False,False
6280,CSS_J044631.6+301150,EW,EW,False,False,0.3859514594516448,1.0025764854935644,4288,6612,False,False,False,False
6281,CSS_J001625.9+162843,RRc,RRc,False,False,0.36099395172149584,1.1582508015113222,7122,1525,False,False,False,False
6282,CSS_J035426.6+104932,EW,EW,False,False,0.4744556551305814,1.2592116656051497,864,712,False,False,False,False
6283,CSS_J052641.4-105841,EW,EW,False,False,0.39707873865097054,1.1040336548703675,3365,2428,False,False,False,False
6284,CSS_J050910.0+185037,RRc,EW,True,False,0.3796894902171211,1.1825810226476525,4960,1240,False,False,False,False
6285,CSS_J014946.0+273142,EW,EW,False,False,0.3754888974017535,1.0388031465129495,5420,4585,False,False,False,False
6286,CSS_J051241.1+201545,EW,EW,False,False,0.37025434166816984,1.153684361045672,6061,1577,False,False,False,False
6287,CSS_J051752.9+050951,EW,EW,False,False,0.3726281326813855,1.0087403778888768,5745,6208,False,False,False,False
6288,CSS_J140720.8-013114,RRab,RRab,False,False,0.4095344166297824,1.0060374582504854,2667,6392,False,False,False,False
6289,CSS_J031504.6+223741,EA,EW,True,False,0.45435834638265565,1.0803396125144873,1230,3032,False,False,False,False
6290,CSS_J104952.9-031544,EW,RS CVn,True,False,0.41357655313326575,1.1499791743868442,2475,1625,False,False,False,False
6291,CSS_J162347.9+275645,EW,EW,False,False,0.3650997602246756,1.1316281521029128,6670,1903,False,False,False,False
6292,CSS_J032122.4-100114,EW,EW,False,False,0.3916313116902415,1.1973120605259435,3778,1099,False,False,False,False
6293,CSS_J155320.6-062226,EW,EW,False,False,0.38731862628899333,1.1314149719316964,4144,1908,False,False,False,False
6294,CSS_J211822.8-072528,RRc,RRc,False,False,0.41687377508018436,1.0579816182638238,2328,3769,False,False,False,False
6295,CSS_J074109.2+191928,RRc,RRc,False,False,0.3769274859060956,1.0542139086758209,5243,3911,False,False,False,False
6296,CSS_J043943.9+330435,EW,EW,False,False,0.37887225822778203,0.9683766849059161,5032,7970,False,False,False,False
6297,CSS_J043158.9+102107,EW,EW,False,False,0.3547376324473206,0.9832657014248287,7701,7651,False,False,False,False
6298,CSS_J164231.5+433413,EW,EW,False,False,0.3999942699382834,1.1143360499851755,3173,2215,False,False,False,False
6299,CSS_J055718.5-122743,EW,EW,False,False,0.3591234767060514,1.0530834209105944,7314,3946,False,False,False,False
6300,CSS_J065206.2+363122,EW,EW,False,False,0.4224378695068164,1.0820945095215992,2113,2988,False,False,False,False
6301,CSS_J090751.9-040416,EW,EW,False,False,0.3727065559293255,1.1407424820788226,5739,1755,False,False,False,False
6302,CSS_J033329.8-112516,EW,EW,False,False,0.35582545655025555,1.037115046954217,7626,4660,False,False,False,False
6303,CSS_J042641.0+075347,EW,EW,False,False,0.4408154679835095,1.2418194587110625,1555,799,False,False,False,False
6304,CSS_J024754.8+374622,EW,EW,False,False,0.3630492489387106,1.0001962471691441,6893,6752,False,False,False,False
6305,CSS_J153508.8+140407,EW,EW,False,False,0.3626941364718197,1.021428611034234,6935,5449,False,False,False,False
6306,CSS_J035843.9+230625,EW,RRc,True,False,0.4493865688405458,1.076433564014774,1340,3161,False,False,False,False
6307,CSS_J203738.8-144505,EW,EW,False,False,0.385776424590613,1.0652573080221308,4310,3517,False,False,False,False
6308,CSS_J083337.7+454204,EW,EW,False,False,0.37386714128197734,1.003067603551242,5607,6578,False,False,False,False
6309,CSS_J205718.2+122453,LPV,LPV,False,False,0.5588144716246366,1.0890959078808096,229,2804,False,False,False,False
6310,CSS_J021453.3-142146,EW,EW,False,False,0.35896614647814684,1.0020145540308594,7328,6649,False,False,False,False
6311,CSS_J225837.1-104717,EW,EW,False,False,0.3879326498080491,0.9960397665615581,4092,6973,False,False,False,False
6312,CSS_J233018.6+342056,EW,EW,False,False,0.35978654963688067,0.9897083033869561,7248,7330,False,False,False,False
6313,CSS_J111745.6+472118,RRc,EW,True,False,0.3893139142320857,1.095994039274296,3961,2629,False,False,False,False
6314,CSS_J181216.3+471551,RRab,RRab,False,False,0.4987526262251045,1.136109169441733,546,1822,False,False,False,False
6315,CSS_J232755.0+131610,RRc,RRc,False,False,0.3769211026477999,1.0037136652302,5244,6545,False,False,False,False
6316,CSS_J024609.6+340535,EA,EA,False,False,0.47891182222672374,1.028803913756592,804,5066,False,False,False,False
6317,CSS_J221621.1+181058,EA,EA,False,False,0.42244288271299224,0.9650653439751533,2112,7988,False,False,False,False
6318,CSS_J053645.2-011935,EW,EW,False,False,0.5043964930760422,1.299821659213733,505,529,False,False,False,False
6319,CSS_J080327.5+170522,EW,EW,False,False,0.501815110407532,1.1562561319825737,522,1545,False,False,False,False
6320,CSS_J084214.3+195820,EW,EW,False,False,0.3800922792736374,1.0188889976254347,4908,5589,False,False,False,False
6321,CSS_J082717.3+051925,EW,EW,False,False,0.4153884328879026,1.554980242639958,2383,113,False,True,False,False
6322,CSS_J001610.2+273430,EW,EW,False,False,0.4098077101144724,1.0798113976806392,2654,3052,False,False,False,False
6323,CSS_J163902.3+444212,RRab,RRab,False,False,0.42930800722182866,1.090312064610743,1877,2759,False,False,False,False
6324,CSS_J160840.8-113725,EW,EW,False,False,0.4822307765113808,1.6586992350227523,750,65,False,True,False,False
6325,CSS_J095626.5+121424,EA,EA,False,False,0.5042787472602783,1.0524807397799532,509,3990,False,False,False,False
6326,CSS_J224029.0+120056,RRc,RRc,False,False,0.388847984000057,0.998650598773887,4006,6836,False,False,False,False
6327,CSS_J170341.2+041640,EW,EW,False,False,0.3792119635183193,1.0333806304099078,5003,4847,False,False,False,False
6328,CSS_J163114.8-035752,EW,EW,False,False,0.38054566972286163,1.0590735521160375,4860,3730,False,False,False,False
6329,CSS_J084746.5-031003,EW,EW,False,False,0.4290922711333657,1.1236590598560279,1885,2031,False,False,False,False
6330,CSS_J034056.9+192526,EW,EW,False,False,0.4292647062946641,1.084420991446952,1878,2925,False,False,False,False
6331,CSS_J131734.3-121612,EW,EW,False,False,0.35900281335612466,1.1727052481717017,7321,1338,False,False,False,False
6332,CSS_J092014.7-094318,EW,EW,False,False,0.36103742991149207,1.1154172166787752,7115,2196,False,False,False,False
6333,CSS_J210724.7+081018,RRc,EW,True,False,0.3636364473390632,1.0399030243580827,6837,4538,False,False,False,False
6334,CSS_J070031.8+435456,EW,EW,False,False,0.3859277935956573,1.110168922769787,4291,2297,False,False,False,False
6335,CSS_J032105.8+390941,EW,EW,False,False,0.378761114808226,1.041458933646535,5046,4472,False,False,False,False
6336,CSS_J072730.9+243841,EW,EW,False,False,0.3813516710582766,1.0169358921031446,4767,5708,False,False,False,False
6337,CSS_J170118.6-014601,EW,EW,False,False,0.47356257209852926,1.1715656780357233,883,1356,False,False,False,False
6338,CSS_J145730.9-115323,EW,EW,False,False,0.3622074317626056,1.0497669315542693,6986,4101,False,False,False,False
6339,CSS_J100520.2+222545,EW,EW,False,False,0.3909783119333276,1.0126934647729795,3834,5957,False,False,False,False
6340,CSS_J091452.6-125220,EW,EW,False,False,0.38524371097821725,1.17844152094256,4354,1272,False,False,False,False
6341,CSS_J031543.1-040112,EW,EW,False,False,0.36516861585104526,1.010084056243048,6667,6131,False,False,False,False
6342,CSS_J152303.5-014120,RRab,RRab,False,False,0.44689172305351077,1.1543872542389728,1400,1565,False,False,False,False
6343,CSS_J161402.1+535845,EW,EW,False,False,0.40321834885110674,1.0212987834280698,2985,5457,False,False,False,False
6344,CSS_J121846.5+124631,RRc,RRc,False,False,0.3772971281054628,0.9822638548969234,5203,7688,False,False,False,False
6345,CSS_J172516.5+392430,EA,EW,True,False,0.4026371517631344,1.0526844280596932,3024,3981,False,False,False,False
6346,CSS_J045409.9+120208,EW,EW,False,False,0.4506003224977906,1.5052844208655498,1313,157,False,True,False,False
6347,CSS_J084340.7+325933,EA,EA,False,False,0.38615532661084556,1.0363275831328185,4261,4695,False,False,False,False
6348,CSS_J074850.1+194501,EA,EA,False,False,0.4218676038971895,1.005506424260597,2135,6437,False,False,False,False
6349,CSS_J210034.5-113846,EW,EW,False,False,0.40195662130213206,1.1333741562826432,3067,1874,False,False,False,False
6350,CSS_J202639.1-162602,EW,EW,False,False,0.3761735108904663,0.996798368804152,5339,6933,False,False,False,False
6351,CSS_J041252.3+295703,EW,EW,False,False,0.3636602779780819,1.0026100114909018,6833,6610,False,False,False,False
6352,CSS_J224852.8+154210,RRc,EW,True,False,0.38332813815683753,1.054930612548112,4562,3885,False,False,False,False
6353,CSS_J220544.9+215326,RS CVn,RS CVn,False,True,0.39296257600041906,1.1016696905924055,3670,2494,False,False,False,False
6354,CSS_J234231.6-055753,EW,EW,False,False,0.38648805133200914,1.3921704464539513,4230,287,False,False,False,False
6355,CSS_J003436.7+415607,EW,EW,False,False,0.3522377365401733,0.989133890782346,7851,7355,False,False,False,False
6356,CSS_J011342.0+402626,EW,EW,False,False,0.38546625626074127,1.313644308318565,4333,474,False,False,False,False
6357,CSS_J172143.5+340115,RRc,RRc,False,False,0.36231130691348956,1.120393495066842,6973,2089,False,False,False,False
6358,CSS_J160613.9+335731,RS CVn,RS CVn,False,True,0.4942437158671646,1.0662027478529033,589,3479,False,False,False,False
6359,CSS_J085005.0+241900,EW,EA,True,False,0.5152576516843821,1.121517584265491,416,2061,False,False,False,False
6360,CSS_J161609.7+265624,EW,EW,False,False,0.37490257180701103,1.0035719293895606,5483,6554,False,False,False,False
6361,CSS_J172644.9+484208,EW,EW,False,False,0.37826551826151944,1.1686465967324922,5093,1392,False,False,False,False
6362,CSS_J043322.0+204906,EW,EW,False,False,0.39112785539044503,1.0170830731155973,3822,5698,False,False,False,False
6363,CSS_J205100.5-194448,EW,EW,False,False,0.389589811558807,1.0775254174263869,3943,3128,False,False,False,False
6364,CSS_J230821.8+303540,EA,EA,False,False,0.4431785798541074,1.185970243758336,1499,1198,False,False,False,False
6365,CSS_J041508.1+281912,EW,EW,False,False,0.38714541166917865,1.0204688669794533,4164,5498,False,False,False,False
6366,CSS_J095828.5-010738,EW,EW,False,False,0.35453875007022884,1.1160725385444317,7721,2177,False,False,False,False
6367,CSS_J162224.1+081906,EW,EW,False,False,0.37845512977076645,1.042567912717945,5073,4433,False,False,False,False
6368,CSS_J070150.7+410727,EA,EA,False,False,0.4302491537371717,1.0252108938114328,1851,5256,False,False,False,False
6369,CSS_J211310.3-013742,EW,EW,False,False,0.3752666806091623,1.1194754760697503,5438,2112,False,False,False,False
6370,CSS_J045334.9+171405,EA,EA,False,False,0.5246215197917203,1.0285621011784707,372,5081,False,False,False,False
6371,CSS_J075941.0+530152,EW,EW,False,False,0.38373168159304644,1.067849269344705,4518,3415,False,False,False,False
6372,CSS_J005051.0+002341,EW,EW,False,False,0.35842656688089924,1.027902790169598,7384,5111,False,False,False,False
6373,CSS_J105730.7+650754,RRab,RRab,False,False,0.4803279566540927,1.0506051688532243,782,4065,False,False,False,False
6374,CSS_J155058.6+330935,EW,EW,False,False,0.3860278218875726,1.002060830881182,4279,6647,False,False,False,False
6375,CSS_J005041.0+395641,EW,EW,False,False,0.3678635391999298,1.0198996690889441,6362,5528,False,False,False,False
6376,CSS_J151111.9+164121,EW,EW,False,False,0.3506744472388135,1.0207214406125116,7928,5489,False,False,False,False
6377,CSS_J214337.9+012300,EW,EW,False,False,0.356042232115607,1.0564387871153555,7614,3826,False,False,False,False
6378,CSS_J145024.0+071000,RRc,RRc,False,False,0.39621046260626813,0.998703531916598,3414,6831,False,False,False,False
6379,CSS_J072735.6+385639,EW,EW,False,False,0.4061162468457978,1.049750995616847,2822,4102,False,False,False,False
6380,CSS_J105747.3-184152,RRab,RRab,False,False,0.37174909635691866,1.165943901210797,5870,1425,False,False,False,False
6381,CSS_J141444.4-131841,EW,EW,False,False,0.3682063413625024,1.0177937441105438,6318,5661,False,False,False,False
6382,CSS_J212947.2-162430,RRc,RRc,False,False,0.38680349453019397,0.9928822751821016,4192,7145,False,False,False,False
6383,CSS_J151316.9+320640,EW,EW,False,False,0.3648333499100234,1.0224737253416532,6708,5393,False,False,False,False
6384,CSS_J034339.5+351831,RS CVn,LPV,True,True,0.6135368453894892,1.0409376496061857,117,4493,True,False,False,False
6385,CSS_J145908.1-030626,RRab,RRab,False,False,0.4521631086100947,0.9953815248726949,1283,7014,False,False,False,False
6386,CSS_J105233.5-060509,RRab,RRab,False,False,0.43850073833934705,1.0639331262591742,1612,3552,False,False,False,False
6387,CSS_J053834.2+000821,EW,EW,False,False,0.38792073079647915,1.010713738288618,4094,6100,False,False,False,False
6388,CSS_J203655.7-073904,EW,EW,False,False,0.3592256573607848,1.0061064423377117,7306,6387,False,False,False,False
6389,CSS_J234630.5+181252,RRc,RRc,False,False,0.37712915898553384,0.994974704238134,5219,7035,False,False,False,False
6390,CSS_J145731.3-154550,RRc,EW,True,False,0.40737934722089764,1.1694455708218734,2770,1378,False,False,False,False
6391,CSS_J014509.3+352949,EW,EW,False,False,0.3540212311817044,1.0867006588564991,7756,2862,False,False,False,False
6392,CSS_J095840.2-175426,RRc,RRab,True,False,0.5173685137771796,1.2900736509760384,410,572,False,False,False,False
6393,CSS_J045207.6+145004,EW,EW,False,False,0.396643598208817,1.1593999055282942,3390,1516,False,False,False,False
6394,CSS_J073720.0+370454,EW,EW,False,False,0.3856261943258906,1.0190623342170997,4321,5576,False,False,False,False
6395,CSS_J032830.0+263218,EW,EW,False,False,0.39599191417909574,1.031751048705005,3432,4929,False,False,False,False
6396,CSS_J051452.7+205515,EW,EA,True,False,0.41406441321994164,1.3180079644933964,2443,457,False,False,False,False
6397,CSS_J134208.0-121702,RRc,RRc,False,False,0.38386581167369893,1.2188366526331795,4502,947,False,False,False,False
6398,CSS_J162327.8+055426,EW,EW,False,False,0.37591932523476657,1.0690227617309487,5371,3377,False,False,False,False
6399,CSS_J210403.3-100545,EW,EW,False,False,0.3747191588907718,1.111996949204877,5501,2263,False,False,False,False
6400,CSS_J085730.8+065928,EW,RRc,True,False,0.38671090248682505,1.2082845370299427,4199,1030,False,False,False,False
6401,CSS_J033040.1+360907,EW,EW,False,False,0.3955878099537852,1.128832278079912,3464,1940,False,False,False,False
6402,CSS_J071816.2+501711,EW,EW,False,False,0.40009205940191384,1.066037282392562,3164,3492,False,False,False,False
6403,CSS_J142626.3-180654,RRc,RRc,False,False,0.38830891706972137,1.060989898555545,4055,3656,False,False,False,False
6404,CSS_J032723.6-010935,EA,EA,False,False,0.5708940078951342,1.0171606551503831,193,5695,False,False,False,False
6405,CSS_J130412.3-042344,RRc,RRc,False,False,0.3854920480124896,0.9864807901535405,4330,7499,False,False,False,False
6406,CSS_J215843.3+173239,EW,EW,False,False,0.36657093780366745,1.1185114362772217,6517,2128,False,False,False,False
6407,CSS_J231532.4-070350,EW,EW,False,False,0.3659156403170059,1.072982015852059,6587,3248,False,False,False,False
6408,CSS_J031947.9+311830,EW,EW,False,False,0.4444864145501845,1.0253134646172566,1463,5250,False,False,False,False
6409,CSS_J180612.8+485829,RRd,EW,True,True,0.39362397332329174,1.3373104751704887,3627,411,False,False,False,False
6410,CSS_J111107.8+135611,RRc,RRc,False,False,0.39371244458166815,1.1347534073550871,3617,1848,False,False,False,False
6411,CSS_J145319.1-065831,EW,EW,False,False,0.3539563924972898,1.2219879169409253,7760,922,False,False,False,False
6412,CSS_J041603.2-163021,EW,EW,False,False,0.3929967849038789,1.0756742661830907,3664,3179,False,False,False,False
6413,CSS_J064014.7+473257,EW,EW,False,False,0.40502511469547703,1.1867208088041157,2886,1190,False,False,False,False
6414,CSS_J160536.6+424157,EW,EW,False,False,0.45568688356534603,1.1337020297917957,1203,1870,False,False,False,False
6415,CSS_J133201.0+291639,EW,EW,False,False,0.3697259412914343,1.0668613195397225,6123,3454,False,False,False,False
6416,CSS_J021550.1+091310,RRc,RRc,False,False,0.3852336446280642,0.9810090894262832,4355,7731,False,False,False,False
6417,CSS_J041702.6+324018,EW,EW,False,False,0.36624804034665065,1.0026076146563994,6549,6611,False,False,False,False
6418,CSS_J151503.5-060900,RRab,RRab,False,False,0.521276653159821,1.0767867644322346,387,3148,False,False,False,False
6419,CSS_J213608.6+085915,EW,EW,False,False,0.35623352304648676,1.1481833184376942,7596,1656,False,False,False,False
6420,CSS_J164335.1+171702,EW,EW,False,False,0.3721533096533468,1.0138742546415351,5806,5887,False,False,False,False
6421,CSS_J225831.7+055223,EW,EW,False,False,0.4404194137659048,1.1957278210300712,1567,1110,False,False,False,False
6422,CSS_J163412.4+292232,EW,EW,False,False,0.38651625258525885,1.0563344455230381,4225,3828,False,False,False,False
6423,CSS_J110321.0+484144,EW,EW,False,False,0.380263076457088,1.221480736024422,4892,927,False,False,False,False
6424,CSS_J172626.6+315205,RRc,RRc,False,False,0.38588827605158044,0.9884007398771987,4295,7394,False,False,False,False
6425,CSS_J052342.3+030656,EA,EW,True,False,0.37576548420121175,1.0553626982821736,5388,3868,False,False,False,False
6426,CSS_J085942.7+190007,EW,EW,False,False,0.4505879854139332,1.0583871060985464,1314,3753,False,False,False,False
6427,CSS_J075423.7+120445,EW,EW,False,False,0.4032365598235195,1.2165824795966105,2984,964,False,False,False,False
6428,CSS_J015404.1+382805,EW,EW,False,False,0.3735999037588424,1.0111204270732699,5644,6062,False,False,False,False
6429,CSS_J210116.6-050902,EA,EA,False,False,0.4911300035423359,1.0133323543768242,630,5919,False,False,False,False
6430,CSS_J225148.3+153203,EW,EW,False,False,0.36710562944672526,1.2349377973349256,6441,830,False,False,False,False
6431,CSS_J072704.9+543548,EW,EW,False,False,0.368791518313244,1.1018032229473662,6234,2487,False,False,False,False
6432,CSS_J040224.4+121232,EW,EW,False,False,0.37941143442614056,1.1152098486580688,4986,2203,False,False,False,False
6433,CSS_J110123.7-113244,LPV,LPV,False,False,0.7337981403870907,1.044567169986007,24,4337,True,False,False,False
6434,CSS_J032004.1+170718,EW,EW,False,False,0.3733434128655515,1.0368922040382615,5674,4672,False,False,False,False
6435,CSS_J074938.4+205559,EW,EW,False,False,0.3859916416499981,1.0065371008206705,4282,6352,False,False,False,False
6436,CSS_J032925.7-141634,EW,EW,False,False,0.38560451037105836,1.0768896094787617,4323,3144,False,False,False,False
6437,CSS_J154441.1+480651,RRc,RRc,False,False,0.39498950481367107,1.0455482588206828,3507,4287,False,False,False,False
6438,CSS_J130613.6+164657,RRc,RRc,False,False,0.37589899438241064,1.1001140815098758,5375,2536,False,False,False,False
6439,CSS_J095711.4-105834,EW,EW,False,False,0.3702967932292466,1.031804713162313,6057,4928,False,False,False,False
6440,CSS_J220640.6+062747,EW,EW,False,False,0.46361828013810935,1.0865720734253692,1059,2867,False,False,False,False
6441,CSS_J173731.9+232634,RRc,RRc,False,False,0.3681998085382621,0.9998921440681163,6319,6770,False,False,False,False
6442,CSS_J135502.4+345858,RRab,EW,True,False,0.361462421280843,1.1762193478014396,7061,1299,False,False,False,False
6443,CSS_J233659.3+042854,EW,EW,False,False,0.38654993326944864,1.130765955879772,4220,1918,False,False,False,False
6444,CSS_J021251.9+303834,EW,EW,False,False,0.3727172625490172,1.0463849131191627,5737,4252,False,False,False,False
6445,CSS_J022854.6+285332,EW,EW,False,False,0.3804950238327723,0.9925479582656924,4867,7160,False,False,False,False
6446,CSS_J045658.1-065355,EA,EA,False,False,0.46468339573014894,1.03738826423119,1035,4645,False,False,False,False
6447,CSS_J133650.3+104116,RRc,EW,True,False,0.37745484502092397,1.1651922326966448,5190,1434,False,False,False,False
6448,CSS_J160102.2-074335,RRc,RRc,False,False,0.3725448580078676,1.0919708791100868,5758,2722,False,False,False,False
6449,CSS_J070020.5+512116,EW,EW,False,False,0.3791934392929663,1.0023412572798749,5005,6625,False,False,False,False
6450,CSS_J174829.7+310859,RRab,EW,True,False,0.4517959534547269,1.0893486065066214,1293,2798,False,False,False,False
6451,CSS_J090830.7+245411,EW,EW,False,False,0.3654221510518616,0.9972057278559756,6642,6911,False,False,False,False
6452,CSS_J015712.7+181212,EW,EW,False,False,0.3533954657092866,0.9872351170349092,7794,7459,False,False,False,False
6453,CSS_J033100.7-015355,EW,EW,False,False,0.44541854534973924,1.0248007578693674,1437,5278,False,False,False,False
6454,CSS_J083322.7+463909,EW,EW,False,False,0.36115599999480785,0.9847499718268988,7098,7597,False,False,False,False
6455,CSS_J162606.5+123953,RRc,RRc,False,False,0.39214282906153575,1.0058541238526177,3738,6408,False,False,False,False
6456,CSS_J043822.9+102633,EW,EW,False,False,0.3938170115816818,1.0755034068892726,3609,3183,False,False,False,False
6457,CSS_J232449.1+360356,RRc,RRc,False,False,0.38126430095426844,1.0142641863266442,4778,5861,False,False,False,False
6458,CSS_J073217.3+250312,EW,EW,False,False,0.38057229501659423,1.1578651059626335,4856,1528,False,False,False,False
6459,CSS_J074734.2+345315,EW,EW,False,False,0.3983228382029381,1.0522449951006636,3284,3997,False,False,False,False
6460,CSS_J205109.6+060641,EW,EW,False,False,0.35949437450641925,1.040630360545245,7278,4507,False,False,False,False
6461,CSS_J104310.7+324809,RRab,RRab,False,False,0.4927847440211219,1.0272561781724094,609,5145,False,False,False,False
6462,CSS_J102714.4+521800,EW,EW,False,False,0.35346595928257235,0.9904700674543404,7791,7292,False,False,False,False
6463,CSS_J052756.2-161815,EW,EW,False,False,0.3926293350521672,1.0205424139486872,3698,5496,False,False,False,False
6464,CSS_J024415.0+320644,EA,EA,False,False,0.49631404250468564,1.0394898656906224,567,4554,False,False,False,False
6465,CSS_J234805.5+210547,EW,EW,False,False,0.3637481114491465,1.0279302464803193,6820,5109,False,False,False,False
6466,CSS_J112034.0+241709,EW,EW,False,False,0.4738474695467188,1.1184259216620853,874,2133,False,False,False,False
6467,CSS_J021930.6-102122,EW,EW,False,False,0.38858494619796685,1.0511564781839122,4034,4047,False,False,False,False
6468,CSS_J004950.9+150133,RRc,RRc,False,False,0.41950113056908434,1.0636253702268488,2222,3566,False,False,False,False
6469,CSS_J091003.7-164908,EW,EW,False,False,0.3809818364141751,1.020808464622586,4812,5482,False,False,False,False
6470,CSS_J211215.7-153037,RS CVn,RS CVn,False,True,0.40600937886532595,1.2394792795321499,2830,807,False,False,False,False
6471,CSS_J072522.4+435156,EW,EW,False,False,0.4184730631794727,1.1145306253357314,2260,2211,False,False,False,False
6472,CSS_J032939.4+262709,EW,EW,False,False,0.38261499243883645,1.0228855050488521,4632,5368,False,False,False,False
6473,CSS_J161342.3+125054,EA,EW,True,False,0.37727174626561355,1.0667252933967204,5209,3457,False,False,False,False
6474,CSS_J163105.2-012058,EW,EW,False,False,0.3711981483382873,0.9974517900798917,5952,6897,False,False,False,False
6475,CSS_J151411.1+401643,RRc,RRc,False,False,0.3762488367575269,0.9836825992083309,5323,7636,False,False,False,False
6476,CSS_J021110.7+354956,EW,RS CVn,True,False,0.4054206060739103,1.069368415126064,2865,3365,False,False,False,False
6477,CSS_J154726.4-103442,RRd,RRc,True,True,0.41373987537354556,1.1481270644464057,2461,1657,False,False,False,False
6478,CSS_J235307.7-181324,RRab,RRab,False,False,0.36521493866751786,1.039290105750443,6664,4562,False,False,False,False
6479,CSS_J212936.0+104526,EW,EW,False,False,0.37184037308031676,1.060238451132085,5851,3675,False,False,False,False
6480,CSS_J163450.7-021556,RRc,RRc,False,False,0.48462665502185576,0.9931770272549627,706,7130,False,False,False,False
6481,CSS_J165757.0+202615,RRc,RRc,False,False,0.4354548719244889,1.0795857548620804,1684,3058,False,False,False,False
6482,CSS_J044813.0+091832,RRab,RRab,False,False,0.46122188873106834,1.0392009300628897,1096,4566,False,False,False,False
6483,CSS_J050529.6+115446,EW,EW,False,False,0.3532107546311608,1.0267084444063603,7807,5169,False,False,False,False
6484,CSS_J131639.9+243632,EW,EW,False,False,0.3652356392883916,1.052600350942802,6662,3986,False,False,False,False
6485,CSS_J135411.1+035149,EW,EW,False,False,0.37255606998491303,1.0924622821590448,5756,2708,False,False,False,False
6486,CSS_J010857.9-132314,RS CVn,RS CVn,False,True,0.3738001288764654,1.1129356705177407,5617,2242,False,False,False,False
6487,CSS_J173649.6+185355,EW,EW,False,False,0.5047460428888462,1.3419818298083819,501,400,False,False,False,False
6488,CSS_J040357.4+331812,EW,EW,False,False,0.37412831751160097,1.3246338236894313,5579,439,False,False,False,False
6489,CSS_J153803.7+570210,EW,EW,False,False,0.385244029697172,0.9924473827780386,4353,7170,False,False,False,False
6490,CSS_J013341.8+344642,EW,EW,False,False,0.37269597420511985,1.008365975258712,5740,6236,False,False,False,False
6491,CSS_J202509.8-090010,EW,EW,False,False,0.3616185083718797,1.0265189979495664,7043,5181,False,False,False,False
6492,CSS_J205621.7-073518,EW,RS CVn,True,False,0.4259323601812796,1.4626788351565434,1991,195,False,False,False,False
6493,CSS_J231343.5+284906,EW,EW,False,False,0.4367919592949799,1.0345097734541369,1654,4778,False,False,False,False
6494,CSS_J173943.9+145630,EW,EW,False,False,0.3695541787807002,1.3129206977950592,6146,480,False,False,False,False
6495,CSS_J161103.6-143447,EW,EW,False,False,0.3721296192327556,1.038022443975635,5808,4619,False,False,False,False
6496,CSS_J022608.6+083424,EW,EW,False,False,0.3761196570046173,1.003354803630352,5349,6566,False,False,False,False
6497,CSS_J070118.9+383001,LPV,LPV,False,False,0.7748182482656255,1.0176807262945338,3,5671,True,False,False,False
6498,CSS_J234040.2+192217,EA,EA,False,False,0.45791286100850503,0.9883474201401168,1151,7395,False,False,False,False
6499,CSS_J114537.3-172006,RRab,EW,True,False,0.480714685658058,1.2341943913503457,779,836,False,False,False,False
6500,CSS_J042218.1+180600,EA,EA,False,False,0.46734597753387636,1.0386319318494934,985,4596,False,False,False,False
6501,CSS_J080936.7+085035,EA,EA,False,False,0.5085609519648872,1.0127886537887427,470,5949,False,False,False,False
6502,CSS_J181905.0+531004,RRab,RRab,False,False,0.45871478443629893,0.9873393653851215,1136,7451,False,False,False,False
6503,CSS_J144903.6+415148,RRc,RRc,False,False,0.3870390221189498,1.0380495082894003,4179,4617,False,False,False,False
6504,CSS_J110843.5+045109,EA,EA,False,False,0.4787001794697513,1.0651367790340278,810,3519,False,False,False,False
6505,CSS_J013406.6+173303,EA,EA,False,False,0.4352557165485166,0.9883437192638865,1687,7396,False,False,False,False
6506,CSS_J041851.8+281306,EW,EW,False,False,0.3752052921407504,1.2052252157525911,5444,1048,False,False,False,False
6507,CSS_J082341.0-072416,EW,EW,False,False,0.4002565476678453,1.0908528864588851,3154,2747,False,False,False,False
6508,CSS_J160849.4-154241,EW,EW,False,False,0.3862643685264076,1.0395447253011805,4247,4549,False,False,False,False
6509,CSS_J064801.4+432936,EW,EW,False,False,0.4179755336436687,1.035589400148456,2284,4732,False,False,False,False
6510,CSS_J165846.3-012449,RRc,RRc,False,False,0.3594797082278504,1.0943453937184455,7280,2663,False,False,False,False
6511,CSS_J082803.3+031432,RRc,RRc,False,False,0.41030436687894395,1.0812908253996816,2632,3011,False,False,False,False
6512,CSS_J153949.3-070223,EW,EW,False,False,0.3799424051391032,1.0715348547455394,4929,3285,False,False,False,False
6513,CSS_J030642.7-041339,EW,EW,False,False,0.3715424852955818,1.1645716550027054,5899,1443,False,False,False,False
6514,CSS_J164644.9+084811,EW,EW,False,False,0.399043899153357,0.9926682963707594,3223,7154,False,False,False,False
6515,CSS_J211902.0+180440,RS CVn,EW,True,True,0.43801353253845,1.1135381634312622,1625,2232,False,False,False,False
6516,CSS_J031016.4+245221,EW,EW,False,False,0.3552122508735401,1.035774192427112,7663,4721,False,False,False,False
6517,CSS_J035410.1+340934,RS CVn,RS CVn,False,True,0.6420808485942543,1.124658784051976,85,2015,True,False,False,False
6518,CSS_J044704.6+214435,EW,EW,False,False,0.3532479077135496,0.9912696391515814,7804,7245,False,False,False,False
6519,CSS_J154645.6-081556,RRab,RRab,False,False,0.3683386593429398,1.0636012757473758,6304,3569,False,False,False,False
6520,CSS_J215757.7+193231,EW,EW,False,False,0.5649580619304115,1.0682962094235577,213,3399,False,False,False,False
6521,CSS_J235035.9+282259,EW,EW,False,False,0.5140563050843454,1.3702602172176934,425,336,False,False,False,False
6522,CSS_J155647.9+191239,EW,EW,False,False,0.44307410322202245,0.9884764459426659,1502,7388,False,False,False,False
6523,CSS_J045805.6+043509,EW,EW,False,False,0.39298944223671917,1.051595279799459,3667,4024,False,False,False,False
6524,CSS_J141131.4+533035,RRab,RRab,False,False,0.4298674436217515,1.0663746958988503,1861,3473,False,False,False,False
6525,CSS_J135435.9+502715,RRab,RRab,False,False,0.4589413394146161,1.0550278026123974,1131,3882,False,False,False,False
6526,CSS_J084051.7+000751,EW,EW,False,False,0.3478911396094203,0.9821888806510846,7987,7693,False,False,False,False
6527,CSS_J061200.9-101438,EW,EW,False,False,0.3718117804640946,1.022978677125338,5862,5361,False,False,False,False
6528,CSS_J104239.0+601155,RRc,RRc,False,False,0.37111575494389015,0.9887102862893871,5964,7374,False,False,False,False
6529,CSS_J104447.6-071153,RRc,EW,True,False,0.4195304485233467,1.6136020248347003,2220,79,False,True,False,False
6530,CSS_J125324.2+511843,EW,EW,False,False,0.36074803060599325,0.9849966769495678,7146,7580,False,False,False,False
6531,CSS_J210405.5-052221,EW,EW,False,False,0.39269581904660966,1.0194224838269066,3692,5555,False,False,False,False
6532,CSS_J224552.8+225140,EW,EW,False,False,0.3604060482637519,1.1380458508398144,7188,1793,False,False,False,False
6533,CSS_J020320.5+172833,EA,EA,False,False,0.5668855252689994,1.1505174199401238,207,1619,False,False,False,False
6534,CSS_J054915.4-015320,EW,EW,False,False,0.3734880782583133,1.014953914836639,5656,5813,False,False,False,False
6535,CSS_J210354.1+094538,EW,EW,False,False,0.453217298579116,1.1320681132830526,1254,1895,False,False,False,False
6536,CSS_J080125.3+311644,EW,EW,False,False,0.4033822174289347,1.456311041170203,2975,202,False,False,False,False
6537,CSS_J110713.1+324232,EW,EW,False,False,0.37768302798859943,0.9832261529648492,5170,7655,False,False,False,False
6538,CSS_J234019.1+180535,RRc,EW,True,False,0.3706816289854418,1.210102617209492,6020,1011,False,False,False,False
6539,CSS_J211756.9+010421,LPV,LPV,False,False,0.7431438532811263,0.9999553679423597,18,6767,True,False,False,False
6540,CSS_J012842.1+433218,LPV,LPV,False,False,0.7390794284670148,1.0284121919073055,21,5091,True,False,False,False
6541,CSS_J030642.0+170735,EW,EW,False,False,0.38919263503391327,1.0494140479836047,3977,4116,False,False,False,False
6542,CSS_J050554.2+043249,EW,EW,False,False,0.39226687807895266,1.06842551096351,3727,3394,False,False,False,False
6543,CSS_J023437.7+303310,EW,EW,False,False,0.3846646625819599,1.039676493237326,4415,4545,False,False,False,False
6544,CSS_J035038.2+185755,RRd,RRc,True,True,0.38802623964492017,1.152390314272873,4086,1597,False,False,False,False
6545,CSS_J221444.9+183101,EW,EW,False,False,0.37997650695959373,1.0258496333686453,4927,5219,False,False,False,False
6546,CSS_J214844.0+212738,EW,EW,False,False,0.38733278040833463,1.151899905774702,4142,1604,False,False,False,False
6547,CSS_J094611.1+214114,EA,EA,False,False,0.4495195396344915,1.0065161153485582,1335,6355,False,False,False,False
6548,CSS_J012331.7+050832,RRab,RRab,False,False,0.43041522563368323,0.9872194496020811,1842,7460,False,False,False,False
6549,CSS_J230337.7+173636,EW,EW,False,False,0.37363143865480475,1.299231172706011,5642,532,False,False,False,False
6550,CSS_J135629.9+610437,RRd,RRc,True,True,0.36131864547588355,1.0898378419549204,7077,2774,False,False,False,False
6551,CSS_J204550.2-053458,RRc,RRc,False,False,0.40081141250598035,1.0426995016489111,3125,4421,False,False,False,False
6552,CSS_J094749.7+125902,EA,EW,True,False,0.551284834006973,1.584972660142755,250,96,False,True,False,False
6553,CSS_J023749.7+303931,EW,EW,False,False,0.4111069901009749,1.0447629783684533,2595,4325,False,False,False,False
6554,CSS_J164054.4+262210,EA,EA,False,False,0.5376334968943185,1.1800960001265823,304,1261,False,False,False,False
6555,CSS_J224026.7+313044,EW,EW,False,False,0.4800001094712002,1.274744850926037,787,629,False,False,False,False
6556,CSS_J014925.2+412434,EW,EW,False,False,0.38696242276310505,1.0424321028492805,4183,4442,False,False,False,False
6557,CSS_J203052.0-163003,EW,EW,False,False,0.3733686897720058,1.2783060587402661,5673,610,False,False,False,False
6558,CSS_J113415.1-131113,EW,EW,False,False,0.365845050113049,1.1780835316825455,6599,1280,False,False,False,False
6559,CSS_J074200.2+613641,EA,EA,False,False,0.509836355551228,0.9716662509390537,463,7936,False,False,False,False
6560,CSS_J092329.9+090428,EW,EW,False,False,0.38750903569204626,0.9905065737684702,4131,7285,False,False,False,False
6561,CSS_J082744.1+435048,EW,EW,False,False,0.3955751712896788,1.0117646333392156,3468,6018,False,False,False,False
6562,CSS_J083650.2+272024,EW,EW,False,False,0.35943621831367945,1.0055699701709702,7285,6428,False,False,False,False
6563,CSS_J003955.4+434851,EW,EW,False,False,0.37024528858021455,1.0405764430882896,6063,4509,False,False,False,False
6564,CSS_J233710.0+402710,EW,EW,False,False,0.39191325039996183,1.069092567886277,3755,3375,False,False,False,False
6565,CSS_J030831.0+152619,EW,EW,False,False,0.40227821546654213,1.0405135343843759,3050,4511,False,False,False,False
6566,CSS_J222607.9-010308,EW,EW,False,False,0.35791214392036397,1.0487358425730642,7438,4140,False,False,False,False
6567,CSS_J084341.7+320513,RS CVn,RS CVn,False,True,0.3897909131992553,1.037671664480656,3918,4635,False,False,False,False
6568,CSS_J094922.2-023219,EW,EW,False,False,0.36622788784646815,1.015058184075977,6552,5805,False,False,False,False
6569,CSS_J163420.3+201903,RRc,RRc,False,False,0.4126750020829151,1.0156506888773476,2519,5771,False,False,False,False
6570,CSS_J050759.9+221459,EW,EW,False,False,0.38575374615126196,1.183117372218979,4312,1231,False,False,False,False
6571,CSS_J170244.2+402103,RRc,RRc,False,False,0.37615089042071537,1.0558335239459742,5342,3850,False,False,False,False
6572,CSS_J155433.0+065059,EW,EW,False,False,0.6283700368832843,1.17088869312313,99,1363,True,False,False,False
6573,CSS_J053933.0+041034,EW,EW,False,False,0.36140145125964124,1.0021408777624037,7070,6637,False,False,False,False
6574,CSS_J091627.4+495544,EA,EA,False,False,0.4162823855421273,1.016087467818968,2351,5754,False,False,False,False
6575,CSS_J050031.4-091413,EA,EW,True,False,0.48685351255680376,1.184801835607096,674,1214,False,False,False,False
6576,CSS_J022249.1+064100,EW,EW,False,False,0.35893589591493963,0.9929307135716405,7331,7140,False,False,False,False
6577,CSS_J230625.7+173414,EW,EW,False,False,0.36126574529903915,1.0666871398466102,7083,3459,False,False,False,False
6578,CSS_J024639.7+321516,EW,EW,False,False,0.3897162978880942,1.0145497293962695,3929,5842,False,False,False,False
6579,CSS_J121246.7+210023,RRd,RRc,True,True,0.37528464266131445,1.1027545596741504,5435,2466,False,False,False,False
6580,CSS_J134512.0+034251,EW,EW,False,False,0.3657734140647886,0.9973407726527468,6608,6905,False,False,False,False
6581,CSS_J070422.5+540019,EW,EW,False,False,0.36125237406200944,1.0132989223378197,7086,5923,False,False,False,False
6582,CSS_J164621.6+285219,EW,EW,False,False,0.3551758073913962,1.0308231067979343,7665,4981,False,False,False,False
6583,CSS_J090648.3+515447,EW,EW,False,False,0.4334448999346426,1.0202502253765477,1743,5507,False,False,False,False
6584,CSS_J070910.0+315814,EA,EA,False,False,0.5244729219983767,1.0256110970948316,374,5231,False,False,False,False
6585,CSS_J153228.6+063838,EW,EW,False,False,0.44801050279933513,1.0085649065574862,1373,6223,False,False,False,False
6586,CSS_J173426.0+355716,EW,EW,False,False,0.3582449561457143,1.0004359216175847,7405,6731,False,False,False,False
6587,CSS_J092737.4+033332,EA,EA,False,False,0.4640767954891374,0.9958362911648253,1044,6984,False,False,False,False
6588,CSS_J054255.7+033657,EW,EW,False,False,0.3738464357893615,1.0087874339404996,5610,6207,False,False,False,False
6589,CSS_J165450.7+470901,RRc,RRc,False,False,0.3830221611012934,1.0624282414560664,4603,3612,False,False,False,False
6590,CSS_J210113.6+073706,EW,EW,False,False,0.3523436658850169,0.9753180674578626,7847,7874,False,False,False,False
6591,CSS_J154720.9+395756,EW,EW,False,False,0.35647160510409254,1.1530122400024159,7567,1587,False,False,False,False
6592,CSS_J102917.3-155544,EW,EW,False,False,0.38868203102481785,1.3114443683606636,4023,484,False,False,False,False
6593,CSS_J211919.4+024830,EW,EW,False,False,0.37003088423455394,1.0037715306349726,6089,6541,False,False,False,False
6594,CSS_J051915.1-025408,EW,EW,False,False,0.39561294122549584,1.1479650459612813,3463,1659,False,False,False,False
6595,CSS_J053311.5-085105,EW,EW,False,False,0.37780567073140847,0.9943505939371369,5152,7074,False,False,False,False
6596,CSS_J053111.9+025459,EW,EW,False,False,0.3996149528206268,1.1728787795025801,3191,1336,False,False,False,False
6597,CSS_J025404.7+302145,EW,EW,False,False,0.363331995100653,1.0812304811802718,6864,3013,False,False,False,False
6598,CSS_J205601.6+040316,EW,RRc,True,False,0.37809395774080373,1.0051497790145152,5116,6457,False,False,False,False
6599,CSS_J060131.0-115522,EW,EW,False,False,0.3693500376853903,0.991652325692266,6174,7227,False,False,False,False
6600,CSS_J072451.9+375312,EA,EA,False,False,0.4815532589159513,1.0441376505548774,765,4355,False,False,False,False
6601,CSS_J105230.2+175013,EA,EA,False,False,0.4260576909166423,1.0061028181456775,1986,6389,False,False,False,False
6602,CSS_J160740.7+262716,EW,EW,False,False,0.37494482172989785,1.3842027117136824,5476,306,False,False,False,False
6603,CSS_J145141.0+193148,EA,EA,False,False,0.5098692330985043,1.1682322969026253,462,1395,False,False,False,False
6604,CSS_J173009.8+164642,EW,RRc,True,False,0.36045046105713935,1.106643116413958,7184,2376,False,False,False,False
6605,CSS_J020224.3+200717,RRd,RRc,True,True,0.4216534896321611,1.1080786570812817,2143,2345,False,False,False,False
6606,CSS_J030027.1+304328,EW,EW,False,False,0.4343824371171457,1.0399292273064238,1711,4536,False,False,False,False
6607,CSS_J141550.9+292853,EW,EW,False,False,0.3761840450191568,1.0335239162125744,5337,4841,False,False,False,False
6608,CSS_J205753.0-102606,EA,EA,False,False,0.5493891197907281,1.2985021844073792,261,536,False,False,False,False
6609,CSS_J010226.8-134427,RRc,RRc,False,False,0.3767085084783785,1.0793001805045424,5269,3066,False,False,False,False
6610,CSS_J145832.0-143310,RRc,EW,True,False,0.373815206729309,1.1259564332990788,5615,1994,False,False,False,False
6611,CSS_J021927.9-100507,EA,EA,False,False,0.4673350568206294,1.046827189526499,986,4229,False,False,False,False
6612,CSS_J012013.3+411526,EW,EW,False,False,0.36912376299507993,1.019918313785207,6204,5527,False,False,False,False
6613,CSS_J093351.7-023513,RRc,EW,True,False,0.4784192209756598,1.1724165542490248,812,1343,False,False,False,False
6614,CSS_J091743.8+095722,EW,EW,False,False,0.47376547800650365,1.2806284156931618,876,606,False,False,False,False
6615,CSS_J040721.8+351739,RRc,RRc,False,False,0.39539805678252304,1.0276565737303762,3480,5123,False,False,False,False
6616,CSS_J093240.8-191314,EW,EW,False,False,0.3746468717105703,1.0750400973666419,5514,3192,False,False,False,False
6617,CSS_J161130.2+160521,EW,EW,False,False,0.37439618904505906,1.0630529786684724,5545,3590,False,False,False,False
6618,CSS_J145244.0-021905,EW,EW,False,False,0.3563588037828499,0.9856553858907567,7579,7547,False,False,False,False
6619,CSS_J210122.3+055507,EW,EW,False,False,0.3886154567052855,1.0261255185735922,4033,5202,False,False,False,False
6620,CSS_J140437.0-080835,EW,EW,False,False,0.49240187411453434,1.9516742302863548,615,25,False,True,False,False
6621,CSS_J030450.6+331044,EW,EW,False,False,0.3578202176022693,1.0269131228504733,7452,5161,False,False,False,False
6622,CSS_J103757.2+060712,EW,EW,False,False,0.35890411153824553,1.115948319945048,7335,2182,False,False,False,False
6623,CSS_J222417.2+283950,EW,EW,False,False,0.5502628170990772,1.1077948111236327,257,2353,False,False,False,False
6624,CSS_J023248.6+342156,EW,EW,False,False,0.37008079109767766,1.0240457652329436,6082,5310,False,False,False,False
6625,CSS_J020957.6+342454,EW,EW,False,False,0.3578567878837908,0.9968412568402222,7447,6931,False,False,False,False
6626,CSS_J023251.9+353949,EW,EW,False,False,0.3545326907014462,1.015618921990511,7722,5773,False,False,False,False
6627,CSS_J153839.5+084507,EW,EW,False,False,0.37461832491693325,1.046135170602758,5518,4263,False,False,False,False
6628,CSS_J134734.3-072149,RRc,EW,True,False,0.3639727899502012,1.0039594500004423,6797,6527,False,False,False,False
6629,CSS_J071456.4+432904,EA,EW,True,False,0.39133378707434563,1.463197722856511,3802,193,False,False,False,False
6630,CSS_J091637.7+071125,RRc,EW,True,False,0.38518358476101217,1.1861486331367563,4360,1193,False,False,False,False
6631,CSS_J215420.8+202424,EW,EW,False,False,0.35263451284252184,1.0369749925611473,7830,4667,False,False,False,False
6632,CSS_J012834.0+362723,EW,EW,False,False,0.3633163130714115,1.066292727525264,6865,3476,False,False,False,False
6633,CSS_J123001.3+462611,EW,EW,False,False,0.3731050512301202,1.112560502749441,5703,2255,False,False,False,False
6634,CSS_J032737.0+222359,EW,EW,False,False,0.3843665430110746,1.083162404950197,4446,2952,False,False,False,False
6635,CSS_J141003.6+160629,EA,EA,False,False,0.4032817376201863,1.0011843975231436,2981,6684,False,False,False,False
6636,CSS_J155458.3+075328,RRc,EW,True,False,0.36930063750833436,1.0712489979730875,6183,3296,False,False,False,False
6637,CSS_J110155.5+485545,RRab,RRab,False,False,0.37596903985536967,1.0557343275501627,5365,3854,False,False,False,False
6638,CSS_J150231.9-174712,EW,EW,False,False,0.3959666701420738,1.0896256540563343,3434,2786,False,False,False,False
6639,CSS_J115216.8+190906,RRc,EW,True,False,0.43837321314467237,1.2094057821863766,1616,1019,False,False,False,False
6640,CSS_J055939.8-173532,EW,EW,False,False,0.3568420524228897,1.0381716278440396,7527,4611,False,False,False,False
6641,CSS_J213100.3-013933,EA,EA,False,False,0.47058043031151353,1.0327583535351224,926,4873,False,False,False,False
6642,CSS_J162055.7-153015,EW,EW,False,False,0.476060732776163,1.1052662295144535,842,2404,False,False,False,False
6643,CSS_J035419.7+350701,EW,EW,False,False,0.38414650088631064,1.2340530317575134,4470,837,False,False,False,False
6644,CSS_J070837.0+430528,RRab,RRab,False,False,0.49920661638340313,1.0542349083650004,542,3910,False,False,False,False
6645,CSS_J073624.6+325017,EA,EA,False,False,0.510690184068253,1.0513893541890544,450,4034,False,False,False,False
6646,CSS_J170013.0+320148,RRab,RRab,False,False,0.4021250643268403,1.0647809194143936,3058,3529,False,False,False,False
6647,CSS_J171534.3+534239,EW,EW,False,False,0.3639982492418132,1.153479268102258,6790,1578,False,False,False,False
6648,CSS_J130128.7+003135,RRc,RRc,False,False,0.3986110312153073,1.108384716273642,3260,2337,False,False,False,False
6649,CSS_J085435.5-060637,EW,EW,False,False,0.40659348513762567,1.1466941704782607,2803,1684,False,False,False,False
6650,CSS_J070206.0+374529,EW,EW,False,False,0.3941690852372401,0.9893254970227042,3576,7345,False,False,False,False
6651,CSS_J221725.6-063410,EW,EW,False,False,0.3568788817004246,1.0282069660495445,7526,5098,False,False,False,False
6652,CSS_J225507.4+244324,EW,EW,False,False,0.4356957380269355,1.1248501123738086,1680,2011,False,False,False,False
6653,CSS_J174516.9+264706,EA,EA,False,False,0.5118823749034613,1.0660650446506197,440,3488,False,False,False,False
6654,CSS_J084508.8-044936,EW,EW,False,False,0.3639758094473848,1.1120253170124519,6795,2262,False,False,False,False
6655,CSS_J041250.1+314753,EW,EW,False,False,0.4153974816233943,1.31093944155364,2381,488,False,False,False,False
6656,CSS_J213719.2-113747,EW,EW,False,False,0.42830845995281647,1.113308054681061,1907,2238,False,False,False,False
6657,CSS_J073841.4+245641,EW,EW,False,False,0.3785786624253734,1.0202045243314781,5062,5510,False,False,False,False
6658,CSS_J140056.9+175933,EW,EW,False,False,0.36247215545740263,1.320113139269483,6953,452,False,False,False,False
6659,CSS_J165737.5+045000,EW,RS CVn,True,False,0.4152990103527339,1.082515812039571,2386,2977,False,False,False,False
6660,CSS_J045004.8+242828,EW,EW,False,False,0.5125318041338625,1.139740855027758,435,1771,False,False,False,False
6661,CSS_J121043.3+151457,RRc,RRc,False,False,0.3873125824294843,1.0277384862128076,4145,5121,False,False,False,False
6662,CSS_J225305.5+382411,EW,EW,False,False,0.3670337736582441,1.109881768162255,6449,2304,False,False,False,False
6663,CSS_J151257.7-043853,LPV,RS CVn,True,False,0.5279481622675248,1.0285126209559738,355,5083,False,False,False,False
6664,CSS_J212233.4-010502,EW,RRab,True,False,0.38341064736498137,1.2377044489011486,4557,813,False,False,False,False
6665,CSS_J161746.2-113536,EW,EW,False,False,0.4056591919923907,1.0000587685537408,2847,6758,False,False,False,False
6666,CSS_J214833.7+243235,EW,EW,False,False,0.35343148996815005,1.0075664366810126,7793,6287,False,False,False,False
6667,CSS_J113726.0+003727,RRab,RRab,False,False,0.49032951904075095,1.3752417763974603,643,327,False,False,False,False
6668,CSS_J004335.5+433354,RRab,RRab,False,False,0.4669017394464577,1.01812808054512,993,5635,False,False,False,False
6669,CSS_J094225.6+121629,EW,EW,False,False,0.35387237154277523,0.9990624287275629,7767,6812,False,False,False,False
6670,CSS_J205645.0-193846,RS CVn,RS CVn,False,True,0.4199578492933433,1.3114915048697875,2207,483,False,False,False,False
6671,CSS_J153553.0+151631,EW,EW,False,False,0.3716443533624961,0.9972650093842924,5885,6908,False,False,False,False
6672,CSS_J010756.4+050110,EW,EW,False,False,0.35940939131124944,1.0289743064674308,7289,5058,False,False,False,False
6673,CSS_J135558.9+641925,RS CVn,RS CVn,False,True,0.42059694946586157,1.095046443476581,2176,2646,False,False,False,False
6674,CSS_J085956.1+245528,EW,EW,False,False,0.37127520369231265,1.0272231493139181,5937,5147,False,False,False,False
6675,CSS_J075234.8+405138,LPV,LPV,False,False,0.6237517111582876,1.1082001509055788,104,2342,True,False,False,False
6676,CSS_J101419.6+030950,EW,EW,False,False,0.3924757108514354,1.034937360221533,3714,4760,False,False,False,False
6677,CSS_J071220.3+345058,EA,EA,False,False,0.4906666230734924,1.0516100735604528,640,4023,False,False,False,False
6678,CSS_J065536.6+383457,EW,EW,False,False,0.43105310627636867,1.06634286907986,1820,3474,False,False,False,False
6679,CSS_J125715.1-161151,RRab,RRab,False,False,0.46711905977294493,1.0189731296469522,987,5579,False,False,False,False
6680,CSS_J001659.5-153136,RRc,RRc,False,False,0.3988577313683732,1.103152168631689,3240,2450,False,False,False,False
6681,CSS_J155245.4+440438,EW,EW,False,False,0.3845134253188649,1.130498396859474,4431,1923,False,False,False,False
6682,CSS_J171912.5+081539,RRc,EW,True,False,0.3786947025618304,1.0640773990775174,5051,3546,False,False,False,False
6683,CSS_J212314.8-192758,RRc,RRc,False,False,0.3797268642771441,1.158913243618889,4955,1517,False,False,False,False
6684,CSS_J164254.3+120657,EW,EW,False,False,0.36240314605312984,0.9874466976252716,6957,7442,False,False,False,False
6685,CSS_J161500.3+243759,EW,RS CVn,True,False,0.409555295807019,1.2063091562622963,2664,1040,False,False,False,False
6686,CSS_J172802.5+115135,EW,EW,False,False,0.501041484955136,1.203274216814362,529,1066,False,False,False,False
6687,CSS_J013059.5+014024,RRc,RRc,False,False,0.39379478172733706,1.1032258461018467,3611,2446,False,False,False,False
6688,CSS_J220254.7+123027,EW,EW,False,False,0.37819258546177675,1.0489114047625556,5100,4133,False,False,False,False
6689,CSS_J224003.3+251533,LPV,LPV,False,False,0.6802015884908464,1.1339256443739258,56,1866,True,False,False,False
6690,CSS_J232735.9+174030,EW,EW,False,False,0.35167722635725784,0.9971953106628758,7882,6912,False,False,False,False
6691,CSS_J105314.7+011201,RRc,RRc,False,False,0.385768442151843,1.0247235542261106,4311,5280,False,False,False,False
6692,CSS_J180946.9+410425,EW,EW,False,False,0.5573454090383282,1.1860262992011437,234,1196,False,False,False,False
6693,CSS_J134152.3-163439,RRab,RRab,False,False,0.4055227408087186,1.0796188721920026,2854,3056,False,False,False,False
6694,CSS_J205627.2-121129,EW,EW,False,False,0.3834914586758495,1.029984778321998,4547,5015,False,False,False,False
6695,CSS_J010154.3+212137,EW,EW,False,False,0.3837283998867839,1.2043105170732913,4519,1056,False,False,False,False
6696,CSS_J040515.2+211715,EW,EW,False,False,0.39131588097757825,1.017898440141052,3807,5653,False,False,False,False
6697,CSS_J150517.0+112732,RRc,RRc,False,False,0.3881290525325435,0.9925281324194956,4073,7163,False,False,False,False
6698,CSS_J205936.3-155455,RS CVn,RS CVn,False,True,0.4390765095367121,1.2761442674616208,1600,621,False,False,False,False
6699,CSS_J231503.6+270240,EW,EW,False,False,0.4396338276337524,1.1600167110523816,1586,1506,False,False,False,False
6700,CSS_J113447.9+202651,EW,EW,False,False,0.38247914526513643,1.0860921961314876,4646,2876,False,False,False,False
6701,CSS_J005952.1+325035,EW,EW,False,False,0.37879109511341663,1.0061490154688637,5042,6381,False,False,False,False
6702,CSS_J164216.7+050608,EW,EW,False,False,0.34828711523694966,1.0183533528505402,7977,5619,False,False,False,False
6703,CSS_J223705.0+370453,EW,EW,False,False,0.3736525644438815,1.080174812814062,5639,3042,False,False,False,False
6704,CSS_J140004.2-051005,EW,EW,False,False,0.39512928517009593,1.0366947460466005,3500,4683,False,False,False,False
6705,CSS_J155524.0+270449,EA,EW,True,False,0.49970001565160904,1.2735050186890289,538,637,False,False,False,False
6706,CSS_J033722.7+391731,EA,EA,False,False,0.4337528864344751,0.992894867111924,1731,7143,False,False,False,False
6707,CSS_J165528.6+294254,EW,EW,False,False,0.3872235037802025,0.9985164153910862,4152,6848,False,False,False,False
6708,CSS_J035820.0+310803,RS CVn,RS CVn,False,True,0.4606542413977105,1.6074676480729473,1110,80,False,True,False,False
6709,CSS_J171604.4+055919,EW,EW,False,False,0.36490184414241594,1.2872397747599387,6701,583,False,False,False,False
6710,CSS_J034632.5+373507,EA,EA,False,False,0.4525841988469944,1.0678706373643505,1272,3412,False,False,False,False
6711,CSS_J095849.2+152235,EW,EW,False,False,0.3590055650589201,1.126075686433959,7320,1991,False,False,False,False
6712,CSS_J163519.2-102858,EW,EW,False,False,0.37728571138955724,1.0190315189948127,5206,5577,False,False,False,False
6713,CSS_J221449.2+141754,EW,EW,False,False,0.4164717336184333,1.1930120072114068,2346,1129,False,False,False,False
6714,CSS_J020456.8+120702,EW,EA,True,False,0.42312475865764143,0.9789996584970693,2083,7793,False,False,False,False
6715,CSS_J021421.3+185225,EW,EW,False,False,0.40023525590470144,1.1575965639549683,3156,1532,False,False,False,False
6716,CSS_J112019.5+084928,EA,EA,False,False,0.46169061079297147,1.0246659037550923,1090,5282,False,False,False,False
6717,CSS_J052521.0-163920,EW,EW,False,False,0.36790739518604537,1.0861863169614965,6356,2872,False,False,False,False
6718,CSS_J214048.8+113924,EW,EW,False,False,0.3601955186868323,0.9714667123293662,7208,7939,False,False,False,False
6719,CSS_J134811.5-120507,EW,EW,False,False,0.3836480700070654,1.065430470527341,4530,3510,False,False,False,False
6720,CSS_J071752.9+441626,EW,EW,False,False,0.372853005262421,1.0126590669071271,5726,5958,False,False,False,False
6721,CSS_J210635.9-175301,EA,EA,False,False,0.5148493096984965,1.0469017898291404,418,4225,False,False,False,False
6722,CSS_J023318.0+335502,EW,EW,False,False,0.3871809901861876,1.0177154795456076,4158,5668,False,False,False,False
6723,CSS_J122830.7-053244,RRc,RRc,False,False,0.3907846012217663,0.9912019763397268,3844,7248,False,False,False,False
6724,CSS_J045626.8+213950,EW,EW,False,False,0.35419330771664487,0.9849753012102711,7743,7581,False,False,False,False
6725,CSS_J235520.5+443907,RRc,RRc,False,False,0.3982612405477178,1.00816433688688,3289,6253,False,False,False,False
6726,CSS_J081614.2+283200,EA,EA,False,False,0.5046468945987574,1.1875986336223492,503,1182,False,False,False,False
6727,CSS_J100553.6+380433,EW,EW,False,False,0.42291799776794303,0.9820565298237126,2096,7701,False,False,False,False
6728,CSS_J081613.1+385858,EA,EA,False,False,0.42020069420742906,0.9956320264097316,2196,7000,False,False,False,False
6729,CSS_J232144.0+395707,EW,EW,False,False,0.36479140530415627,1.0164167961290687,6711,5735,False,False,False,False
6730,CSS_J020059.0+193415,EW,EW,False,False,0.35977722814078666,1.0399141366536562,7250,4537,False,False,False,False
6731,CSS_J032951.2+381908,EA,EA,False,False,0.5006612072707024,1.0525140614362538,532,3987,False,False,False,False
6732,CSS_J083729.5+062118,EW,EW,False,False,0.35583953435197085,0.9954198083210398,7624,7011,False,False,False,False
6733,CSS_J143352.3+040342,EW,EW,False,False,0.38202661097975893,0.9970614250455601,4684,6921,False,False,False,False
6734,CSS_J065705.3+420939,EW,EW,False,False,0.3866720740521196,0.9995880543424308,4209,6788,False,False,False,False
6735,CSS_J045454.2+243008,EW,EW,False,False,0.3648551479695566,1.0005406828857617,6705,6726,False,False,False,False
6736,CSS_J174323.1+475140,EW,EW,False,False,0.4362722507609371,1.3452534698963565,1665,389,False,False,False,False
6737,CSS_J032042.7+035254,EA,EA,False,False,0.4111509596618464,1.0062984025257165,2588,6369,False,False,False,False
6738,CSS_J022434.9+023940,EW,EW,False,False,0.44444592890465867,1.0468820689181164,1464,4226,False,False,False,False
6739,CSS_J234310.7-163626,EW,EW,False,False,0.35465619777534074,1.0632050772651271,7709,3583,False,False,False,False
6740,CSS_J031817.5-013536,EW,EW,False,False,0.3670900548573935,1.0986373106186291,6442,2573,False,False,False,False
6741,CSS_J144005.8+124654,EA,EA,False,False,0.47647692207413067,1.044858989565834,837,4319,False,False,False,False
6742,CSS_J145159.7-183644,EW,EW,False,False,0.3718951869357318,1.075123297374725,5837,3190,False,False,False,False
6743,CSS_J054418.2-191630,EW,EW,False,False,0.362372099763574,1.0084212507612969,6962,6233,False,False,False,False
6744,CSS_J104125.5-145842,EW,EW,False,False,0.37083284077649936,1.2057944977523793,5995,1042,False,False,False,False
6745,CSS_J122650.6+333601,EW,EW,False,False,0.5070719162239191,1.3781808723542865,487,321,False,False,False,False
6746,CSS_J045453.0+234603,EW,EW,False,False,0.3829017335816889,1.3576204383271164,4615,357,False,False,False,False
6747,CSS_J230240.2+011942,EW,EW,False,False,0.3973462834356468,1.0503395255886494,3345,4077,False,False,False,False
6748,CSS_J070557.0+570009,EW,EA,True,False,0.42139771922059316,0.9921860077716032,2149,7187,False,False,False,False
6749,CSS_J083554.9-063131,EW,EW,False,False,0.3913179293930297,1.0897750730079974,3806,2779,False,False,False,False
6750,CSS_J073436.3+290946,EW,EW,False,False,0.4228369882639212,0.988214781620116,2097,7402,False,False,False,False
6751,CSS_J211702.5+115226,EW,EW,False,False,0.4663996438752066,1.1693412273107728,1002,1379,False,False,False,False
6752,CSS_J035544.5+322130,EW,EW,False,False,0.373860438604934,0.9861682641278693,5608,7519,False,False,False,False
6753,CSS_J233310.5+235611,EA,EA,False,False,0.4409486785146007,1.0403719648731131,1551,4517,False,False,False,False
6754,CSS_J082855.0+504559,EW,EW,False,False,0.34763470746707714,1.0009127377357239,7992,6702,False,False,False,False
6755,CSS_J145811.1-152127,EW,EW,False,False,0.4097855900145295,1.2664527247327086,2655,667,False,False,False,False
6756,CSS_J212955.4-074446,EW,EW,False,False,0.35853900683167816,0.9901690533785523,7371,7306,False,False,False,False
6757,CSS_J003528.6+355422,EW,EW,False,False,0.3727145122833111,1.0274770849867665,5738,5131,False,False,False,False
6758,CSS_J234936.6+381405,EW,EW,False,False,0.38036006778086184,1.039895951625237,4881,4539,False,False,False,False
6759,CSS_J221103.8+143923,EW,EW,False,False,0.4022061023013505,1.0124452427201391,3054,5971,False,False,False,False
6760,CSS_J085341.4-115848,EW,EW,False,False,0.3792650524623973,1.129171881647814,4996,1939,False,False,False,False
6761,CSS_J065040.0+380503,EA,EA,False,False,0.5445991886957103,1.0119269403483957,275,6009,False,False,False,False
6762,CSS_J205003.6+082544,EW,EW,False,False,0.3852499277058199,1.3809944370527931,4351,311,False,False,False,False
6763,CSS_J162501.0+055244,EW,EW,False,False,0.39265644377297565,1.093720593669127,3695,2672,False,False,False,False
6764,CSS_J165642.5+224254,RRd,EW,True,True,0.3735094937840096,1.1686671949694154,5651,1390,False,False,False,False
6765,CSS_J013331.4+082439,EW,EW,False,False,0.358413281012364,1.0587349340470138,7385,3742,False,False,False,False
6766,CSS_J110346.1-184640,EW,EW,False,False,0.40639020640127926,1.272492965734645,2815,640,False,False,False,False
6767,CSS_J021512.0+304203,EW,EW,False,False,0.3897379771258888,1.016855098339351,3926,5710,False,False,False,False
6768,CSS_J070656.7+344920,EW,EW,False,False,0.4031643427704036,0.9839326884042496,2990,7625,False,False,False,False
6769,CSS_J160227.2+092224,EA,EA,False,False,0.41012744540282553,1.094822460433861,2639,2651,False,False,False,False
6770,CSS_J085533.0-151910,RRab,RRab,False,False,0.46708984923711244,1.1030320136973717,989,2456,False,False,False,False
6771,CSS_J013212.9+373016,EW,EW,False,False,0.35969512646156276,1.0090805493410073,7259,6181,False,False,False,False
6772,CSS_J232510.6-031913,EW,EW,False,False,0.3880418994040172,1.0635599303000327,4083,3570,False,False,False,False
6773,CSS_J165656.6+264110,EW,EA,True,False,0.42878427496828636,1.008355907635155,1895,6237,False,False,False,False
6774,CSS_J005314.5+170751,RRab,RRab,False,False,0.533371161357198,1.135080069863648,325,1838,False,False,False,False
6775,CSS_J150834.0+484838,RRc,EW,True,False,0.48401402332477356,1.1312139707697466,717,1912,False,False,False,False
6776,CSS_J234807.7+014736,EW,EA,True,False,0.41227340945810487,0.9752855123071769,2532,7875,False,False,False,False
6777,CSS_J173227.2+265720,RRc,RRc,False,False,0.3745597103526189,0.9925069708399162,5523,7165,False,False,False,False
6778,CSS_J212329.2-153410,RRab,RRab,False,False,0.4115803571827901,1.1093198264209962,2569,2311,False,False,False,False
6779,CSS_J154257.8+091209,EW,EW,False,False,0.3624514710980368,1.0328356253995463,6956,4867,False,False,False,False
6780,CSS_J222726.1+045004,EW,EW,False,False,0.36165238543017275,1.0002575804275886,7042,6745,False,False,False,False
6781,CSS_J011908.9+001940,EW,EW,False,False,0.358971816830874,1.0701944429599983,7325,3327,False,False,False,False
6782,CSS_J025921.4+100341,EW,EW,False,False,0.3948675591535948,1.136537271696666,3519,1816,False,False,False,False
6783,CSS_J004708.9+125335,EW,EW,False,False,0.3627689806942438,1.0029253570275363,6925,6588,False,False,False,False
6784,CSS_J140510.8+142211,EW,EW,False,False,0.40608816605253695,1.0422541856173702,2824,4449,False,False,False,False
6785,CSS_J053346.9-171346,EW,EW,False,False,0.4210925224776112,1.0165792871446215,2160,5730,False,False,False,False
6786,CSS_J080720.3+333919,EW,EW,False,False,0.4493043573541041,1.3053734127055154,1342,506,False,False,False,False
6787,CSS_J035846.1+375930,EW,EW,False,False,0.400368609538065,0.9994526319414024,3149,6794,False,False,False,False
6788,CSS_J135232.0+041925,RRc,EW,True,False,0.3718269190637675,1.052484563346821,5858,3989,False,False,False,False
6789,CSS_J055902.9-124850,EW,EW,False,False,0.41462869285246123,1.0327573668657684,2413,4874,False,False,False,False
6790,CSS_J113030.8-010156,EW,EW,False,False,0.37948019793282295,1.062394616563468,4978,3613,False,False,False,False
6791,CSS_J032838.1+034019,EW,EW,False,False,0.38631878110337214,1.0444769179928854,4243,4343,False,False,False,False
6792,CSS_J234435.1+284831,EW,EW,False,False,0.4647665546292762,1.4651573613679902,1031,188,False,False,False,False
6793,CSS_J182746.6+432315,EW,EW,False,False,0.380933692774333,1.2398823968690666,4822,806,False,False,False,False
6794,CSS_J093142.6-132146,RRc,RRc,False,False,0.38639896361034426,1.0411238569863828,4236,4486,False,False,False,False
6795,CSS_J024919.2+250029,EW,EW,False,False,0.3699215908991066,1.0547069859722824,6104,3893,False,False,False,False
6796,CSS_J115224.9-102950,EW,EW,False,False,0.3598458658196989,1.0518583276429916,7244,4012,False,False,False,False
6797,CSS_J213706.7+160718,EA,EA,False,False,0.5412426307364897,1.0527184166970018,291,3975,False,False,False,False
6798,CSS_J160613.1-162522,EW,EW,False,False,0.4024588175019161,1.5279911338002672,3038,134,False,True,False,False
6799,CSS_J155623.6+384222,EA,EA,False,False,0.3803105830484749,1.081783792936623,4889,2995,False,False,False,False
6800,CSS_J093710.8+432546,RRc,RRc,False,False,0.4278527250374265,1.0876622853215936,1925,2842,False,False,False,False
6801,CSS_J133431.0+494848,EW,EW,False,False,0.3625807880432554,1.0994271010589636,6946,2553,False,False,False,False
6802,CSS_J174959.0+322658,EW,EW,False,False,0.38862798360014306,1.0174813977235302,4031,5682,False,False,False,False
6803,CSS_J055431.9-192906,RRab,RRab,False,False,0.45573698163907256,1.2820249898203402,1198,599,False,False,False,False
6804,CSS_J220338.0+015346,EW,EW,False,False,0.3743621435872256,0.9893827592663389,5549,7344,False,False,False,False
6805,CSS_J143843.7+485949,RRc,EW,True,False,0.3900395376919647,1.0121144291015434,3899,5997,False,False,False,False
6806,CSS_J013101.8+441449,EW,EW,False,False,0.39563948509012015,1.625430846557455,3456,73,False,True,False,False
6807,CSS_J034657.1+332649,EW,EW,False,False,0.3876292333919661,1.021536153690009,4119,5444,False,False,False,False
6808,CSS_J222642.1+142243,RS CVn,RS CVn,False,True,0.4025244222799814,1.2477456659898507,3033,767,False,False,False,False
6809,CSS_J072134.3+375224,EW,EW,False,False,0.41553379810861574,1.2141279329691312,2375,986,False,False,False,False
6810,CSS_J033934.5-044224,EW,EW,False,False,0.39103709284436133,1.0181798274209346,3829,5632,False,False,False,False
6811,CSS_J151031.3-110845,EW,EW,False,False,0.3560592752776322,1.120129326191773,7611,2096,False,False,False,False
6812,CSS_J145149.3+515053,EW,EW,False,False,0.3604562841055554,1.0829292746850385,7183,2962,False,False,False,False
6813,CSS_J074928.9+473432,EA,EA,False,False,0.41845327247498126,1.0112099092613547,2261,6055,False,False,False,False
6814,CSS_J222710.0-183656,RRab,RRab,False,False,0.3925305730588255,1.0053671787420064,3708,6450,False,False,False,False
6815,CSS_J213653.9+064748,EW,EW,False,False,0.3695046216097511,1.1156788709641692,6152,2188,False,False,False,False
6816,CSS_J034625.2+294443,EW,EW,False,False,0.5099440024650046,1.9534984089346465,461,24,False,True,False,False
6817,CSS_J165500.2+152327,EW,EW,False,False,0.3871179231576406,1.0959505794596323,4167,2631,False,False,False,False
6818,CSS_J033938.4+391343,EW,EW,False,False,0.4010345859627341,1.1045999166895362,3108,2416,False,False,False,False
6819,CSS_J092759.1+032530,EW,EW,False,False,0.36715997693816643,1.022910075318292,6438,5365,False,False,False,False
6820,CSS_J073827.2+213317,EW,RS CVn,True,False,0.6351021554552346,2.3742692966378405,92,5,True,True,True,False
6821,CSS_J135205.0+524819,RRc,RRc,False,False,0.3855830427941554,0.9996237468156922,4324,6785,False,False,False,False
6822,CSS_J113514.2-102653,EW,EW,False,False,0.36107136592146455,1.190076471414828,7110,1155,False,False,False,False
6823,CSS_J044850.6-012507,EW,EW,False,False,0.36946786988637675,0.9586830732070745,6157,7999,False,False,False,False
6824,CSS_J004730.6+252236,EA,EA,False,False,0.40946748929984633,0.9987036712615378,2672,6830,False,False,False,False
6825,CSS_J032842.8+230011,EW,EW,False,False,0.37778276980992587,1.1325946680413983,5158,1889,False,False,False,False
6826,CSS_J044834.8+051543,EW,EW,False,False,0.39317131043489395,1.019708182613853,3651,5539,False,False,False,False
6827,CSS_J090811.2-064456,EW,EW,False,False,0.3892501596618352,1.0530338109604802,3967,3954,False,False,False,False
6828,CSS_J041216.6+221115,EW,EW,False,False,0.4880644565215884,1.059822172176263,660,3695,False,False,False,False
6829,CSS_J215658.4+143714,EW,EA,True,False,0.4930928760330624,1.0949468905528665,606,2648,False,False,False,False
6830,CSS_J052213.1-024311,EW,EW,False,False,0.3929509717712279,1.2198936827810245,3672,942,False,False,False,False
6831,CSS_J024636.8-031252,EW,EW,False,False,0.3789082455312052,1.0574070858476388,5029,3792,False,False,False,False
6832,CSS_J080058.2+231537,EW,EW,False,False,0.3710934318189464,1.0020466393048417,5966,6648,False,False,False,False
6833,CSS_J080303.6+233051,EW,EW,False,False,0.3737825080349483,1.0175457100777656,5619,5678,False,False,False,False
6834,CSS_J214741.8+204150,EW,EW,False,False,0.36286945356594996,1.0097858387038665,6916,6144,False,False,False,False
6835,CSS_J201125.1-125956,RRab,RRab,False,False,0.431204259442349,1.2909303311750036,1814,570,False,False,False,False
6836,CSS_J230145.4+350726,EW,EW,False,False,0.3547923495084796,1.0770899954973534,7696,3137,False,False,False,False
6837,CSS_J171424.4+223048,EW,EW,False,False,0.36968051247301936,1.0274371844481156,6129,5133,False,False,False,False
6838,CSS_J093804.9+044759,EW,EW,False,False,0.374009530163371,1.1757181507186454,5590,1303,False,False,False,False
6839,CSS_J170637.4+410550,EW,EW,False,False,0.38036640555692963,1.0515357047172855,4880,4027,False,False,False,False
6840,CSS_J053313.9+032842,EW,EW,False,False,0.39765912542774506,1.4562540519458973,3323,203,False,False,False,False
6841,CSS_J052632.7+034935,EW,EW,False,False,0.39772386262705695,1.1416575664146553,3320,1743,False,False,False,False
6842,CSS_J165300.8+265356,EW,EW,False,False,0.5181055961233838,1.120324980822248,406,2091,False,False,False,False
6843,CSS_J172849.9+182018,EW,EW,False,False,0.35476597542789196,1.0914462058502103,7699,2733,False,False,False,False
6844,CSS_J092818.7+111956,EW,EW,False,False,0.39034437006479306,1.033533698978089,3878,4840,False,False,False,False
6845,CSS_J041638.4+241856,EW,EW,False,False,0.4031230533816803,1.0113670200447764,2993,6047,False,False,False,False
6846,CSS_J152104.0+264919,EW,EW,False,False,0.3905379131272796,1.5988513169916352,3863,85,False,True,False,False
6847,CSS_J085216.8+114831,EW,EW,False,False,0.42973974823274963,1.0596919493174366,1865,3701,False,False,False,False
6848,CSS_J220415.9+012801,EW,EA,True,False,0.4120754175759902,0.9798994303054472,2541,7762,False,False,False,False
6849,CSS_J045008.3-111628,EW,EW,False,False,0.3587400189408725,1.0405351816945074,7349,4510,False,False,False,False
6850,CSS_J075536.7+153702,RRab,RRab,False,False,0.5460753153258241,1.0889336308283644,271,2805,False,False,False,False
6851,CSS_J075022.9+264429,EW,EW,False,False,0.379482132872314,1.0830386600945343,4976,2957,False,False,False,False
6852,CSS_J040106.9-124914,EW,EW,False,False,0.36786451234331197,1.026275473753543,6361,5193,False,False,False,False
6853,CSS_J163103.0+624639,EW,EW,False,False,0.3907770380184012,1.0367200539535457,3846,4682,False,False,False,False
6854,CSS_J073000.3+300150,EW,EW,False,False,0.42302524617126924,1.1022830276329119,2090,2475,False,False,False,False
6855,CSS_J050422.0+165706,EW,EA,True,False,0.4304958193184052,1.11267949990023,1837,2249,False,False,False,False
6856,CSS_J065137.1+385406,EW,EW,False,False,0.38326480791226747,1.1010862586142987,4575,2510,False,False,False,False
6857,CSS_J220715.4+220318,EW,EW,False,False,0.3629225638332206,1.2771130413604355,6909,615,False,False,False,False
6858,CSS_J152320.8+071237,EW,EW,False,False,0.6234236129292304,1.0116567663667628,105,6028,True,False,False,False
6859,CSS_J215635.1-041027,EW,EW,False,False,0.48235843584491406,2.3578881097846325,749,7,False,True,False,False
6860,CSS_J113043.3+515425,EW,EW,False,False,0.3667522450404519,1.044395943255134,6494,4346,False,False,False,False
6861,CSS_J175541.8+342625,EW,EW,False,False,0.3751398073810097,1.00444079237209,5450,6504,False,False,False,False
6862,CSS_J051544.2+203746,EW,EW,False,False,0.3942290919610506,1.0563075578444632,3571,3829,False,False,False,False
6863,CSS_J230656.4+382923,EW,EW,False,False,0.3761783427656429,1.0224001010950103,5338,5397,False,False,False,False
6864,CSS_J085125.5-050404,RS CVn,RS CVn,False,True,0.4016761101071654,1.1067386467628098,3079,2373,False,False,False,False
6865,CSS_J164138.4+084437,RRc,RRc,False,False,0.39887457141944704,1.0431787690467402,3239,4393,False,False,False,False
6866,CSS_J224135.5+384022,EW,EW,False,False,0.39453725170751786,1.6906611192235714,3552,62,False,True,False,False
6867,CSS_J214158.6-030319,EW,EW,False,False,0.3827996450490831,1.1226910634243663,4621,2039,False,False,False,False
6868,CSS_J082754.0+152157,EW,EW,False,False,0.41008689670847975,1.3204494278837207,2644,450,False,False,False,False
6869,CSS_J011833.0+441606,EW,EW,False,False,0.3877906774767132,1.0372199158674622,4103,4656,False,False,False,False
6870,CSS_J085359.2+331538,EA,EA,False,False,0.5211456258366096,1.0238468845867224,389,5321,False,False,False,False
6871,CSS_J225442.2+220823,EW,EW,False,False,0.3706121352607886,0.985666783337478,6025,7546,False,False,False,False
6872,CSS_J052358.7-020538,EW,EW,False,False,0.3940384084686037,1.0705214499634619,3584,3321,False,False,False,False
6873,CSS_J222341.2+232414,EW,EW,False,False,0.36193095687799026,1.0186278646400857,7008,5597,False,False,False,False
6874,CSS_J215405.2-050804,RRc,EW,True,False,0.37074717166240123,1.0601578715092088,6012,3678,False,False,False,False
6875,CSS_J204238.6-181345,RRc,RRc,False,False,0.4094080749292907,1.0296378753354938,2675,5022,False,False,False,False
6876,CSS_J235634.2-192057,RRab,RRab,False,False,0.4383723440087372,0.9989865432575147,1617,6814,False,False,False,False
6877,CSS_J082812.0+371348,EW,EW,False,False,0.36069838331297543,1.0308452506680625,7153,4979,False,False,False,False
6878,CSS_J035642.8-192717,EW,EW,False,False,0.4489507867472437,1.1576270892105427,1351,1531,False,False,False,False
6879,CSS_J052412.4+002010,EW,EW,False,False,0.39228790447215744,1.0147844509429584,3724,5827,False,False,False,False
6880,CSS_J161743.2+265931,EW,EW,False,False,0.4447883820586766,1.0921545848215333,1452,2714,False,False,False,False
6881,CSS_J025200.5+061758,EW,EW,False,False,0.3763263473577695,0.9796383250947344,5316,7773,False,False,False,False
6882,CSS_J080724.7+164610,EW,EW,False,False,0.37746659328105203,1.0026201725962276,5187,6609,False,False,False,False
6883,CSS_J170137.5-021801,RRc,EW,True,False,0.35473017109328453,1.1282254712965938,7702,1950,False,False,False,False
6884,CSS_J003909.9+410422,EW,EW,False,False,0.3589284485344855,1.0526359516037938,7332,3985,False,False,False,False
6885,CSS_J041938.4+255141,EW,EW,False,False,0.46522639106174696,1.1213818199609866,1027,2068,False,False,False,False
6886,CSS_J153122.4+154249,EA,EW,True,False,0.4179888652640198,1.263605299742651,2283,685,False,False,False,False
6887,CSS_J090318.8+351256,EW,EW,False,False,0.46526130755629164,1.1126029563986737,1025,2251,False,False,False,False
6888,CSS_J230314.0+040103,EW,EW,False,False,0.3613359880522771,0.9806431164288814,7074,7741,False,False,False,False
6889,CSS_J225923.1+041017,EW,EW,False,False,0.3729757912260786,1.1636945156533152,5713,1452,False,False,False,False
6890,CSS_J173430.9+271806,EW,EW,False,False,0.361886178070869,1.0447387959332814,7014,4327,False,False,False,False
6891,CSS_J232701.0+254514,EW,EW,False,False,0.41510634635543875,1.040100491337534,2393,4528,False,False,False,False
6892,CSS_J214811.4-010102,EW,EW,False,False,0.39214482427559255,1.0501637240527197,3737,4083,False,False,False,False
6893,CSS_J002906.8+292916,EW,EW,False,False,0.394574308881594,1.0138057115145718,3548,5893,False,False,False,False
6894,CSS_J110236.2+205117,EW,EW,False,False,0.45761841776191964,1.0797182749841057,1163,3054,False,False,False,False
6895,CSS_J113516.4+153035,RRc,RRc,False,False,0.3798918497483025,0.9886516003305582,4937,7378,False,False,False,False
6896,CSS_J220227.1+072341,EW,EW,False,False,0.3545555218707984,0.9829531251161427,7719,7662,False,False,False,False
6897,CSS_J083149.4+253555,EW,EW,False,False,0.4865826783969506,1.1037560095819576,681,2433,False,False,False,False
6898,CSS_J230119.1+193357,EA,EA,False,False,0.4180110388027532,0.9971182203716037,2282,6918,False,False,False,False
6899,CSS_J102545.6-142013,RRab,RRab,False,False,0.4447824727394357,1.056042712219408,1453,3844,False,False,False,False
6900,CSS_J214106.5-092259,EW,EW,False,False,0.41093422792475937,1.0527329661518254,2607,3973,False,False,False,False
6901,CSS_J011435.1+395617,EW,EW,False,False,0.3546590019146949,0.9778932458514203,7707,7826,False,False,False,False
6902,CSS_J011846.7+324846,EW,EW,False,False,0.37189296354169077,1.1825979166264722,5839,1238,False,False,False,False
6903,CSS_J211646.6-051715,EA,EA,False,False,0.4288387182640205,1.101567494408242,1890,2498,False,False,False,False
6904,CSS_J102411.7+121254,EW,EW,False,False,0.4787323896310742,1.1043477402422466,808,2423,False,False,False,False
6905,CSS_J052052.6+110739,EW,EW,False,False,0.36113073239672655,1.0104198622329004,7103,6113,False,False,False,False
6906,CSS_J072031.9+433903,EW,EW,False,False,0.39728882595814424,1.2792564647246676,3349,607,False,False,False,False
6907,CSS_J100314.8+025402,EW,EW,False,False,0.40763184714025835,1.0464795118178947,2758,4245,False,False,False,False
6908,CSS_J153952.0-065033,EW,EW,False,False,0.37988057595018687,1.1695541910422096,4938,1377,False,False,False,False
6909,CSS_J160519.8-082814,RS CVn,EW,True,True,0.38738132547180165,1.4274559596761363,4139,230,False,False,False,False
6910,CSS_J003604.4-010814,EW,EW,False,False,0.36813225623549745,1.047849688658834,6329,4181,False,False,False,False
6911,CSS_J165346.0+104245,EW,EW,False,False,0.3713063738529631,0.9984074433252259,5935,6854,False,False,False,False
6912,CSS_J161726.1-080457,EW,EA,True,False,0.4185165915457834,1.2428844262162957,2257,795,False,False,False,False
6913,CSS_J203522.1-041821,EW,RRc,True,False,0.36552983825091095,1.1337594386978784,6633,1867,False,False,False,False
6914,CSS_J043250.0+105240,EW,EW,False,False,0.361435736459229,0.9969606978279663,7066,6926,False,False,False,False
6915,CSS_J224327.9+342148,EA,EA,False,False,0.6119867825049915,1.2277893964771862,121,878,True,False,False,False
6916,CSS_J052400.7-021241,RS CVn,EW,True,True,0.44766305822715197,1.50159342551429,1378,162,False,False,False,False
6917,CSS_J165313.5-015737,RRab,EW,True,False,0.40479329139833387,1.4493175682281079,2900,211,False,False,False,False
6918,CSS_J062939.5+592749,EW,EW,False,False,0.35869985739793386,0.9798043575051569,7353,7765,False,False,False,False
6919,CSS_J163841.9+001612,EW,EW,False,False,0.3634837444769564,0.991167191364686,6850,7250,False,False,False,False
6920,CSS_J040828.3-042552,EW,EW,False,False,0.36696862541768493,1.022759485283193,6459,5375,False,False,False,False
6921,CSS_J024224.3+231103,EW,EW,False,False,0.4077665204902068,1.0314362439817164,2751,4947,False,False,False,False
6922,CSS_J151547.2-131040,RRc,RRc,False,False,0.39528037415494643,1.0098685139151748,3487,6138,False,False,False,False
6923,CSS_J173158.4+261754,EW,EW,False,False,0.3781744409146891,1.0037046931920064,5105,6546,False,False,False,False
6924,CSS_J074720.8+232444,EW,EW,False,False,0.39201058639457886,1.0037201534443838,3746,6544,False,False,False,False
6925,CSS_J113933.0+252629,RRc,RRc,False,False,0.3857926432942777,1.1305480084447417,4308,1921,False,False,False,False
6926,CSS_J111234.9+034225,EW,EW,False,False,0.34872584140632334,1.021304685199345,7974,5455,False,False,False,False
6927,CSS_J144550.5+002619,EW,EW,False,False,0.35346336379417254,0.9817454533711079,7792,7711,False,False,False,False
6928,CSS_J035353.7+275401,EW,EW,False,False,0.3794407854245106,1.0011379574074315,4982,6689,False,False,False,False
6929,CSS_J223500.3-020713,RRc,RRab,True,False,0.5433489189554235,1.4657192409245028,280,185,False,False,False,False
6930,CSS_J003013.1+425110,EW,EW,False,False,0.3695102796651393,1.0198289298120273,6151,5534,False,False,False,False
6931,CSS_J232915.7+135239,EW,EW,False,False,0.3477687714614451,1.0387198885727293,7991,4592,False,False,False,False
6932,CSS_J114038.8-112855,EW,EW,False,False,0.37325735076298855,1.1231443641925583,5683,2033,False,False,False,False
6933,CSS_J002234.2+364349,EW,EW,False,False,0.3765020658567879,1.1203444897500592,5298,2090,False,False,False,False
6934,CSS_J220341.8+054506,RRab,RRab,False,False,0.4105069321931941,1.0322936536188985,2625,4903,False,False,False,False
6935,CSS_J014741.7+373209,EW,EW,False,False,0.39320528536379495,0.9813851193798655,3648,7720,False,False,False,False
6936,CSS_J111241.7-065541,EW,EW,False,False,0.3883764970644275,1.0805519816702558,4049,3026,False,False,False,False
6937,CSS_J025644.1+035236,EW,EW,False,False,0.38239485145944807,1.0302021449246404,4655,5010,False,False,False,False
6938,CSS_J013707.4-051103,EW,EW,False,False,0.38074409951741833,1.3363899917821185,4838,412,False,False,False,False
6939,CSS_J173031.6+372257,EW,EW,False,False,0.38223379096149884,1.0495799053724837,4669,4110,False,False,False,False
6940,CSS_J063649.6+495205,EW,EW,False,False,0.42259196684518785,1.3872821022761224,2109,300,False,False,False,False
6941,CSS_J214839.5+084340,EW,EW,False,False,0.3510646828181043,0.9806659670373046,7910,7739,False,False,False,False
6942,CSS_J212619.4+061915,EW,EW,False,False,0.39159174747411024,1.0488811849979052,3781,4136,False,False,False,False
6943,CSS_J143403.8-032246,EA,EA,False,False,0.4112206486125827,0.992787850813636,2584,7149,False,False,False,False
6944,CSS_J044157.2+273706,EW,EW,False,False,0.3748992552367886,1.0470855951930458,5484,4219,False,False,False,False
6945,CSS_J160948.4+164603,EW,EW,False,False,0.3937933749879208,1.1079397767328636,3612,2348,False,False,False,False
6946,CSS_J165908.2+542731,EW,EW,False,False,0.3634404378610731,1.0623339051702811,6853,3616,False,False,False,False
6947,CSS_J215842.8-053537,EW,EW,False,False,0.3705937654333317,1.055602432429464,6026,3859,False,False,False,False
6948,CSS_J005227.1+185149,EW,EW,False,False,0.39482376514816864,1.1292693937061205,3523,1936,False,False,False,False
6949,CSS_J132252.4-021304,EW,EW,False,False,0.4261722566734293,1.0699455701871219,1976,3339,False,False,False,False
6950,CSS_J180905.3+355533,EW,EW,False,False,0.37180144479330707,1.1272131558224676,5863,1970,False,False,False,False
6951,CSS_J041346.9+264326,EW,EW,False,False,0.36437365053857107,1.013591903258741,6753,5903,False,False,False,False
6952,CSS_J232028.1+381709,EA,EA,False,False,0.39643411307652726,1.0189382316893167,3400,5586,False,False,False,False
6953,CSS_J122229.9+030454,RRab,RRab,False,False,0.49439513962776516,1.9507630165240601,586,26,False,True,False,False
6954,CSS_J161121.0-131605,RRc,RRc,False,False,0.38988309541108096,1.1675355460065098,3913,1402,False,False,False,False
6955,CSS_J142743.8+575952,EW,EW,False,False,0.4292250437811523,1.0497858480206799,1879,4099,False,False,False,False
6956,CSS_J225551.7-095704,EW,EW,False,False,0.3656390680289996,1.0454886698523063,6623,4291,False,False,False,False
6957,CSS_J012840.6+385930,EW,EW,False,False,0.3602861164808118,1.096760154511794,7198,2615,False,False,False,False
6958,CSS_J144001.1+071530,EW,EW,False,False,0.3790149935558764,1.0388146810235,5019,4584,False,False,False,False
6959,CSS_J052646.8+102254,EW,EA,True,False,0.3887227207580653,1.065984831957941,4019,3493,False,False,False,False
6960,CSS_J030015.7+234349,EW,EW,False,False,0.37100202236019275,1.1079663087611542,5975,2347,False,False,False,False
6961,CSS_J073442.7+631508,EW,EW,False,False,0.355159678677269,1.1402717200601937,7666,1761,False,False,False,False
6962,CSS_J043921.1+171630,EW,EW,False,False,0.36879930031332736,1.0373334352549164,6233,4651,False,False,False,False
6963,CSS_J114841.5-025110,RRab,RRab,False,False,0.3776317790038852,1.1384705738879617,5174,1786,False,False,False,False
6964,CSS_J235033.5+440613,RRc,RRc,False,False,0.3815189357564328,1.049271257920149,4747,4123,False,False,False,False
6965,CSS_J120439.2+120852,EA,EA,False,False,0.4911326999977512,1.0683844935781948,629,3396,False,False,False,False
6966,CSS_J162905.6+200905,RRc,RRc,False,False,0.4233458340668025,1.0388769179843222,2070,4582,False,False,False,False
6967,CSS_J010752.0+230217,EW,EW,False,False,0.399848909826811,0.988192642223534,3179,7403,False,False,False,False
6968,CSS_J142907.8+391357,EW,EW,False,False,0.3906798746732271,1.5639015720790836,3853,106,False,True,False,False
6969,CSS_J163054.1-140622,RRab,RRab,False,False,0.467581941043939,1.0028897686412557,981,6591,False,False,False,False
6970,CSS_J153141.7+632014,RRab,RRab,False,False,0.3632845598186894,1.0991357224639833,6870,2558,False,False,False,False
6971,CSS_J154911.6-164332,RRab,RRab,False,False,0.5078385757782292,1.0612240226322,478,3651,False,False,False,False
6972,CSS_J082741.4+492615,EW,EW,False,False,0.35052496817154016,1.0292951786543563,7933,5046,False,False,False,False
6973,CSS_J154522.1+404212,EW,EW,False,False,0.37521613075774113,0.9998091248104494,5441,6773,False,False,False,False
6974,CSS_J162023.9-161606,RRc,RRc,False,False,0.35921243384882784,0.9659821377033204,7309,7984,False,False,False,False
6975,CSS_J011349.3+414813,EW,EW,False,False,0.36902094994783685,0.9765092183532342,6215,7854,False,False,False,False
6976,CSS_J012107.1+414953,EW,EA,True,False,0.38612932577433723,0.9682103840847551,4264,7971,False,False,False,False
6977,CSS_J214820.2+014236,EW,EW,False,False,0.3911149849042061,0.9862455635514848,3825,7515,False,False,False,False
6978,CSS_J104843.1+171922,EW,EW,False,False,0.3796658184778146,0.9882741500980771,4962,7400,False,False,False,False
6979,CSS_J153311.9-175822,RRab,RRab,False,False,0.44843991424677665,1.0242557135481116,1359,5302,False,False,False,False
6980,CSS_J150333.0+125339,EW,EW,False,False,0.3819689333571491,1.0910921328321732,4692,2739,False,False,False,False
6981,CSS_J084501.6+375152,EW,EW,False,False,0.37184664452584987,0.9853439520737609,5848,7562,False,False,False,False
6982,CSS_J115359.1+101258,RRab,RRab,False,False,0.39428116885993403,1.0180245857847257,3568,5641,False,False,False,False
6983,CSS_J052748.1+120316,EW,EW,False,False,0.3907795582286071,1.0819911033675595,3845,2992,False,False,False,False
6984,CSS_J060128.9+642417,EW,EW,False,False,0.3560926204005597,0.9906987937209143,7607,7272,False,False,False,False
6985,CSS_J074857.0+411127,EW,EW,False,False,0.41932536626698647,1.0088008832676332,2232,6205,False,False,False,False
6986,CSS_J033128.9+341747,EW,EW,False,False,0.4430245306209324,1.146483053572908,1504,1686,False,False,False,False
6987,CSS_J212721.1-190758,RRc,RRd,True,False,0.4054307902132162,1.3995616028881324,2864,275,False,False,False,False
6988,CSS_J034957.0+365519,EW,EW,False,False,0.3873624651263737,1.0806418586987678,4141,3024,False,False,False,False
6989,CSS_J225852.4+204336,EW,EW,False,False,0.37809947943183625,1.0240117683338954,5114,5314,False,False,False,False
6990,CSS_J144345.3+052542,RRd,RRc,True,True,0.3713273721436083,0.9902138750096139,5928,7303,False,False,False,False
6991,CSS_J214409.8+151443,EW,EW,False,False,0.37265520187036133,0.987380329753452,5742,7447,False,False,False,False
6992,CSS_J140550.1+165216,RRab,RRab,False,False,0.39037890741512765,1.0343097937665546,3875,4797,False,False,False,False
6993,CSS_J012819.2+210928,EA,EA,False,False,0.4280702047095376,1.0194405542908775,1913,5552,False,False,False,False
6994,CSS_J051930.2+214406,EW,EW,False,False,0.38605430605214813,1.0531130962190844,4274,3942,False,False,False,False
6995,CSS_J152234.7-133233,EW,EW,False,False,0.34874568721577653,1.0933014110969892,7973,2683,False,False,False,False
6996,CSS_J222528.5-064258,EA,EA,False,False,0.4127571171513503,1.0731566055903188,2513,3243,False,False,False,False
6997,CSS_J073737.6+413535,EW,EW,False,False,0.40712660243920057,1.2910275953121058,2779,569,False,False,False,False
6998,CSS_J213213.3-131540,EW,EW,False,False,0.3800840356585571,1.0086936180381212,4909,6216,False,False,False,False
6999,CSS_J213621.7+071608,EW,EW,False,False,0.376485555182811,1.0257058074488101,5302,5228,False,False,False,False
7000,CSS_J081235.0+562037,RRab,RRab,False,False,0.45049122581521445,1.0387548934862434,1319,4589,False,False,False,False
7001,CSS_J044750.1+123321,EW,EW,False,False,0.3649769406805519,1.08122521739318,6693,3014,False,False,False,False
7002,CSS_J040800.1+245353,EW,EW,False,False,0.3765038539271314,1.0413022928152642,5297,4477,False,False,False,False
7003,CSS_J171031.2+092631,EW,EW,False,False,0.35767426544938563,1.128182768327075,7460,1951,False,False,False,False
7004,CSS_J010515.8-094010,EW,EW,False,False,0.5186259155502454,1.848806655794844,401,34,False,True,False,False
7005,CSS_J201323.9-143703,RRab,RRab,False,False,0.4206147170143968,1.1243957070162667,2175,2019,False,False,False,False
7006,CSS_J081026.6+040257,EW,EW,False,False,0.4460947362377305,1.207001612373578,1416,1037,False,False,False,False
7007,CSS_J143148.6+262952,EW,EW,False,False,0.3678188369609338,1.062851854541407,6368,3595,False,False,False,False
7008,CSS_J043011.9-143202,EW,EW,False,False,0.3933975342284715,1.0084498534845028,3640,6232,False,False,False,False
7009,CSS_J162939.8-061552,EW,EW,False,False,0.45113691127023026,1.0319716387167646,1305,4924,False,False,False,False
7010,CSS_J104456.5-081219,EW,EW,False,False,0.38012490666979765,1.3408669928746235,4902,405,False,False,False,False
7011,CSS_J084706.4-072822,EW,EW,False,False,0.36415711719093435,1.0102649604540348,6772,6122,False,False,False,False
7012,CSS_J112651.8-084110,EW,EW,False,False,0.3743569751583967,1.1311370609019524,5550,1916,False,False,False,False
7013,CSS_J072438.5+434534,EW,EW,False,False,0.4289288034913622,1.2633784062190494,1889,689,False,False,False,False
7014,CSS_J171014.3+303403,EW,EW,False,False,0.3914349816607673,1.1946340958719854,3795,1123,False,False,False,False
7015,CSS_J231752.6+312741,EW,EW,False,False,0.4141542029460392,1.1483370875721426,2441,1654,False,False,False,False
7016,CSS_J144201.6-072945,EW,EW,False,False,0.4464194839518733,1.2215658977605786,1408,925,False,False,False,False
7017,CSS_J170612.8+284058,EW,EW,False,False,0.35715116856513296,1.0133494711189206,7504,5918,False,False,False,False
7018,CSS_J092550.8-122621,EW,EW,False,False,0.3909689789175741,1.1476569491713629,3835,1667,False,False,False,False
7019,CSS_J050000.3-053328,EW,EW,False,False,0.36247678809431655,1.1409187665610898,6952,1752,False,False,False,False
7020,CSS_J142226.3-044350,RRab,RRab,False,False,0.46932143202003446,1.064500383211856,948,3538,False,False,False,False
7021,CSS_J041310.2+250416,EW,EW,False,False,0.4100125893491276,1.1328550617539108,2648,1882,False,False,False,False
7022,CSS_J080633.5+075519,EA,EA,False,False,0.4391559283674296,1.1816372328366678,1597,1245,False,False,False,False
7023,CSS_J023514.9-123930,EW,EW,False,False,0.3533505891482912,1.0515269450084124,7799,4028,False,False,False,False
7024,CSS_J083745.8+092102,EA,EA,False,False,0.41545674827961154,1.134451575937319,2380,1858,False,False,False,False
7025,CSS_J164649.5+251019,EW,EW,False,False,0.41426391204885915,1.0184276337465032,2433,5611,False,False,False,False
7026,CSS_J042652.1+071337,EA,EA,False,False,0.4875863789955945,1.0146452927707648,669,5838,False,False,False,False
7027,CSS_J113949.1-065206,EW,EW,False,False,0.412267765663182,1.2428873984067026,2533,794,False,False,False,False
7028,CSS_J150033.6+154624,RRab,RRab,False,False,0.4758559439969973,1.0713283739842687,845,3294,False,False,False,False
7029,CSS_J020011.9+304132,EW,EW,False,False,0.36071241400291937,0.9937107930985386,7150,7103,False,False,False,False
7030,CSS_J064256.7+404137,EW,EW,False,False,0.3549274851226235,0.9973986149676968,7685,6902,False,False,False,False
7031,CSS_J212708.0-042049,EW,EW,False,False,0.3840895095895015,1.0253453018497491,4476,5247,False,False,False,False
7032,CSS_J002003.1+112338,RRc,RRc,False,False,0.37566803559479134,1.0598727519155007,5405,3691,False,False,False,False
7033,CSS_J165506.3+492831,EW,EW,False,False,0.3816342071940199,1.0821226191799431,4734,2986,False,False,False,False
7034,CSS_J003509.4-155006,RRc,EW,True,False,0.38918331905953185,1.274142546833173,3978,634,False,False,False,False
7035,CSS_J032140.2+371636,EW,EW,False,False,0.371883434490832,1.0060473866558597,5842,6391,False,False,False,False
7036,CSS_J050548.2-151744,EW,EW,False,False,0.3604803590311512,1.0453325223895933,7181,4299,False,False,False,False
7037,CSS_J042152.3+301217,EW,EW,False,False,0.3655231722614174,0.9706678799913175,6635,7950,False,False,False,False
7038,CSS_J050954.6+183511,EW,EW,False,False,0.37787689573045585,1.0418751389532366,5145,4461,False,False,False,False
7039,CSS_J003401.9+051557,EA,EA,False,False,0.447641920422657,1.020944888157997,1380,5475,False,False,False,False
7040,CSS_J054353.0+014433,EW,EW,False,False,0.3610095185521908,1.042405583548956,7121,4443,False,False,False,False
7041,CSS_J154057.0+150855,RRc,RRc,False,False,0.3738451299067673,0.9946683329554015,5611,7056,False,False,False,False
7042,CSS_J050302.6-074527,EW,EW,False,False,0.3654322447871958,1.182115558533758,6640,1242,False,False,False,False
7043,CSS_J100957.3+064430,EA,EA,False,False,0.4016416520956061,0.9908263290650898,3081,7265,False,False,False,False
7044,CSS_J145412.9+161932,RRc,RRc,False,False,0.42792994687343894,1.0107318165641594,1919,6099,False,False,False,False
7045,CSS_J050212.9+101627,EA,EA,False,False,0.4657474534511798,1.1371791963671811,1015,1807,False,False,False,False
7046,CSS_J213927.5+202145,EW,EW,False,False,0.3683938122643139,0.9789304452977939,6295,7796,False,False,False,False
7047,CSS_J032438.6-020932,RRc,RRc,False,False,0.4452346721601354,1.4183539280108088,1440,244,False,False,False,False
7048,CSS_J000713.9-134225,EW,EW,False,False,0.3780177903457819,1.090974076602827,5129,2745,False,False,False,False
7049,CSS_J170310.4+030544,EW,EA,True,False,0.3847216542870561,1.0475252478981047,4409,4200,False,False,False,False
7050,CSS_J155535.6-064243,RRab,RRab,False,False,0.5052242909149821,0.9982878420646752,498,6860,False,False,False,False
7051,CSS_J041949.3+285140,EW,EW,False,False,0.38027695122125377,1.0135859539090757,4891,5904,False,False,False,False
7052,CSS_J161829.6+450324,RRc,RRc,False,False,0.37718750895385683,1.1305167041858175,5214,1922,False,False,False,False
7053,CSS_J035928.4+304606,EW,RRc,True,False,0.37350417772079764,0.9895408322115855,5653,7338,False,False,False,False
7054,CSS_J073416.6+475401,EW,EW,False,False,0.3757293613424678,1.0406309188573875,5394,4506,False,False,False,False
7055,CSS_J040218.2+360825,EA,EA,False,False,0.5468832870148664,1.1804402166709562,269,1256,False,False,False,False
7056,CSS_J033633.8-132658,EW,EW,False,False,0.36964240634786366,0.988694311253918,6133,7375,False,False,False,False
7057,CSS_J151955.8-085813,RRc,RRc,False,False,0.39545572253784245,1.059074057014828,3474,3729,False,False,False,False
7058,CSS_J024155.4+212754,RS CVn,RS CVn,False,True,0.3794304440213763,1.0909092133779934,4983,2746,False,False,False,False
7059,CSS_J233019.9+045908,EW,EW,False,False,0.3651635022014143,1.0538609769796718,6669,3919,False,False,False,False
7060,CSS_J211846.4-024909,EA,EA,False,False,0.5402938354006501,1.170088772697512,296,1369,False,False,False,False
7061,CSS_J163637.6+072747,EW,EW,False,False,0.3715582208452079,1.0828511824855727,5896,2963,False,False,False,False
7062,CSS_J071533.7+661925,EW,EW,False,False,0.3590906372180682,1.0511402060133797,7315,4048,False,False,False,False
7063,CSS_J133040.3+073903,EW,EW,False,False,0.36503208020373024,1.0286700234126702,6688,5072,False,False,False,False
7064,CSS_J150113.9-181844,EW,EW,False,False,0.38530843532648623,1.0577284205570785,4348,3778,False,False,False,False
7065,CSS_J051517.9+005435,EW,EW,False,False,0.40981108789559084,1.0515750359171183,2653,4025,False,False,False,False
7066,CSS_J120457.1+515129,RRab,RRab,False,False,0.38516114409093055,1.1371102398603707,4364,1808,False,False,False,False
7067,CSS_J114916.5-192142,EW,EW,False,False,0.39164683165154857,1.074438597282152,3776,3206,False,False,False,False
7068,CSS_J203023.5-183940,EW,EW,False,False,0.4190710112841196,1.1022231174295856,2241,2478,False,False,False,False
7069,CSS_J050801.8+063213,EW,EW,False,False,0.450882431199347,1.0968469845101618,1308,2610,False,False,False,False
7070,CSS_J170008.8-014456,RRc,RRc,False,False,0.3859598510479671,1.3088216686509888,4286,494,False,False,False,False
7071,CSS_J061147.9-062540,EW,EW,False,False,0.37498808197106187,1.1349358291201055,5468,1843,False,False,False,False
7072,CSS_J012617.1-104441,EW,EW,False,False,0.3990193752220655,1.0655164459561857,3228,3506,False,False,False,False
7073,CSS_J145814.8+162425,EW,EW,False,False,0.369738587450333,0.9994821399002273,6122,6792,False,False,False,False
7074,CSS_J042335.9+340209,EW,EW,False,False,0.3594242367192221,0.9745172678226528,7287,7888,False,False,False,False
7075,CSS_J152005.7+445857,RRc,RRc,False,False,0.38437179915594966,1.0080701146033768,4444,6258,False,False,False,False
7076,CSS_J154718.1+362157,EW,EW,False,False,0.4543163174246274,0.9991098701343043,1232,6811,False,False,False,False
7077,CSS_J203743.9-124104,EW,EW,False,False,0.37883331478732335,1.0178102127589188,5039,5659,False,False,False,False
7078,CSS_J100612.8-174421,EW,EW,False,False,0.4025919322669843,1.0821157608518115,3028,2987,False,False,False,False
7079,CSS_J024247.2+221247,EW,RRc,True,False,0.37506690596738873,1.06897024443722,5456,3380,False,False,False,False
7080,CSS_J173945.0+603916,RRab,RRab,False,False,0.41008367317225536,1.0779779022480616,2645,3109,False,False,False,False
7081,CSS_J170603.2-070702,LPV,LPV,False,False,0.7289244027821837,1.0968155017655719,27,2611,True,False,False,False
7082,CSS_J074829.0+315632,EA,EA,False,False,0.4648153758852147,1.0318588276491167,1030,4925,False,False,False,False
7083,CSS_J235501.6+400040,EW,EW,False,False,0.3661452716165177,1.0665694425719574,6563,3464,False,False,False,False
7084,CSS_J100757.0-053218,EW,EW,False,False,0.3724725764717743,1.1514020978119928,5763,1607,False,False,False,False
7085,CSS_J054013.9+071557,EW,EW,False,False,0.46869850102082433,1.2381379698596118,964,810,False,False,False,False
7086,CSS_J035910.4+344618,EW,EW,False,False,0.36803414045191946,0.9888077841197562,6345,7369,False,False,False,False
7087,CSS_J081246.0+013550,EW,EW,False,False,0.4791511138426415,1.066913616783967,796,3451,False,False,False,False
7088,CSS_J005146.8+073452,EA,EA,False,False,0.44750947557655946,0.9994525915272302,1386,6795,False,False,False,False
7089,CSS_J163305.4-130204,EW,EW,False,False,0.36087070045705516,1.115296046967791,7134,2200,False,False,False,False
7090,CSS_J234022.9+324930,EW,EW,False,False,0.4030913369297505,1.0438072359285848,2996,4368,False,False,False,False
7091,CSS_J011821.0+375709,EW,EW,False,False,0.37844215203196346,0.9730597365903861,5074,7921,False,False,False,False
7092,CSS_J153629.4+395611,EW,EW,False,False,0.38968409839487156,1.0617932624301634,3933,3639,False,False,False,False
7093,CSS_J084741.9+293150,EA,EA,False,False,0.4069387601518643,1.0004235164309117,2787,6733,False,False,False,False
7094,CSS_J124802.5+373813,RRc,RRc,False,False,0.38182003284815974,0.9792459720441636,4710,7785,False,False,False,False
7095,CSS_J081003.0+210524,EW,EW,False,False,0.4160512330494991,1.0290779578874303,2358,5053,False,False,False,False
7096,CSS_J230910.2+282625,EW,EW,False,False,0.3583156343693589,0.9786767734444544,7399,7804,False,False,False,False
7097,CSS_J180758.5+265201,RRab,RRab,False,False,0.4014803733450015,1.3004518623687504,3092,527,False,False,False,False
7098,CSS_J234125.6+244706,EW,EW,False,False,0.35211267202139224,0.9848527806072841,7859,7593,False,False,False,False
7099,CSS_J172019.0+092540,RRc,EW,True,False,0.36619158006054825,1.070146182089319,6557,3330,False,False,False,False
7100,CSS_J084234.5+402010,EW,EW,False,False,0.35007321368029415,0.9849077007335805,7948,7586,False,False,False,False
7101,CSS_J110504.3+232649,EW,EW,False,False,0.44505660148436693,1.027807402841646,1445,5117,False,False,False,False
7102,CSS_J044402.7+254342,RS CVn,RS CVn,False,True,0.4124404146806949,1.2082602778443698,2527,1031,False,False,False,False
7103,CSS_J002746.4+405042,EW,EW,False,False,0.3542440295861924,1.0485446335496744,7741,4145,False,False,False,False
7104,CSS_J135356.3-102621,RRd,RRc,True,True,0.3833203321407831,1.1876947655944494,4565,1178,False,False,False,False
7105,CSS_J155854.8+122404,RS CVn,RS CVn,False,True,0.4461942241694415,1.4000038454885901,1413,273,False,False,False,False
7106,CSS_J085643.0+432021,RRc,RRc,False,False,0.3831846292659564,1.046807031019962,4586,4230,False,False,False,False
7107,CSS_J064409.7+435634,EW,EW,False,False,0.4094828921018188,1.06269739471233,2671,3603,False,False,False,False
7108,CSS_J070728.9+441108,EW,EW,False,False,0.4313677433680229,1.1512274356980314,1807,1608,False,False,False,False
7109,CSS_J170850.3+344427,EW,EW,False,False,0.363280180520084,1.0028026154848253,6871,6599,False,False,False,False
7110,CSS_J003156.3+353951,EW,EW,False,False,0.37153198690005623,1.0023588762317301,5902,6624,False,False,False,False
7111,CSS_J004633.4-105136,EW,EW,False,False,0.41085763472046877,1.1124587638941543,2613,2257,False,False,False,False
7112,CSS_J103821.1+134124,EW,EW,False,False,0.4690206134823923,1.132983483523244,956,1879,False,False,False,False
7113,CSS_J170049.4+065038,EW,EW,False,False,0.35199549878344966,0.9930371263948482,7863,7135,False,False,False,False
7114,CSS_J083809.9+172931,EW,EA,True,False,0.5120606287034157,1.1401438137872177,439,1764,False,False,False,False
7115,CSS_J162244.1+220040,RRab,RRab,False,False,0.39784021636237116,1.1052354892629712,3314,2406,False,False,False,False
7116,CSS_J083152.1+383214,RRc,EW,True,False,0.4130865108163787,1.2099391986578265,2495,1012,False,False,False,False
7117,CSS_J094623.9-105107,EW,EW,False,False,0.3692874533450602,1.0526542562714916,6186,3984,False,False,False,False
7118,CSS_J001505.0+224800,RRc,EW,True,False,0.3663536047851856,1.0150253199620904,6539,5808,False,False,False,False
7119,CSS_J174219.6+504237,EW,EW,False,False,0.3641753018289964,1.0141616461045344,6771,5869,False,False,False,False
7120,CSS_J093315.7-133529,EW,EA,True,False,0.4351797929905326,1.113337885002142,1689,2237,False,False,False,False
7121,CSS_J043637.1+222449,EA,EA,False,False,0.5716858685926309,1.0510849805509663,190,4049,False,False,False,False
7122,CSS_J151047.0+133453,EW,EW,False,False,0.3835261730946256,1.058979605701985,4541,3735,False,False,False,False
7123,CSS_J121002.7+292746,EW,EW,False,False,0.3562467360637497,1.16690793985742,7595,1416,False,False,False,False
7124,CSS_J034532.8-192725,EW,EW,False,False,0.3864218875934853,1.2195422739153359,4234,943,False,False,False,False
7125,CSS_J235244.9+361808,EW,EW,False,False,0.4204974880145962,1.3013250497545878,2183,525,False,False,False,False
7126,CSS_J232110.0+390215,EW,EW,False,False,0.3951612365229577,0.9836821892390357,3494,7637,False,False,False,False
7127,CSS_J215129.8+105653,EW,EW,False,False,0.37803629636513686,1.1227624580190592,5125,2038,False,False,False,False
7128,CSS_J055714.1-010431,EW,EW,False,False,0.38501029333072145,1.1300975265693356,4379,1927,False,False,False,False
7129,CSS_J120117.2+353128,RRc,RRc,False,False,0.3867791414895232,1.0561056131000923,4194,3841,False,False,False,False
7130,CSS_J125541.8+171045,EW,EW,False,False,0.35097004398746295,1.0048941877428148,7917,6469,False,False,False,False
7131,CSS_J133218.9+073822,RRab,RRab,False,False,0.409000630666176,1.0144011491660077,2695,5854,False,False,False,False
7132,CSS_J090708.0+264440,EW,EW,False,False,0.35359806842007696,1.010658659928306,7785,6107,False,False,False,False
7133,CSS_J081401.2+161935,EW,EW,False,False,0.38646951099850896,1.0377208961892324,4233,4632,False,False,False,False
7134,CSS_J163232.4+504953,EW,EW,False,False,0.3663961463306093,1.4161562732302042,6532,249,False,False,False,False
7135,CSS_J221017.2+242549,EW,EW,False,False,0.35487090222603557,1.0026845412003735,7689,6605,False,False,False,False
7136,CSS_J153616.0+520641,RRab,RRab,False,False,0.47150425673796864,0.9932342052287579,910,7127,False,False,False,False
7137,CSS_J165718.6+040409,EW,EW,False,False,0.36750014044119483,1.0678684876006517,6396,3413,False,False,False,False
7138,CSS_J212457.8+154441,EW,EW,False,False,0.3729518334933799,1.029798687238943,5716,5018,False,False,False,False
7139,CSS_J110821.1-123151,EW,EW,False,False,0.3817020515647528,1.178038459804189,4727,1281,False,False,False,False
7140,CSS_J205357.5-122012,EW,EW,False,False,0.3983301240779531,1.0512142603491408,3283,4041,False,False,False,False
7141,CSS_J213415.9-012743,EW,EW,False,False,0.3650338898644865,1.1206494297946183,6685,2085,False,False,False,False
7142,CSS_J012438.6-021620,EW,EW,False,False,0.40442239877772396,1.1473529257059036,2921,1674,False,False,False,False
7143,CSS_J103820.3+124614,EW,EW,False,False,0.4638897815481724,1.17217869271618,1046,1348,False,False,False,False
7144,CSS_J043449.6+220703,EW,EW,False,False,0.3654235334525949,1.0501133796354218,6641,4086,False,False,False,False
7145,CSS_J225415.1+391519,EW,EW,False,False,0.38320014865569413,1.0929348271006505,4585,2692,False,False,False,False
7146,CSS_J003837.9+301352,EW,EW,False,False,0.3758424671302661,0.9885610244358078,5382,7384,False,False,False,False
7147,CSS_J045805.0-035452,EW,EW,False,False,0.35877497696103916,1.0189703293843189,7343,5580,False,False,False,False
7148,CSS_J220334.8+201111,EW,EW,False,False,0.3566209563226108,0.9872366991336206,7547,7458,False,False,False,False
7149,CSS_J070430.9+583922,EW,EW,False,False,0.36888983442092976,1.0448775100432814,6226,4317,False,False,False,False
7150,CSS_J164928.8-031417,EW,EW,False,False,0.36397183799754607,0.9895467729470662,6798,7336,False,False,False,False
7151,CSS_J081617.5+043621,EW,EW,False,False,0.4156349329869253,1.0509435929603712,2371,4054,False,False,False,False
7152,CSS_J052419.4-034422,EW,EW,False,False,0.3680622462373289,1.139731261797674,6342,1772,False,False,False,False
7153,CSS_J094150.3+325329,RRc,EW,True,False,0.5330879010650643,1.2337288915722902,329,841,False,False,False,False
7154,CSS_J092927.6+075652,EW,EW,False,False,0.38424283264956594,1.0110141230514622,4464,6071,False,False,False,False
7155,CSS_J123011.4-130058,RRc,RRc,False,False,0.4016842949237219,1.0902992459805954,3078,2760,False,False,False,False
7156,CSS_J161045.6+275849,EW,EW,False,False,0.4866402576393357,1.1674946308442258,678,1403,False,False,False,False
7157,CSS_J211613.4+074419,RRc,RRc,False,False,0.3686109121349698,1.1774445543421792,6261,1286,False,False,False,False
7158,CSS_J211644.2-063343,EW,EW,False,False,0.5011527642639224,1.1374632314069486,526,1801,False,False,False,False
7159,CSS_J092954.5+143151,EW,EW,False,False,0.4100987686275231,1.1023190747677631,2642,2474,False,False,False,False
7160,CSS_J172754.4+182327,EW,EW,False,False,0.35613604442171626,1.014690098442961,7603,5837,False,False,False,False
7161,CSS_J213155.2-055002,RS CVn,RS CVn,False,True,0.43104820716661485,1.2360560680140193,1821,820,False,False,False,False
7162,CSS_J095327.9+263520,EA,EW,True,False,0.3901566948861943,0.9734507269234888,3893,7912,False,False,False,False
7163,CSS_J230942.0+254511,EW,EW,False,False,0.3708097661293707,0.985717776110229,6000,7543,False,False,False,False
7164,CSS_J173252.8+633928,EW,EW,False,False,0.35156072848786135,0.9772832818267816,7892,7839,False,False,False,False
7165,CSS_J183401.5+361058,EW,EW,False,False,0.3913322180601729,1.0344805397142975,3803,4781,False,False,False,False
7166,CSS_J112717.2+103511,EW,EW,False,False,0.41815179242699585,1.1156596913122212,2278,2189,False,False,False,False
7167,CSS_J071836.3+570308,EA,EA,False,False,0.4552215243209581,1.0249992895699318,1214,5269,False,False,False,False
7168,CSS_J164850.3+000418,EW,EW,False,False,0.375761726851329,1.008924757155531,5389,6194,False,False,False,False
7169,CSS_J204957.3+043133,RS CVn,EW,True,True,0.40837915343103476,1.0633951270522224,2725,3576,False,False,False,False
7170,CSS_J221012.5-055002,EW,EW,False,False,0.4812875729530653,1.0880321324502629,768,2829,False,False,False,False
7171,CSS_J221311.2-061419,EA,EA,False,False,0.475820032536891,1.025548922517214,847,5236,False,False,False,False
7172,CSS_J103037.6-140509,EW,EW,False,False,0.426694861036276,1.1826800539040598,1963,1236,False,False,False,False
7173,CSS_J054424.8-044740,EW,EW,False,False,0.4157157532501076,0.9912738239815801,2369,7243,False,False,False,False
7174,CSS_J172244.3+420315,EW,EW,False,False,0.3606065783448961,1.0064989353156046,7168,6356,False,False,False,False
7175,CSS_J012123.9+210753,EW,EW,False,False,0.40836527878446954,1.3775874143877973,2726,322,False,False,False,False
7176,CSS_J102916.5-123651,RRc,RRc,False,False,0.3719969953655669,1.1566048438833674,5824,1542,False,False,False,False
7177,CSS_J100350.2+505251,EW,EW,False,False,0.40626525454318646,1.011886186245909,2820,6012,False,False,False,False
7178,CSS_J160142.6-124944,LPV,LPV,False,False,0.693442740981922,1.161196288033769,45,1488,True,False,False,False
7179,CSS_J093006.1+413415,EA,EA,False,False,0.5089739296035289,1.2897901696629368,466,573,False,False,False,False
7180,CSS_J094945.6+130711,EW,EW,False,False,0.3684191582291294,1.0969854282947578,6290,2608,False,False,False,False
7181,CSS_J100316.2+312921,EA,EA,False,False,0.5522498889523074,1.173883691151517,246,1325,False,False,False,False
7182,CSS_J032626.6+232631,EW,EW,False,False,0.40422572414528796,1.045318458431249,2929,4300,False,False,False,False
7183,CSS_J083402.2+181121,EW,EW,False,False,0.5779184925179272,1.0265257529669503,175,5180,False,False,False,False
7184,CSS_J213306.0-014903,EW,EW,False,False,0.36286014691222745,1.1209627795885855,6917,2075,False,False,False,False
7185,CSS_J041638.7+221223,EW,EW,False,False,0.3498121965256733,1.0211968156072788,7954,5464,False,False,False,False
7186,CSS_J160658.8-112950,RRc,RRc,False,False,0.39158825673252257,1.0575383081076317,3782,3783,False,False,False,False
7187,CSS_J123917.3-033041,EW,EW,False,False,0.37552937323222796,1.0831128575341102,5417,2953,False,False,False,False
7188,CSS_J003721.7-051455,EW,EA,True,False,0.4211605043510846,0.9978858796143808,2157,6878,False,False,False,False
7189,CSS_J171117.7+084515,EW,EW,False,False,0.38496037646194925,1.5011469896503864,4384,163,False,False,False,False
7190,CSS_J082915.8+244545,EW,EW,False,False,0.3820615692244502,0.9788897004606021,4683,7797,False,False,False,False
7191,CSS_J175536.0+383737,RS CVn,EW,True,True,0.508130342115351,1.317519211417624,475,459,False,False,False,False
7192,CSS_J080333.0+440415,EW,EW,False,False,0.4063977952411422,1.2294513478627154,2813,864,False,False,False,False
7193,CSS_J231823.3-022107,EW,EW,False,False,0.3991588619625077,1.1208610967895845,3212,2082,False,False,False,False
7194,CSS_J211404.2+052141,RRc,RRc,False,False,0.3757303461003456,1.0122511917625576,5393,5987,False,False,False,False
7195,CSS_J232556.6+290511,RRc,RRc,False,False,0.3636848511284476,1.078758481755452,6828,3087,False,False,False,False
7196,CSS_J230744.1+383047,EW,EW,False,False,0.3710714999254904,1.006641468196983,5969,6343,False,False,False,False
7197,CSS_J085738.2+384033,EW,EW,False,False,0.4201181480374663,0.9943373713253539,2200,7075,False,False,False,False
7198,CSS_J151421.0-062429,EW,EA,True,False,0.45496090791333665,1.0555651268770632,1216,3860,False,False,False,False
7199,CSS_J163116.1-091723,RRab,EW,True,False,0.3816998758703784,1.4375684568642533,4729,223,False,False,False,False
7200,CSS_J003526.9+232131,EW,EW,False,False,0.3657728670906162,0.9781398146433536,6609,7821,False,False,False,False
7201,CSS_J012642.4+340407,RRab,RRab,False,False,0.5814065404179043,1.7992490234599479,165,38,False,True,False,False
7202,CSS_J084320.3+502545,EW,EW,False,False,0.3653718959174907,0.988470952336774,6648,7389,False,False,False,False
7203,CSS_J050516.2+094104,EW,EW,False,False,0.3524610736227824,0.9798042513525909,7841,7766,False,False,False,False
7204,CSS_J115256.5+382741,EW,EW,False,False,0.38816227319236296,1.1816524084743887,4070,1244,False,False,False,False
7205,CSS_J023103.2-031738,RRc,RRc,False,False,0.373733884626107,0.9965352337105398,5627,6950,False,False,False,False
7206,CSS_J041707.6+060524,EW,EW,False,False,0.35606701108902317,1.007387270930605,7610,6302,False,False,False,False
7207,CSS_J145244.4+004135,EW,EW,False,False,0.36625831510104173,1.0364878650217926,6548,4691,False,False,False,False
7208,CSS_J045352.2+173424,EW,EW,False,False,0.37203486615147696,1.0768968673763286,5818,3143,False,False,False,False
7209,CSS_J001437.0+035128,EW,RRc,True,False,0.38516605515131397,0.9841818419291306,4363,7617,False,False,False,False
7210,CSS_J070433.2+360708,RS CVn,EW,True,True,0.6642639050153806,1.1920515157770144,65,1137,True,False,False,False
7211,CSS_J223136.7-073959,EW,EW,False,False,0.47540207740511176,1.078903179581049,852,3081,False,False,False,False
7212,CSS_J162457.3+101609,RRc,RRc,False,False,0.3815490643799065,1.0069619954539148,4743,6325,False,False,False,False
7213,CSS_J074519.7+091446,RRab,RRab,False,False,0.3817759603387062,1.245785823502669,4717,777,False,False,False,False
7214,CSS_J024915.3+321610,EW,EW,False,False,0.37603068408351376,1.012540904243147,5357,5964,False,False,False,False
7215,CSS_J035821.5+224100,EW,EW,False,False,0.37302150644040427,1.0068050098093058,5709,6331,False,False,False,False
7216,CSS_J013426.3+070003,RRab,RRab,False,False,0.4913325422279222,1.0674711210343064,626,3426,False,False,False,False
7217,CSS_J074618.2+321742,EW,EW,False,False,0.3864976627227019,1.0606600303885616,4228,3662,False,False,False,False
7218,CSS_J052018.8-045747,EW,EW,False,False,0.3709529503888827,1.006659533810294,5982,6340,False,False,False,False
7219,CSS_J070144.1+501434,EA,EA,False,False,0.42543943658204125,1.010758899362032,2005,6096,False,False,False,False
7220,CSS_J021644.3-053251,EA,EA,False,False,0.44065141618489273,1.2694616665477718,1560,654,False,False,False,False
7221,CSS_J164335.9+124623,RS CVn,RS CVn,False,True,0.48933939674298477,1.0256689369143237,650,5230,False,False,False,False
7222,CSS_J222420.0+010811,EW,EW,False,False,0.3759499235419552,0.9981641779922222,5367,6868,False,False,False,False
7223,CSS_J135836.1+132612,EW,EW,False,False,0.3634923262814977,1.1129780977540649,6849,2240,False,False,False,False
7224,CSS_J013117.0+302708,EW,EW,False,False,0.45056051268277325,1.141656098415997,1317,1744,False,False,False,False
7225,CSS_J053500.4+012330,EW,EW,False,False,0.3749961472105078,1.0898047125713253,5465,2777,False,False,False,False
7226,CSS_J142102.1+045339,EW,EW,False,False,0.3864958413391177,1.0449428840229495,4229,4314,False,False,False,False
7227,CSS_J012950.3+314550,EW,EW,False,False,0.36084414593408665,0.9887616343283538,7138,7372,False,False,False,False
7228,CSS_J171355.1+344253,EW,EW,False,False,0.3794903770381697,1.0237714636466273,4974,5326,False,False,False,False
7229,CSS_J234539.6+181456,EW,EW,False,False,0.3825412567299809,1.0927471792547165,4640,2695,False,False,False,False
7230,CSS_J040212.7+292511,EW,EW,False,False,0.3766062606144031,0.9862674851360531,5285,7513,False,False,False,False
7231,CSS_J172931.6+401030,EW,EW,False,False,0.4181480360067199,1.0670668828188032,2279,3448,False,False,False,False
7232,CSS_J203543.6-163950,EW,EW,False,False,0.3681154456001612,1.003857953417675,6334,6532,False,False,False,False
7233,CSS_J223234.7-115237,EW,EW,False,False,0.37488702059704426,1.0294880223014435,5486,5034,False,False,False,False
7234,CSS_J180015.5+360538,EA,EA,False,False,0.4747811102350688,1.0220264864727973,859,5413,False,False,False,False
7235,CSS_J090132.2+010101,EW,EW,False,False,0.4147021159600474,1.263582845770633,2410,686,False,False,False,False
7236,CSS_J071823.0+370546,EW,EW,False,False,0.3568859750995198,0.9810520810426618,7525,7730,False,False,False,False
7237,CSS_J171842.4+234206,EW,EW,False,False,0.41377512676398825,1.0267936539689961,2458,5166,False,False,False,False
7238,CSS_J163250.5-090909,EW,EW,False,False,0.3667707681328285,1.0054998859400652,6488,6439,False,False,False,False
7239,CSS_J110328.6+093520,EW,EW,False,False,0.3695675817761867,1.096395805072121,6143,2621,False,False,False,False
7240,CSS_J081804.4+204151,EW,EW,False,False,0.4087723201715175,1.0586932815276033,2705,3743,False,False,False,False
7241,CSS_J083214.7+345900,EW,EW,False,False,0.36435260776831296,0.9647117771890201,6757,7989,False,False,False,False
7242,CSS_J113148.0+120406,EW,EW,False,False,0.3509606258037197,1.043223297036114,7919,4388,False,False,False,False
7243,CSS_J141342.7-130929,RRab,RRab,False,False,0.49011423610346255,1.0166509576024658,645,5726,False,False,False,False
7244,CSS_J010734.0+193529,EW,EW,False,False,0.3732419781778919,0.9987319460454049,5686,6828,False,False,False,False
7245,CSS_J043629.1+370224,EW,EW,False,False,0.41178891181232913,1.0079872617494434,2554,6262,False,False,False,False
7246,CSS_J065256.0+395601,EW,EW,False,False,0.3767606517635462,1.0402794233784163,5260,4519,False,False,False,False
7247,CSS_J045501.0+142415,EW,EW,False,False,0.3710514459667207,0.9913357739280361,5972,7241,False,False,False,False
7248,CSS_J022523.2+342432,EW,EW,False,False,0.39369966437998516,1.0554438534553425,3618,3864,False,False,False,False
7249,CSS_J165701.8+033511,RRc,RRc,False,False,0.44350345801300206,1.3990934762399072,1486,276,False,False,False,False
7250,CSS_J022012.7+143700,RS CVn,EW,True,True,0.36157108055843457,1.0817636907508037,7046,2997,False,False,False,False
7251,CSS_J094859.9+244144,EW,EW,False,False,0.35754548224030563,1.0373664198046508,7467,4647,False,False,False,False
7252,CSS_J051015.1-014950,EW,EW,False,False,0.36573982763465435,1.050324275188913,6613,4078,False,False,False,False
7253,CSS_J092148.9-161736,RRab,RRab,False,False,0.41968350345946165,1.1994868364098297,2214,1087,False,False,False,False
7254,CSS_J214030.4+124257,RRc,RRc,False,False,0.4144452069373375,1.031714787627622,2424,4932,False,False,False,False
7255,CSS_J024906.1+015130,EW,EW,False,False,0.4128832391992871,1.0626977456511495,2506,3602,False,False,False,False
7256,CSS_J210421.9+045936,EW,EW,False,False,0.4690845003944968,1.1218089513418867,954,2055,False,False,False,False
7257,CSS_J173523.8+422155,EW,EW,False,False,0.43617680182594404,1.0585917192004208,1669,3746,False,False,False,False
7258,CSS_J090010.9-073610,EW,EW,False,False,0.4956000495121108,1.3894425166383333,575,295,False,False,False,False
7259,CSS_J153009.1+050644,EW,EW,False,False,0.3686103173695832,1.056980686325142,6262,3807,False,False,False,False
7260,CSS_J093850.8-132632,EW,EW,False,False,0.3775228795321133,1.0453611245410523,5181,4297,False,False,False,False
7261,CSS_J074636.2+362525,EW,EW,False,False,0.37134596361147443,0.9909486657327203,5925,7262,False,False,False,False
7262,CSS_J030638.4+242806,EW,EW,False,False,0.40437047553347144,1.1124509872669723,2923,2258,False,False,False,False
7263,CSS_J023659.4+375657,EW,EW,False,False,0.42040709035029056,1.0443157303382162,2186,4351,False,False,False,False
7264,CSS_J205918.0-160559,RRc,RRc,False,False,0.3721083522331135,1.1263179543433373,5811,1986,False,False,False,False
7265,CSS_J161136.6-075954,EW,EW,False,False,0.4737104008189593,1.1353007127799533,878,1835,False,False,False,False
7266,CSS_J094538.5+385049,EW,EW,False,False,0.3773190577688511,0.9896224680136967,5199,7333,False,False,False,False
7267,CSS_J215739.2+050953,EW,EW,False,False,0.4585066966168681,1.1951591368782308,1143,1118,False,False,False,False
7268,CSS_J053247.2+032541,RS CVn,RS CVn,False,True,0.4207039132847632,1.2596705327477256,2170,710,False,False,False,False
7269,CSS_J174928.5+365535,EW,EW,False,False,0.40443874533133084,1.0467617169393297,2919,4232,False,False,False,False
7270,CSS_J083238.8+242457,EW,EW,False,False,0.3734510404550826,0.9721748629049914,5662,7931,False,False,False,False
7271,CSS_J215202.1+110827,EW,EW,False,False,0.3538965924578566,0.9847715259459017,7764,7596,False,False,False,False
7272,CSS_J082004.6-014325,EW,EW,False,False,0.3669289827434142,1.1201230055206275,6465,2097,False,False,False,False
7273,CSS_J172824.0+265917,EW,EW,False,False,0.360177908676314,1.4178925360776857,7210,246,False,False,False,False
7274,CSS_J063607.7+430503,RS CVn,RS CVn,False,True,0.4296183092237628,1.053062741936861,1870,3950,False,False,False,False
7275,CSS_J031910.8-082556,RRc,RRc,False,False,0.36586888076914675,1.0024978917203273,6596,6616,False,False,False,False
7276,CSS_J003847.6+365807,EW,EW,False,False,0.3681178550356627,0.9975523073448102,6333,6892,False,False,False,False
7277,CSS_J120124.3-072210,RRc,RRc,False,False,0.37421482068620654,1.1474111434342291,5566,1671,False,False,False,False
7278,CSS_J171652.7+255903,EW,EW,False,False,0.36852411932557133,1.1549977581650268,6276,1561,False,False,False,False
7279,CSS_J064340.2+424604,EW,EW,False,False,0.3583221076266961,1.0640223113724818,7397,3548,False,False,False,False
7280,CSS_J164516.6+132434,EW,EW,False,False,0.3991416617610294,1.042925468167214,3214,4410,False,False,False,False
7281,CSS_J090424.3+375256,EW,EW,False,False,0.3868270657927283,1.0524260470798694,4191,3993,False,False,False,False
7282,CSS_J160534.2-013625,EW,EW,False,False,0.374682659355491,1.1097441257798288,5506,2307,False,False,False,False
7283,CSS_J115333.6+292749,EW,EW,False,False,0.3569240562158618,1.002664536735764,7521,6606,False,False,False,False
7284,CSS_J213938.8+083841,EW,EW,False,False,0.4308139179503688,1.0455718070208793,1829,4284,False,False,False,False
7285,CSS_J204131.8-173035,EW,EA,True,False,0.4766738135902329,1.1995430561232088,834,1086,False,False,False,False
7286,CSS_J141601.9+015644,RRab,RRab,False,False,0.44898257777576717,0.9962708265956512,1348,6961,False,False,False,False
7287,CSS_J140751.9-165432,RRab,RRab,False,False,0.4861680746532086,1.1000287877028194,684,2539,False,False,False,False
7288,CSS_J215248.0-065249,EW,EW,False,False,0.38353927806654264,1.0532518542578277,4538,3935,False,False,False,False
7289,CSS_J030214.5+301301,EW,EW,False,False,0.36053981876986846,1.0193351539485358,7175,5562,False,False,False,False
7290,CSS_J124739.0-102808,RRc,RRc,False,False,0.3718354107980838,1.178016138351468,5854,1282,False,False,False,False
7291,CSS_J050329.5-135127,EW,EW,False,False,0.3566992656003124,0.9950353942088365,7542,7030,False,False,False,False
7292,CSS_J172357.9+411108,RRc,RRc,False,False,0.37429627288264916,1.045472954692298,5558,4293,False,False,False,False
7293,CSS_J075658.3+111821,EW,EW,False,False,0.38697783770723687,1.0779801604461932,4182,3108,False,False,False,False
7294,CSS_J024314.3+303137,EW,RRc,True,False,0.3669557264472435,1.0035563344883003,6460,6555,False,False,False,False
7295,CSS_J162327.1+031900,EW,EW,False,False,0.36963364211430216,1.0147529282284498,6135,5830,False,False,False,False
7296,CSS_J103042.1-155054,EW,RRab,True,False,0.42674165909016476,1.2153846407213447,1961,973,False,False,False,False
7297,CSS_J034225.7+380649,EW,EW,False,False,0.3745396324572598,1.2152648461614393,5527,974,False,False,False,False
7298,CSS_J030354.7+160612,EW,EW,False,False,0.3608759001601912,1.0575891970850937,7133,3782,False,False,False,False
7299,CSS_J212122.2-175006,EW,EW,False,False,0.389654895200287,1.1122704862247426,3936,2259,False,False,False,False
7300,CSS_J150117.5-125744,RS CVn,EW,True,True,0.36831416406652545,1.1722854989483529,6305,1346,False,False,False,False
7301,CSS_J045537.4+322029,EW,EW,False,False,0.378920896251579,1.1435579452972076,5028,1718,False,False,False,False
7302,CSS_J135602.3-013626,LPV,LPV,False,False,0.6105105808777368,1.0618209756181003,123,3638,True,False,False,False
7303,CSS_J151713.2+452114,EA,EA,False,False,0.48802034595982857,1.010967277112956,663,6077,False,False,False,False
7304,CSS_J073210.0+215457,EW,EW,False,False,0.42230371584231136,1.0424390665056962,2121,4440,False,False,False,False
7305,CSS_J205204.9+014450,EA,EA,False,False,0.4667363355300972,1.1348430049127012,997,1845,False,False,False,False
7306,CSS_J220448.8+075228,RRc,RRc,False,False,0.3753642114389144,1.0526578796875896,5428,3983,False,False,False,False
7307,CSS_J073040.0+343154,EW,EW,False,False,0.4658934542895051,1.003535835960593,1010,6556,False,False,False,False
7308,CSS_J122139.4+261454,EW,EW,False,False,0.3673031352949953,1.1562167553367615,6418,1546,False,False,False,False
7309,CSS_J173111.6+515000,RRab,RRab,False,False,0.3909524947193636,1.0648143734486006,3837,3528,False,False,False,False
7310,CSS_J214158.1-033026,RRc,RRc,False,False,0.3814253014351608,1.007791035935171,4758,6276,False,False,False,False
7311,CSS_J162430.6-161216,RRd,RRc,True,True,0.38028231540898455,1.0275516190765719,4890,5129,False,False,False,False
7312,CSS_J015723.4-042604,EW,EW,False,False,0.3667555052657866,1.013326033065082,6493,5921,False,False,False,False
7313,CSS_J022623.6+240455,EW,EW,False,False,0.38872779558580367,1.046457885721785,4018,4248,False,False,False,False
7314,CSS_J023124.3-041218,EW,EW,False,False,0.3778012641108136,0.9940072879337263,5153,7093,False,False,False,False
7315,CSS_J213032.7+084551,EW,EW,False,False,0.3689001966329607,0.9961173804334033,6224,6968,False,False,False,False
7316,CSS_J105118.7+051356,EW,EW,False,False,0.3904532409010621,1.034290961265035,3871,4798,False,False,False,False
7317,CSS_J212702.8+160300,RS CVn,RS CVn,False,True,0.39978573935707407,1.1137601452884398,3182,2229,False,False,False,False
7318,CSS_J024612.1+342021,EW,EW,False,False,0.37590111935572507,1.0464833773021016,5374,4244,False,False,False,False
7319,CSS_J050647.3-145556,RRc,EW,True,False,0.44608414181740685,1.1648861408479623,1417,1437,False,False,False,False
7320,CSS_J030208.6+362234,EA,EA,False,False,0.45487328567215246,1.2144348593240113,1217,981,False,False,False,False
7321,CSS_J121134.4+431744,EW,EW,False,False,0.38744858221660794,1.0662180807329957,4137,3478,False,False,False,False
7322,CSS_J163314.6+432304,EW,EW,False,False,0.42126939237005623,1.0116283873599767,2150,6031,False,False,False,False
7323,CSS_J145029.8-022205,RRab,RRab,False,False,0.43570415088053666,1.0060303560845132,1679,6394,False,False,False,False
7324,CSS_J053751.4+044128,EA,EA,False,False,0.4848427853625079,1.026091659069332,699,5206,False,False,False,False
7325,CSS_J021508.8+033648,EW,EW,False,False,0.34810210280513176,0.9966161288758915,7984,6946,False,False,False,False
7326,CSS_J165922.6+112807,EW,EW,False,False,0.40211568767101935,1.105601689971008,3059,2397,False,False,False,False
7327,CSS_J170001.2+084814,EW,EW,False,False,0.36580059464463194,1.0615164836713233,6604,3645,False,False,False,False
7328,CSS_J092121.3+205923,EW,EW,False,False,0.4019966137535535,1.0225250294652102,3066,5391,False,False,False,False
7329,CSS_J145311.6-173353,RRc,RRc,False,False,0.45844823799773426,1.1908765195280773,1145,1149,False,False,False,False
7330,CSS_J075639.7+090853,EW,RS CVn,True,False,0.4020423801298476,1.3999663849430526,3064,274,False,False,False,False
7331,CSS_J180738.9+425601,EW,EW,False,False,0.3778290765678852,1.2135160641854041,5150,990,False,False,False,False
7332,CSS_J034700.2-141935,RRc,RRc,False,False,0.3571862589529152,1.1345524021144038,7501,1853,False,False,False,False
7333,CSS_J092858.4-045633,EW,EW,False,False,0.3518116767199953,1.0472947908253567,7872,4209,False,False,False,False
7334,CSS_J005236.4+142230,EA,EA,False,False,0.44172955525914154,0.9890263014878243,1530,7360,False,False,False,False
7335,CSS_J114747.0+294820,EW,EW,False,False,0.3869529749926999,1.0018797547707217,4184,6657,False,False,False,False
7336,CSS_J211106.0+053922,EW,EW,False,False,0.3547199791656221,1.0007730532750687,7704,6714,False,False,False,False
7337,CSS_J064750.9+550808,EW,EW,False,False,0.37077796563499305,0.9783059511312675,6004,7815,False,False,False,False
7338,CSS_J125731.8+145638,RS CVn,RS CVn,False,True,0.3914792732757071,1.2438080900260524,3793,789,False,False,False,False
7339,CSS_J164246.6+233750,RRc,RRc,False,False,0.3767606401019596,0.9884131962206568,5261,7393,False,False,False,False
7340,CSS_J100919.0-034009,RRc,RRc,False,False,0.37010845345277305,0.9819436458527345,6079,7704,False,False,False,False
7341,CSS_J134510.0+154138,RRc,RRc,False,False,0.42585596231225054,1.0624701130245942,1999,3611,False,False,False,False
7342,CSS_J080955.1+514948,EA,EA,False,False,0.41629470245837313,0.9793630175678191,2350,7777,False,False,False,False
7343,CSS_J025018.0+081821,EW,EW,False,False,0.4552264642584671,1.1488312055366774,1213,1644,False,False,False,False
7344,CSS_J215259.1+205135,EW,EW,False,False,0.4068856632344494,1.0585665727282705,2790,3748,False,False,False,False
7345,CSS_J032805.1+264920,EW,EW,False,False,0.3793915121972012,1.0136660628161132,4988,5901,False,False,False,False
7346,CSS_J162621.5+352753,EW,EW,False,False,0.3767175692930008,0.9942270055405281,5267,7086,False,False,False,False
7347,CSS_J103350.4+374829,EW,RRc,True,False,0.45054300617748777,1.758514191818108,1318,47,False,True,False,False
7348,CSS_J210531.2+021507,EA,EA,False,False,0.5077375333990294,1.1247933658230045,480,2013,False,False,False,False
7349,CSS_J220027.4+234927,EW,EW,False,False,0.3507252148583027,0.9640143450479289,7926,7990,False,False,False,False
7350,CSS_J052231.3+045607,RRc,RRc,False,False,0.36295518818219225,1.1222097940465283,6905,2047,False,False,False,False
7351,CSS_J054808.0+031512,EW,EW,False,False,0.362892244674132,1.0554175900615186,6914,3866,False,False,False,False
7352,CSS_J170913.5+041531,RRc,EW,True,False,0.3707366787685629,1.1141198008644766,6015,2219,False,False,False,False
7353,CSS_J041724.4+333244,EW,EW,False,False,0.3779214079450701,1.0462676562115283,5139,4257,False,False,False,False
7354,CSS_J165511.8+531546,EW,EW,False,False,0.39007451982404884,1.125751283574362,3895,1997,False,False,False,False
7355,CSS_J170549.9+020758,EW,EW,False,False,0.3765796918263717,0.9966371819156061,5288,6944,False,False,False,False
7356,CSS_J024139.3+034917,EW,EW,False,False,0.3732020018551752,1.0387410668570811,5692,4590,False,False,False,False
7357,CSS_J031021.2+320546,EW,EW,False,False,0.3781833996907583,1.0566358411485794,5102,3818,False,False,False,False
7358,CSS_J173729.8+322640,EW,EW,False,False,0.3704985032686504,1.0698503414148612,6035,3343,False,False,False,False
7359,CSS_J013255.0+293645,EW,EW,False,False,0.3558320458282468,0.9816973285020595,7625,7714,False,False,False,False
7360,CSS_J133130.5+000733,RRab,RRab,False,False,0.45784330238156706,0.9982729669417397,1153,6863,False,False,False,False
7361,CSS_J223437.4+273347,EW,EW,False,False,0.39975331507586315,1.0047215383767953,3185,6479,False,False,False,False
7362,CSS_J091003.1-092017,EW,EW,False,False,0.3917244627563163,1.2935367036491725,3769,561,False,False,False,False
7363,CSS_J072830.0+232041,EW,EW,False,False,0.39754022227247676,1.012859843945015,3331,5946,False,False,False,False
7364,CSS_J051623.2+222005,EW,EW,False,False,0.3976778230914753,1.0390578965352009,3322,4574,False,False,False,False
7365,CSS_J004333.0+345030,EW,EW,False,False,0.3693043867406888,0.9774824831176497,6181,7835,False,False,False,False
7366,CSS_J211046.5+071939,EW,EW,False,False,0.3564163214222939,1.0369605538114803,7575,4668,False,False,False,False
7367,CSS_J001226.4+384325,EW,EW,False,False,0.38225871352112034,1.0568389756523398,4666,3813,False,False,False,False
7368,CSS_J235151.3+035409,EA,EA,False,False,0.5374644889630823,1.1974797294752935,307,1097,False,False,False,False
7369,CSS_J211415.1-192538,EW,EW,False,False,0.42094406025212294,1.051285613971617,2165,4038,False,False,False,False
7370,CSS_J151058.9-112508,RRc,RRc,False,False,0.3786001386817263,0.9995982586448522,5059,6786,False,False,False,False
7371,CSS_J173044.3+135419,EW,EW,False,False,0.3867490855217694,1.073278020557559,4196,3236,False,False,False,False
7372,CSS_J090144.4+215754,EW,EW,False,False,0.37886459064102884,1.0159496141929505,5035,5761,False,False,False,False
7373,CSS_J152617.8+171816,EW,EW,False,False,0.3815821083777221,1.0587923746070733,4738,3740,False,False,False,False
7374,CSS_J034225.1+293839,EA,EA,False,False,0.4627061325736401,1.3954370371317355,1075,282,False,False,False,False
7375,CSS_J100952.6+425914,EW,EW,False,False,0.3692129198388827,0.974376153418682,6196,7892,False,False,False,False
7376,CSS_J224315.1+332955,EA,EW,True,False,0.38455106037958026,1.0822587538390316,4429,2984,False,False,False,False
7377,CSS_J234701.4-113628,RRab,RRab,False,False,0.4539005556146469,1.0304476644684522,1240,5001,False,False,False,False
7378,CSS_J083843.6+140930,EW,EW,False,False,0.37367774596249614,1.0629704984452926,5635,3592,False,False,False,False
7379,CSS_J122101.1+263207,RRc,RRc,False,False,0.41689357137935296,1.1223760134785714,2325,2043,False,False,False,False
7380,CSS_J161843.5+120448,EA,EA,False,False,0.4265072126230326,1.140434700696713,1968,1759,False,False,False,False
7381,CSS_J153007.4+471117,RRc,EW,True,False,0.45484852613592514,1.1119415533118326,1218,2266,False,False,False,False
7382,CSS_J071710.8+374242,EA,EA,False,False,0.6517220668442854,1.2649879730616345,76,673,True,False,False,False
7383,CSS_J080247.0+194641,EA,EA,False,False,0.42853515722038615,1.007391998697851,1900,6301,False,False,False,False
7384,CSS_J024119.0+265204,EW,EW,False,False,0.3760600246745681,0.9820616769210593,5355,7700,False,False,False,False
7385,CSS_J031251.4+252155,EW,EW,False,False,0.45004640628088116,1.3299430148543352,1324,429,False,False,False,False
7386,CSS_J215740.1+001706,RRc,RRc,False,False,0.374685141442708,0.9920932006261781,5505,7192,False,False,False,False
7387,CSS_J162717.5+321027,EW,EW,False,False,0.40230324775461096,0.9971750825424908,3047,6914,False,False,False,False
7388,CSS_J104122.9+191424,EW,EW,False,False,0.3887366770871284,1.0054623977127857,4016,6441,False,False,False,False
7389,CSS_J164057.0+523013,RRab,RRab,False,False,0.37261957214435365,1.1917073796041744,5748,1142,False,False,False,False
7390,CSS_J154015.0-184441,RRab,RRab,False,False,0.5545312149576322,1.455433783327369,238,205,False,False,False,False
7391,CSS_J203556.7-175126,EW,EW,False,False,0.3665695372040756,1.0502404984955613,6519,4080,False,False,False,False
7392,CSS_J220857.7+074243,EW,EW,False,False,0.38443893329924184,1.0299758126764509,4438,5016,False,False,False,False
7393,CSS_J030925.1+152718,RS CVn,EW,True,True,0.5622123132402034,1.4185220102380804,217,243,False,False,False,False
7394,CSS_J205353.0-145521,EA,EA,False,False,0.43984077718389225,1.037102625504216,1583,4662,False,False,False,False
7395,CSS_J044126.8+030704,EW,EW,False,False,0.4010046914671407,1.0696000908626604,3109,3358,False,False,False,False
7396,CSS_J095707.3+300839,EW,EW,False,False,0.3596477425150959,0.9981986910142805,7264,6867,False,False,False,False
7397,CSS_J130027.8-125417,EW,EW,False,False,0.3612552970111516,1.0465830341427416,7085,4236,False,False,False,False
7398,CSS_J065252.1+410418,EW,EW,False,False,0.4397469377983672,1.483440320864815,1584,174,False,False,False,False
7399,CSS_J101308.3+411817,EW,EW,False,False,0.3554063511935381,1.0891603914027315,7655,2803,False,False,False,False
7400,CSS_J024921.0+324417,EA,EA,False,False,0.4382651382412384,0.98877723045543,1620,7371,False,False,False,False
7401,CSS_J133935.9-045757,EW,EW,False,False,0.3621421398454756,1.1244677891933126,6994,2018,False,False,False,False
7402,CSS_J090448.5+472315,RRc,RRc,False,False,0.37275882122949183,1.0008603261265399,5734,6708,False,False,False,False
7403,CSS_J020245.8+261334,EA,EA,False,False,0.48167660962272446,1.2380682562352225,763,812,False,False,False,False
7404,CSS_J235808.5+414327,EW,EW,False,False,0.38571277236095247,0.9979980039342381,4317,6873,False,False,False,False
7405,CSS_J051639.7+033423,EW,EW,False,False,0.37649681683985997,1.2484870925103901,5300,757,False,False,False,False
7406,CSS_J151433.1-063920,EW,EW,False,False,0.4013759947891792,1.0494780252429412,3097,4114,False,False,False,False
7407,CSS_J172802.9+195835,EW,EA,True,False,0.4704857719163788,1.1083266984990003,928,2338,False,False,False,False
7408,CSS_J020244.7+275633,EW,RRab,True,False,0.46920729995123606,1.5141452159629525,949,150,False,True,False,False
7409,CSS_J095547.9+071949,RRc,RRc,False,False,0.36729565605974684,0.9881380330699262,6419,7406,False,False,False,False
7410,CSS_J123950.4+135404,EA,EA,False,False,0.4393716276843289,0.9872500348100337,1594,7457,False,False,False,False
7411,CSS_J110442.2+260525,EW,EW,False,False,0.4150610177087186,1.1120457641551167,2395,2261,False,False,False,False
7412,CSS_J211854.8-120544,RRc,EW,True,False,0.4520408343531967,1.2260610708254922,1289,887,False,False,False,False
7413,CSS_J221304.9-133131,RS CVn,EW,True,True,0.42106094067668287,1.376476968686378,2161,324,False,False,False,False
7414,CSS_J223412.1+074330,EW,EW,False,False,0.4314408115758052,1.228964608570432,1803,869,False,False,False,False
7415,CSS_J141505.9-193524,EW,EW,False,False,0.4074670567573346,1.1292048858007442,2765,1938,False,False,False,False
7416,CSS_J050134.6+185728,EW,EW,False,False,0.3712693302084351,1.103252939693125,5939,2445,False,False,False,False
7417,CSS_J084647.2-053126,RS CVn,EW,True,True,0.3944659308398559,0.9919945262377967,3557,7200,False,False,False,False
7418,CSS_J022152.5+383741,EW,EW,False,False,0.4227554321973624,1.2742082148702585,2102,632,False,False,False,False
7419,CSS_J171544.2+333849,EW,EW,False,False,0.4812598159297847,1.0972488921013204,772,2603,False,False,False,False
7420,CSS_J102951.7+133740,EW,EW,False,False,0.4341467823431782,1.106130467182665,1719,2386,False,False,False,False
7421,CSS_J155930.3-080524,RRc,RRc,False,False,0.41778739820280913,1.114985859255033,2291,2206,False,False,False,False
7422,CSS_J221224.2+071408,RS CVn,EW,True,True,0.40766839861789816,1.026307095820808,2755,5192,False,False,False,False
7423,CSS_J175050.6+500249,EA,EA,False,False,0.6492935699569942,1.771322139262511,78,44,True,True,True,True
7424,CSS_J090825.9-015120,EW,EW,False,False,0.3680013796052943,1.0149798330627389,6349,5812,False,False,False,False
7425,CSS_J050925.4-031217,RS CVn,RS CVn,False,True,0.42537523739787425,1.354224780498643,2010,365,False,False,False,False
7426,CSS_J015535.7+221430,EW,EW,False,False,0.4194572669465565,1.1426534530685224,2226,1730,False,False,False,False
7427,CSS_J092553.0-142313,EW,EW,False,False,0.40752467269030423,1.2302561047766953,2763,857,False,False,False,False
7428,CSS_J010342.7+242737,EW,EW,False,False,0.37390865268376705,1.4370213641116523,5601,224,False,False,False,False
7429,CSS_J155306.2-035300,EW,EW,False,False,0.35970910437317477,0.9716535230863025,7258,7937,False,False,False,False
7430,CSS_J074117.8+250133,EW,EW,False,False,0.3675147411319208,0.9965819983220074,6395,6949,False,False,False,False
7431,CSS_J051103.7+164622,EW,EA,True,False,0.41159302588548125,1.0473386512303327,2567,4208,False,False,False,False
7432,CSS_J124320.0+133403,EW,EW,False,False,0.46338320083032963,1.5917883512243625,1065,89,False,True,False,False
7433,CSS_J170611.1+370527,EW,EW,False,False,0.3513113227879422,0.9710892674762219,7900,7944,False,False,False,False
7434,CSS_J105957.1+375020,RRd,RRd,False,True,0.36131415943680206,1.011026763383812,7079,6068,False,False,False,False
7435,CSS_J095445.1-032042,EW,EW,False,False,0.3871499701087448,0.9942539542279976,4163,7084,False,False,False,False
7436,CSS_J211940.5+040632,EW,EW,False,False,0.36993796746973273,0.9919880305319329,6103,7201,False,False,False,False
7437,CSS_J201249.0-130727,RRc,EW,True,False,0.3811688880379005,1.1097718380461097,4792,2306,False,False,False,False
7438,CSS_J082417.3+160904,EW,EW,False,False,0.43517826037421453,1.0749535059156419,1690,3197,False,False,False,False
7439,CSS_J100015.7+244934,EW,EW,False,False,0.3992728487046511,1.1184264051816635,3204,2132,False,False,False,False
7440,CSS_J051901.4-152919,EW,EW,False,False,0.40266446541805867,1.0278443937933273,3020,5116,False,False,False,False
7441,CSS_J161230.7+070046,EW,EW,False,False,0.3499309317312335,0.9761315265566253,7953,7861,False,False,False,False
7442,CSS_J081103.0+151417,EW,EW,False,False,0.3800112726914026,1.0350349325961483,4921,4752,False,False,False,False
7443,CSS_J133726.1+373459,EW,EW,False,False,0.3932766215207541,1.037163720368142,3647,4658,False,False,False,False
7444,CSS_J021335.4-042542,EW,EW,False,False,0.3826562243598193,1.0518080331594177,4629,4015,False,False,False,False
7445,CSS_J040258.0+153335,EW,EW,False,False,0.36945026417749033,1.036246346435267,6159,4701,False,False,False,False
7446,CSS_J133758.8-124619,RRab,RRc,True,False,0.38594214989611225,1.1176920377483541,4290,2151,False,False,False,False
7447,CSS_J080639.7+572901,RRc,RRc,False,False,0.3650500734956741,0.9739574514290478,6681,7904,False,False,False,False
7448,CSS_J041826.3-083406,EA,EA,False,False,0.49647907473908676,1.019266582624559,566,5567,False,False,False,False
7449,CSS_J003616.9+114207,EW,EW,False,False,0.3825817032158733,1.2324237722472753,4637,848,False,False,False,False
7450,CSS_J090823.8-054345,EW,EW,False,False,0.3758065615095802,1.0701721843492282,5384,3328,False,False,False,False
7451,CSS_J042024.1+262629,EW,EW,False,False,0.37730705415547816,1.0501352530722914,5202,4084,False,False,False,False
7452,CSS_J165050.8+502326,RRab,RRab,False,False,0.42047761711442333,1.1183892216754001,2185,2136,False,False,False,False
7453,CSS_J072312.6+423337,EW,EW,False,False,0.4821201288786345,1.2291186986636202,755,868,False,False,False,False
7454,CSS_J222753.3+291442,RRc,RRc,False,False,0.3841165354525206,0.9922979043186382,4472,7179,False,False,False,False
7455,CSS_J224315.1+195401,RS CVn,RS CVn,False,True,0.4611351652895307,1.284590109603672,1101,592,False,False,False,False
7456,CSS_J095543.6+350639,RRc,RRc,False,False,0.3871093176464644,1.1376037938582995,4169,1798,False,False,False,False
7457,CSS_J002532.4+200135,EW,EW,False,False,0.37885488414897434,1.148835429462453,5037,1643,False,False,False,False
7458,CSS_J102024.5+430641,EW,EW,False,False,0.37199055009491233,0.9917250467863635,5826,7220,False,False,False,False
7459,CSS_J135929.8+421520,EW,EW,False,False,0.37200309730762465,1.0053764413187776,5822,6449,False,False,False,False
7460,CSS_J123411.6+055538,EW,RS CVn,True,False,0.41803806754818135,1.5745231049940085,2281,100,False,True,False,False
7461,CSS_J170214.9+063632,RRc,RRc,False,False,0.3919377097701177,1.1017350386041944,3751,2490,False,False,False,False
7462,CSS_J161639.7+070938,EA,EA,False,False,0.48464017435913126,1.0411270823377359,705,4485,False,False,False,False
7463,CSS_J083235.2-100450,EW,EW,False,False,0.38509672308613196,1.2157665488021847,4369,969,False,False,False,False
7464,CSS_J092514.7-065009,EW,EW,False,False,0.40126393811606853,1.069405758239492,3099,3364,False,False,False,False
7465,CSS_J030124.9+323155,RRab,RRab,False,False,0.3834551812655227,1.1696294461622014,4554,1375,False,False,False,False
7466,CSS_J140253.9-032656,EW,EW,False,False,0.42615811328668673,1.1568789997759754,1978,1540,False,False,False,False
7467,CSS_J163915.6+075138,EW,EW,False,False,0.41523119867921815,1.1715712377582552,2390,1355,False,False,False,False
7468,CSS_J091106.9+180638,EW,EW,False,False,0.3920974819754799,1.022675081830594,3739,5379,False,False,False,False
7469,CSS_J162229.5+130736,RS CVn,RS CVn,False,True,0.4807018741302229,1.0318562780620193,780,4926,False,False,False,False
7470,CSS_J225933.5+293935,RRc,RRc,False,False,0.39847429862969774,1.03213308063903,3269,4914,False,False,False,False
7471,CSS_J095257.6-084212,EW,EW,False,False,0.41818029411977026,1.0527976277060425,2277,3969,False,False,False,False
7472,CSS_J225100.5+090956,EW,EW,False,False,0.41624595903076245,1.0484761103282154,2352,4150,False,False,False,False
7473,CSS_J034909.8+112234,EW,EW,False,False,0.35678432193835735,0.9885248747047134,7534,7386,False,False,False,False
7474,CSS_J045132.2+080326,EW,EW,False,False,0.38841207041020764,1.0089075048771394,4043,6196,False,False,False,False
7475,CSS_J073916.7+530707,RRc,RRc,False,False,0.4212213841440684,0.9969635603237668,2152,6925,False,False,False,False
7476,CSS_J123645.5+132022,RRc,RRc,False,False,0.3620453744797067,0.9858842142075639,7002,7536,False,False,False,False
7477,CSS_J031851.7+262121,EW,EW,False,False,0.3820708071866645,0.9976417604497401,4680,6887,False,False,False,False
7478,CSS_J234406.3+255947,EW,EW,False,False,0.37516621531293776,1.019156692320144,5447,5571,False,False,False,False
7479,CSS_J102424.0-164933,EW,EW,False,False,0.4308943481437334,1.2288113539950385,1827,870,False,False,False,False
7480,CSS_J222244.6+143926,EW,EW,False,False,0.43626438320789596,1.0285477464926331,1666,5082,False,False,False,False
7481,CSS_J021204.8+215645,EW,EW,False,False,0.3784115126973092,1.0482354702432932,5079,4161,False,False,False,False
7482,CSS_J162626.9+411231,RRc,RRc,False,False,0.3777433631531755,1.0224428615368233,5164,5396,False,False,False,False
7483,CSS_J071933.3+304650,EW,EW,False,False,0.3615197609541847,1.024413964752129,7051,5295,False,False,False,False
7484,CSS_J072021.3+515952,EA,EA,False,False,0.4374201650871449,1.0249810686553364,1639,5270,False,False,False,False
7485,CSS_J094603.3-060332,RRc,EW,True,False,0.3670210224685993,1.343126240323642,6452,396,False,False,False,False
7486,CSS_J122426.6-121947,RRc,RRc,False,False,0.39247814082285687,1.3297915819036625,3713,430,False,False,False,False
7487,CSS_J212952.1+021900,EA,EA,False,False,0.45878775763935414,1.084124743380078,1134,2931,False,False,False,False
7488,CSS_J162534.9+431106,EW,EW,False,False,0.36720082554938066,1.1470197211419717,6435,1679,False,False,False,False
7489,CSS_J062704.8+601128,EW,EW,False,False,0.38768703339507105,1.247767706413009,4114,766,False,False,False,False
7490,CSS_J172410.1+412706,EW,EW,False,False,0.3521486325096965,1.1032720620774792,7857,2444,False,False,False,False
7491,CSS_J084902.2-042215,EW,EW,False,False,0.38609260957681046,1.0140661119820087,4268,5873,False,False,False,False
7492,CSS_J043841.9-105016,EW,EW,False,False,0.3646343700223248,0.9976121769155236,6730,6891,False,False,False,False
7493,CSS_J091853.3+350532,EW,EW,False,False,0.3878341731059692,1.0091041932003035,4099,6178,False,False,False,False
7494,CSS_J225805.6-015059,RRc,RRc,False,False,0.3737921023061041,0.9957955107623361,5618,6990,False,False,False,False
7495,CSS_J233832.5+005123,RRc,RRc,False,False,0.44835645314800054,1.017511513134188,1363,5680,False,False,False,False
7496,CSS_J172000.6+405129,EW,EW,False,False,0.364873921788188,1.017221131645052,6703,5692,False,False,False,False
7497,CSS_J120903.9+201050,EW,EW,False,False,0.5147139994753104,1.268820374617182,419,655,False,False,False,False
7498,CSS_J222806.8+212848,EW,EW,False,False,0.38836743098364274,1.0012924155417258,4050,6677,False,False,False,False
7499,CSS_J172310.5+220312,RS CVn,RS CVn,False,True,0.4341489923549643,1.182761633142871,1718,1234,False,False,False,False
7500,CSS_J085031.9+582639,EW,EW,False,False,0.3807731426208394,1.0059229183978333,4834,6402,False,False,False,False
7501,CSS_J102540.2-121319,RRd,EW,True,True,0.3667386128398925,1.142190126944568,6498,1734,False,False,False,False
7502,CSS_J074058.1+335457,EW,EW,False,False,0.6306506534426581,1.3751978317246907,98,328,True,False,False,False
7503,CSS_J144006.0-172525,EW,EW,False,False,0.36011520707416905,1.0806268949328073,7217,3025,False,False,False,False
7504,CSS_J101638.3-034037,EW,RS CVn,True,False,0.3959175755553194,1.0273355812913225,3439,5141,False,False,False,False
7505,CSS_J214958.6-105258,EW,EW,False,False,0.3744176237520426,1.0072295079881628,5541,6312,False,False,False,False
7506,CSS_J025651.3-075702,EW,EW,False,False,0.43565044675124226,1.0285868538694594,1682,5077,False,False,False,False
7507,CSS_J123357.8+031949,RRc,RRc,False,False,0.36866086229376677,1.0803453249630592,6255,3031,False,False,False,False
7508,CSS_J234602.2+360741,EW,EW,False,False,0.47584324382977283,1.2945253272182726,846,553,False,False,False,False
7509,CSS_J174737.6+160839,EW,EW,False,False,0.3935198944269094,1.139809835398303,3633,1769,False,False,False,False
7510,CSS_J152808.5+155854,RRc,RRc,False,False,0.372071914839531,1.051516053519097,5817,4029,False,False,False,False
7511,CSS_J102323.5+264856,RRd,RRc,True,True,0.3634634666791776,1.012850317870543,6852,5947,False,False,False,False
7512,CSS_J034931.0+222725,EW,EW,False,False,0.430403204414489,1.3706191189295565,1843,335,False,False,False,False
7513,CSS_J083456.5+330210,RS CVn,RS CVn,False,True,0.41654678163895015,1.0795722270805157,2343,3060,False,False,False,False
7514,CSS_J123428.4+361307,EW,EW,False,False,0.3681604385447951,1.1009329682604476,6325,2513,False,False,False,False
7515,CSS_J135951.0+470636,EW,EW,False,False,0.4115073172052224,1.0144673231748942,2572,5848,False,False,False,False
7516,CSS_J001217.5+054653,EW,EW,False,False,0.3521776932930583,1.0431838299675755,7856,4392,False,False,False,False
7517,CSS_J205942.2+035706,RRab,RRab,False,False,0.46501912369830833,1.2043981629635767,1029,1055,False,False,False,False
7518,CSS_J210144.3-160432,EW,EW,False,False,0.3877215696995588,1.0173211856912796,4110,5687,False,False,False,False
7519,CSS_J054212.6+011216,EW,EW,False,False,0.3746668835648524,0.9967728931967859,5511,6935,False,False,False,False
7520,CSS_J042547.0+212957,EW,EW,False,False,0.40497610459564415,1.045941085587732,2888,4270,False,False,False,False
7521,CSS_J084006.8+501824,EW,EW,False,False,0.36585211309693,0.9931073131910007,6598,7133,False,False,False,False
7522,CSS_J013029.0+445142,RRc,EW,True,False,0.38340419042619545,1.0023294611083124,4558,6627,False,False,False,False
7523,CSS_J053458.7-092828,LPV,LPV,False,False,0.7784443921704097,1.1573165992341912,2,1535,True,False,False,False
7524,CSS_J122423.2+155707,EW,EW,False,False,0.36735920180632575,1.1084864078473737,6412,2333,False,False,False,False
7525,CSS_J161853.3+084432,EA,EA,False,False,0.4489612018538808,1.0221811176816205,1350,5408,False,False,False,False
7526,CSS_J130758.0+115153,RRc,RRc,False,False,0.4301209781825404,1.008344917051369,1854,6238,False,False,False,False
7527,CSS_J210708.5-033922,EA,EA,False,False,0.4722780878521702,1.0118109554475947,900,6017,False,False,False,False
7528,CSS_J012743.2+130530,EW,EW,False,False,0.37655421268569395,1.0138852572950983,5291,5886,False,False,False,False
7529,CSS_J101811.4+174906,EA,EA,False,False,0.40062972298553245,0.9950221251695602,3134,7031,False,False,False,False
7530,CSS_J093350.2+114537,EW,EW,False,False,0.3847018016524345,1.13117613575895,4413,1914,False,False,False,False
7531,CSS_J160802.5+125746,EW,EW,False,False,0.383419659704952,1.0988508952738472,4555,2568,False,False,False,False
7532,CSS_J093247.9-153304,EW,RRc,True,False,0.3863570733307001,1.2009689550942229,4239,1078,False,False,False,False
7533,CSS_J011409.4+330110,EW,EW,False,False,0.38321601899371666,1.0238011430531568,4583,5323,False,False,False,False
7534,CSS_J075240.7+150554,EW,EW,False,False,0.6148695726683967,1.0120644977998656,115,5999,True,False,False,False
7535,CSS_J015038.7-132155,RRc,RRc,False,False,0.3740953379926589,1.1001861806360793,5582,2534,False,False,False,False
7536,CSS_J234734.4+203331,EA,EA,False,False,0.4611867799369904,1.0713279209323596,1100,3295,False,False,False,False
7537,CSS_J111323.0-115947,RRc,RRc,False,False,0.3711986079355807,1.0631508101529232,5951,3585,False,False,False,False
7538,CSS_J161013.8+042112,RRab,RRc,True,False,0.37373823640128845,1.1044399462466266,5626,2418,False,False,False,False
7539,CSS_J232030.8+442310,EW,RRc,True,False,0.3695136924009395,0.9811299271750414,6149,7728,False,False,False,False
7540,CSS_J150438.4-022318,EA,EW,True,False,0.3960071143671925,1.0502210243290164,3430,4081,False,False,False,False
7541,CSS_J084405.7+581116,EW,EW,False,False,0.3735779449412192,1.0038519793352088,5647,6533,False,False,False,False
7542,CSS_J123742.0+215753,RRc,RRc,False,False,0.49149582413164844,1.11599734597554,623,2180,False,False,False,False
7543,CSS_J103908.7+221633,EW,EW,False,False,0.36812777007417213,1.0584409001393194,6330,3751,False,False,False,False
7544,CSS_J050522.5+080025,EA,EA,False,False,0.42949821882110345,0.9968759305848274,1873,6930,False,False,False,False
7545,CSS_J074824.7+104309,RRab,RRab,False,False,0.4300384383635688,1.169253806596391,1857,1381,False,False,False,False
7546,CSS_J030637.7+145222,EW,EW,False,False,0.34813541695266803,0.9903966578299153,7983,7297,False,False,False,False
7547,CSS_J030455.4+384305,EW,EW,False,False,0.3877806119245945,1.0141780592651888,4104,5867,False,False,False,False
7548,CSS_J210809.5-035348,EW,EW,False,False,0.3650728231308725,1.079923777006486,6673,3049,False,False,False,False
7549,CSS_J105833.8-084600,EW,EW,False,False,0.3932813643410829,1.0183887809990144,3646,5614,False,False,False,False
7550,CSS_J213331.7+060333,EW,EW,False,False,0.36968780514190835,0.9946708879500008,6127,7055,False,False,False,False
7551,CSS_J144842.2+352650,EA,EW,True,False,0.41828614553464505,1.0784577551797243,2270,3092,False,False,False,False
7552,CSS_J095238.7-032230,EW,EW,False,False,0.40904846395958794,1.0793386011289785,2692,3065,False,False,False,False
7553,CSS_J163446.9-013003,LPV,LPV,False,False,0.7486205020660277,1.062279565564688,16,3620,True,False,False,False
7554,CSS_J073702.1+220154,EA,EA,False,False,0.4540112912754549,1.0426969101974457,1238,4422,False,False,False,False
7555,CSS_J053836.0-144047,EW,EW,False,False,0.40042519643969265,0.9884577324139012,3146,7391,False,False,False,False
7556,CSS_J231646.4+270019,EW,EW,False,False,0.4688478234052874,1.1114615257747387,958,2275,False,False,False,False
7557,CSS_J172715.5+460850,EW,EW,False,False,0.3676325673601781,1.1333405218673973,6381,1875,False,False,False,False
7558,CSS_J082436.5+155633,EW,EW,False,False,0.37563087351162,0.995324077743392,5410,7017,False,False,False,False
7559,CSS_J042240.2+061202,EW,EW,False,False,0.4220043123828654,1.182945799887378,2131,1233,False,False,False,False
7560,CSS_J224948.9+075844,EA,EW,True,False,0.41196617493073673,1.025768981421373,2547,5223,False,False,False,False
7561,CSS_J095144.1-121132,EW,EA,True,False,0.49404908179742535,1.078260918207358,592,3098,False,False,False,False
7562,CSS_J161741.8-044805,RRd,EW,True,True,0.38572466271152644,1.04064441215966,4313,4503,False,False,False,False
7563,CSS_J093206.9+043302,EW,EW,False,False,0.4320706842933033,1.2250428005769711,1783,893,False,False,False,False
7564,CSS_J164051.0+014622,EW,EW,False,False,0.3601338204782144,1.0824054064112623,7215,2980,False,False,False,False
7565,CSS_J044240.5+302008,EW,EW,False,False,0.3832958027474472,1.0027478284730102,4571,6603,False,False,False,False
7566,CSS_J162128.0+061226,EW,EW,False,False,0.35609948625444615,0.9864802478938183,7606,7500,False,False,False,False
7567,CSS_J153228.5+190308,EW,EW,False,False,0.37328580599029026,1.0083108397566303,5679,6240,False,False,False,False
7568,CSS_J134451.7+072628,RRc,EW,True,False,0.4830908919192716,1.1656623236674322,729,1429,False,False,False,False
7569,CSS_J082924.8+511046,EW,EW,False,False,0.3488753866211539,0.9743173275134438,7969,7893,False,False,False,False
7570,CSS_J052225.5-033143,RRc,EW,True,False,0.3838764908252234,1.0240109937939654,4499,5315,False,False,False,False
7571,CSS_J221422.3+130539,EW,EW,False,False,0.36016888917821105,0.9758254251120192,7212,7867,False,False,False,False
7572,CSS_J233506.0+410610,RRab,RRab,False,False,0.4469097398217944,1.2941901272016814,1399,555,False,False,False,False
7573,CSS_J220910.4+022323,RS CVn,RS CVn,False,True,0.531528175281455,1.0141940787657855,339,5863,False,False,False,False
7574,CSS_J160059.5+361256,EA,EA,False,False,0.505597101100231,1.0722996399954554,493,3273,False,False,False,False
7575,CSS_J035605.2+233701,EW,EW,False,False,0.3984760070859895,0.9809882556957229,3268,7732,False,False,False,False
7576,CSS_J052734.1+013034,EW,EW,False,False,0.40264569439641046,1.168928322927082,3023,1387,False,False,False,False
7577,CSS_J155651.5+202650,RRc,RRc,False,False,0.38152200420160043,1.1210744015803673,4746,2072,False,False,False,False
7578,CSS_J105756.3-091830,EW,EW,False,False,0.36238903402079753,1.032517501346384,6960,4890,False,False,False,False
7579,CSS_J154220.4+402931,EW,EW,False,False,0.40339321662548583,1.020500977722918,2974,5497,False,False,False,False
7580,CSS_J141812.1+015643,EW,EW,False,False,0.37559691000154816,1.2180228080523028,5415,953,False,False,False,False
7581,CSS_J171618.1+195018,EW,EW,False,False,0.37649399546153867,0.9952223727697881,5301,7021,False,False,False,False
7582,CSS_J143935.5+154421,EW,EW,False,False,0.4054554052560939,1.3150719909426103,2860,467,False,False,False,False
7583,CSS_J135543.2-160639,EW,EW,False,False,0.39383315144338515,1.32931186663328,3607,431,False,False,False,False
7584,CSS_J023636.3+255739,EW,EW,False,False,0.38727575623735727,1.0520371710568528,4149,4007,False,False,False,False
7585,CSS_J184022.4+470712,RRc,RRc,False,False,0.3970686805951147,1.069660702587803,3366,3355,False,False,False,False
7586,CSS_J175934.8+433321,EW,RRc,True,False,0.3752792716943583,1.0230736532143225,5436,5354,False,False,False,False
7587,CSS_J091136.4+365614,EW,EW,False,False,0.3906489820664105,1.0827758535181,3856,2967,False,False,False,False
7588,CSS_J221251.7+172016,EW,EW,False,False,0.42363949490356184,1.0830700649103158,2060,2956,False,False,False,False
7589,CSS_J165128.2+163809,RRc,RRc,False,False,0.38073058763663453,0.991671890390722,4840,7224,False,False,False,False
7590,CSS_J171538.0+090552,LPV,LPV,False,False,0.7619167334208968,1.0948054402207965,9,2653,True,False,False,False
7591,CSS_J174744.4+485438,EW,EW,False,False,0.3812965082837295,1.0541065201230788,4774,3916,False,False,False,False
7592,CSS_J082519.0-051750,EW,EW,False,False,0.3741277693300488,1.0420387442090626,5580,4455,False,False,False,False
7593,CSS_J115526.8+254904,EA,EA,False,False,0.44707116467810176,1.0271265823969258,1395,5153,False,False,False,False
7594,CSS_J223658.1+164106,EW,EW,False,False,0.43728760328004723,1.1410800342766543,1641,1749,False,False,False,False
7595,CSS_J032346.7+331919,EA,EA,False,False,0.5823331142307404,1.2597273424790578,163,709,False,False,False,False
7596,CSS_J173135.5+061805,EW,EW,False,False,0.40472957924420044,1.1720035638880406,2905,1349,False,False,False,False
7597,CSS_J104306.7+152631,EW,EW,False,False,0.38259941799543334,1.4190111119149533,4634,240,False,False,False,False
7598,CSS_J173019.6+291607,EW,EW,False,False,0.36506954758544113,0.998527708070713,6674,6846,False,False,False,False
7599,CSS_J221413.1+172645,EW,EW,False,False,0.36858023248951105,0.9685445088096648,6270,7968,False,False,False,False
7600,CSS_J133915.7-105458,RRc,RRc,False,False,0.44945255758365243,1.1496245129949458,1337,1629,False,False,False,False
7601,CSS_J075611.5+054258,EW,EW,False,False,0.36478616891045856,1.0855088532187906,6713,2893,False,False,False,False
7602,CSS_J025426.8+293045,EW,EW,False,False,0.4223417172889996,1.041721120162675,2118,4466,False,False,False,False
7603,CSS_J091755.3+394025,EW,EW,False,False,0.37465816656976914,1.1616254158158807,5512,1481,False,False,False,False
7604,CSS_J071404.7+443843,EA,EA,False,False,0.527630023274365,1.0272739656450258,357,5143,False,False,False,False
7605,CSS_J070535.2+431152,EW,EW,False,False,0.3686746528875275,0.9849143962338675,6250,7585,False,False,False,False
7606,CSS_J051729.2+083846,EW,EW,False,False,0.3684966942628849,0.9730605916670498,6286,7920,False,False,False,False
7607,CSS_J031209.5+264902,EW,EW,False,False,0.3641015313193537,1.0316388523635536,6780,4938,False,False,False,False
7608,CSS_J174840.3+634447,RRab,RRab,False,False,0.42526085386546836,0.9777747171286645,2016,7829,False,False,False,False
7609,CSS_J111644.9+235928,RRc,RRc,False,False,0.3682693665565097,1.0199977229908974,6309,5521,False,False,False,False
7610,CSS_J110237.3+031909,EW,RRc,True,False,0.35697367484199266,1.0168405547917636,7520,5711,False,False,False,False
7611,CSS_J135516.9+470111,RRab,RRab,False,False,0.45658546011157813,1.2367088284191143,1186,818,False,False,False,False
7612,CSS_J021902.9+265350,EW,EW,False,False,0.4749498427072937,1.1606361599775048,855,1501,False,False,False,False
7613,CSS_J171639.4+251404,EW,EW,False,False,0.38619742122729517,1.0750280943094945,4256,3193,False,False,False,False
7614,CSS_J042840.7-042207,EW,EA,True,False,0.446457735342019,1.017958728901817,1407,5650,False,False,False,False
7615,CSS_J053341.0-031328,EW,EW,False,False,0.36720462977956486,1.0671855006910203,6432,3440,False,False,False,False
7616,CSS_J140745.3-130430,RRc,RRc,False,False,0.4115525958742468,1.1758236601402947,2571,1302,False,False,False,False
7617,CSS_J070635.6+425758,EW,EW,False,False,0.41481480572791274,1.0904091795167523,2403,2757,False,False,False,False
7618,CSS_J161807.6+314831,EW,EW,False,False,0.3866586660977005,1.0106949522618636,4210,6103,False,False,False,False
7619,CSS_J082655.3+272214,EW,EW,False,False,0.3630512101051065,1.1857739585802825,6892,1201,False,False,False,False
7620,CSS_J221728.5-093701,EW,EW,False,False,0.3719858508200167,1.1723741813271622,5827,1345,False,False,False,False
7621,CSS_J034243.4+381719,EW,EW,False,False,0.3668954653260055,1.1867643140763833,6472,1189,False,False,False,False
7622,CSS_J100758.8-052155,RRc,RRc,False,False,0.3954666329934444,1.084596461102644,3473,2920,False,False,False,False
7623,CSS_J161707.3+213134,EW,EW,False,False,0.3670217914890429,0.9826718399679732,6451,7671,False,False,False,False
7624,CSS_J010935.8+245410,EW,EW,False,False,0.3688360408057099,1.0061440343118826,6231,6382,False,False,False,False
7625,CSS_J210152.7+065259,EW,EW,False,False,0.3611029888897492,1.017070459658901,7106,5701,False,False,False,False
7626,CSS_J205911.9-112242,EW,EW,False,False,0.3633004866849899,1.0091068755366719,6867,6177,False,False,False,False
7627,CSS_J014050.8-134326,EW,EW,False,False,0.36083867256498603,1.0012252414737692,7139,6682,False,False,False,False
7628,CSS_J033818.6+180648,EW,EW,False,False,0.4409471636587124,1.2280975171684279,1552,875,False,False,False,False
7629,CSS_J011745.6+102718,RRc,RRc,False,False,0.36435212660135646,1.1724745867772626,6758,1341,False,False,False,False
7630,CSS_J233640.7+231807,EW,EW,False,False,0.34581864024253506,0.9868394402479522,8000,7486,False,False,False,False
7631,CSS_J001510.0+332157,EW,EW,False,False,0.43294245378891677,1.2545672006651085,1756,730,False,False,False,False
7632,CSS_J003654.3+105917,EA,EA,False,False,0.4206283157947392,0.9839472141779011,2173,7624,False,False,False,False
7633,CSS_J072032.8+655559,EW,EW,False,False,0.3645102295595318,1.021785758990725,6739,5424,False,False,False,False
7634,CSS_J043626.6+370326,EW,EW,False,False,0.3966673726061668,1.016774450732681,3388,5716,False,False,False,False
7635,CSS_J053009.1+043733,EW,EW,False,False,0.4270409734897326,1.0916735571114837,1950,2731,False,False,False,False
7636,CSS_J035401.6+351131,EW,EW,False,False,0.3804959283931277,1.316642533703725,4866,462,False,False,False,False
7637,CSS_J170211.1+175334,EW,EW,False,False,0.4476285493559687,1.2415650392203608,1381,800,False,False,False,False
7638,CSS_J030201.5+305954,RS CVn,RS CVn,False,True,0.42205762956171605,1.2506715504315147,2130,746,False,False,False,False
7639,CSS_J232556.1+414306,LPV,LPV,False,False,0.6398814028560232,1.2089762810975015,87,1023,True,False,False,False
7640,CSS_J164411.6-051736,EW,EW,False,False,0.354369846054041,1.0907210278340065,7729,2751,False,False,False,False
7641,CSS_J180416.0+341051,EW,EW,False,False,0.41305197159784574,0.9762017748772944,2496,7857,False,False,False,False
7642,CSS_J084655.1+265010,EW,EW,False,False,0.3727995355053766,1.058198666808393,5729,3760,False,False,False,False
7643,CSS_J222206.7+220848,LPV,LPV,False,False,0.7563641565039766,0.9758158747118605,13,7868,True,False,False,False
7644,CSS_J050000.6+155731,EW,EW,False,False,0.3725469124427719,1.032929279625128,5757,4862,False,False,False,False
7645,CSS_J090058.9-125705,EW,EW,False,False,0.3866280283685863,1.112783421760846,4213,2246,False,False,False,False
7646,CSS_J164746.0+144525,EW,EW,False,False,0.4272598882098802,1.1519815004608822,1943,1603,False,False,False,False
7647,CSS_J010653.4+353001,RS CVn,RS CVn,False,True,0.45555352064483456,1.223923506629527,1208,900,False,False,False,False
7648,CSS_J005333.3+145615,EW,EW,False,False,0.37148378520645925,1.0149926393118645,5909,5811,False,False,False,False
7649,CSS_J124237.4+380108,EA,EW,True,False,0.38004689620247584,0.9869768644516647,4916,7478,False,False,False,False
7650,CSS_J231118.6-172113,RRab,RRab,False,False,0.43156182101903856,1.0102098708812142,1800,6127,False,False,False,False
7651,CSS_J062015.1-091435,RRc,EW,True,False,0.3572300433859061,1.3219359353373412,7496,447,False,False,False,False
7652,CSS_J050334.3-063825,EW,EW,False,False,0.3519942786640213,0.9882619822220864,7864,7401,False,False,False,False
7653,CSS_J002727.7+365008,EW,EW,False,False,0.37978396841710454,1.0309937250297974,4948,4970,False,False,False,False
7654,CSS_J024135.0+364921,EW,EW,False,False,0.4051669482481911,1.0545098327461715,2878,3896,False,False,False,False
7655,CSS_J154125.3+155813,EA,EA,False,False,0.47773744412176716,1.2108212884116045,818,1006,False,False,False,False
7656,CSS_J045741.4-015347,RS CVn,RS CVn,False,True,0.3980387064407082,1.2915914180350074,3298,565,False,False,False,False
7657,CSS_J180125.0+371751,EW,EW,False,False,0.4096739050071389,1.2641070823393747,2661,682,False,False,False,False
7658,CSS_J221127.7-052301,EA,EW,True,False,0.3891962473944659,1.0345392294815563,3976,4777,False,False,False,False
7659,CSS_J072018.6+345751,EW,EW,False,False,0.39299359765264047,1.0424905244495004,3666,4439,False,False,False,False
7660,CSS_J112401.9-085130,RRd,EW,True,True,0.4226792216224323,1.183408272774289,2106,1226,False,False,False,False
7661,CSS_J210642.5+041605,RRc,RRc,False,False,0.3703410885212825,0.9939313836143906,6053,7099,False,False,False,False
7662,CSS_J142204.1+342249,EW,EW,False,False,0.365888996726799,0.9909231069146138,6592,7263,False,False,False,False
7663,CSS_J020448.4+011051,EW,EW,False,False,0.4095320205275516,1.4357143207064837,2668,225,False,False,False,False
7664,CSS_J034618.4+092952,RRab,RRab,False,False,0.5121316886291133,1.119315814588578,437,2116,False,False,False,False
7665,CSS_J021911.0+402916,RRd,EW,True,True,0.39148677269293997,0.9852127099857432,3792,7571,False,False,False,False
7666,CSS_J055914.0+041039,EA,EA,False,False,0.49417714576804583,1.067371021164069,590,3433,False,False,False,False
7667,CSS_J031142.9+204242,EW,EW,False,False,0.3459348517024209,1.0037768447981243,7999,6540,False,False,False,False
7668,CSS_J014803.2+134246,EW,EW,False,False,0.4319623592022105,1.0139674590277759,1789,5881,False,False,False,False
7669,CSS_J084645.9+614345,RRc,RRc,False,False,0.39021043156753676,1.002853706791994,3891,6594,False,False,False,False
7670,CSS_J075710.6+390142,EW,EW,False,False,0.3886511258820486,1.0658145669486363,4030,3497,False,False,False,False
7671,CSS_J031350.0+192448,RRc,EW,True,False,0.382346550268197,0.9825246521609055,4658,7678,False,False,False,False
7672,CSS_J050840.9+011309,EW,EW,False,False,0.41363474331990785,1.012125179709211,2468,5995,False,False,False,False
7673,CSS_J161134.3+471612,EW,EW,False,False,0.4253562308639255,1.0556877376848015,2011,3856,False,False,False,False
7674,CSS_J102816.9+100325,EA,EW,True,False,0.38880194405534574,0.9873796999935986,4012,7448,False,False,False,False
7675,CSS_J030411.2+352900,EW,EW,False,False,0.38216684802131445,0.9853316743966584,4674,7564,False,False,False,False
7676,CSS_J090837.7+301534,EW,EW,False,False,0.3778653581152151,1.0434114981764893,5147,4379,False,False,False,False
7677,CSS_J055817.2-132423,EW,EW,False,False,0.3584638331345364,0.9904831558163953,7381,7287,False,False,False,False
7678,CSS_J145525.2-094117,RRd,EW,True,True,0.4530662196396182,1.6196223187630636,1260,75,False,True,False,False
7679,CSS_J224952.0+305055,EW,EW,False,False,0.45784226662200944,1.2829568164248122,1154,596,False,False,False,False
7680,CSS_J232038.9+224831,EW,EW,False,False,0.3915173042842863,1.030998370915125,3788,4969,False,False,False,False
7681,CSS_J214139.8+185508,EW,EW,False,False,0.44045250336064873,1.2300527796675584,1566,858,False,False,False,False
7682,CSS_J025114.1+100320,RRc,RRc,False,False,0.37005707191216497,0.9917703382101906,6088,7215,False,False,False,False
7683,CSS_J025939.5+360857,EW,EW,False,False,0.3810146846324549,1.0603572153870655,4808,3672,False,False,False,False
7684,CSS_J041836.7+015110,EW,EW,False,False,0.3705835963352797,1.0442610404386445,6028,4353,False,False,False,False
7685,CSS_J102008.0-095827,EW,EW,False,False,0.36409927698702155,1.2270057270565982,6781,882,False,False,False,False
7686,CSS_J081507.5+040655,EW,EW,False,False,0.44374548889872,1.0288813995864055,1480,5062,False,False,False,False
7687,CSS_J072506.3+411054,EA,EA,False,False,0.4821595578025388,1.0542683491752463,753,3907,False,False,False,False
7688,CSS_J001531.7-084634,EW,EW,False,False,0.3783868136756872,1.0792943793164127,5083,3067,False,False,False,False
7689,CSS_J171747.2+150125,EW,EW,False,False,0.3703527980798818,1.393764645238511,6051,284,False,False,False,False
7690,CSS_J173002.6+100322,EA,EW,True,False,0.42397287541749545,1.026549144759818,2051,5177,False,False,False,False
7691,CSS_J160450.1+520159,EA,LPV,True,False,0.7315638000430382,2.076655332012028,26,17,True,True,True,False
7692,CSS_J140106.0-145309,EW,EW,False,False,0.3838234788732027,1.1911528283128754,4509,1147,False,False,False,False
7693,CSS_J090804.5+321154,EW,EW,False,False,0.3883789053208767,1.0094231610256048,4048,6157,False,False,False,False
7694,CSS_J112349.6-125648,RRab,RRab,False,False,0.4050370295639405,1.0203825723884143,2885,5500,False,False,False,False
7695,CSS_J163710.4+561702,EW,EW,False,False,0.4091314939471317,1.2634707168539725,2688,688,False,False,False,False
7696,CSS_J112533.3-110615,EW,EW,False,False,0.379223753830372,1.0906842287483383,5000,2753,False,False,False,False
7697,CSS_J104011.7-022408,RS CVn,RS CVn,False,True,0.40109438985274104,1.1739602066481643,3105,1322,False,False,False,False
7698,CSS_J133730.1+104648,EW,EW,False,False,0.39874711752319564,1.1551216870299164,3250,1557,False,False,False,False
7699,CSS_J163007.4+012512,EW,EW,False,False,0.42840009806295465,1.0274138665424375,1903,5134,False,False,False,False
7700,CSS_J120118.9-072633,EW,EW,False,False,0.36627838077433905,0.9913725138594142,6547,7238,False,False,False,False
7701,CSS_J163238.3-024553,EW,EW,False,False,0.3861120525946453,0.9888444678839534,4266,7368,False,False,False,False
7702,CSS_J014209.2+130413,EW,EW,False,False,0.36521252442576946,0.9750446263728112,6665,7879,False,False,False,False
7703,CSS_J064903.8+370332,EW,EW,False,False,0.3809997748429288,1.0006278718164707,4810,6721,False,False,False,False
7704,CSS_J052316.7+161748,EW,EW,False,False,0.36658769232537525,0.9921604879628341,6515,7189,False,False,False,False
7705,CSS_J033122.1+363124,EW,EW,False,False,0.43567948754099434,1.0794656860175142,1681,3062,False,False,False,False
7706,CSS_J230102.9+154115,EA,EA,False,False,0.4268178768093267,0.9953405564106452,1958,7016,False,False,False,False
7707,CSS_J054623.4+013155,EW,EW,False,False,0.38052956406476407,1.0665478666183357,4863,3466,False,False,False,False
7708,CSS_J212601.4+123056,EW,EW,False,False,0.3691153821910827,1.0139877973139215,6205,5878,False,False,False,False
7709,CSS_J091446.2+173114,EW,EW,False,False,0.37385637786629733,1.007872288369851,5609,6271,False,False,False,False
7710,CSS_J125917.6-122915,RRc,RRc,False,False,0.378783823202569,1.378350135886136,5044,320,False,False,False,False
7711,CSS_J040036.3-190207,EW,EW,False,False,0.42515116115855256,1.02637285683349,2021,5189,False,False,False,False
7712,CSS_J024548.0-165226,RRc,RRc,False,False,0.4125677350181872,1.0866638590990199,2521,2863,False,False,False,False
7713,CSS_J055949.9-191055,EW,EW,False,False,0.35130507154552115,0.9908706875461475,7901,7264,False,False,False,False
7714,CSS_J171503.6+155722,RS CVn,EW,True,True,0.4167800683443119,1.078245272462048,2332,3101,False,False,False,False
7715,CSS_J125209.1+294938,EA,EA,False,False,0.4304917431973321,1.0439109990733484,1838,4366,False,False,False,False
7716,CSS_J073635.7+361137,EA,EA,False,False,0.5832891338687292,1.1313146666516627,161,1910,False,False,False,False
7717,CSS_J161802.3-040053,RRab,RRab,False,False,0.404691633765815,1.0954058744827297,2907,2636,False,False,False,False
7718,CSS_J204330.6-163216,EA,EA,False,False,0.47258110615400806,1.0211200597699635,896,5468,False,False,False,False
7719,CSS_J030731.7+292618,EW,EW,False,False,0.3897301077864267,1.0369549461907832,3927,4670,False,False,False,False
7720,CSS_J100005.5+355119,RS CVn,RS CVn,False,True,0.3804828193734401,1.1043577348621076,4871,2420,False,False,False,False
7721,CSS_J035235.5+371654,EW,EW,False,False,0.35543135868391945,0.9999201176170402,7652,6769,False,False,False,False
7722,CSS_J005336.6+350702,EW,EW,False,False,0.39319789911944103,1.1478008588049475,3649,1663,False,False,False,False
7723,CSS_J012014.3+154942,EW,EW,False,False,0.35506954915677735,0.9989387451649016,7674,6815,False,False,False,False
7724,CSS_J040242.1-042455,EW,EW,False,False,0.3825658967079449,1.0419046079749523,4638,4459,False,False,False,False
7725,CSS_J172835.5+085504,RRc,RRc,False,False,0.3792015023851104,1.1227843659014183,5004,2037,False,False,False,False
7726,CSS_J161022.7+214826,RRc,RRd,True,False,0.36669552144999823,1.0148524070143334,6504,5817,False,False,False,False
7727,CSS_J022253.3+321729,EA,EA,False,False,0.49426285242454354,1.0340581598877245,588,4810,False,False,False,False
7728,CSS_J213830.8+153052,EW,EW,False,False,0.369838417557357,0.981214929764349,6111,7723,False,False,False,False
7729,CSS_J044651.8+022955,EA,EA,False,False,0.48728576859763467,1.102397117125704,672,2472,False,False,False,False
7730,CSS_J151113.8-172630,EW,EW,False,False,0.4047446389840275,1.1507585789623365,2904,1614,False,False,False,False
7731,CSS_J015203.6+365712,EW,EW,False,False,0.392876631680232,1.3988317778234232,3679,278,False,False,False,False
7732,CSS_J131131.8+073916,RRc,RRc,False,False,0.42026805610857304,1.0595587699096785,2193,3708,False,False,False,False
7733,CSS_J212942.3+043629,EW,EW,False,False,0.42314839557433415,1.039750521780225,2082,4543,False,False,False,False
7734,CSS_J080147.9+335333,EA,EA,False,False,0.5280321094286635,1.0809470260189498,353,3020,False,False,False,False
7735,CSS_J043219.1+103910,EW,EW,False,False,0.37387399936183485,1.0753302646877896,5605,3188,False,False,False,False
7736,CSS_J213727.0-092148,EW,EW,False,False,0.3945994621531674,1.0167010228855413,3540,5720,False,False,False,False
7737,CSS_J211950.0-182448,EW,EW,False,False,0.3783327609558596,1.002549108463657,5089,6614,False,False,False,False
7738,CSS_J113218.4+173039,EW,EW,False,False,0.3782615739048353,0.9892252293125404,5094,7351,False,False,False,False
7739,CSS_J212621.0-091624,RS CVn,RS CVn,False,True,0.6576372826585032,1.1737901315220833,70,1326,True,False,False,False
7740,CSS_J022410.9+013059,EW,EW,False,False,0.38220871874806106,1.0295575372267023,4672,5030,False,False,False,False
7741,CSS_J085643.9+071032,EW,EW,False,False,0.3875675892178034,1.0844826385555462,4123,2924,False,False,False,False
7742,CSS_J080418.2+143507,EW,EW,False,False,0.3843623737856803,1.0447343128483213,4447,4328,False,False,False,False
7743,CSS_J170052.3+121419,EW,EW,False,False,0.40408089117933005,1.4800498052610649,2941,177,False,False,False,False
7744,CSS_J060306.4-033206,EA,EA,False,False,0.4747867394607385,1.0141823756689596,858,5866,False,False,False,False
7745,CSS_J080447.7+035806,EA,EA,False,False,0.40795314124394755,1.0428595750815162,2740,4415,False,False,False,False
7746,CSS_J212431.2-080130,EW,EW,False,False,0.48805623702353096,1.3769328935436433,662,323,False,False,False,False
7747,CSS_J123353.8-080738,EW,EW,False,False,0.38788574750404914,1.1929147231009218,4096,1130,False,False,False,False
7748,CSS_J223504.5+243353,EW,EW,False,False,0.35662344183194133,0.9805642155398058,7546,7743,False,False,False,False
7749,CSS_J033012.2+052238,EW,EW,False,False,0.4260878459133201,1.1271652396233098,1982,1972,False,False,False,False
7750,CSS_J214809.7-120100,EW,EW,False,False,0.38112815361973956,1.0445616346776865,4798,4338,False,False,False,False
7751,CSS_J215905.4+205224,RRc,EW,True,False,0.4135272973229008,1.2285514983944892,2480,873,False,False,False,False
7752,CSS_J141226.4-032751,RRab,RRab,False,False,0.47401279510094996,1.0732267665701112,871,3239,False,False,False,False
7753,CSS_J164647.6+405117,RRc,RRc,False,False,0.3610674229867905,1.0266684450052455,7111,5171,False,False,False,False
7754,CSS_J044749.0+124226,EW,EW,False,False,0.4027307850601221,1.0100426596432466,3015,6132,False,False,False,False
7755,CSS_J110500.8-092814,EW,EW,False,False,0.40778681123336735,1.157129652734714,2749,1538,False,False,False,False
7756,CSS_J093250.9-022720,EW,EW,False,False,0.3765050350258702,1.0431216978095903,5296,4397,False,False,False,False
7757,CSS_J094635.2+585539,EW,EW,False,False,0.4240232187589433,1.100236534909955,2048,2531,False,False,False,False
7758,CSS_J204408.0-022627,EW,EW,False,False,0.36550280541486385,1.039357813909891,6636,4559,False,False,False,False
7759,CSS_J174118.5+221940,EW,EW,False,False,0.40326470998841607,1.078128186533948,2982,3103,False,False,False,False
7760,CSS_J051753.4+051640,EW,RRc,True,False,0.3960271202582944,1.0609238685464548,3429,3658,False,False,False,False
7761,CSS_J035658.2+295950,EW,EW,False,False,0.42401986583132245,1.55190145944447,2049,116,False,True,False,False
7762,CSS_J122634.4-142720,EW,EW,False,False,0.3871766911597947,1.1479214573101266,4159,1660,False,False,False,False
7763,CSS_J024329.0+360645,EW,EA,True,False,0.4781550102569641,1.0373455567511247,815,4648,False,False,False,False
7764,CSS_J081433.2-013206,EW,EW,False,False,0.36220722557145696,0.9791236963744583,6987,7788,False,False,False,False
7765,CSS_J012110.7+164138,EW,EW,False,False,0.35364723095931505,0.9971413781511916,7780,6917,False,False,False,False
7766,CSS_J234527.6+115404,EW,EW,False,False,0.3895286782860951,1.0818561019520834,3947,2994,False,False,False,False
7767,CSS_J221146.3+100200,EW,EW,False,False,0.3890053725267017,1.033864274830299,3991,4822,False,False,False,False
7768,CSS_J221120.7+132121,EW,EW,False,False,0.3470937358354116,1.0309062591089586,7996,4975,False,False,False,False
7769,CSS_J084224.7+522451,EW,EW,False,False,0.3726014435425376,1.0340509701765472,5751,4811,False,False,False,False
7770,CSS_J044459.7+201322,EW,EW,False,False,0.4508060335536234,1.2980376679367291,1309,539,False,False,False,False
7771,CSS_J165609.7+424219,EW,EW,False,False,0.37376896651119296,1.293859695670752,5621,558,False,False,False,False
7772,CSS_J143312.8+501622,EW,EW,False,False,0.3754479350615534,0.9953984341171866,5421,7012,False,False,False,False
7773,CSS_J155107.6+261911,EW,EW,False,False,0.41110805323669264,1.5580444356444614,2594,111,False,True,False,False
7774,CSS_J222430.3+100153,EW,EW,False,False,0.42274476644737957,1.0394265455831797,2103,4558,False,False,False,False
7775,CSS_J105241.9-090858,RRc,EW,True,False,0.417928375425817,1.1850527020992119,2287,1212,False,False,False,False
7776,CSS_J141218.4+030448,RRc,RRc,False,False,0.3719615582721799,0.9912150412356102,5831,7247,False,False,False,False
7777,CSS_J100857.8+012430,EW,EW,False,False,0.3722068513659275,1.0606920476576422,5800,3661,False,False,False,False
7778,CSS_J075749.0+461624,EW,EW,False,False,0.38485216011304196,1.0426429987579393,4396,4429,False,False,False,False
7779,CSS_J163640.3+071056,EW,EW,False,False,0.3539659722470886,1.0308580537412655,7759,4977,False,False,False,False
7780,CSS_J180318.9+394011,EW,EW,False,False,0.3715271748310306,1.021747361134469,5904,5427,False,False,False,False
7781,CSS_J121309.2+064431,RRc,RRc,False,False,0.39535396477755647,1.0614161716923052,3482,3646,False,False,False,False
7782,CSS_J235734.2+272344,EW,EW,False,False,0.36279570866176636,1.0149257630018922,6921,5814,False,False,False,False
7783,CSS_J043406.2+295317,EW,EW,False,False,0.40360070692723676,1.0184288531109116,2964,5610,False,False,False,False
7784,CSS_J073712.8+505845,EW,EW,False,False,0.3618235421272775,0.9821692602440576,7019,7695,False,False,False,False
7785,CSS_J202342.3-143151,EA,EW,True,False,0.48990899430883117,1.3218691946521264,646,448,False,False,False,False
7786,CSS_J052716.2+092852,EW,EW,False,False,0.4058009079449022,1.170256804698791,2839,1367,False,False,False,False
7787,CSS_J005949.9+303154,EW,EW,False,False,0.35558019793463846,1.0050536112382504,7641,6461,False,False,False,False
7788,CSS_J074909.7+500153,RRc,RRc,False,False,0.37387863944863087,1.018023585800684,5603,5643,False,False,False,False
7789,CSS_J142259.4+245025,EW,EW,False,False,0.3585471118243647,1.0067200454536778,7368,6334,False,False,False,False
7790,CSS_J142642.5-132337,EW,EW,False,False,0.37441998345510014,1.0389320860690068,5540,4580,False,False,False,False
7791,CSS_J172053.0+075002,EW,EW,False,False,0.393764444825674,1.0364962757043827,3614,4690,False,False,False,False
7792,CSS_J175152.3+482556,EW,EW,False,False,0.3777897235002153,1.0009302046710074,5155,6700,False,False,False,False
7793,CSS_J052304.5+113704,EW,EW,False,False,0.35644344923540267,1.1783015120954634,7572,1276,False,False,False,False
7794,CSS_J074256.5+500846,EW,EW,False,False,0.5301577918928515,1.118392316645602,341,2135,False,False,False,False
7795,CSS_J224931.9+314743,EW,EW,False,False,0.45436130125936774,1.2891099764015863,1228,577,False,False,False,False
7796,CSS_J211636.2+093034,RRc,EW,True,False,0.36275465595124384,1.120090155858579,6927,2098,False,False,False,False
7797,CSS_J152928.2-130607,RRab,RRab,False,False,0.4439173364417665,1.0183522699843348,1475,5620,False,False,False,False
7798,CSS_J153537.9-033330,LPV,RS CVn,True,False,0.5369349614805221,1.1152785001024315,309,2201,False,False,False,False
7799,CSS_J231337.3+302214,EA,EA,False,False,0.47622067688986763,1.0906932702095333,838,2752,False,False,False,False
7800,CSS_J140935.5+000302,RRab,RRab,False,False,0.46635137663928306,1.033733202053272,1003,4832,False,False,False,False
7801,CSS_J211018.2+163412,RRab,RRab,False,False,0.5260269919453651,1.1618756800207508,363,1476,False,False,False,False
7802,CSS_J083907.1-040753,EW,EW,False,False,0.3732972693295022,0.9975368274958244,5678,6893,False,False,False,False
7803,CSS_J153547.0+010845,EW,EW,False,False,0.3682969477380212,1.0394766259619446,6307,4555,False,False,False,False
7804,CSS_J083247.3+105306,RS CVn,RS CVn,False,True,0.48296791987772114,1.0367569486808272,733,4681,False,False,False,False
7805,CSS_J042436.2+000621,EW,EW,False,False,0.3850279971561697,1.0578960332524505,4377,3773,False,False,False,False
7806,CSS_J051738.6-094757,EW,EW,False,False,0.41673375583640637,1.7426881255995492,2338,51,False,True,False,False
7807,CSS_J164820.2+000707,RRc,EW,True,False,0.3842635583703165,1.0281900634620267,4461,5099,False,False,False,False
7808,CSS_J082324.1+241532,EW,EW,False,False,0.4248469772350445,1.057077582949551,2025,3806,False,False,False,False
7809,CSS_J203000.3-054035,EW,EW,False,False,0.37560862880392887,1.0334233214440391,5413,4845,False,False,False,False
7810,CSS_J040432.0+073357,EW,EW,False,False,0.4055877426357908,1.0484554038116773,2850,4153,False,False,False,False
7811,CSS_J042618.9+064523,EA,EW,True,False,0.4048231449358257,1.004876694445882,2895,6471,False,False,False,False
7812,CSS_J172129.5+315302,EW,EW,False,False,0.4351828408624239,1.1153883864360064,1688,2197,False,False,False,False
7813,CSS_J014945.6+300514,EW,EW,False,False,0.37151037521925284,1.0355123894438285,5906,4737,False,False,False,False
7814,CSS_J160013.7+283451,EW,EW,False,False,0.3795059745400441,1.0161150574772262,4972,5752,False,False,False,False
7815,CSS_J044912.6-143920,EW,EW,False,False,0.3583645793912961,1.0067083949494138,7390,6335,False,False,False,False
7816,CSS_J023415.8+320113,EW,EW,False,False,0.3687658060819421,1.0112213688642062,6238,6052,False,False,False,False
7817,CSS_J222626.6+225405,RRc,RRc,False,False,0.3866845353028196,1.0802170968252853,4205,3039,False,False,False,False
7818,CSS_J085348.9+114353,EW,EW,False,False,0.3753446937147066,1.0088859208484557,5431,6201,False,False,False,False
7819,CSS_J001542.2-043220,RRc,RRc,False,False,0.46208674213305,1.0983009964283668,1084,2582,False,False,False,False
7820,CSS_J114443.3+044121,EW,EW,False,False,0.44025463733243025,1.3815086929082967,1571,310,False,False,False,False
7821,CSS_J160733.9+605712,RRab,RRab,False,False,0.3758875715269269,1.0316481214089586,5378,4937,False,False,False,False
7822,CSS_J075715.1+185709,EW,EW,False,False,0.36900197000955254,1.0152952570283027,6217,5794,False,False,False,False
7823,CSS_J174850.7+350642,EW,EW,False,False,0.45576149820186435,0.9692424696275708,1197,7962,False,False,False,False
7824,CSS_J230649.9+400121,EW,EW,False,False,0.4279057648463707,1.165581306806886,1920,1431,False,False,False,False
7825,CSS_J031441.1+181306,EW,EW,False,False,0.35462530662002234,1.141849186471243,7714,1739,False,False,False,False
7826,CSS_J051358.4-121550,EW,EW,False,False,0.4289619028038566,1.1426495145103632,1888,1731,False,False,False,False
7827,CSS_J172448.6+354651,EA,EW,True,False,0.4636019580848389,0.9806570473523955,1060,7740,False,False,False,False
7828,CSS_J223018.9-074740,EW,EW,False,False,0.3562838680582326,0.9788314846382544,7590,7800,False,False,False,False
7829,CSS_J151415.1-102025,LPV,LPV,False,False,0.6319278536870794,1.100275400479299,94,2530,True,False,False,False
7830,CSS_J031156.9+320159,EA,EA,False,False,0.565627896059662,1.0668240272908034,210,3456,False,False,False,False
7831,CSS_J101412.1-061320,EA,EA,False,False,0.4147665542681549,1.0742645105475723,2406,3214,False,False,False,False
7832,CSS_J120316.2-175157,EW,EW,False,False,0.39557581191384245,1.108716559612763,3467,2332,False,False,False,False
7833,CSS_J053118.9+130922,EA,EA,False,False,0.49674666362655323,1.0354513759783899,564,4741,False,False,False,False
7834,CSS_J222502.6+161550,RRc,RRc,False,False,0.38866469662215686,1.0507869087111845,4027,4058,False,False,False,False
7835,CSS_J090714.1+132720,EW,EW,False,False,0.4110610818356522,1.6546729429535492,2597,66,False,True,False,False
7836,CSS_J150118.1-092529,RRab,RRab,False,False,0.4226312816981406,1.1329328742136011,2108,1880,False,False,False,False
7837,CSS_J221211.6+192833,EA,EA,False,False,0.4863292459588918,1.0534137173301712,682,3930,False,False,False,False
7838,CSS_J043659.2+045103,EW,EW,False,False,0.3721936291939281,1.0561998333388711,5802,3837,False,False,False,False
7839,CSS_J232730.7+360355,EW,EW,False,False,0.374200970079531,0.9822042151762652,5568,7691,False,False,False,False
7840,CSS_J215158.9+151945,EW,EA,True,False,0.4528613085519037,1.0302596702478144,1267,5008,False,False,False,False
7841,CSS_J162245.9-041119,EW,EW,False,False,0.37370454165637756,1.009646237183723,5632,6149,False,False,False,False
7842,CSS_J165233.3+291459,EW,EW,False,False,0.37117552361729117,1.0255923533409934,5953,5232,False,False,False,False
7843,CSS_J070514.3+544024,RRab,RRab,False,False,0.40018235225871224,1.0037714697242242,3159,6542,False,False,False,False
7844,CSS_J075839.0+134338,EW,EW,False,False,0.4236765333021104,0.9760664297725532,2059,7863,False,False,False,False
7845,CSS_J024256.8+344313,EW,EW,False,False,0.3562214984293045,0.9966791328410094,7598,6939,False,False,False,False
7846,CSS_J095535.4+484353,EW,EW,False,False,0.36730386527569536,0.9895050205808937,6417,7339,False,False,False,False
7847,CSS_J205212.0+044430,EW,EW,False,False,0.38754606142211917,1.017929913662923,4127,5651,False,False,False,False
7848,CSS_J094627.8+430043,EW,EW,False,False,0.4628999896974304,1.1916942620383424,1072,1143,False,False,False,False
7849,CSS_J154243.9+524442,EW,EW,False,False,0.43385042294391785,1.0445373463437677,1728,4339,False,False,False,False
7850,CSS_J163838.6+023121,RRc,RRc,False,False,0.37674912371791813,1.2427621142494607,5262,796,False,False,False,False
7851,CSS_J075227.8+295119,EW,EW,False,False,0.379493277642685,1.0447889193486515,4973,4323,False,False,False,False
7852,CSS_J125011.4+070903,EW,EW,False,False,0.3906082992965676,1.0201768408545409,3858,5511,False,False,False,False
7853,CSS_J155435.7-162847,LPV,LPV,False,False,0.7478914895834781,1.0432119543881686,17,4389,True,False,False,False
7854,CSS_J080819.4+213001,EW,EW,False,False,0.39197082366843355,1.229193174887896,3750,867,False,False,False,False
7855,CSS_J075749.4+153407,EW,EW,False,False,0.39363505210240185,1.0293391696605318,3624,5041,False,False,False,False
7856,CSS_J034145.4+305200,RRc,RRc,False,False,0.39235148449645574,1.1992198644265153,3721,1089,False,False,False,False
7857,CSS_J033759.8+384304,EW,RRc,True,False,0.4090553737839601,1.0730117791413893,2689,3246,False,False,False,False
7858,CSS_J150940.1+010327,EW,EW,False,False,0.39067248392960796,1.0675607332563568,3854,3420,False,False,False,False
7859,CSS_J084949.1+050040,EA,EA,False,False,0.5928948949147789,1.0878041735037232,143,2836,True,False,False,False
7860,CSS_J100540.1-010800,EW,EW,False,False,0.37627383060466646,0.9952115488125273,5321,7022,False,False,False,False
7861,CSS_J052740.6+010357,RS CVn,RS CVn,False,True,0.3771742348870616,1.1324548532463634,5215,1890,False,False,False,False
7862,CSS_J054253.6+013427,EW,EW,False,False,0.3539250223400001,1.163537731148495,7761,1454,False,False,False,False
7863,CSS_J215711.7-021144,EA,EA,False,False,0.47767359221756134,1.0485995076033237,822,4144,False,False,False,False
7864,CSS_J084141.8+420622,EW,EW,False,False,0.402294482160949,1.0019654150308364,3048,6652,False,False,False,False
7865,CSS_J034740.9-024658,EW,RS CVn,True,False,0.39291881167350656,1.0330559862817204,3676,4859,False,False,False,False
7866,CSS_J060534.5-054821,EA,EA,False,False,0.3918771038096653,1.0002335001270526,3761,6748,False,False,False,False
7867,CSS_J013129.9+401754,EW,EW,False,False,0.38928114133963326,1.0007389576932033,3964,6716,False,False,False,False
7868,CSS_J164001.7+202158,EW,EW,False,False,0.3604239509293825,0.9863845725840669,7185,7506,False,False,False,False
7869,CSS_J023834.5+291832,EW,EW,False,False,0.404615480953899,0.9870943425313656,2912,7471,False,False,False,False
7870,CSS_J091917.9+481939,EW,EW,False,False,0.36616263452130976,1.007475141307041,6561,6296,False,False,False,False
7871,CSS_J125216.6+481916,EW,EW,False,False,0.3504183375341805,0.9849558269332339,7937,7583,False,False,False,False
7872,CSS_J045318.7+243448,EW,EW,False,False,0.38517961600616485,1.0441123506421586,4361,4357,False,False,False,False
7873,CSS_J044139.7+303724,EW,EW,False,False,0.3512067518999238,1.08494544929514,7906,2909,False,False,False,False
7874,CSS_J005607.4+214639,EW,EW,False,False,0.37785839205995997,1.001655593289506,5148,6664,False,False,False,False
7875,CSS_J035456.5+303733,EW,EW,False,False,0.37910181307711505,0.9923410974163416,5013,7174,False,False,False,False
7876,CSS_J173328.2+102639,EW,EW,False,False,0.3824545220376741,1.5341617992934715,4649,128,False,True,False,False
7877,CSS_J053703.0+010517,EW,EW,False,False,0.40933656524250844,1.022604300051545,2678,5383,False,False,False,False
7878,CSS_J211259.5+021625,EW,EW,False,False,0.34819740812375644,0.9920294793142151,7981,7194,False,False,False,False
7879,CSS_J150527.7+191605,EW,EW,False,False,0.3990954396341174,1.0415621079944415,3219,4468,False,False,False,False
7880,CSS_J124710.0-102044,RRc,RRc,False,False,0.3804851652628184,1.0598544087997381,4870,3692,False,False,False,False
7881,CSS_J132609.7+242657,EW,EW,False,False,0.3587444367109751,1.0759477951596144,7348,3172,False,False,False,False
7882,CSS_J045525.7+041449,EW,EW,False,False,0.3888038268768044,1.062171282226187,4011,3624,False,False,False,False
7883,CSS_J091430.7-155217,RRc,EW,True,False,0.37575994100019283,1.180366306319128,5390,1258,False,False,False,False
7884,CSS_J234331.2-010354,EA,EA,False,False,0.49125826353047425,1.2966907344063379,627,543,False,False,False,False
7885,CSS_J170106.7+370801,EW,EW,False,False,0.3812816132352242,1.0168048299937387,4776,5713,False,False,False,False
7886,CSS_J042707.9-123847,EW,EW,False,False,0.46376607701380995,1.2938244381049167,1052,560,False,False,False,False
7887,CSS_J163321.3+543928,EW,EW,False,False,0.38651477858597283,1.0723778888827566,4226,3270,False,False,False,False
7888,CSS_J055946.0-065211,RRc,EW,True,False,0.38963363745865187,1.1455532690385433,3941,1697,False,False,False,False
7889,CSS_J025139.4+191053,EW,EW,False,False,0.4172322588678737,1.0933734949396592,2309,2682,False,False,False,False
7890,CSS_J085306.7+100212,EW,EW,False,False,0.3712344236218506,0.9805484828972848,5946,7744,False,False,False,False
7891,CSS_J085648.6+025504,EW,EW,False,False,0.4577079102912382,0.9776520970780898,1161,7832,False,False,False,False
7892,CSS_J045256.5+125211,EW,EW,False,False,0.35363982367644853,0.984627391427326,7781,7601,False,False,False,False
7893,CSS_J170713.8+311403,RRc,RRc,False,False,0.4414558616366064,1.0599269554268491,1536,3688,False,False,False,False
7894,CSS_J035811.1+312037,EW,EW,False,False,0.37453770398104785,0.9796628802761894,5528,7771,False,False,False,False
7895,CSS_J112743.9+361941,RRc,RRc,False,False,0.38656159249612443,1.347794429895637,4218,384,False,False,False,False
7896,CSS_J101913.4+301035,EA,EW,True,False,0.4533895153425198,1.197421147220356,1248,1098,False,False,False,False
7897,CSS_J070417.2+413236,EW,EW,False,False,0.4107623379476807,1.1182014796748228,2618,2142,False,False,False,False
7898,CSS_J032710.6+342945,EW,EW,False,False,0.3913723329229925,1.0779915887062814,3801,3107,False,False,False,False
7899,CSS_J074300.2+451225,EA,EA,False,False,0.49098501601420663,1.0148362759534266,635,5820,False,False,False,False
7900,CSS_J130512.7+102839,RRc,RRc,False,False,0.36936655510199734,1.0339546560265742,6170,4816,False,False,False,False
7901,CSS_J115157.3+072341,EA,EA,False,False,0.4747525804076941,1.0223797952209979,860,5400,False,False,False,False
7902,CSS_J234320.3+265120,EW,EW,False,False,0.35922896689454925,1.0181150050654812,7305,5636,False,False,False,False
7903,CSS_J031747.5+355149,EW,EW,False,False,0.3553366972690338,0.9829002961103557,7657,7664,False,False,False,False
7904,CSS_J012944.3+441143,EW,EW,False,False,0.37778288308953606,1.0119536176964594,5157,6006,False,False,False,False
7905,CSS_J051109.1+035924,EW,EW,False,False,0.3583937835675552,1.0321036962937913,7388,4917,False,False,False,False
7906,CSS_J050050.6-105047,RS CVn,EW,True,True,0.3737056411621457,1.0185332662056186,5631,5600,False,False,False,False
7907,CSS_J210400.3+064509,EW,EW,False,False,0.3936335295905909,1.2026566307321989,3625,1073,False,False,False,False
7908,CSS_J015341.9+381641,EW,EW,False,False,0.3700591791419914,0.9778810481274185,6085,7827,False,False,False,False
7909,CSS_J210807.8+112543,EW,EW,False,False,0.36951208060792423,1.2243574457532125,6150,896,False,False,False,False
7910,CSS_J102437.4-100318,EW,EA,True,False,0.4449934096008511,1.0578722947572616,1447,3774,False,False,False,False
7911,CSS_J021447.8+300644,EW,EW,False,False,0.3666037841589485,1.1128891213191454,6513,2243,False,False,False,False
7912,CSS_J071727.2+283904,EW,EW,False,False,0.3752721300332842,1.004164080346827,5437,6515,False,False,False,False
7913,CSS_J064758.7+551615,EW,EW,False,False,0.36835117745103946,1.1241100873130558,6303,2024,False,False,False,False
7914,CSS_J155635.5-151603,EW,EW,False,False,0.4112358164606193,1.0978233802657784,2583,2591,False,False,False,False
7915,CSS_J165842.0+054307,EW,EW,False,False,0.3872113109103714,1.104772780212265,4153,2411,False,False,False,False
7916,CSS_J021504.7+230113,LPV,RS CVn,True,False,0.5087784778155799,1.318523844383168,469,455,False,False,False,False
7917,CSS_J230614.8+085712,EA,EA,False,False,0.48404709266596885,1.0333978961212904,715,4846,False,False,False,False
7918,CSS_J170113.2+193034,EW,EW,False,False,0.35933137469689297,0.9876052258107887,7296,7431,False,False,False,False
7919,CSS_J111531.0+143444,RRab,RRab,False,False,0.4848543112682555,0.9958309076426245,698,6985,False,False,False,False
7920,CSS_J025144.7+404958,EW,EW,False,False,0.3934771468529967,1.0021371278952178,3636,6640,False,False,False,False
7921,CSS_J172054.3+452127,RRc,RRc,False,False,0.3897829833796911,1.1612747168669904,3920,1486,False,False,False,False
7922,CSS_J054630.5+015741,EW,EW,False,False,0.37154163194919615,1.0588657725684576,5900,3739,False,False,False,False
7923,CSS_J105038.5+212149,LPV,RS CVn,True,False,0.5518303210379937,1.0341667312156442,247,4808,False,False,False,False
7924,CSS_J051317.3+163213,EW,EW,False,False,0.36187040824462235,1.0070697973680622,7015,6319,False,False,False,False
7925,CSS_J015016.5+030304,EA,EA,False,False,0.5245076584120701,1.083976003009474,373,2936,False,False,False,False
7926,CSS_J045345.1+180413,LPV,LPV,False,False,0.7604010879722432,0.9802236246689183,10,7753,True,False,False,False
7927,CSS_J085904.4-085529,EW,EW,False,False,0.39846598686731693,1.3493992646378279,3271,377,False,False,False,False
7928,CSS_J044850.0+080919,EW,EW,False,False,0.35169714219350656,1.0486860237706586,7881,4142,False,False,False,False
7929,CSS_J150942.6+344755,EW,EA,True,False,0.4127288803733952,0.9771204427411663,2515,7843,False,False,False,False
7930,CSS_J224017.7-031552,RRc,RRc,False,False,0.3948602139779456,1.0508729664976089,3521,4056,False,False,False,False
7931,CSS_J104015.3+005240,EW,EW,False,False,0.3622813424258178,1.0803171493194856,6977,3034,False,False,False,False
7932,CSS_J004923.0+034640,EA,EW,True,False,0.41760423966888616,0.9954566650387499,2295,7010,False,False,False,False
7933,CSS_J150544.8+232258,EW,EW,False,False,0.36576264431246736,0.9934674434914514,6611,7119,False,False,False,False
7934,CSS_J231834.1+363828,RRab,EW,True,False,0.507962300698877,1.2356294998423003,477,823,False,False,False,False
7935,CSS_J053311.1-133559,EW,EW,False,False,0.35432320546946283,1.0361341475678358,7733,4704,False,False,False,False
7936,CSS_J125736.7+303028,EW,EW,False,False,0.38944641007962183,1.03871359063696,3952,4593,False,False,False,False
7937,CSS_J011554.8+333206,EW,EW,False,False,0.3644450608124837,1.0469211621782237,6747,4224,False,False,False,False
7938,CSS_J034948.3-140853,RRab,RRab,False,False,0.3689541467768371,1.0129608470980043,6221,5937,False,False,False,False
7939,CSS_J071918.3+515750,EW,EW,False,False,0.5101010592595981,1.1271746525105573,457,1971,False,False,False,False
7940,CSS_J160301.3+162520,EW,EW,False,False,0.3800088186694469,1.1476098113782702,4922,1669,False,False,False,False
7941,CSS_J113923.2+181058,EA,EW,True,False,0.3701906319238694,1.0888144139631242,6069,2811,False,False,False,False
7942,CSS_J230902.7+333153,EW,EW,False,False,0.4052243806445139,1.183134624551931,2871,1230,False,False,False,False
7943,CSS_J054229.1+032713,EW,EW,False,False,0.3660875006399139,1.012980901529377,6569,5935,False,False,False,False
7944,CSS_J131855.0+002721,EW,EW,False,False,0.39164685232027213,1.1766580403954214,3775,1294,False,False,False,False
7945,CSS_J023702.4+301405,EW,EW,False,False,0.6146031230927086,1.3893210799685975,116,296,True,False,False,False
7946,CSS_J111442.8-130214,RRab,RRab,False,False,0.41419140454350495,1.0493341819192858,2440,4120,False,False,False,False
7947,CSS_J094450.6+272917,RRab,RRab,False,False,0.4403299959167477,1.0598259390674782,1568,3693,False,False,False,False
7948,CSS_J164715.7+162525,EW,EW,False,False,0.3510045038969298,0.9768548993043188,7914,7848,False,False,False,False
7949,CSS_J030957.9+320506,EW,EW,False,False,0.3607923254998482,0.9859555426880325,7143,7534,False,False,False,False
7950,CSS_J071205.6+310630,EW,EW,False,False,0.6624244709864426,1.27455771245013,67,631,True,False,False,False
7951,CSS_J050855.3+132320,EW,RRc,True,False,0.37241125716484474,0.9702449181112323,5773,7953,False,False,False,False
7952,CSS_J161702.1+494124,EW,EW,False,False,0.44905254679908896,1.2368657886405912,1346,817,False,False,False,False
7953,CSS_J103428.6+391518,RRc,RRc,False,False,0.3896856423433201,1.027575371886165,3932,5127,False,False,False,False
7954,CSS_J043451.1+030709,EW,EW,False,False,0.371645014689495,1.002780481805558,5884,6600,False,False,False,False
7955,CSS_J110002.0+044206,EW,EW,False,False,0.39864645637707047,1.106794076642849,3257,2372,False,False,False,False
7956,CSS_J033331.4+011646,EA,EW,True,False,0.486113932624838,1.1281539794693698,685,1953,False,False,False,False
7957,CSS_J080319.4+114221,EW,EW,False,False,0.47096429320172806,1.0661863742169513,917,3480,False,False,False,False
7958,CSS_J133456.3-152103,RRc,EW,True,False,0.3731989347841014,1.2390515942977651,5693,808,False,False,False,False
7959,CSS_J152101.4+331423,EW,EW,False,False,0.3925030044253726,1.100073906230236,3710,2538,False,False,False,False
7960,CSS_J131714.9+335515,RRc,EW,True,False,0.3559219713190115,1.045928873150692,7618,4271,False,False,False,False
7961,CSS_J014715.3+211203,EW,EW,False,False,0.38293051862805116,1.0972325984488236,4612,2605,False,False,False,False
7962,CSS_J011251.4+433653,EW,EW,False,False,0.37993253207917593,1.078083415939238,4931,3105,False,False,False,False
7963,CSS_J080406.4+100253,EA,EW,True,False,0.4154778010866245,1.6176013337367512,2379,77,False,True,False,False
7964,CSS_J121705.4-162555,EW,EW,False,False,0.4835233821766762,1.2939557586765595,724,557,False,False,False,False
7965,CSS_J041036.3+340258,EW,EW,False,False,0.4668273828804696,1.218888982923633,994,945,False,False,False,False
7966,CSS_J062007.1-093952,EW,EW,False,False,0.3803753213416277,1.0935664111482473,4877,2675,False,False,False,False
7967,CSS_J133240.8+175045,RRc,RRc,False,False,0.4152547047916895,0.988082460872761,2387,7410,False,False,False,False
7968,CSS_J130146.8+163145,EW,EW,False,False,0.3589153351043049,1.0880312147982014,7333,2831,False,False,False,False
7969,CSS_J003435.7+100316,EW,EW,False,False,0.4513339756467325,1.1831666650185473,1299,1228,False,False,False,False
7970,CSS_J134619.9+512424,RRc,RRc,False,False,0.4009460835686843,1.0618933968181083,3113,3633,False,False,False,False
7971,CSS_J015105.9-033241,EA,EA,False,False,0.5085248319917761,1.0838937254070178,471,2939,False,False,False,False
7972,CSS_J073937.7+202105,EW,EW,False,False,0.43265870427194525,1.0735241341471355,1767,3232,False,False,False,False
7973,CSS_J112336.3+623808,RRab,RRab,False,False,0.41067279173001103,0.9797641696068018,2622,7767,False,False,False,False
7974,CSS_J162432.9+371701,RRab,EW,True,False,0.39619447478722297,1.010406968717448,3415,6114,False,False,False,False
7975,CSS_J072530.1+375949,EA,EA,False,False,0.4935402053054122,1.0707859887927689,598,3315,False,False,False,False
7976,CSS_J234717.2-054353,EW,EW,False,False,0.4027613282027917,1.1673173296561008,3012,1409,False,False,False,False
7977,CSS_J080914.7+325742,RS CVn,RS CVn,False,True,0.4100455687759042,1.065598242239823,2646,3504,False,False,False,False
7978,CSS_J180035.0+363407,EW,EW,False,False,0.35854329251953926,1.0164345445950482,7369,5734,False,False,False,False
7979,CSS_J223026.7+333012,EW,EW,False,False,0.3648721449830231,0.9852533926632965,6704,7567,False,False,False,False
7980,CSS_J050704.7-014127,EA,EA,False,False,0.5383645934603389,1.0952689776748616,300,2640,False,False,False,False
7981,CSS_J094636.9-034212,RRc,RRc,False,False,0.3564727082668186,1.0479512025836246,7566,4173,False,False,False,False
7982,CSS_J042822.8+374431,EA,EA,False,False,0.4746951868335957,1.021900494574528,861,5417,False,False,False,False
7983,CSS_J154157.3+085622,RRab,EW,True,False,0.4925518749305041,1.195216634296922,612,1116,False,False,False,False
7984,CSS_J233202.0+220241,EW,EW,False,False,0.35334005388992584,0.9885435193454406,7800,7385,False,False,False,False
7985,CSS_J145155.6-022947,RRab,RRab,False,False,0.4597235852270108,1.0446953572686335,1121,4330,False,False,False,False
7986,CSS_J000633.3+320602,EW,EW,False,False,0.39645913033826313,1.0012922560369781,3398,6678,False,False,False,False
7987,CSS_J130212.2+100733,RRab,RRab,False,False,0.39411292654037655,1.092449578333929,3580,2710,False,False,False,False
7988,CSS_J120601.2+314955,RRab,RRab,False,False,0.519320423839764,1.1477722516100637,396,1664,False,False,False,False
7989,CSS_J020451.3+052201,EW,EW,False,False,0.35047463018427133,1.055373872646761,7935,3867,False,False,False,False
7990,CSS_J055610.1-081349,EW,EW,False,False,0.4047942130748521,1.053353673043797,2899,3931,False,False,False,False
7991,CSS_J160228.8+201557,EW,EW,False,False,0.35834911712725587,1.042238690834537,7393,4450,False,False,False,False
7992,CSS_J045726.9+024553,EW,EW,False,False,0.3648438325103139,1.1632089406328652,6706,1460,False,False,False,False
7993,CSS_J033608.0-100015,RRc,EW,True,False,0.3657345315277852,1.116886408857579,6614,2162,False,False,False,False
7994,CSS_J083603.8-050335,EW,EW,False,False,0.38391800483252286,1.0215727060487012,4493,5440,False,False,False,False
7995,CSS_J040852.3+133014,EW,EW,False,False,0.353197507515385,0.9917556784984045,7810,7217,False,False,False,False
7996,CSS_J221837.6+211925,EA,EA,False,False,0.39836978724032307,0.9951341991861542,3279,7025,False,False,False,False
7997,CSS_J084946.0+130302,EW,EW,False,False,0.37970767096812597,1.00028528452146,4956,6741,False,False,False,False
7998,CSS_J085536.2-090546,EW,EW,False,False,0.37466837629729466,1.1859997106450801,5510,1197,False,False,False,False
7999,CSS_J042215.1+292417,EW,EW,False,False,0.3686622494538186,1.0033346416772462,6253,6567,False,False,False,False
