fila_test,id_objeto,clase,prediccion_rf,mal_clasificado_rf,es_clase_dificil,score_isolation_forest,score_lof,rank_if,rank_lof,top_if,top_lof,candidato_fuerte,candidato_interesante
0,CSS_J173822.3+541006,EW,EW,False,False,0.3592500969915884,1.032082345619216,7495,4876,False,False,False,False
1,CSS_J035942.1+250122,EW,EW,False,False,0.36034467672948134,1.036970564300676,7386,4634,False,False,False,False
2,CSS_J050004.2+005836,EW,EW,False,False,0.4039560656359377,1.076956904944182,3236,3101,False,False,False,False
3,CSS_J052607.7+002624,EW,EW,False,False,0.4839617807408395,1.2296689209105707,771,837,False,False,False,False
4,CSS_J231219.3+372824,EW,EW,False,False,0.44027135217047403,1.2785160092802526,1680,592,False,False,False,False
5,CSS_J222826.9+211010,EW,RS CVn,True,False,0.702127845790357,2.057692779312912,39,14,True,True,True,False
6,CSS_J104514.6+521648,EW,EW,False,False,0.3999336108095355,1.1029448669374287,3506,2420,False,False,False,False
7,CSS_J040227.2+260434,EW,EW,False,False,0.4308062414084126,1.766294974452488,1985,37,False,True,False,False
8,CSS_J180350.8+340926,EW,EA,True,False,0.5049961926902703,1.4956762099957417,512,144,False,True,False,False
9,CSS_J083404.6+124509,RRab,EW,True,False,0.44065458146947584,1.0668579646779546,1664,3413,False,False,False,False
10,CSS_J130333.6+154001,RRc,RRc,False,False,0.3746337917142753,1.0021900694318464,5886,6631,False,False,False,False
11,CSS_J072817.1+373857,EW,EW,False,False,0.387572276517593,0.9999603444312472,4528,6769,False,False,False,False
12,CSS_J103638.1+030423,EW,EW,False,False,0.38029342066861377,1.0092985421345526,5257,6161,False,False,False,False
13,CSS_J142853.6-111124,RRc,RRc,False,False,0.37025643389113283,1.126561095883672,6371,1951,False,False,False,False
14,CSS_J035308.1-024445,EW,EW,False,False,0.393655146128897,0.9919423216293655,3977,7210,False,False,False,False
15,CSS_J232838.0+400336,EW,EW,False,False,0.41946013775186325,1.019021861573142,2428,5557,False,False,False,False
16,CSS_J090504.5+351854,EW,EW,False,False,0.4743529717419282,1.3241686703039202,935,426,False,False,False,False
17,CSS_J053058.0-034529,RS CVn,EW,True,True,0.39208466773063066,1.0452222228271526,4132,4267,False,False,False,False
18,CSS_J014920.7+251349,EW,EW,False,False,0.3902035915341075,1.0411590595746543,4310,4447,False,False,False,False
19,CSS_J105356.1-135020,LPV,LPV,False,False,0.6651929266574192,1.025627293622388,69,5206,True,False,False,False
20,CSS_J170752.8+413315,RS CVn,EW,True,True,0.43149101233836634,1.0458148131208869,1960,4243,False,False,False,False
21,CSS_J054257.5-123940,EW,EW,False,False,0.4724101174573771,1.0085934722640748,969,6217,False,False,False,False
22,CSS_J164633.5+051427,RS CVn,RS CVn,False,True,0.4236458690097857,0.992840931557927,2259,7150,False,False,False,False
23,CSS_J213424.1+094601,RRab,RRab,False,False,0.5123459816978996,1.2984574223064929,447,519,False,False,False,False
24,CSS_J082957.9+175739,EW,EW,False,False,0.42745974881637294,1.0513977745886014,2097,3997,False,False,False,False
25,CSS_J201309.7-133403,RRab,RRab,False,False,0.41534559448028974,1.2012283041812986,2619,1058,False,False,False,False
26,CSS_J074530.0+372258,RRc,RRc,False,False,0.42506142002964753,1.5461067757782383,2196,103,False,True,False,False
27,CSS_J034021.1-144648,EW,EW,False,False,0.3920353400344624,1.0493534853728361,4139,4081,False,False,False,False
28,CSS_J172318.3+315245,EA,EA,False,False,0.40127839724055503,1.0501391161360991,3401,4057,False,False,False,False
29,CSS_J165242.9+073623,RS CVn,EW,True,True,0.440541487647449,1.0640039618019146,1667,3513,False,False,False,False
30,CSS_J154619.1+363404,RRd,RRc,True,True,0.35986607057224285,1.082832869963244,7434,2915,False,False,False,False
31,CSS_J072339.0+295500,EW,EW,False,False,0.38404754211309466,0.9933698219704576,4860,7124,False,False,False,False
32,CSS_J125741.5-082900,RRc,RRc,False,False,0.3815746919680555,1.0745511070467963,5116,3160,False,False,False,False
33,CSS_J015733.5+375717,EW,EA,True,False,0.45730967449085963,1.0254709092313055,1272,5217,False,False,False,False
34,CSS_J045031.6+033737,EW,EW,False,False,0.3797549658169267,1.0351551797308511,5315,4709,False,False,False,False
35,CSS_J100810.9+605837,EW,EW,False,False,0.3525138816108155,0.9984798690091059,7942,6854,False,False,False,False
36,CSS_J073437.3+532334,EW,EW,False,False,0.3770365553885838,0.9871627458648558,5586,7473,False,False,False,False
37,CSS_J215117.9-131022,RRc,EW,True,False,0.3662096122098389,1.067082601407685,6793,3405,False,False,False,False
38,CSS_J092629.1+301034,RS CVn,EW,True,True,0.44462061332653363,1.2906649700146133,1562,555,False,False,False,False
39,CSS_J033933.6+284337,EW,EW,False,False,0.37329050886834036,1.0191953692714637,6047,5549,False,False,False,False
40,CSS_J131331.5+101007,EW,EW,False,False,0.3881587836467975,1.1014864563717421,4486,2462,False,False,False,False
41,CSS_J055859.6-174934,EW,EW,False,False,0.39206072684620835,1.008732184947559,4137,6212,False,False,False,False
42,CSS_J222405.0+293611,EW,EW,False,False,0.3653187582348834,1.0040406132732724,6901,6514,False,False,False,False
43,CSS_J202305.8-120624,EW,EW,False,False,0.48249156064015214,1.1176269369878127,800,2126,False,False,False,False
44,CSS_J161435.2+132852,EA,EA,False,False,0.5086257959792981,1.2952093977839616,480,532,False,False,False,False
45,CSS_J044329.6-134444,RRc,RRc,False,False,0.3794984610711683,1.0330960161942322,5345,4818,False,False,False,False
46,CSS_J103100.5+343409,RRab,EW,True,False,0.4490526595040427,1.0268019750829318,1437,5141,False,False,False,False
47,CSS_J022636.1-075005,EW,EW,False,False,0.4075600215012223,1.0468446269026421,3016,4196,False,False,False,False
48,CSS_J204055.4-070034,RRab,RRab,False,False,0.41880404175278746,1.0355644888237328,2457,4699,False,False,False,False
49,CSS_J140700.3+014039,EW,EW,False,False,0.37941637232849484,1.040696309909908,5355,4459,False,False,False,False
50,CSS_J015441.7+381010,EW,EW,False,False,0.37403157932061815,1.0553185106062608,5958,3825,False,False,False,False
51,CSS_J232858.2+421141,EW,EW,False,False,0.3535958508792761,0.9810987306487944,7879,7741,False,False,False,False
52,CSS_J051220.0+054814,EA,EA,False,False,0.567128562202951,1.025672803962679,205,5203,False,False,False,False
53,CSS_J055555.9+043815,EW,EW,False,False,0.4377511634674621,1.1158570546987112,1755,2161,False,False,False,False
54,CSS_J151120.3-020423,RRc,RRc,False,False,0.38207976822521617,1.003689831189544,5057,6538,False,False,False,False
55,CSS_J173041.8+161219,EW,EW,False,False,0.41443345526967323,1.1348969116782375,2660,1813,False,False,False,False
56,CSS_J223722.7-124100,RRab,RRab,False,False,0.43757414559154634,0.9837643503242797,1763,7639,False,False,False,False
57,CSS_J233139.3-024205,EW,EW,False,False,0.43386252820507626,1.1679514194701894,1884,1367,False,False,False,False
58,CSS_J052244.8-010231,RS CVn,EW,True,True,0.4275285839285903,1.18429560322761,2093,1196,False,False,False,False
59,CSS_J051523.7-191005,EW,EW,False,False,0.37468699113477766,1.0059018294459183,5877,6393,False,False,False,False
60,CSS_J075442.6+555622,EW,EW,False,False,0.392628924358483,1.425547596939524,4076,221,False,False,False,False
61,CSS_J162101.5-181835,RRab,EW,True,False,0.36104458906966636,0.9920764859670597,7318,7198,False,False,False,False
62,CSS_J171624.8+064155,EW,EW,False,False,0.47758181217650647,1.2433150250193277,880,768,False,False,False,False
63,CSS_J005941.2-081247,EW,EW,False,False,0.37091821842952155,1.032098804919174,6309,4874,False,False,False,False
64,CSS_J080902.2+150848,RRab,RRc,True,False,0.40828453320707525,1.2478320907215807,2981,740,False,False,False,False
65,CSS_J074100.0+520732,EW,EW,False,False,0.3965761179260759,1.1751120962825214,3742,1283,False,False,False,False
66,CSS_J130025.7+530328,EW,RRc,True,False,0.47607067358963173,1.6045542977584333,907,69,False,True,False,False
67,CSS_J145242.8-120436,EW,EW,False,False,0.48013911128855974,1.3359812333059662,828,393,False,False,False,False
68,CSS_J123425.4+153042,EW,EW,False,False,0.35720907913617383,1.0370207544281462,7648,4631,False,False,False,False
69,CSS_J094356.5+503800,EW,EW,False,False,0.39513065750919935,1.0063904635567582,3858,6360,False,False,False,False
70,CSS_J210829.5-100655,EW,EW,False,False,0.36007108926679116,1.0200734786177426,7414,5504,False,False,False,False
71,CSS_J021848.4+293908,EW,EW,False,False,0.4053252050053314,0.9915987110830748,3140,7230,False,False,False,False
72,CSS_J051515.3+153731,RRc,RRc,False,False,0.3739089386657204,0.989928435074833,5970,7319,False,False,False,False
73,CSS_J170240.0+151123,EW,EW,False,False,0.4114588520772257,1.326783827401053,2828,416,False,False,False,False
74,CSS_J143122.9+522031,EW,EW,False,False,0.41417242085290784,1.138488130664386,2676,1751,False,False,False,False
75,CSS_J024829.2+030904,EW,EW,False,False,0.42910914147918106,1.0513809309165334,2030,4000,False,False,False,False
76,CSS_J070705.9+393031,EW,EW,False,False,0.4860356503234161,1.0430847053960872,741,4364,False,False,False,False
77,CSS_J094953.4+353759,RRc,RRc,False,False,0.3749409151253483,1.0039150383541782,5838,6525,False,False,False,False
78,CSS_J142152.5+380905,EW,EW,False,False,0.3569727692370103,1.1164437155981966,7668,2145,False,False,False,False
79,CSS_J163436.9+154421,EA,EA,False,False,0.4628782671760329,1.034779517584812,1145,4732,False,False,False,False
80,CSS_J225506.3+302116,EW,EW,False,False,0.4055253607418431,1.1000266686259121,3125,2503,False,False,False,False
81,CSS_J084554.2+193456,EW,EW,False,False,0.6897676115896041,1.4038449629059329,50,255,True,False,False,False
82,CSS_J211831.3-084953,EW,EW,False,False,0.3929411366108455,1.035645831169258,4044,4692,False,False,False,False
83,CSS_J054058.3+021852,EW,EW,False,False,0.435319915509018,1.0450929281240882,1838,4276,False,False,False,False
84,CSS_J014850.1+224637,EW,EW,False,False,0.4611813482035994,1.1250578656598924,1181,1977,False,False,False,False
85,CSS_J161741.1-032322,RRc,RRc,False,False,0.4015755983528129,1.0350209750185444,3377,4720,False,False,False,False
86,CSS_J043500.2+105716,EW,EW,False,False,0.46330914563249803,1.7765433434061095,1137,34,False,True,False,False
87,CSS_J083422.6+014401,EW,EW,False,False,0.37642096049418605,1.0018378673328097,5660,6652,False,False,False,False
88,CSS_J213702.7+044629,EA,EA,False,False,0.5622643442392177,1.056838970277005,218,3776,False,False,False,False
89,CSS_J033040.4+080340,EW,EW,False,False,0.4084430840915264,1.210135244859431,2974,984,False,False,False,False
90,CSS_J163602.6+430700,EW,EW,False,False,0.3866962291326385,1.045463578450011,4609,4259,False,False,False,False
91,CSS_J172719.1+140236,RRc,RRc,False,False,0.4079406580964857,1.135806196397316,3003,1799,False,False,False,False
92,CSS_J165851.9+090820,EW,EW,False,False,0.36699237191024,1.0554070679079495,6713,3822,False,False,False,False
93,CSS_J143857.8+073136,RRc,EW,True,False,0.38837235669289427,1.2864857383878672,4472,568,False,False,False,False
94,CSS_J080707.0+382856,EW,EW,False,False,0.43029588932421425,1.0514726238145984,2000,3994,False,False,False,False
95,CSS_J155023.6-091044,EW,EW,False,False,0.40604897967955095,1.1325020631065135,3103,1856,False,False,False,False
96,CSS_J121856.7+143714,RS CVn,RS CVn,False,True,0.41122730861317736,1.009486044787818,2845,6151,False,False,False,False
97,CSS_J034402.6-072053,EW,EW,False,False,0.41147909085390744,1.028701283479731,2826,5032,False,False,False,False
98,CSS_J080121.4+510456,EW,EW,False,False,0.3727690221877541,0.9862233159494147,6106,7533,False,False,False,False
99,CSS_J054235.2-034650,RRc,EW,True,False,0.36151977713808336,0.9972700363128386,7273,6907,False,False,False,False
100,CSS_J051438.1-122026,EW,EW,False,False,0.36124404210305544,1.0276419687787364,7301,5097,False,False,False,False
101,CSS_J044512.8+204834,RS CVn,RRc,True,True,0.3976175719052286,1.306820330302343,3674,484,False,False,False,False
102,CSS_J052704.6-053649,EA,EA,False,False,0.42152822831655895,1.031173067469958,2334,4919,False,False,False,False
103,CSS_J044532.8+174543,EW,EW,False,False,0.3694231947820024,1.0251800330699303,6461,5233,False,False,False,False
104,CSS_J210230.7+000846,EW,EW,False,False,0.3693406502373754,1.050255192643211,6471,4051,False,False,False,False
105,CSS_J041909.6-042243,RRc,RRc,False,False,0.37458875367748573,1.0230629272640455,5894,5331,False,False,False,False
106,CSS_J162121.5-084724,EW,EW,False,False,0.406249743504121,1.0558431523358847,3088,3806,False,False,False,False
107,CSS_J081607.3+124825,EW,EW,False,False,0.41187567146095055,1.104709327371309,2802,2382,False,False,False,False
108,CSS_J073824.9+200847,EW,EW,False,False,0.3574545501486041,0.9994065525137563,7623,6795,False,False,False,False
109,CSS_J043639.1+373436,EW,EW,False,False,0.3620773925879452,0.9829922598387307,7223,7674,False,False,False,False
110,CSS_J205733.8+044320,RRc,RRc,False,False,0.3986931642133349,1.0817663001137543,3597,2949,False,False,False,False
111,CSS_J011855.2+143725,EW,EW,False,False,0.4347085678966758,1.1551512203382686,1858,1529,False,False,False,False
112,CSS_J170438.0+330348,EW,EW,False,False,0.40361173987464977,1.1647036838935494,3251,1417,False,False,False,False
113,CSS_J210301.2-051557,EA,EA,False,False,0.48713385326163866,1.1000673688753018,721,2500,False,False,False,False
114,CSS_J084232.9+062119,LPV,LPV,False,False,0.760705551623885,1.3290555416038767,8,412,True,False,False,False
115,CSS_J050003.0+070611,EW,EW,False,False,0.3733600795807776,1.1018004496298028,6038,2448,False,False,False,False
116,CSS_J045455.4-074524,EW,EW,False,False,0.3573050389689068,1.0322581592351265,7634,4865,False,False,False,False
117,CSS_J022040.3+353111,EW,EW,False,False,0.38999694464789203,1.0235750957049674,4329,5319,False,False,False,False
118,CSS_J091042.1+101143,EA,EA,False,False,0.4846599756502325,1.1555417218539348,762,1525,False,False,False,False
119,CSS_J090716.8+060748,EW,EW,False,False,0.37953490318285504,1.0685427256378017,5341,3352,False,False,False,False
120,CSS_J071131.5+324026,EW,EW,False,False,0.42683166450037496,1.0894124643830378,2125,2745,False,False,False,False
121,CSS_J233003.4-024818,EW,EW,False,False,0.37757044116409577,1.0168280874338795,5518,5700,False,False,False,False
122,CSS_J090650.6+034001,EW,EW,False,False,0.4020628848072709,1.1678420612091167,3346,1370,False,False,False,False
123,CSS_J181511.1+322926,EA,EA,False,False,0.6285860416819592,1.0449405051785527,100,4285,True,False,False,False
124,CSS_J232008.0+172736,EW,EW,False,False,0.39298954850565404,1.0119265272043394,4039,6000,False,False,False,False
125,CSS_J061242.0-092333,EW,EW,False,False,0.3552226585654997,1.054700838069715,7784,3849,False,False,False,False
126,CSS_J235256.8+440540,EW,EW,False,False,0.41733815749995024,1.0416366736402203,2522,4431,False,False,False,False
127,CSS_J093503.4-103251,RRc,RRc,False,False,0.37582932859554957,1.1108716390403668,5725,2254,False,False,False,False
128,CSS_J084610.9+022805,EW,EW,False,False,0.3628155415583333,1.0589660152046565,7148,3692,False,False,False,False
129,CSS_J003439.6+290845,RRc,RRc,False,False,0.460185049389183,1.072139108079452,1202,3229,False,False,False,False
130,CSS_J205754.6-163232,EW,EW,False,False,0.35810560289529775,1.0613924504495182,7583,3607,False,False,False,False
131,CSS_J212514.8-111152,EW,EW,False,False,0.3749002387768421,1.0046783122774081,5845,6471,False,False,False,False
132,CSS_J151228.1+341817,EW,EW,False,False,0.35899572257428936,0.9704706566165873,7517,7955,False,False,False,False
133,CSS_J162020.6+263517,EW,EW,False,False,0.3719805658139472,1.0309085966477738,6199,4931,False,False,False,False
134,CSS_J175558.9+292251,RS CVn,RRc,True,True,0.3852318454560276,1.0413708636917984,4749,4437,False,False,False,False
135,CSS_J232133.3+260201,EW,EW,False,False,0.39743448456351177,1.2097085391839415,3683,988,False,False,False,False
136,CSS_J095906.4+294050,EW,EW,False,False,0.3669182432783698,1.0002248361015984,6724,6751,False,False,False,False
137,CSS_J042918.1+033846,EW,EW,False,False,0.4228361491249477,1.1212511436759687,2284,2049,False,False,False,False
138,CSS_J051457.3+014341,EW,EW,False,False,0.36556288954796323,1.2194413044524384,6875,909,False,False,False,False
139,CSS_J112107.7+193330,EW,EW,False,False,0.39015091692334336,1.1013457590552234,4315,2465,False,False,False,False
140,CSS_J151351.4+025957,EW,EW,False,False,0.35574377599230367,1.0177503554049685,7748,5645,False,False,False,False
141,CSS_J021015.5+302645,EW,EW,False,False,0.4031703375617534,0.9983053361811678,3277,6861,False,False,False,False
142,CSS_J114105.0+285921,RRc,RRc,False,False,0.39252720252226386,1.049360024189912,4090,4079,False,False,False,False
143,CSS_J053218.8-050526,EW,EW,False,False,0.3653842325541499,1.1048387289565214,6898,2379,False,False,False,False
144,CSS_J094123.8+234533,RRd,EW,True,True,0.398647809752419,1.2681482393585992,3600,636,False,False,False,False
145,CSS_J173851.2+255746,EW,EA,True,False,0.4126314212995078,1.033242629585388,2762,4811,False,False,False,False
146,CSS_J011048.3-181330,EW,EW,False,False,0.466666021514219,1.2439523564926114,1074,763,False,False,False,False
147,CSS_J233138.1+072100,EW,EW,False,False,0.3598024489854196,0.9965228710824791,7441,6950,False,False,False,False
148,CSS_J213005.1+204430,EW,EW,False,False,0.38809959126988147,1.028025802564204,4494,5070,False,False,False,False
149,CSS_J154239.7-190535,RRab,EW,True,False,0.3815099355101056,1.045588202126974,5122,4251,False,False,False,False
150,CSS_J050906.2-034243,EW,EW,False,False,0.3989752864122537,1.1219032407900467,3571,2028,False,False,False,False
151,CSS_J224228.1+060856,RS CVn,EW,True,True,0.4401670592266942,1.0726754038276056,1682,3217,False,False,False,False
152,CSS_J045705.2-094658,EW,EW,False,False,0.3977820597247207,1.1314175187286932,3656,1874,False,False,False,False
153,CSS_J030014.5+121510,EW,EW,False,False,0.3716591042756433,1.0579623409129377,6228,3730,False,False,False,False
154,CSS_J072502.6+341446,EW,EW,False,False,0.3959751882171477,1.0119354863845396,3797,5999,False,False,False,False
155,CSS_J084022.6-103823,EW,EW,False,False,0.5034797288753826,1.4156047911473222,528,241,False,False,False,False
156,CSS_J055922.9+025917,EW,EW,False,False,0.40974859894078225,1.0615202439398588,2907,3601,False,False,False,False
157,CSS_J051654.1+033252,EA,EW,True,False,0.5536718862487237,1.3824022867934174,241,291,False,False,False,False
158,CSS_J041253.9+270016,EW,EW,False,False,0.47742983420267154,1.4583790825447447,886,187,False,False,False,False
159,CSS_J081658.3+242052,EW,EW,False,False,0.40079621888455363,1.2076772189952516,3435,1005,False,False,False,False
160,CSS_J152031.8+355702,EW,EW,False,False,0.35524668275114596,0.9981344000910296,7780,6871,False,False,False,False
161,CSS_J162245.7-155805,EW,RRc,True,False,0.3702592414990187,1.1290327165321004,6370,1909,False,False,False,False
162,CSS_J220014.2+230500,EW,EW,False,False,0.40101479863964523,1.2229019808702486,3421,888,False,False,False,False
163,CSS_J123831.3+112729,RRc,RRc,False,False,0.3777927432127011,1.2072635937315774,5495,1006,False,False,False,False
164,CSS_J232611.8+380115,EW,EW,False,False,0.3877104499392795,1.0090683025879432,4520,6181,False,False,False,False
165,CSS_J164353.9+274755,EW,EW,False,False,0.36864215415807416,1.0061949191225366,6537,6368,False,False,False,False
166,CSS_J203559.9-044520,EW,EW,False,False,0.3824611519236412,1.0957048050036735,5018,2591,False,False,False,False
167,CSS_J042647.3-124937,EW,EW,False,False,0.4743986177588753,1.1461638239838452,933,1655,False,False,False,False
168,CSS_J091415.2+192524,EW,EW,False,False,0.4129092545200216,1.07327611194253,2750,3199,False,False,False,False
169,CSS_J055615.0-065735,EW,EW,False,False,0.38902302041778725,1.2920611170639626,4416,551,False,False,False,False
170,CSS_J083737.1+395803,LPV,LPV,False,False,0.7472736805383108,0.9839929059849967,13,7631,True,False,False,False
171,CSS_J104849.5+113018,EW,EW,False,False,0.4102866607768612,1.1185571080535708,2881,2103,False,False,False,False
172,CSS_J224827.6+341351,EW,EW,False,False,0.35898704976423357,1.0071017627087486,7519,6315,False,False,False,False
173,CSS_J214613.6+122940,EA,EA,False,False,0.46236137533319577,1.0582021077661095,1156,3724,False,False,False,False
174,CSS_J101045.5+565714,EW,EW,False,False,0.7000571213359588,1.5236557598332259,42,116,True,True,True,True
175,CSS_J222515.7-052702,RRab,RRab,False,False,0.3800415230874612,1.004735116925429,5286,6466,False,False,False,False
176,CSS_J124942.5+125453,EW,EW,False,False,0.4120298541793215,1.0908827713095401,2792,2701,False,False,False,False
177,CSS_J211804.7-100056,EW,EW,False,False,0.38092683303273106,1.0750276338123759,5200,3150,False,False,False,False
178,CSS_J174338.1+252820,RRc,RRc,False,False,0.3951556185978884,0.9960604292660881,3855,6973,False,False,False,False
179,CSS_J051915.1+025606,EW,EW,False,False,0.3882561259998025,1.0268734249644753,4477,5136,False,False,False,False
180,CSS_J052233.4-093538,EW,EW,False,False,0.3944520604514405,1.0486266661323387,3915,4105,False,False,False,False
181,CSS_J092323.6+565528,EW,EW,False,False,0.4319886783622153,1.0978282882196622,1947,2552,False,False,False,False
182,CSS_J223325.0+055106,EA,EA,False,False,0.43981759121892633,0.9946843901865193,1691,7057,False,False,False,False
183,CSS_J205017.0-051213,EW,EW,False,False,0.41558538707497444,1.2353991209171318,2603,799,False,False,False,False
184,CSS_J005107.2+254024,EW,EW,False,False,0.403025540239106,0.9949980985136723,3285,7035,False,False,False,False
185,CSS_J123531.9+141933,EW,EW,False,False,0.40516714515798935,1.2510706767057618,3153,723,False,False,False,False
186,CSS_J045434.5+304347,EW,EW,False,False,0.3714594971607709,1.0789032982932985,6248,3042,False,False,False,False
187,CSS_J130443.2+125540,RRc,RRc,False,False,0.38686610589659,1.1963558415781828,4597,1088,False,False,False,False
188,CSS_J090007.5+182048,EW,EW,False,False,0.45314343845560523,1.3131775069080898,1355,457,False,False,False,False
189,CSS_J053756.5+050226,EA,EW,True,False,0.430522505262486,1.067673628372899,1990,3379,False,False,False,False
190,CSS_J215104.3+221708,EW,EW,False,False,0.37515925955081597,1.0256925610580931,5816,5202,False,False,False,False
191,CSS_J171338.8+292005,RRc,RRc,False,False,0.40326891416055,1.0129986422092367,3273,5918,False,False,False,False
192,CSS_J011419.1+222916,EW,EW,False,False,0.4115937522738563,1.0637253499078114,2817,3519,False,False,False,False
193,CSS_J050539.4+302231,EA,EA,False,False,0.5489393168157753,1.0161766081513743,258,5738,False,False,False,False
194,CSS_J085848.0-012743,EW,EW,False,False,0.3839703780382888,1.1244730712381426,4873,1985,False,False,False,False
195,CSS_J082622.9+282405,RRd,EW,True,True,0.4681129515519884,1.5551425399598457,1050,96,False,True,False,False
196,CSS_J020451.4+174657,EW,EW,False,False,0.3638403471611825,1.1030046862157858,7045,2418,False,False,False,False
197,CSS_J081217.5+142254,EW,EW,False,False,0.4313468986763367,1.049249170864775,1966,4085,False,False,False,False
198,CSS_J084900.2+224652,EW,EW,False,False,0.3995029926122831,0.9955314324500056,3542,7003,False,False,False,False
199,CSS_J233838.0+361711,RRc,RRab,True,False,0.4239510871942291,1.029297123509767,2244,5002,False,False,False,False
200,CSS_J071813.2+473113,EA,EW,True,False,0.38974219788958475,1.0331319455258359,4351,4815,False,False,False,False
201,CSS_J103342.0-174954,RRc,RRc,False,False,0.40411795572823295,1.1021580992835196,3228,2443,False,False,False,False
202,CSS_J125610.5-111743,RRab,RRab,False,False,0.41947005932391496,1.407002191371951,2427,249,False,False,False,False
203,CSS_J111017.8-050202,RRc,EW,True,False,0.4358967620578149,1.4183897599042241,1822,233,False,False,False,False
204,CSS_J022236.0+255627,EW,EW,False,False,0.4040568260790796,1.0958955916151871,3231,2589,False,False,False,False
205,CSS_J081828.8+110753,EW,EW,False,False,0.3702251336028938,1.00845834390219,6375,6229,False,False,False,False
206,CSS_J093635.5-181654,EW,EW,False,False,0.3633056593605571,1.1215699827204313,7087,2041,False,False,False,False
207,CSS_J215750.9+135455,EW,EW,False,False,0.41437535156692834,0.9997926405726926,2665,6776,False,False,False,False
208,CSS_J050716.9+060607,EA,EA,False,False,0.459335776638507,1.1874914407670585,1217,1160,False,False,False,False
209,CSS_J015926.8+282859,EW,EW,False,False,0.40510110473809696,0.9836939357106941,3156,7643,False,False,False,False
210,CSS_J174653.5+271341,EW,EW,False,False,0.38839469629504914,1.1724541654188623,4469,1315,False,False,False,False
211,CSS_J005550.6+405113,EW,EW,False,False,0.36390088542244525,1.0257423924256717,7037,5196,False,False,False,False
212,CSS_J105958.8+465534,EW,EW,False,False,0.37671978755160085,0.9761006755842973,5628,7865,False,False,False,False
213,CSS_J003928.6+025803,EW,EW,False,False,0.3795508255287805,1.0119448147068004,5339,5998,False,False,False,False
214,CSS_J083240.6+175057,EW,EW,False,False,0.5545927768056663,1.3968856599210564,236,264,False,False,False,False
215,CSS_J121429.2+104147,RRd,RS CVn,True,True,0.4411032436076789,1.145340090262631,1649,1666,False,False,False,False
216,CSS_J095247.2+100837,EW,EW,False,False,0.45831422458747123,1.183201399624729,1246,1206,False,False,False,False
217,CSS_J165403.9+201835,EW,EW,False,False,0.36500107528721343,0.9769341461593305,6934,7848,False,False,False,False
218,CSS_J181928.6+311308,RRab,RRab,False,False,0.44188012347370575,1.0776320450008774,1630,3081,False,False,False,False
219,CSS_J005026.7+441426,EW,EW,False,False,0.35725945976293966,0.974934601806288,7640,7884,False,False,False,False
220,CSS_J003520.9+175311,EW,EW,False,False,0.40235356734436867,1.0462913362092263,3328,4217,False,False,False,False
221,CSS_J052141.6+041812,EW,EW,False,False,0.4734170579610712,1.3339331320592667,954,398,False,False,False,False
222,CSS_J231846.0+425905,EW,EW,False,False,0.38039757422992243,1.0599534638534245,5250,3656,False,False,False,False
223,CSS_J212345.9+144555,EW,EW,False,False,0.41572824279984893,1.030037391329175,2597,4970,False,False,False,False
224,CSS_J142814.2-174917,RRc,RRc,False,False,0.3817783598319536,1.0267618534013618,5096,5145,False,False,False,False
225,CSS_J084652.0+145031,EW,EW,False,False,0.42205992291694283,1.2597903589241284,2311,688,False,False,False,False
226,CSS_J203402.8-045646,RRab,RRab,False,False,0.44129322154370126,1.232304215639698,1644,821,False,False,False,False
227,CSS_J110649.5-171937,EW,EW,False,False,0.3898149715127604,1.18907857104899,4342,1143,False,False,False,False
228,CSS_J155321.8-152121,EW,EW,False,False,0.3823216317678667,1.0553077668302266,5029,3826,False,False,False,False
229,CSS_J053626.1-031355,RS CVn,EW,True,True,0.3748918327274144,1.2630563845428573,5849,670,False,False,False,False
230,CSS_J014452.0+380450,EA,EA,False,False,0.4869099951812843,1.1447688429520282,724,1670,False,False,False,False
231,CSS_J053500.8+053353,EW,EW,False,False,0.42243961334322977,1.4596385257527096,2297,183,False,False,False,False
232,CSS_J203510.2-191410,EW,EW,False,False,0.3669312628809132,0.9974251860031595,6723,6901,False,False,False,False
233,CSS_J081835.5+261436,EW,EW,False,False,0.3927963979292117,0.9935225851985787,4065,7115,False,False,False,False
234,CSS_J052840.7+073323,EA,EA,False,False,0.39772667988207056,1.0244456607289227,3663,5269,False,False,False,False
235,CSS_J070554.0+542456,EW,EW,False,False,0.3961589086474203,1.0427390018288194,3776,4383,False,False,False,False
236,CSS_J162010.3+031207,EW,EW,False,False,0.3815321973027621,1.178675122401078,5121,1248,False,False,False,False
237,CSS_J040233.1+380442,EW,EW,False,False,0.39374537419621,0.9999794570975169,3966,6768,False,False,False,False
238,CSS_J124710.6-034559,EW,EA,True,False,0.4905787504973236,1.0290524236732699,673,5011,False,False,False,False
239,CSS_J122512.5+103616,EW,EW,False,False,0.3612140548674731,1.0284812739916578,7302,5051,False,False,False,False
240,CSS_J111546.9+211313,EW,EW,False,False,0.4440124553119581,1.0202795741539883,1570,5491,False,False,False,False
241,CSS_J082648.4-043610,EW,EW,False,False,0.4544740210820371,1.1430509193469758,1330,1693,False,False,False,False
242,CSS_J064547.5+593527,EW,EW,False,False,0.3581303291475532,1.1159377524056449,7581,2160,False,False,False,False
243,CSS_J122418.4+035132,EW,EW,False,False,0.4005079713227345,1.053153999385946,3460,3915,False,False,False,False
244,CSS_J035051.2+085140,EW,EW,False,False,0.4391994700655566,1.0204326451164887,1716,5485,False,False,False,False
245,CSS_J133053.2-154230,RRc,RRc,False,False,0.3854217281920098,1.0546509960433175,4725,3852,False,False,False,False
246,CSS_J025033.9-023526,EW,EW,False,False,0.38932482278379393,1.0279225107401584,4390,5079,False,False,False,False
247,CSS_J125715.5+165422,RRc,RRc,False,False,0.38253270618232665,1.0154349320463407,5013,5773,False,False,False,False
248,CSS_J035717.3+065953,EW,EW,False,False,0.3628013844783205,1.0880156980711366,7150,2776,False,False,False,False
249,CSS_J134223.9+110308,RRab,RRab,False,False,0.48728070140086094,1.0132591804558497,718,5904,False,False,False,False
250,CSS_J045940.6+102903,EW,EW,False,False,0.3595735370489775,1.0183812842658786,7467,5602,False,False,False,False
251,CSS_J051843.4-052715,EW,EW,False,False,0.3704990037510842,1.0507152923088228,6351,4032,False,False,False,False
252,CSS_J084048.5+010830,EW,EW,False,False,0.3604788115360856,1.0863790679840872,7377,2822,False,False,False,False
253,CSS_J165656.2+313854,EW,EW,False,False,0.39773363168217085,1.3037555282194409,3661,495,False,False,False,False
254,CSS_J213412.4+135237,EW,EW,False,False,0.39974302010021034,1.3141157658283127,3520,454,False,False,False,False
255,CSS_J132320.1+033213,EW,EW,False,False,0.3960608132382047,1.0836446643980338,3784,2891,False,False,False,False
256,CSS_J231838.5+344503,EW,EW,False,False,0.4032283496407558,1.181083818413972,3276,1221,False,False,False,False
257,CSS_J163837.7+132857,EW,EW,False,False,0.40497563489587024,1.128805145815755,3167,1914,False,False,False,False
258,CSS_J050535.8+191806,RRc,EW,True,False,0.37895898667335925,1.096477379436131,5388,2582,False,False,False,False
259,CSS_J151405.5+141732,EW,EW,False,False,0.5627146270617385,1.0379751142276317,214,4587,False,False,False,False
260,CSS_J082448.7-061346,EW,EW,False,False,0.37022387805619755,1.0636822826262924,6376,3522,False,False,False,False
261,CSS_J083617.3-025129,EW,EW,False,False,0.36370559294856153,0.9832804464818945,7055,7664,False,False,False,False
262,CSS_J213122.0+055253,EW,EW,False,False,0.3519486477384796,1.0045675908579637,7958,6475,False,False,False,False
263,CSS_J225532.3+205504,RRc,RRab,True,False,0.4023451644301173,1.1971697133861308,3331,1081,False,False,False,False
264,CSS_J210752.3-122635,EW,EW,False,False,0.3930412819878093,1.0646880546612434,4034,3489,False,False,False,False
265,CSS_J094215.5+271646,RRc,RRc,False,False,0.4796809571179042,0.99595830052131,838,6979,False,False,False,False
266,CSS_J030457.3-173406,RRc,RRc,False,False,0.3655955666161084,1.1114080897501841,6864,2244,False,False,False,False
267,CSS_J094242.4-081611,EW,EW,False,False,0.4290392988809506,1.187250365714979,2033,1165,False,False,False,False
268,CSS_J051733.7-163441,EW,EW,False,False,0.36360026893244185,1.0318621565719623,7063,4888,False,False,False,False
269,CSS_J164811.0-011924,EW,EW,False,False,0.37546520719206755,1.0889200467422413,5764,2754,False,False,False,False
270,CSS_J012515.9+431935,EW,EW,False,False,0.3600720094215203,0.9699611618473526,7413,7963,False,False,False,False
271,CSS_J162615.7+111250,EW,EW,False,False,0.3536678554874569,0.9824841736403501,7872,7696,False,False,False,False
272,CSS_J034800.2+285200,EA,EA,False,False,0.4943205852777716,1.0443786766523906,625,4311,False,False,False,False
273,CSS_J052633.9-023210,EW,EW,False,False,0.6237122428030015,1.4816901101644533,102,154,True,True,True,True
274,CSS_J073122.6+582339,EW,EW,False,False,0.3608364501550063,0.9898945177561392,7342,7323,False,False,False,False
275,CSS_J164804.9+461021,EW,EW,False,False,0.3833634490953196,1.1327687954850647,4939,1853,False,False,False,False
276,CSS_J093235.9+024918,EW,EW,False,False,0.37456217616609305,1.0043751646391494,5899,6490,False,False,False,False
277,CSS_J212303.9-070437,EA,EA,False,False,0.6078233114947967,1.0834012772137698,118,2896,True,False,False,False
278,CSS_J095948.8+364721,EW,EW,False,False,0.37460911471766206,1.0241335346469977,5891,5283,False,False,False,False
279,CSS_J103048.7+470406,EW,EW,False,False,0.3616249126229548,0.9986918466009417,7262,6834,False,False,False,False
280,CSS_J100230.3-100647,EW,EW,False,False,0.38134482375079126,1.0182444411093046,5148,5613,False,False,False,False
281,CSS_J154427.2+531650,EW,EW,False,False,0.4077531239435895,1.1192435571203188,3007,2094,False,False,False,False
282,CSS_J035750.1+134534,EW,EW,False,False,0.3853197837071762,1.0683695150565433,4735,3357,False,False,False,False
283,CSS_J080310.2+113913,EW,EW,False,False,0.3691371003176088,1.0960529661281364,6487,2586,False,False,False,False
284,CSS_J015454.1+232645,EW,EW,False,False,0.35702074146737767,1.0710903495014432,7663,3264,False,False,False,False
285,CSS_J170645.2+215446,EW,EW,False,False,0.40621046817994544,1.2140274396058373,3090,962,False,False,False,False
286,CSS_J003158.4+265450,EW,EW,False,False,0.41919758548182406,0.9905235467274766,2441,7291,False,False,False,False
287,CSS_J164423.5-073856,RRab,RRab,False,False,0.513379913566031,1.3092743014062396,438,472,False,False,False,False
288,CSS_J231129.7+135229,EW,EW,False,False,0.3995979582005126,1.3541255963159862,3532,346,False,False,False,False
289,CSS_J075425.8+375049,EW,EW,False,False,0.4427220715081232,1.0200344824702647,1603,5505,False,False,False,False
290,CSS_J133417.4-015827,RRc,RRc,False,False,0.38401208486453153,1.082724478432838,4865,2920,False,False,False,False
291,CSS_J022329.5+115723,EW,EW,False,False,0.375283935751215,1.0287223612144367,5791,5031,False,False,False,False
292,CSS_J222141.5+174956,EW,EW,False,False,0.35178182825399074,1.0044696544092315,7964,6483,False,False,False,False
293,CSS_J084234.2+204651,EW,EW,False,False,0.4564285764670983,1.1739410650906141,1286,1297,False,False,False,False
294,CSS_J165131.4+140342,EW,EW,False,False,0.3630619516389383,1.2674730680850783,7119,642,False,False,False,False
295,CSS_J035623.2-115749,EW,EW,False,False,0.3673474855235027,1.0096626656958427,6673,6136,False,False,False,False
296,CSS_J023752.3+270437,RRc,RRc,False,False,0.37098533600882344,1.0497506161405998,6298,4068,False,False,False,False
297,CSS_J051255.1+212627,EW,EW,False,False,0.3613071539240652,1.0377030442720938,7290,4599,False,False,False,False
298,CSS_J115115.4+113612,EW,EA,True,False,0.3959809511408781,0.9818187115317665,3795,7722,False,False,False,False
299,CSS_J051113.2-024046,RS CVn,EW,True,True,0.4007153452703385,1.1262793906992377,3441,1962,False,False,False,False
300,CSS_J054201.5-125605,EW,EW,False,False,0.3793042137677993,1.0542255037177446,5364,3875,False,False,False,False
301,CSS_J233312.3+011225,EW,EW,False,False,0.35942594378123294,1.0586882726517124,7481,3703,False,False,False,False
302,CSS_J082023.8+022232,EA,EA,False,False,0.48676068782489135,1.015724353987784,726,5756,False,False,False,False
303,CSS_J164729.8+183754,EW,EW,False,False,0.36221673990519154,1.0603906847598494,7208,3639,False,False,False,False
304,CSS_J043311.1+391215,EW,EW,False,False,0.3931424636823719,1.0250375275444572,4022,5241,False,False,False,False
305,CSS_J163256.8+050654,RRc,RRc,False,False,0.3822616778031984,1.0081171030982579,5039,6247,False,False,False,False
306,CSS_J235928.0+294007,RRc,EW,True,False,0.38026958767494073,1.1195454310923794,5260,2088,False,False,False,False
307,CSS_J172858.6+415830,RRc,EW,True,False,0.38114116479515897,1.0724647748164364,5171,3223,False,False,False,False
308,CSS_J082621.6+270403,EW,EW,False,False,0.4405390368125078,1.0027637260826125,1668,6592,False,False,False,False
309,CSS_J051654.6+002332,EW,EW,False,False,0.44052184559894214,1.2502261456522614,1669,729,False,False,False,False
310,CSS_J224233.5+295537,RS CVn,RS CVn,False,True,0.4199314145247577,1.0936079640638305,2413,2628,False,False,False,False
311,CSS_J061346.8+530531,RRab,EW,True,False,0.4376462654734498,1.4340082405117323,1759,214,False,False,False,False
312,CSS_J205747.6+013607,EA,EW,True,False,0.5002112225975353,1.065480032477336,554,3466,False,False,False,False
313,CSS_J171339.0+490246,EW,EW,False,False,0.37182997270392376,1.0059538784285178,6215,6387,False,False,False,False
314,CSS_J081423.7+174934,EW,EW,False,False,0.38747102850680903,1.1873473667938206,4539,1161,False,False,False,False
315,CSS_J162707.2-085101,EW,EW,False,False,0.4432882431764978,1.148889710454909,1583,1619,False,False,False,False
316,CSS_J180948.4+573225,EW,EW,False,False,0.43366926355698315,1.0183202214109293,1892,5610,False,False,False,False
317,CSS_J063932.9+640708,RRab,RRab,False,False,0.5400493769730379,1.5034796616551298,303,142,False,True,False,False
318,CSS_J223330.1+122643,RS CVn,EW,True,True,0.39070749188085296,1.0776200347374516,4254,3082,False,False,False,False
319,CSS_J083216.5+125236,EW,EW,False,False,0.3566534212160419,1.1303364479315041,7690,1892,False,False,False,False
320,CSS_J120252.1-100512,RRab,RRc,True,False,0.4073916639671612,1.1002652362686678,3031,2494,False,False,False,False
321,CSS_J165215.6+011415,EA,EA,False,False,0.43121050638097247,1.0071120157017162,1972,6313,False,False,False,False
322,CSS_J210151.2-050204,EW,EW,False,False,0.38902288823186726,1.0034983606080075,4417,6550,False,False,False,False
323,CSS_J105909.3+404930,EW,EW,False,False,0.36143862433827234,1.2880948012102138,7280,563,False,False,False,False
324,CSS_J072044.6+494516,EW,EW,False,False,0.44320142031245685,1.0145421064895301,1587,5834,False,False,False,False
325,CSS_J091601.0+065114,EW,EW,False,False,0.3721739305175718,1.0342475978488743,6180,4764,False,False,False,False
326,CSS_J023508.1+301819,EW,EW,False,False,0.4085028793220642,1.1250245957964076,2968,1980,False,False,False,False
327,CSS_J113605.3+430414,EW,EW,False,False,0.39819686123941933,1.0236437457341394,3627,5312,False,False,False,False
328,CSS_J042750.0+240228,EA,EA,False,False,0.45515724970132554,1.0548545525823354,1315,3842,False,False,False,False
329,CSS_J144719.5+425311,RRc,RRc,False,False,0.40659678338464705,1.049934183559008,3065,4063,False,False,False,False
330,CSS_J030404.3+265122,EW,EW,False,False,0.38648730312343316,0.9872004553628264,4628,7470,False,False,False,False
331,CSS_J204559.2-152940,EA,EA,False,False,0.49411417919948275,1.0734094221834805,626,3194,False,False,False,False
332,CSS_J154712.1+174402,EW,EW,False,False,0.3617557230023358,1.000670553308005,7246,6726,False,False,False,False
333,CSS_J150504.1+192616,RRc,RRc,False,False,0.4129749253399199,1.0935270033032254,2748,2633,False,False,False,False
334,CSS_J220155.1-115545,EW,EW,False,False,0.3740695315756548,1.012273602572419,5951,5967,False,False,False,False
335,CSS_J074506.6+444650,EA,EA,False,False,0.4187455307602418,1.036476263230291,2459,4656,False,False,False,False
336,CSS_J074946.2+344205,EW,EW,False,False,0.3789893219799415,1.0518697789419078,5385,3978,False,False,False,False
337,CSS_J045418.9-124557,EW,EW,False,False,0.3793809156054287,1.0373436378584482,5362,4615,False,False,False,False
338,CSS_J160141.0+085342,EW,EW,False,False,0.3943251464903969,1.304301038289156,3922,492,False,False,False,False
339,CSS_J163326.6+073129,EW,EW,False,False,0.40928825960279597,1.0580704733118254,2929,3728,False,False,False,False
340,CSS_J173121.6+295657,EW,EW,False,False,0.43178255521387615,1.3744423493919045,1953,309,False,False,False,False
341,CSS_J111753.3+260345,RRc,RRc,False,False,0.4267924952724091,1.0562508071126722,2128,3790,False,False,False,False
342,CSS_J223322.3+303325,EW,EW,False,False,0.3726228013677969,1.1020637009144096,6120,2445,False,False,False,False
343,CSS_J055430.8-180929,RRab,RRab,False,False,0.48453991937701546,1.1397678148094357,764,1738,False,False,False,False
344,CSS_J151928.3-115858,RRab,EW,True,False,0.37928003168095764,1.1103857805917663,5366,2262,False,False,False,False
345,CSS_J085736.0+231440,EW,EW,False,False,0.359209467049933,1.0032309554828633,7498,6564,False,False,False,False
346,CSS_J153922.3-120653,RRc,RRc,False,False,0.40453014526782016,1.080156911342523,3201,2992,False,False,False,False
347,CSS_J053807.0+000601,EW,EW,False,False,0.35617534232357034,1.0184481945278232,7717,5597,False,False,False,False
348,CSS_J210123.6-095802,EW,EW,False,False,0.3652006159873784,1.1199921989522303,6915,2077,False,False,False,False
349,CSS_J162423.9+211439,EW,EW,False,False,0.3776601269116293,0.9798604217293365,5506,7776,False,False,False,False
350,CSS_J012628.6+362217,RRc,RRc,False,False,0.4048313741021211,1.0499064823743949,3179,4064,False,False,False,False
351,CSS_J071833.1+611112,EW,EW,False,False,0.3764604450972769,1.1677340204706366,5654,1372,False,False,False,False
352,CSS_J164530.3+161406,EW,EW,False,False,0.395124342679328,1.0095544264805434,3859,6149,False,False,False,False
353,CSS_J202328.9-130426,EW,EW,False,False,0.37984921638680746,1.063195122048778,5306,3542,False,False,False,False
354,CSS_J041815.8-111157,EW,EW,False,False,0.523997397867527,1.519798447588259,382,125,False,True,False,False
355,CSS_J171119.4+610403,EW,EW,False,False,0.3752449142217495,1.0197074763123344,5798,5521,False,False,False,False
356,CSS_J224835.1+283342,EW,EW,False,False,0.42036799434261196,1.0631726206989058,2388,3543,False,False,False,False
357,CSS_J065047.2+435939,EW,EW,False,False,0.39076063363343494,1.0118771649886302,4250,6003,False,False,False,False
358,CSS_J220539.6+123219,EW,EW,False,False,0.3546291291261421,1.0214542501394777,7816,5430,False,False,False,False
359,CSS_J173319.1+222135,EW,EW,False,False,0.3965264064545187,1.0169951875081205,3746,5696,False,False,False,False
360,CSS_J090305.4+192404,EW,EW,False,False,0.40051513366917646,1.025405628551687,3458,5222,False,False,False,False
361,CSS_J015555.3+020244,RRc,EW,True,False,0.3810435909563167,1.2444298897382953,5185,761,False,False,False,False
362,CSS_J051744.8+221556,EW,EW,False,False,0.46725455081340284,1.0089282293840722,1063,6194,False,False,False,False
363,CSS_J145540.9-102358,EW,EW,False,False,0.368690724312284,1.037061093465651,6532,4630,False,False,False,False
364,CSS_J204937.1-095949,RRc,RRc,False,False,0.4176443464145536,1.2760404139503303,2507,607,False,False,False,False
365,CSS_J163347.2+053615,EW,EW,False,False,0.42619646393896715,1.0199216032960607,2157,5513,False,False,False,False
366,CSS_J024155.4-050504,EW,RS CVn,True,False,0.42182570762774785,1.04099767377942,2323,4451,False,False,False,False
367,CSS_J050248.0-084427,EW,EW,False,False,0.4192893284796108,0.9820256596055978,2435,7714,False,False,False,False
368,CSS_J073449.1+550245,RRc,RRc,False,False,0.37939938512446475,1.0263677659833086,5358,5164,False,False,False,False
369,CSS_J040020.2+085948,EA,EA,False,False,0.4596256129811625,1.0111348911476419,1212,6051,False,False,False,False
370,CSS_J063630.4+404614,EW,EW,False,False,0.36372451050988897,0.9902561034840275,7054,7306,False,False,False,False
371,CSS_J085821.1+091739,EW,EW,False,False,0.46627172391406896,1.5449349418616003,1084,104,False,True,False,False
372,CSS_J165517.2+295415,EW,EW,False,False,0.37951404862213844,1.006661067132669,5344,6337,False,False,False,False
373,CSS_J040727.3+275106,EW,EW,False,False,0.42449992697622574,1.0562217799558904,2217,3793,False,False,False,False
374,CSS_J130337.8+414524,EW,EW,False,False,0.36326029863423476,1.01038510753579,7091,6094,False,False,False,False
375,CSS_J130518.0-093455,EW,EW,False,False,0.3734752894426252,1.1061217730604012,6021,2352,False,False,False,False
376,CSS_J032343.8+223419,EW,EW,False,False,0.38478267085242474,1.1000344779522422,4788,2501,False,False,False,False
377,CSS_J231201.7+240208,EW,EW,False,False,0.40909375760895506,1.3322758487772932,2940,404,False,False,False,False
378,CSS_J025447.9-072646,EW,EW,False,False,0.35312385740076174,1.0232997044583827,7909,5322,False,False,False,False
379,CSS_J094543.2-081101,EW,RRc,True,False,0.420480991278901,1.3410435454372096,2384,381,False,False,False,False
380,CSS_J220311.6-060013,RRc,RRc,False,False,0.39773097972970556,1.1222707345361596,3662,2023,False,False,False,False
381,CSS_J092042.6+001903,EW,EW,False,False,0.4558005006992767,1.5413783088051725,1304,105,False,True,False,False
382,CSS_J163450.4+591107,RRab,RRab,False,False,0.41644553417293967,1.195614053661393,2568,1094,False,False,False,False
383,CSS_J080145.2+430057,EW,EW,False,False,0.3826316806555036,1.0143837371412667,5002,5844,False,False,False,False
384,CSS_J174739.9+361130,RRc,RRc,False,False,0.43930867723341316,1.0261581269739495,1711,5178,False,False,False,False
385,CSS_J013539.2+433623,EW,EW,False,False,0.3682890933142877,1.0430587148541801,6581,4365,False,False,False,False
386,CSS_J165758.7+201017,EW,EW,False,False,0.41157804564578254,0.9808428543066482,2819,7747,False,False,False,False
387,CSS_J210216.5-102524,RRc,RRc,False,False,0.37353425336298013,1.0479709901490069,6017,4137,False,False,False,False
388,CSS_J045202.7+082843,EW,EW,False,False,0.3693512440905813,0.996779380285127,6467,6927,False,False,False,False
389,CSS_J231259.5+234948,EA,EA,False,False,0.5083077178028044,1.02944062712726,483,4991,False,False,False,False
390,CSS_J015456.1+250750,EW,EW,False,False,0.391466248832086,1.0285853969566845,4190,5039,False,False,False,False
391,CSS_J181357.0+491035,EW,EW,False,False,0.3585144601449934,1.022690063771424,7554,5354,False,False,False,False
392,CSS_J021722.1+301739,RS CVn,EW,True,True,0.4088661044370243,1.1935001899113695,2953,1110,False,False,False,False
393,CSS_J235428.4+375435,EW,EA,True,False,0.4239016272979833,1.024604297864735,2246,5257,False,False,False,False
394,CSS_J042239.5+031125,EW,EW,False,False,0.35591925063680796,1.005834488566823,7732,6399,False,False,False,False
395,CSS_J004254.5+001758,RRc,RRc,False,False,0.3775217626253163,1.0090264393312836,5525,6184,False,False,False,False
396,CSS_J230218.7+380557,EW,EW,False,False,0.3810526777555445,1.1202803902359564,5184,2070,False,False,False,False
397,CSS_J073933.6+185710,EW,EW,False,False,0.44159580903712553,1.1806676750675513,1637,1227,False,False,False,False
398,CSS_J054810.4-043523,EW,EW,False,False,0.4161224573085017,1.0219280750570068,2579,5395,False,False,False,False
399,CSS_J083741.6-110207,EW,EW,False,False,0.37404429683322166,1.1008584618532289,5955,2480,False,False,False,False
400,CSS_J155927.1+175755,RRc,RRc,False,False,0.3812398835052232,1.1527670638508352,5160,1561,False,False,False,False
401,CSS_J214259.5+200936,EA,EA,False,False,0.4624210604355744,1.020269667228187,1155,5494,False,False,False,False
402,CSS_J170328.0+103742,RRab,RRc,True,False,0.42735020977599036,1.1627987349953486,2100,1441,False,False,False,False
403,CSS_J181823.6+352856,EW,EW,False,False,0.36263495378771704,1.1927890502116827,7159,1115,False,False,False,False
404,CSS_J155349.8+575438,EW,EW,False,False,0.3587622725866839,1.018344193290261,7532,5607,False,False,False,False
405,CSS_J112211.9-180615,RRab,RRab,False,False,0.45588115624433856,1.0881827434696043,1303,2773,False,False,False,False
406,CSS_J122449.3+122054,EW,EW,False,False,0.3837976667199248,1.0161134324358658,4896,5740,False,False,False,False
407,CSS_J040706.6+325258,EW,EW,False,False,0.3769287290571244,0.9904623180917932,5600,7297,False,False,False,False
408,CSS_J043241.9+324504,EW,EW,False,False,0.36234728021891655,1.024903825873404,7196,5248,False,False,False,False
409,CSS_J172039.2+171505,EW,EA,True,False,0.45633132341100147,1.1269562807119304,1289,1947,False,False,False,False
410,CSS_J045215.6+201714,EW,EW,False,False,0.3559918496272645,1.0518385496664733,7726,3979,False,False,False,False
411,CSS_J171714.6+425305,RRc,RRc,False,False,0.3655346827015731,1.0674466811160788,6878,3392,False,False,False,False
412,CSS_J074429.8+595452,EA,EA,False,False,0.5073143164840904,1.077124721974718,494,3095,False,False,False,False
413,CSS_J092517.1+295846,LPV,LPV,False,False,0.7070422600587812,1.0011053904487952,34,6694,True,False,False,False
414,CSS_J170450.6+413704,EW,EW,False,False,0.3953702999190608,1.0342580638385135,3840,4763,False,False,False,False
415,CSS_J172236.9+442316,EW,EW,False,False,0.4134445861420213,1.154439022466608,2713,1536,False,False,False,False
416,CSS_J080716.0+335210,EW,EW,False,False,0.3736837729047915,1.012021121562609,5996,5985,False,False,False,False
417,CSS_J152105.8+172041,EW,EW,False,False,0.45786538408179384,1.0673450718063147,1254,3395,False,False,False,False
418,CSS_J161005.1+253655,EW,EA,True,False,0.4656032235270109,1.225688380978331,1093,864,False,False,False,False
419,CSS_J042800.0+232941,EW,EW,False,False,0.38874974045957955,1.0399575015948266,4438,4497,False,False,False,False
420,CSS_J172038.4+123110,EW,EW,False,False,0.36092148925182316,0.981823263476483,7331,7721,False,False,False,False
421,CSS_J023931.1-052932,RRab,EW,True,False,0.3844856683920375,1.2932416765091737,4820,546,False,False,False,False
422,CSS_J223659.8-120619,EW,EW,False,False,0.36306617873139124,0.9966481641987182,7118,6940,False,False,False,False
423,CSS_J050635.2-030112,EA,EA,False,False,0.5795216298794619,1.0636241753000681,175,3527,False,False,False,False
424,CSS_J145711.3+014228,EA,EA,False,False,0.5244638859460201,1.2176299640903345,377,923,False,False,False,False
425,CSS_J082123.2-052952,EW,EW,False,False,0.36852289897265755,1.066827702486282,6549,3414,False,False,False,False
426,CSS_J231543.6+422031,RRc,RRc,False,False,0.4331113826577504,1.1037035878668875,1915,2402,False,False,False,False
427,CSS_J181422.0+360353,EW,EW,False,False,0.37549995081240134,1.0739001430538537,5760,3179,False,False,False,False
428,CSS_J064249.2+401438,EW,EW,False,False,0.3510075406910695,1.0143869423183725,7983,5843,False,False,False,False
429,CSS_J091240.9+213143,EW,EW,False,False,0.37914539304695993,1.0949733985842935,5377,2605,False,False,False,False
430,CSS_J082355.1-011752,EW,EW,False,False,0.3592248052122015,1.0073787678094408,7497,6296,False,False,False,False
431,CSS_J151520.5+004511,RRc,EW,True,False,0.3756395782910868,0.9989001090897544,5743,6820,False,False,False,False
432,CSS_J180119.5+585624,EW,EW,False,False,0.36675783709956333,1.0439876066674258,6739,4324,False,False,False,False
433,CSS_J204146.0-082855,RRc,RRc,False,False,0.37137359235129874,0.9913898544400652,6257,7247,False,False,False,False
434,CSS_J063714.7+501110,EW,EW,False,False,0.3834658425564048,0.9806864656249369,4927,7751,False,False,False,False
435,CSS_J145127.4-194302,EW,EW,False,False,0.3763908130472627,1.0714777928661157,5662,3246,False,False,False,False
436,CSS_J110621.6+554759,EW,EW,False,False,0.37236132269515887,1.044876785482191,6150,4289,False,False,False,False
437,CSS_J145720.9+100836,RRd,RRc,True,True,0.37698589274625405,1.010101503771185,5591,6112,False,False,False,False
438,CSS_J224039.8+085239,RRab,RRab,False,False,0.516375835481167,1.2480813662217218,413,738,False,False,False,False
439,CSS_J045310.9-051017,EA,EA,False,False,0.4749606658296752,1.034030208407558,927,4777,False,False,False,False
440,CSS_J221301.1+243637,EW,EW,False,False,0.3613807487662337,1.009532203764234,7284,6150,False,False,False,False
441,CSS_J013811.3+390421,RS CVn,EW,True,True,0.4289404442612519,1.379698860899529,2035,297,False,False,False,False
442,CSS_J005907.4+402816,EW,EW,False,False,0.3628696149757216,1.0218819567728514,7141,5397,False,False,False,False
443,CSS_J001301.6-165514,EW,EW,False,False,0.3973717686174417,1.033632806974386,3688,4796,False,False,False,False
444,CSS_J070120.3+545108,EW,EW,False,False,0.399656079083068,1.0921978415838738,3528,2669,False,False,False,False
445,CSS_J095835.8+005027,EA,EA,False,False,0.4247974453955468,1.2530993396951184,2205,714,False,False,False,False
446,CSS_J002835.2+354051,EW,EW,False,False,0.3654125234620328,1.205843805546283,6895,1021,False,False,False,False
447,CSS_J122303.5+042337,RRc,RRc,False,False,0.3935144919406564,0.9767223935717922,3987,7852,False,False,False,False
448,CSS_J111842.7+273150,EW,EW,False,False,0.41807931769682855,1.0853242671131318,2486,2855,False,False,False,False
449,CSS_J165534.9+050737,EW,EW,False,False,0.3680510388503774,1.4005116872967236,6606,256,False,False,False,False
450,CSS_J231941.3+360923,EW,EW,False,False,0.3596676126971716,1.0020989691064153,7456,6640,False,False,False,False
451,CSS_J082327.2+244911,EA,EA,False,False,0.4406435647924993,0.9793290751756413,1665,7792,False,False,False,False
452,CSS_J101920.6+453042,EW,EW,False,False,0.3667659286745128,0.9969884442391546,6738,6918,False,False,False,False
453,CSS_J135948.9+120218,EW,EW,False,False,0.37427271041209725,1.3518790871819473,5933,353,False,False,False,False
454,CSS_J111420.1+035752,EA,EA,False,False,0.5052425841225573,1.0470457935351543,509,4188,False,False,False,False
455,CSS_J085434.1+252506,EW,EW,False,False,0.39974514414874607,1.0643395547606533,3519,3497,False,False,False,False
456,CSS_J073054.2+311410,EW,EW,False,False,0.40285185646861277,0.9822064503496059,3295,7707,False,False,False,False
457,CSS_J225408.8+063434,RRc,RRc,False,False,0.37170983647398403,1.2205400862126106,6227,903,False,False,False,False
458,CSS_J035403.7+132051,EW,EW,False,False,0.3659470458563694,1.0404696729579694,6825,4471,False,False,False,False
459,CSS_J170319.5-031131,EW,EW,False,False,0.4317317436550977,1.1162217546544526,1954,2149,False,False,False,False
460,CSS_J171319.0+453025,EW,EW,False,False,0.3831720314307666,0.9715430806258405,4960,7941,False,False,False,False
461,CSS_J080730.6+122221,EA,EA,False,False,0.4172896191522626,0.986085458438722,2524,7541,False,False,False,False
462,CSS_J084819.5-104153,EW,EW,False,False,0.3710977899845139,1.069750157798831,6285,3310,False,False,False,False
463,CSS_J161519.8+491001,EW,EW,False,False,0.4551894415876477,1.0736943435426833,1314,3184,False,False,False,False
464,CSS_J060230.9-084931,EW,EW,False,False,0.6304630112501557,1.5294308029666708,98,111,True,True,True,True
465,CSS_J070302.7+351517,EW,EW,False,False,0.42674124758565474,1.1292828790114953,2131,1904,False,False,False,False
466,CSS_J150731.5+250306,RRc,RRc,False,False,0.4054955409675672,1.1199353497061173,3127,2078,False,False,False,False
467,CSS_J160616.6+142417,RRc,EW,True,False,0.3929712583014776,1.0781262322973841,4040,3061,False,False,False,False
468,CSS_J100634.2+165157,RRc,RRc,False,False,0.3803133719376431,1.104984532341239,5256,2377,False,False,False,False
469,CSS_J143448.3-173807,EW,EW,False,False,0.37686746552777245,1.1460943966064798,5608,1658,False,False,False,False
470,CSS_J203933.0-122004,EW,EW,False,False,0.35407666059265086,1.018547066874164,7850,5588,False,False,False,False
471,CSS_J041014.9+244512,EA,EA,False,False,0.5059830573913965,1.0257351819487124,501,5197,False,False,False,False
472,CSS_J213457.4-020610,EW,EW,False,False,0.4939951480659208,1.1905896293046083,627,1131,False,False,False,False
473,CSS_J171538.4+400749,EW,EW,False,False,0.3648259159268378,0.9744238322666587,6951,7895,False,False,False,False
474,CSS_J020517.4+314431,EW,EW,False,False,0.3578322726638702,1.005678588250885,7598,6409,False,False,False,False
475,CSS_J021755.4+232154,EW,EW,False,False,0.35769155003719755,1.010711712150052,7608,6078,False,False,False,False
476,CSS_J205927.0+031855,EA,EA,False,False,0.40264786196960306,1.0449682776574423,3316,4280,False,False,False,False
477,CSS_J170820.9+344847,EW,EW,False,False,0.39230699079683906,1.100559124208253,4114,2486,False,False,False,False
478,CSS_J044010.3+050646,EW,EW,False,False,0.38482505690728186,1.0522314290898793,4785,3971,False,False,False,False
479,CSS_J213746.4+160956,EW,EW,False,False,0.411680860764019,1.0226672626687798,2815,5359,False,False,False,False
480,CSS_J183133.8+345011,EW,EW,False,False,0.36726602981981227,1.120893301938533,6687,2058,False,False,False,False
481,CSS_J042727.5+341507,EW,EW,False,False,0.3937232903877202,1.2777640040816414,3971,597,False,False,False,False
482,CSS_J125846.3+333853,EW,EW,False,False,0.38406196208257265,1.035323298471225,4858,4705,False,False,False,False
483,CSS_J080221.9+061045,EW,EW,False,False,0.3995424403607638,1.1547812981215224,3538,1533,False,False,False,False
484,CSS_J225854.4+145145,EW,EW,False,False,0.4652829935646088,1.452343996292703,1100,196,False,False,False,False
485,CSS_J014034.9+433237,EW,EW,False,False,0.4011659448227549,1.0704031815107753,3411,3286,False,False,False,False
486,CSS_J035531.3+184307,EA,EA,False,False,0.4358771860207997,1.0195664741728088,1824,5528,False,False,False,False
487,CSS_J073845.7+345720,EW,EW,False,False,0.44695786534066306,1.1502015205909442,1492,1594,False,False,False,False
488,CSS_J234339.3+354029,LPV,LPV,False,False,0.6816986905943798,1.1740053198355804,53,1296,True,False,False,False
489,CSS_J162831.9+660200,EW,EW,False,False,0.35495152170099736,1.0064123262267015,7800,6359,False,False,False,False
490,CSS_J083728.8-080636,EW,EW,False,False,0.4218582441178723,1.1376536316663437,2322,1766,False,False,False,False
491,CSS_J165912.9+092905,EW,EW,False,False,0.3682277667355899,1.0930318950181122,6591,2644,False,False,False,False
492,CSS_J042520.6+344404,EW,EW,False,False,0.378332579749957,1.0458362106786474,5443,4241,False,False,False,False
493,CSS_J212853.7+140418,RRc,EW,True,False,0.4686617576855975,1.0404165161890475,1040,4476,False,False,False,False
494,CSS_J164744.6+390757,EW,EW,False,False,0.41181101403958725,1.0526286981191215,2808,3950,False,False,False,False
495,CSS_J053953.3-032841,EW,EW,False,False,0.3967853929464429,1.2617611493736054,3727,677,False,False,False,False
496,CSS_J004919.4-045902,EA,EA,False,False,0.4830126497347216,1.0092230206637802,791,6165,False,False,False,False
497,CSS_J060904.4-034118,EW,EW,False,False,0.3769614810770487,1.015638730596794,5596,5760,False,False,False,False
498,CSS_J152820.4+151919,EW,EW,False,False,0.4099157201925884,1.0426078606392228,2899,4392,False,False,False,False
499,CSS_J024950.7+302621,EW,EW,False,False,0.47624987580212347,1.1698100335862691,904,1341,False,False,False,False
500,CSS_J210124.3-012219,EW,EW,False,False,0.3744608009578045,1.071665477640805,5911,3239,False,False,False,False
501,CSS_J200912.1-172839,EW,EW,False,False,0.3691260502433917,1.0544883814581363,6491,3858,False,False,False,False
502,CSS_J132323.7+175558,RRc,RRc,False,False,0.38905798906340533,0.9940231238134857,4413,7095,False,False,False,False
503,CSS_J224101.3-164324,EW,EW,False,False,0.4353049770561941,1.1395666805277682,1840,1740,False,False,False,False
504,CSS_J015722.5-054457,RRc,RRc,False,False,0.38016885229187686,1.0091777744769808,5268,6173,False,False,False,False
505,CSS_J141340.5+325647,EW,EW,False,False,0.4211693547312018,1.080099352691807,2353,2996,False,False,False,False
506,CSS_J075654.2+150301,EW,EW,False,False,0.377498434722346,1.020437175376729,5528,5484,False,False,False,False
507,CSS_J142611.0+073016,EW,EW,False,False,0.3631643424641475,1.063911967560599,7102,3516,False,False,False,False
508,CSS_J225439.0-182753,LPV,RS CVn,True,False,0.48196119671109133,1.06473869839659,805,3486,False,False,False,False
509,CSS_J203838.6-021146,RRd,RRc,True,True,0.3817616439642753,1.0068857585743742,5100,6326,False,False,False,False
510,CSS_J162945.6-111514,RRc,RRc,False,False,0.37305736525575256,0.9809355887534975,6071,7743,False,False,False,False
511,CSS_J161756.7+471802,EW,EW,False,False,0.3752343464782183,1.1137557028205458,5802,2199,False,False,False,False
512,CSS_J211511.0+132857,EW,EW,False,False,0.3948172483480596,1.041127580230167,3882,4449,False,False,False,False
513,CSS_J155656.4-111836,EW,EW,False,False,0.41209146193524604,1.190079754422259,2790,1134,False,False,False,False
514,CSS_J045154.0+105721,EW,EW,False,False,0.37662357682025727,1.0380302499282559,5636,4586,False,False,False,False
515,CSS_J050423.2+163941,EW,EW,False,False,0.3709908911869209,1.1098149463282294,6297,2274,False,False,False,False
516,CSS_J052413.3-014441,EW,EW,False,False,0.3971976148334069,1.0632410822429006,3700,3540,False,False,False,False
517,CSS_J025246.2-192011,RRab,EW,True,False,0.37834541786198655,1.0351145122007064,5440,4712,False,False,False,False
518,CSS_J212245.2-062018,EW,EW,False,False,0.3620666745650478,1.013927291042955,7224,5868,False,False,False,False
519,CSS_J164159.1+100502,EW,EW,False,False,0.3832853721185664,1.087182645236513,4945,2797,False,False,False,False
520,CSS_J073937.5+353158,EW,EW,False,False,0.39919785359006793,0.9708389169950626,3563,7951,False,False,False,False
521,CSS_J202528.3-113258,EW,EW,False,False,0.3987904313835966,1.0209404611647783,3589,5458,False,False,False,False
522,CSS_J124409.8+360322,EW,EW,False,False,0.36702012131601613,1.0346933421971218,6711,4740,False,False,False,False
523,CSS_J160531.2+295642,RRc,RRc,False,False,0.3936825546903664,1.00255455998829,3976,6605,False,False,False,False
524,CSS_J062703.0+625455,EW,EW,False,False,0.3729349744159601,1.115388015213847,6089,2168,False,False,False,False
525,CSS_J080952.2+031950,EW,EW,False,False,0.4308719869417975,1.3034941176169883,1984,497,False,False,False,False
526,CSS_J040637.4+303537,EW,EW,False,False,0.36409949357160587,0.9951270484346042,7013,7023,False,False,False,False
527,CSS_J033441.5+010506,EW,EW,False,False,0.3624698104309992,1.0098517830312472,7180,6122,False,False,False,False
528,CSS_J155505.8+403651,RRc,EW,True,False,0.36138754031976605,1.085340849497816,7283,2854,False,False,False,False
529,CSS_J031730.2-105200,EW,EW,False,False,0.4113376550876028,1.0255192015328676,2838,5213,False,False,False,False
530,CSS_J035941.8+105942,RRc,RRc,False,False,0.40235924981821475,1.071775915444787,3326,3235,False,False,False,False
531,CSS_J083454.0+123513,EW,EW,False,False,0.38955271534329167,1.520079505365485,4368,124,False,True,False,False
532,CSS_J083607.7+075934,EW,EW,False,False,0.3711399678359889,0.9905519487535963,6282,7286,False,False,False,False
533,CSS_J224007.6+090052,EW,EW,False,False,0.3935829384843852,1.26201884568397,3984,675,False,False,False,False
534,CSS_J051656.9+040805,EW,EW,False,False,0.3654662117331071,1.0136703721072873,6887,5883,False,False,False,False
535,CSS_J090006.7+183628,RRc,EW,True,False,0.35277926806152815,1.0242883923741481,7929,5278,False,False,False,False
536,CSS_J045123.7+104312,EW,EW,False,False,0.4132574012573068,1.1831725381630256,2728,1208,False,False,False,False
537,CSS_J170547.9-015927,RS CVn,EW,True,True,0.3974118357361517,1.3637122023645427,3685,322,False,False,False,False
538,CSS_J155057.5-133547,EW,EW,False,False,0.4666892014205191,1.0099966419844315,1073,6117,False,False,False,False
539,CSS_J105855.0+172212,EW,EW,False,False,0.43003649644672765,1.1719023924101677,2006,1321,False,False,False,False
540,CSS_J123543.4+180307,RRc,EW,True,False,0.3698773129990069,1.0884448763532608,6409,2763,False,False,False,False
541,CSS_J013041.8+160916,EW,EW,False,False,0.3949608572986711,1.0213008283476068,3873,5438,False,False,False,False
542,CSS_J070728.8+410115,EA,EA,False,False,0.4912937484809718,1.010502572667415,667,6088,False,False,False,False
543,CSS_J043308.9-110826,EW,EW,False,False,0.3539889164282857,1.0334768813922386,7856,4799,False,False,False,False
544,CSS_J094624.9+034936,EW,EW,False,False,0.37420415077203295,1.035949590774735,5937,4682,False,False,False,False
545,CSS_J051411.6+194240,EA,EA,False,False,0.4372521845286885,1.013343605263788,1777,5898,False,False,False,False
546,CSS_J175346.1+294828,RRc,RRc,False,False,0.3860196557555575,0.980173906054096,4672,7765,False,False,False,False
547,CSS_J205448.2-084546,RRc,RRc,False,False,0.3781255705680924,1.0694562282986146,5462,3319,False,False,False,False
548,CSS_J224729.6+291638,EW,EW,False,False,0.37865755639941556,1.0174909079257584,5413,5667,False,False,False,False
549,CSS_J050159.5-155449,EW,EW,False,False,0.37939569632759024,1.0811069587845503,5359,2971,False,False,False,False
550,CSS_J212725.5-034522,EW,EW,False,False,0.36885254000702944,1.0224104041456505,6513,5376,False,False,False,False
551,CSS_J155442.7+183035,RRc,EW,True,False,0.37435136904849475,1.1460060076509366,5922,1660,False,False,False,False
552,CSS_J214907.6+183050,EA,EW,True,False,0.3901760087444412,1.0123711493001837,4312,5960,False,False,False,False
553,CSS_J051635.8+002500,LPV,LPV,False,False,0.6788581244467385,1.0065817491040205,55,6347,True,False,False,False
554,CSS_J230343.6+283348,EW,EW,False,False,0.39328055254612804,1.0048704074455768,4011,6458,False,False,False,False
555,CSS_J051902.0+030152,EW,EW,False,False,0.376043791776613,0.9831927664530298,5700,7669,False,False,False,False
556,CSS_J052517.1+131029,EW,EW,False,False,0.4154261891432672,1.131168373564013,2614,1877,False,False,False,False
557,CSS_J170316.7+081455,EA,EW,True,False,0.37842264058964975,1.1827443270022806,5428,1213,False,False,False,False
558,CSS_J044221.2+174632,EW,EW,False,False,0.3664570997190507,0.9927825132406112,6771,7155,False,False,False,False
559,CSS_J170327.9+585420,EW,EW,False,False,0.383774585170689,1.0868920407623743,4898,2809,False,False,False,False
560,CSS_J012454.4-160944,EW,EW,False,False,0.41072031785575264,1.0884100484249895,2867,2764,False,False,False,False
561,CSS_J075501.5+314629,EW,EW,False,False,0.4034897386957234,1.167161565627063,3257,1382,False,False,False,False
562,CSS_J164625.9+402256,EW,EW,False,False,0.36526764108811505,1.0468080806178113,6905,4197,False,False,False,False
563,CSS_J033409.7-112247,EW,EW,False,False,0.48466788723429594,1.0070502185407642,761,6317,False,False,False,False
564,CSS_J162337.1+155720,EW,EW,False,False,0.4029065341073122,1.0293045634869018,3292,5001,False,False,False,False
565,CSS_J205759.2-014958,EA,EA,False,False,0.48861858473176945,1.0043154168552402,695,6499,False,False,False,False
566,CSS_J120205.1-020436,EA,EA,False,False,0.48188667702187515,1.067230340581782,806,3399,False,False,False,False
567,CSS_J032448.5+225630,EW,EW,False,False,0.3689743985055913,1.0105333197384923,6502,6086,False,False,False,False
568,CSS_J231156.2+182423,EA,EA,False,False,0.4476448710316461,1.0041330231773957,1483,6506,False,False,False,False
569,CSS_J094901.3-063243,EW,EW,False,False,0.44169662452877123,1.3617055325840375,1634,328,False,False,False,False
570,CSS_J083046.3+040810,EW,EW,False,False,0.36513056600458305,0.9890469809937519,6921,7372,False,False,False,False
571,CSS_J133215.8+023301,EW,EW,False,False,0.3927012018325713,1.437896267352118,4070,208,False,False,False,False
572,CSS_J070057.0+313556,EW,EW,False,False,0.3677498255354877,0.9921643712260615,6637,7191,False,False,False,False
573,CSS_J204559.2-010004,RRab,RRab,False,False,0.44283104767146514,1.0278699951180363,1599,5087,False,False,False,False
574,CSS_J074407.2+442646,EW,EW,False,False,0.3533974819271234,0.9819963971313234,7892,7716,False,False,False,False
575,CSS_J081623.1+094217,EW,EW,False,False,0.397022192353558,1.056553026252357,3715,3783,False,False,False,False
576,CSS_J234600.5+361345,EW,EW,False,False,0.39314236882845244,0.9913213968548659,4023,7253,False,False,False,False
577,CSS_J100001.7+242305,EW,EW,False,False,0.3683951326029132,1.0908467948723628,6569,2702,False,False,False,False
578,CSS_J031314.3+353556,EW,EW,False,False,0.36507194619542055,1.0230051303088517,6927,5337,False,False,False,False
579,CSS_J052840.0+100216,EW,EW,False,False,0.4202088003282485,1.1195910620029155,2396,2087,False,False,False,False
580,CSS_J092115.0-175913,EW,EW,False,False,0.42267317536916965,1.390960035585914,2289,277,False,False,False,False
581,CSS_J035635.3+322154,EW,EA,True,False,0.46390661708345404,1.1043955743183336,1124,2389,False,False,False,False
582,CSS_J051407.0+102711,EW,EW,False,False,0.45366427256597824,1.0815023880988748,1348,2960,False,False,False,False
583,CSS_J171159.6+342411,EW,EW,False,False,0.3710638624694561,1.118278544267729,6290,2115,False,False,False,False
584,CSS_J085303.5-164049,RRab,RRab,False,False,0.4587296718485476,1.0428201728461275,1232,4377,False,False,False,False
585,CSS_J052342.5+104344,EW,EW,False,False,0.4870503722365446,1.1461344457350133,723,1656,False,False,False,False
586,CSS_J215555.7+004236,EW,EW,False,False,0.3667175190432535,1.076332083059738,6743,3119,False,False,False,False
587,CSS_J203638.0-090633,EA,EA,False,False,0.4366727125738656,0.9863407552600393,1800,7523,False,False,False,False
588,CSS_J220351.7+012835,EW,EW,False,False,0.3860071307342305,1.0928121924119998,4675,2650,False,False,False,False
589,CSS_J235104.0+115651,EA,EA,False,False,0.4275079915708942,1.0116807451502479,2095,6013,False,False,False,False
590,CSS_J142858.8+571442,EW,EW,False,False,0.3528542847272081,0.9708413472779457,7924,7950,False,False,False,False
591,CSS_J170016.8-040051,EW,EA,True,False,0.3897275391869953,1.0281042385779267,4352,5068,False,False,False,False
592,CSS_J073039.1+371903,EW,EW,False,False,0.3734614496218756,0.9887132214151981,6022,7391,False,False,False,False
593,CSS_J210446.6+092219,EW,EW,False,False,0.36975265706952287,0.9786810074514726,6420,7815,False,False,False,False
594,CSS_J022505.9+363119,EW,EW,False,False,0.3603123745260451,0.9834899753187949,7391,7653,False,False,False,False
595,CSS_J164628.6+074334,RS CVn,EW,True,True,0.4380843622066521,1.129753246153003,1745,1898,False,False,False,False
596,CSS_J021834.1+320411,EW,EW,False,False,0.35418532743043163,1.0634726142015472,7841,3531,False,False,False,False
597,CSS_J212154.9-043958,EW,EW,False,False,0.5008185800467531,1.250530659303005,550,728,False,False,False,False
598,CSS_J165534.9-020719,EW,EW,False,False,0.42116364701170356,1.1350850095145313,2354,1808,False,False,False,False
599,CSS_J045611.3-101338,EW,EW,False,False,0.42251511500150646,1.0238860988132577,2292,5299,False,False,False,False
600,CSS_J225009.1+330931,EA,EA,False,False,0.4483433766605527,1.008632828008753,1463,6216,False,False,False,False
601,CSS_J174939.9+455748,RRc,RRc,False,False,0.3899002701632387,1.0267681511633435,4335,5144,False,False,False,False
602,CSS_J033854.3+255705,EW,EW,False,False,0.380848459281939,1.1734996442205448,5210,1299,False,False,False,False
603,CSS_J084603.8+124035,EA,EW,True,False,0.4127106721019367,1.0834504530928444,2757,2893,False,False,False,False
604,CSS_J171053.9+125642,RRc,EW,True,False,0.378404989652069,1.0672883752913358,5431,3398,False,False,False,False
605,CSS_J162114.2+210339,EW,EW,False,False,0.4839483185054986,1.137469326767752,772,1772,False,False,False,False
606,CSS_J212650.1+143708,RRc,EW,True,False,0.4676737296432234,1.1346544628473136,1055,1817,False,False,False,False
607,CSS_J094855.5+172008,EW,EW,False,False,0.407690272602691,1.081943639888279,3011,2943,False,False,False,False
608,CSS_J143722.5+082242,RRab,RRab,False,False,0.4374797239871815,1.0429913394470463,1768,4368,False,False,False,False
609,CSS_J045629.1+185944,EW,EW,False,False,0.42907716720036154,1.1861960497161066,2032,1175,False,False,False,False
610,CSS_J080529.7+340910,EW,EW,False,False,0.4649819988568895,1.1675761019296846,1107,1376,False,False,False,False
611,CSS_J041405.7+301742,EW,EW,False,False,0.42294297479168386,1.019250001708658,2280,5546,False,False,False,False
612,CSS_J002857.4+102402,EW,EW,False,False,0.4164264550773575,1.4258422683466043,2569,220,False,False,False,False
613,CSS_J132617.2+190900,EA,EA,False,False,0.4315735773204542,0.9941655728010013,1957,7090,False,False,False,False
614,CSS_J133844.2+272627,RRd,RRd,False,True,0.38367469699747264,1.031109470683089,4907,4923,False,False,False,False
615,CSS_J121144.2+142022,EW,RS CVn,True,False,0.37615737016979206,1.2992030585954362,5685,515,False,False,False,False
616,CSS_J092031.2+353311,RRc,RRc,False,False,0.3903047377882078,1.0034908110126597,4297,6552,False,False,False,False
617,CSS_J083723.3-020900,EW,EW,False,False,0.373666951378729,1.0190029840242303,5998,5559,False,False,False,False
618,CSS_J172201.1+153918,EW,EW,False,False,0.3925090792133899,1.172111055905161,4095,1319,False,False,False,False
619,CSS_J115440.5-134950,RRc,RRab,True,False,0.44914673119358783,1.185417174280699,1435,1185,False,False,False,False
620,CSS_J073526.7+472918,EW,EW,False,False,0.4958452500651156,1.2154897013126693,605,943,False,False,False,False
621,CSS_J222112.9+261848,EW,EW,False,False,0.5943582909049681,1.2743563484555143,141,615,True,False,False,False
622,CSS_J045505.6+171145,EW,EW,False,False,0.39096610508103585,0.9966371375303437,4233,6942,False,False,False,False
623,CSS_J020329.6+103325,EW,EW,False,False,0.3843628125223753,1.0325262966871058,4831,4846,False,False,False,False
624,CSS_J073158.5+644151,EA,EA,False,False,0.5575264286838343,1.0800555155474192,231,2999,False,False,False,False
625,CSS_J045558.5+170333,EW,EW,False,False,0.4541241510885593,1.1763819805510305,1337,1270,False,False,False,False
626,CSS_J095452.9-124525,RRab,RRab,False,False,0.41927853287932143,1.3086432323201853,2436,478,False,False,False,False
627,CSS_J211237.3+051241,EW,EW,False,False,0.3591533572280866,1.0697146102984356,7505,3312,False,False,False,False
628,CSS_J095309.5+390351,EW,EW,False,False,0.3918810841071921,1.0109553395519235,4152,6063,False,False,False,False
629,CSS_J092026.7+090207,EW,EW,False,False,0.38677732635385137,0.9926331643035589,4603,7160,False,False,False,False
630,CSS_J221535.4+100607,EW,EW,False,False,0.44836244205621323,1.5175978526776273,1459,127,False,True,False,False
631,CSS_J065838.8+394456,EA,EA,False,False,0.46230888419332256,1.0877692167617445,1157,2784,False,False,False,False
632,CSS_J171423.3+035655,RRc,RRc,False,False,0.37832585423668386,1.000106070950855,5444,6757,False,False,False,False
633,CSS_J045626.4-101115,EA,EA,False,False,0.550477347687871,1.0967960804310457,254,2574,False,False,False,False
634,CSS_J232841.1-072622,EA,EA,False,False,0.48739832658987486,1.1435461586202447,717,1691,False,False,False,False
635,CSS_J021140.7+343700,EW,EW,False,False,0.4065161027484812,1.1278103096616143,3070,1933,False,False,False,False
636,CSS_J083652.2+231558,EW,EW,False,False,0.4215610614222774,1.0260428097566656,2330,5184,False,False,False,False
637,CSS_J103013.4+151101,EW,EW,False,False,0.5401673457882966,1.1656529973082435,302,1401,False,False,False,False
638,CSS_J033704.5+391747,EW,EW,False,False,0.3693132503188467,0.9943465859426632,6472,7077,False,False,False,False
639,CSS_J034508.1+295429,EA,EA,False,False,0.47202351446970653,1.064927658594508,982,3482,False,False,False,False
640,CSS_J143010.0-154305,EW,EW,False,False,0.38694081369896605,1.1963443259770203,4591,1089,False,False,False,False
641,CSS_J004914.8+364504,EW,EW,False,False,0.40897776375713635,1.0447807306769694,2947,4294,False,False,False,False
642,CSS_J230402.7+211028,EW,EW,False,False,0.5481874833109336,1.2014362897462785,264,1056,False,False,False,False
643,CSS_J011142.0+394329,EW,EW,False,False,0.42699337462438275,1.0405974751334786,2115,4467,False,False,False,False
644,CSS_J091649.4+143857,EW,EW,False,False,0.36710383200150354,0.9864842763065708,6703,7513,False,False,False,False
645,CSS_J045358.5+183138,EW,EW,False,False,0.37257988878629855,1.0331529989074713,6125,4814,False,False,False,False
646,CSS_J234102.1+202626,EW,EW,False,False,0.35300953233660404,0.9864748993815391,7915,7514,False,False,False,False
647,CSS_J115606.6+030131,RRc,RRc,False,False,0.39369609171418496,1.000573203359232,3975,6731,False,False,False,False
648,CSS_J222127.2+141435,EW,EW,False,False,0.3902665435877586,1.1700286628255179,4300,1340,False,False,False,False
649,CSS_J223400.7+082847,RRc,RRc,False,False,0.4004551948168725,1.034174495169304,3468,4768,False,False,False,False
650,CSS_J073908.4+574226,EW,EW,False,False,0.46023188257510705,0.997232211440594,1199,6910,False,False,False,False
651,CSS_J045642.4+174919,EW,EW,False,False,0.3770491577397155,0.991804336455375,5583,7217,False,False,False,False
652,CSS_J161840.3-011914,RRd,EW,True,True,0.42870277550628727,1.2453224659649196,2043,755,False,False,False,False
653,CSS_J043352.4+104026,EW,EW,False,False,0.3695705628499636,1.0160554515589406,6440,5741,False,False,False,False
654,CSS_J162457.5+343859,RS CVn,EW,True,True,0.43966536746077345,1.114892289049906,1700,2178,False,False,False,False
655,CSS_J031628.1+144813,EW,EW,False,False,0.3990196945354716,1.0138284854401707,3569,5875,False,False,False,False
656,CSS_J050317.1+094916,RRc,EW,True,False,0.4229250372698736,1.0024481368690503,2281,6616,False,False,False,False
657,CSS_J011407.0+101429,EW,EW,False,False,0.36312995623581623,0.9790217721708826,7106,7803,False,False,False,False
658,CSS_J040821.6+314513,EW,EW,False,False,0.38474735681577854,1.0366540989833115,4793,4648,False,False,False,False
659,CSS_J170441.5-020613,RRab,RRab,False,False,0.4846164328612442,1.1444338623849661,763,1678,False,False,False,False
660,CSS_J003320.0+412136,EA,EA,False,False,0.47307046200898606,1.0381291169346125,959,4579,False,False,False,False
661,CSS_J091825.7-121729,EW,EW,False,False,0.369637486608792,1.2151954958151399,6435,950,False,False,False,False
662,CSS_J074055.0+344005,EW,EW,False,False,0.3913580916767235,1.0282202068736679,4201,5064,False,False,False,False
663,CSS_J051842.3+142505,EW,EW,False,False,0.4133621393780474,1.0912649810970538,2720,2690,False,False,False,False
664,CSS_J045635.8+210108,EA,EA,False,False,0.44644429025969024,1.0413616876843772,1507,4440,False,False,False,False
665,CSS_J221839.4-032352,RRab,RRab,False,False,0.4881411386308573,1.0181544465268066,701,5619,False,False,False,False
666,CSS_J170531.3+571219,RRc,EW,True,False,0.3590843389729558,1.0433671730727152,7510,4350,False,False,False,False
667,CSS_J035828.5-161037,EW,EW,False,False,0.43853210987365526,1.0459111759673223,1733,4238,False,False,False,False
668,CSS_J085839.6-193451,EW,EW,False,False,0.36955546556297814,1.1508738090110524,6442,1584,False,False,False,False
669,CSS_J210537.0+081234,EW,EW,False,False,0.5039121791851534,1.0772319453723687,524,3090,False,False,False,False
670,CSS_J113405.5-022045,RRc,RRc,False,False,0.40044682449242125,1.0438376003460825,3469,4329,False,False,False,False
671,CSS_J084920.5+503909,EW,EW,False,False,0.3566824800018076,0.9884438574799794,7686,7402,False,False,False,False
672,CSS_J232125.1+371848,EW,EW,False,False,0.35298987811667604,1.0041438649268588,7919,6504,False,False,False,False
673,CSS_J235234.5+301336,EW,EW,False,False,0.4997282098434054,1.3499426469230744,560,356,False,False,False,False
674,CSS_J004523.7+360006,EW,EW,False,False,0.3635429088163334,1.0286115237702325,7065,5038,False,False,False,False
675,CSS_J211506.2+134002,EA,EW,True,False,0.4507114637163241,1.1863368737527904,1400,1172,False,False,False,False
676,CSS_J075524.4+053152,EW,EA,True,False,0.48944049663143374,1.0180240239287692,686,5629,False,False,False,False
677,CSS_J121000.0-051538,EW,EW,False,False,0.36097640200724507,1.224423413182041,7323,872,False,False,False,False
678,CSS_J005248.4+214950,EA,EA,False,False,0.48959792263897883,0.9801036612890277,684,7767,False,False,False,False
679,CSS_J130200.7-053413,EW,EW,False,False,0.42079504838918574,1.0858882795622287,2371,2836,False,False,False,False
680,CSS_J073402.1+441123,EW,EW,False,False,0.3994710746269071,1.081324412842872,3547,2965,False,False,False,False
681,CSS_J132439.8+130747,EW,EW,False,False,0.38359989626316565,1.0914409764892374,4913,2687,False,False,False,False
682,CSS_J145035.6+381328,RRc,RRc,False,False,0.42195676810408705,1.0648362024608875,2314,3483,False,False,False,False
683,CSS_J025128.0+382741,RRd,RRc,True,True,0.3752298798130009,0.9924430282058962,5804,7176,False,False,False,False
684,CSS_J171254.9+182944,EW,EW,False,False,0.3966647745493497,1.039523312081879,3735,4512,False,False,False,False
685,CSS_J024227.0+011332,RRc,RRab,True,False,0.3610465658906864,1.096834572995675,7317,2571,False,False,False,False
686,CSS_J180110.2+381629,EW,EW,False,False,0.3801214663478978,1.0766164154163524,5275,3112,False,False,False,False
687,CSS_J070854.4+391901,EW,EW,False,False,0.4352780604196575,1.4813414657742632,1844,156,False,True,False,False
688,CSS_J105247.0+185440,EW,EW,False,False,0.4317969589029976,1.0610619616447285,1952,3618,False,False,False,False
689,CSS_J012626.0-074957,EW,EW,False,False,0.40856313320372334,1.0049657692912604,2965,6450,False,False,False,False
690,CSS_J023240.8+411934,EA,EA,False,False,0.47157943742205943,1.0273139256357933,995,5112,False,False,False,False
691,CSS_J233555.9-043524,EW,EW,False,False,0.4819803427199588,1.250735467548842,804,726,False,False,False,False
692,CSS_J080604.5+502042,EW,EW,False,False,0.40506176958416773,1.0866110908330344,3159,2817,False,False,False,False
693,CSS_J082851.6+010007,EW,EW,False,False,0.37697532433087744,1.0685494947143561,5594,3351,False,False,False,False
694,CSS_J085137.8+115057,EW,RRc,True,False,0.40172972675154023,1.0525181122379825,3369,3955,False,False,False,False
695,CSS_J055201.7-071625,EW,EW,False,False,0.40215630132551494,1.1349089662288636,3343,1812,False,False,False,False
696,CSS_J084722.1+280501,EW,EW,False,False,0.46945988201596467,1.0904858865953497,1023,2708,False,False,False,False
697,CSS_J063714.5+421305,EW,EW,False,False,0.37698255125485913,0.9745780425679698,5592,7888,False,False,False,False
698,CSS_J052738.2+002304,RS CVn,EW,True,True,0.3920857270168034,1.0540397697675015,4131,3881,False,False,False,False
699,CSS_J091144.3+001154,EW,EW,False,False,0.3766003638133075,1.037224652629887,5640,4623,False,False,False,False
700,CSS_J162516.0+094200,EW,EW,False,False,0.37739119399353577,1.1408515412534608,5542,1718,False,False,False,False
701,CSS_J153104.1+024828,RRc,RRc,False,False,0.370541045284761,0.9992338529536029,6346,6805,False,False,False,False
702,CSS_J081732.7-045439,EW,EW,False,False,0.4067768978641742,1.013042282463575,3059,5915,False,False,False,False
703,CSS_J203846.9-131714,EA,EW,True,False,0.3931197029318171,1.0319780408351615,4026,4883,False,False,False,False
704,CSS_J014100.3+071211,EW,EW,False,False,0.36900765060074964,1.015204815060057,6501,5787,False,False,False,False
705,CSS_J163441.9-090007,RRab,RRab,False,False,0.426969166137041,1.0720480449739493,2116,3231,False,False,False,False
706,CSS_J222221.8+314737,EW,EW,False,False,0.3548519976821607,0.997725009274222,7803,6891,False,False,False,False
707,CSS_J145910.0-053418,EW,EW,False,False,0.3712015184559415,1.0215753084478063,6277,5416,False,False,False,False
708,CSS_J175354.3+312753,EW,EW,False,False,0.411886878240568,0.9817913749840607,2801,7725,False,False,False,False
709,CSS_J224312.4+320535,EW,EW,False,False,0.3750287282984552,0.9897141611692616,5831,7335,False,False,False,False
710,CSS_J062003.7+561112,EW,EW,False,False,0.4646581305430735,1.0064767338949498,1112,6354,False,False,False,False
711,CSS_J143140.4+053030,EW,EW,False,False,0.3789634858097308,1.0745470761965477,5387,3161,False,False,False,False
712,CSS_J055104.1-193750,EW,EW,False,False,0.36042526804590025,1.0549484163700953,7381,3841,False,False,False,False
713,CSS_J084214.1+064737,EW,EW,False,False,0.384973929693004,0.9988267221007465,4768,6823,False,False,False,False
714,CSS_J043411.4+001319,EW,EW,False,False,0.38649090214161297,1.0437695107547704,4627,4334,False,False,False,False
715,CSS_J082741.6+140949,EW,EW,False,False,0.48149515912294244,1.335477050602316,809,396,False,False,False,False
716,CSS_J044402.9+180755,EW,EW,False,False,0.3971886348033349,1.0346261699507395,3701,4743,False,False,False,False
717,CSS_J163309.4+265855,EW,EW,False,False,0.4734375926951712,1.1323835806147764,952,1859,False,False,False,False
718,CSS_J173125.9+431131,EW,EW,False,False,0.36723529670661204,1.0480857657854175,6689,4131,False,False,False,False
719,CSS_J030826.7+214350,EW,EW,False,False,0.3746598427013472,0.9864259162057204,5880,7516,False,False,False,False
720,CSS_J080932.7+254626,EW,EW,False,False,0.383549260183875,1.0174170319797424,4918,5673,False,False,False,False
721,CSS_J162618.8+162530,EW,EW,False,False,0.41906929962009715,1.0463008827398708,2444,4216,False,False,False,False
722,CSS_J022401.6+260633,EW,EW,False,False,0.39637241684693136,1.0155180921297071,3760,5768,False,False,False,False
723,CSS_J234807.7-162016,EA,EA,False,False,0.4093236078385002,1.0008592337107536,2925,6716,False,False,False,False
724,CSS_J161724.8-055222,EW,EW,False,False,0.40835089910960587,1.1391187662438949,2979,1744,False,False,False,False
725,CSS_J035649.9+195549,RS CVn,RS CVn,False,True,0.41784836981467344,1.1253975893807326,2497,1973,False,False,False,False
726,CSS_J040827.8-123009,EW,EW,False,False,0.44951306592244866,1.0938439541497318,1428,2623,False,False,False,False
727,CSS_J034819.9+374949,EW,EW,False,False,0.4093490608637508,1.0033134255172629,2923,6561,False,False,False,False
728,CSS_J084017.3+343026,EW,EW,False,False,0.39560302730229624,0.9989275183898176,3821,6819,False,False,False,False
729,CSS_J093504.3+050453,EW,EW,False,False,0.388492542782781,1.0882156911344603,4461,2772,False,False,False,False
730,CSS_J155116.7+490413,EW,EW,False,False,0.38887896058484783,0.9786861710331818,4433,7813,False,False,False,False
731,CSS_J025251.6+175826,EA,EA,False,False,0.5041695201162822,1.1159499010896707,521,2158,False,False,False,False
732,CSS_J142820.8+145428,EW,EW,False,False,0.4492418270054293,1.1196424484976735,1434,2084,False,False,False,False
733,CSS_J122541.6+352314,EA,EW,True,False,0.40139053187065027,1.150292875607653,3393,1591,False,False,False,False
734,CSS_J022758.8+313709,EW,EW,False,False,0.37797248875247813,0.9875219414095332,5475,7449,False,False,False,False
735,CSS_J050051.1-063834,EW,EW,False,False,0.37646387470164244,1.00573998919443,5652,6406,False,False,False,False
736,CSS_J045447.2+063606,EW,EA,True,False,0.5895277085821081,1.6978643158743814,155,47,True,True,True,False
737,CSS_J050305.0+045419,EW,EW,False,False,0.42358347424254944,1.2473907962168684,2263,743,False,False,False,False
738,CSS_J051433.9+101551,EW,EW,False,False,0.43338161131528374,1.0411787500898018,1903,4446,False,False,False,False
739,CSS_J122420.4+103852,RRc,RRc,False,False,0.368806768021113,1.0637152609078526,6519,3520,False,False,False,False
740,CSS_J105407.4+321903,EW,EW,False,False,0.3777612289744639,0.9744645414764725,5497,7893,False,False,False,False
741,CSS_J170209.8-011647,RRc,EW,True,False,0.41906529379211066,1.452157922742079,2445,197,False,False,False,False
742,CSS_J051516.8+162244,EW,EW,False,False,0.3534827428409591,0.9995203636660215,7886,6788,False,False,False,False
743,CSS_J221319.1+102435,RS CVn,RS CVn,False,True,0.3918533666825264,1.1406067745914863,4155,1721,False,False,False,False
744,CSS_J080400.8+301357,EW,EW,False,False,0.404053670289159,1.035923646605253,3232,4685,False,False,False,False
745,CSS_J205104.3+010133,EW,EW,False,False,0.38265988819223823,1.0275615696196359,4998,5101,False,False,False,False
746,CSS_J055721.4+051438,EW,EW,False,False,0.4328336221231712,1.040663603185878,1925,4462,False,False,False,False
747,CSS_J163404.4+124735,EA,EW,True,False,0.4199588677539739,1.018521495435008,2411,5590,False,False,False,False
748,CSS_J080216.8+213104,EW,EW,False,False,0.6524424599676008,1.3644306590457038,82,320,True,False,False,False
749,CSS_J041809.3+214229,EW,EW,False,False,0.40017442271403975,1.063291100104397,3489,3539,False,False,False,False
750,CSS_J103814.1+054032,EW,EW,False,False,0.3754229801254516,1.1184617285395382,5772,2106,False,False,False,False
751,CSS_J102742.1+052936,EW,EW,False,False,0.3993526432909287,1.1674078884694785,3553,1380,False,False,False,False
752,CSS_J043046.6+311930,EW,RRc,True,False,0.40888674590338003,1.030214983727676,2952,4965,False,False,False,False
753,CSS_J045604.1+093044,EW,EW,False,False,0.3656697130364254,1.0599064450164486,6855,3658,False,False,False,False
754,CSS_J025002.3+201627,RRc,RRc,False,False,0.40156255006394914,1.052677770976031,3378,3945,False,False,False,False
755,CSS_J153040.4-083723,EW,EW,False,False,0.4101985653484826,1.2884285527770687,2885,562,False,False,False,False
756,CSS_J223622.1+143313,EW,EW,False,False,0.37215340017388837,1.1675986542287642,6182,1375,False,False,False,False
757,CSS_J113153.8-133254,EW,EW,False,False,0.3628463710274693,1.0103501767838632,7144,6096,False,False,False,False
758,CSS_J012955.1+391130,EW,EW,False,False,0.3762939602868237,1.0363806679278678,5675,4660,False,False,False,False
759,CSS_J004612.7+141542,EW,EW,False,False,0.4027880709166438,1.019297623001228,3298,5541,False,False,False,False
760,CSS_J021736.6+412102,EW,EW,False,False,0.36419658912171143,0.9799275212635686,7002,7773,False,False,False,False
761,CSS_J035904.5+080009,RS CVn,RS CVn,False,True,0.42649367530081145,0.9920285081203263,2144,7202,False,False,False,False
762,CSS_J051859.7+051351,EW,EW,False,False,0.3624191427026363,1.0877079379283014,7186,2785,False,False,False,False
763,CSS_J063733.2+653355,EW,EW,False,False,0.3564072388903469,1.0224959485250011,7706,5371,False,False,False,False
764,CSS_J122004.3+185916,EA,EW,True,False,0.5202928262737783,1.2192930995598856,398,910,False,False,False,False
765,CSS_J034953.7+153340,EW,RRc,True,False,0.4194100066139027,1.2337684655707712,2430,812,False,False,False,False
766,CSS_J034624.5+301608,RS CVn,EW,True,True,0.42721875719035657,1.3033129250571043,2105,498,False,False,False,False
767,CSS_J044539.0-072227,EW,EW,False,False,0.3707134236452602,1.027175228056959,6327,5125,False,False,False,False
768,CSS_J024627.3+183413,EW,EA,True,False,0.4130377656221804,1.0117162460119198,2742,6008,False,False,False,False
769,CSS_J133852.9+191917,EW,EW,False,False,0.3734103789666318,1.0002165319258252,6033,6753,False,False,False,False
770,CSS_J082244.2-015843,EW,EW,False,False,0.46566305647456313,1.2020828387962856,1092,1053,False,False,False,False
771,CSS_J205822.0-092504,RRab,RRab,False,False,0.4507608193470988,1.0165554367196705,1399,5722,False,False,False,False
772,CSS_J072853.0+254016,EW,EW,False,False,0.3967299663670403,1.1009837946456031,3730,2475,False,False,False,False
773,CSS_J085256.8-193316,EW,EW,False,False,0.41249961852582046,1.154024229031512,2768,1540,False,False,False,False
774,CSS_J165208.8+010740,EA,EA,False,False,0.44192276051068247,0.9785037053553276,1625,7819,False,False,False,False
775,CSS_J162144.7+243517,EW,EW,False,False,0.3585202066694619,0.9877369964654286,7551,7439,False,False,False,False
776,CSS_J010946.8+380447,EW,EW,False,False,0.3838755776026147,1.0319836031709326,4887,4882,False,False,False,False
777,CSS_J070812.2+365953,EW,EW,False,False,0.4962476562876196,1.2113356080876834,599,975,False,False,False,False
778,CSS_J001736.6+205147,EW,EW,False,False,0.4159417526741649,0.9953852888960057,2588,7010,False,False,False,False
779,CSS_J120746.2-060202,EW,EW,False,False,0.40277398553985777,1.1430876263961192,3300,1692,False,False,False,False
780,CSS_J034313.3+182337,EA,EA,False,False,0.6206761444909042,1.29696951891637,104,527,True,False,False,False
781,CSS_J164444.3+181132,RRc,EW,True,False,0.5296217008669352,1.370931655671852,347,311,False,False,False,False
782,CSS_J213344.5-040643,EW,EW,False,False,0.3683639379973053,0.980298810573632,6574,7761,False,False,False,False
783,CSS_J170032.8+341940,EW,EW,False,False,0.3723912222740962,1.0179903674134931,6146,5635,False,False,False,False
784,CSS_J211658.4+093555,EW,EW,False,False,0.39958236729872315,1.1021999446493647,3534,2442,False,False,False,False
785,CSS_J154427.0-184424,EW,EW,False,False,0.389402872838899,1.271919881995884,4385,625,False,False,False,False
786,CSS_J042631.7-034009,EW,EW,False,False,0.4608488447813251,1.3208137083414582,1187,433,False,False,False,False
787,CSS_J075849.9+141246,EW,EW,False,False,0.37271895396723786,1.0071317546662188,6115,6311,False,False,False,False
788,CSS_J173034.6+222403,EW,EA,True,False,0.5722115165382301,1.1141426393070668,192,2190,False,False,False,False
789,CSS_J103117.2+175503,EW,EW,False,False,0.38237860366641524,0.9812696552121345,5026,7737,False,False,False,False
790,CSS_J155938.1+050242,EW,EW,False,False,0.3673005692122962,1.0135455280728722,6681,5889,False,False,False,False
791,CSS_J180456.6+430312,EW,EW,False,False,0.36357445094834434,1.1938638840617295,7064,1108,False,False,False,False
792,CSS_J151729.2+481131,RRc,EW,True,False,0.4572528771143245,1.4693917787790904,1275,167,False,False,False,False
793,CSS_J174903.4+585133,RRc,EW,True,False,0.4428042043956855,1.5051911970274516,1600,141,False,True,False,False
794,CSS_J165215.7+384224,RS CVn,EW,True,True,0.4570511188156789,1.2045776643319024,1280,1032,False,False,False,False
795,CSS_J165058.9+423700,EW,EW,False,False,0.368718947188495,0.9897491008546562,6530,7330,False,False,False,False
796,CSS_J132949.2+003712,EW,EW,False,False,0.4050021416016361,1.1893296552264185,3165,1140,False,False,False,False
797,CSS_J053451.1+015811,EW,EW,False,False,0.39086806420631937,1.102860454540061,4240,2421,False,False,False,False
798,CSS_J125703.7+442632,RRc,RRc,False,False,0.4007215923110351,1.00752794985926,3440,6286,False,False,False,False
799,CSS_J135152.1+183217,EW,EW,False,False,0.3939782927320669,1.14933225192549,3946,1612,False,False,False,False
800,CSS_J024650.9+233011,EW,EW,False,False,0.38493889034179635,1.0271386845193067,4772,5127,False,False,False,False
801,CSS_J002205.3+315333,RS CVn,RS CVn,False,True,0.5145917987996691,1.175561779532938,426,1281,False,False,False,False
802,CSS_J051849.2+012904,RS CVn,EW,True,True,0.3656956417211645,1.086401138580503,6850,2821,False,False,False,False
803,CSS_J015547.2+440105,EW,EW,False,False,0.4002446422354567,1.0167742261230237,3482,5706,False,False,False,False
804,CSS_J235634.8+404109,EW,EW,False,False,0.3905019499413886,0.9993035387506526,4277,6801,False,False,False,False
805,CSS_J072126.2+624430,EW,EW,False,False,0.35455217772621145,1.0062474330425404,7821,6364,False,False,False,False
806,CSS_J052236.4+093952,EW,EW,False,False,0.3938896172564708,1.0139594342016327,3953,5865,False,False,False,False
807,CSS_J213332.6+190227,EW,EW,False,False,0.39754861758612436,1.01736825576056,3676,5674,False,False,False,False
808,CSS_J165520.6+304644,EW,EW,False,False,0.39086008309904824,1.0455624690352132,4242,4254,False,False,False,False
809,CSS_J011032.5+215708,RRd,RRd,False,True,0.3870262314670756,1.0208097187013503,4585,5466,False,False,False,False
810,CSS_J212426.4+190543,RRc,EW,True,False,0.3797127128137717,1.0459365818556867,5320,4237,False,False,False,False
811,CSS_J141049.8+153656,EW,EW,False,False,0.3549267359739663,0.9940877802901845,7801,7092,False,False,False,False
812,CSS_J162634.1-110727,EW,EW,False,False,0.3749617511385967,1.017993580966959,5837,5633,False,False,False,False
813,CSS_J155325.5+520530,EW,EA,True,False,0.4256463292584247,0.9916728875651147,2182,7225,False,False,False,False
814,CSS_J081447.9+275718,EW,EA,True,False,0.37881942476520514,0.9986815521798664,5401,6835,False,False,False,False
815,CSS_J091749.2+123103,EA,EA,False,False,0.4735112664468734,1.1301332111960016,950,1893,False,False,False,False
816,CSS_J083327.7+564145,EW,EW,False,False,0.3683807415058032,1.0316720625142874,6571,4898,False,False,False,False
817,CSS_J181359.8+460036,RRab,RRab,False,False,0.4014838109825329,1.0357049618318106,3381,4690,False,False,False,False
818,CSS_J055825.0+050250,EW,EW,False,False,0.35185449976228694,1.0102415346198512,7960,6102,False,False,False,False
819,CSS_J225738.2+390243,EW,EW,False,False,0.3667875783801965,0.9737155528375334,6733,7911,False,False,False,False
820,CSS_J175253.4+444214,RS CVn,EW,True,True,0.41408958796757833,1.170236789190642,2679,1336,False,False,False,False
821,CSS_J100054.9+012341,RRc,RRc,False,False,0.391386132968035,1.056286285010016,4198,3788,False,False,False,False
822,CSS_J161025.2+164417,EW,EW,False,False,0.3733291209435483,1.1221742783986008,6043,2025,False,False,False,False
823,CSS_J164437.0+194125,RRc,RRc,False,False,0.3734412946085716,1.2261662802693587,6029,861,False,False,False,False
824,CSS_J003154.7-035251,EW,EW,False,False,0.4044053257786289,1.3501754644174042,3210,355,False,False,False,False
825,CSS_J224911.9+272641,EW,EW,False,False,0.4750057225288688,0.9715574253894159,925,7940,False,False,False,False
826,CSS_J170608.0+452656,EW,EW,False,False,0.4113638179323562,1.023782020192102,2834,5304,False,False,False,False
827,CSS_J234815.9+282629,EW,EW,False,False,0.39051319286479297,1.052503620022461,4275,3956,False,False,False,False
828,CSS_J174236.5+291139,EW,EW,False,False,0.3561505511565099,1.089077573882077,7719,2752,False,False,False,False
829,CSS_J144023.8+010127,EW,EW,False,False,0.35803026423265744,1.0144977563150621,7587,5835,False,False,False,False
830,CSS_J001503.1-130914,EW,EW,False,False,0.38542352663369167,1.033660121051118,4724,4795,False,False,False,False
831,CSS_J151107.0-164053,RRc,RRc,False,False,0.4212403013326782,1.1794836431199438,2350,1236,False,False,False,False
832,CSS_J102536.6+123652,RRc,EW,True,False,0.5183340685175661,1.1846867019867817,403,1192,False,False,False,False
833,CSS_J151358.2-135851,RRab,RRab,False,False,0.47702297046348036,1.5082603830171672,891,137,False,True,False,False
834,CSS_J082318.1+162500,EW,EW,False,False,0.4261714087621025,1.094178551942598,2160,2616,False,False,False,False
835,CSS_J232814.1+184212,EW,EW,False,False,0.3574599597926536,0.9840167414495664,7621,7629,False,False,False,False
836,CSS_J010644.3+221454,RRc,RRc,False,False,0.3754529756001828,0.9818114590445968,5768,7723,False,False,False,False
837,CSS_J043825.8-160147,EW,EW,False,False,0.38579447344415213,1.0272602967329216,4693,5117,False,False,False,False
838,CSS_J152032.9-134321,EW,EW,False,False,0.3949868281847248,1.2408981163027888,3870,779,False,False,False,False
839,CSS_J013033.8+385953,EW,EW,False,False,0.4396149636661535,1.0048475801515289,1701,6460,False,False,False,False
840,CSS_J175816.0+290814,EW,EW,False,False,0.4330363649932939,1.2165940566328275,1917,931,False,False,False,False
841,CSS_J010912.1+291113,EA,EW,True,False,0.5327095861859958,1.3568582495102277,334,340,False,False,False,False
842,CSS_J020534.3+363228,EW,EW,False,False,0.3655733799693703,0.9933968414608998,6872,7123,False,False,False,False
843,CSS_J212734.7+064850,EW,EW,False,False,0.3758175050363376,1.0164267140724461,5727,5728,False,False,False,False
844,CSS_J012206.9+450839,RRab,RRab,False,False,0.3822547369047715,1.0951318703168225,5042,2601,False,False,False,False
845,CSS_J171632.9+422420,EW,EW,False,False,0.44288641218296976,1.0552149411252398,1598,3829,False,False,False,False
846,CSS_J151823.3+453943,EW,EW,False,False,0.3629465907109427,1.127623416287563,7129,1935,False,False,False,False
847,CSS_J070136.1+491806,EW,EW,False,False,0.3738805004489807,1.001056788970643,5971,6700,False,False,False,False
848,CSS_J232135.5+053409,EW,EW,False,False,0.38509679711502354,1.0240123671930577,4760,5292,False,False,False,False
849,CSS_J214454.8+141943,EW,EW,False,False,0.4000091443401126,1.0707183808577194,3498,3278,False,False,False,False
850,CSS_J151832.0+445710,EW,EW,False,False,0.3719291651160995,1.0140672107170656,6205,5857,False,False,False,False
851,CSS_J184159.0+480733,EW,EW,False,False,0.4054264049584487,1.0213164552940737,3135,5436,False,False,False,False
852,CSS_J221851.3+134346,EW,EW,False,False,0.4381904378681934,1.0554243323353467,1742,3820,False,False,False,False
853,CSS_J220142.4+172845,EA,EA,False,False,0.5094372402307078,1.1482356093654946,469,1630,False,False,False,False
854,CSS_J171341.0+224751,EW,EW,False,False,0.4371787115088025,0.9790656831171424,1780,7800,False,False,False,False
855,CSS_J053802.6-020444,RS CVn,EW,True,True,0.3736402660640247,1.117280974347398,6003,2131,False,False,False,False
856,CSS_J122229.6-084150,EW,EW,False,False,0.3946191109609319,1.2107505759303452,3902,977,False,False,False,False
857,CSS_J013746.1+090704,EW,EW,False,False,0.35478057827913506,1.0423198769677204,7809,4404,False,False,False,False
858,CSS_J083649.6-012736,EA,EA,False,False,0.4137894428900189,1.0504441801954751,2697,4043,False,False,False,False
859,CSS_J092743.0-090317,RRab,RRab,False,False,0.41430331785431534,1.0852906219853455,2668,2856,False,False,False,False
860,CSS_J080750.7+362421,EW,EW,False,False,0.44600636881143807,1.5117624449041833,1519,135,False,True,False,False
861,CSS_J124336.1+310842,RRc,RRc,False,False,0.47970435310024123,1.0195996575419393,837,5526,False,False,False,False
862,CSS_J084938.4+430447,EW,EW,False,False,0.36458412845269,1.0882281837224421,6966,2771,False,False,False,False
863,CSS_J043431.7-071953,EW,EW,False,False,0.4301291535288525,1.0187232105184252,2004,5578,False,False,False,False
864,CSS_J111028.5+102031,EW,EW,False,False,0.38828048910640056,1.092806050828513,4476,2651,False,False,False,False
865,CSS_J052553.9-014226,RS CVn,EW,True,True,0.5092634830021125,2.205647291720223,471,6,False,True,False,False
866,CSS_J214027.0+015042,RS CVn,EW,True,True,0.38160881468282337,1.353312304179758,5115,350,False,False,False,False
867,CSS_J052547.9-094856,EW,EW,False,False,0.40289437225090036,1.0438328759237632,3294,4330,False,False,False,False
868,CSS_J125958.7-124205,EW,EW,False,False,0.43330145010392307,1.2848326967363177,1908,572,False,False,False,False
869,CSS_J165538.3+260810,EW,EW,False,False,0.44954229160964143,1.2793996414245092,1426,590,False,False,False,False
870,CSS_J231235.0+290506,RRd,EW,True,True,0.37374179716726763,1.0798960694562048,5985,3003,False,False,False,False
871,CSS_J144149.5-124020,EW,EW,False,False,0.37759825292221494,1.273277101977438,5512,620,False,False,False,False
872,CSS_J014236.6+413856,EW,EW,False,False,0.3905054418523931,0.9916543012166879,4276,7227,False,False,False,False
873,CSS_J045806.2-022707,EW,EW,False,False,0.3597388984467137,1.0526584357242783,7449,3947,False,False,False,False
874,CSS_J033432.3+000136,EW,EW,False,False,0.39426694530072226,1.2146240423883254,3926,957,False,False,False,False
875,CSS_J214804.8+002201,LPV,LPV,False,False,0.7631957970429549,1.0195129098709015,5,5531,True,False,False,False
876,CSS_J222925.3-123808,EW,EW,False,False,0.414644774162546,1.0240743836139843,2645,5287,False,False,False,False
877,CSS_J160455.2+245941,RS CVn,EW,True,True,0.624829668589333,1.4688509177876106,101,170,True,False,False,False
878,CSS_J162538.7+290253,EW,EW,False,False,0.35964583855852766,0.9820510025557425,7457,7713,False,False,False,False
879,CSS_J170756.2+292856,EA,EA,False,False,0.4538958747121257,1.0119952949740623,1342,5988,False,False,False,False
880,CSS_J043256.2-052750,EW,EW,False,False,0.36474459503587964,1.0229639530860877,6959,5341,False,False,False,False
881,CSS_J012314.2+412443,EW,EW,False,False,0.38186042800481546,1.056923984377311,5088,3770,False,False,False,False
882,CSS_J171003.6+333508,RRc,RRc,False,False,0.37436640733179377,1.0479294685884757,5919,4139,False,False,False,False
883,CSS_J091351.4-115642,EW,EW,False,False,0.37704555893115177,1.2859861027957833,5584,571,False,False,False,False
884,CSS_J055352.4-061409,EW,EW,False,False,0.351192198823919,0.9954594987652096,7982,7007,False,False,False,False
885,CSS_J152956.8-124814,EW,EW,False,False,0.3694143291884851,1.052974798719824,6463,3924,False,False,False,False
886,CSS_J151844.0+020109,RRc,RRc,False,False,0.3838616642805861,1.0898819046368946,4890,2726,False,False,False,False
887,CSS_J170139.4-013821,EW,EW,False,False,0.38119346617403294,1.1893377312192928,5167,1139,False,False,False,False
888,CSS_J010323.5-194436,RRc,RRc,False,False,0.43530185558695755,1.2583964090085855,1841,695,False,False,False,False
889,CSS_J215848.1+212759,RRc,RRc,False,False,0.3976464416026791,1.092645683244435,3671,2657,False,False,False,False
890,CSS_J215735.2+023245,EW,EW,False,False,0.36522029560860214,1.0766654862884313,6909,3111,False,False,False,False
891,CSS_J012122.8+403926,EW,EW,False,False,0.4159382398212975,1.2456222508265111,2589,753,False,False,False,False
892,CSS_J075355.0+080157,EW,EW,False,False,0.40528484030914846,1.044039856047495,3145,4321,False,False,False,False
893,CSS_J142703.4+334003,RS CVn,RS CVn,False,True,0.4110025679892669,0.9909321037668584,2853,7269,False,False,False,False
894,CSS_J173105.2+074301,RRab,RRab,False,False,0.43992753626762393,1.0308544462932643,1688,4935,False,False,False,False
895,CSS_J170303.8-041452,RRc,EW,True,False,0.38856762209937074,1.13754677451726,4455,1770,False,False,False,False
896,CSS_J063342.4+523001,EW,EA,True,False,0.4347583736227447,1.0376699233595106,1856,4601,False,False,False,False
897,CSS_J010240.6+370349,EW,EW,False,False,0.3672776170811473,0.9756563361887475,6684,7869,False,False,False,False
898,CSS_J161351.8+522409,EW,EW,False,False,0.3531224140964308,0.9964518322767086,7910,6954,False,False,False,False
899,CSS_J172043.7+305703,RRc,RRc,False,False,0.3931868663266694,1.2055508837596434,4019,1025,False,False,False,False
900,CSS_J220532.8+064511,EA,EA,False,False,0.4407290984180641,1.0657118744489555,1660,3456,False,False,False,False
901,CSS_J170406.1+195629,EW,EW,False,False,0.42411110424213505,1.128203170601341,2236,1929,False,False,False,False
902,CSS_J103110.9-141810,RRc,RRc,False,False,0.40112694967455004,1.0905127129093162,3413,2705,False,False,False,False
903,CSS_J215439.4+074851,EW,EW,False,False,0.3678238050376344,0.9722171211520614,6630,7927,False,False,False,False
904,CSS_J143012.9+484907,RRc,EW,True,False,0.38266296906022274,1.2678080457144045,4997,637,False,False,False,False
905,CSS_J040928.0+031017,EW,EW,False,False,0.43041695469059943,1.115201244145307,1995,2172,False,False,False,False
906,CSS_J035636.4+231901,EA,EA,False,False,0.43526562592081963,1.0608824923646862,1845,3626,False,False,False,False
907,CSS_J034752.6+351845,RRc,EW,True,False,0.4135956386563785,1.0567795723101445,2705,3780,False,False,False,False
908,CSS_J045020.8+070312,EW,EW,False,False,0.39278279231497193,1.1107300151469974,4066,2256,False,False,False,False
909,CSS_J050908.7+091314,EA,EA,False,False,0.4522000918274919,1.1315869332957105,1367,1872,False,False,False,False
910,CSS_J164027.8+145056,EW,EW,False,False,0.3866299864823908,1.2318389290223495,4613,824,False,False,False,False
911,CSS_J074915.4+432724,EA,EA,False,False,0.6179967181395236,1.3435854533305571,108,374,True,False,False,False
912,CSS_J080901.9+391757,EW,EW,False,False,0.3671149710301433,1.0109151032032584,6699,6065,False,False,False,False
913,CSS_J122548.6+085515,RRc,RRc,False,False,0.3806061709121676,0.9804440742782161,5234,7758,False,False,False,False
914,CSS_J050731.9+131629,EW,EW,False,False,0.40164961413717426,1.0147362401408573,3372,5820,False,False,False,False
915,CSS_J013709.4+001208,RRab,EW,True,False,0.42143433659355134,1.0256021749576272,2341,5207,False,False,False,False
916,CSS_J053212.1+021546,EW,EW,False,False,0.37855964220045124,1.148389657912593,5419,1629,False,False,False,False
917,CSS_J211041.4+082925,LPV,LPV,False,False,0.554869575490885,1.001581034211455,234,6667,False,False,False,False
918,CSS_J120426.0+231809,EA,EA,False,False,0.47578537762538803,1.1543665982359386,913,1538,False,False,False,False
919,CSS_J175103.8+293709,RRab,RRab,False,False,0.4420377175689634,1.0267707752812865,1622,5143,False,False,False,False
920,CSS_J071200.6+423538,EW,EW,False,False,0.37173308113813225,0.9945093476141229,6224,7066,False,False,False,False
921,CSS_J231722.5+244907,EW,EW,False,False,0.386183799305113,1.1503888065589538,4657,1589,False,False,False,False
922,CSS_J165304.6+551056,EW,EW,False,False,0.5154524459844134,1.0578578390612963,421,3733,False,False,False,False
923,CSS_J050903.8+090512,EA,EA,False,False,0.5005334778146815,0.9799387624644966,552,7772,False,False,False,False
924,CSS_J181701.4+514940,EW,EW,False,False,0.3727808247538584,1.038117568410315,6105,4581,False,False,False,False
925,CSS_J035809.9-152530,RRc,EW,True,False,0.38869985788677003,1.0629927847973835,4441,3546,False,False,False,False
926,CSS_J170045.6+005408,EW,EW,False,False,0.40462577732859983,0.9982113300759188,3190,6868,False,False,False,False
927,CSS_J041801.3+041113,EW,EW,False,False,0.3572266754718538,1.0259982816409887,7645,5187,False,False,False,False
928,CSS_J144430.9+423954,EW,EW,False,False,0.37464210913793283,1.053527639362185,5883,3899,False,False,False,False
929,CSS_J080553.1+204712,EW,EW,False,False,0.3730165073391409,1.0033706120879855,6077,6559,False,False,False,False
930,CSS_J224813.6+154120,RRc,EW,True,False,0.36921828894807995,1.0847484274438826,6483,2865,False,False,False,False
931,CSS_J220814.1+001540,EW,EW,False,False,0.37485502732997356,0.986799728532386,5852,7497,False,False,False,False
932,CSS_J045147.0+152148,EW,EW,False,False,0.373737415764033,1.045992318548675,5987,4234,False,False,False,False
933,CSS_J231108.6+190614,EW,EW,False,False,0.3542198206401715,1.0461517079892413,7840,4226,False,False,False,False
934,CSS_J203642.2-140414,EW,EW,False,False,0.4797372906228671,1.084745535032294,835,2867,False,False,False,False
935,CSS_J045823.2+214127,RRab,RRab,False,False,0.49198562500512705,1.0426927818730996,660,4386,False,False,False,False
936,CSS_J053553.4+044532,EA,EA,False,False,0.43868795333157634,1.0965150408918931,1727,2580,False,False,False,False
937,CSS_J011651.8+350039,EW,EW,False,False,0.3958371535721834,1.0665059679346807,3805,3430,False,False,False,False
938,CSS_J080558.7+044236,EW,EW,False,False,0.40331163120115887,1.0609572057294794,3267,3621,False,False,False,False
939,CSS_J045821.4+084821,EA,EA,False,False,0.4985987414600587,0.9878659310699553,574,7435,False,False,False,False
940,CSS_J025525.8+075058,EW,EW,False,False,0.40879571483631216,1.0080163913538356,2957,6254,False,False,False,False
941,CSS_J064541.1+551316,EW,EW,False,False,0.3596077756226402,1.0031477155386046,7463,6569,False,False,False,False
942,CSS_J074600.2+345504,EW,EW,False,False,0.40392948940418544,0.9933283833038631,3238,7126,False,False,False,False
943,CSS_J040254.4-181130,EW,EW,False,False,0.37297809474440297,1.005767027680828,6080,6404,False,False,False,False
944,CSS_J215159.1+161738,EW,EW,False,False,0.37636933268481965,1.03500352676012,5666,4721,False,False,False,False
945,CSS_J023449.2+201024,EW,EW,False,False,0.3746177509034539,1.0569131703946832,5890,3771,False,False,False,False
946,CSS_J161910.1-144628,EA,EA,False,False,0.4470699178912979,0.9876404531816989,1491,7445,False,False,False,False
947,CSS_J235444.8+305751,EA,EA,False,False,0.4291373681925761,0.9747255399776164,2029,7886,False,False,False,False
948,CSS_J022313.4+300149,RRab,EW,True,False,0.3966938140726023,1.128286892100732,3734,1924,False,False,False,False
949,CSS_J003938.4+300940,RRc,RRc,False,False,0.38383220254436606,1.0324863457867695,4894,4848,False,False,False,False
950,CSS_J131817.1-123826,EW,EW,False,False,0.45714907996023746,1.349861345394954,1277,357,False,False,False,False
951,CSS_J153916.1+454945,EW,EW,False,False,0.455452226700254,1.1759088003320706,1311,1273,False,False,False,False
952,CSS_J142129.6+371121,EW,EW,False,False,0.5398786246628281,1.2311434037082438,306,827,False,False,False,False
953,CSS_J045321.5+061856,RRab,EW,True,False,0.47557903377992183,1.0832187876872754,916,2902,False,False,False,False
954,CSS_J012913.5+395833,EW,EW,False,False,0.3560962991743879,1.070582194793296,7724,3281,False,False,False,False
955,CSS_J050559.1+095339,EW,EW,False,False,0.438387368133383,1.0083405843724855,1738,6237,False,False,False,False
956,CSS_J070158.9+342757,EW,EW,False,False,0.4221743697302864,1.1216591953070103,2308,2038,False,False,False,False
957,CSS_J170044.7-021947,EA,EA,False,False,0.4974161233625781,1.0478906216513892,589,4145,False,False,False,False
958,CSS_J072718.7+415517,EA,EA,False,False,0.4488034334816036,1.0550602128176234,1447,3838,False,False,False,False
959,CSS_J035732.8+225110,EW,EW,False,False,0.48750957572462456,1.2398236599580241,714,782,False,False,False,False
960,CSS_J180211.1+352616,EW,EW,False,False,0.4009670279764227,1.2450044240121279,3425,759,False,False,False,False
961,CSS_J124501.6-090810,EW,EW,False,False,0.37196729062136763,1.159037155471594,6202,1487,False,False,False,False
962,CSS_J003757.8+081857,EW,EW,False,False,0.3724456135945848,1.0313317400360027,6143,4910,False,False,False,False
963,CSS_J204438.0-013327,EW,EA,True,False,0.45985733761173553,1.128314607057054,1208,1923,False,False,False,False
964,CSS_J051835.8+073613,RS CVn,EW,True,True,0.53925953559145,2.1533155820364307,309,11,False,True,False,False
965,CSS_J024532.7+263721,EA,EA,False,False,0.4119486858686763,1.0038314981078178,2796,6529,False,False,False,False
966,CSS_J074617.8+640659,EW,EW,False,False,0.40337820809843566,1.0470903054173022,3262,4185,False,False,False,False
967,CSS_J073742.9+373606,EW,EW,False,False,0.43241276551587376,0.9895105758178546,1932,7348,False,False,False,False
968,CSS_J114619.3+161202,EW,EW,False,False,0.4074530821802216,1.0467103012857293,3025,4199,False,False,False,False
969,CSS_J065502.1+364421,EA,EA,False,False,0.4344073371191257,1.0015489900316954,1873,6669,False,False,False,False
970,CSS_J031749.2+342600,EW,EW,False,False,0.3997062067992796,1.0316243967958025,3523,4900,False,False,False,False
971,CSS_J002601.5+254659,EW,EW,False,False,0.411468951098684,1.1495295054780388,2827,1607,False,False,False,False
972,CSS_J024035.4+262424,EW,EW,False,False,0.426821786310043,1.0090241548508245,2126,6185,False,False,False,False
973,CSS_J012419.6+011505,EW,EW,False,False,0.4521958822796205,1.066582907214743,1368,3425,False,False,False,False
974,CSS_J220715.4+201233,EW,EW,False,False,0.3574961566226037,1.0350497047689067,7618,4718,False,False,False,False
975,CSS_J204734.2-030903,EW,EW,False,False,0.43320856531278074,1.1010907054198786,1913,2472,False,False,False,False
976,CSS_J091717.7+582532,EW,EW,False,False,0.4342648840867066,1.0626178476161203,1875,3564,False,False,False,False
977,CSS_J100737.3-061017,EW,EW,False,False,0.3935480663287199,0.989472969928066,3986,7353,False,False,False,False
978,CSS_J163732.4+131334,EW,EW,False,False,0.45416046939368626,1.0076605279906397,1336,6281,False,False,False,False
979,CSS_J074517.6+222029,EW,EW,False,False,0.4243959869183044,1.188185168779258,2224,1152,False,False,False,False
980,CSS_J093600.5+250012,EW,EW,False,False,0.3656659288216348,1.0050259041505951,6856,6447,False,False,False,False
981,CSS_J054728.0+023308,RS CVn,EW,True,True,0.4387072397248604,1.004281845473013,1726,6501,False,False,False,False
982,CSS_J021300.6+051716,EW,EW,False,False,0.47519077064827925,1.1098759263424411,922,2273,False,False,False,False
983,CSS_J231320.4+023856,RRc,EW,True,False,0.4074155465687392,1.166110265704256,3029,1392,False,False,False,False
984,CSS_J103912.8-084322,EW,EW,False,False,0.38709929154436723,1.0728885613158687,4576,3210,False,False,False,False
985,CSS_J080452.5+440723,EW,EW,False,False,0.38991871953846374,1.0920511390001673,4334,2673,False,False,False,False
986,CSS_J023638.8+383443,EW,EW,False,False,0.41358125405124097,1.2438945294927422,2706,765,False,False,False,False
987,CSS_J081538.3+185923,EW,EW,False,False,0.41547840631168637,1.1855336513373396,2608,1183,False,False,False,False
988,CSS_J165506.3+333001,EW,EW,False,False,0.3739784477874965,1.1040168358146807,5962,2395,False,False,False,False
989,CSS_J025915.4+045816,EW,EW,False,False,0.36762223671297634,1.04465905274264,6648,4300,False,False,False,False
990,CSS_J172402.6+010709,RRab,EW,True,False,0.3688069892156187,1.3404928882973477,6518,383,False,False,False,False
991,CSS_J164357.7+261744,EA,EW,True,False,0.4482842128921136,1.1755643726300835,1464,1280,False,False,False,False
992,CSS_J203427.1-055406,EW,RRc,True,False,0.37150121305499617,1.238110133517789,6243,787,False,False,False,False
993,CSS_J213722.3-025758,EW,EW,False,False,0.3794782985733484,1.0724321841712698,5347,3224,False,False,False,False
994,CSS_J173333.0+252446,EW,EW,False,False,0.3892312476318462,1.036105920775435,4394,4675,False,False,False,False
995,CSS_J171753.2+435119,RS CVn,RS CVn,False,True,0.4475756173497559,1.1669620676283654,1484,1384,False,False,False,False
996,CSS_J232849.8+133634,RRc,RRc,False,False,0.4007058522140631,1.1533953928601317,3442,1553,False,False,False,False
997,CSS_J051011.8+192441,EW,EW,False,False,0.36529871197481506,1.0383837850766242,6902,4568,False,False,False,False
998,CSS_J181432.6+474251,EW,EW,False,False,0.4126675612186985,1.1239917736813592,2759,1996,False,False,False,False
999,CSS_J224033.7+321047,EW,EW,False,False,0.37518567167625255,1.0367818794152288,5813,4643,False,False,False,False
1000,CSS_J203624.7-101559,EA,EA,False,False,0.5721898014529533,1.32855254513596,194,413,False,False,False,False
1001,CSS_J074743.1+142456,EW,EW,False,False,0.46523945654248744,1.0524890779621912,1103,3957,False,False,False,False
1002,CSS_J142259.2+194921,EW,EW,False,False,0.3572184450982445,0.980900690853238,7647,7744,False,False,False,False
1003,CSS_J022821.4+270113,EW,EW,False,False,0.37307938741688096,1.0254811923088405,6067,5215,False,False,False,False
1004,CSS_J135534.5+145009,RRd,RRd,False,True,0.38331132770368587,1.1196285411020221,4943,2086,False,False,False,False
1005,CSS_J033131.4+142752,EW,EW,False,False,0.3720338866329453,0.9852259352404177,6190,7580,False,False,False,False
1006,CSS_J151610.9+372208,EW,EW,False,False,0.4366608866202752,1.016711606152408,1801,5709,False,False,False,False
1007,CSS_J133347.1-142601,RRc,EW,True,False,0.44796222275115766,1.1629807708107278,1475,1438,False,False,False,False
1008,CSS_J050214.7+084824,EW,EW,False,False,0.39061193439208025,1.0155721983149808,4265,5764,False,False,False,False
1009,CSS_J072058.9+323628,EA,EA,False,False,0.4922039190646243,1.0101781842256616,658,6106,False,False,False,False
1010,CSS_J162505.4+335908,EW,EW,False,False,0.3863784295785706,1.2234110987655613,4640,881,False,False,False,False
1011,CSS_J210745.6-032253,EW,EW,False,False,0.40546520882511516,1.2597679318331874,3129,689,False,False,False,False
1012,CSS_J165724.7+064358,EW,EW,False,False,0.3628202404681447,1.01361367254831,7147,5886,False,False,False,False
1013,CSS_J153923.7+570645,RRab,RRab,False,False,0.42404041763249034,1.0285581120562222,2241,5043,False,False,False,False
1014,CSS_J003102.1+250220,EW,EW,False,False,0.3827609331409684,1.0677527850991617,4989,3376,False,False,False,False
1015,CSS_J075714.1+141905,EW,EW,False,False,0.4562544705818434,1.065545058305324,1295,3464,False,False,False,False
1016,CSS_J164913.9+190055,RS CVn,EW,True,True,0.537926267053858,1.3087164309868764,315,477,False,False,False,False
1017,CSS_J052254.9-122036,EW,EW,False,False,0.3866168084515249,1.1656644049724014,4614,1400,False,False,False,False
1018,CSS_J073851.3+234808,EW,EW,False,False,0.36118195978110584,1.3595259959031902,7304,333,False,False,False,False
1019,CSS_J022540.6+064230,EW,EW,False,False,0.38013091498983503,1.0392216764994928,5274,4532,False,False,False,False
1020,CSS_J084536.0+201300,EW,EW,False,False,0.40529430641137837,1.1423037877973816,3143,1703,False,False,False,False
1021,CSS_J020606.9-040009,RRc,RRc,False,False,0.36685226760875034,1.0175229351726127,6729,5662,False,False,False,False
1022,CSS_J041827.5-063512,EW,EW,False,False,0.35874060272370945,1.073864241356518,7534,3181,False,False,False,False
1023,CSS_J204602.1-100231,EW,EW,False,False,0.36254696028453576,0.9873647836508159,7168,7461,False,False,False,False
1024,CSS_J045115.5+141549,EW,EW,False,False,0.40462457783434946,1.0087633707962496,3191,6210,False,False,False,False
1025,CSS_J141226.6+000320,RRab,RRab,False,False,0.45464460442686205,0.9778408479843081,1325,7837,False,False,False,False
1026,CSS_J011831.0+374810,EW,EW,False,False,0.3962375047777192,1.1666873468052712,3769,1388,False,False,False,False
1027,CSS_J221652.1+222932,EW,EW,False,False,0.4789638802223297,1.3131950887504642,851,456,False,False,False,False
1028,CSS_J221352.2-065817,EW,EW,False,False,0.3739902396918239,0.9894757359893424,5961,7351,False,False,False,False
1029,CSS_J135120.2-171709,RRc,EW,True,False,0.3694609627289578,1.0707465368019853,6455,3277,False,False,False,False
1030,CSS_J041414.6+360135,EW,EW,False,False,0.5772906055796554,1.1185717460714668,185,2102,False,False,False,False
1031,CSS_J172201.8+172050,EW,EW,False,False,0.3798973428838187,1.0985729505708783,5302,2532,False,False,False,False
1032,CSS_J080817.4+214053,EA,EA,False,False,0.4804359641267041,1.1019332995164508,822,2446,False,False,False,False
1033,CSS_J005355.2+402616,EW,EW,False,False,0.3957169986602376,0.9929909098919903,3814,7139,False,False,False,False
1034,CSS_J042757.9+391436,EW,EW,False,False,0.46730305010060436,1.216829783690118,1060,927,False,False,False,False
1035,CSS_J212804.6+012828,EA,EA,False,False,0.4877225202367336,1.0837772502754155,710,2887,False,False,False,False
1036,CSS_J173010.4+102904,RRab,RRab,False,False,0.47088488650483923,1.0079965161095839,1003,6256,False,False,False,False
1037,CSS_J044414.5-120717,EW,EW,False,False,0.377097696524456,1.0048268490907577,5576,6463,False,False,False,False
1038,CSS_J041135.5-043342,EW,EW,False,False,0.43556938514556776,1.055190637257854,1831,3831,False,False,False,False
1039,CSS_J210216.8-055504,EW,EW,False,False,0.3665714077688714,0.9952217295333023,6759,7018,False,False,False,False
1040,CSS_J082058.4+505929,EA,EA,False,False,0.44006698497202146,0.999883083419002,1684,6771,False,False,False,False
1041,CSS_J210630.2+032517,RRc,EW,True,False,0.38369133877506867,1.1873104190732315,4903,1163,False,False,False,False
1042,CSS_J233159.6+155334,RRc,EW,True,False,0.400594088584767,1.094636460735744,3450,2610,False,False,False,False
1043,CSS_J091353.1+435421,EW,EW,False,False,0.35522319136431163,0.9906656865610046,7783,7281,False,False,False,False
1044,CSS_J222800.5+000419,EW,EW,False,False,0.35879765721201623,1.0199973666715825,7529,5507,False,False,False,False
1045,CSS_J170206.0+072359,EW,RRc,True,False,0.3680716074649507,1.0020844962446316,6604,6641,False,False,False,False
1046,CSS_J213806.1+134427,EW,EW,False,False,0.43729244681188034,1.0375702292074185,1776,4605,False,False,False,False
1047,CSS_J204421.0-183755,RRab,RRab,False,False,0.46396673137594396,1.168763014456681,1123,1357,False,False,False,False
1048,CSS_J165326.8+030655,EW,EW,False,False,0.35766516689475886,0.9788903434053078,7611,7807,False,False,False,False
1049,CSS_J224702.7+244156,RS CVn,RS CVn,False,True,0.4232558268757412,1.1939648738695414,2272,1106,False,False,False,False
1050,CSS_J075309.6+373943,EW,EW,False,False,0.3849231097903932,1.0070996003241475,4776,6316,False,False,False,False
1051,CSS_J082843.9+240134,EW,EW,False,False,0.3718031729211669,1.025046832823355,6218,5240,False,False,False,False
1052,CSS_J215244.5+184757,RS CVn,EW,True,True,0.39373865000204367,1.0480089344844614,3967,4133,False,False,False,False
1053,CSS_J092032.5-133230,EW,EW,False,False,0.3673181285303751,1.1445585955202506,6679,1675,False,False,False,False
1054,CSS_J161053.9-084958,RRc,RRc,False,False,0.4081072404895789,1.0181808032632145,2997,5616,False,False,False,False
1055,CSS_J205546.2+080651,EW,EW,False,False,0.3830725052631119,1.0458217017954372,4966,4242,False,False,False,False
1056,CSS_J091942.3-061506,RRc,RRc,False,False,0.37274059122505715,1.0658623849083775,6111,3452,False,False,False,False
1057,CSS_J124438.2+393618,EA,EA,False,False,0.42665703640168917,1.040510977185813,2140,4470,False,False,False,False
1058,CSS_J071722.4+360118,EW,EW,False,False,0.3886462851242158,1.0323775782170883,4448,4858,False,False,False,False
1059,CSS_J172257.7+223233,EW,EW,False,False,0.3728776306425753,1.0073414412090431,6098,6301,False,False,False,False
1060,CSS_J022640.3+252345,EW,EW,False,False,0.3946738885547547,1.02376010868953,3898,5306,False,False,False,False
1061,CSS_J143515.0-042347,EW,EW,False,False,0.44147110478278195,1.1177811889832587,1640,2122,False,False,False,False
1062,CSS_J052511.5-111415,EW,EW,False,False,0.3818153787539098,0.9996361490259732,5090,6782,False,False,False,False
1063,CSS_J232607.4+145235,EW,EW,False,False,0.3904654078236362,1.009671513500615,4284,6135,False,False,False,False
1064,CSS_J071100.0+482608,EW,EW,False,False,0.43467135959808656,1.109085355655513,1859,2289,False,False,False,False
1065,CSS_J080157.1+441438,EW,EW,False,False,0.3655904984348386,1.0254541204961465,6867,5218,False,False,False,False
1066,CSS_J013146.5+035320,EW,EW,False,False,0.36622568651674536,1.00556962939509,6792,6417,False,False,False,False
1067,CSS_J220451.0+100731,EA,EA,False,False,0.42783547037709313,0.998540484714405,2080,6845,False,False,False,False
1068,CSS_J032648.8+210722,EW,EW,False,False,0.4637376168157531,1.0182657628277696,1128,5611,False,False,False,False
1069,CSS_J074658.2+474618,EA,EA,False,False,0.49962554336908216,1.0688336531896683,562,3341,False,False,False,False
1070,CSS_J175814.1+273432,EW,EW,False,False,0.40628922897740943,1.305352354114063,3084,490,False,False,False,False
1071,CSS_J175446.4+424222,EW,EW,False,False,0.39187482184499045,1.1632764401725715,4153,1435,False,False,False,False
1072,CSS_J073625.2+614626,EW,EA,True,False,0.4201652425020479,0.9871034884037065,2399,7475,False,False,False,False
1073,CSS_J143744.6-171548,RRc,EA,True,False,0.42401723374342964,1.123712444153293,2243,2001,False,False,False,False
1074,CSS_J031147.7+314046,EW,EW,False,False,0.3789849519703511,0.9763736298209709,5386,7858,False,False,False,False
1075,CSS_J214608.1+080003,RS CVn,EW,True,True,0.44835277829813713,1.1477049367509118,1461,1636,False,False,False,False
1076,CSS_J120445.7+053632,EW,EW,False,False,0.40686647071549303,1.2367162568089716,3056,792,False,False,False,False
1077,CSS_J223527.1+111220,EA,EA,False,False,0.4992952865232426,1.0256639277612667,564,5204,False,False,False,False
1078,CSS_J032032.9+263443,EW,RRab,True,False,0.5918724528839104,1.8763342446691849,148,26,True,True,True,False
1079,CSS_J073703.2+230206,EW,EW,False,False,0.3700759951981832,1.0572434078176118,6390,3758,False,False,False,False
1080,CSS_J154018.8-040928,RRab,RRab,False,False,0.5212192201308548,1.011743997645737,393,6007,False,False,False,False
1081,CSS_J031649.6+333014,EW,EW,False,False,0.3871473688601582,1.0287712464815904,4572,5027,False,False,False,False
1082,CSS_J220615.9+051131,EW,EW,False,False,0.35276138080081504,1.034753754461617,7932,4735,False,False,False,False
1083,CSS_J044324.0+172513,EA,EA,False,False,0.45553449564187365,1.1092795696621582,1310,2281,False,False,False,False
1084,CSS_J045917.0+234200,EW,EW,False,False,0.3873642499615496,0.9922230804615854,4552,7188,False,False,False,False
1085,CSS_J143400.7+111630,RRab,RRab,False,False,0.47273930179219104,1.2077223768395844,964,1004,False,False,False,False
1086,CSS_J170618.9+174843,EA,EA,False,False,0.5033570118788748,1.127265273991555,530,1942,False,False,False,False
1087,CSS_J210209.6-044134,EA,EA,False,False,0.4950602415567627,1.043217815904628,615,4357,False,False,False,False
1088,CSS_J115337.4-095804,EW,EW,False,False,0.39727536165394733,1.0386148049198967,3694,4560,False,False,False,False
1089,CSS_J085605.7+163059,LPV,LPV,False,False,0.6956765707538872,1.5813565091254056,46,84,True,True,True,True
1090,CSS_J075104.6+314056,EA,EA,False,False,0.5700035186413679,1.1116907985255646,199,2239,False,False,False,False
1091,CSS_J052350.5+124811,EW,EW,False,False,0.3861448299349271,1.017654871066729,4660,5653,False,False,False,False
1092,CSS_J230736.2+234656,LPV,LPV,False,False,0.7222188503446506,1.4293184873797216,27,216,True,False,False,False
1093,CSS_J210029.6-143950,EW,EW,False,False,0.3894982141131996,1.0189402380807455,4374,5567,False,False,False,False
1094,CSS_J220725.2+040952,EA,EA,False,False,0.4638769033725891,1.0830248624409857,1125,2908,False,False,False,False
1095,CSS_J135526.9+325633,EA,EW,True,False,0.42152902430396916,1.6528056092210626,2333,57,False,True,False,False
1096,CSS_J093017.5+433407,EW,EW,False,False,0.3664592510942047,0.9672763446258207,6770,7977,False,False,False,False
1097,CSS_J081405.0+000826,EW,EW,False,False,0.3769576548369433,0.9847374796516849,5597,7604,False,False,False,False
1098,CSS_J093308.4+292508,EA,EA,False,False,0.44613176851042197,1.0060893630849237,1516,6374,False,False,False,False
1099,CSS_J215601.9+001736,RRc,EW,True,False,0.3841145397241493,1.021604327043385,4853,5414,False,False,False,False
1100,CSS_J091138.5+601358,EW,EW,False,False,0.44151041615977193,1.2032399914273282,1639,1046,False,False,False,False
1101,CSS_J124436.1+122312,RRc,RRc,False,False,0.41771987071169425,1.2376031018815685,2504,789,False,False,False,False
1102,CSS_J044241.3+014058,EA,EA,False,False,0.5137001816157939,1.3093977578335374,435,471,False,False,False,False
1103,CSS_J061440.6+640630,RRab,RRab,False,False,0.42166885060957016,0.993562180055123,2327,7114,False,False,False,False
1104,CSS_J050225.1-080649,RS CVn,RS CVn,False,True,0.4192578685993534,1.1124455695790827,2439,2224,False,False,False,False
1105,CSS_J234218.5+402626,EW,EW,False,False,0.37682535637450343,1.065790889251775,5612,3454,False,False,False,False
1106,CSS_J014204.2+445907,EW,EW,False,False,0.40677163178582487,0.9951424617960049,3060,7022,False,False,False,False
1107,CSS_J163134.6+050136,RS CVn,EW,True,True,0.3921247947846142,0.9900405358467002,4127,7313,False,False,False,False
1108,CSS_J070607.8+401201,LPV,LPV,False,False,0.593555965196274,0.98698693292025,144,7486,True,False,False,False
1109,CSS_J041928.3+330714,EW,RRc,True,False,0.37548349617750676,0.9992641189302128,5762,6803,False,False,False,False
1110,CSS_J050148.9+153526,EW,EW,False,False,0.3714880257619274,1.1057686098290926,6244,2361,False,False,False,False
1111,CSS_J162103.2+263128,EW,EW,False,False,0.3921701361312524,1.0995146160156035,4123,2512,False,False,False,False
1112,CSS_J054109.5+053831,EW,EW,False,False,0.38505493309715927,1.1914166458691748,4765,1127,False,False,False,False
1113,CSS_J213650.8+204617,RRab,EW,True,False,0.4591239383848079,1.0196681630037507,1225,5524,False,False,False,False
1114,CSS_J131431.4+451412,RRab,RRab,False,False,0.4725042336885686,1.0535227315460427,968,3900,False,False,False,False
1115,CSS_J095820.9+183522,RRc,RRc,False,False,0.36608372253073174,1.019956950296828,6808,5510,False,False,False,False
1116,CSS_J172051.9+143522,EW,EW,False,False,0.3725760986390203,1.02180728645878,6128,5402,False,False,False,False
1117,CSS_J142114.7+352838,EW,EW,False,False,0.440418743070969,1.4253822076756146,1675,222,False,False,False,False
1118,CSS_J172758.2+361458,EA,EA,False,False,0.4411487487465965,0.9807902904186129,1648,7749,False,False,False,False
1119,CSS_J175407.7+381527,EW,EW,False,False,0.44547059234428443,1.0799319152361404,1537,3002,False,False,False,False
1120,CSS_J210211.9+013810,EA,EA,False,False,0.44939278882006234,1.017433926879527,1431,5669,False,False,False,False
1121,CSS_J050901.1+080252,EW,EW,False,False,0.4593742125400445,1.7066968269433194,1216,46,False,True,False,False
1122,CSS_J043643.8+375016,RRab,RRab,False,False,0.49828839818320925,1.3302171657579276,578,408,False,False,False,False
1123,CSS_J210525.8+065123,EW,EW,False,False,0.3556908563714891,0.9912666130465613,7750,7256,False,False,False,False
1124,CSS_J084205.9+212612,EW,EW,False,False,0.6628443090699369,1.2439359337915818,71,764,True,False,False,False
1125,CSS_J221304.1+211441,EW,EW,False,False,0.4267231778776204,1.1537283559717968,2133,1546,False,False,False,False
1126,CSS_J054831.6+013338,EW,EW,False,False,0.4573892121407549,1.1530086671180921,1270,1557,False,False,False,False
1127,CSS_J215301.8+212310,EW,EW,False,False,0.36255418303461884,0.9719178170572272,7167,7932,False,False,False,False
1128,CSS_J075511.4+052937,RRc,RRc,False,False,0.4345755939973221,1.0849966869683636,1864,2863,False,False,False,False
1129,CSS_J235941.5+283534,EW,EW,False,False,0.37956742396810905,1.1682237392559773,5337,1365,False,False,False,False
1130,CSS_J082144.5+195013,EW,EW,False,False,0.3683201398297046,0.9876147806434339,6580,7446,False,False,False,False
1131,CSS_J051912.0+090308,RS CVn,EW,True,True,0.3941467296347376,1.0682335049403584,3936,3363,False,False,False,False
1132,CSS_J232503.1+313320,EW,EW,False,False,0.357573948521941,0.9849978608636853,7616,7591,False,False,False,False
1133,CSS_J050724.0+030627,RRc,RRc,False,False,0.35981087927806477,1.038274451457962,7439,4575,False,False,False,False
1134,CSS_J235007.1+004631,RRc,EW,True,False,0.37341840706529705,1.0621210799885046,6032,3586,False,False,False,False
1135,CSS_J010009.7+394329,EW,EW,False,False,0.4779546269956696,0.9714799336509957,873,7942,False,False,False,False
1136,CSS_J164954.1+291929,EA,EA,False,False,0.46608852932704353,1.0942885145995584,1087,2614,False,False,False,False
1137,CSS_J172128.0+463759,EW,EW,False,False,0.3636762314269803,1.025642387245452,7059,5205,False,False,False,False
1138,CSS_J084436.7+214510,EW,EW,False,False,0.36189904977889786,1.0094055803315574,7237,6156,False,False,False,False
1139,CSS_J103352.5+353324,EA,EA,False,False,0.4133858023392986,1.0131086257371504,2717,5911,False,False,False,False
1140,CSS_J211944.8-105527,EW,EW,False,False,0.38601377204563087,1.0673508840111143,4674,3394,False,False,False,False
1141,CSS_J170002.3+211855,RS CVn,EW,True,True,0.37275375538128297,1.2934236430326442,6108,543,False,False,False,False
1142,CSS_J215021.7+213447,EW,RRc,True,False,0.36759189995467506,0.9907540051421746,6649,7275,False,False,False,False
1143,CSS_J051854.9+014017,EW,EW,False,False,0.3884596167556587,1.015368820511769,4464,5776,False,False,False,False
1144,CSS_J044314.1-155252,EW,EW,False,False,0.37089854925937515,1.029779751051436,6313,4978,False,False,False,False
1145,CSS_J212102.3+153906,RRab,RRab,False,False,0.4824002986594219,1.3262285355065466,801,417,False,False,False,False
1146,CSS_J160838.6+174958,RS CVn,RS CVn,False,True,0.41245659759323494,1.0371598171755905,2772,4627,False,False,False,False
1147,CSS_J163257.8+120358,RS CVn,EW,True,True,0.6795780678038403,1.0712976379691603,54,3256,True,False,False,False
1148,CSS_J043834.9+202621,LPV,LPV,False,False,0.6553232485315433,0.982867517309735,76,7681,True,False,False,False
1149,CSS_J224616.3-162802,EW,EW,False,False,0.3675125525973958,1.0653995443335615,6656,3468,False,False,False,False
1150,CSS_J031419.2+225357,EW,EW,False,False,0.3613064983719191,1.0911836583249939,7292,2692,False,False,False,False
1151,CSS_J145022.7-031914,EW,EW,False,False,0.3843256497239714,1.0707798255191074,4834,3276,False,False,False,False
1152,CSS_J073653.1+471229,EA,EA,False,False,0.4834109506897614,1.0046350745257357,781,6472,False,False,False,False
1153,CSS_J224852.2+334034,EW,EW,False,False,0.3576081801381484,1.0949750548200738,7614,2604,False,False,False,False
1154,CSS_J044731.9+282228,EW,EW,False,False,0.38429268012641654,1.1265171568815606,4838,1953,False,False,False,False
1155,CSS_J071402.6+383850,EW,EW,False,False,0.41271670150668077,1.146105887633254,2756,1657,False,False,False,False
1156,CSS_J233457.5+312029,RRc,RRc,False,False,0.42235172905986756,1.583300540361701,2302,83,False,True,False,False
1157,CSS_J224059.3-070624,EA,EA,False,False,0.44634149384965416,1.0084702897317634,1510,6228,False,False,False,False
1158,CSS_J031451.8+203221,EA,EA,False,False,0.5902912489331668,1.0897550012702824,153,2732,True,False,False,False
1159,CSS_J101613.6+261049,RRc,EW,True,False,0.40185542912155736,1.0945035578588813,3358,2611,False,False,False,False
1160,CSS_J103154.1-012747,EW,EW,False,False,0.3904275947621351,1.0374430614591659,4287,4612,False,False,False,False
1161,CSS_J044007.0-013300,EW,EW,False,False,0.3588757319144409,0.9920047164192726,7527,7203,False,False,False,False
1162,CSS_J170139.1+243948,EA,EA,False,False,0.41330224335308297,0.9907113640328582,2724,7279,False,False,False,False
1163,CSS_J100857.2+282754,EW,EW,False,False,0.36297352772445013,1.0551219170348898,7126,3834,False,False,False,False
1164,CSS_J072602.7+294006,EW,EW,False,False,0.37296892855080616,0.9806699350999761,6083,7752,False,False,False,False
1165,CSS_J173818.8+371939,EW,EW,False,False,0.39152705470727195,1.0855673836298139,4184,2848,False,False,False,False
1166,CSS_J162428.3+381827,EW,EW,False,False,0.37752414783900895,1.0695939011316944,5524,3315,False,False,False,False
1167,CSS_J021242.1+241842,EW,EW,False,False,0.38591347596095765,1.1887523373164024,4683,1145,False,False,False,False
1168,CSS_J014248.1-152355,EW,EW,False,False,0.4041942556058927,1.0517227229036932,3225,3985,False,False,False,False
1169,CSS_J002056.0+270925,EW,EW,False,False,0.3522607906687576,0.992427957558642,7952,7178,False,False,False,False
1170,CSS_J111247.7+025037,EW,EW,False,False,0.3622624627250894,1.0015579696491475,7203,6668,False,False,False,False
1171,CSS_J091119.8+322833,EW,EW,False,False,0.3815634696337818,1.3887310879716381,5119,281,False,False,False,False
1172,CSS_J110743.5+211351,EW,EW,False,False,0.3808685425792617,1.0589827818848714,5206,3690,False,False,False,False
1173,CSS_J093541.4-015450,EW,EW,False,False,0.3960597951219889,1.056803243738538,3786,3779,False,False,False,False
1174,CSS_J224227.6+140315,RRc,RRc,False,False,0.37545978350431125,1.0140117594249751,5765,5860,False,False,False,False
1175,CSS_J175918.9+641226,EW,EW,False,False,0.362442524716803,1.0436818228587148,7183,4338,False,False,False,False
1176,CSS_J081604.9+191409,EW,EW,False,False,0.390263549819016,1.0152987804830524,4301,5782,False,False,False,False
1177,CSS_J212341.3-164727,EW,EW,False,False,0.38664947473004335,1.0930682146758555,4610,2643,False,False,False,False
1178,CSS_J105126.1+485645,EW,EW,False,False,0.3663645129944122,0.9871056002141249,6781,7474,False,False,False,False
1179,CSS_J141753.9-115619,EW,EW,False,False,0.35989696664175114,1.072942515551281,7428,3208,False,False,False,False
1180,CSS_J170612.6+065617,EW,EW,False,False,0.35301952799749436,1.019719234959682,7914,5518,False,False,False,False
1181,CSS_J054750.3+080843,EW,EW,False,False,0.3647751187554724,1.069165344959194,6956,3331,False,False,False,False
1182,CSS_J051657.8+140734,EW,EW,False,False,0.35624824860986154,1.0737305203873038,7713,3182,False,False,False,False
1183,CSS_J210109.9-111203,EA,EA,False,False,0.4748860203098169,1.0128197636667235,929,5930,False,False,False,False
1184,CSS_J040531.7+345147,EW,EW,False,False,0.37781409814113054,1.0026142613266107,5492,6601,False,False,False,False
1185,CSS_J033915.2+315628,EW,EW,False,False,0.4741777117489365,1.007892864695318,937,6264,False,False,False,False
1186,CSS_J051516.5+191927,EA,EA,False,False,0.5502005962209147,1.0388769266670936,255,4542,False,False,False,False
1187,CSS_J082634.9+494640,RRc,RRc,False,False,0.3745661839099223,0.9733494452461333,5898,7918,False,False,False,False
1188,CSS_J111253.9-153709,EW,RRab,True,False,0.39182613794499577,1.058361968528707,4161,3716,False,False,False,False
1189,CSS_J025858.1-041447,EW,EW,False,False,0.41545176066838146,1.034768287094411,2612,4733,False,False,False,False
1190,CSS_J043203.8-111937,EW,EW,False,False,0.35591007510698186,0.9946762136703272,7733,7059,False,False,False,False
1191,CSS_J064848.8+353113,EW,EW,False,False,0.39802167932507815,0.9946587318169314,3635,7061,False,False,False,False
1192,CSS_J024721.8-011437,EW,EW,False,False,0.3815743249558908,1.0928893499167007,5117,2648,False,False,False,False
1193,CSS_J071358.2+351453,EW,EW,False,False,0.413063602413518,1.1165319613421496,2740,2143,False,False,False,False
1194,CSS_J154020.0+192835,EW,EW,False,False,0.43266983130989456,1.0650435946006982,1929,3480,False,False,False,False
1195,CSS_J082207.7+135636,EW,EW,False,False,0.3620276072503387,1.0911558060886752,7225,2693,False,False,False,False
1196,CSS_J033348.1-011837,EW,EW,False,False,0.40032714773263706,0.9942069803817702,3476,7088,False,False,False,False
1197,CSS_J172411.3+200716,EW,EW,False,False,0.4407789416354261,1.218363063925518,1658,918,False,False,False,False
1198,CSS_J220901.5+054552,EW,RRc,True,False,0.37058729381716893,1.0003709207111822,6341,6739,False,False,False,False
1199,CSS_J220532.8+293835,EW,EW,False,False,0.4063480059852773,1.1222896314401614,3078,2022,False,False,False,False
1200,CSS_J210957.5-183301,EW,EW,False,False,0.36171309608340213,1.0008837121753142,7249,6713,False,False,False,False
1201,CSS_J100234.6+025036,EW,EW,False,False,0.5007718273063797,1.2238497826667276,551,877,False,False,False,False
1202,CSS_J030915.4+323119,EA,EA,False,False,0.48754165999199545,1.1405696789784305,713,1724,False,False,False,False
1203,CSS_J031942.7+174552,EW,EW,False,False,0.37797581541510666,1.007036133850883,5474,6319,False,False,False,False
1204,CSS_J084908.8-103140,EW,EW,False,False,0.3923744733565567,1.1009005707839958,4109,2478,False,False,False,False
1205,CSS_J053617.7-062836,RS CVn,EW,True,True,0.4792963655681443,1.977753760485348,842,17,False,True,False,False
1206,CSS_J165803.1-051716,EW,EW,False,False,0.3850569990943148,1.016405929417441,4764,5730,False,False,False,False
1207,CSS_J204506.2-061954,EW,EW,False,False,0.3885018393985111,0.9738264491292897,4460,7910,False,False,False,False
1208,CSS_J170027.5+220640,RRc,RRc,False,False,0.3958449524089114,1.0064578884015505,3804,6355,False,False,False,False
1209,CSS_J040942.0+200204,RRc,EW,True,False,0.3889847123600996,0.9990307037677126,4419,6813,False,False,False,False
1210,CSS_J080155.6+504053,EW,EW,False,False,0.4379666014339365,1.5216641853469715,1750,120,False,True,False,False
1211,CSS_J005155.5-034811,EW,EW,False,False,0.37387438688524915,1.4189912559152498,5972,231,False,False,False,False
1212,CSS_J083643.8-020144,EW,EW,False,False,0.391522883814468,0.9826318051805872,4185,7688,False,False,False,False
1213,CSS_J213051.3-190822,EW,EW,False,False,0.3838790584447016,1.0070391745536191,4885,6318,False,False,False,False
1214,CSS_J084841.2+295041,EW,EW,False,False,0.39260674892769415,1.0288012876275627,4082,5025,False,False,False,False
1215,CSS_J061047.3+460414,EW,EW,False,False,0.37016356030418435,1.0023010293091816,6382,6625,False,False,False,False
1216,CSS_J143634.6+411050,EW,EW,False,False,0.3561985616475342,0.9834131794030231,7716,7658,False,False,False,False
1217,CSS_J045427.6-022519,EW,EW,False,False,0.40694690043227605,1.0302074183651833,3052,4966,False,False,False,False
1218,CSS_J233447.6-183104,EW,EW,False,False,0.39293126153940844,1.0122241057660804,4046,5973,False,False,False,False
1219,CSS_J084212.3-085912,RRc,RRc,False,False,0.43268283557152726,1.1218505165449013,1928,2032,False,False,False,False
1220,CSS_J055844.1+041259,EW,EW,False,False,0.4063509837661377,1.0671239016555798,3077,3404,False,False,False,False
1221,CSS_J182240.2+360622,EW,EW,False,False,0.3773731110113025,1.12674479273417,5546,1949,False,False,False,False
1222,CSS_J050621.9+045721,RS CVn,EW,True,True,0.380005381071843,1.1358206104675377,5290,1798,False,False,False,False
1223,CSS_J132032.7+190922,RRc,RRc,False,False,0.374890953963849,1.0057228300530405,5850,6408,False,False,False,False
1224,CSS_J064831.9+400025,EW,EW,False,False,0.4115265413843544,1.0406305285431539,2822,4466,False,False,False,False
1225,CSS_J064407.9+434529,EW,EW,False,False,0.3594331842290972,1.0188724167825622,7477,5571,False,False,False,False
1226,CSS_J152007.9+105028,EW,EW,False,False,0.42612981609520406,1.1045756040576173,2163,2385,False,False,False,False
1227,CSS_J151002.8-194041,EW,EW,False,False,0.41298426508798936,1.207039682189158,2747,1008,False,False,False,False
1228,CSS_J140609.6+033825,EW,EW,False,False,0.3535329243337879,0.9946809400397255,7882,7058,False,False,False,False
1229,CSS_J204134.7-190518,EW,EW,False,False,0.3740664813787175,1.059903551607857,5952,3659,False,False,False,False
1230,CSS_J225654.3+193858,EW,EW,False,False,0.4204550188553504,0.9965695343878048,2386,6947,False,False,False,False
1231,CSS_J012052.9+263141,EW,EW,False,False,0.3754035722429028,1.0349184248400811,5774,4728,False,False,False,False
1232,CSS_J174030.6+275056,RRc,RRc,False,False,0.3935922073254294,1.1154176457772642,3982,2166,False,False,False,False
1233,CSS_J014927.8+175031,EW,EW,False,False,0.40944746975115187,1.100580998677215,2921,2485,False,False,False,False
1234,CSS_J050210.6-010707,EW,EW,False,False,0.3939313808750782,1.0284582643043882,3948,5054,False,False,False,False
1235,CSS_J100131.0+604030,EW,EW,False,False,0.36866348313382075,1.014803030641716,6533,5811,False,False,False,False
1236,CSS_J042857.9+364855,EW,EW,False,False,0.501295960352298,1.16462653988441,548,1420,False,False,False,False
1237,CSS_J001218.2+231608,EW,EW,False,False,0.40575805789986147,1.0755944632627286,3113,3136,False,False,False,False
1238,CSS_J032755.4+312602,EW,EA,True,False,0.5100798121992837,1.191794719401818,464,1123,False,False,False,False
1239,CSS_J204410.7-192217,EW,EW,False,False,0.3745535577258678,1.2215582487158199,5900,898,False,False,False,False
1240,CSS_J181409.2+390502,EW,EW,False,False,0.41153812764654296,1.3140273730649603,2821,455,False,False,False,False
1241,CSS_J233210.4+283935,EW,EW,False,False,0.3966078513089021,0.9994347218161064,3739,6792,False,False,False,False
1242,CSS_J125506.3+131440,EW,EW,False,False,0.36584759241104975,1.0359585277418486,6835,4681,False,False,False,False
1243,CSS_J165637.7+252821,EW,EW,False,False,0.37633442007810913,0.9896931211571143,5668,7337,False,False,False,False
1244,CSS_J160156.0+202821,EW,EW,False,False,0.411242652179089,1.055782953277039,2843,3808,False,False,False,False
1245,CSS_J074820.5+471036,EW,EW,False,False,0.3618630045457192,1.0137790454720847,7240,5879,False,False,False,False
1246,CSS_J005844.7+184329,EW,EW,False,False,0.4046521845216482,1.193724448445873,3189,1109,False,False,False,False
1247,CSS_J073432.3+375636,EW,EW,False,False,0.4342810811373881,1.0157324458760464,1874,5755,False,False,False,False
1248,CSS_J070852.9+401054,EW,EW,False,False,0.38526506367690916,1.0592768945384914,4744,3684,False,False,False,False
1249,CSS_J074315.4+303839,EW,EW,False,False,0.47195223166558115,1.4369793131909623,986,210,False,False,False,False
1250,CSS_J074126.0+304005,EW,EW,False,False,0.4333812194257444,1.0582465456833734,1904,3722,False,False,False,False
1251,CSS_J055527.2-153753,EA,EA,False,False,0.4090531149074648,1.0002437190808569,2941,6750,False,False,False,False
1252,CSS_J165250.9+213900,RRc,EW,True,False,0.3852497239098662,1.151149413155106,4746,1579,False,False,False,False
1253,CSS_J151639.0+202323,EA,EA,False,False,0.44408575379889476,0.9897720154473328,1568,7326,False,False,False,False
1254,CSS_J175300.4+320144,EW,EW,False,False,0.3538757054996052,0.9918242247769985,7862,7214,False,False,False,False
1255,CSS_J092535.8+130834,EW,EW,False,False,0.3739146622485009,1.0805503459873613,5969,2982,False,False,False,False
1256,CSS_J103925.0+391743,EA,EA,False,False,0.48316093972436464,2.10758573469029,787,12,False,True,False,False
1257,CSS_J032222.7+244656,RS CVn,RS CVn,False,True,0.44786408188550614,1.0660879952666966,1477,3447,False,False,False,False
1258,CSS_J225828.7-121122,EW,EW,False,False,0.39692645998342213,1.0573077861691589,3719,3755,False,False,False,False
1259,CSS_J071512.3+451103,EW,EW,False,False,0.41712581531381104,1.1085386839353346,2531,2304,False,False,False,False
1260,CSS_J152355.0+515202,RRab,RRab,False,False,0.4319832788776054,0.9755790532336361,1948,7872,False,False,False,False
1261,CSS_J130453.2+153939,RRc,RRc,False,False,0.40497129309374624,1.0926218433788784,3168,2658,False,False,False,False
1262,CSS_J084609.2-073613,EW,EW,False,False,0.5313125185665635,1.516645511830022,341,128,False,True,False,False
1263,CSS_J205616.6-064500,EW,EW,False,False,0.42646567846612354,1.1215174728705337,2147,2044,False,False,False,False
1264,CSS_J235945.5+303731,EA,EA,False,False,0.5858103632190307,1.0832320301724396,165,2901,False,False,False,False
1265,CSS_J053612.6-105652,EW,EW,False,False,0.39284211517327616,1.1144900195847576,4061,2187,False,False,False,False
1266,CSS_J032634.3+271604,EW,EW,False,False,0.3685147415650603,1.0922084723394967,6550,2668,False,False,False,False
1267,CSS_J220539.0+121447,RRab,RRab,False,False,0.38574413252160306,1.0039497070843801,4696,6523,False,False,False,False
1268,CSS_J093356.9+335225,RRc,EW,True,False,0.4488909874434628,1.0208966571997036,1442,5463,False,False,False,False
1269,CSS_J225741.0-141229,RRd,RRc,True,True,0.39308675406042615,1.0089021713048392,4029,6198,False,False,False,False
1270,CSS_J081304.1+230642,EA,EW,True,False,0.4221441715817439,1.171975960928025,2309,1320,False,False,False,False
1271,CSS_J144038.1-150001,RRab,RRab,False,False,0.48521735028709034,1.1405795925630593,757,1723,False,False,False,False
1272,CSS_J042006.6+062846,EW,EW,False,False,0.41955100056195616,0.9632379578746757,2423,7991,False,False,False,False
1273,CSS_J035620.9+235742,EW,EW,False,False,0.39703817538515823,0.9967076389607931,3714,6935,False,False,False,False
1274,CSS_J164814.1+470637,EW,EW,False,False,0.40710186162536893,1.0026378202531536,3039,6599,False,False,False,False
1275,CSS_J050836.9+041255,EA,EW,True,False,0.4320387009572326,1.0963623334478367,1945,2583,False,False,False,False
1276,CSS_J151356.7+343431,EW,EW,False,False,0.3722505486394579,0.9709766491600449,6168,7949,False,False,False,False
1277,CSS_J042153.8+194933,EW,EW,False,False,0.3759664027868702,1.0788773182806826,5712,3043,False,False,False,False
1278,CSS_J074226.5+371817,EW,EW,False,False,0.3837219922559796,0.9888957301872809,4902,7380,False,False,False,False
1279,CSS_J132816.3-073640,RRc,RRc,False,False,0.41390541161424693,1.3185287816711484,2682,438,False,False,False,False
1280,CSS_J125947.8-091231,EW,EW,False,False,0.39938846810806405,1.1361094796253841,3551,1795,False,False,False,False
1281,CSS_J211214.2+051511,EW,EW,False,False,0.525599320190662,1.255526811336945,371,705,False,False,False,False
1282,CSS_J071604.7+465854,EA,EA,False,False,0.4927160251440153,1.0474367187612383,647,4168,False,False,False,False
1283,CSS_J054500.9+044335,EW,EW,False,False,0.38916813383885834,1.290373635154169,4402,556,False,False,False,False
1284,CSS_J042723.3-075728,EW,EW,False,False,0.4584033373119296,1.052993423053613,1239,3923,False,False,False,False
1285,CSS_J103118.8+293113,RRc,RRc,False,False,0.4037497474488254,1.1013252152876358,3245,2466,False,False,False,False
1286,CSS_J222523.3+120442,EW,EW,False,False,0.3808566115853932,0.98627742149403,5208,7529,False,False,False,False
1287,CSS_J153528.0-123808,EW,EW,False,False,0.37569840850208863,1.0539262796114024,5737,3884,False,False,False,False
1288,CSS_J123003.0+614035,EW,EW,False,False,0.4282293734658435,1.0543200445975671,2063,3870,False,False,False,False
1289,CSS_J164705.5+142634,EA,EA,False,False,0.5699047854122749,1.1590821640706301,200,1485,False,False,False,False
1290,CSS_J035657.3+081823,EW,EW,False,False,0.4788062516791155,0.9793515847048837,856,7791,False,False,False,False
1291,CSS_J150418.3+213757,RS CVn,EW,True,True,0.5285351138644673,1.3922212219642938,355,271,False,False,False,False
1292,CSS_J160417.7-080535,RRc,RRc,False,False,0.3712603596414903,1.1172159820675938,6275,2133,False,False,False,False
1293,CSS_J043424.8+082159,EW,EW,False,False,0.3820526728587495,1.0753824941180756,5061,3138,False,False,False,False
1294,CSS_J101716.1+105249,RRc,EW,True,False,0.36925136201215997,1.099074226546453,6476,2519,False,False,False,False
1295,CSS_J071032.8+381205,EW,EW,False,False,0.48940321452882507,1.2888991111868278,687,561,False,False,False,False
1296,CSS_J133839.1+241105,EW,EW,False,False,0.497865708563753,1.1964912109157784,585,1086,False,False,False,False
1297,CSS_J220238.7+092036,EW,EW,False,False,0.38783230666831714,1.0167530069009105,4512,5708,False,False,False,False
1298,CSS_J230158.4+350419,EW,EW,False,False,0.3978637688926013,1.1125008993999912,3650,2221,False,False,False,False
1299,CSS_J160608.3-073939,EW,EW,False,False,0.37753570300550754,1.103093147928302,5521,2416,False,False,False,False
1300,CSS_J145308.1-151602,EW,EW,False,False,0.3955839871754998,1.1263131322800228,3825,1961,False,False,False,False
1301,CSS_J222913.7-180631,RRc,RRc,False,False,0.3947608448256445,1.0411358090296927,3892,4448,False,False,False,False
1302,CSS_J133731.9-093732,EW,EW,False,False,0.3774628916864908,0.9987226472042042,5534,6829,False,False,False,False
1303,CSS_J222439.6+074425,EW,EW,False,False,0.3737675753660807,0.9977956006610713,5980,6885,False,False,False,False
1304,CSS_J213033.6+213159,EW,EW,False,False,0.3593295077825854,0.9894223642241838,7488,7356,False,False,False,False
1305,CSS_J091837.5+212121,EW,EW,False,False,0.3987402592117277,1.3066572617965937,3594,485,False,False,False,False
1306,CSS_J165104.1+421110,RRc,RRc,False,False,0.36926224728311197,1.0135882629426598,6474,5888,False,False,False,False
1307,CSS_J053217.9-155356,RS CVn,EW,True,True,0.3646264876693452,1.2041257229118165,6961,1038,False,False,False,False
1308,CSS_J153447.9+220006,EA,EW,True,False,0.3783671075845669,0.9901455949895063,5437,7310,False,False,False,False
1309,CSS_J065350.0+632759,EW,EW,False,False,0.3768194339687994,1.0745263305608181,5613,3162,False,False,False,False
1310,CSS_J082836.1+350242,EA,EA,False,False,0.4213493144407207,1.0290115234846764,2347,5016,False,False,False,False
1311,CSS_J224243.7+201317,EW,EW,False,False,0.3650761207157234,1.1249518534457743,6925,1981,False,False,False,False
1312,CSS_J103834.8+065425,EW,EW,False,False,0.4101219378449987,1.1057854598780401,2889,2360,False,False,False,False
1313,CSS_J163633.9+483000,EW,EW,False,False,0.38420017708118265,1.2095750915759718,4847,991,False,False,False,False
1314,CSS_J092059.8-133339,EW,EW,False,False,0.35687586227649715,0.9987039697484237,7671,6832,False,False,False,False
1315,CSS_J080942.0+140555,EW,RRc,True,False,0.3921512238700274,1.1289781518322797,4125,1910,False,False,False,False
1316,CSS_J221619.1+045541,EW,EW,False,False,0.3730630639601176,1.0123630392637621,6069,5961,False,False,False,False
1317,CSS_J042835.0+382816,RRc,EW,True,False,0.40103258013858967,1.195272251278677,3418,1098,False,False,False,False
1318,CSS_J223522.3-132729,RRc,RRc,False,False,0.4181696107550232,1.0877768753246901,2482,2783,False,False,False,False
1319,CSS_J070344.9+332505,EA,EA,False,False,0.4300158739124718,1.0621097906229664,2007,3587,False,False,False,False
1320,CSS_J010558.3+362222,EW,EW,False,False,0.3600942509267772,1.0180757203389015,7408,5624,False,False,False,False
1321,CSS_J091143.5+211726,EW,EW,False,False,0.49236929866061113,1.6920759068017914,653,51,False,True,False,False
1322,CSS_J033938.3+294122,EW,EW,False,False,0.39041127245190366,1.12003278558502,4289,2076,False,False,False,False
1323,CSS_J115656.8+152836,EW,EW,False,False,0.3745992084140042,0.9963681581607592,5893,6959,False,False,False,False
1324,CSS_J221342.5+144946,RRc,RRc,False,False,0.44839737629097703,1.1287232818695867,1457,1918,False,False,False,False
1325,CSS_J043211.6-123334,EW,EW,False,False,0.35641088075098787,1.0127087523091696,7704,5935,False,False,False,False
1326,CSS_J092840.8+240559,EW,EW,False,False,0.36058633251898004,0.9893921547870124,7364,7357,False,False,False,False
1327,CSS_J163450.8+210841,RRc,RRc,False,False,0.3723125391243054,1.0134792076601937,6162,5894,False,False,False,False
1328,CSS_J180337.6+461857,EW,EW,False,False,0.35480443447700316,0.9835559435051315,7808,7652,False,False,False,False
1329,CSS_J082331.5-023347,EW,RRc,True,False,0.42792134684443406,1.0935595252750916,2078,2630,False,False,False,False
1330,CSS_J143434.8+130522,EW,EW,False,False,0.36550038966324083,1.0603068594569367,6882,3643,False,False,False,False
1331,CSS_J233249.9+371544,EW,EW,False,False,0.3855445217267554,1.03803189135408,4712,4585,False,False,False,False
1332,CSS_J220054.6+203310,EW,EW,False,False,0.38079223907889265,1.0527591160817256,5216,3939,False,False,False,False
1333,CSS_J151543.4-074459,EW,EW,False,False,0.4360159869676425,1.2005036773573177,1817,1063,False,False,False,False
1334,CSS_J214718.4-184649,EW,EW,False,False,0.4168132633266997,1.2652621821247898,2545,654,False,False,False,False
1335,CSS_J211711.1+160239,EW,EW,False,False,0.3799572845293659,1.039593667618312,5296,4507,False,False,False,False
1336,CSS_J085604.7+130630,EW,EW,False,False,0.4142569317281666,1.165926902808755,2671,1395,False,False,False,False
1337,CSS_J044307.4-163128,EW,EW,False,False,0.3776050032279276,1.0257343944317034,5510,5198,False,False,False,False
1338,CSS_J175634.6+540134,RRab,RRab,False,False,0.40912501989379635,1.010987152315422,2939,6060,False,False,False,False
1339,CSS_J065608.2+650243,EW,EW,False,False,0.36905631708538755,1.098519289324821,6496,2536,False,False,False,False
1340,CSS_J210132.5+121931,EW,EW,False,False,0.3564650862451604,1.026010886076979,7700,5186,False,False,False,False
1341,CSS_J053145.1-180236,RS CVn,EW,True,True,0.5487623631627413,1.5684890436160728,259,86,False,True,False,False
1342,CSS_J172248.5+212038,EW,EW,False,False,0.3711174611509385,1.0852543152147758,6284,2857,False,False,False,False
1343,CSS_J005459.5+112001,EW,EW,False,False,0.3870670335632451,1.089027754654201,4579,2753,False,False,False,False
1344,CSS_J023529.5+244425,EW,EW,False,False,0.3573591078841754,0.9856005719037192,7630,7560,False,False,False,False
1345,CSS_J042513.7+270333,RRab,RRab,False,False,0.5237421004843991,1.0726015309885997,383,3218,False,False,False,False
1346,CSS_J172655.0+222053,EW,EW,False,False,0.4032635236980391,1.1001659393216436,3274,2496,False,False,False,False
1347,CSS_J210535.7+032308,EW,EW,False,False,0.3802756938578898,1.080057342263991,5258,2998,False,False,False,False
1348,CSS_J233114.7-020641,RS CVn,EW,True,True,0.47373551390657503,1.0666528025313389,945,3422,False,False,False,False
1349,CSS_J131712.6+142555,RRc,RRc,False,False,0.38167702866396824,1.0555224596190813,5110,3815,False,False,False,False
1350,CSS_J023103.8+075809,EW,EW,False,False,0.39806196269109445,1.0774251920680478,3634,3087,False,False,False,False
1351,CSS_J080509.8+390822,EW,EW,False,False,0.40194162804573247,1.0017529078863667,3354,6657,False,False,False,False
1352,CSS_J101144.3-071047,EW,EW,False,False,0.5592909143533313,1.205313310606986,227,1028,False,False,False,False
1353,CSS_J210319.3-135229,EW,EW,False,False,0.38639498571502706,1.0215173667213833,4639,5425,False,False,False,False
1354,CSS_J063400.6+563208,EW,EW,False,False,0.3646084154259584,1.0123820610507779,6964,5958,False,False,False,False
1355,CSS_J162005.2-014555,EW,EW,False,False,0.4072086543982406,1.1357242612181797,3034,1801,False,False,False,False
1356,CSS_J090329.5+054141,RRc,EW,True,False,0.3559867602234087,1.0144412261274973,7727,5841,False,False,False,False
1357,CSS_J093628.2-040213,EW,EW,False,False,0.3904508497357067,1.0682448756594103,4285,3361,False,False,False,False
1358,CSS_J090908.3+083729,EW,EW,False,False,0.3671381065839792,1.0709110265344395,6695,3272,False,False,False,False
1359,CSS_J023033.7-050858,EW,EW,False,False,0.43747947960050537,1.119873572307728,1769,2079,False,False,False,False
1360,CSS_J230607.3+254559,EA,EW,True,False,0.45571999416406694,1.009197124507262,1307,6170,False,False,False,False
1361,CSS_J051526.4+035108,EW,EW,False,False,0.36083499600608004,0.9907178118559017,7343,7277,False,False,False,False
1362,CSS_J022945.9-063705,EA,EA,False,False,0.4375714050839489,0.9724747194277649,1764,7925,False,False,False,False
1363,CSS_J093749.0+094113,EW,EW,False,False,0.4075618219571689,1.002411014554746,3015,6617,False,False,False,False
1364,CSS_J220159.4+083712,RRc,RRc,False,False,0.47354037662045245,1.3454143066981283,949,369,False,False,False,False
1365,CSS_J045157.5+180338,LPV,RS CVn,True,False,0.4602236964567133,1.368905163442823,1200,315,False,False,False,False
1366,CSS_J225122.6+363450,EW,EW,False,False,0.38194080666558705,0.9759042604345594,5076,7867,False,False,False,False
1367,CSS_J130247.7+400659,EW,EW,False,False,0.36583715386902865,0.9832110125377118,6838,7668,False,False,False,False
1368,CSS_J053957.9+020329,EA,EA,False,False,0.5058017981048386,1.0369370289943183,503,4638,False,False,False,False
1369,CSS_J050211.2+163519,EW,EW,False,False,0.35841760319357036,1.0562325085656012,7561,3792,False,False,False,False
1370,CSS_J102217.6-063707,EA,EA,False,False,0.4928666911257856,1.1612662143544812,644,1461,False,False,False,False
1371,CSS_J223557.0+040022,EW,EW,False,False,0.4407693173458592,1.0345728891339412,1659,4750,False,False,False,False
1372,CSS_J044001.7+185051,EW,EW,False,False,0.4044108677744079,1.185793551353148,3208,1181,False,False,False,False
1373,CSS_J214708.2+102906,EW,EW,False,False,0.4690312546909875,1.0289607739896536,1031,5020,False,False,False,False
1374,CSS_J083407.1+300102,EW,EW,False,False,0.38295733645760494,0.9983386732503717,4974,6859,False,False,False,False
1375,CSS_J055353.1-054819,EW,EA,True,False,0.466944600170821,1.0312983335178179,1067,4913,False,False,False,False
1376,CSS_J055200.6-095723,EW,EW,False,False,0.3943940651328907,1.0129915252640673,3919,5920,False,False,False,False
1377,CSS_J233353.5+115016,EW,EW,False,False,0.3798144808864536,1.2113930093720957,5309,974,False,False,False,False
1378,CSS_J024116.8+380815,EA,EA,False,False,0.5451471868687344,1.024230082475237,277,5280,False,False,False,False
1379,CSS_J165942.6+221509,EW,EW,False,False,0.37325390341396963,1.1686313469573297,6052,1360,False,False,False,False
1380,CSS_J094625.2+174039,RRc,RRc,False,False,0.4014138161138233,1.0440708514776467,3390,4319,False,False,False,False
1381,CSS_J160521.0+171444,EW,EW,False,False,0.48030595841436285,0.9881454136812688,823,7419,False,False,False,False
1382,CSS_J141425.9+471000,RRab,RRab,False,False,0.5229128736345265,1.2445066557651419,386,760,False,False,False,False
1383,CSS_J103916.3+053427,EA,EW,True,False,0.3992959332269597,1.153072102307479,3559,1556,False,False,False,False
1384,CSS_J145408.8+064251,RRc,RRc,False,False,0.38751724703760565,1.033306492374047,4533,4808,False,False,False,False
1385,CSS_J223810.8+134351,RS CVn,EW,True,True,0.44315817159579035,1.1732821483111033,1590,1302,False,False,False,False
1386,CSS_J235525.3+410652,EW,EW,False,False,0.37247004086737523,1.1089917462624115,6139,2293,False,False,False,False
1387,CSS_J231043.2+292719,EW,EW,False,False,0.37334793667330624,0.984590135112233,6041,7611,False,False,False,False
1388,CSS_J095234.3+211729,EW,EW,False,False,0.4563250092494005,0.9956010052530729,1290,7000,False,False,False,False
1389,CSS_J231010.8+323205,EW,EW,False,False,0.3945419021249185,1.0699446714684124,3905,3300,False,False,False,False
1390,CSS_J212921.5-135955,EW,EW,False,False,0.391838184973298,1.0371280073135227,4159,4628,False,False,False,False
1391,CSS_J124520.2+035855,LPV,LPV,False,False,0.7003433940525913,1.0771365777152593,41,3092,True,False,False,False
1392,CSS_J072611.6+523102,EW,EW,False,False,0.36700908840663987,1.0302253923154836,6712,4964,False,False,False,False
1393,CSS_J103251.6+274155,RS CVn,EW,True,True,0.4282505871527893,1.079753962329018,2062,3009,False,False,False,False
1394,CSS_J064538.9+643318,RRab,RRab,False,False,0.4624739173891732,1.079630258023687,1152,3012,False,False,False,False
1395,CSS_J180626.8+542413,EW,EW,False,False,0.36162440880299346,1.0603738423356954,7263,3641,False,False,False,False
1396,CSS_J121141.8+100454,LPV,LPV,False,False,0.6973742814979178,1.1324436240336775,44,1857,True,False,False,False
1397,CSS_J115141.6-010849,RRd,RRab,True,True,0.3904951145802305,1.0404260479889178,4279,4474,False,False,False,False
1398,CSS_J204758.3-051136,EW,EW,False,False,0.3708810760774554,1.0564678360519084,6317,3784,False,False,False,False
1399,CSS_J035104.3+351046,RS CVn,EW,True,True,0.48999809641282055,1.087047234134266,680,2803,False,False,False,False
1400,CSS_J053008.8+031619,EW,EW,False,False,0.3764556948248225,1.0270884786577725,5655,5129,False,False,False,False
1401,CSS_J083653.5+321033,EW,EW,False,False,0.3755827691468258,1.022786230836314,5749,5352,False,False,False,False
1402,CSS_J010117.0+412729,RRc,RRc,False,False,0.3630803973641704,0.9770224056469324,7116,7845,False,False,False,False
1403,CSS_J082251.1+040114,EW,EW,False,False,0.41469497974584735,0.9974636896117781,2643,6898,False,False,False,False
1404,CSS_J130017.4+071511,RRc,RRc,False,False,0.41668599782246374,1.158197224110778,2552,1497,False,False,False,False
1405,CSS_J175213.3+432629,RRc,EW,True,False,0.3677629297284522,1.086240022277257,6636,2827,False,False,False,False
1406,CSS_J214211.5+170845,EW,EW,False,False,0.4913656961327779,1.2071974063694317,666,1007,False,False,False,False
1407,CSS_J205550.6-011947,RRc,EW,True,False,0.3946711231640301,1.5867659486201344,3899,78,False,True,False,False
1408,CSS_J051442.2-030431,EW,EW,False,False,0.3867271783667402,1.0965905307379198,4606,2579,False,False,False,False
1409,CSS_J050148.6+115027,EA,EA,False,False,0.5163262237491233,1.1167641443362073,415,2140,False,False,False,False
1410,CSS_J064636.3+581700,EW,EW,False,False,0.39639820207598114,1.1036060838248458,3758,2405,False,False,False,False
1411,CSS_J142510.6+121109,RRc,RRc,False,False,0.3871648598327426,1.0148586636347912,4568,5806,False,False,False,False
1412,CSS_J073225.0+285129,EW,EW,False,False,0.38477928736783956,1.1452239182401742,4789,1668,False,False,False,False
1413,CSS_J154829.7-071618,EW,EW,False,False,0.38137889786356005,1.05683073688606,5139,3777,False,False,False,False
1414,CSS_J204420.9-141324,EW,EW,False,False,0.37392951109973,1.1453627530631327,5967,1665,False,False,False,False
1415,CSS_J153624.4+410544,EW,EW,False,False,0.44083037595613,1.0214652298101898,1655,5429,False,False,False,False
1416,CSS_J011601.0+164919,EA,EA,False,False,0.42636600597693847,1.0130451033837153,2150,5914,False,False,False,False
1417,CSS_J163212.7+443348,RRc,EW,True,False,0.39995280036377545,1.0837522973128773,3502,2889,False,False,False,False
1418,CSS_J182758.6+514537,RRab,RRab,False,False,0.49834575422316685,1.5160211539371766,577,129,False,True,False,False
1419,CSS_J050234.3+292108,EW,EW,False,False,0.5187098288572393,1.0718230766792745,402,3233,False,False,False,False
1420,CSS_J025756.8-163753,EW,EW,False,False,0.44547326602098,1.080548453041264,1536,2983,False,False,False,False
1421,CSS_J043041.1-082053,RRc,RRc,False,False,0.37449945252300104,1.265623863255315,5907,651,False,False,False,False
1422,CSS_J232706.4+305821,EW,EW,False,False,0.3680505200794541,1.168686348854366,6607,1359,False,False,False,False
1423,CSS_J052549.5+140021,EW,EW,False,False,0.46708395621461674,1.0728099568439762,1066,3215,False,False,False,False
1424,CSS_J225936.6+080753,EW,EW,False,False,0.35457792814337036,0.9762264176224738,7819,7863,False,False,False,False
1425,CSS_J053030.4-090225,EW,EW,False,False,0.42197374908944124,1.0262722826482562,2313,5169,False,False,False,False
1426,CSS_J110307.7+010829,RRc,EW,True,False,0.36267910255206887,1.1650685286855746,7157,1412,False,False,False,False
1427,CSS_J020014.3+260505,EW,EW,False,False,0.3913053224201312,1.3169770329360069,4205,444,False,False,False,False
1428,CSS_J004124.7-064536,RRc,EW,True,False,0.4373759718182693,1.0332136249504469,1773,4813,False,False,False,False
1429,CSS_J051345.6+232250,EW,EW,False,False,0.3572617647542479,0.9950944393620217,7638,7028,False,False,False,False
1430,CSS_J131116.6+191650,RS CVn,RS CVn,False,True,0.4181018893427555,0.9998391145043491,2485,6773,False,False,False,False
1431,CSS_J080710.5+381032,EW,EW,False,False,0.41399127801864355,1.0422333786815492,2681,4409,False,False,False,False
1432,CSS_J004033.0+410143,EW,EW,False,False,0.38429565037902075,0.9913969044473921,4837,7246,False,False,False,False
1433,CSS_J074437.0+302318,EA,EA,False,False,0.48099039394460963,1.2024849261036148,817,1051,False,False,False,False
1434,CSS_J025412.2+271807,EW,EW,False,False,0.3605605498730533,1.0543673415037076,7370,3868,False,False,False,False
1435,CSS_J151905.1+174626,EW,EW,False,False,0.37608703828772905,1.0305726960824075,5693,4951,False,False,False,False
1436,CSS_J142953.1+045444,EW,EW,False,False,0.3546182499709635,1.054317694140277,7817,3871,False,False,False,False
1437,CSS_J044841.6-031056,EW,EW,False,False,0.3660248365290171,1.044803669691865,6816,4293,False,False,False,False
1438,CSS_J130607.9-101140,EW,EW,False,False,0.38175226074289303,1.0328425181321852,5101,4831,False,False,False,False
1439,CSS_J161956.7+504320,EW,EW,False,False,0.3587494949990138,1.021032016233783,7533,5455,False,False,False,False
1440,CSS_J125331.2-035626,RRd,RRc,True,True,0.3694941693151521,1.2011292212739924,6450,1060,False,False,False,False
1441,CSS_J113311.1-144422,RRc,EW,True,False,0.36238137035354384,1.1634932964143414,7190,1433,False,False,False,False
1442,CSS_J151602.0-111524,EA,EA,False,False,0.46969244838985386,1.0449547244080857,1020,4282,False,False,False,False
1443,CSS_J171234.1+291037,EW,EW,False,False,0.364874301491774,1.0258597457295995,6948,5193,False,False,False,False
1444,CSS_J023411.6-023803,RS CVn,EW,True,True,0.38862716105311634,1.1283424432371614,4450,1922,False,False,False,False
1445,CSS_J212531.4+130046,EW,EW,False,False,0.408923800094077,0.9783216704299476,2950,7826,False,False,False,False
1446,CSS_J085708.6+225116,RS CVn,EW,True,True,0.37964974162834203,1.136540292175129,5328,1788,False,False,False,False
1447,CSS_J210351.9+045835,RRc,EW,True,False,0.40075184787832124,1.3176733198244341,3439,441,False,False,False,False
1448,CSS_J054455.3-162707,RRc,RRc,False,False,0.3825569818487052,1.0146019346970676,5009,5831,False,False,False,False
1449,CSS_J163248.3+282058,EW,EW,False,False,0.3713583023178776,0.9905692068882065,6262,7285,False,False,False,False
1450,CSS_J180417.3+394115,RRc,RRc,False,False,0.3972590929603035,1.0335271104163086,3697,4798,False,False,False,False
1451,CSS_J145900.9+045545,EW,EW,False,False,0.36880900682088336,1.0483599642329728,6517,4121,False,False,False,False
1452,CSS_J030853.2+311322,EW,EW,False,False,0.41282893706180507,0.988172240282637,2754,7416,False,False,False,False
1453,CSS_J205409.8-033530,EW,EW,False,False,0.49970104914535474,1.065697664502926,561,3457,False,False,False,False
1454,CSS_J072943.6+470555,EW,RS CVn,True,False,0.4027307830971623,1.0658978407460595,3307,3449,False,False,False,False
1455,CSS_J110157.9-053926,EW,EW,False,False,0.5141693430168651,1.333123164956649,431,401,False,False,False,False
1456,CSS_J015149.1+320000,EW,EW,False,False,0.3912503463042754,1.0529046366389012,4214,3929,False,False,False,False
1457,CSS_J231759.4+171050,RRab,RRab,False,False,0.3883820498874557,1.1217526059630563,4470,2035,False,False,False,False
1458,CSS_J142430.9-072301,EA,EA,False,False,0.4314404496673207,1.0479953767869818,1964,4135,False,False,False,False
1459,CSS_J210457.5+015903,EW,RRc,True,False,0.48549897937861386,1.267157449426076,752,643,False,False,False,False
1460,CSS_J140432.7+391801,EW,EW,False,False,0.3722215126974527,1.009133581057696,6174,6176,False,False,False,False
1461,CSS_J024610.6+143144,EA,EA,False,False,0.486443211386145,1.3141704841915582,734,453,False,False,False,False
1462,CSS_J210056.0-140757,EW,EW,False,False,0.40307885255078046,1.049796505808779,3279,4066,False,False,False,False
1463,CSS_J022347.9+102410,RRab,RRab,False,False,0.5484959366702318,1.110297910017773,263,2265,False,False,False,False
1464,CSS_J004238.8+382927,EW,EW,False,False,0.39384893722995673,0.9863523216487463,3954,7522,False,False,False,False
1465,CSS_J220912.2+272359,EW,EW,False,False,0.3644988595484624,1.0110410623191872,6975,6057,False,False,False,False
1466,CSS_J094201.0+101542,EW,EW,False,False,0.3626042667510609,0.9965016625943595,7163,6952,False,False,False,False
1467,CSS_J011119.5+331912,EA,EA,False,False,0.43011377533471573,1.130461058651091,2005,1887,False,False,False,False
1468,CSS_J205132.3-063233,EW,EW,False,False,0.3926418918566671,1.0502501564326512,4074,4052,False,False,False,False
1469,CSS_J233359.0+313812,RRc,RRc,False,False,0.38602151139169083,1.0925626714695333,4671,2661,False,False,False,False
1470,CSS_J072229.8+410317,EW,EW,False,False,0.7066652670931513,1.3061339420984708,35,487,True,False,False,False
1471,CSS_J055231.1-095500,EW,EW,False,False,0.40912634359050265,1.2822680475966663,2938,581,False,False,False,False
1472,CSS_J013608.7+081209,RRc,RRc,False,False,0.41234854681333183,1.0236214562431871,2779,5315,False,False,False,False
1473,CSS_J105528.9-074410,EA,EA,False,False,0.4277936388906619,1.0268649624625439,2081,5137,False,False,False,False
1474,CSS_J061005.2-100340,RRc,RRc,False,False,0.3744920443652722,1.0125931365331144,5908,5943,False,False,False,False
1475,CSS_J050408.5-161529,EW,EW,False,False,0.35577720717739797,1.0425464665612858,7745,4394,False,False,False,False
1476,CSS_J223759.1+251433,EW,EW,False,False,0.36677552735394275,1.0815222802738398,6736,2958,False,False,False,False
1477,CSS_J222542.2+232702,EW,EW,False,False,0.401813933670411,1.2658610840822249,3361,650,False,False,False,False
1478,CSS_J080910.0+143449,RRc,RRc,False,False,0.41234853569299795,1.0638811816061753,2780,3517,False,False,False,False
1479,CSS_J170839.8+122530,EW,EW,False,False,0.41558595386388963,1.1557160996296099,2602,1523,False,False,False,False
1480,CSS_J160927.4-021017,EW,EW,False,False,0.43892914866725524,1.1090705759213573,1721,2290,False,False,False,False
1481,CSS_J090212.5+400547,EW,EW,False,False,0.4335177387263565,1.546335163404905,1897,102,False,True,False,False
1482,CSS_J074254.7+210901,EW,EW,False,False,0.36739021035520614,0.9958363550407036,6669,6987,False,False,False,False
1483,CSS_J053533.5+143814,EW,EW,False,False,0.41698195966498885,1.1696133035137568,2543,1345,False,False,False,False
1484,CSS_J224207.1+325539,EW,EW,False,False,0.38639817163502943,0.9774323988928095,4637,7842,False,False,False,False
1485,CSS_J224956.8-031032,EW,EW,False,False,0.5224449172124283,1.2035177415043532,388,1043,False,False,False,False
1486,CSS_J095522.6-044551,EW,EW,False,False,0.4046783634057569,1.1561331685779588,3187,1519,False,False,False,False
1487,CSS_J212013.0+055139,EW,EW,False,False,0.35679500378151563,1.046481559825729,7678,4210,False,False,False,False
1488,CSS_J051235.7+154117,EW,EW,False,False,0.3714089414582122,0.992838117022294,6256,7151,False,False,False,False
1489,CSS_J142155.0-021432,RRd,RRc,True,True,0.3981863784543345,1.0071283571871386,3629,6312,False,False,False,False
1490,CSS_J054416.1+042147,EA,EA,False,False,0.4709373138419662,1.077358169775525,1002,3089,False,False,False,False
1491,CSS_J001907.1+340056,EW,EW,False,False,0.37079174785173036,0.979992774832023,6321,7771,False,False,False,False
1492,CSS_J060711.8-080617,EW,EW,False,False,0.39767531145132534,1.0779243891363055,3666,3071,False,False,False,False
1493,CSS_J025831.1+054857,EW,EW,False,False,0.4186018677493255,1.0897977385284823,2468,2730,False,False,False,False
1494,CSS_J021322.9+314816,EA,EA,False,False,0.41521946626507855,1.0189308656383875,2624,5570,False,False,False,False
1495,CSS_J144110.6-154251,RRc,RRc,False,False,0.4053542183779075,1.053667075675397,3139,3892,False,False,False,False
1496,CSS_J164634.2+035205,RS CVn,EW,True,True,0.35652740894700513,1.1292682604827735,7696,1905,False,False,False,False
1497,CSS_J045923.9+084855,EW,EW,False,False,0.3658711550193032,1.005899815979428,6833,6394,False,False,False,False
1498,CSS_J172148.0+072524,RRab,RRab,False,False,0.5772513332096975,1.9574988281585122,186,19,False,True,False,False
1499,CSS_J061948.0+511707,EW,EW,False,False,0.3697504636357635,0.9690288383336128,6421,7969,False,False,False,False
1500,CSS_J012923.2-071509,EW,EW,False,False,0.36097161238949754,1.1422490132528484,7325,1704,False,False,False,False
1501,CSS_J095202.1+212937,EW,EW,False,False,0.49337577757079537,1.096495618342985,635,2581,False,False,False,False
1502,CSS_J134940.4-025554,RRab,RRc,True,False,0.39258256278847825,1.0505695550614376,4084,4037,False,False,False,False
1503,CSS_J170436.2+013102,RRc,RRc,False,False,0.3759871903647669,0.9962654750289962,5711,6963,False,False,False,False
1504,CSS_J134718.7-050000,RRab,RRc,True,False,0.43452746719546514,0.9997064382172324,1868,6779,False,False,False,False
1505,CSS_J204610.6-053448,EW,EW,False,False,0.38474606770193054,1.3466973820240769,4794,366,False,False,False,False
1506,CSS_J160249.9+134846,EW,EW,False,False,0.3659673585138131,1.0548006381610704,6823,3844,False,False,False,False
1507,CSS_J173228.3+140912,EW,EW,False,False,0.40066548848114675,0.9929612081509875,3444,7141,False,False,False,False
1508,CSS_J001248.3+201447,RS CVn,EW,True,True,0.3931149931523331,1.06522090294505,4027,3474,False,False,False,False
1509,CSS_J022119.5+315257,LPV,LPV,False,False,0.6747036602937807,1.4811481747673216,60,157,True,True,True,True
1510,CSS_J091538.8-040225,EA,EA,False,False,0.451321199412181,1.0073662331812516,1388,6298,False,False,False,False
1511,CSS_J223427.2+265345,EW,EW,False,False,0.38137288899361177,1.1810786290477437,5144,1222,False,False,False,False
1512,CSS_J085800.1-062612,RRc,RRc,False,False,0.3796184807985451,1.2335881909871564,5330,814,False,False,False,False
1513,CSS_J210513.4+052903,EA,EA,False,False,0.47773142694923365,1.0667837026906344,877,3415,False,False,False,False
1514,CSS_J104324.6-044947,RS CVn,EW,True,True,0.3998577620623385,1.0872498190095223,3513,2794,False,False,False,False
1515,CSS_J154912.9-131828,EW,EW,False,False,0.3710278968857815,1.0288065650511435,6295,5024,False,False,False,False
1516,CSS_J172349.8+255716,EW,EW,False,False,0.36065266711527955,1.0469863587976782,7357,4192,False,False,False,False
1517,CSS_J114643.3-092924,EW,EA,True,False,0.4069119057212792,1.0147263845050976,3053,5821,False,False,False,False
1518,CSS_J155903.7+193227,EW,EW,False,False,0.3673551443637303,1.0404087891122165,6672,4477,False,False,False,False
1519,CSS_J024226.0+312710,EW,EW,False,False,0.42821789545193056,1.0313966667835077,2064,4907,False,False,False,False
1520,CSS_J135223.7+274159,RRc,RRc,False,False,0.37527747507049264,1.103963974983634,5793,2396,False,False,False,False
1521,CSS_J162705.3+171512,EW,EW,False,False,0.421894521808262,1.1026208017658443,2317,2430,False,False,False,False
1522,CSS_J045500.7+155205,EW,EW,False,False,0.3565401530396924,1.036055892564576,7695,4677,False,False,False,False
1523,CSS_J012130.7+081652,EA,EA,False,False,0.48131768712738615,1.0508958562462323,811,4024,False,False,False,False
1524,CSS_J171040.3+510112,EW,EW,False,False,0.38095259139556437,0.9875088748407057,5196,7451,False,False,False,False
1525,CSS_J154559.7+151527,EW,EW,False,False,0.3930468814506817,0.9962135763673811,4033,6964,False,False,False,False
1526,CSS_J033007.0+193539,EW,EW,False,False,0.392574020547589,0.9790486015745312,4086,7801,False,False,False,False
1527,CSS_J052825.8+093943,EW,EW,False,False,0.3654981159294872,1.0265852365101307,6883,5153,False,False,False,False
1528,CSS_J025020.6+285049,EA,EA,False,False,0.5413420336728277,1.1138443710394816,295,2196,False,False,False,False
1529,CSS_J172210.9+125136,EW,EW,False,False,0.36863302271531206,1.0022599728563244,6539,6629,False,False,False,False
1530,CSS_J141927.8+093340,EW,EW,False,False,0.36012414984835395,1.0561985629598358,7405,3794,False,False,False,False
1531,CSS_J225222.6-040223,EW,EW,False,False,0.3720485598957794,1.0927577306034313,6189,2652,False,False,False,False
1532,CSS_J235144.6-141830,EW,EW,False,False,0.3620064802471009,1.0133549428749364,7228,5897,False,False,False,False
1533,CSS_J091925.0-184246,EW,EW,False,False,0.37191977090352873,1.253827067037234,6207,711,False,False,False,False
1534,CSS_J043508.6+190906,EW,EW,False,False,0.3595541239132592,1.0109113973200294,7468,6066,False,False,False,False
1535,CSS_J010515.0+323743,EA,EA,False,False,0.43746096181731964,0.9889835324710585,1770,7375,False,False,False,False
1536,CSS_J174028.3+342110,EW,EW,False,False,0.3674773391379376,0.9796496200267569,6658,7786,False,False,False,False
1537,CSS_J164442.0+305731,EW,EW,False,False,0.4339717549423975,1.0481919928898231,1882,4129,False,False,False,False
1538,CSS_J082856.2+191959,EW,EW,False,False,0.4414548231997911,1.0874558070840579,1641,2790,False,False,False,False
1539,CSS_J210133.7+032001,EA,EA,False,False,0.5290901456267523,1.0752387406185584,350,3141,False,False,False,False
1540,CSS_J133551.4+141639,EA,EW,True,False,0.46136534488004705,1.0495276753516039,1172,4072,False,False,False,False
1541,CSS_J034128.0+175116,EA,EW,True,False,0.46397100756159454,1.6914893690649773,1122,52,False,True,False,False
1542,CSS_J171512.9+370143,EW,EW,False,False,0.37924772738893936,1.0759686906586532,5371,3127,False,False,False,False
1543,CSS_J071703.9+332713,EW,EA,True,False,0.4408206603618037,1.3089568668913287,1656,475,False,False,False,False
1544,CSS_J092838.6+150856,RRc,RRc,False,False,0.40976229458561014,1.2603575198202084,2905,682,False,False,False,False
1545,CSS_J050005.0+042723,LPV,LPV,False,False,0.5273241377441633,1.3588052753054836,361,336,False,False,False,False
1546,CSS_J092333.7-042351,EW,EW,False,False,0.39378691493966084,1.012889293427314,3959,5926,False,False,False,False
1547,CSS_J221718.5+261536,EW,EW,False,False,0.39790074474307074,1.0050296304875694,3646,6446,False,False,False,False
1548,CSS_J082405.9+225720,EW,EW,False,False,0.37056422546636575,1.1344274424340175,6344,1826,False,False,False,False
1549,CSS_J145437.2+060239,EW,EW,False,False,0.4259299085389068,1.064491848990839,2169,3494,False,False,False,False
1550,CSS_J020003.9+004227,EW,EW,False,False,0.4050567505032473,1.112151909069786,3160,2227,False,False,False,False
1551,CSS_J070414.9+341452,EW,EW,False,False,0.44262426479113276,1.4502404051396254,1606,200,False,False,False,False
1552,CSS_J135733.2+344447,EW,EW,False,False,0.42901980130439643,1.0466335244574168,2034,4204,False,False,False,False
1553,CSS_J040538.5+193831,EW,EW,False,False,0.3746576742876995,1.302309455963906,5881,500,False,False,False,False
1554,CSS_J165938.6+345934,EW,EW,False,False,0.39206488128685685,1.1966919323445198,4135,1085,False,False,False,False
1555,CSS_J104727.8+003558,EW,EW,False,False,0.361434298981737,1.2061610372034965,7281,1016,False,False,False,False
1556,CSS_J164445.3+232132,RRc,RRc,False,False,0.4037233689209311,1.0379366805951955,3247,4590,False,False,False,False
1557,CSS_J072554.8+293903,EW,EW,False,False,0.3727598382258178,1.0064423946102594,6107,6356,False,False,False,False
1558,CSS_J155149.0-024458,EW,EW,False,False,0.3767378934584176,1.1155559286157986,5627,2164,False,False,False,False
1559,CSS_J170811.7+154457,EW,RRc,True,False,0.4027456225067985,1.1464526473925811,3304,1651,False,False,False,False
1560,CSS_J090546.3+353611,EW,EW,False,False,0.3740765257503429,1.0555311636853715,5950,3814,False,False,False,False
1561,CSS_J131104.8+055021,RRab,RRab,False,False,0.5243159241807456,0.9861938594450139,379,7537,False,False,False,False
1562,CSS_J153510.5+012118,EA,EA,False,False,0.4181704515317406,1.0351329963379916,2481,4710,False,False,False,False
1563,CSS_J045827.4-103325,EW,EW,False,False,0.3622897227985791,1.0115019470391309,7200,6032,False,False,False,False
1564,CSS_J155845.9-090653,EW,EW,False,False,0.4268089939168442,1.078313304680238,2127,3056,False,False,False,False
1565,CSS_J153524.8+631648,RRab,RRab,False,False,0.3817747792432334,1.1483971171283112,5099,1628,False,False,False,False
1566,CSS_J073224.4+315914,EW,EW,False,False,0.40748674920933486,1.011270375321148,3022,6042,False,False,False,False
1567,CSS_J121552.9+074734,RRc,RRc,False,False,0.37192994333973856,0.9993522771206539,6204,6798,False,False,False,False
1568,CSS_J141551.9+074000,RRc,EW,True,False,0.36606066847335045,1.0501748346070345,6810,4054,False,False,False,False
1569,CSS_J181434.9+311451,EW,EW,False,False,0.3867142867098823,1.0527695565036528,4607,3938,False,False,False,False
1570,CSS_J035311.9+381029,EW,EW,False,False,0.36480081517870117,0.9875168879272552,6953,7450,False,False,False,False
1571,CSS_J075947.2+130459,EW,EW,False,False,0.39998707660487837,1.0078969114930367,3500,6263,False,False,False,False
1572,CSS_J082802.0+031510,EA,EA,False,False,0.5349320844704988,1.0364599831267838,326,4657,False,False,False,False
1573,CSS_J124742.0+104506,EA,EA,False,False,0.41860395579268017,1.0838208102226061,2467,2886,False,False,False,False
1574,CSS_J163801.8+004507,EW,EW,False,False,0.4138511167463733,1.0337345964485354,2685,4793,False,False,False,False
1575,CSS_J133855.8+184241,LPV,LPV,False,False,0.7397275735619001,1.0019938719657469,18,6644,True,False,False,False
1576,CSS_J223711.7+204046,EW,EW,False,False,0.3852478627721378,1.0059147785988958,4747,6392,False,False,False,False
1577,CSS_J215311.4-135000,EW,EW,False,False,0.3863519150921378,1.0991156255196641,4643,2518,False,False,False,False
1578,CSS_J175444.3+522414,RRab,RRab,False,False,0.4500601949386685,0.9839389822161442,1416,7634,False,False,False,False
1579,CSS_J051729.1+002914,EW,EW,False,False,0.4160181096101973,1.1875616636437618,2584,1156,False,False,False,False
1580,CSS_J002150.7+135506,EW,EW,False,False,0.38361918104285847,1.0929966912951188,4911,2645,False,False,False,False
1581,CSS_J171855.1+313039,EW,EW,False,False,0.4540699317279092,1.029249677998134,1338,5004,False,False,False,False
1582,CSS_J220300.4+113912,EW,EW,False,False,0.36506857497828676,1.2019583224261798,6928,1054,False,False,False,False
1583,CSS_J015651.9+303506,EA,EA,False,False,0.4626658098194242,1.049239841288961,1148,4086,False,False,False,False
1584,CSS_J171201.6+560909,EW,EW,False,False,0.35402469260890046,0.989111888851187,7854,7371,False,False,False,False
1585,CSS_J220540.4+242822,RRab,EW,True,False,0.3668562347611548,1.028484021934568,6728,5050,False,False,False,False
1586,CSS_J131944.6+181826,RRc,RRc,False,False,0.3677261779243791,0.9607116544903415,6640,7996,False,False,False,False
1587,CSS_J173814.0+474230,EW,EW,False,False,0.4358998559646706,1.3088335641883795,1821,476,False,False,False,False
1588,CSS_J225725.0+213727,RS CVn,EW,True,True,0.3583784371953375,1.0207294355487617,7566,5470,False,False,False,False
1589,CSS_J202014.2-155701,EW,EW,False,False,0.40129344790351207,1.1677210472030093,3399,1373,False,False,False,False
1590,CSS_J141638.6+030730,EW,EW,False,False,0.37616954695379473,1.22298128608208,5681,887,False,False,False,False
1591,CSS_J012252.9+252305,LPV,LPV,False,False,0.7643656454596214,1.2202127828292606,4,905,True,False,False,False
1592,CSS_J081934.6+130433,EW,EW,False,False,0.3881141640205092,1.0636557683070496,4493,3525,False,False,False,False
1593,CSS_J090337.4+335504,RS CVn,RRc,True,True,0.43321668322106843,1.084581736960884,1912,2873,False,False,False,False
1594,CSS_J104455.0+102145,EW,EW,False,False,0.3601878033763471,1.0350598155802606,7401,4716,False,False,False,False
1595,CSS_J225245.1+113857,RRd,RRc,True,True,0.4637571625727028,1.3448567363605857,1127,371,False,False,False,False
1596,CSS_J033934.0+375658,EW,EW,False,False,0.3799422013697534,1.0106788328364957,5298,6082,False,False,False,False
1597,CSS_J154927.9-071610,EW,EW,False,False,0.3640934822735483,1.0935088949340241,7015,2635,False,False,False,False
1598,CSS_J085722.5+061150,EW,EW,False,False,0.418741528846974,1.282024421170011,2460,582,False,False,False,False
1599,CSS_J093142.7-191300,RRab,RRab,False,False,0.512366745175075,1.1119669515355464,446,2234,False,False,False,False
1600,CSS_J031224.9+385757,EW,EW,False,False,0.349360945166203,1.018728505263383,7999,5577,False,False,False,False
1601,CSS_J214617.0+133924,EA,EW,True,False,0.4782789793754171,0.9986348667753273,866,6840,False,False,False,False
1602,CSS_J012041.7-074954,RRc,RRc,False,False,0.377632690995753,1.0192791600796807,5507,5543,False,False,False,False
1603,CSS_J103822.3+413051,EA,EA,False,False,0.5436664567584252,1.2319296086575637,286,823,False,False,False,False
1604,CSS_J231352.4+421315,EW,EW,False,False,0.3591095223622843,1.0062387620417488,7508,6365,False,False,False,False
1605,CSS_J074940.0+125849,EW,EW,False,False,0.36169816167711655,1.03620939321775,7254,4669,False,False,False,False
1606,CSS_J125932.7+163801,RRc,RRc,False,False,0.3826981134569388,0.9896998542601235,4993,7336,False,False,False,False
1607,CSS_J025326.6+380728,EW,EW,False,False,0.36166490986847954,0.9840617664529521,7258,7627,False,False,False,False
1608,CSS_J124300.8+080431,RS CVn,EW,True,True,0.40700243101441647,1.3560024628973104,3045,343,False,False,False,False
1609,CSS_J223837.9+321932,EW,EW,False,False,0.37159142166280335,0.9871957111663174,6236,7472,False,False,False,False
1610,CSS_J225857.1+350720,EW,EW,False,False,0.3620231422478414,0.970017281664499,7226,7962,False,False,False,False
1611,CSS_J225907.0+305452,RRc,EW,True,False,0.3888818477325371,0.9899818205430788,4430,7316,False,False,False,False
1612,CSS_J073151.4+240555,EA,EA,False,False,0.4837807678195225,1.0528069784771064,775,3934,False,False,False,False
1613,CSS_J232236.0+273255,EA,EA,False,False,0.42728697927787096,0.987843621244556,2102,7436,False,False,False,False
1614,CSS_J104121.2+290603,EW,EW,False,False,0.4125818334885993,1.1603448953362512,2763,1473,False,False,False,False
1615,CSS_J121800.5-015237,EW,EW,False,False,0.42031592303130877,1.11907701939758,2393,2097,False,False,False,False
1616,CSS_J223431.2+055259,EW,EW,False,False,0.35845068824930404,1.038268217321059,7558,4576,False,False,False,False
1617,CSS_J231924.2-165315,EW,EW,False,False,0.35571196175643016,1.0752590010183822,7749,3140,False,False,False,False
1618,CSS_J135304.6+380003,EA,EA,False,False,0.4549509639638898,1.0199760203116244,1321,5508,False,False,False,False
1619,CSS_J174103.2+315938,EW,EW,False,False,0.35899903285598195,1.0315618638349844,7515,4902,False,False,False,False
1620,CSS_J012537.1-044454,RS CVn,RS CVn,False,True,0.48120614587553234,1.1026961599153473,814,2425,False,False,False,False
1621,CSS_J154230.9+545342,EW,EW,False,False,0.414562808244455,1.022155116621437,2652,5388,False,False,False,False
1622,CSS_J024408.0+000324,EW,EW,False,False,0.3532152722111561,0.9972424121395413,7904,6909,False,False,False,False
1623,CSS_J024640.3+240555,EW,RRc,True,False,0.3930177465371716,1.3806651270465062,4035,294,False,False,False,False
1624,CSS_J104819.0+151104,EW,EW,False,False,0.4213878737181778,1.2861795159148244,2343,570,False,False,False,False
1625,CSS_J204908.8-035807,EW,EW,False,False,0.3567452520657446,1.0225615800966772,7682,5365,False,False,False,False
1626,CSS_J170646.1-024755,EA,EA,False,False,0.46311295167518685,1.0609043447923279,1141,3625,False,False,False,False
1627,CSS_J091354.0+381804,RS CVn,EW,True,True,0.36061806909658345,1.0718110494259832,7359,3234,False,False,False,False
1628,CSS_J165541.5+033549,EW,EW,False,False,0.4665595890900179,1.391155269243071,1078,275,False,False,False,False
1629,CSS_J095743.7-024335,EW,EW,False,False,0.46129623969345723,1.092232279062142,1175,2667,False,False,False,False
1630,CSS_J100622.2-100911,EA,EW,True,False,0.44987036123467083,1.079025622934013,1419,3037,False,False,False,False
1631,CSS_J042127.7+240837,EW,EW,False,False,0.4332180131110899,1.0819279879419126,1911,2944,False,False,False,False
1632,CSS_J110656.2-120058,EW,EW,False,False,0.41088686164605387,1.0743521947494674,2858,3167,False,False,False,False
1633,CSS_J223114.6+062248,LPV,LPV,False,False,0.7647234918084286,1.0935993619783202,3,2629,True,False,False,False
1634,CSS_J074807.2+311221,EW,EW,False,False,0.3714427722024467,1.0089750910332085,6251,6189,False,False,False,False
1635,CSS_J174959.3+385237,EW,EW,False,False,0.4199603290629326,1.0675611338999043,2410,3386,False,False,False,False
1636,CSS_J071521.6+283011,EW,EW,False,False,0.38388592398048466,1.0859425338453543,4884,2834,False,False,False,False
1637,CSS_J010940.2+103110,EW,EW,False,False,0.3598089511465993,0.9907380993914856,7440,7276,False,False,False,False
1638,CSS_J042128.1+223611,EW,EW,False,False,0.3656096392885575,1.0062149655754404,6862,6366,False,False,False,False
1639,CSS_J083310.3+330729,RS CVn,RS CVn,False,True,0.43833227661294905,1.3222253381438356,1740,429,False,False,False,False
1640,CSS_J004430.2-023111,EW,EW,False,False,0.3901490271121214,1.1844781378008447,4316,1195,False,False,False,False
1641,CSS_J012518.0+222348,EW,EW,False,False,0.4238506828573105,1.2093437355898007,2249,994,False,False,False,False
1642,CSS_J073002.7+265532,EW,EW,False,False,0.42091414909457636,1.0863658804174903,2368,2824,False,False,False,False
1643,CSS_J102038.8+375631,EW,EW,False,False,0.3880556295925301,1.1658892966120105,4497,1397,False,False,False,False
1644,CSS_J225055.1-124708,EW,EW,False,False,0.38742434766924644,1.0416031763532774,4546,4432,False,False,False,False
1645,CSS_J034148.6+292733,EW,EW,False,False,0.36811380706089386,0.9887847912464924,6600,7385,False,False,False,False
1646,CSS_J070848.7+495850,EW,EW,False,False,0.4281791904768844,1.02740907164813,2068,5106,False,False,False,False
1647,CSS_J111227.6-164311,EW,EW,False,False,0.42100170752395294,1.1826047495529308,2365,1215,False,False,False,False
1648,CSS_J220335.9+045158,EW,EW,False,False,0.38004800294104263,1.0211727532538155,5284,5448,False,False,False,False
1649,CSS_J091321.7+074229,EW,EW,False,False,0.38462792427557124,1.0860767263848914,4805,2831,False,False,False,False
1650,CSS_J045903.5+001600,EW,EW,False,False,0.37476262953493417,1.1099492884564548,5866,2271,False,False,False,False
1651,CSS_J012037.0+445020,EW,EW,False,False,0.3701807093458833,1.026971631497771,6380,5133,False,False,False,False
1652,CSS_J040700.1+301406,EA,EA,False,False,0.4090499337451545,1.0042703852721795,2942,6502,False,False,False,False
1653,CSS_J171350.6+111306,RRab,RRab,False,False,0.4862371316249685,1.2483850420423293,736,735,False,False,False,False
1654,CSS_J050604.0-132755,EW,EW,False,False,0.4008454639671101,1.339163385051859,3431,386,False,False,False,False
1655,CSS_J051244.8+101510,EW,EW,False,False,0.43981196199761313,1.0760128929168147,1692,3125,False,False,False,False
1656,CSS_J043350.0+021949,EW,EW,False,False,0.38745219789456226,1.1208739934350296,4543,2059,False,False,False,False
1657,CSS_J083725.7+491608,RRab,RRab,False,False,0.4772285963344911,1.2951356397712517,888,533,False,False,False,False
1658,CSS_J233615.0+445117,EW,EW,False,False,0.35866451431522156,1.016758456120917,7540,5707,False,False,False,False
1659,CSS_J110212.0+244412,EW,EW,False,False,0.37272649617719156,1.0355291575598904,6114,4700,False,False,False,False
1660,CSS_J025933.1+283959,EA,EA,False,False,0.6988757992720209,1.0466431292649627,43,4203,True,False,False,False
1661,CSS_J041908.6+014810,EW,EW,False,False,0.354696697580682,0.9836645391031198,7814,7647,False,False,False,False
1662,CSS_J074502.6+253437,EW,EW,False,False,0.39127261652493284,1.0680802285830004,4209,3367,False,False,False,False
1663,CSS_J224504.8+260450,RRc,RRc,False,False,0.42441724860887814,1.406199804449251,2222,253,False,False,False,False
1664,CSS_J084125.6+323430,EA,EA,False,False,0.5487299659708512,1.0619584659569874,260,3589,False,False,False,False
1665,CSS_J031417.8+304535,RS CVn,EW,True,True,0.42864563760205593,1.0224252272619867,2049,5375,False,False,False,False
1666,CSS_J084410.1+205746,EW,EW,False,False,0.4391185165725841,1.0096327225283412,1717,6141,False,False,False,False
1667,CSS_J082219.4+272845,EW,EW,False,False,0.3618269607324852,1.0511769308991992,7243,4007,False,False,False,False
1668,CSS_J034420.4+185337,EW,EW,False,False,0.3723450438493073,1.1652474905276389,6154,1409,False,False,False,False
1669,CSS_J041901.6+300819,EW,EW,False,False,0.3644632002073073,1.044628341297428,6978,4302,False,False,False,False
1670,CSS_J143454.0+270936,RRc,RRc,False,False,0.38340231898661836,1.0119485974148836,4934,5997,False,False,False,False
1671,CSS_J034840.1-042238,EW,EW,False,False,0.36282098755084835,0.9991931080496916,7146,6806,False,False,False,False
1672,CSS_J051142.2+125605,EW,RRc,True,False,0.47743359936797997,1.1345822915958157,885,1821,False,False,False,False
1673,CSS_J100344.0+103623,EW,EW,False,False,0.3777223427363783,1.038058316786564,5501,4582,False,False,False,False
1674,CSS_J020038.4+380048,EW,EW,False,False,0.37361499242942436,0.991725596801951,6008,7222,False,False,False,False
1675,CSS_J222309.7+064539,RRc,RRc,False,False,0.3937804235331446,0.9867164734628566,3962,7500,False,False,False,False
1676,CSS_J154350.2-051854,EW,EW,False,False,0.38102768793738523,1.117777564210051,5190,2123,False,False,False,False
1677,CSS_J173236.7+200021,EW,EW,False,False,0.4211204271300313,1.117435048042483,2357,2130,False,False,False,False
1678,CSS_J230312.4+225743,EW,RRc,True,False,0.49310383888478265,1.7675920648638044,639,36,False,True,False,False
1679,CSS_J160754.6+145549,EW,EW,False,False,0.35523410915098175,1.002994422287071,7781,6579,False,False,False,False
1680,CSS_J161750.4+133157,EA,EA,False,False,0.4171093817920221,1.007884990428929,2532,6266,False,False,False,False
1681,CSS_J040716.1-122152,EW,EW,False,False,0.39481611728006394,1.0147151668136138,3883,5822,False,False,False,False
1682,CSS_J214012.9+191227,EW,EW,False,False,0.4106360216373382,1.0624859037260517,2870,3572,False,False,False,False
1683,CSS_J052049.6+010515,RS CVn,EW,True,True,0.38230352309814214,1.0960222125760062,5032,2587,False,False,False,False
1684,CSS_J081200.3+130700,EW,EW,False,False,0.38352058700833697,1.032341916552928,4923,4861,False,False,False,False
1685,CSS_J215333.8+121933,RRc,RRc,False,False,0.43023591250732546,1.1119023994317199,2002,2237,False,False,False,False
1686,CSS_J103210.9-093922,EW,EW,False,False,0.36196072115917743,1.0617022917065937,7231,3597,False,False,False,False
1687,CSS_J152042.4+325905,EW,EA,True,False,0.4523286406667835,1.0306531172699993,1365,4945,False,False,False,False
1688,CSS_J233839.5+333448,EW,EW,False,False,0.374151943701544,0.9720227875693587,5945,7931,False,False,False,False
1689,CSS_J180217.3+371011,RRc,RRc,False,False,0.3810749427270225,1.5657099531625516,5180,88,False,True,False,False
1690,CSS_J104513.3+143933,EW,EW,False,False,0.34952405201994324,0.9856560030951533,7998,7558,False,False,False,False
1691,CSS_J072602.8+584730,RRab,RRab,False,False,0.5802854492465067,1.2534346791906412,173,713,False,False,False,False
1692,CSS_J022655.5+370054,EW,EW,False,False,0.3675456816840701,1.0299755579761822,6651,4973,False,False,False,False
1693,CSS_J223950.2+335434,EW,EW,False,False,0.39391961618786075,1.0022179369524724,3950,6630,False,False,False,False
1694,CSS_J205848.3+090836,EW,EW,False,False,0.5056953392202257,1.258621140880563,504,693,False,False,False,False
1695,CSS_J024244.9+262244,EW,EW,False,False,0.44274298537797463,1.0475342293829266,1602,4162,False,False,False,False
1696,CSS_J173126.0+295049,EW,EW,False,False,0.40049766069175347,1.0801505929094017,3462,2994,False,False,False,False
1697,CSS_J223611.2+055722,EW,EW,False,False,0.49625213494678583,1.0737000115237723,598,3183,False,False,False,False
1698,CSS_J104743.6-115422,RRab,RRab,False,False,0.41781875691479686,1.1740154118184354,2501,1295,False,False,False,False
1699,CSS_J170413.1+514201,EW,EW,False,False,0.35968408839746246,0.9945600591842085,7454,7063,False,False,False,False
1700,CSS_J172004.9+074730,EW,EW,False,False,0.39516621097380056,1.1079816374427327,3854,2315,False,False,False,False
1701,CSS_J063938.4+543248,EW,EW,False,False,0.3606121431374846,1.0110418326547328,7360,6056,False,False,False,False
1702,CSS_J081311.9+195322,EA,EA,False,False,0.45706838783080284,1.0629130576895414,1279,3548,False,False,False,False
1703,CSS_J213854.3+181019,EW,EW,False,False,0.3629356056231488,1.0119910405379469,7131,5990,False,False,False,False
1704,CSS_J003457.1+292655,EW,EW,False,False,0.39138758633949683,1.0477629886197986,4197,4151,False,False,False,False
1705,CSS_J220654.2-010515,RRc,RRc,False,False,0.44566253445706167,1.1619609339935582,1528,1449,False,False,False,False
1706,CSS_J134448.1-172627,EW,EW,False,False,0.3765973706554486,1.1875558276610874,5641,1158,False,False,False,False
1707,CSS_J020402.9+324933,EW,EW,False,False,0.4027525304389124,1.0184654283663894,3301,5592,False,False,False,False
1708,CSS_J045307.7+203403,EW,EW,False,False,0.36107882798832197,1.0925009260768392,7315,2663,False,False,False,False
1709,CSS_J014525.5+360334,EW,EW,False,False,0.3976734715713399,1.3692000698406201,3667,314,False,False,False,False
1710,CSS_J134154.4+020005,RRc,RRc,False,False,0.42418959154297947,1.0646362052971674,2231,3491,False,False,False,False
1711,CSS_J215805.8-102624,RRc,EW,True,False,0.38523794705800163,1.0194947447261689,4748,5532,False,False,False,False
1712,CSS_J075322.1+171734,EW,EW,False,False,0.3684249214486806,1.026283568431858,6563,5168,False,False,False,False
1713,CSS_J045020.1+024205,EW,EW,False,False,0.44389266936514543,1.0920509480334697,1571,2674,False,False,False,False
1714,CSS_J163450.6+511703,EW,EW,False,False,0.39782154433355765,1.0689216544359714,3654,3338,False,False,False,False
1715,CSS_J074648.3+185653,EW,EW,False,False,0.3922339816269618,1.3989253774916621,4118,260,False,False,False,False
1716,CSS_J032747.2+004415,EW,EW,False,False,0.3529100141564814,0.9955396836858668,7922,7002,False,False,False,False
1717,CSS_J084450.3+082804,EA,EA,False,False,0.4932102241833915,1.1904914994147604,638,1132,False,False,False,False
1718,CSS_J144748.6+114510,EW,RRc,True,False,0.49077606603854274,1.2762718509820565,670,605,False,False,False,False
1719,CSS_J102037.7+063106,LPV,LPV,False,False,0.6234486137695077,1.458679619303346,103,186,True,False,False,False
1720,CSS_J015129.4+370525,EW,EW,False,False,0.38124277454259,0.974514504299974,5159,7891,False,False,False,False
1721,CSS_J122745.9+324945,EA,EA,False,False,0.4812416842185911,1.0416621511836033,813,4430,False,False,False,False
1722,CSS_J155002.4-121402,EW,EW,False,False,0.3887641562888173,1.107295770933193,4436,2326,False,False,False,False
1723,CSS_J113022.5+085443,RRc,RRc,False,False,0.3935050973700573,1.1002922129624282,3989,2492,False,False,False,False
1724,CSS_J081013.4-021432,EA,EA,False,False,0.5789255500972771,1.2962621763321736,179,529,False,False,False,False
1725,CSS_J034511.7+132557,EW,EW,False,False,0.3729187368824111,0.9977902039418295,6091,6886,False,False,False,False
1726,CSS_J211519.3+144821,EW,EW,False,False,0.3699199771339559,1.0155356028993503,6405,5766,False,False,False,False
1727,CSS_J160659.9+132343,EW,EW,False,False,0.39660373061071713,0.976953515353072,3740,7847,False,False,False,False
1728,CSS_J223019.4+245022,EA,EA,False,False,0.44491925540024196,0.9815212418591026,1559,7735,False,False,False,False
1729,CSS_J035121.2+122459,EW,EW,False,False,0.36411561076154036,1.125830394238529,7009,1967,False,False,False,False
1730,CSS_J213132.2+155221,EA,EA,False,False,0.4913827073495823,1.2033065742742766,664,1045,False,False,False,False
1731,CSS_J093151.1+171505,LPV,LPV,False,False,0.7443761002910211,1.2775363847191534,15,598,True,False,False,False
1732,CSS_J035859.1+203822,EW,EW,False,False,0.37772726921453886,0.9921145061648291,5500,7195,False,False,False,False
1733,CSS_J080231.4+321623,EW,EW,False,False,0.381785863448831,1.0054360428070208,5094,6426,False,False,False,False
1734,CSS_J082613.8+232505,EA,EA,False,False,0.42567479175214074,0.992211449172855,2181,7190,False,False,False,False
1735,CSS_J233137.4+380648,EW,EA,True,False,0.48740635256052667,1.0019726147384964,716,6646,False,False,False,False
1736,CSS_J211159.7-060026,EW,EW,False,False,0.3657316378188094,1.209355802065798,6847,993,False,False,False,False
1737,CSS_J123953.5+583957,RRab,RRc,True,False,0.4014824194116911,1.1242177645309521,3382,1994,False,False,False,False
1738,CSS_J120750.2-062321,EW,EW,False,False,0.39625900247329987,1.2318313080691914,3764,825,False,False,False,False
1739,CSS_J105627.6+392320,EW,EW,False,False,0.36101120061676756,0.9928203204256303,7320,7152,False,False,False,False
1740,CSS_J080634.2+145706,EW,EW,False,False,0.39762729116191425,1.0625222774418035,3672,3569,False,False,False,False
1741,CSS_J025314.3+281121,RRc,EW,True,False,0.374604252633756,1.0202777614457001,5892,5492,False,False,False,False
1742,CSS_J225858.5+032842,EW,EW,False,False,0.3732577162396111,1.105616988500628,6051,2366,False,False,False,False
1743,CSS_J223002.7+330331,RS CVn,EW,True,True,0.46054549544729284,1.315547144389172,1194,449,False,False,False,False
1744,CSS_J080441.2+212420,EW,EW,False,False,0.6454027022719598,1.4144881105582754,85,243,True,False,False,False
1745,CSS_J115948.3-062410,EW,EW,False,False,0.38527879199909304,1.1953965989135935,4742,1095,False,False,False,False
1746,CSS_J144812.5+003612,RRab,RRab,False,False,0.455936297224536,0.9986592037687403,1301,6839,False,False,False,False
1747,CSS_J173716.3+341815,EW,EW,False,False,0.4274936668293923,0.9718092492040507,2096,7934,False,False,False,False
1748,CSS_J213309.7+213924,RRc,RRc,False,False,0.39027393561740564,1.1692123209064398,4299,1352,False,False,False,False
1749,CSS_J091038.0+231053,RRc,EW,True,False,0.3725081295446985,1.1690880557592391,6136,1355,False,False,False,False
1750,CSS_J145321.6+533222,RRab,RRab,False,False,0.43070923024255986,0.9800350703435685,1988,7770,False,False,False,False
1751,CSS_J235454.3+413634,EW,EW,False,False,0.36889579887235474,0.9745168626821098,6508,7890,False,False,False,False
1752,CSS_J215917.4+195629,EW,EW,False,False,0.47640223184205716,1.024676470947026,901,5254,False,False,False,False
1753,CSS_J231518.3-081021,EW,EW,False,False,0.39893455495145863,1.074578847968234,3581,3159,False,False,False,False
1754,CSS_J100526.5-192224,RRab,RRc,True,False,0.43947669659749317,1.2644174729910358,1704,660,False,False,False,False
1755,CSS_J223313.8-080341,EW,EW,False,False,0.3925879786852647,1.0601255528450102,4083,3647,False,False,False,False
1756,CSS_J102741.4-143635,RRab,RRab,False,False,0.44309039306483167,1.004514312887805,1592,6480,False,False,False,False
1757,CSS_J090452.6+202454,EA,EW,True,False,0.41380707938139,1.0733174172109023,2692,3196,False,False,False,False
1758,CSS_J035507.9+224631,RRab,RRab,False,False,0.5620394399628621,1.1887532784873263,222,1144,False,False,False,False
1759,CSS_J111116.9+332539,RRab,RRab,False,False,0.43717722958136157,1.1119046435760551,1781,2236,False,False,False,False
1760,CSS_J041759.7+311518,EW,EW,False,False,0.4352216233865656,1.0049643530871415,1846,6451,False,False,False,False
1761,CSS_J082045.1+003521,RRc,EW,True,False,0.36519131513429987,1.0241129920401835,6916,5285,False,False,False,False
1762,CSS_J172316.7+120551,EW,EW,False,False,0.49622265248548364,1.0532675185131244,600,3911,False,False,False,False
1763,CSS_J091526.0+051459,EA,EA,False,False,0.5075401210273341,1.0078526871214188,493,6267,False,False,False,False
1764,CSS_J082826.9+572907,EW,EW,False,False,0.4236675289418041,1.1326131080676671,2258,1854,False,False,False,False
1765,CSS_J065224.1+434810,EW,EW,False,False,0.39118697569576055,0.9703319156552755,4220,7958,False,False,False,False
1766,CSS_J180457.9+352656,EW,EW,False,False,0.4047232381657866,1.0167748451527194,3183,5704,False,False,False,False
1767,CSS_J043138.0+375916,EW,EW,False,False,0.3532723591577879,1.0239493011893905,7902,5295,False,False,False,False
1768,CSS_J044429.0+322024,EW,EA,True,False,0.4512619315826487,1.0424815993670182,1391,4396,False,False,False,False
1769,CSS_J091955.0+445659,EW,EW,False,False,0.42859048266622746,1.0392665108944066,2051,4529,False,False,False,False
1770,CSS_J025503.5+225523,EW,EW,False,False,0.3608370024936728,1.0068119471150125,7341,6333,False,False,False,False
1771,CSS_J053925.7+020444,EA,EA,False,False,0.4553402484581002,1.0138222640263965,1312,5877,False,False,False,False
1772,CSS_J064109.1+415205,EW,EW,False,False,0.3968673436207751,1.0054323666100928,3723,6427,False,False,False,False
1773,CSS_J024236.5+234607,EW,RRc,True,False,0.40142880297238914,1.0714689537962854,3389,3247,False,False,False,False
1774,CSS_J002323.7+263115,EW,EW,False,False,0.651035763031283,1.0211129370051983,83,5452,True,False,False,False
1775,CSS_J055044.3-125631,EW,EW,False,False,0.38329443812978387,1.0116593290132676,4944,6018,False,False,False,False
1776,CSS_J111145.2-111622,EA,EA,False,False,0.4183397045842371,1.0311782952593902,2478,4918,False,False,False,False
1777,CSS_J015748.5+355034,EW,EW,False,False,0.4198091512085829,1.0324763387381952,2417,4851,False,False,False,False
1778,CSS_J162903.5+025451,EW,EW,False,False,0.3924842760090587,1.171120122880267,4097,1329,False,False,False,False
1779,CSS_J165738.7+223725,EW,EW,False,False,0.35890787064983537,1.0798407517173114,7522,3007,False,False,False,False
1780,CSS_J075157.4+243738,RRab,RRab,False,False,0.5198627529546036,1.16481699886454,400,1416,False,False,False,False
1781,CSS_J201543.3-095655,EW,RRab,True,False,0.4519438708294555,1.3534194970929554,1377,349,False,False,False,False
1782,CSS_J042839.2-033958,EW,EW,False,False,0.3859315598058138,1.0147407226273413,4679,5818,False,False,False,False
1783,CSS_J210558.4+085313,EW,EW,False,False,0.48323090845785555,1.219056534710273,786,913,False,False,False,False
1784,CSS_J165356.5+061250,EW,EW,False,False,0.37339487994605686,1.2296699377433113,6034,836,False,False,False,False
1785,CSS_J174417.9+321015,EW,EW,False,False,0.38073701883481054,1.0056514425181013,5222,6411,False,False,False,False
1786,CSS_J030457.1+164817,EW,EW,False,False,0.3734259466114222,0.9817475827158113,6030,7726,False,False,False,False
1787,CSS_J051331.5+002145,EW,EW,False,False,0.37713980360716326,1.0039739032637698,5569,6516,False,False,False,False
1788,CSS_J214201.4+203204,EW,EW,False,False,0.3582517379416653,0.9705090491623173,7574,7953,False,False,False,False
1789,CSS_J075953.1+604641,EW,EW,False,False,0.3805452184840433,0.996730329045201,5238,6932,False,False,False,False
1790,CSS_J221308.6+251253,EW,EW,False,False,0.4783397878144679,1.1263765790095568,865,1957,False,False,False,False
1791,CSS_J124115.1-023146,EW,EW,False,False,0.3573985697731663,1.11972261342255,7625,2082,False,False,False,False
1792,CSS_J230628.0+334009,EW,EW,False,False,0.37552154155287576,1.0038092614391272,5757,6530,False,False,False,False
1793,CSS_J210806.9+161812,EW,EW,False,False,0.37423357641396476,1.0895439383690086,5935,2743,False,False,False,False
1794,CSS_J010646.1-130315,EW,RRc,True,False,0.39338958241151667,1.0693069909669037,4001,3326,False,False,False,False
1795,CSS_J154355.7-083036,RRc,RRc,False,False,0.3809684008928261,1.0431439125155426,5195,4360,False,False,False,False
1796,CSS_J040605.2+275847,EW,EW,False,False,0.3948992701834945,0.9582195480873148,3875,8000,False,False,False,False
1797,CSS_J221206.4+213719,EA,EA,False,False,0.6033642494132524,1.1498245086973846,128,1603,True,False,False,False
1798,CSS_J173753.4+370212,EW,EW,False,False,0.38601520116904164,1.0794299299944643,4673,3021,False,False,False,False
1799,CSS_J010557.5+411554,EW,EW,False,False,0.3828678776315975,0.9873114595338774,4978,7464,False,False,False,False
1800,CSS_J070420.3+492920,EW,EW,False,False,0.3523786149577045,0.9879862735340117,7945,7428,False,False,False,False
1801,CSS_J215054.7-011748,EA,EA,False,False,0.4577655747534702,1.0233166011865482,1257,5321,False,False,False,False
1802,CSS_J220300.4-062154,RRab,RRab,False,False,0.4394439699294913,1.0150448834296633,1705,5794,False,False,False,False
1803,CSS_J072854.8+371115,EW,EW,False,False,0.3762803534679133,0.9745200876568554,5677,7889,False,False,False,False
1804,CSS_J172751.9+541518,EW,EW,False,False,0.396019835242987,1.3472614991004046,3793,365,False,False,False,False
1805,CSS_J070940.9+564348,EW,EW,False,False,0.45064059229817455,1.1052026472002203,1403,2373,False,False,False,False
1806,CSS_J220439.8-071133,LPV,LPV,False,False,0.669474905060373,1.031278648650265,63,4914,True,False,False,False
1807,CSS_J122126.4+092037,EW,EW,False,False,0.37095898806264443,1.0193928279470683,6303,5536,False,False,False,False
1808,CSS_J145113.7+345850,RRc,RRc,False,False,0.3632108003729197,1.1628427479828907,7099,1440,False,False,False,False
1809,CSS_J160507.1+254500,RRc,RRc,False,False,0.3841826204568957,1.004116654629239,4849,6507,False,False,False,False
1810,CSS_J091220.0+070145,EW,EW,False,False,0.41589175837729503,1.0220116700325428,2592,5393,False,False,False,False
1811,CSS_J173443.5+262550,EW,EW,False,False,0.3693441588652818,1.0362709730253328,6469,4667,False,False,False,False
1812,CSS_J203006.8-085954,EW,EW,False,False,0.36874334525064273,1.012372634170376,6525,5959,False,False,False,False
1813,CSS_J033819.1+231625,EW,EW,False,False,0.4328674721076378,0.9897693305355733,1923,7328,False,False,False,False
1814,CSS_J002816.5+381908,RS CVn,EW,True,True,0.4090242297961963,1.0899193166268524,2944,2723,False,False,False,False
1815,CSS_J154900.4+021254,EW,EW,False,False,0.3655723408123234,1.0523747223972864,6873,3965,False,False,False,False
1816,CSS_J170913.5+374038,EW,EW,False,False,0.3708666847633579,1.5629903949020743,6318,91,False,True,False,False
1817,CSS_J092222.2+194727,RRc,RRc,False,False,0.40574053236140967,1.0308554671603087,3114,4934,False,False,False,False
1818,CSS_J083649.5+155600,RRc,EW,True,False,0.37869892750153045,1.241777830972205,5408,778,False,False,False,False
1819,CSS_J175148.5+263849,LPV,LPV,False,False,0.7331840914222731,1.0665077715892124,21,3429,True,False,False,False
1820,CSS_J160712.0-014521,RRab,RRab,False,False,0.4545926179441367,1.039941689967109,1326,4498,False,False,False,False
1821,CSS_J155113.4-181530,RRab,RRc,True,False,0.35911238252448185,1.1144339377093548,7507,2188,False,False,False,False
1822,CSS_J045310.7+292354,EW,EW,False,False,0.36208150273458484,0.9897504856754905,7220,7329,False,False,False,False
1823,CSS_J154934.0+185228,EW,EW,False,False,0.48524318175737335,1.206826477095337,756,1012,False,False,False,False
1824,CSS_J165435.7+655131,RRc,RRc,False,False,0.3945120662636,1.0150281180828615,3908,5795,False,False,False,False
1825,CSS_J225324.6-011404,EW,EW,False,False,0.3809007683789667,1.0701380735813686,5205,3295,False,False,False,False
1826,CSS_J035506.5+362408,EW,EW,False,False,0.39125518572207835,1.0129269289761047,4213,5925,False,False,False,False
1827,CSS_J010847.2-155429,RRc,RRc,False,False,0.4056120548106175,1.1121162315448854,3120,2228,False,False,False,False
1828,CSS_J123544.9+244853,RRc,RRc,False,False,0.4006464546987641,1.245663341728967,3446,752,False,False,False,False
1829,CSS_J045516.9+175506,EA,EA,False,False,0.5171419501441985,1.1161697714549552,406,2151,False,False,False,False
1830,CSS_J221741.4+095025,EW,EW,False,False,0.43840195941546906,1.1035435048051117,1737,2407,False,False,False,False
1831,CSS_J025428.8+114527,EW,EW,False,False,0.3908424099563198,1.0706795991542555,4243,3279,False,False,False,False
1832,CSS_J214851.2+002427,RS CVn,RS CVn,False,True,0.42534545870460305,1.0837668392385345,2190,2888,False,False,False,False
1833,CSS_J032222.2+365634,EW,EW,False,False,0.4101759726536682,1.1969200342219648,2886,1083,False,False,False,False
1834,CSS_J232750.8+424403,EW,EW,False,False,0.3713637788784456,0.9906114657962659,6259,7284,False,False,False,False
1835,CSS_J045445.7-013331,EA,EA,False,False,0.5391205216084993,1.079885783973776,311,3005,False,False,False,False
1836,CSS_J232939.5-101805,EW,EW,False,False,0.46596319905567146,1.3197539031826846,1089,436,False,False,False,False
1837,CSS_J230312.3+341714,EW,EW,False,False,0.3775176539294988,1.058725048203335,5526,3702,False,False,False,False
1838,CSS_J101436.8-095639,RRc,RRc,False,False,0.40811433787379225,1.2300900148594112,2996,835,False,False,False,False
1839,CSS_J042206.4+080133,EW,EW,False,False,0.38521262220526403,1.059009963332365,4750,3689,False,False,False,False
1840,CSS_J082307.3+224249,EW,EW,False,False,0.3687582029804238,0.9966712611935545,6522,6938,False,False,False,False
1841,CSS_J041252.1-182702,EA,EA,False,False,0.5254715633838174,1.0171164633196788,374,5687,False,False,False,False
1842,CSS_J133931.3+035140,LPV,LPV,False,False,0.7046364064982072,1.1196790942218697,38,2083,True,False,False,False
1843,CSS_J022742.5+044402,EW,EW,False,False,0.38552886421441973,1.016780400409135,4713,5702,False,False,False,False
1844,CSS_J052418.6-012154,EW,EW,False,False,0.5367704617082169,1.4806709633264004,319,158,False,True,False,False
1845,CSS_J075040.5+132310,EW,EW,False,False,0.40176866376679865,1.0789856709755994,3365,3038,False,False,False,False
1846,CSS_J004320.6+022240,RRc,RRc,False,False,0.38967749990303746,1.0002455413595368,4355,6749,False,False,False,False
1847,CSS_J112049.2+471856,EA,EA,False,False,0.47892361756829055,1.0291727915591262,854,5010,False,False,False,False
1848,CSS_J222132.2+325234,EW,EW,False,False,0.36673158297118635,1.052564920544859,6742,3952,False,False,False,False
1849,CSS_J172130.5+420835,RS CVn,EW,True,True,0.4577474587881073,1.0418697310395608,1258,4425,False,False,False,False
1850,CSS_J110743.0+111510,RRc,RRc,False,False,0.4113416017445951,1.0835496048358562,2836,2892,False,False,False,False
1851,CSS_J170438.6+232700,RRab,RRab,False,False,0.3907246609403875,1.0633544082510675,4251,3536,False,False,False,False
1852,CSS_J111320.0-115406,EA,EW,True,False,0.391534543912003,1.057821630587601,4183,3734,False,False,False,False
1853,CSS_J044105.9+280007,EW,EW,False,False,0.41649407286095547,1.0065240132738853,2563,6350,False,False,False,False
1854,CSS_J000518.7+420822,EW,EW,False,False,0.36453326767744004,1.0101976002154227,6972,6105,False,False,False,False
1855,CSS_J101902.2+560804,RRab,RRab,False,False,0.42088671317491944,1.2646985777111714,2369,657,False,False,False,False
1856,CSS_J163547.5+031849,RRc,RRc,False,False,0.3801858943469059,1.0149205222879916,5266,5802,False,False,False,False
1857,CSS_J030952.8+291410,EW,EW,False,False,0.36273979530821704,0.9784243876675953,7154,7824,False,False,False,False
1858,CSS_J030117.6+324908,EW,EW,False,False,0.3527738990290631,1.0080247028479141,7930,6252,False,False,False,False
1859,CSS_J181405.1+340752,EW,EW,False,False,0.39277183437206015,1.0960025614106084,4067,2588,False,False,False,False
1860,CSS_J014715.4+211203,EW,EW,False,False,0.3880403890195848,1.0972504347224237,4498,2563,False,False,False,False
1861,CSS_J141827.7-113444,EA,EW,True,False,0.45161359458150624,1.353663732802326,1382,348,False,False,False,False
1862,CSS_J132532.7+164942,RRc,RRc,False,False,0.39161791285656306,1.0985276851595465,4175,2534,False,False,False,False
1863,CSS_J160658.4+021404,EW,EW,False,False,0.41534822310155334,1.0568166753149615,2618,3778,False,False,False,False
1864,CSS_J173323.1+203242,EA,EA,False,False,0.44897994045779477,1.0995710458938475,1439,2510,False,False,False,False
1865,CSS_J212125.7-074451,EW,EW,False,False,0.4323045465100163,1.177491725808503,1936,1262,False,False,False,False
1866,CSS_J004729.7+153209,EW,EW,False,False,0.36019385407536003,0.9754400962730644,7400,7874,False,False,False,False
1867,CSS_J205759.9+060330,RRc,RRc,False,False,0.3680215876786411,1.0650760622735895,6611,3479,False,False,False,False
1868,CSS_J235905.0+385227,EW,EW,False,False,0.3535616198028083,1.007910801984299,7881,6260,False,False,False,False
1869,CSS_J070054.8+445512,RS CVn,EW,True,True,0.4659937321016494,1.5254333538001963,1088,113,False,True,False,False
1870,CSS_J093554.9+240550,EW,EW,False,False,0.3637771188505889,0.9872865992762424,7047,7466,False,False,False,False
1871,CSS_J124746.2+201548,RRc,RRc,False,False,0.35589000772362545,1.040401588972221,7734,4478,False,False,False,False
1872,CSS_J150736.0+100502,RRc,RRc,False,False,0.36848798614539213,1.259852036000161,6553,687,False,False,False,False
1873,CSS_J051541.8-111051,RS CVn,EW,True,True,0.37767164035416284,1.477612115113191,5504,163,False,False,False,False
1874,CSS_J230900.4+371512,EW,EW,False,False,0.350887253992454,1.024113291955039,7986,5284,False,False,False,False
1875,CSS_J124230.4+305524,EW,EW,False,False,0.35473611621284096,1.07698448799762,7811,3099,False,False,False,False
1876,CSS_J032702.0+382328,EW,EW,False,False,0.36872929707961843,1.0443789056305657,6528,4310,False,False,False,False
1877,CSS_J010742.1+242442,EA,EA,False,False,0.47395521704565974,1.0049453485865354,940,6452,False,False,False,False
1878,CSS_J020001.6+330339,EW,EW,False,False,0.3613511194930177,1.0484829799159563,7286,4112,False,False,False,False
1879,CSS_J233953.2+252422,EW,EW,False,False,0.3893184272077379,1.0229269249010113,4391,5342,False,False,False,False
1880,CSS_J034703.1+282208,EW,EW,False,False,0.3748536911571121,0.9969076723065908,5854,6920,False,False,False,False
1881,CSS_J144803.6+092856,EA,EW,True,False,0.46205569827109244,1.085968943188278,1164,2833,False,False,False,False
1882,CSS_J141610.7+495751,EW,EW,False,False,0.37758482480721445,1.0064143191622423,5515,6358,False,False,False,False
1883,CSS_J082832.4-041507,EW,EW,False,False,0.398951215579411,1.1488953096948056,3577,1618,False,False,False,False
1884,CSS_J213800.3-151517,EW,RRc,True,False,0.4137742641061659,1.0482444086784224,2698,4126,False,False,False,False
1885,CSS_J010408.6+253857,EW,EW,False,False,0.4224268037187671,1.1447306325544757,2299,1671,False,False,False,False
1886,CSS_J124126.9+314148,EW,EW,False,False,0.3601874622423893,1.0290203002928544,7402,5015,False,False,False,False
1887,CSS_J092850.5+420026,EW,EA,True,False,0.4477442101192727,1.0349240669882411,1479,4727,False,False,False,False
1888,CSS_J163408.9+262105,EW,EW,False,False,0.3697941653797914,0.9808969056594219,6416,7745,False,False,False,False
1889,CSS_J092710.7-012646,EW,EA,True,False,0.42018654720284515,0.997829749215519,2398,6883,False,False,False,False
1890,CSS_J135720.3+371455,EW,EW,False,False,0.3747429220694952,0.9749235856126445,5870,7885,False,False,False,False
1891,CSS_J211858.4+010023,EW,EW,False,False,0.3978879704789552,1.025576134491725,3648,5209,False,False,False,False
1892,CSS_J170250.9-052236,RRab,RRc,True,False,0.4930590669354974,1.0463878859362667,640,4214,False,False,False,False
1893,CSS_J164133.7+210918,RRc,RRc,False,False,0.3689695856495169,0.9604015284939109,6503,7997,False,False,False,False
1894,CSS_J092422.3+022940,EW,EW,False,False,0.3960984789083195,1.33244003774959,3780,403,False,False,False,False
1895,CSS_J074817.1+102910,EW,EW,False,False,0.3805217832576431,1.0222942473076,5240,5381,False,False,False,False
1896,CSS_J092431.5+492258,RRc,RRc,False,False,0.4595877349270758,1.0684666066777853,1213,3355,False,False,False,False
1897,CSS_J092651.1+261431,EW,EW,False,False,0.46541366277370183,1.260263950127284,1098,683,False,False,False,False
1898,CSS_J113258.3-115728,RRc,RRc,False,False,0.37904824044316615,1.074090252507986,5381,3173,False,False,False,False
1899,CSS_J091109.0+241404,EW,EW,False,False,0.44802333861555227,1.1015519306599797,1473,2457,False,False,False,False
1900,CSS_J095206.5-042703,EW,EW,False,False,0.38980795527073653,1.136972145066599,4345,1781,False,False,False,False
1901,CSS_J051711.6+162244,EW,EW,False,False,0.38951744340713185,1.1440533797288857,4371,1683,False,False,False,False
1902,CSS_J224828.6-015159,EW,EW,False,False,0.3543735380729404,1.0174310265601754,7829,5671,False,False,False,False
1903,CSS_J165922.3+481018,EW,EW,False,False,0.36813222895235304,0.9960205982197742,6599,6977,False,False,False,False
1904,CSS_J080555.2+410636,EA,EA,False,False,0.41719864155427305,0.9919853163304941,2529,7209,False,False,False,False
1905,CSS_J080940.3+453357,EW,EW,False,False,0.37184098799173454,1.0595567527021659,6212,3672,False,False,False,False
1906,CSS_J091657.4-152254,EW,EW,False,False,0.4272190618277337,1.1665674498220877,2104,1389,False,False,False,False
1907,CSS_J052210.4-143218,EW,EW,False,False,0.401183923277448,1.030606545868808,3408,4950,False,False,False,False
1908,CSS_J060117.6-120156,EW,EW,False,False,0.3782294403409616,1.1185046383390596,5452,2105,False,False,False,False
1909,CSS_J025002.3+340740,EA,EA,False,False,0.41856414446694795,1.0218285834565086,2470,5400,False,False,False,False
1910,CSS_J205418.3+050618,EW,EW,False,False,0.36294501625610226,1.042551047866166,7130,4393,False,False,False,False
1911,CSS_J175239.1+480801,RRc,EW,True,False,0.3814392845800569,0.9763182595581996,5130,7860,False,False,False,False
1912,CSS_J105029.1+384631,EW,EW,False,False,0.37565372404311836,1.039337184998752,5741,4527,False,False,False,False
1913,CSS_J090131.9+011431,EW,EW,False,False,0.3788836126691546,0.9897412387594301,5394,7332,False,False,False,False
1914,CSS_J150618.9+014158,RRc,RRab,True,False,0.5552573481673104,1.0092144538919612,233,6168,False,False,False,False
1915,CSS_J070904.8+574419,EA,EA,False,False,0.4675680117145563,1.0232118943444346,1058,5326,False,False,False,False
1916,CSS_J075953.2+124831,EW,EW,False,False,0.3962289856884409,1.02843810897743,3771,5055,False,False,False,False
1917,CSS_J172921.1+181159,EA,EA,False,False,0.4959169967183446,1.1049847351565896,604,2376,False,False,False,False
1918,CSS_J161532.6+244037,RRd,EW,True,True,0.36533187857916943,1.0381875040529593,6900,4577,False,False,False,False
1919,CSS_J081703.9-043345,EA,EA,False,False,0.48323938344879835,1.1194626828839263,785,2090,False,False,False,False
1920,CSS_J164644.2+260927,RRc,EW,True,False,0.42057975310010953,1.1024440697776088,2380,2435,False,False,False,False
1921,CSS_J164924.5+180037,EW,EW,False,False,0.5336772758824015,1.3235852578059841,329,428,False,False,False,False
1922,CSS_J165503.3+134754,EA,EA,False,False,0.41759136308504263,0.9804975775209248,2509,7756,False,False,False,False
1923,CSS_J041633.5+223927,EW,EW,False,False,0.3751059284146084,1.0379682153439866,5821,4588,False,False,False,False
1924,CSS_J014305.2+000200,EW,EW,False,False,0.4271680179585158,1.0281331682327142,2111,5067,False,False,False,False
1925,CSS_J203518.4-032636,EW,EW,False,False,0.36635822908475113,0.9919908731497367,6783,7206,False,False,False,False
1926,CSS_J034621.7-124307,EA,EA,False,False,0.5514459586224504,1.1376038317008796,249,1769,False,False,False,False
1927,CSS_J162913.1+035003,EW,EW,False,False,0.36944999975906495,1.0213844605093665,6456,5431,False,False,False,False
1928,CSS_J024853.8+200644,EW,EW,False,False,0.3532989253386093,0.9805857276516654,7899,7754,False,False,False,False
1929,CSS_J134754.1+010053,EW,EW,False,False,0.3755080564024813,1.0474333315780782,5758,4169,False,False,False,False
1930,CSS_J220659.8+182726,EW,EW,False,False,0.39543332049612356,1.0389273492570845,3837,4541,False,False,False,False
1931,CSS_J090632.3+112930,EW,RS CVn,True,False,0.4211458775203417,1.1257743005017118,2356,1968,False,False,False,False
1932,CSS_J045312.4-013858,RRc,RRc,False,False,0.3871789068107349,1.0750318504678502,4567,3149,False,False,False,False
1933,CSS_J030235.7+341053,EW,EW,False,False,0.37088988344521956,1.0025500916879173,6316,6606,False,False,False,False
1934,CSS_J221523.4+181242,EA,EA,False,False,0.4214148893170853,1.0151217142351516,2342,5789,False,False,False,False
1935,CSS_J232330.9+391200,EW,EW,False,False,0.36729568478360813,1.0072753736453834,6682,6307,False,False,False,False
1936,CSS_J173924.9+423849,EW,EW,False,False,0.3801645313472424,1.140349773008748,5269,1727,False,False,False,False
1937,CSS_J050519.2+164940,EW,EW,False,False,0.37202898474292345,1.023677453477668,6191,5309,False,False,False,False
1938,CSS_J115610.8-162758,RRc,EW,True,False,0.40554420309856076,1.091901243119363,3124,2682,False,False,False,False
1939,CSS_J112802.2-050144,RS CVn,RS CVn,False,True,0.43293307844384926,1.191853036991386,1922,1122,False,False,False,False
1940,CSS_J153041.5+452103,EW,EW,False,False,0.36091170303904446,1.1750112805694477,7332,1285,False,False,False,False
1941,CSS_J163629.4-050559,EW,EW,False,False,0.37638827745057224,1.0265238153329985,5663,5158,False,False,False,False
1942,CSS_J203040.7-085221,EW,EW,False,False,0.45759278670126907,1.0432428248185905,1265,4355,False,False,False,False
1943,CSS_J160952.9-083852,RRd,RRc,True,True,0.4283645758338353,1.047008051725122,2060,4191,False,False,False,False
1944,CSS_J202239.8-120607,RRab,RRab,False,False,0.4453964048305643,1.0220649743134007,1539,5390,False,False,False,False
1945,CSS_J205253.5-182248,RRab,RRab,False,False,0.5224505230017904,1.087829352537652,387,2782,False,False,False,False
1946,CSS_J081419.5+175420,EW,EW,False,False,0.3795619957274296,1.0079045262959725,5338,6262,False,False,False,False
1947,CSS_J103505.2-182932,EW,EW,False,False,0.389060580511171,1.0892625434146173,4410,2748,False,False,False,False
1948,CSS_J223130.6+141700,EA,EA,False,False,0.4216665257484717,1.0080532398244038,2328,6251,False,False,False,False
1949,CSS_J220512.2+035915,EW,EW,False,False,0.3638675897877467,1.0090036595689191,7040,6187,False,False,False,False
1950,CSS_J050632.8+064059,EA,EA,False,False,0.4384210308905201,1.0288358557615223,1736,5023,False,False,False,False
1951,CSS_J162340.4+130118,EW,EW,False,False,0.37207399986478584,0.9869841756190969,6186,7487,False,False,False,False
1952,CSS_J112105.9+571927,RRab,RRab,False,False,0.38206235488399065,1.233516036123104,5059,816,False,False,False,False
1953,CSS_J102004.9-110716,EW,EW,False,False,0.44683192053382964,1.1613365601430332,1495,1457,False,False,False,False
1954,CSS_J203953.5-050412,EW,EW,False,False,0.37808015051876837,1.0603602495046682,5466,3642,False,False,False,False
1955,CSS_J221543.1-011053,EA,EA,False,False,0.5399092305050135,1.1100574707932318,305,2270,False,False,False,False
1956,CSS_J012928.5+112057,EA,EA,False,False,0.4793151932590397,1.0058699203289214,841,6397,False,False,False,False
1957,CSS_J051156.6+011756,EW,EW,False,False,0.3570505876347225,1.026839515654291,7661,5139,False,False,False,False
1958,CSS_J082142.1+134332,EW,EW,False,False,0.4039732254288535,1.0101176276633084,3235,6110,False,False,False,False
1959,CSS_J150015.0+245335,EW,EW,False,False,0.3717753845030697,1.001115763636239,6221,6693,False,False,False,False
1960,CSS_J144800.4+525419,RRd,RRc,True,True,0.38227553841385664,1.0121042985789188,5035,5980,False,False,False,False
1961,CSS_J203726.4-120339,EW,EW,False,False,0.41174599325210154,1.1738886846561778,2810,1298,False,False,False,False
1962,CSS_J051750.0+213843,EW,EW,False,False,0.3516373256680283,1.0193025944342495,7967,5540,False,False,False,False
1963,CSS_J165159.5+492726,EW,EW,False,False,0.3565094727657998,1.0012116394834931,7697,6688,False,False,False,False
1964,CSS_J164845.4+640849,EW,EW,False,False,0.3667770922412342,0.9988171189831954,6735,6825,False,False,False,False
1965,CSS_J130009.2+180534,RRc,RRc,False,False,0.3884727661805996,1.0600896921084224,4463,3649,False,False,False,False
1966,CSS_J035434.7+410429,EW,EW,False,False,0.45124150576846245,1.0527737562705135,1393,3937,False,False,False,False
1967,CSS_J024234.7+054412,EW,EW,False,False,0.363131222872645,1.0386354790187846,7105,4556,False,False,False,False
1968,CSS_J082144.3-014552,EW,EW,False,False,0.4801524702490288,1.1209551109010234,827,2057,False,False,False,False
1969,CSS_J112758.4+233511,EA,EA,False,False,0.5443376158037829,1.0116140990811093,282,6024,False,False,False,False
1970,CSS_J075044.1+310808,EA,EW,True,False,0.43371695690329104,1.0669199293523808,1889,3410,False,False,False,False
1971,CSS_J041959.9+354357,EW,EW,False,False,0.42668372020692164,1.064639365501854,2139,3490,False,False,False,False
1972,CSS_J090744.5+024735,EW,EW,False,False,0.3642222214662367,0.9800997623814988,6996,7768,False,False,False,False
1973,CSS_J155222.2+122035,RRc,RRc,False,False,0.36336450342750987,0.9687037237728756,7083,7971,False,False,False,False
1974,CSS_J223120.2+300335,EW,EW,False,False,0.3636967331190894,1.0085258648542805,7057,6224,False,False,False,False
1975,CSS_J215402.4-034135,EA,EW,True,False,0.37926396679853774,1.1174718013507974,5369,2128,False,False,False,False
1976,CSS_J232844.0+142915,EW,EA,True,False,0.43045559676142053,1.0465469150731812,1992,4206,False,False,False,False
1977,CSS_J122930.3+001328,RRc,RRc,False,False,0.41000495793434194,1.2223795249093197,2892,890,False,False,False,False
1978,CSS_J134738.1+041001,EW,EW,False,False,0.4063853744551852,1.1876816891283757,3073,1155,False,False,False,False
1979,CSS_J093400.3+573350,EW,EW,False,False,0.4196205899145968,1.438549388806179,2420,206,False,False,False,False
1980,CSS_J150218.7+430300,EW,EW,False,False,0.4340374221337812,1.0265346190648372,1881,5156,False,False,False,False
1981,CSS_J003134.7+085737,EW,EW,False,False,0.3554404499574036,1.1371174781341515,7771,1778,False,False,False,False
1982,CSS_J171355.0+473803,RRc,EW,True,False,0.4542325515461003,1.001440177581661,1335,6675,False,False,False,False
1983,CSS_J013416.3-072438,EW,EW,False,False,0.4641645824853412,1.292402636359942,1117,550,False,False,False,False
1984,CSS_J043817.5+085723,EW,EW,False,False,0.37374328106354576,0.9961909116430926,5984,6966,False,False,False,False
1985,CSS_J042451.9+324655,EW,EW,False,False,0.3628720714659516,0.9773117043615827,7140,7843,False,False,False,False
1986,CSS_J010454.6+334850,EW,EW,False,False,0.4214765216977442,1.1237158031793875,2337,2000,False,False,False,False
1987,CSS_J143002.2+002329,RS CVn,RS CVn,False,True,0.4102726790243858,1.1717429484922721,2882,1322,False,False,False,False
1988,CSS_J144734.5+385314,EA,EA,False,False,0.45969639103600046,1.035501703803062,1211,4701,False,False,False,False
1989,CSS_J050641.8+103514,EW,EW,False,False,0.41926012236196913,1.0468833821298578,2438,4193,False,False,False,False
1990,CSS_J013736.2+372045,EW,EW,False,False,0.40078931756691066,1.0138403172945307,3436,5874,False,False,False,False
1991,CSS_J164339.7+430414,EW,EW,False,False,0.4033411362727682,1.1895500616004018,3263,1135,False,False,False,False
1992,CSS_J213254.0-013747,EW,EW,False,False,0.3598735054748521,1.056241782174609,7432,3791,False,False,False,False
1993,CSS_J050853.7+114335,EW,EW,False,False,0.41477298370844795,1.0149979088174603,2639,5798,False,False,False,False
1994,CSS_J044331.2+300749,EW,EW,False,False,0.4013395147999395,1.134350973517683,3395,1828,False,False,False,False
1995,CSS_J163950.0+495409,RRc,RRc,False,False,0.3749292578765808,1.0178970895946997,5840,5640,False,False,False,False
1996,CSS_J090031.2+010442,RRc,RRc,False,False,0.36515466200409513,1.0785839445410401,6920,3048,False,False,False,False
1997,CSS_J174147.5+434331,EW,EW,False,False,0.36975661608953325,0.9908532643057969,6419,7270,False,False,False,False
1998,CSS_J070127.8+485022,EW,EW,False,False,0.5248100544105019,1.3251496700530923,376,420,False,False,False,False
1999,CSS_J024310.5+342854,EW,EW,False,False,0.40934014317431394,1.002820242543137,2924,6586,False,False,False,False
2000,CSS_J131732.8+073648,RRab,EW,True,False,0.4496346490447856,1.1712174319074002,1424,1328,False,False,False,False
2001,CSS_J172027.2+345914,EW,EW,False,False,0.3949757322661473,0.9656314587369643,3872,7986,False,False,False,False
2002,CSS_J040046.6-142910,EA,EA,False,False,0.563643862688637,1.183588955389396,212,1203,False,False,False,False
2003,CSS_J111120.4+462547,EW,EW,False,False,0.4431897182695249,1.1162876123545575,1588,2146,False,False,False,False
2004,CSS_J210350.4+033719,EW,EW,False,False,0.473269069252091,1.137095060070148,956,1779,False,False,False,False
2005,CSS_J045601.4+095559,EW,EW,False,False,0.37985201843995253,1.0439996601721622,5305,4323,False,False,False,False
2006,CSS_J222440.6+032131,EW,EW,False,False,0.3554734641279556,1.079405504069562,7765,3022,False,False,False,False
2007,CSS_J045535.3+213800,RS CVn,EW,True,True,0.49911120191522396,1.1796346043030348,567,1235,False,False,False,False
2008,CSS_J080508.5+060957,EW,EW,False,False,0.37893142106987443,1.0687468798902293,5389,3347,False,False,False,False
2009,CSS_J044135.4-193023,EW,EW,False,False,0.36544732005757147,0.9916167121726248,6891,7229,False,False,False,False
2010,CSS_J133738.0+460612,EW,EW,False,False,0.3827651745648065,1.1040472668872625,4987,2393,False,False,False,False
2011,CSS_J075212.0+215855,EW,EW,False,False,0.36299167783489383,1.0039149732050006,7124,6526,False,False,False,False
2012,CSS_J003847.7+061658,EW,EW,False,False,0.3617089149209823,0.9929627367131427,7251,7140,False,False,False,False
2013,CSS_J024138.1+374857,EW,EA,True,False,0.4257611497426787,0.9826180099179261,2175,7690,False,False,False,False
2014,CSS_J140315.9+211354,RS CVn,EW,True,True,0.40904234718446403,1.2804448666063981,2943,587,False,False,False,False
2015,CSS_J181120.4+330017,EW,EW,False,False,0.36168577717338063,1.158201415178464,7256,1496,False,False,False,False
2016,CSS_J204108.2-090443,EW,EW,False,False,0.3982973159331061,1.16338764076196,3621,1434,False,False,False,False
2017,CSS_J090022.9-070630,EW,EW,False,False,0.3861898892924429,1.1205292353020833,4656,2066,False,False,False,False
2018,CSS_J083737.2+143555,EA,EA,False,False,0.5163696083148692,1.1732901222066996,414,1301,False,False,False,False
2019,CSS_J234816.9+411449,EW,EW,False,False,0.37304320804533925,1.009390572380455,6074,6158,False,False,False,False
2020,CSS_J221746.2-063711,EW,EW,False,False,0.38301731184355364,1.059608788746828,4972,3669,False,False,False,False
2021,CSS_J092518.5-090843,RRc,RRc,False,False,0.40460800556798115,1.087068196592643,3193,2801,False,False,False,False
2022,CSS_J132611.9+184445,RRc,RRc,False,False,0.41590102971175946,1.061339764734179,2591,3609,False,False,False,False
2023,CSS_J132613.8-084607,RRc,EW,True,False,0.40063376757955904,1.5896047994452351,3447,75,False,True,False,False
2024,CSS_J022003.0-032909,EW,EW,False,False,0.40682778644495526,0.9926183728753808,3058,7161,False,False,False,False
2025,CSS_J140500.5-183725,EW,EW,False,False,0.36344984131204217,1.1811682296892372,7073,1220,False,False,False,False
2026,CSS_J214746.9+212317,EW,EW,False,False,0.3563069743712548,0.973248761166918,7711,7919,False,False,False,False
2027,CSS_J083105.9-020936,EW,EW,False,False,0.3902309759604005,1.0988581283903471,4305,2527,False,False,False,False
2028,CSS_J163754.1+495616,EA,EA,False,False,0.6027605376057582,1.3170267356413916,130,443,True,False,False,False
2029,CSS_J042124.2+011617,EW,EW,False,False,0.36251772920403924,1.1228183178517857,7171,2013,False,False,False,False
2030,CSS_J223109.6+230759,EW,EW,False,False,0.35299606996288785,1.0039579440356758,7918,6521,False,False,False,False
2031,CSS_J150632.5+273204,EA,EA,False,False,0.4512752441893221,1.071552332239927,1390,3243,False,False,False,False
2032,CSS_J134041.1-082446,EA,EA,False,False,0.562975950011531,1.1333885610579313,213,1842,False,False,False,False
2033,CSS_J054307.6+075043,EW,EW,False,False,0.4009813337666371,1.2293130539163117,3424,840,False,False,False,False
2034,CSS_J135645.2+260641,RRc,RRc,False,False,0.4432184621128001,1.0694433610117682,1585,3320,False,False,False,False
2035,CSS_J030037.5-023228,RRc,EW,True,False,0.4271989476076074,1.0226674425530953,2106,5358,False,False,False,False
2036,CSS_J135056.0+621913,RRc,RRc,False,False,0.3726730977421785,1.015328385483247,6118,5780,False,False,False,False
2037,CSS_J144428.1+100343,RRc,RRc,False,False,0.37810695096367775,0.9982255722294953,5463,6867,False,False,False,False
2038,CSS_J150248.6+032402,RRc,RRc,False,False,0.45025655746597243,0.9815922902432268,1412,7732,False,False,False,False
2039,CSS_J170047.1+163025,EW,EW,False,False,0.36659215097385606,1.0306562542830886,6754,4944,False,False,False,False
2040,CSS_J161617.7+624911,EW,EW,False,False,0.43237549900048194,1.5378959428298475,1935,108,False,True,False,False
2041,CSS_J003209.3-113221,EW,EW,False,False,0.4035646859874698,1.017590823770339,3253,5658,False,False,False,False
2042,CSS_J171423.7+130041,EW,EW,False,False,0.412483034650885,1.003955211469225,2769,6522,False,False,False,False
2043,CSS_J095924.6+164621,EA,EA,False,False,0.5899277930895128,1.07962582408372,154,3013,True,False,False,False
2044,CSS_J221157.9+175841,EW,EW,False,False,0.3702276613740621,1.062757730706801,6373,3559,False,False,False,False
2045,CSS_J101633.5+513602,EW,EW,False,False,0.4762421143649851,1.1677765872853412,905,1371,False,False,False,False
2046,CSS_J112939.0+161745,EW,EW,False,False,0.3530669730277984,0.9899153602792576,7912,7320,False,False,False,False
2047,CSS_J205236.0+021950,EW,EW,False,False,0.37490585997166803,1.029528106967324,5843,4987,False,False,False,False
2048,CSS_J072000.9+391310,EW,EW,False,False,0.3841944817659024,0.9905424698610018,4848,7287,False,False,False,False
2049,CSS_J145433.7+314122,EW,EW,False,False,0.40607631731020993,1.0289240852369435,3101,5021,False,False,False,False
2050,CSS_J214007.1+155612,EW,EW,False,False,0.38894265648528187,1.0215500159742361,4422,5418,False,False,False,False
2051,CSS_J040112.6+340944,EA,EA,False,False,0.41452232580384557,1.0485275949182207,2654,4110,False,False,False,False
2052,CSS_J080050.2+312115,RS CVn,EW,True,True,0.49245337552010215,1.0590378277376906,650,3687,False,False,False,False
2053,CSS_J084342.8+330014,EW,EW,False,False,0.38769315020349676,0.9968683947415174,4521,6922,False,False,False,False
2054,CSS_J101841.7-034127,EW,EW,False,False,0.4042779905818327,1.4271591457899233,3220,219,False,False,False,False
2055,CSS_J135522.4+044151,RS CVn,EA,True,True,0.5626466187435558,1.2764907697600878,215,604,False,False,False,False
2056,CSS_J134739.4-080206,EW,EW,False,False,0.36519087150277924,1.0793494700929032,6917,3024,False,False,False,False
2057,CSS_J092059.5+043044,EW,EW,False,False,0.42873625635681,1.1174577778856312,2041,2129,False,False,False,False
2058,CSS_J172106.1+235333,EW,EW,False,False,0.3585130354843412,1.096890733305204,7555,2570,False,False,False,False
2059,CSS_J040829.2-102656,EW,EW,False,False,0.39762273092284434,1.142528499032905,3673,1699,False,False,False,False
2060,CSS_J170224.7+491340,RRc,RRc,False,False,0.3973577445865606,1.0173587407739204,3689,5675,False,False,False,False
2061,CSS_J223128.8+233703,EW,EW,False,False,0.44093965359488496,1.1091292664598502,1653,2285,False,False,False,False
2062,CSS_J005445.6-114706,EA,EW,True,False,0.5790457407418562,1.3861106270588526,178,287,False,False,False,False
2063,CSS_J225041.8+310056,EW,EW,False,False,0.3630842436609815,1.0068671926012864,7115,6328,False,False,False,False
2064,CSS_J175747.5+464546,RS CVn,EW,True,True,0.4005270557962287,1.1282442309516107,3455,1926,False,False,False,False
2065,CSS_J155730.4+571514,EW,EW,False,False,0.3558638344874808,1.0043424036102817,7738,6496,False,False,False,False
2066,CSS_J173835.5+440040,RRc,RRc,False,False,0.37463859045590936,0.99198937600208,5884,7207,False,False,False,False
2067,CSS_J032617.0+341158,EW,EW,False,False,0.3788772045022068,1.0656926931579038,5395,3459,False,False,False,False
2068,CSS_J021030.5+341343,EW,EW,False,False,0.3723353493830044,1.0354598136692355,6159,4702,False,False,False,False
2069,CSS_J172254.1+220332,EW,EW,False,False,0.3678629082118164,0.9985209383541152,6626,6848,False,False,False,False
2070,CSS_J081021.2+221302,EW,EW,False,False,0.38704673149123475,1.0351321919068588,4583,4711,False,False,False,False
2071,CSS_J024553.3+343239,EW,EW,False,False,0.5417853980176559,1.4066906372389316,293,250,False,False,False,False
2072,CSS_J213821.1+084831,EW,EW,False,False,0.4276810930391631,0.9905164962310966,2086,7292,False,False,False,False
2073,CSS_J055601.6-101002,EW,EW,False,False,0.3602068390265292,1.017996520557722,7398,5632,False,False,False,False
2074,CSS_J065133.1+345015,EW,EA,True,False,0.4706183182012948,1.0058082494856893,1005,6402,False,False,False,False
2075,CSS_J021049.0+293051,EA,EA,False,False,0.43788448038377725,1.0265404376143106,1752,5155,False,False,False,False
2076,CSS_J212412.1+121228,EW,EW,False,False,0.38060352678728737,0.9857123933405502,5235,7554,False,False,False,False
2077,CSS_J033627.5+194427,EW,EW,False,False,0.4095328314593453,1.1092206519902434,2917,2282,False,False,False,False
2078,CSS_J201258.0-145732,RRab,EW,True,False,0.40332166161055116,1.407524284696536,3266,248,False,False,False,False
2079,CSS_J124745.7+204356,EW,EW,False,False,0.3600447897424069,1.0533778035679708,7415,3904,False,False,False,False
2080,CSS_J143051.3-163933,RRab,RRab,False,False,0.4000580508865164,1.0888466320311923,3497,2755,False,False,False,False
2081,CSS_J160419.1+284032,EW,EW,False,False,0.35684412232832896,1.0055683500251043,7673,6418,False,False,False,False
2082,CSS_J142855.0+573024,RRab,RRd,True,False,0.3863288689700853,1.0997276036563979,4646,2508,False,False,False,False
2083,CSS_J212325.5+100648,EA,EA,False,False,0.3898594784026229,1.0350715899644225,4339,4714,False,False,False,False
2084,CSS_J004928.6+264720,EW,EW,False,False,0.37479105599455864,0.9848916253088247,5864,7597,False,False,False,False
2085,CSS_J031756.5+232304,EW,EW,False,False,0.3549977130714154,1.0113252244235866,7795,6038,False,False,False,False
2086,CSS_J171159.6+513346,EW,EW,False,False,0.39024489676125845,1.2340138552198263,4303,811,False,False,False,False
2087,CSS_J132320.8+292831,RS CVn,EW,True,True,0.44320256622656146,1.2516514523227662,1586,719,False,False,False,False
2088,CSS_J123329.5-133045,EW,EW,False,False,0.3623526564253852,1.0091969967805219,7193,6171,False,False,False,False
2089,CSS_J231827.2+014304,EW,EA,True,False,0.4004827203721718,0.9741914587888962,3464,7901,False,False,False,False
2090,CSS_J022237.8+061811,EA,EA,False,False,0.4449857865478279,0.9743439534765628,1554,7897,False,False,False,False
2091,CSS_J073826.5+461623,EW,EW,False,False,0.4142830409268857,1.00448743974938,2669,6481,False,False,False,False
2092,CSS_J155932.7-184006,RRab,RRab,False,False,0.3856116913153583,1.1394841305656125,4709,1741,False,False,False,False
2093,CSS_J074253.2+224632,EW,EW,False,False,0.38177801942631173,1.0279604274570389,5097,5075,False,False,False,False
2094,CSS_J224030.9+174330,EW,EW,False,False,0.36184643396233285,0.9848742805411532,7242,7598,False,False,False,False
2095,CSS_J021146.8+374221,EW,EW,False,False,0.4172426313644096,1.0912958476273913,2527,2689,False,False,False,False
2096,CSS_J165105.4+400739,RRc,RRc,False,False,0.3722417113004256,1.1623913440854337,6170,1445,False,False,False,False
2097,CSS_J034350.3+385142,EW,EW,False,False,0.3853565856230366,1.0010328589961588,4732,6703,False,False,False,False
2098,CSS_J231304.9+120115,RS CVn,EW,True,True,0.3783168769146408,1.0819064198744879,5446,2946,False,False,False,False
2099,CSS_J070031.6+493209,EW,EW,False,False,0.44348750135977505,1.0055102030830936,1577,6421,False,False,False,False
2100,CSS_J173446.1+313246,EW,EW,False,False,0.37781925059255705,1.0031463071361204,5491,6570,False,False,False,False
2101,CSS_J140613.9+033141,LPV,LPV,False,False,0.5399391598516572,1.02169706485873,304,5410,False,False,False,False
2102,CSS_J155658.7-142828,RRab,RRab,False,False,0.46255526603085156,1.0139701859981964,1150,5864,False,False,False,False
2103,CSS_J132227.6-011515,EW,EW,False,False,0.4277280463568792,1.066123528038802,2083,3444,False,False,False,False
2104,CSS_J075755.7+231356,RRc,EW,True,False,0.3899548742761947,1.1240152050960899,4331,1995,False,False,False,False
2105,CSS_J154758.4+560825,EW,EW,False,False,0.37523655242716464,0.9886282065242036,5800,7394,False,False,False,False
2106,CSS_J155556.0+264320,EW,EW,False,False,0.5791476708403576,1.0212156908695558,177,5446,False,False,False,False
2107,CSS_J130726.3+370918,EW,EW,False,False,0.37574909425850206,0.9714240568668719,5732,7944,False,False,False,False
2108,CSS_J075928.7+115840,RS CVn,EW,True,True,0.5201042857123,1.1641356319759861,399,1425,False,False,False,False
2109,CSS_J102042.8+391907,EA,EA,False,False,0.406374775959891,0.9944146492569809,3074,7074,False,False,False,False
2110,CSS_J074608.9+203142,EW,EW,False,False,0.37362558682169916,1.0016924631330655,6006,6662,False,False,False,False
2111,CSS_J210749.5+082429,RS CVn,EW,True,True,0.3989599712165316,1.1235414492288665,3572,2003,False,False,False,False
2112,CSS_J210245.8+022744,EW,EW,False,False,0.3923700828690778,1.0968042088971797,4110,2573,False,False,False,False
2113,CSS_J034927.4-060944,EW,EW,False,False,0.40085853265695254,1.0528216639229622,3430,3931,False,False,False,False
2114,CSS_J010354.3-014217,RRc,EW,True,False,0.39798354141841735,1.1282050731733766,3636,1927,False,False,False,False
2115,CSS_J042324.0+004204,EW,EW,False,False,0.3732883933641468,0.9925009734359053,6048,7169,False,False,False,False
2116,CSS_J221654.2+174001,EW,EW,False,False,0.3604928478830462,1.0081370767990379,7376,6245,False,False,False,False
2117,CSS_J095752.1+582721,EW,RRc,True,False,0.38006269849267577,1.0304483619520135,5280,4957,False,False,False,False
2118,CSS_J053113.8-154305,EW,EW,False,False,0.3632939116972156,1.1538856964453412,7088,1544,False,False,False,False
2119,CSS_J232358.3+094656,EW,EW,False,False,0.4188609897960703,1.0223678328533894,2452,5378,False,False,False,False
2120,CSS_J141702.5-155354,EA,EW,True,False,0.40579360680362514,1.0623790529386385,3111,3575,False,False,False,False
2121,CSS_J025432.9+040325,EW,EW,False,False,0.3650236633769644,1.0141318026532666,6931,5856,False,False,False,False
2122,CSS_J223915.8+181653,EW,EW,False,False,0.36113963196111515,0.9910914088976821,7309,7263,False,False,False,False
2123,CSS_J212312.5+071552,EW,EW,False,False,0.3875839022779756,0.978443355351545,4527,7823,False,False,False,False
2124,CSS_J011105.2+324108,EA,EA,False,False,0.44810254190915444,0.9851708321957282,1470,7585,False,False,False,False
2125,CSS_J095706.1+083938,RRc,RRc,False,False,0.38534770568163146,0.9892973026924204,4734,7363,False,False,False,False
2126,CSS_J212352.6+021619,EW,EW,False,False,0.3919900089245843,0.9849751215825139,4143,7593,False,False,False,False
2127,CSS_J035106.4+194249,EW,EW,False,False,0.3827201450322605,1.1270148867525083,4991,1946,False,False,False,False
2128,CSS_J130051.6+535956,EW,EW,False,False,0.35620103744782733,0.9872321493689,7715,7469,False,False,False,False
2129,CSS_J095311.9+400819,EW,EW,False,False,0.37507035287600593,1.0011035472555,5825,6695,False,False,False,False
2130,CSS_J175043.4+462448,EW,EW,False,False,0.3894052753761471,1.0553515698756966,4384,3824,False,False,False,False
2131,CSS_J222329.6+155905,EA,EA,False,False,0.4792416042676731,1.0374957405010607,843,4608,False,False,False,False
2132,CSS_J162157.4+041103,EW,EW,False,False,0.3637362163413836,1.027740085771353,7053,5091,False,False,False,False
2133,CSS_J011457.5+425440,EW,EW,False,False,0.42012715890923436,1.0138523918006728,2401,5873,False,False,False,False
2134,CSS_J040346.7-080659,EW,EW,False,False,0.38112712025551176,1.085497106262702,5172,2849,False,False,False,False
2135,CSS_J073947.7+324024,EW,EW,False,False,0.448771160031543,1.128431077757137,1449,1921,False,False,False,False
2136,CSS_J175237.8+414658,EW,EW,False,False,0.367334609604922,0.9988111007578455,6677,6826,False,False,False,False
2137,CSS_J033055.6-154400,EW,EW,False,False,0.3551425389555473,1.1109494977580727,7787,2250,False,False,False,False
2138,CSS_J060313.7-031447,EW,EW,False,False,0.3782195452323541,1.2370443856823239,5453,791,False,False,False,False
2139,CSS_J024125.3+295916,EA,EA,False,False,0.5237024352769821,0.9981304642523774,384,6872,False,False,False,False
2140,CSS_J170919.6+163044,EW,EW,False,False,0.39464687566930173,0.9905341682545232,3901,7289,False,False,False,False
2141,CSS_J140000.8-130103,EW,EW,False,False,0.417583653877534,1.1094237449905748,2511,2279,False,False,False,False
2142,CSS_J130429.3-082421,EW,EW,False,False,0.3642195377346212,1.0320386911111512,6997,4880,False,False,False,False
2143,CSS_J164214.2+125508,EW,EW,False,False,0.4469195337504099,1.0468633173640478,1493,4194,False,False,False,False
2144,CSS_J052501.9+013456,EW,EW,False,False,0.3774746714357388,1.082349698697175,5531,2928,False,False,False,False
2145,CSS_J222920.6+212403,EW,EW,False,False,0.38706530689116003,0.9786933732227874,4580,7812,False,False,False,False
2146,CSS_J215105.2+220703,RRab,EW,True,False,0.7060271754709759,1.561887890533649,36,92,True,True,True,False
2147,CSS_J205344.2-013527,EW,EW,False,False,0.4573846231983671,1.4593000493013701,1271,184,False,False,False,False
2148,CSS_J160438.2-100105,RRc,RRc,False,False,0.397924626904846,1.0312246982419926,3644,4917,False,False,False,False
2149,CSS_J144129.1-113315,RRc,RRc,False,False,0.41596263824343366,1.0866434072058058,2587,2815,False,False,False,False
2150,CSS_J110057.9+015254,RRd,RRd,False,True,0.384557244322738,1.1509757034640935,4817,1582,False,False,False,False
2151,CSS_J220719.2+030635,EA,EA,False,False,0.4332376638478767,0.9914321127339786,1909,7244,False,False,False,False
2152,CSS_J084911.7+112816,EA,EW,True,False,0.41893352479744134,1.0146864137789922,2448,5824,False,False,False,False
2153,CSS_J155721.0+285146,EW,EW,False,False,0.3563106236452903,1.0584687347968678,7710,3713,False,False,False,False
2154,CSS_J040956.9+333316,EW,EW,False,False,0.3907051564283437,0.9873703931761979,4255,7459,False,False,False,False
2155,CSS_J170028.1+490123,EW,EW,False,False,0.40045522140488815,0.999629555567376,3467,6783,False,False,False,False
2156,CSS_J214809.0+154147,EW,EW,False,False,0.4101346637869265,1.020703857998659,2888,5472,False,False,False,False
2157,CSS_J213953.7+223408,EW,EW,False,False,0.37235243338889834,1.0051232811136592,6153,6444,False,False,False,False
2158,CSS_J031114.4-043845,EW,EW,False,False,0.4144486322981585,0.9891191090027445,2658,7370,False,False,False,False
2159,CSS_J162929.0+631235,RRab,RRab,False,False,0.4276418378417576,0.9701685141433029,2088,7960,False,False,False,False
2160,CSS_J142448.4+064637,RRc,EW,True,False,0.60885197801274,1.0910607016673315,116,2696,True,False,False,False
2161,CSS_J033708.6+284637,EA,EA,False,False,0.46551182437177563,1.0574574666028007,1095,3750,False,False,False,False
2162,CSS_J065007.9+543646,RRab,RRab,False,False,0.4451401559988639,1.0789650322949749,1545,3039,False,False,False,False
2163,CSS_J030450.2+222131,EA,EA,False,False,0.5164682961696697,1.0023307709106506,409,6623,False,False,False,False
2164,CSS_J151329.9+301030,RRc,RRc,False,False,0.3718374988560766,0.9735579316538701,6214,7915,False,False,False,False
2165,CSS_J131612.3+174146,RRc,RRc,False,False,0.3761182772382372,0.9874904793740302,5690,7454,False,False,False,False
2166,CSS_J121046.3+202757,EW,EW,False,False,0.3896019353242722,1.4658498387568264,4362,173,False,False,False,False
2167,CSS_J071453.3+492019,EW,EW,False,False,0.4837965875379251,1.2646029486675594,774,658,False,False,False,False
2168,CSS_J134740.1+445815,EA,EA,False,False,0.4410414546086316,1.0333797903751576,1652,4806,False,False,False,False
2169,CSS_J091006.0-103153,RRc,RRc,False,False,0.38775361040576645,1.3414820894933137,4516,379,False,False,False,False
2170,CSS_J042445.2+302335,EW,EW,False,False,0.413551158480043,1.0607470962377992,2707,3628,False,False,False,False
2171,CSS_J222607.3+305144,EA,EA,False,False,0.44503196424709346,1.0839975699668276,1552,2882,False,False,False,False
2172,CSS_J035209.9+331206,EW,EW,False,False,0.39191914494835844,1.1831807285311382,4149,1207,False,False,False,False
2173,CSS_J133142.8+041325,RS CVn,RS CVn,False,True,0.4245427033202115,0.9934213043997481,2216,7122,False,False,False,False
2174,CSS_J082006.9+075849,EA,EA,False,False,0.46024120193118256,1.0669980236167895,1198,3409,False,False,False,False
2175,CSS_J085737.3-120552,EW,EW,False,False,0.36333558370895547,1.0661183102626979,7085,3446,False,False,False,False
2176,CSS_J164301.1+273335,EW,EW,False,False,0.4854429092134995,1.166370420829876,753,1391,False,False,False,False
2177,CSS_J152523.4+564549,EW,EW,False,False,0.5024782314060027,1.184681354289169,539,1193,False,False,False,False
2178,CSS_J015133.6+362349,EW,EW,False,False,0.37948267189887536,1.2706076338604146,5346,631,False,False,False,False
2179,CSS_J173107.2+212309,EW,EW,False,False,0.3832616008446594,1.0684028436010529,4947,3356,False,False,False,False
2180,CSS_J134940.4-124417,EW,EW,False,False,0.3958136074231785,1.1500466142669272,3808,1598,False,False,False,False
2181,CSS_J044604.3-014031,EW,EW,False,False,0.3722785489692822,1.0575204891129544,6165,3749,False,False,False,False
2182,CSS_J081845.0+563557,EW,EW,False,False,0.37733720485993144,0.9863871117608533,5551,7520,False,False,False,False
2183,CSS_J045149.3+164457,EW,EW,False,False,0.45151807864745197,1.0113558556148279,1385,6037,False,False,False,False
2184,CSS_J212144.5-060748,RRd,RRc,True,True,0.3645573851513932,1.011632106811719,6968,6022,False,False,False,False
2185,CSS_J130757.8-102131,EW,EW,False,False,0.3725781222531111,1.0547693302613546,6127,3846,False,False,False,False
2186,CSS_J230312.8-030717,EW,EW,False,False,0.44979597806664845,1.1440046017926357,1421,1684,False,False,False,False
2187,CSS_J072819.9+384229,EA,EW,True,False,0.4772870008828825,1.3105675626304416,887,467,False,False,False,False
2188,CSS_J160142.0+392243,EA,EW,True,False,0.4281954502835516,0.9986721651351986,2067,6838,False,False,False,False
2189,CSS_J151726.7+051134,EW,EW,False,False,0.3856903188468469,1.0069660345155005,4702,6322,False,False,False,False
2190,CSS_J225328.1-102834,RRd,RRd,False,True,0.3912294736556153,1.0678598876044325,4215,3373,False,False,False,False
2191,CSS_J030841.0+200321,EW,EW,False,False,0.39640942148611163,0.9958118716035111,3757,6989,False,False,False,False
2192,CSS_J172447.1+503400,EW,EW,False,False,0.40437637971762613,0.9887421601805402,3213,7390,False,False,False,False
2193,CSS_J202843.7-043027,EW,EW,False,False,0.4537251551981438,1.1534320494897439,1346,1552,False,False,False,False
2194,CSS_J170939.9+402400,RRc,EW,True,False,0.3753039832892681,1.051019797349595,5786,4018,False,False,False,False
2195,CSS_J051440.9-054623,EW,EW,False,False,0.417982404090398,1.1752960404175816,2490,1282,False,False,False,False
2196,CSS_J215903.6+060017,EW,EW,False,False,0.3966369568039044,1.0456813949866768,3738,4247,False,False,False,False
2197,CSS_J093357.9-073035,EW,EW,False,False,0.4246837753745697,1.0832708625471787,2213,2900,False,False,False,False
2198,CSS_J153657.7+375817,LPV,LPV,False,False,0.6367078905942485,1.0012763633605344,93,6682,True,False,False,False
2199,CSS_J094740.9+002829,RS CVn,EW,True,True,0.43801698217665125,1.0324717053869121,1749,4852,False,False,False,False
2200,CSS_J042508.8-193702,EW,EW,False,False,0.3801546245044873,1.097539145827754,5272,2557,False,False,False,False
2201,CSS_J053529.8+003334,EW,EW,False,False,0.35930385488779576,0.9944935521458842,7492,7068,False,False,False,False
2202,CSS_J134113.7+314725,EW,EW,False,False,0.3816762694023294,1.111511185266996,5111,2242,False,False,False,False
2203,CSS_J155509.5+350222,RRc,RRc,False,False,0.37528215331326803,0.9845542049249734,5792,7613,False,False,False,False
2204,CSS_J052259.9+073620,EW,EW,False,False,0.47980573928200776,1.1988071760786136,834,1074,False,False,False,False
2205,CSS_J093705.5-023416,RRd,RRc,True,True,0.4295886957359408,1.1693030405199862,2018,1350,False,False,False,False
2206,CSS_J052135.0+052029,EW,EW,False,False,0.36433226952663805,1.1269479329855017,6986,1948,False,False,False,False
2207,CSS_J142001.7+065950,RRab,RRc,True,False,0.4398226925064644,0.9661138418624345,1690,7982,False,False,False,False
2208,CSS_J070119.0+314128,EW,EW,False,False,0.3946884405684331,1.0314199411118743,3896,4906,False,False,False,False
2209,CSS_J035830.2+224655,EW,EW,False,False,0.38919482399586347,1.0683464678857386,4398,3358,False,False,False,False
2210,CSS_J230627.2-061110,EA,EA,False,False,0.3955398644008822,1.008000933121655,3828,6255,False,False,False,False
2211,CSS_J143627.1+074410,EW,EW,False,False,0.3806783783425803,1.1346250946856136,5228,1819,False,False,False,False
2212,CSS_J165722.4+183515,EW,EW,False,False,0.37393149051319413,0.9939956624883759,5966,7097,False,False,False,False
2213,CSS_J150548.0+224854,RRd,RRd,False,True,0.36789440111989036,1.0192551389904818,6621,5545,False,False,False,False
2214,CSS_J080359.7+281250,EW,EW,False,False,0.37092216518357113,0.9698321161210824,6308,7964,False,False,False,False
2215,CSS_J105855.0+013020,RRc,RRc,False,False,0.37368090219131067,1.0251886419820218,5997,5232,False,False,False,False
2216,CSS_J023303.0+105943,EA,EA,False,False,0.4115053003744647,1.0485536395921895,2825,4108,False,False,False,False
2217,CSS_J034234.1-131453,EW,EW,False,False,0.3647862559597678,1.0240744490095497,6955,5286,False,False,False,False
2218,CSS_J214627.3+162522,EW,EW,False,False,0.3666058936467082,1.0028066362481751,6751,6587,False,False,False,False
2219,CSS_J043347.4+380239,RRc,RRc,False,False,0.3774929487324023,0.994675911982036,5530,7060,False,False,False,False
2220,CSS_J210200.7+085252,EW,EW,False,False,0.46315466232505276,1.1250906978284074,1139,1976,False,False,False,False
2221,CSS_J044203.6+200040,EW,EW,False,False,0.369362557945407,1.0989472017192752,6466,2524,False,False,False,False
2222,CSS_J083334.5+370958,EW,EW,False,False,0.37054945061920835,1.1376530132064084,6345,1767,False,False,False,False
2223,CSS_J214223.7+060925,EW,EW,False,False,0.3826690088468797,1.1566708152286072,4995,1511,False,False,False,False
2224,CSS_J082320.2+101824,EW,EW,False,False,0.39221362993924586,1.0701682888443727,4120,3294,False,False,False,False
2225,CSS_J163015.6+261824,RRc,EW,True,False,0.393002343578749,1.2160482499509155,4037,938,False,False,False,False
2226,CSS_J131746.6-134339,EW,EA,True,False,0.6116313698441198,1.317631249822284,112,442,True,False,False,False
2227,CSS_J221241.6+085915,EW,EW,False,False,0.3732705191867358,1.1377785048973537,6050,1765,False,False,False,False
2228,CSS_J043652.3-060932,RRc,RRc,False,False,0.3770916500718555,1.2205910143196577,5577,902,False,False,False,False
2229,CSS_J224803.6+374125,EW,EW,False,False,0.36659496169551237,0.9987214890055045,6753,6830,False,False,False,False
2230,CSS_J233518.6+240058,EW,EW,False,False,0.3819153510845503,1.1186220729099101,5080,2101,False,False,False,False
2231,CSS_J174433.0+502327,EW,EW,False,False,0.3598830182860649,1.0084382610269595,7430,6230,False,False,False,False
2232,CSS_J171815.3+163104,EW,EW,False,False,0.35527371048250966,1.0583381735138997,7779,3718,False,False,False,False
2233,CSS_J074141.2+355436,RRc,EW,True,False,0.42138116160597583,1.0045263678067422,2344,6477,False,False,False,False
2234,CSS_J085114.0+160439,EW,EW,False,False,0.4118199586150054,1.0276853513677322,2806,5096,False,False,False,False
2235,CSS_J010438.8+333326,EW,EW,False,False,0.4132267890288113,1.177888200250338,2731,1257,False,False,False,False
2236,CSS_J083832.6+071012,EA,EA,False,False,0.5578031533635767,1.0423742854970595,230,4402,False,False,False,False
2237,CSS_J043331.8+203326,EW,EW,False,False,0.3619470197749685,1.0059771787302085,7233,6384,False,False,False,False
2238,CSS_J201745.9-135257,RRc,EW,True,False,0.39650864571563255,1.0074068563206204,3748,6293,False,False,False,False
2239,CSS_J203443.7-100707,EW,EW,False,False,0.3891679337403316,1.0983854072256807,4403,2540,False,False,False,False
2240,CSS_J073430.8+335900,EW,RRc,True,False,0.485143172249088,1.9190883012421547,758,24,False,True,False,False
2241,CSS_J093059.2-183450,RRab,RRab,False,False,0.437341832630771,1.0563993226841202,1774,3786,False,False,False,False
2242,CSS_J021657.8+014425,EW,EW,False,False,0.36007975949666754,1.105742765609119,7411,2362,False,False,False,False
2243,CSS_J135856.5+101720,EW,EW,False,False,0.3824033728331095,1.023586788229159,5023,5317,False,False,False,False
2244,CSS_J114721.6+051257,RRc,RRc,False,False,0.391934176229752,0.9839877725784024,4148,7632,False,False,False,False
2245,CSS_J180105.4+512037,EW,EW,False,False,0.36017118284447175,1.16304376773095,7403,1437,False,False,False,False
2246,CSS_J164606.2+581648,EW,EW,False,False,0.3696116299548243,0.9943220678946677,6439,7078,False,False,False,False
2247,CSS_J001553.5+293657,EW,EW,False,False,0.4388495041244874,1.0152594793829715,1722,5784,False,False,False,False
2248,CSS_J052125.5+005311,EW,EW,False,False,0.5048516775989873,1.0538621766858662,515,3887,False,False,False,False
2249,CSS_J165847.2+371742,EW,EW,False,False,0.3932431907274978,1.2994686283808061,4013,514,False,False,False,False
2250,CSS_J021618.2+394509,EW,EW,False,False,0.36214663374211314,1.024583544124378,7216,5261,False,False,False,False
2251,CSS_J100608.8+083434,EW,EW,False,False,0.421789579569405,1.0874440013779327,2324,2791,False,False,False,False
2252,CSS_J161910.3+113501,EW,EW,False,False,0.4029321849827759,1.0516307644927596,3290,3989,False,False,False,False
2253,CSS_J094738.8-140443,EW,EW,False,False,0.3839632842651168,1.0582072378704883,4874,3723,False,False,False,False
2254,CSS_J053514.6+151033,RS CVn,EW,True,True,0.48009044389591216,1.0177110708285935,829,5651,False,False,False,False
2255,CSS_J163955.0-044428,RRc,RRc,False,False,0.3722544706624755,1.0277372950047,6167,5092,False,False,False,False
2256,CSS_J080109.3+060816,EW,EW,False,False,0.3848734215669756,1.0466969516768008,4782,4200,False,False,False,False
2257,CSS_J043644.2+174548,EW,EW,False,False,0.3703803434520201,1.0264863446184143,6361,5159,False,False,False,False
2258,CSS_J065717.6+611058,RS CVn,EW,True,True,0.44802578517541797,1.1529306773759085,1472,1559,False,False,False,False
2259,CSS_J170802.6+173528,EW,EW,False,False,0.39418345809809513,1.0642438545900252,3933,3502,False,False,False,False
2260,CSS_J052610.2+113512,RS CVn,EW,True,True,0.36605744240157956,1.0611198053395021,6811,3616,False,False,False,False
2261,CSS_J021512.3-105258,EW,EW,False,False,0.3533505408944197,1.0431506894213267,7895,4359,False,False,False,False
2262,CSS_J215756.1-080923,EW,EW,False,False,0.3636233753875854,1.0148416002760585,7062,5808,False,False,False,False
2263,CSS_J165858.2+064519,RRc,RRc,False,False,0.40629949471697446,1.2059816454303935,3083,1019,False,False,False,False
2264,CSS_J122337.8-071456,LPV,RRab,True,False,0.6180303326825168,1.865626402535526,107,27,True,True,True,False
2265,CSS_J120949.0-194325,RRab,RRc,True,False,0.3878580627526299,1.1757761872521661,4511,1276,False,False,False,False
2266,CSS_J073659.0+634952,EW,EW,False,False,0.3643612471765065,1.051913987666161,6984,3976,False,False,False,False
2267,CSS_J183816.2+503259,EW,EW,False,False,0.37145853118649586,1.189345667356102,6250,1138,False,False,False,False
2268,CSS_J080434.3+052531,EW,EW,False,False,0.6073740447379361,1.0245683828656158,120,5262,True,False,False,False
2269,CSS_J015609.9+284018,EW,EW,False,False,0.4754394043806606,1.098819542952113,920,2528,False,False,False,False
2270,CSS_J045856.4+204843,EW,EW,False,False,0.39842560364655516,0.9836361802203519,3613,7649,False,False,False,False
2271,CSS_J051726.0+024214,EW,EW,False,False,0.4404889860707298,1.2633975418672945,1674,668,False,False,False,False
2272,CSS_J233736.2+070254,EW,EW,False,False,0.3977710273596898,1.0355780115543658,3658,4697,False,False,False,False
2273,CSS_J090556.6+073724,RRc,EW,True,False,0.3652057265074326,1.0463853901419673,6913,4215,False,False,False,False
2274,CSS_J164250.4+182848,RS CVn,EW,True,True,0.45513266531817903,1.493925561673365,1316,145,False,True,False,False
2275,CSS_J080107.3+173104,EW,EW,False,False,0.46531773154318967,1.4064133090566544,1099,251,False,False,False,False
2276,CSS_J205707.1-074748,EW,EW,False,False,0.3514164138824847,1.0010273346654113,7977,6704,False,False,False,False
2277,CSS_J081450.2+050837,EA,EA,False,False,0.5125706490020141,1.074813489416325,444,3155,False,False,False,False
2278,CSS_J112019.4+084928,EA,EA,False,False,0.45236489045931993,1.024476314782873,1363,5265,False,False,False,False
2279,CSS_J090140.8+010645,EW,EW,False,False,0.37751687104467757,1.0212537377743722,5527,5443,False,False,False,False
2280,CSS_J143128.6-194142,EW,EW,False,False,0.41165640137248255,1.2940838096331029,2816,538,False,False,False,False
2281,CSS_J154141.0+102842,RRc,RRc,False,False,0.3902314021427133,1.1282043094296532,4304,1928,False,False,False,False
2282,CSS_J050026.0+095035,EW,EW,False,False,0.41346283863039573,1.0436513928802846,2710,4340,False,False,False,False
2283,CSS_J231852.3-075633,EW,EW,False,False,0.4811468908910479,1.215746884246713,815,940,False,False,False,False
2284,CSS_J224000.2+332237,RRc,RRc,False,False,0.40084193093694825,1.0450729734474562,3432,4277,False,False,False,False
2285,CSS_J180634.0+353839,EW,EW,False,False,0.3616271818084128,1.102068469285881,7261,2444,False,False,False,False
2286,CSS_J165655.6+215433,EW,EW,False,False,0.4432324830837871,0.992890570835282,1584,7146,False,False,False,False
2287,CSS_J134853.1+005210,RS CVn,EW,True,True,0.4061778920691011,1.3368380732517324,3092,392,False,False,False,False
2288,CSS_J232348.3+265213,EW,EW,False,False,0.3699827189755646,1.00213134244638,6399,6635,False,False,False,False
2289,CSS_J220906.8+085239,EW,EW,False,False,0.39234910177083376,1.174041203715889,4111,1294,False,False,False,False
2290,CSS_J084649.1+083231,EW,EW,False,False,0.4078589545984454,1.1291948608256475,3005,1907,False,False,False,False
2291,CSS_J054303.8+075808,EA,EA,False,False,0.5391772270246321,1.0277024302329838,310,5094,False,False,False,False
2292,CSS_J094947.4-011743,EW,EW,False,False,0.3982577582535042,1.1510090438118457,3624,1581,False,False,False,False
2293,CSS_J081202.7+074112,EW,EW,False,False,0.38591670003016687,1.0209606755418137,4682,5456,False,False,False,False
2294,CSS_J083214.5+321522,RRc,RRc,False,False,0.3690524718975827,1.0012040143958414,6497,6689,False,False,False,False
2295,CSS_J141144.7+030646,EA,EW,True,False,0.40093419234089517,1.0512346017504903,3426,4004,False,False,False,False
2296,CSS_J152821.7+030135,EA,EA,False,False,0.4060480015744156,1.005573657037361,3104,6416,False,False,False,False
2297,CSS_J045701.4+034726,EA,EA,False,False,0.5280021430986139,1.2928991425287124,359,547,False,False,False,False
2298,CSS_J223717.8+150951,RRc,EW,True,False,0.3639577840180868,1.0604159253394365,7033,3638,False,False,False,False
2299,CSS_J124833.8+333647,EW,EW,False,False,0.3623487037753569,0.9937230902403902,7194,7106,False,False,False,False
2300,CSS_J064812.7+433637,EW,EW,False,False,0.37803886037624274,1.0338259828080791,5470,4787,False,False,False,False
2301,CSS_J021225.8+335540,EW,EW,False,False,0.3782310081613791,1.0010931685826923,5451,6696,False,False,False,False
2302,CSS_J043034.7+314216,EW,EW,False,False,0.3558887557921281,0.9876680946728305,7735,7444,False,False,False,False
2303,CSS_J044133.0+074229,RS CVn,RS CVn,False,True,0.4138117056223984,1.078048052634212,2690,3064,False,False,False,False
2304,CSS_J060143.9-135344,EW,EW,False,False,0.36384627140795145,1.0051578094125357,7044,6442,False,False,False,False
2305,CSS_J133048.3+335354,RRc,RRc,False,False,0.4001307161736513,1.0435606859809634,3491,4347,False,False,False,False
2306,CSS_J214620.1-101713,EW,EW,False,False,0.3748266570083333,0.970441779454914,5861,7957,False,False,False,False
2307,CSS_J020937.9+382731,EW,EW,False,False,0.42437631459593794,1.1400753479694758,2226,1733,False,False,False,False
2308,CSS_J214146.1+030813,RRc,RRc,False,False,0.3723769077337772,1.0165611868539508,6147,5719,False,False,False,False
2309,CSS_J051830.1+102949,EW,EW,False,False,0.3550661586751811,0.9903076718206762,7792,7304,False,False,False,False
2310,CSS_J074737.9+145004,EW,RS CVn,True,False,0.43904685200552385,1.3014473313506218,1720,506,False,False,False,False
2311,CSS_J032139.9-063823,EW,EW,False,False,0.4004001446598146,1.0766900114949536,3472,3110,False,False,False,False
2312,CSS_J154915.7+375506,EW,EW,False,False,0.386240737383275,1.0422008241772964,4653,4410,False,False,False,False
2313,CSS_J161800.8+321049,EW,EW,False,False,0.4046025693334275,1.0273675904406594,3194,5108,False,False,False,False
2314,CSS_J102816.9+000604,EA,EA,False,False,0.43932035026150673,1.0529612170031604,1710,3927,False,False,False,False
2315,CSS_J002720.1-055519,RRc,EW,True,False,0.4277869684768623,0.9834417673597023,2082,7656,False,False,False,False
2316,CSS_J033705.0+360744,EW,EW,False,False,0.5165186484264419,1.0240083056790699,408,5293,False,False,False,False
2317,CSS_J101056.8-033322,RRab,RRab,False,False,0.5295308613584572,1.177378684243426,348,1265,False,False,False,False
2318,CSS_J045812.6+043432,EW,EW,False,False,0.39809416071953047,1.0306639702295226,3633,4943,False,False,False,False
2319,CSS_J075715.5+142626,EW,EW,False,False,0.4122018960140114,1.0690617609888757,2786,3334,False,False,False,False
2320,CSS_J204921.9-192459,EA,EA,False,False,0.4424178925911164,1.0139710944627363,1613,5863,False,False,False,False
2321,CSS_J213541.7+004340,EW,EW,False,False,0.38590841664139375,1.1944238798968478,4684,1104,False,False,False,False
2322,CSS_J144728.3+261524,RRab,RRab,False,False,0.42476085001657415,1.020845851862674,2210,5465,False,False,False,False
2323,CSS_J051407.2+055628,EW,EW,False,False,0.3826169087448621,1.138590371940257,5005,1749,False,False,False,False
2324,CSS_J115341.5+234110,LPV,LPV,False,False,0.50714028365245,1.0213629842404273,495,5435,False,False,False,False
2325,CSS_J132122.2+255619,RRab,EW,True,False,0.37679133666569953,1.073308079956714,5620,3198,False,False,False,False
2326,CSS_J170309.0+290007,EW,EW,False,False,0.45834019322304875,1.006819997911414,1243,6332,False,False,False,False
2327,CSS_J052103.7-110950,EW,EW,False,False,0.3631336951883287,1.006600857433226,7104,6345,False,False,False,False
2328,CSS_J085302.9+054918,EW,EW,False,False,0.36529235219638706,1.0053543163867726,6903,6433,False,False,False,False
2329,CSS_J024416.0+211104,EW,EW,False,False,0.43967426821769345,1.2136144844947485,1699,964,False,False,False,False
2330,CSS_J164826.8+340734,EW,EW,False,False,0.38221460318358735,1.064184527051293,5047,3504,False,False,False,False
2331,CSS_J050308.8+030206,EW,EW,False,False,0.36551688346211186,1.076722414856675,6880,3109,False,False,False,False
2332,CSS_J143304.3+072740,RRc,RRc,False,False,0.38442958328888127,0.9873680533822501,4824,7460,False,False,False,False
2333,CSS_J040528.2-074711,EW,EW,False,False,0.35410659540998146,1.029375928185714,7847,4996,False,False,False,False
2334,CSS_J044540.3-073732,EW,EW,False,False,0.3699110889939084,1.073254752087187,6407,3200,False,False,False,False
2335,CSS_J142901.5+083716,RRc,RRab,True,False,0.5302283300685535,1.3576904230237878,344,338,False,False,False,False
2336,CSS_J215907.4-051120,EW,EW,False,False,0.3570847017285324,1.016444087065445,7658,5726,False,False,False,False
2337,CSS_J173841.4+194232,EW,EW,False,False,0.456134345398173,1.080450962403037,1298,2987,False,False,False,False
2338,CSS_J001145.6+181545,EW,EW,False,False,0.35300833173334734,1.0744570753301865,7916,3164,False,False,False,False
2339,CSS_J183623.0+445919,RRc,EW,True,False,0.3644782288208034,1.0110818458696493,6976,6054,False,False,False,False
2340,CSS_J162321.3-113146,EW,EW,False,False,0.3576487992003385,1.0887924306252592,7613,2756,False,False,False,False
2341,CSS_J095818.0-103919,EW,EW,False,False,0.37252145145827337,1.0711759681213568,6134,3262,False,False,False,False
2342,CSS_J102219.8-054602,RRc,EW,True,False,0.3860369842232949,1.2021832432249882,4668,1052,False,False,False,False
2343,CSS_J173620.0+244339,RRc,RRc,False,False,0.37035279841355534,1.0507801158750336,6366,4030,False,False,False,False
2344,CSS_J002619.6+324558,EW,EW,False,False,0.40246576979156495,1.137983607997821,3322,1759,False,False,False,False
2345,CSS_J174437.4+375156,EW,EW,False,False,0.39572849494713147,1.1721795075771815,3813,1318,False,False,False,False
2346,CSS_J074043.7+304212,EW,EW,False,False,0.41457732389703017,1.0618340348634114,2649,3593,False,False,False,False
2347,CSS_J090210.8+113623,EA,EA,False,False,0.5427331624700883,1.0574145415181258,288,3751,False,False,False,False
2348,CSS_J101125.3+070741,EW,EW,False,False,0.42226034132885476,1.1871160789271973,2306,1167,False,False,False,False
2349,CSS_J163154.9+044451,EW,EW,False,False,0.36696793944698436,1.4162147452616962,6719,240,False,False,False,False
2350,CSS_J030749.6+144710,EW,EW,False,False,0.35765891709157627,1.041921582389217,7612,4422,False,False,False,False
2351,CSS_J215437.6-190518,RRab,RRab,False,False,0.5145961092416199,1.14100063595276,425,1717,False,False,False,False
2352,CSS_J083611.1+253412,RRd,RRd,False,True,0.38101344147285576,1.027269141572358,5191,5115,False,False,False,False
2353,CSS_J035806.1-142831,EW,EW,False,False,0.35563935358848825,1.0761608763843964,7753,3121,False,False,False,False
2354,CSS_J070728.3+415546,EW,EW,False,False,0.4077503711796566,1.0384282503857964,3008,4565,False,False,False,False
2355,CSS_J170444.0+231942,EW,EW,False,False,0.37712649612325355,0.9948824195674266,5570,7044,False,False,False,False
2356,CSS_J074934.3+151949,EW,EW,False,False,0.43786764190969657,1.158568235486945,1753,1491,False,False,False,False
2357,CSS_J232013.7+372028,EW,EW,False,False,0.3746879929339421,1.1016101722116896,5876,2454,False,False,False,False
2358,CSS_J172107.4+285713,RRc,RRc,False,False,0.3989246748376533,1.0800910092320744,3582,2997,False,False,False,False
2359,CSS_J151034.9+201230,EW,EW,False,False,0.35448192221847213,1.0095602169211713,7825,6148,False,False,False,False
2360,CSS_J162804.7+003843,RRc,RRc,False,False,0.37410974900198135,0.9918556238399375,5949,7212,False,False,False,False
2361,CSS_J072352.7+435352,EW,EW,False,False,0.4250878100331236,1.2991923058881583,2195,516,False,False,False,False
2362,CSS_J043502.3-022351,EW,EW,False,False,0.36768685025978093,1.1106050595332204,6645,2258,False,False,False,False
2363,CSS_J082149.2+143552,EW,EW,False,False,0.37902432651799317,1.0676400068878082,5382,3381,False,False,False,False
2364,CSS_J053719.9+054853,RRc,RRc,False,False,0.401781662303212,1.080515308028718,3364,2984,False,False,False,False
2365,CSS_J090149.1-115659,EW,EW,False,False,0.4481520748626896,1.0611237281298793,1467,3615,False,False,False,False
2366,CSS_J100608.3+101757,RRc,RRab,True,False,0.36034252893337054,1.0827257108331196,7387,2919,False,False,False,False
2367,CSS_J050945.8+131400,EA,EA,False,False,0.5923938517625307,1.0553821584870502,147,3823,True,False,False,False
2368,CSS_J082005.8+285217,EA,EA,False,False,0.47891090581478635,1.0003263294440823,855,6745,False,False,False,False
2369,CSS_J051251.2-034134,EW,EW,False,False,0.401867215265878,1.080456941485406,3356,2986,False,False,False,False
2370,CSS_J144736.8-021518,EW,EW,False,False,0.3640670105422009,1.004367209505699,7019,6492,False,False,False,False
2371,CSS_J052133.2+095119,EW,EW,False,False,0.4561608242078403,1.1342261775579687,1297,1830,False,False,False,False
2372,CSS_J162549.1+010031,EW,EW,False,False,0.3684092804866099,1.022864169024999,6566,5348,False,False,False,False
2373,CSS_J175221.3+224444,RRab,RRab,False,False,0.5062648605241291,1.1863139483714726,500,1173,False,False,False,False
2374,CSS_J073421.6+284243,EW,EW,False,False,0.515422926554492,1.4136636935634823,423,244,False,False,False,False
2375,CSS_J040329.4+345733,EA,EA,False,False,0.46975607364174055,1.018578755591241,1019,5587,False,False,False,False
2376,CSS_J080843.1+253223,EW,EW,False,False,0.3745828080571915,1.0105297774705695,5895,6087,False,False,False,False
2377,CSS_J111044.1+024943,EW,EW,False,False,0.4283905947255335,1.2363309707994936,2056,795,False,False,False,False
2378,CSS_J130111.2-132012,EW,EW,False,False,0.36150472266998784,0.9984811263977207,7274,6853,False,False,False,False
2379,CSS_J232936.3+332042,RRc,RRc,False,False,0.3884173352893641,1.4229564226188671,4468,226,False,False,False,False
2380,CSS_J141850.7+435002,EA,EA,False,False,0.4794633853310801,1.097227285157971,840,2565,False,False,False,False
2381,CSS_J161234.5+331832,EW,EW,False,False,0.4201367346206487,1.034113338327026,2400,4771,False,False,False,False
2382,CSS_J210823.8+065134,EW,EW,False,False,0.4020670975251856,1.2465006048926177,3345,750,False,False,False,False
2383,CSS_J071045.1+604245,EW,EW,False,False,0.3637003900548396,1.1870800049845682,7056,1168,False,False,False,False
2384,CSS_J160654.3-034237,RRc,RRc,False,False,0.38090139986530863,0.974320716108729,5204,7899,False,False,False,False
2385,CSS_J224932.8+403343,EW,EW,False,False,0.4223912502059269,1.4792805755070786,2301,161,False,False,False,False
2386,CSS_J045849.6+024143,RS CVn,EW,True,True,0.49794252539657535,1.1210374600409703,583,2052,False,False,False,False
2387,CSS_J082244.2+242153,EW,EW,False,False,0.3739204975906382,1.0232253286795097,5968,5325,False,False,False,False
2388,CSS_J161455.1+102738,EW,EW,False,False,0.36828423213046274,1.0075530842629723,6582,6284,False,False,False,False
2389,CSS_J152018.5-045507,EW,EW,False,False,0.7085214485771397,1.8189186286116494,31,29,True,True,True,True
2390,CSS_J154212.7+375246,EW,EW,False,False,0.37577012931287945,1.003167019566203,5731,6567,False,False,False,False
2391,CSS_J170445.8+195302,EW,EW,False,False,0.39070514680806073,1.0418181344701505,4256,4426,False,False,False,False
2392,CSS_J215151.5-064859,EW,EW,False,False,0.3667699253512428,0.997821650927073,6737,6884,False,False,False,False
2393,CSS_J094320.8+171810,RRab,EW,True,False,0.3924244049151247,1.0515300372194958,4104,3993,False,False,False,False
2394,CSS_J143328.2+173646,LPV,LPV,False,False,0.7703400550430964,1.242722862052469,1,773,True,False,False,False
2395,CSS_J135341.9-092809,EW,EW,False,False,0.43664561292100296,1.1002388973383288,1802,2495,False,False,False,False
2396,CSS_J173757.0+195125,EW,EW,False,False,0.3775344085887714,1.1536665606402987,5522,1548,False,False,False,False
2397,CSS_J081058.7+103918,EW,EW,False,False,0.3760644680802625,1.05173501818957,5696,3983,False,False,False,False
2398,CSS_J164756.2-111901,RRab,RRab,False,False,0.47222374894240454,1.2154680050149014,973,944,False,False,False,False
2399,CSS_J055825.6-071554,EW,EW,False,False,0.36612850715535195,1.0665097075510495,6805,3428,False,False,False,False
2400,CSS_J224923.8+403919,EW,EW,False,False,0.4023486275554281,1.0313604130781708,3330,4909,False,False,False,False
2401,CSS_J095022.4-153315,EW,EW,False,False,0.36647919820190383,1.2005266811369661,6769,1062,False,False,False,False
2402,CSS_J132038.1+225837,RRc,RRc,False,False,0.3693743614448622,1.0158025660845253,6464,5749,False,False,False,False
2403,CSS_J023709.6+354544,EW,EW,False,False,0.39261617058334086,0.9979487433533516,4079,6879,False,False,False,False
2404,CSS_J104723.0+000353,EW,EW,False,False,0.40102359652314085,1.0593234389187356,3420,3681,False,False,False,False
2405,CSS_J104125.2+040926,EW,EW,False,False,0.41005323035412866,1.3144300116744954,2891,452,False,False,False,False
2406,CSS_J080543.6+463301,EW,RS CVn,True,False,0.3862689946040578,1.1748426183681164,4651,1286,False,False,False,False
2407,CSS_J031342.5+344503,EW,EW,False,False,0.37483543204325054,1.1762770792873032,5857,1271,False,False,False,False
2408,CSS_J210240.4-051849,RRc,RRc,False,False,0.3960559599369072,1.0144481352501884,3788,5839,False,False,False,False
2409,CSS_J072117.5+260014,EW,EW,False,False,0.3742169400552298,1.0545580147767737,5936,3856,False,False,False,False
2410,CSS_J100252.1-102210,EW,EW,False,False,0.38042158453155156,1.1009850123877087,5246,2474,False,False,False,False
2411,CSS_J002154.9+352348,EW,EW,False,False,0.3583663813390895,1.1200466703215262,7567,2075,False,False,False,False
2412,CSS_J215128.3-042208,EW,EW,False,False,0.35481686267260765,1.0546581174660372,7806,3850,False,False,False,False
2413,CSS_J133612.0+002427,EA,EA,False,False,0.43575544879619793,1.073456351319391,1827,3192,False,False,False,False
2414,CSS_J165910.4+231128,EA,EA,False,False,0.562106174346074,1.069912241768757,220,3303,False,False,False,False
2415,CSS_J231243.8+190827,RRc,EW,True,False,0.5032357000953417,1.2675717700510893,531,641,False,False,False,False
2416,CSS_J113514.1+353601,EW,EW,False,False,0.35611317231342715,0.9942884553851103,7723,7085,False,False,False,False
2417,CSS_J224557.7+320132,EW,EW,False,False,0.3771513989722868,0.9844061052583049,5568,7617,False,False,False,False
2418,CSS_J204201.6-073541,EW,EW,False,False,0.3711929546812718,1.0787535805791655,6278,3046,False,False,False,False
2419,CSS_J215811.0+002246,EA,EA,False,False,0.44860152624007177,1.0163592467876772,1453,5732,False,False,False,False
2420,CSS_J053225.3+051402,EW,EW,False,False,0.3554459127277492,0.9879185745781461,7770,7433,False,False,False,False
2421,CSS_J080237.4+515121,EW,EW,False,False,0.35997525636564337,1.0056307573518377,7423,6413,False,False,False,False
2422,CSS_J165728.3+055825,RRab,RRab,False,False,0.5465192443502283,1.7725085262045623,270,35,False,True,False,False
2423,CSS_J004349.1-112756,EW,EW,False,False,0.36008214136012073,1.10776780767593,7410,2318,False,False,False,False
2424,CSS_J161421.5+234238,EW,EW,False,False,0.4009233404237322,1.014797874033874,3428,5813,False,False,False,False
2425,CSS_J150321.1-144428,RRc,RRc,False,False,0.4236825925638603,1.0828278578802133,2257,2916,False,False,False,False
2426,CSS_J201900.8-172123,RRc,RRc,False,False,0.40480175932538226,1.0202035537204825,3181,5500,False,False,False,False
2427,CSS_J232313.7+012611,EW,EW,False,False,0.3704407037599072,0.9940166846834844,6356,7096,False,False,False,False
2428,CSS_J025918.8-091722,RRc,EW,True,False,0.3758707461550068,0.9931826150558912,5721,7132,False,False,False,False
2429,CSS_J065502.6+413854,EW,EW,False,False,0.4087304046971629,1.014638419702184,2960,5826,False,False,False,False
2430,CSS_J225829.2-184417,EW,EW,False,False,0.36993950851867013,1.0853609932782338,6403,2851,False,False,False,False
2431,CSS_J231253.7+092409,EW,EW,False,False,0.36956810807422524,1.0092676579315818,6441,6163,False,False,False,False
2432,CSS_J094721.0-121658,EW,EW,False,False,0.3714267259305206,1.0246516024339338,6253,5255,False,False,False,False
2433,CSS_J173247.5+270727,EW,EW,False,False,0.3737386065965566,1.0265595091365203,5986,5154,False,False,False,False
2434,CSS_J235816.7+293325,EA,EA,False,False,0.5890827094035557,1.112524319075251,156,2220,True,False,False,False
2435,CSS_J121442.2-063157,EW,EW,False,False,0.37736986813426776,1.0544452262196893,5548,3865,False,False,False,False
2436,CSS_J215637.2+041635,EW,EW,False,False,0.41159113600716124,1.029020480701325,2818,5014,False,False,False,False
2437,CSS_J030010.2+364607,EW,EW,False,False,0.40489429819984724,1.2565663990144835,3176,699,False,False,False,False
2438,CSS_J090150.0+375444,EW,RRab,True,False,0.46678738608013437,1.2558902222634731,1070,702,False,False,False,False
2439,CSS_J213846.8+094958,EW,RRab,True,False,0.4621330036270354,1.1215004951657965,1161,2045,False,False,False,False
2440,CSS_J224119.7+210425,EW,EW,False,False,0.4294201847910032,1.1773266582988007,2022,1266,False,False,False,False
2441,CSS_J064913.3+444748,EW,EW,False,False,0.36262259147175613,0.9798365342309031,7161,7778,False,False,False,False
2442,CSS_J093217.1+423527,RRc,RRab,True,False,0.4156681268072203,1.0346302678272337,2599,4742,False,False,False,False
2443,CSS_J013935.9+425024,EW,EW,False,False,0.38223860259655146,1.0007355186314568,5044,6720,False,False,False,False
2444,CSS_J010440.8+410132,EW,EW,False,False,0.42032808313366,1.0139750764496973,2392,5862,False,False,False,False
2445,CSS_J160423.6-034838,RRc,RRc,False,False,0.4052472819226271,1.178467621428954,3150,1250,False,False,False,False
2446,CSS_J211229.7+025051,EW,EW,False,False,0.3705678056787355,1.03902605221768,6343,4537,False,False,False,False
2447,CSS_J154431.3+121337,RS CVn,RS CVn,False,True,0.4173894439119186,1.3310144408366038,2521,407,False,False,False,False
2448,CSS_J162137.4+203838,EW,EW,False,False,0.3813483517904282,1.0598220769970519,5147,3663,False,False,False,False
2449,CSS_J151227.8+315645,EW,EW,False,False,0.42866090894474357,1.0533241013805044,2048,3909,False,False,False,False
2450,CSS_J234145.4-145047,EW,EW,False,False,0.3951159219358821,1.0927079039413181,3861,2653,False,False,False,False
2451,CSS_J003940.2+295325,EW,EW,False,False,0.40604785832228396,1.0528181233896527,3105,3932,False,False,False,False
2452,CSS_J033818.8+153914,EW,EW,False,False,0.372214168084456,1.043720044119226,6175,4336,False,False,False,False
2453,CSS_J051343.5-015126,EW,EW,False,False,0.3585351648421126,1.037511860129777,7548,4607,False,False,False,False
2454,CSS_J213504.7+040648,RS CVn,EW,True,True,0.3947649669781553,1.1518847583854546,3891,1570,False,False,False,False
2455,CSS_J231902.8-052747,EW,EW,False,False,0.3584010967643869,1.0112094304785006,7563,6046,False,False,False,False
2456,CSS_J023100.7+385238,EW,EW,False,False,0.4020360466948962,0.9911380203804093,3347,7259,False,False,False,False
2457,CSS_J162116.8+271746,EW,EW,False,False,0.37016295736172394,1.093125123278853,6383,2641,False,False,False,False
2458,CSS_J135042.1+205931,EA,EA,False,False,0.5101925195983315,0.9953404355014902,463,7014,False,False,False,False
2459,CSS_J053851.2-033727,EW,EW,False,False,0.44374841941063564,1.0658761102437793,1575,3451,False,False,False,False
2460,CSS_J103013.6+373538,RRab,RRab,False,False,0.45591359964936623,1.0693117815103594,1302,3325,False,False,False,False
2461,CSS_J013158.5+454621,LPV,LPV,False,False,0.759649889783587,1.1218477359758052,9,2033,True,False,False,False
2462,CSS_J171820.9+621853,RRab,RRab,False,False,0.39197008182887283,1.044843016219215,4146,4291,False,False,False,False
2463,CSS_J205911.0-141553,RRd,EW,True,True,0.39558399703858316,1.0366332655955757,3824,4649,False,False,False,False
2464,CSS_J140632.2+411535,EW,EA,True,False,0.5206595904555892,1.2031921561087364,396,1048,False,False,False,False
2465,CSS_J205942.1+013808,EW,EW,False,False,0.41460486753946885,1.0332974649935645,2647,4809,False,False,False,False
2466,CSS_J001804.7+242600,EA,EW,True,False,0.4229731257799455,1.2142445682104497,2279,960,False,False,False,False
2467,CSS_J060444.8-092309,EW,EW,False,False,0.3628773398811009,1.0037644118947966,7138,6531,False,False,False,False
2468,CSS_J071615.6+371109,EW,EW,False,False,0.3641943420358115,1.0225929181156543,7003,5362,False,False,False,False
2469,CSS_J010635.0-174232,EW,EW,False,False,0.36170786192129756,1.0369594331889886,7252,4636,False,False,False,False
2470,CSS_J222409.8-025529,RRc,RRc,False,False,0.38188391481534223,0.9868960293096357,5084,7492,False,False,False,False
2471,CSS_J002313.6+073318,EW,EW,False,False,0.35459394523216836,1.0586058839548786,7818,3709,False,False,False,False
2472,CSS_J121216.1+101849,EW,EW,False,False,0.4271778063177744,1.054481692931279,2110,3860,False,False,False,False
2473,CSS_J131759.9+300801,EW,EW,False,False,0.43153166976927837,1.3787009018745633,1958,300,False,False,False,False
2474,CSS_J022559.5+190836,EW,EW,False,False,0.37275136096194356,1.0119583829322976,6109,5994,False,False,False,False
2475,CSS_J004943.7+340048,EW,EW,False,False,0.3734556141570997,1.0061577069548204,6026,6370,False,False,False,False
2476,CSS_J180103.2+341358,EA,EA,False,False,0.4348357713631147,1.0757167955880063,1853,3130,False,False,False,False
2477,CSS_J061618.2+530939,EW,RRab,True,False,0.4951830997156841,1.793030443242803,613,31,False,True,False,False
2478,CSS_J205716.8+112809,RRc,RRc,False,False,0.365797022773088,1.0969189780466246,6843,2569,False,False,False,False
2479,CSS_J205143.3+001340,EW,EW,False,False,0.4213627310171438,0.989004379399385,2345,7373,False,False,False,False
2480,CSS_J164814.0+470638,EW,EW,False,False,0.40710186162536893,1.0026378202531536,3039,6599,False,False,False,False
2481,CSS_J030811.4+323738,EW,EW,False,False,0.35932680434136627,0.9827360453716965,7489,7686,False,False,False,False
2482,CSS_J211752.3+022544,RS CVn,EW,True,True,0.3812664086753834,1.0734570874657419,5156,3191,False,False,False,False
2483,CSS_J164032.5+244459,EW,RRc,True,False,0.36713460803049325,0.9991188475714982,6696,6811,False,False,False,False
2484,CSS_J232705.1+383625,RRab,RRab,False,False,0.48837685063583697,1.393007103481485,698,269,False,False,False,False
2485,CSS_J160644.4-091040,EW,EW,False,False,0.35253353209354293,0.9836755879541185,7940,7645,False,False,False,False
2486,CSS_J033903.1+192336,EW,EW,False,False,0.37102613221566993,0.9950384887533709,6296,7031,False,False,False,False
2487,CSS_J080900.5+373151,EW,EW,False,False,0.37533839494602655,1.013230837570801,5783,5906,False,False,False,False
2488,CSS_J201800.9-180902,EW,EW,False,False,0.38344330808916643,1.0375733725182488,4929,4604,False,False,False,False
2489,CSS_J134942.2-172910,EW,EW,False,False,0.4081570540778794,1.1488623348252762,2991,1620,False,False,False,False
2490,CSS_J051355.1-021400,RS CVn,RS CVn,False,True,0.40536050811576074,1.127851120028141,3137,1932,False,False,False,False
2491,CSS_J170029.1-023042,EW,EW,False,False,0.44257607511508684,1.0060444478443609,1608,6378,False,False,False,False
2492,CSS_J045120.2+232237,EW,EW,False,False,0.3734252977207511,1.0507140921192661,6031,4033,False,False,False,False
2493,CSS_J170422.8+080110,RRc,RRc,False,False,0.38536712578798454,0.9880101544873554,4730,7426,False,False,False,False
2494,CSS_J093554.7+521319,RRc,EW,True,False,0.3715301921524833,1.1369455122307577,6240,1783,False,False,False,False
2495,CSS_J211120.3+084953,RRc,RRc,False,False,0.38824321211394186,1.0186452029151416,4479,5584,False,False,False,False
2496,CSS_J224518.4+312623,EA,EA,False,False,0.4953904434902131,1.1007247461445198,611,2482,False,False,False,False
2497,CSS_J085737.5+434912,EW,EW,False,False,0.44732193580824203,1.149716724867241,1487,1605,False,False,False,False
2498,CSS_J133008.9+070048,RRc,RRc,False,False,0.42381855662254225,1.0129587832206572,2250,5923,False,False,False,False
2499,CSS_J232803.3+054821,EW,EW,False,False,0.3866075352178195,1.0048591920779026,4617,6459,False,False,False,False
2500,CSS_J033139.5-112039,EW,EW,False,False,0.3707808474895912,1.0687879836864425,6322,3344,False,False,False,False
2501,CSS_J222815.3+175844,RRc,RRc,False,False,0.3631135212484584,1.2140199687357183,7111,963,False,False,False,False
2502,CSS_J013754.4-024209,EW,EW,False,False,0.43511993986060943,1.0677163865667485,1848,3377,False,False,False,False
2503,CSS_J042549.5-022529,EW,EW,False,False,0.3759885975731899,1.0077353523740045,5710,6275,False,False,False,False
2504,CSS_J213719.7+184615,EW,EW,False,False,0.38921192359370754,1.1563570412649475,4396,1515,False,False,False,False
2505,CSS_J022400.1+134412,RRc,RRc,False,False,0.4200458624166407,1.1008259137689465,2406,2481,False,False,False,False
2506,CSS_J162050.2+164541,EW,EW,False,False,0.3786323650400565,1.0839732289566701,5415,2884,False,False,False,False
2507,CSS_J072714.5+501343,RRc,RRc,False,False,0.37161414181783975,0.9783134585781583,6232,7827,False,False,False,False
2508,CSS_J005906.3+413410,EA,EA,False,False,0.470239680166864,1.1747911277635088,1009,1287,False,False,False,False
2509,CSS_J175152.2+482556,EW,EW,False,False,0.38282911676054693,1.000929697855185,4982,6708,False,False,False,False
2510,CSS_J172821.4+113258,EW,EW,False,False,0.49511438179181577,1.113797591393772,614,2197,False,False,False,False
2511,CSS_J031920.6+190214,EW,EW,False,False,0.39589433158217946,1.0016200266769122,3801,6665,False,False,False,False
2512,CSS_J212712.1+080637,EA,EA,False,False,0.41327234448092676,1.0229172090359235,2727,5343,False,False,False,False
2513,CSS_J122534.5+193016,EW,EW,False,False,0.3545191853314408,1.0147989437673195,7822,5812,False,False,False,False
2514,CSS_J131220.8+534141,RRab,RRab,False,False,0.3663787018662428,1.101127567613591,6780,2471,False,False,False,False
2515,CSS_J060041.0-062220,EW,EW,False,False,0.37423480238805973,1.084090163683402,5934,2880,False,False,False,False
2516,CSS_J215507.1+020304,EA,EA,False,False,0.42569478386748716,0.9828270602970101,2179,7683,False,False,False,False
2517,CSS_J211024.8+144845,EW,EW,False,False,0.3704826540658278,1.0166409473697298,6352,5714,False,False,False,False
2518,CSS_J071737.3+370640,EW,EW,False,False,0.3793331920909716,1.1248773460019628,5363,1984,False,False,False,False
2519,CSS_J150225.1-162132,EA,EW,True,False,0.4687266347776779,1.2068729377443737,1039,1011,False,False,False,False
2520,CSS_J085946.1+255119,EA,EA,False,False,0.42834722131697756,1.0494603321066185,2061,4077,False,False,False,False
2521,CSS_J212138.4+063254,RS CVn,EW,True,True,0.4704265270413765,1.0486205147423786,1007,4106,False,False,False,False
2522,CSS_J084249.0-022613,EW,EW,False,False,0.36614769583487394,1.1694256079815912,6802,1347,False,False,False,False
2523,CSS_J020931.6+100954,RRab,RRc,True,False,0.38178775012768057,1.027364524304135,5093,5109,False,False,False,False
2524,CSS_J232336.9+070023,EW,EW,False,False,0.359864895090945,0.9841984818454531,7435,7621,False,False,False,False
2525,CSS_J170623.9+255814,EW,EW,False,False,0.417416483051812,0.9740222000812647,2519,7904,False,False,False,False
2526,CSS_J125758.6+485106,EW,EW,False,False,0.3750360192386019,1.0037177367351455,5829,6537,False,False,False,False
2527,CSS_J111552.4+105126,RRd,RRd,False,True,0.37553846547100234,0.9991504887921682,5753,6807,False,False,False,False
2528,CSS_J225653.1+411042,EW,EW,False,False,0.40812831867122873,0.9824337894619768,2995,7698,False,False,False,False
2529,CSS_J021758.1+410419,EW,EW,False,False,0.36862800097111015,1.101351685809207,6541,2464,False,False,False,False
2530,CSS_J085845.0+443632,RRc,RRc,False,False,0.3900219710865279,0.9779035676998321,4325,7834,False,False,False,False
2531,CSS_J230707.8-011857,EW,EW,False,False,0.3844398285487833,1.0325796768440276,4823,4844,False,False,False,False
2532,CSS_J130801.8-154325,EW,EW,False,False,0.3900066584717907,1.1883947796920145,4327,1150,False,False,False,False
2533,CSS_J112219.0+243414,EW,EW,False,False,0.3544991162974903,0.9967432344780562,7824,6929,False,False,False,False
2534,CSS_J033246.1+385003,EW,EW,False,False,0.3725354435322097,1.0778777620779827,6132,3074,False,False,False,False
2535,CSS_J101403.5-032522,EA,EW,True,False,0.42404862131864274,1.0662232186326364,2239,3440,False,False,False,False
2536,CSS_J083943.5-053809,EW,EW,False,False,0.35295982197367465,0.983965054457068,7920,7633,False,False,False,False
2537,CSS_J040235.6-184401,EW,EW,False,False,0.3891855182257367,1.011385777088125,4399,6036,False,False,False,False
2538,CSS_J212513.1+060318,EW,EW,False,False,0.4399805525184421,1.1071965430718376,1687,2328,False,False,False,False
2539,CSS_J044959.6+090508,EW,EW,False,False,0.40260957243611456,1.1438443508835143,3317,1686,False,False,False,False
2540,CSS_J044828.4+284117,EW,EW,False,False,0.3985933169846778,1.189135485122874,3603,1142,False,False,False,False
2541,CSS_J213309.6+033729,EW,EW,False,False,0.3727475868616955,1.2151474925999657,6110,951,False,False,False,False
2542,CSS_J155732.3+323908,RRc,RRc,False,False,0.43219012919940375,1.5139124972376155,1939,133,False,True,False,False
2543,CSS_J021130.1+401621,EW,EW,False,False,0.3891300213215936,1.0108246124314468,4404,6070,False,False,False,False
2544,CSS_J231335.4-034407,RRc,RRc,False,False,0.3766416380765089,0.9931847544113284,5633,7131,False,False,False,False
2545,CSS_J204633.2-134432,EW,EW,False,False,0.37327607458447853,1.2039407854326225,6049,1040,False,False,False,False
2546,CSS_J024854.7+183220,EW,EW,False,False,0.3875125941413301,0.9948926502694574,4535,7043,False,False,False,False
2547,CSS_J170024.8+053401,RRc,RRc,False,False,0.36475226753580337,1.0023753316084112,6958,6619,False,False,False,False
2548,CSS_J232007.8-035110,RRc,RRc,False,False,0.3872681012648134,1.0702256418868417,4558,3291,False,False,False,False
2549,CSS_J052033.5-022842,EW,EW,False,False,0.3690399255371836,1.0453065064691756,6498,4264,False,False,False,False
2550,CSS_J024114.0+384826,EW,EW,False,False,0.41264199291944403,1.006985990615616,2760,6321,False,False,False,False
2551,CSS_J075835.6+411007,EW,EW,False,False,0.3634718425747036,1.2362150283160875,7071,796,False,False,False,False
2552,CSS_J090346.2-113749,EW,EW,False,False,0.39072423454405775,1.0771543824485594,4252,3091,False,False,False,False
2553,CSS_J132950.0+045554,RRc,RRc,False,False,0.3942179522920323,1.0409973417783314,3931,4452,False,False,False,False
2554,CSS_J214158.8+150402,EA,EA,False,False,0.5543247090446314,0.9914439097258821,238,7242,False,False,False,False
2555,CSS_J022621.5+345144,EW,EW,False,False,0.40046066299208566,0.9864243676571476,3466,7517,False,False,False,False
2556,CSS_J155914.5+070509,RS CVn,EW,True,True,0.6480315975338191,1.0047007431549573,84,6470,True,False,False,False
2557,CSS_J062734.5+522817,EW,EW,False,False,0.38582632536639777,1.03064531810453,4690,4946,False,False,False,False
2558,CSS_J050435.4-124111,EA,EA,False,False,0.4575374459618376,1.0226867789508574,1266,5356,False,False,False,False
2559,CSS_J015118.1+102546,EA,EA,False,False,0.4890920559297901,1.0427854217022414,692,4380,False,False,False,False
2560,CSS_J070123.5+344212,EW,EW,False,False,0.36869119989652843,1.0144442318462712,6531,5840,False,False,False,False
2561,CSS_J091535.5+294213,EW,EW,False,False,0.4906474959286625,1.2053141919108006,672,1027,False,False,False,False
2562,CSS_J042553.1+180951,EW,EW,False,False,0.3665064035433302,1.0452038176327687,6766,4270,False,False,False,False
2563,CSS_J174901.3+375047,RRc,EW,True,False,0.37235358878439356,1.215240444321548,6152,949,False,False,False,False
2564,CSS_J091442.8+030849,EW,EW,False,False,0.3732386950410681,1.0488326290857464,6054,4098,False,False,False,False
2565,CSS_J121810.5+240156,RRc,RRc,False,False,0.47746625263936887,1.0896155936530523,884,2739,False,False,False,False
2566,CSS_J013023.1+320304,EW,EW,False,False,0.3804391357419768,0.9790728226697144,5244,7799,False,False,False,False
2567,CSS_J144844.9+122133,EA,EA,False,False,0.45057720735316353,1.212384843256629,1405,971,False,False,False,False
2568,CSS_J221242.2-010358,EW,EW,False,False,0.35148906368760147,1.0364937987395604,7973,4654,False,False,False,False
2569,CSS_J231619.5+404656,EW,EW,False,False,0.40146075399360986,0.9978731579759664,3386,6881,False,False,False,False
2570,CSS_J043547.6+183818,EA,EA,False,False,0.4997678597994357,1.107060850531227,559,2330,False,False,False,False
2571,CSS_J052739.6-072438,RRc,EW,True,False,0.43144826321894036,1.0904945598555806,1962,2707,False,False,False,False
2572,CSS_J230220.8+240820,EA,EA,False,False,0.4147545356179822,1.216164722872878,2640,936,False,False,False,False
2573,CSS_J074254.8+470252,EW,EW,False,False,0.38202151657104194,1.1151389074127624,5067,2174,False,False,False,False
2574,CSS_J234123.0+261053,EW,EW,False,False,0.40773509001080005,1.2999276137000433,3009,510,False,False,False,False
2575,CSS_J104646.8-044109,EW,EW,False,False,0.49989853700626935,1.2292303242062366,558,841,False,False,False,False
2576,CSS_J083803.0+410325,EW,EW,False,False,0.4662649432304579,1.058619250762338,1085,3708,False,False,False,False
2577,CSS_J071731.2+370424,EA,EA,False,False,0.4791695824825704,1.0678241172752467,845,3374,False,False,False,False
2578,CSS_J021708.1+130523,EW,EW,False,False,0.3983654392452236,1.0778975565021514,3617,3072,False,False,False,False
2579,CSS_J170633.8+370531,EW,EW,False,False,0.38350385741691234,1.0452411324705264,4926,4266,False,False,False,False
2580,CSS_J020651.1-150919,EW,EW,False,False,0.4189623106251644,1.0156872209617598,2447,5758,False,False,False,False
2581,CSS_J050254.0-035958,EA,EA,False,False,0.44956834678821844,1.0122485040280418,1425,5970,False,False,False,False
2582,CSS_J015513.8+194348,EW,EW,False,False,0.3616924796762518,1.041313538747532,7255,4441,False,False,False,False
2583,CSS_J012700.5+255948,EA,EA,False,False,0.4400949769443651,0.9888963580166112,1683,7379,False,False,False,False
2584,CSS_J211821.9-015718,RRc,EW,True,False,0.4018219149310813,1.1217180828015518,3360,2036,False,False,False,False
2585,CSS_J075617.0+474949,EW,RRc,True,False,0.40457138572187934,1.1423228062454447,3198,1702,False,False,False,False
2586,CSS_J221506.5+055220,EW,EW,False,False,0.41553502463403186,1.0594562201782989,2604,3677,False,False,False,False
2587,CSS_J232908.5+401513,RRc,RRc,False,False,0.39927877655510624,0.996031205502694,3560,6975,False,False,False,False
2588,CSS_J082354.7-064123,EW,EW,False,False,0.4681223623699501,1.3072712884275657,1049,482,False,False,False,False
2589,CSS_J163926.5+112837,RS CVn,RS CVn,False,True,0.41950008590548055,1.3156568297909232,2424,447,False,False,False,False
2590,CSS_J171720.6+280744,EW,EW,False,False,0.5380772174777834,1.069982550153628,313,3299,False,False,False,False
2591,CSS_J225454.7+353437,EW,EW,False,False,0.46885512795812195,0.9951662631046838,1035,7020,False,False,False,False
2592,CSS_J051340.5+203815,EW,EW,False,False,0.3825696871521307,1.178144685789483,5008,1254,False,False,False,False
2593,CSS_J042241.3+000156,EW,EA,True,False,0.48837394440861115,1.0673180828226438,699,3397,False,False,False,False
2594,CSS_J105603.0+204039,EW,EW,False,False,0.3641478886723234,1.0639157574471125,7006,3515,False,False,False,False
2595,CSS_J144032.4+375717,EW,EW,False,False,0.3700619142312656,0.9697561116898813,6393,7965,False,False,False,False
2596,CSS_J141214.3+012505,EW,EW,False,False,0.3844282957804978,1.1216000970808435,4825,2040,False,False,False,False
2597,CSS_J045347.2+224334,EW,EW,False,False,0.3931324073782249,0.9956874215052899,4025,6997,False,False,False,False
2598,CSS_J042059.3+315005,EW,EW,False,False,0.4181564473883158,1.0827191877585787,2484,2921,False,False,False,False
2599,CSS_J132101.6-060435,EW,EW,False,False,0.40227262339947567,1.1022295913564188,3334,2441,False,False,False,False
2600,CSS_J233655.0+000602,EW,EW,False,False,0.381181578787416,0.9858602821726639,5168,7549,False,False,False,False
2601,CSS_J010826.2+240054,EW,EW,False,False,0.3641163145882234,0.9792389347483124,7008,7795,False,False,False,False
2602,CSS_J025355.9+364146,EW,EW,False,False,0.36389879036190054,1.0743525058308332,7038,3166,False,False,False,False
2603,CSS_J070157.2+341842,EW,EW,False,False,0.3928694810176031,1.100524125008517,4057,2487,False,False,False,False
2604,CSS_J072335.2+361116,EW,EW,False,False,0.37836805781821414,1.0174539557350741,5436,5668,False,False,False,False
2605,CSS_J163404.7+034252,EW,EW,False,False,0.35387350026556486,0.9949086722240438,7863,7041,False,False,False,False
2606,CSS_J003244.7+355430,EW,EW,False,False,0.37697255352140074,1.0783294316781662,5595,3055,False,False,False,False
2607,CSS_J173155.2+301914,EW,EW,False,False,0.3736554232244457,1.3276904688689815,6001,414,False,False,False,False
2608,CSS_J175603.9+464237,EW,EW,False,False,0.38835962049438366,1.03280841999257,4473,4833,False,False,False,False
2609,CSS_J043611.4+060638,EW,EW,False,False,0.38208530191459866,1.2465459506449412,5056,749,False,False,False,False
2610,CSS_J115237.1+050344,EW,EW,False,False,0.3729759232556,1.0021164017875341,6081,6637,False,False,False,False
2611,CSS_J104753.3+334449,EA,EA,False,False,0.4592191310440302,1.005334490809076,1220,6434,False,False,False,False
2612,CSS_J024504.0-084815,EW,EW,False,False,0.4181649181442682,1.0361679122058107,2483,4671,False,False,False,False
2613,CSS_J124820.7-102538,RRc,RRc,False,False,0.372584745281771,0.9958378710986366,6123,6986,False,False,False,False
2614,CSS_J030450.9+065337,LPV,RS CVn,True,False,0.488558436403647,1.0398048136399989,696,4501,False,False,False,False
2615,CSS_J165610.3+045241,EW,EW,False,False,0.40820067686644457,1.0381246931549903,2988,4580,False,False,False,False
2616,CSS_J075649.6+404533,RRc,RRc,False,False,0.3903950692927085,0.9967240164129985,4292,6933,False,False,False,False
2617,CSS_J230337.4+405356,EW,EW,False,False,0.3763090472524851,1.2476610516232136,5674,741,False,False,False,False
2618,CSS_J221234.6-050433,EW,EW,False,False,0.3692972685452609,1.0105539899682563,6473,6084,False,False,False,False
2619,CSS_J214843.3+131507,EW,EW,False,False,0.3711768077133816,1.00182288506105,6280,6653,False,False,False,False
2620,CSS_J083720.3+245831,EW,EW,False,False,0.3694844805087439,1.0722176982514546,6453,3228,False,False,False,False
2621,CSS_J165859.4+230949,EW,EW,False,False,0.3703210581926617,1.0167768326771662,6367,5703,False,False,False,False
2622,CSS_J180032.5+393224,RRc,RRc,False,False,0.38006186669680925,1.0944799349674568,5281,2612,False,False,False,False
2623,CSS_J155759.7+083934,RRc,RRc,False,False,0.3643716261854823,1.0262471356424743,6983,5170,False,False,False,False
2624,CSS_J200902.1-193004,RRab,RRab,False,False,0.4075427634346907,1.0083805837128879,3018,6234,False,False,False,False
2625,CSS_J075202.8+114607,EW,EW,False,False,0.4419100874110016,1.5027195165574732,1627,143,False,True,False,False
2626,CSS_J050050.3-192048,EW,EW,False,False,0.3739961608967517,1.000719834634231,5960,6723,False,False,False,False
2627,CSS_J213159.5-173525,EW,RRc,True,False,0.3960652226054385,1.316086962191512,3783,445,False,False,False,False
2628,CSS_J002343.8+210926,EW,EW,False,False,0.3528367399112662,0.995057495342677,7927,7030,False,False,False,False
2629,CSS_J084401.1+264246,EW,EW,False,False,0.3558845448375339,0.9964238729821593,7736,6957,False,False,False,False
2630,CSS_J082555.9+042945,EW,EW,False,False,0.3912241290406949,1.1373288869426865,4216,1774,False,False,False,False
2631,CSS_J131542.4-063008,EW,EA,True,False,0.43660153918873246,1.130850485283356,1805,1881,False,False,False,False
2632,CSS_J074643.3+414007,EW,EW,False,False,0.38331494475147193,1.2650254394881242,4941,655,False,False,False,False
2633,CSS_J074254.7+201958,EW,EW,False,False,0.5372678530484671,1.17327837657999,317,1303,False,False,False,False
2634,CSS_J153945.0+072046,EA,EA,False,False,0.4841717815896729,1.015090966393895,767,5793,False,False,False,False
2635,CSS_J082620.8+285647,EA,EW,True,False,0.48002808404911235,1.143657072287216,831,1690,False,False,False,False
2636,CSS_J160535.0+195942,EW,EW,False,False,0.3588758443783042,1.1353745939863449,7526,1805,False,False,False,False
2637,CSS_J101641.5-065726,EW,EW,False,False,0.40653234452457426,1.1446381669277947,3067,1673,False,False,False,False
2638,CSS_J092349.7-085456,EW,EW,False,False,0.4465936698261061,1.0935237249434633,1501,2634,False,False,False,False
2639,CSS_J165930.0+010819,EW,EW,False,False,0.37291481162281437,1.0325974495246155,6092,4843,False,False,False,False
2640,CSS_J233641.4+323559,EW,EW,False,False,0.43410944497663106,1.069865117057135,1879,3305,False,False,False,False
2641,CSS_J232717.6+344548,EW,EW,False,False,0.3508577828709351,0.9897702392941301,7987,7327,False,False,False,False
2642,CSS_J212113.1+105401,EW,EW,False,False,0.3638585240921579,0.9841285331345221,7041,7624,False,False,False,False
2643,CSS_J153827.0+203730,RS CVn,RRc,True,True,0.4828722859794107,1.5514446844431995,792,99,False,True,False,False
2644,CSS_J210352.7-174513,EW,EW,False,False,0.3809517849335544,0.9864159000424875,5198,7519,False,False,False,False
2645,CSS_J051923.3+033237,EA,EA,False,False,0.4347236353282981,1.0365738885890248,1857,4652,False,False,False,False
2646,CSS_J095830.7+312435,EW,EW,False,False,0.43671463668284355,1.0068973403357844,1799,6325,False,False,False,False
2647,CSS_J230726.5+345931,EW,EW,False,False,0.3902163006539113,0.9839938522597285,4308,7630,False,False,False,False
2648,CSS_J052449.0-010157,EW,EW,False,False,0.37351004869194254,1.121894709546104,6019,2029,False,False,False,False
2649,CSS_J025922.3+283913,RS CVn,RS CVn,False,True,0.6451643181309274,1.4675491168797703,86,171,True,False,False,False
2650,CSS_J065220.6+571400,EW,EW,False,False,0.41410778232406414,1.0688177748233247,2678,3343,False,False,False,False
2651,CSS_J105225.6-025919,EW,EW,False,False,0.38190220858520435,1.0846055693463441,5082,2872,False,False,False,False
2652,CSS_J210152.7+050135,EW,EW,False,False,0.3769961359719848,1.0300236179973654,5590,4971,False,False,False,False
2653,CSS_J130845.5-124458,RRd,RRd,False,True,0.42787683532070986,1.2799603506969188,2079,588,False,False,False,False
2654,CSS_J045535.5+191919,EW,EW,False,False,0.40545200224896905,1.0712613554867836,3132,3258,False,False,False,False
2655,CSS_J132708.7-060656,EW,EW,False,False,0.3615387995632869,1.1294145459621314,7271,1902,False,False,False,False
2656,CSS_J050304.6+204424,EA,EA,False,False,0.4236892491052154,0.9822397662573833,2256,7703,False,False,False,False
2657,CSS_J224751.4+002913,EW,EW,False,False,0.39047505697442997,0.9917560141864901,4282,7220,False,False,False,False
2658,CSS_J213113.4+005915,RRc,RRc,False,False,0.38276367331059574,1.0484841101134117,4988,4111,False,False,False,False
2659,CSS_J030113.2+324329,RRc,EW,True,False,0.4193333422749382,0.9776709327523581,2433,7838,False,False,False,False
2660,CSS_J110113.4-081948,EW,EW,False,False,0.3684395531395716,1.1035517381124247,6560,2406,False,False,False,False
2661,CSS_J223142.1+272015,EW,EW,False,False,0.36949180707407125,0.9741312003537275,6451,7902,False,False,False,False
2662,CSS_J113653.0-024628,RRc,EW,True,False,0.3752220897282173,1.0981982220592537,5807,2545,False,False,False,False
2663,CSS_J010132.9+283750,EW,EW,False,False,0.42286615135081945,1.0073185706573151,2282,6302,False,False,False,False
2664,CSS_J114559.8+142105,RRc,RRc,False,False,0.3715202221621934,1.0251765130811346,6242,5235,False,False,False,False
2665,CSS_J205659.6-092124,EW,EW,False,False,0.3736011738014932,1.22672756423983,6009,857,False,False,False,False
2666,CSS_J170422.7+171659,EW,EW,False,False,0.5049129587280945,1.1001009297285262,514,2497,False,False,False,False
2667,CSS_J172743.6+274040,RRab,EW,True,False,0.3764712210338089,1.2361891353371681,5647,797,False,False,False,False
2668,CSS_J013010.1+291413,EW,EW,False,False,0.3905319491337559,1.0291924980430498,4272,5008,False,False,False,False
2669,CSS_J002647.8+382944,RRc,RRc,False,False,0.40362517206683646,1.0388100310145405,3249,4544,False,False,False,False
2670,CSS_J172811.9+411752,RRd,RRc,True,True,0.36710314139420414,1.166802221641594,6704,1386,False,False,False,False
2671,CSS_J153008.4-092500,EA,EW,True,False,0.4475493599512238,1.173263057537166,1485,1305,False,False,False,False
2672,CSS_J223610.9+091718,EW,EW,False,False,0.35552784698990664,1.007135328112083,7760,6310,False,False,False,False
2673,CSS_J083600.1+120932,EW,EW,False,False,0.4010550628915564,1.3238771882136955,3415,427,False,False,False,False
2674,CSS_J121123.0+075331,RRc,RRc,False,False,0.3918442241797258,1.037286419011236,4158,4617,False,False,False,False
2675,CSS_J170539.6+140122,EW,EW,False,False,0.38038947000270873,0.9851823318037495,5251,7584,False,False,False,False
2676,CSS_J075158.8+122600,EA,EA,False,False,0.5254819520088011,1.7958017014998604,373,30,False,True,False,False
2677,CSS_J142550.9-030252,RRab,RRab,False,False,0.5471358982217155,1.0059490457428186,269,6388,False,False,False,False
2678,CSS_J164148.6+562234,EW,EW,False,False,0.4218811338474628,0.982215093828323,2321,7705,False,False,False,False
2679,CSS_J065027.5+444714,EW,EW,False,False,0.37107999484392856,1.0338787418138253,6289,4784,False,False,False,False
2680,CSS_J091030.4+041120,EW,EW,False,False,0.38137500794283735,1.012698549581597,5142,5936,False,False,False,False
2681,CSS_J230520.9+054505,EW,EW,False,False,0.4010348116630127,1.1488332254016016,3416,1622,False,False,False,False
2682,CSS_J045618.0+141730,EW,EW,False,False,0.38628780070866986,1.0003379789681281,4649,6743,False,False,False,False
2683,CSS_J170603.5+413510,EW,EW,False,False,0.40034006134129535,1.0451879118690588,3474,4271,False,False,False,False
2684,CSS_J175205.8+473410,EW,EW,False,False,0.4092945737527644,0.9881642735905194,2928,7417,False,False,False,False
2685,CSS_J105501.1+330712,EA,EA,False,False,0.3975458314727038,0.9831736628262627,3677,7670,False,False,False,False
2686,CSS_J093035.6+351504,EW,EW,False,False,0.48052074919340226,1.0799622359579204,820,3001,False,False,False,False
2687,CSS_J090749.5+110809,EA,EA,False,False,0.48088731804866147,1.078572956709197,818,3049,False,False,False,False
2688,CSS_J003438.0+175907,EW,EW,False,False,0.441907187717202,1.1318154646811713,1629,1866,False,False,False,False
2689,CSS_J164345.7+223942,EW,EW,False,False,0.4611424540447194,1.0175341265365083,1183,5660,False,False,False,False
2690,CSS_J095234.7+312104,EA,EA,False,False,0.551276695477501,1.5672743088845624,251,87,False,True,False,False
2691,CSS_J154702.0+224614,EW,EW,False,False,0.3603202486352514,1.0086938391110436,7388,6214,False,False,False,False
2692,CSS_J015307.6+294446,RS CVn,EW,True,True,0.5338254747675991,1.5220454719317285,328,119,False,True,False,False
2693,CSS_J021141.2+122931,RRc,RRc,False,False,0.3772579858281449,1.0065627979795206,5558,6348,False,False,False,False
2694,CSS_J170748.4+382607,EW,EW,False,False,0.3995667963075081,1.06795828442623,3536,3371,False,False,False,False
2695,CSS_J163655.0+692521,RRc,EW,True,False,0.45838165895526106,1.21882193558129,1240,916,False,False,False,False
2696,CSS_J045557.6+163131,EA,EA,False,False,0.43866342923666485,1.016222640101676,1728,5734,False,False,False,False
2697,CSS_J045937.4+014853,EW,EW,False,False,0.390920162589827,1.0096788188420438,4237,6134,False,False,False,False
2698,CSS_J231741.4+022913,RRc,RRc,False,False,0.3945010437199528,1.2509379574941881,3911,724,False,False,False,False
2699,CSS_J070432.3+422525,EW,EW,False,False,0.4153193142524111,0.9863065307107698,2620,7525,False,False,False,False
2700,CSS_J234114.1+352438,EW,EW,False,False,0.4011729749958885,1.443359974108661,3409,204,False,False,False,False
2701,CSS_J102516.3+515629,EW,EW,False,False,0.40885283018232343,1.047510278382509,2954,4165,False,False,False,False
2702,CSS_J114009.4-161546,EW,EW,False,False,0.3741552245304434,1.0362168418391458,5944,4668,False,False,False,False
2703,CSS_J051304.2-063900,EW,EW,False,False,0.3982381463836745,1.0328466773789502,3625,4830,False,False,False,False
2704,CSS_J215011.0+054612,EW,EW,False,False,0.3779912116582991,1.0030186022710474,5473,6578,False,False,False,False
2705,CSS_J083626.7+022417,EW,EW,False,False,0.37105505302326947,0.9922825221841844,6292,7183,False,False,False,False
2706,CSS_J085420.5+034223,EA,EA,False,False,0.48018101869326535,1.0821358147674416,826,2933,False,False,False,False
2707,CSS_J041335.1+333116,RRc,EW,True,False,0.3944134418038613,1.1470424301375293,3916,1645,False,False,False,False
2708,CSS_J110734.5+044816,EW,EW,False,False,0.37702767678358207,1.0554185624197863,5588,3821,False,False,False,False
2709,CSS_J134733.8-122005,EW,EW,False,False,0.37512237514861363,1.042686429002546,5818,4388,False,False,False,False
2710,CSS_J080234.0+655100,RRab,RRab,False,False,0.4137035067471957,0.9802127645679016,2701,7764,False,False,False,False
2711,CSS_J083958.8-070605,EW,EW,False,False,0.3719956481444183,1.04517724074182,6197,4273,False,False,False,False
2712,CSS_J223235.3-010140,EW,EW,False,False,0.3660466395776642,1.0276174178336495,6813,5099,False,False,False,False
2713,CSS_J171410.0+445850,EW,EW,False,False,0.3760858336877501,1.088712150265055,5695,2760,False,False,False,False
2714,CSS_J025114.9+421509,EW,EW,False,False,0.38126677830429584,1.2170678083430775,5155,926,False,False,False,False
2715,CSS_J071127.8+444214,EW,EW,False,False,0.38264230014331263,0.9887704943395041,4999,7388,False,False,False,False
2716,CSS_J141837.4+210836,RRab,RRab,False,False,0.43295009854960387,1.0621917395789136,1921,3581,False,False,False,False
2717,CSS_J164815.8+383422,RRc,EW,True,False,0.4669310091451642,1.2565195181073883,1068,700,False,False,False,False
2718,CSS_J122726.6-164907,RRab,RRc,True,False,0.37845063229148185,1.2157108892577428,5426,941,False,False,False,False
2719,CSS_J160111.1-125648,EW,EW,False,False,0.36159074878132574,1.134370100474491,7265,1827,False,False,False,False
2720,CSS_J164431.7-053756,EW,EW,False,False,0.43026486739854636,1.0259023634202988,2001,5191,False,False,False,False
2721,CSS_J163414.5+093347,EW,EW,False,False,0.36054020065048475,0.9991495262831291,7372,6808,False,False,False,False
2722,CSS_J215244.9+231542,EW,EW,False,False,0.36944626985980444,1.0579386884221589,6458,3731,False,False,False,False
2723,CSS_J010232.8+222416,EW,EW,False,False,0.3837975686445673,1.0171074293430957,4897,5689,False,False,False,False
2724,CSS_J015816.2+344742,EW,EW,False,False,0.36727050891556456,1.0273594959519448,6686,5110,False,False,False,False
2725,CSS_J224519.0-011900,RRc,RRab,True,False,0.42211470913348975,1.0409410456977288,2310,4454,False,False,False,False
2726,CSS_J065402.8+351521,EW,EW,False,False,0.4777621872431104,1.1112642199058498,876,2247,False,False,False,False
2727,CSS_J215900.4+142026,EW,EW,False,False,0.3536621819598616,1.1162533439477949,7873,2147,False,False,False,False
2728,CSS_J130829.9+510640,EW,EW,False,False,0.3931952996069181,1.0264661080138207,4016,5160,False,False,False,False
2729,CSS_J140149.7-183324,EW,EW,False,False,0.38321195418715104,1.2336971080585852,4954,813,False,False,False,False
2730,CSS_J084312.4-165343,EW,EW,False,False,0.434593420752691,1.2874813945654058,1861,564,False,False,False,False
2731,CSS_J013528.1+332242,EW,EW,False,False,0.372024862709853,1.1734420947035693,6193,1300,False,False,False,False
2732,CSS_J084451.1-161007,EW,EW,False,False,0.45125349403865356,1.2207011366669265,1392,901,False,False,False,False
2733,CSS_J103105.8-071450,EW,EW,False,False,0.3677801206864993,1.2126285897045936,6633,968,False,False,False,False
2734,CSS_J053942.5+050027,EW,EW,False,False,0.45143174469979497,0.9914520904147548,1387,7241,False,False,False,False
2735,CSS_J183359.8+345638,EW,EW,False,False,0.40690025831656546,0.9677053716429451,3054,7975,False,False,False,False
2736,CSS_J114540.6-151233,EW,EW,False,False,0.4830520548034961,1.9722237457237117,790,18,False,True,False,False
2737,CSS_J024605.5+175220,EW,EW,False,False,0.35731901488715645,0.986886793491983,7633,7494,False,False,False,False
2738,CSS_J142527.5+304149,EW,EW,False,False,0.49661333468884145,1.0606148274908591,593,3634,False,False,False,False
2739,CSS_J021907.9+393748,EW,EW,False,False,0.4161139070542495,1.0898864446298506,2580,2725,False,False,False,False
2740,CSS_J165001.6+220628,EW,EW,False,False,0.4198438062093062,1.1562253048003979,2416,1517,False,False,False,False
2741,CSS_J084956.9+665240,RRc,RRc,False,False,0.3839036084441387,1.0144609519383354,4880,5838,False,False,False,False
2742,CSS_J105539.7+011950,RRc,EW,True,False,0.36730269064178694,1.2489346794874467,6680,731,False,False,False,False
2743,CSS_J160307.3+404219,EW,EW,False,False,0.5615452540146023,1.019077563668596,223,5554,False,False,False,False
2744,CSS_J032033.8+323442,EW,EW,False,False,0.42601404279089694,1.1640149284658883,2167,1426,False,False,False,False
2745,CSS_J134537.6-123809,EW,EW,False,False,0.3809521229700779,1.1993524766370025,5197,1072,False,False,False,False
2746,CSS_J040227.7+333818,EW,EW,False,False,0.40628500447394716,0.9926101263467645,3086,7163,False,False,False,False
2747,CSS_J021532.1+371345,EA,EA,False,False,0.48401916264485617,1.0377209343249882,770,4597,False,False,False,False
2748,CSS_J210819.4-020007,RRc,RRc,False,False,0.3820275438759901,1.1077526228683552,5066,2319,False,False,False,False
2749,CSS_J005935.0+173343,RRc,EW,True,False,0.44039989180126693,1.0453321937798639,1676,4263,False,False,False,False
2750,CSS_J102035.0+244653,EA,EA,False,False,0.4489393416300786,1.0039678192489438,1441,6518,False,False,False,False
2751,CSS_J152201.4+151356,EW,EW,False,False,0.37197911416881924,1.1667111075775771,6200,1387,False,False,False,False
2752,CSS_J030131.3+372339,EW,EW,False,False,0.36066519343729003,1.0293343515057685,7355,5000,False,False,False,False
2753,CSS_J095122.0+095245,EA,EA,False,False,0.5262531082049441,1.0810641318638778,366,2974,False,False,False,False
2754,CSS_J004037.2+121915,EW,EW,False,False,0.3537477382751228,1.0001465289754239,7866,6754,False,False,False,False
2755,CSS_J220043.2-182348,EA,EA,False,False,0.5306767054453478,1.0147920135281603,342,5815,False,False,False,False
2756,CSS_J170247.0+362105,EW,EW,False,False,0.3642137717278045,1.1510611566958096,6998,1580,False,False,False,False
2757,CSS_J223532.6+231723,EW,EW,False,False,0.5027785301370162,1.1601228460736173,535,1478,False,False,False,False
2758,CSS_J233544.8+404726,EW,EW,False,False,0.36559116277011977,0.985076946540104,6865,7589,False,False,False,False
2759,CSS_J052557.3+044348,EW,EW,False,False,0.35878582705717627,1.0292185242634706,7531,5007,False,False,False,False
2760,CSS_J164918.9+020955,EW,EW,False,False,0.35576210332075153,1.0098067762331548,7746,6126,False,False,False,False
2761,CSS_J081939.6+341733,EW,EW,False,False,0.6345869357230075,1.0135055359453768,95,5891,True,False,False,False
2762,CSS_J102747.7+114652,RRc,RRc,False,False,0.4123214127244766,1.2100636716070912,2782,985,False,False,False,False
2763,CSS_J080747.5+520018,RRc,RRc,False,False,0.44678523638805695,1.0191552147403808,1497,5553,False,False,False,False
2764,CSS_J075916.8+240631,EW,EW,False,False,0.3993481188117778,0.9948942449700648,3555,7042,False,False,False,False
2765,CSS_J171305.7+082121,RRc,EW,True,False,0.35767906084408513,1.0545195876814444,7609,3857,False,False,False,False
2766,CSS_J080156.8+314440,RRc,RRc,False,False,0.38451301510464636,0.9907142993065902,4818,7278,False,False,False,False
2767,CSS_J074921.4+351113,RRc,RRc,False,False,0.4405010073604671,1.1521177823459623,1672,1566,False,False,False,False
2768,CSS_J023612.3+394932,EW,EW,False,False,0.38646768136400333,0.9798476189086053,4629,7777,False,False,False,False
2769,CSS_J033302.4+155430,EW,EW,False,False,0.42438198344258055,1.078436238574994,2225,3053,False,False,False,False
2770,CSS_J153210.9+550049,EW,EW,False,False,0.44337213060431846,1.0509067251098607,1581,4022,False,False,False,False
2771,CSS_J164502.0+092714,RRc,RRc,False,False,0.38194753784337904,1.0268374890177108,5074,5140,False,False,False,False
2772,CSS_J041332.9+242617,EW,EW,False,False,0.38321438545553443,1.0248313699462321,4951,5250,False,False,False,False
2773,CSS_J031906.6+355758,EW,EW,False,False,0.3640971768904528,1.0627357742741508,7014,3561,False,False,False,False
2774,CSS_J164346.4+065530,EA,EA,False,False,0.5034894005125001,1.0886543303378076,527,2761,False,False,False,False
2775,CSS_J053050.1-065439,EW,EW,False,False,0.4356169594719555,0.995899591801296,1829,6983,False,False,False,False
2776,CSS_J102443.4+192517,EW,EW,False,False,0.4665723314545759,1.0811070218584948,1077,2970,False,False,False,False
2777,CSS_J035010.3+320436,EW,EW,False,False,0.3731724816603581,1.053369551020463,6058,3905,False,False,False,False
2778,CSS_J030836.7+383556,EW,EW,False,False,0.39987663281833935,1.1280410084860442,3510,1931,False,False,False,False
2779,CSS_J155342.7+001947,RRd,RRab,True,True,0.4012296618664558,1.1551960695618069,3406,1527,False,False,False,False
2780,CSS_J232956.7+024016,RS CVn,EW,True,True,0.42570994256819095,1.0755993862309772,2177,3135,False,False,False,False
2781,CSS_J005922.2+401932,EA,EA,False,False,0.4227623696668155,1.2913189496582627,2287,553,False,False,False,False
2782,CSS_J171524.0+155106,EW,EW,False,False,0.3666486679962228,1.0576494168204775,6748,3742,False,False,False,False
2783,CSS_J063657.1+405235,EW,EW,False,False,0.3784912123546692,1.035732612401621,5423,4689,False,False,False,False
2784,CSS_J230428.1+130145,EW,EW,False,False,0.39043240419030084,1.0350393285739523,4286,4719,False,False,False,False
2785,CSS_J224834.8+211526,EA,EA,False,False,0.44679809602416454,0.982838522851371,1496,7682,False,False,False,False
2786,CSS_J131920.3+552430,RRab,RRab,False,False,0.49002128181969756,1.0988953637367271,679,2525,False,False,False,False
2787,CSS_J084011.0+390003,EW,EW,False,False,0.4734348306904258,1.1183662652177817,953,2110,False,False,False,False
2788,CSS_J054853.7-021928,EW,EW,False,False,0.3839756079431802,0.9952214327383544,4871,7019,False,False,False,False
2789,CSS_J095911.2-151330,EW,EW,False,False,0.4576700009736075,1.2371797601098717,1262,790,False,False,False,False
2790,CSS_J092952.5+080904,EW,EW,False,False,0.35864489511247377,1.0112479112039217,7542,6044,False,False,False,False
2791,CSS_J180029.7+344045,EW,EW,False,False,0.41441901493942396,0.9786425453651766,2663,7816,False,False,False,False
2792,CSS_J090307.9+374242,EW,EW,False,False,0.4134578002579925,1.1053470541126185,2711,2370,False,False,False,False
2793,CSS_J035811.4+211925,RRc,EW,True,False,0.3649621438570581,1.0720100144125995,6937,3232,False,False,False,False
2794,CSS_J202945.3-161856,EW,EW,False,False,0.388912956596224,1.0356197468665411,4425,4695,False,False,False,False
2795,CSS_J024418.5+411428,EA,EW,True,False,0.40927816437543263,0.986607235739959,2930,7506,False,False,False,False
2796,CSS_J171347.4+073606,EW,EW,False,False,0.3658365650257391,1.07783819552068,6839,3077,False,False,False,False
2797,CSS_J062450.6+535122,EW,EW,False,False,0.40187504375063693,0.9834153124971948,3355,7657,False,False,False,False
2798,CSS_J134154.6-044123,EA,EA,False,False,0.49646807705517787,1.035233576429452,595,4707,False,False,False,False
2799,CSS_J043017.2+005601,EW,EW,False,False,0.3759256576208261,1.0583947022419333,5717,3715,False,False,False,False
2800,CSS_J143723.6+153913,EW,EW,False,False,0.44071686427598844,0.9950132522396853,1661,7034,False,False,False,False
2801,CSS_J135022.3+025714,EW,EW,False,False,0.36548101307530856,1.3375048231188595,6885,390,False,False,False,False
2802,CSS_J094826.0+083821,EW,EW,False,False,0.3780256264528825,1.0244601093487118,5471,5268,False,False,False,False
2803,CSS_J152158.1-115534,EW,EW,False,False,0.3692598425851878,1.085166048990137,6475,2860,False,False,False,False
2804,CSS_J223122.1+232208,EA,EA,False,False,0.41637495961942717,1.0116624607532396,2570,6016,False,False,False,False
2805,CSS_J103027.5+241600,EW,EW,False,False,0.452163786298137,1.0838863767621396,1370,2885,False,False,False,False
2806,CSS_J115055.8+035843,EW,EW,False,False,0.35669946388930934,1.0283687220797957,7685,5057,False,False,False,False
2807,CSS_J215949.4+164456,EW,EW,False,False,0.381123338138601,1.0283350616353395,5174,5059,False,False,False,False
2808,CSS_J075615.8+313452,EA,EW,True,False,0.4833394502418066,1.2484862482827848,783,733,False,False,False,False
2809,CSS_J173759.5+563740,RRab,RRab,False,False,0.391215871304896,1.0244369603215082,4218,5270,False,False,False,False
2810,CSS_J033907.0+353632,EW,EW,False,False,0.3886722457547604,1.0237754806895618,4445,5305,False,False,False,False
2811,CSS_J025144.9+381435,EW,EW,False,False,0.38080294895179045,1.0710961117026385,5214,3263,False,False,False,False
2812,CSS_J115913.9-010330,EW,EW,False,False,0.4320559051418491,1.0595207980417556,1943,3673,False,False,False,False
2813,CSS_J170041.6+120531,EW,EW,False,False,0.4314375439959929,1.2301654543053329,1965,832,False,False,False,False
2814,CSS_J153918.2+293739,EW,EW,False,False,0.48809542168099773,1.0704476985965714,704,3285,False,False,False,False
2815,CSS_J233059.8+373104,EW,EW,False,False,0.41380765004630177,1.1026463192422398,2691,2429,False,False,False,False
2816,CSS_J214140.1+193257,EW,EW,False,False,0.3678837945351385,1.1073374507213505,6622,2324,False,False,False,False
2817,CSS_J143438.9+303844,RRab,RRab,False,False,0.513552446686096,1.00413351987727,437,6505,False,False,False,False
2818,CSS_J102431.2+323736,RRab,RRab,False,False,0.5879354949702359,1.1503312652642799,159,1590,True,False,False,False
2819,CSS_J212359.9+031237,EA,EA,False,False,0.4095978840913169,0.9931326915246081,2915,7134,False,False,False,False
2820,CSS_J050240.9+245408,EW,EA,True,False,0.40458804242144253,0.9750244070628803,3195,7881,False,False,False,False
2821,CSS_J035101.9+374650,RRab,RRab,False,False,0.4582945179991234,1.1355896955754954,1247,1802,False,False,False,False
2822,CSS_J203915.7-074447,EA,EA,False,False,0.4464784709023811,0.99674236449835,1504,6930,False,False,False,False
2823,CSS_J172248.1+191619,EW,EA,True,False,0.4175444342168079,0.9943119554227872,2514,7081,False,False,False,False
2824,CSS_J080521.4+204247,EW,EW,False,False,0.4337696323401067,1.2914891542345168,1887,552,False,False,False,False
2825,CSS_J045336.5+105510,EW,EW,False,False,0.37141995411710477,1.0429504655372173,6254,4371,False,False,False,False
2826,CSS_J103513.0+201558,EW,EW,False,False,0.38952171983678335,1.0529701710658284,4370,3925,False,False,False,False
2827,CSS_J114004.6+022804,EA,EA,False,False,0.43696510964977714,1.0184132197989537,1788,5600,False,False,False,False
2828,CSS_J160536.5-085743,EW,EW,False,False,0.4962849012739911,1.139012682046713,597,1745,False,False,False,False
2829,CSS_J045934.8-095037,EW,EW,False,False,0.5903033465887731,1.235301599931622,152,801,True,False,False,False
2830,CSS_J051402.5-024125,EW,EW,False,False,0.40705242648602175,1.031720437011965,3043,4893,False,False,False,False
2831,CSS_J152452.7-085406,EW,EW,False,False,0.4248351416513166,1.289252713717509,2203,558,False,False,False,False
2832,CSS_J162223.9+180646,RS CVn,EW,True,True,0.38943278307056217,1.0600178844353594,4379,3652,False,False,False,False
2833,CSS_J084231.6+300555,EW,EW,False,False,0.362520399871046,0.9885508876431122,7170,7397,False,False,False,False
2834,CSS_J202254.7-193724,RRab,RRab,False,False,0.5167906320166715,1.1089124484070236,407,2294,False,False,False,False
2835,CSS_J222602.4-054827,EW,EW,False,False,0.35889369793662024,0.9883626844451274,7525,7408,False,False,False,False
2836,CSS_J204958.6-081316,EW,EW,False,False,0.4443947580295512,1.084746934543014,1564,2866,False,False,False,False
2837,CSS_J020254.9-010559,RRc,EW,True,False,0.3725593802581676,1.0693009164933547,6130,3327,False,False,False,False
2838,CSS_J131201.9+074656,RRc,RRc,False,False,0.3937864764099747,1.052537760278136,3960,3954,False,False,False,False
2839,CSS_J135407.7+064545,RRc,RRc,False,False,0.38713115490463396,1.1613225791123605,4573,1459,False,False,False,False
2840,CSS_J153050.1-051948,EW,EW,False,False,0.3656085591599823,1.120791330901147,6863,2061,False,False,False,False
2841,CSS_J070728.6+611454,EW,EW,False,False,0.38358641833485063,1.0097873551044747,4915,6128,False,False,False,False
2842,CSS_J115326.4+060756,EW,EW,False,False,0.36261123444221227,1.025321153306046,7162,5225,False,False,False,False
2843,CSS_J222935.7+050648,EW,EW,False,False,0.3862583607182291,1.02163585898915,4652,5412,False,False,False,False
2844,CSS_J082915.0+182307,LPV,LPV,False,False,0.6964255058539912,1.508777491137103,45,136,True,True,True,True
2845,CSS_J023703.5+375441,EW,EW,False,False,0.3682781309482118,0.9960140875638908,6583,6978,False,False,False,False
2846,CSS_J203937.3-125405,EA,EA,False,False,0.4187069467867855,1.0966407233856073,2462,2578,False,False,False,False
2847,CSS_J163148.4+082823,RRc,EW,True,False,0.3637768910626167,0.9865517492296674,7048,7509,False,False,False,False
2848,CSS_J224121.4+295905,EW,EW,False,False,0.35973343331223995,1.0517501746212772,7451,3982,False,False,False,False
2849,CSS_J231209.3+245758,EW,EW,False,False,0.39147889900774807,1.20433374000953,4187,1036,False,False,False,False
2850,CSS_J133638.3+281139,EW,EW,False,False,0.37711955044499473,1.0092725771440112,5572,6162,False,False,False,False
2851,CSS_J105446.2+350312,RRc,RRc,False,False,0.3684979072961089,0.9958314888786666,6552,6988,False,False,False,False
2852,CSS_J212642.8+205303,EW,EW,False,False,0.39653632580535547,0.9947559723418344,3745,7054,False,False,False,False
2853,CSS_J074539.3+501225,EW,EW,False,False,0.6951375652235047,1.5221783363475963,47,118,True,True,True,True
2854,CSS_J072618.8+324437,EW,EW,False,False,0.39893508296854885,1.0325192446874942,3580,4847,False,False,False,False
2855,CSS_J224553.0+123022,RRc,RRc,False,False,0.395203004518274,1.01873305141384,3848,5576,False,False,False,False
2856,CSS_J040312.9+235315,EW,EW,False,False,0.3752907000589213,1.0168511796778037,5788,5699,False,False,False,False
2857,CSS_J205446.6+011238,EW,EW,False,False,0.36170704059016795,1.0030262854414207,7253,6577,False,False,False,False
2858,CSS_J140059.3+041151,RRc,RRc,False,False,0.4371351521454928,1.0943535132688536,1782,2613,False,False,False,False
2859,CSS_J082851.0+062523,EW,EW,False,False,0.46343243259871486,1.0177431813580309,1135,5646,False,False,False,False
2860,CSS_J025346.3+293023,EW,EW,False,False,0.3859851532949856,1.0371159872046651,4676,4629,False,False,False,False
2861,CSS_J024738.8+405335,LPV,LPV,False,False,0.7054676521452614,1.0474947378901647,37,4166,True,False,False,False
2862,CSS_J042756.7+001450,EW,EW,False,False,0.37638722694322135,1.0646360333450875,5664,3492,False,False,False,False
2863,CSS_J035632.6+252734,EA,EA,False,False,0.4520098601092219,1.1057906497302439,1374,2359,False,False,False,False
2864,CSS_J170130.5-051237,RRc,EW,True,False,0.3574680034904106,1.228835972035973,7620,846,False,False,False,False
2865,CSS_J010841.6-162550,EW,EW,False,False,0.3983417948568009,1.030779316234763,3618,4941,False,False,False,False
2866,CSS_J122529.1-152554,RRab,RRab,False,False,0.43628035548776284,1.1298422626476978,1812,1897,False,False,False,False
2867,CSS_J152755.7-105350,EA,EA,False,False,0.40304598670615227,1.234660375695072,3282,807,False,False,False,False
2868,CSS_J022652.7+115013,EW,EW,False,False,0.3948100321308257,1.2435003245851253,3884,767,False,False,False,False
2869,CSS_J103222.7+153025,EW,EW,False,False,0.3868343952437202,1.1014187038402552,4599,2463,False,False,False,False
2870,CSS_J053732.0-141358,EW,EW,False,False,0.3579495655339962,1.045162549991673,7592,4274,False,False,False,False
2871,CSS_J012309.7+290316,EW,EW,False,False,0.45455856565795866,1.1087358736067185,1328,2299,False,False,False,False
2872,CSS_J154936.5+031902,RRc,RRc,False,False,0.39391999994018834,1.015742964216241,3949,5753,False,False,False,False
2873,CSS_J155413.0+355610,EW,EW,False,False,0.371349472836008,1.0915514689753776,6263,2685,False,False,False,False
2874,CSS_J174403.2+332413,EW,EW,False,False,0.39290165499027546,1.0487438489062728,4053,4103,False,False,False,False
2875,CSS_J204833.3-010519,RRab,RRab,False,False,0.4199250466429569,1.051726219282846,2414,3984,False,False,False,False
2876,CSS_J174926.0+402444,EW,EW,False,False,0.3975768021330419,1.039760838754481,3675,4504,False,False,False,False
2877,CSS_J152957.3+145559,LPV,LPV,False,False,0.6193577031270648,1.0142735219098455,105,5850,True,False,False,False
2878,CSS_J022608.9-124927,EW,EW,False,False,0.38302568136939696,1.1218594138032805,4971,2031,False,False,False,False
2879,CSS_J232901.6+392711,EW,EW,False,False,0.35395970917741676,0.988801439418749,7857,7384,False,False,False,False
2880,CSS_J085901.5-070327,EW,EW,False,False,0.4014509240992275,1.103251807213661,3388,2414,False,False,False,False
2881,CSS_J101422.6+401956,RRab,RRab,False,False,0.4991609625186015,1.1181471499196758,566,2117,False,False,False,False
2882,CSS_J175537.5+581259,RRc,EW,True,False,0.4429038826224704,1.0319049313031194,1596,4887,False,False,False,False
2883,CSS_J161148.4-121724,EW,EW,False,False,0.41483389832420936,1.055109304597002,2636,3835,False,False,False,False
2884,CSS_J032508.5+183513,EW,EW,False,False,0.3835489996894265,1.1926618383908867,4919,1116,False,False,False,False
2885,CSS_J080724.9+045532,EW,EW,False,False,0.37313089606729816,1.1270746123966593,6065,1944,False,False,False,False
2886,CSS_J090228.9-070350,EW,EW,False,False,0.36479045274997945,0.9794583674481594,6954,7790,False,False,False,False
2887,CSS_J150955.2-025403,RRd,RRc,True,True,0.3954450808730629,1.0609061628626173,3835,3623,False,False,False,False
2888,CSS_J040100.3+252521,EW,EW,False,False,0.3603116293197946,1.0184639297666298,7392,5593,False,False,False,False
2889,CSS_J043635.7+082006,RRab,EW,True,False,0.4835878509745448,1.0262006322552786,780,5175,False,False,False,False
2890,CSS_J143105.4-033451,LPV,EW,True,False,0.5027855509317773,1.1589402690855655,534,1488,False,False,False,False
2891,CSS_J065718.3+415649,EW,EW,False,False,0.40614893991088163,1.3399442972029703,3096,385,False,False,False,False
2892,CSS_J231103.2+332136,EW,EW,False,False,0.3788176850759105,1.1642377339480767,5402,1423,False,False,False,False
2893,CSS_J171234.2+183906,EA,EA,False,False,0.532338870638627,1.1019072380900974,338,2447,False,False,False,False
2894,CSS_J120546.2+312833,RRc,EW,True,False,0.4814467844148896,1.1083158514441496,810,2309,False,False,False,False
2895,CSS_J173544.1+223022,EW,EW,False,False,0.3891729726537805,1.0152362239786052,4400,5786,False,False,False,False
2896,CSS_J084105.2+243233,EA,EA,False,False,0.5770243486543948,1.1260987138312117,187,1963,False,False,False,False
2897,CSS_J144715.4-021415,RS CVn,EW,True,True,0.3817049100549484,1.2723788708991148,5107,623,False,False,False,False
2898,CSS_J104539.5+385619,EW,EW,False,False,0.4193839494021704,1.1148569930684373,2431,2182,False,False,False,False
2899,CSS_J092527.0+380212,EW,EW,False,False,0.37800273190650874,1.0112780722851729,5472,6041,False,False,False,False
2900,CSS_J231034.2+314254,EW,EW,False,False,0.40159335531350643,1.016204872240249,3376,5737,False,False,False,False
2901,CSS_J205007.0-022129,RRd,RRc,True,True,0.4386144557403698,1.0860918879032708,1729,2830,False,False,False,False
2902,CSS_J125612.7+562021,EW,EW,False,False,0.35302798496766996,1.110680528016554,7913,2257,False,False,False,False
2903,CSS_J075313.6+294945,EW,EW,False,False,0.3961766193035825,1.087397843420624,3775,2793,False,False,False,False
2904,CSS_J092510.4+555844,EW,EW,False,False,0.3817428743640236,1.0030413690669087,5104,6575,False,False,False,False
2905,CSS_J213439.2-102430,EW,EW,False,False,0.4606552920705357,1.1996646503145247,1191,1068,False,False,False,False
2906,CSS_J133419.0+584552,EW,EW,False,False,0.38462665957460535,1.010396874530943,4806,6093,False,False,False,False
2907,CSS_J132045.6-034946,EA,EA,False,False,0.48309850167823487,1.002105837467948,789,6639,False,False,False,False
2908,CSS_J173521.0+351557,EA,EA,False,False,0.5280793104106514,1.0636775759608312,357,3523,False,False,False,False
2909,CSS_J075434.1+453313,EW,EW,False,False,0.3784082630741023,1.0592924728375452,5430,3682,False,False,False,False
2910,CSS_J080809.6+092429,RRc,EW,True,False,0.37371975493059056,1.0112969373264118,5991,6039,False,False,False,False
2911,CSS_J223916.0+360330,EW,EW,False,False,0.3759465922591754,0.9837789349217925,5714,7638,False,False,False,False
2912,CSS_J075619.6+161112,EA,EA,False,False,0.4955742630541223,1.0349861690263906,607,4723,False,False,False,False
2913,CSS_J155618.1+074537,EA,EA,False,False,0.4893959813187491,1.0351832193470791,688,4708,False,False,False,False
2914,CSS_J172729.6+362353,EW,EW,False,False,0.37461994922710584,1.061602063436461,5889,3599,False,False,False,False
2915,CSS_J033319.1+371524,EW,EW,False,False,0.3729415303068125,1.0682391490556762,6086,3362,False,False,False,False
2916,CSS_J205015.5-081104,EW,EW,False,False,0.3669873831634693,1.0819231474112818,6714,2945,False,False,False,False
2917,CSS_J121229.7+534927,EW,EW,False,False,0.37497959165600664,1.0555980526813968,5836,3812,False,False,False,False
2918,CSS_J092616.8-010524,EW,EW,False,False,0.5324497814192698,1.6306621814396003,336,61,False,True,False,False
2919,CSS_J053058.1+112247,EA,EA,False,False,0.4334161260538869,1.1709619877783306,1899,1330,False,False,False,False
2920,CSS_J144807.1+123623,LPV,LPV,False,False,0.6653026031183414,1.077078219556483,68,3097,True,False,False,False
2921,CSS_J074719.4+550615,EW,EW,False,False,0.3586978798912599,1.0102390416432097,7537,6103,False,False,False,False
2922,CSS_J024733.2+362348,EW,EW,False,False,0.4119896303006356,1.0315895453616866,2794,4901,False,False,False,False
2923,CSS_J012942.5-070111,RRc,RRc,False,False,0.39247388150121304,1.2278623649951166,4099,851,False,False,False,False
2924,CSS_J110010.4+112953,RRc,RRc,False,False,0.39512324158238266,1.0282723517442016,3860,5062,False,False,False,False
2925,CSS_J072901.1+572527,EW,EW,False,False,0.3598668419966593,1.0356432622935445,7433,4693,False,False,False,False
2926,CSS_J235911.0+412430,EW,EW,False,False,0.4052733565389456,1.0005944599375778,3148,6729,False,False,False,False
2927,CSS_J213005.2+163649,EW,EW,False,False,0.3710972272699164,0.9833050125299445,6286,7662,False,False,False,False
2928,CSS_J110833.7+215237,RRd,RRd,False,True,0.3906069438033145,1.02788696607282,4266,5085,False,False,False,False
2929,CSS_J005653.6+192044,EW,EW,False,False,0.38363978351982697,1.034863378189015,4910,4729,False,False,False,False
2930,CSS_J043640.2+040321,EW,EW,False,False,0.38546948980954227,1.0625232115986472,4718,3568,False,False,False,False
2931,CSS_J042804.8+240739,EW,EW,False,False,0.4178087011898575,1.035383116520595,2502,4704,False,False,False,False
2932,CSS_J214355.3+135350,EW,EW,False,False,0.4042425583774602,1.0264283448122213,3223,5162,False,False,False,False
2933,CSS_J081813.1+045029,EW,EW,False,False,0.3882402515114475,1.179163774119194,4480,1242,False,False,False,False
2934,CSS_J172430.4+231847,EW,EW,False,False,0.3718242027249648,1.037926750859174,6216,4592,False,False,False,False
2935,CSS_J095332.1-131622,EW,EW,False,False,0.3964432280297609,1.3082504211229207,3756,481,False,False,False,False
2936,CSS_J004757.3+425821,EW,EA,True,False,0.40360095541437024,1.0589057449745252,3252,3693,False,False,False,False
2937,CSS_J044455.7+025256,EW,EW,False,False,0.40209998612717923,1.0055979912673736,3344,6414,False,False,False,False
2938,CSS_J085105.5+504522,RRab,RRab,False,False,0.5026102102062658,1.1311686512336119,537,1876,False,False,False,False
2939,CSS_J033020.0-191934,EW,RRc,True,False,0.36599465701376216,1.0372341677300478,6818,4622,False,False,False,False
2940,CSS_J121338.1+184448,EA,EA,False,False,0.39420968367084896,1.0447390824815854,3932,4295,False,False,False,False
2941,CSS_J050254.0+210237,EA,EA,False,False,0.532947822662177,0.9948064032983768,333,7052,False,False,False,False
2942,CSS_J100722.6+055608,EA,EA,False,False,0.43905632404091993,1.0217345520577341,1719,5407,False,False,False,False
2943,CSS_J162641.1+103249,EW,RS CVn,True,False,0.4365645643765927,1.0133719964901349,1807,5896,False,False,False,False
2944,CSS_J211315.3+101920,EW,EW,False,False,0.3591728005171753,0.9929513553846319,7501,7142,False,False,False,False
2945,CSS_J144841.6+343156,EA,EA,False,False,0.4690279100795175,1.6337119735760055,1032,60,False,True,False,False
2946,CSS_J074030.0+245545,RS CVn,RS CVn,False,True,0.4249203085026542,1.0597710115830976,2200,3664,False,False,False,False
2947,CSS_J213942.5+090426,EW,EW,False,False,0.4489716236491903,1.0073817849245081,1440,6295,False,False,False,False
2948,CSS_J042049.5+301015,EA,EA,False,False,0.5593666000093551,1.0338832109116232,226,4783,False,False,False,False
2949,CSS_J002006.6+422548,EW,EW,False,False,0.412987758722068,1.0217924795895696,2746,5403,False,False,False,False
2950,CSS_J050006.9+175208,EA,EA,False,False,0.5526816857045188,0.99245962444288,243,7173,False,False,False,False
2951,CSS_J012003.2-052304,EW,EW,False,False,0.361899171536535,1.1115670815906806,7236,2241,False,False,False,False
2952,CSS_J121450.1+080220,RRc,RRc,False,False,0.46898424920684795,1.0526863942042384,1033,3944,False,False,False,False
2953,CSS_J060049.8-071859,EW,EW,False,False,0.394515920077201,1.048465431384161,3907,4113,False,False,False,False
2954,CSS_J234826.5+271203,EA,EA,False,False,0.42250808995727884,1.0161151994393514,2293,5739,False,False,False,False
2955,CSS_J064259.2+523155,EW,EW,False,False,0.4986830295402156,1.20607399353349,573,1018,False,False,False,False
2956,CSS_J044250.8-104027,EW,EW,False,False,0.3624989637351496,1.0691927117931659,7175,3329,False,False,False,False
2957,CSS_J002200.7+225433,EW,RRab,True,False,0.5621621087699531,1.5149817474391283,219,130,False,True,False,False
2958,CSS_J203101.6-034757,EW,EW,False,False,0.36289982709467533,1.0461834548194893,7134,4223,False,False,False,False
2959,CSS_J152121.7+175743,EW,EW,False,False,0.37199397752739327,0.9825511299822418,6198,7693,False,False,False,False
2960,CSS_J081537.1+521404,EW,EW,False,False,0.3517886969802556,0.9901768987734163,7963,7307,False,False,False,False
2961,CSS_J215815.5+065827,RRc,RRc,False,False,0.37437320471712304,0.9883814169824985,5918,7407,False,False,False,False
2962,CSS_J022806.0+093948,EW,EW,False,False,0.36486790600543595,1.0680031387473385,6949,3369,False,False,False,False
2963,CSS_J010057.2+014557,EW,EW,False,False,0.3860262826201414,1.0996825144197602,4670,2509,False,False,False,False
2964,CSS_J075020.1+220806,EW,EW,False,False,0.38775209360384927,0.9942954008826079,4517,7084,False,False,False,False
2965,CSS_J213150.3-085510,EA,EA,False,False,0.48658329934650335,1.3496698576181834,733,358,False,False,False,False
2966,CSS_J043241.6+094517,RRc,RRc,False,False,0.45527201169835724,1.298073281813346,1313,521,False,False,False,False
2967,CSS_J042512.8+092114,RRab,RRab,False,False,0.46634638426578096,0.9958021328730966,1082,6990,False,False,False,False
2968,CSS_J135030.4+021200,RRc,RRc,False,False,0.38013665662420554,0.9915438855973177,5273,7234,False,False,False,False
2969,CSS_J123207.0+030446,EW,EW,False,False,0.3608569286831222,1.0181052339986787,7339,5622,False,False,False,False
2970,CSS_J015310.1+012311,RRc,RRc,False,False,0.39409978595008854,1.1426161486339435,3940,1698,False,False,False,False
2971,CSS_J173909.8+403529,EW,EW,False,False,0.3860496042914067,1.0027743352384646,4666,6591,False,False,False,False
2972,CSS_J034503.6+355521,EW,EW,False,False,0.48128180166624956,1.0384874454300337,812,4564,False,False,False,False
2973,CSS_J220255.3+140942,EW,EW,False,False,0.35411415572456645,1.020606481922168,7845,5476,False,False,False,False
2974,CSS_J231619.3+404656,EW,EW,False,False,0.40146075399360986,0.9978731579759664,3386,6881,False,False,False,False
2975,CSS_J105924.6+334657,EW,EW,False,False,0.3587058713675041,1.0667271477647982,7536,3418,False,False,False,False
2976,CSS_J160009.3-142102,RRab,RRab,False,False,0.42481491745389494,1.114714411305409,2204,2183,False,False,False,False
2977,CSS_J030751.3+381911,EW,EW,False,False,0.37304005302567805,0.9869625967526041,6075,7489,False,False,False,False
2978,CSS_J062805.1+500619,EW,EW,False,False,0.36542248305303104,1.017992137204085,6893,5634,False,False,False,False
2979,CSS_J174916.5+281822,EA,EA,False,False,0.570079843677347,1.0805911634525267,198,2980,False,False,False,False
2980,CSS_J005424.9-062919,RRc,RRc,False,False,0.4099154718993992,1.1125869483719883,2900,2218,False,False,False,False
2981,CSS_J225347.4-143017,EW,EW,False,False,0.40229784861972456,1.0697175760209452,3333,3311,False,False,False,False
2982,CSS_J015055.4+340800,EW,EW,False,False,0.5082446492488389,1.2627947634459065,484,672,False,False,False,False
2983,CSS_J154539.0+110002,EW,EW,False,False,0.4276336738704643,1.2608568785058487,2089,678,False,False,False,False
2984,CSS_J024644.4-190634,EW,EW,False,False,0.38103719199526165,1.0581568040156628,5187,3725,False,False,False,False
2985,CSS_J043328.1-163417,EW,EW,False,False,0.3857366482515763,1.1202249348511255,4697,2073,False,False,False,False
2986,CSS_J011053.7+443728,EW,EW,False,False,0.36953550174456296,1.0356133214319017,6446,4696,False,False,False,False
2987,CSS_J044122.9-050249,EW,EW,False,False,0.377379833126685,1.22609919750837,5543,862,False,False,False,False
2988,CSS_J044049.9+193511,EW,EW,False,False,0.37756377237546634,1.0020667307032585,5519,6642,False,False,False,False
2989,CSS_J071011.8+312953,EW,RRc,True,False,0.43858856501465493,1.0096437859695648,1731,6138,False,False,False,False
2990,CSS_J165103.8+160054,EW,EW,False,False,0.4154599737250219,1.0489815130388365,2611,4090,False,False,False,False
2991,CSS_J050513.6+235106,EW,EW,False,False,0.3849668880940951,1.1561809273697707,4769,1518,False,False,False,False
2992,CSS_J124930.8+070626,EA,EW,True,False,0.391139332640476,1.064143465758918,4223,3505,False,False,False,False
2993,CSS_J020831.0+171400,EA,EA,False,False,0.442502918163743,1.0294283731056941,1611,4992,False,False,False,False
2994,CSS_J010650.8+380656,EW,EA,True,False,0.4282071918794725,1.0202774761856812,2066,5493,False,False,False,False
2995,CSS_J081748.4+190436,EA,EA,False,False,0.5524493960549144,1.1183042181445653,244,2114,False,False,False,False
2996,CSS_J123023.0-022336,EW,EW,False,False,0.4027516602972457,1.0882785382129527,3302,2768,False,False,False,False
2997,CSS_J052637.8+140256,LPV,LPV,False,False,0.5521604812518734,1.0440124650827474,246,4322,False,False,False,False
2998,CSS_J053710.6-131135,EW,EW,False,False,0.3598799848484135,1.0294237813963356,7431,4993,False,False,False,False
2999,CSS_J233841.6+333043,RRc,RRc,False,False,0.36617235200477116,1.2161289682265948,6797,937,False,False,False,False
3000,CSS_J160538.8+005957,RRc,RRc,False,False,0.3840044678996901,1.0319053471247046,4868,4886,False,False,False,False
3001,CSS_J210642.0-015418,EW,EW,False,False,0.36492984661632283,1.0311617509291335,6940,4920,False,False,False,False
3002,CSS_J143130.8+225023,RRc,RRc,False,False,0.35549122308113007,1.0372246319916685,7762,4624,False,False,False,False
3003,CSS_J050312.9-083750,EW,EW,False,False,0.4297628652902002,0.9994031434664852,2010,6796,False,False,False,False
3004,CSS_J103312.8+064315,EA,EA,False,False,0.45902397204516227,1.0476425219459413,1228,4156,False,False,False,False
3005,CSS_J015055.1+361215,EW,EA,True,False,0.4631546409773138,1.0435934812100374,1140,4345,False,False,False,False
3006,CSS_J095808.0-175425,EW,EW,False,False,0.4239342525037773,1.262297740512499,2245,674,False,False,False,False
3007,CSS_J065758.6+530153,EW,EW,False,False,0.43802685784664375,1.0122076142024077,1748,5975,False,False,False,False
3008,CSS_J223001.8+333150,EW,EW,False,False,0.45689447007827266,1.3334747444145811,1283,399,False,False,False,False
3009,CSS_J072113.3+375218,EW,EW,False,False,0.49222063904839464,1.1033078773973584,656,2413,False,False,False,False
3010,CSS_J121508.4-061357,EW,EW,False,False,0.4136119040909191,1.1637953121535842,2704,1427,False,False,False,False
3011,CSS_J091229.9+082743,EW,EW,False,False,0.40218284703061474,1.1506237084152078,3340,1588,False,False,False,False
3012,CSS_J121912.1+092215,EA,EA,False,False,0.6318255249609842,1.151913700484196,97,1569,True,False,False,False
3013,CSS_J082822.4+191007,EW,EW,False,False,0.6360053652294979,1.379588491026936,94,298,True,False,False,False
3014,CSS_J234152.3-160520,EW,EW,False,False,0.4585949022861288,1.2660614862908663,1234,649,False,False,False,False
3015,CSS_J222215.7+255431,RS CVn,EW,True,True,0.3869263802218404,0.986666117783949,4593,7505,False,False,False,False
3016,CSS_J092056.0+013115,EA,EW,True,False,0.5088402550933281,1.5201727348545198,476,123,False,True,False,False
3017,CSS_J143136.3+214425,EW,EW,False,False,0.46549120189849585,1.0129937807665645,1097,5919,False,False,False,False
3018,CSS_J203423.0-192540,EW,EW,False,False,0.3720261970832657,1.0180130760164547,6192,5630,False,False,False,False
3019,CSS_J072108.8+344808,EA,EA,False,False,0.5055304937955004,1.2755339817688736,506,609,False,False,False,False
3020,CSS_J164520.4+332824,RRc,RRc,False,False,0.37791276360056075,0.9848101206229538,5482,7601,False,False,False,False
3021,CSS_J222019.1+304414,EW,EW,False,False,0.3986962843068331,1.0491993682440555,3596,4087,False,False,False,False
3022,CSS_J170817.4+080439,RRd,EW,True,True,0.3804276127940104,1.146281781161719,5245,1652,False,False,False,False
3023,CSS_J035915.9+353838,EW,EW,False,False,0.38946471882394373,0.9800828261237233,4377,7769,False,False,False,False
3024,CSS_J083317.7+041005,RRc,EW,True,False,0.36310328746453896,1.0345754059577104,7114,4749,False,False,False,False
3025,CSS_J051230.2+093754,EW,EW,False,False,0.359802043321007,1.085251810305442,7442,2858,False,False,False,False
3026,CSS_J173250.5+340852,EA,EA,False,False,0.41782952250883043,1.0839897274463701,2498,2883,False,False,False,False
3027,CSS_J214047.1+042327,EW,EW,False,False,0.41330457848951324,1.1072995086725466,2723,2325,False,False,False,False
3028,CSS_J043336.1+190146,EW,EW,False,False,0.3802744521700332,1.0623059009660172,5259,3578,False,False,False,False
3029,CSS_J083931.8+393519,EW,EW,False,False,0.3556333936870619,0.9855684248482832,7754,7562,False,False,False,False
3030,CSS_J165834.5+120638,RRc,RRc,False,False,0.3999708457849312,1.0184628523855466,3501,5595,False,False,False,False
3031,CSS_J173805.1+273530,RRab,RRab,False,False,0.4193180577048935,1.0202283996999246,2434,5499,False,False,False,False
3032,CSS_J043402.8+381027,RS CVn,EW,True,True,0.39422965681302935,1.0359609286275568,3930,4679,False,False,False,False
3033,CSS_J030749.0-185632,EW,EW,False,False,0.4641058102374142,1.0295445275743413,1118,4986,False,False,False,False
3034,CSS_J170145.3-022538,EW,EW,False,False,0.4420980799160406,1.0612597423866694,1621,3613,False,False,False,False
3035,CSS_J083817.0+423521,EW,EW,False,False,0.35362117701595047,0.9837504036977929,7877,7640,False,False,False,False
3036,CSS_J034129.2+305018,EW,EW,False,False,0.3998662925570074,1.1685360961576807,3511,1361,False,False,False,False
3037,CSS_J113132.1+350024,EW,EW,False,False,0.4165214423020814,1.0455646485956864,2560,4253,False,False,False,False
3038,CSS_J134016.1+622317,RRab,RRc,True,False,0.3749241023480704,1.1131147719832006,5841,2209,False,False,False,False
3039,CSS_J211212.6+150952,EW,EW,False,False,0.36573373246310154,1.0826867540994223,6846,2923,False,False,False,False
3040,CSS_J165936.7+333159,EW,EW,False,False,0.45609237429797195,1.030197386314615,1300,4967,False,False,False,False
3041,CSS_J073344.9+212442,EW,EW,False,False,0.3875707248376525,1.0350596777967975,4529,4717,False,False,False,False
3042,CSS_J162411.2+102005,RRc,RRc,False,False,0.3826645180144703,1.0510617373908429,4996,4016,False,False,False,False
3043,CSS_J135835.5+223341,RRd,RRc,True,True,0.3934083832755282,1.017302470248576,3998,5681,False,False,False,False
3044,CSS_J153419.2+602254,RRab,RRab,False,False,0.39733108682180246,1.0074376235029212,3691,6289,False,False,False,False
3045,CSS_J053029.4+034652,EW,EW,False,False,0.3628796276550952,1.0227798432780348,7137,5353,False,False,False,False
3046,CSS_J042235.8+081928,EA,EA,False,False,0.46058991199696114,1.0073712988643513,1192,6297,False,False,False,False
3047,CSS_J213925.0+040427,EW,EW,False,False,0.37353591557305726,1.0511108835677674,6016,4012,False,False,False,False
3048,CSS_J055554.3-155739,EW,EW,False,False,0.3662279558142859,1.0671518303563923,6791,3403,False,False,False,False
3049,CSS_J232656.9-120030,RRc,RRab,True,False,0.43929341180835224,1.0901014853073914,1713,2720,False,False,False,False
3050,CSS_J081248.4+210724,EA,EW,True,False,0.40828012451893797,1.0402347067266882,2982,4483,False,False,False,False
3051,CSS_J081228.7-020205,EW,EW,False,False,0.42670754042913894,1.0828041741118937,2136,2917,False,False,False,False
3052,CSS_J173603.6+345130,EW,EW,False,False,0.37613181239848315,1.0177671664688686,5689,5643,False,False,False,False
3053,CSS_J152758.9+190751,EA,EW,True,False,0.4061538025321594,1.0576241911783737,3093,3744,False,False,False,False
3054,CSS_J052935.4+040651,EW,EW,False,False,0.47536171505794156,1.106466374090132,921,2346,False,False,False,False
3055,CSS_J233056.4+142037,RRc,EW,True,False,0.37353672299902413,0.996580975671748,6015,6946,False,False,False,False
3056,CSS_J095825.8+141536,EW,EW,False,False,0.3856378313705732,1.0487687259636742,4708,4102,False,False,False,False
3057,CSS_J100933.6+504020,EW,EW,False,False,0.43762949274455615,1.1015754252979257,1760,2456,False,False,False,False
3058,CSS_J083732.1-015401,EW,EW,False,False,0.37440879219903617,1.0425191270027374,5915,4395,False,False,False,False
3059,CSS_J013856.0+064040,EW,EW,False,False,0.3961832384421715,1.000592326983349,3774,6730,False,False,False,False
3060,CSS_J225328.3+052010,EW,EW,False,False,0.38005400335356143,0.9821828052109209,5282,7708,False,False,False,False
3061,CSS_J094957.5-131000,EW,EW,False,False,0.37480251742624154,1.0116286385760076,5863,6023,False,False,False,False
3062,CSS_J172654.3+550714,RRc,RRc,False,False,0.3703556881480675,1.0421211480342685,6363,4414,False,False,False,False
3063,CSS_J084253.1-025101,EW,EW,False,False,0.3814743284919304,1.034274780731105,5127,4762,False,False,False,False
3064,CSS_J020819.5+120744,EW,EW,False,False,0.4145866638326688,1.3683632311481824,2648,316,False,False,False,False
3065,CSS_J211549.9+001928,RRc,RRc,False,False,0.4074346615612575,1.0010732200655907,3027,6697,False,False,False,False
3066,CSS_J012806.2+373816,EA,EA,False,False,0.5872171344536389,1.0529679769442244,161,3926,False,False,False,False
3067,CSS_J013844.1+395827,EW,EW,False,False,0.4696873918084432,1.018248462066645,1021,5612,False,False,False,False
3068,CSS_J063445.2+434809,EW,EW,False,False,0.35368581999495613,0.9866808136528313,7871,7503,False,False,False,False
3069,CSS_J164312.8-113417,RRab,RRab,False,False,0.4786334127769836,1.4649408473302987,863,178,False,False,False,False
3070,CSS_J045859.8+175938,EW,EW,False,False,0.371928153306125,1.2085868203172176,6206,1000,False,False,False,False
3071,CSS_J004637.7+315117,EW,EW,False,False,0.4298809214630836,1.129438102166225,2009,1901,False,False,False,False
3072,CSS_J090404.5+431257,RRc,EW,True,False,0.5290819168442539,1.2256640861180421,351,865,False,False,False,False
3073,CSS_J081208.4+321419,EA,EA,False,False,0.46487686018749036,1.0103804568121766,1108,6095,False,False,False,False
3074,CSS_J030216.5+220425,EA,EA,False,False,0.4038108857043171,1.0013552725555617,3242,6678,False,False,False,False
3075,CSS_J050951.3+172139,EW,EW,False,False,0.38393443816556355,1.0031741922745592,4877,6566,False,False,False,False
3076,CSS_J130722.2+574308,EW,EW,False,False,0.3966510886139779,1.1884543771161702,3737,1148,False,False,False,False
3077,CSS_J144157.5+085418,EW,EW,False,False,0.3729276354321458,0.9832776758572942,6090,7665,False,False,False,False
3078,CSS_J073722.5+454435,EW,EW,False,False,0.41382246303630815,0.9899415834352503,2689,7318,False,False,False,False
3079,CSS_J082252.1+491926,EW,EW,False,False,0.367148615101064,0.9849288197800561,6694,7594,False,False,False,False
3080,CSS_J134728.5+701339,EW,EW,False,False,0.35698046792555066,1.0155115214117354,7667,5769,False,False,False,False
3081,CSS_J104053.1-020323,RRc,RRc,False,False,0.4019420227357063,1.1254269739804745,3353,1972,False,False,False,False
3082,CSS_J082845.6-023748,EA,EW,True,False,0.4650889087221044,1.0989572992405656,1105,2523,False,False,False,False
3083,CSS_J143931.5-063858,EW,EW,False,False,0.35723404257853286,1.0053676724148093,7644,6431,False,False,False,False
3084,CSS_J092129.8-161057,EA,EA,False,False,0.5815898304398212,1.2958413878141128,171,530,False,False,False,False
3085,CSS_J171727.7+271300,EW,EW,False,False,0.3925118723515603,1.075064917363098,4094,3146,False,False,False,False
3086,CSS_J084431.7+320908,EA,EA,False,False,0.61312653704102,1.4787463333521844,111,162,True,False,False,False
3087,CSS_J180512.0+343918,EA,EA,False,False,0.48371833005321657,1.115018129978545,776,2176,False,False,False,False
3088,CSS_J204218.6-151451,RRab,RRab,False,False,0.44573931160046176,1.0826922314438394,1527,2922,False,False,False,False
3089,CSS_J030002.0+010340,EW,EW,False,False,0.3549752392540805,0.9856854755535156,7796,7557,False,False,False,False
3090,CSS_J052253.5-022823,EW,EW,False,False,0.43624257599603206,1.1487949897843825,1813,1624,False,False,False,False
3091,CSS_J180726.2+584151,EW,EW,False,False,0.38867296352452335,1.039913193526252,4444,4499,False,False,False,False
3092,CSS_J040152.4+284103,EW,EW,False,False,0.4548057162234079,1.1842259434106683,1323,1197,False,False,False,False
3093,CSS_J045212.2-173359,EW,EW,False,False,0.3631463994735704,1.0320527616082604,7103,4878,False,False,False,False
3094,CSS_J220731.1-172438,EW,EW,False,False,0.43445823582631454,1.309224834015248,1869,473,False,False,False,False
3095,CSS_J230252.6+162056,EW,EW,False,False,0.3637775709667902,1.1499336212454507,7046,1601,False,False,False,False
3096,CSS_J032130.6+270553,EW,EW,False,False,0.3937983233598344,0.9818778550611725,3958,7719,False,False,False,False
3097,CSS_J154659.0+162355,EW,EW,False,False,0.38108900521729944,1.0607151779246555,5177,3629,False,False,False,False
3098,CSS_J034427.0-160039,EW,EW,False,False,0.3514834480470795,1.0155596323227216,7974,5765,False,False,False,False
3099,CSS_J065908.8+573306,EW,EW,False,False,0.3741706403188766,0.9852738579146612,5941,7578,False,False,False,False
3100,CSS_J042951.9+022824,EA,EA,False,False,0.40815104437052185,1.0766080829215257,2993,3113,False,False,False,False
3101,CSS_J112432.0-044427,RRc,RRc,False,False,0.3884181973347803,1.0203178539063211,4467,5489,False,False,False,False
3102,CSS_J084341.5+210848,EW,EW,False,False,0.4218843417447908,1.1778614984618727,2319,1258,False,False,False,False
3103,CSS_J151546.9+235217,EW,EW,False,False,0.41675578794826856,1.0860496446576051,2550,2832,False,False,False,False
3104,CSS_J104508.9+380001,EW,EA,True,False,0.4392899184641287,1.1496231887370933,1714,1606,False,False,False,False
3105,CSS_J204718.5+062444,EW,RRc,True,False,0.46509627010536303,1.0789525866526977,1104,3040,False,False,False,False
3106,CSS_J052357.0+164809,EW,EW,False,False,0.4183596534107057,1.1127805422658326,2476,2215,False,False,False,False
3107,CSS_J073919.5+225117,EA,EW,True,False,0.4483750528217798,1.1489452677177558,1458,1617,False,False,False,False
3108,CSS_J151121.9+152228,EA,EA,False,False,0.44595810489411514,1.0576766814211893,1520,3741,False,False,False,False
3109,CSS_J104459.6-122041,EW,EW,False,False,0.37656586743466613,1.1024883956355258,5643,2434,False,False,False,False
3110,CSS_J181404.5+345144,EW,EW,False,False,0.3810395079015141,1.0078878887260008,5186,6265,False,False,False,False
3111,CSS_J035158.6+114653,EW,EW,False,False,0.3783506474599074,1.0708951684769272,5439,3275,False,False,False,False
3112,CSS_J084453.7-155358,RRab,EW,True,False,0.4092403752476483,1.1742174759413166,2932,1293,False,False,False,False
3113,CSS_J165328.0+073549,RRc,RRc,False,False,0.3749066510824302,1.004719227772565,5842,6469,False,False,False,False
3114,CSS_J070013.2+423634,EW,EW,False,False,0.3820443611689012,1.4879469996760575,5065,150,False,True,False,False
3115,CSS_J075819.1+522833,EW,EW,False,False,0.3839749404517731,1.0503799477394522,4872,4047,False,False,False,False
3116,CSS_J033452.4+382412,EW,EW,False,False,0.39475652071428924,1.1526346881291183,3893,1563,False,False,False,False
3117,CSS_J103104.8+040755,RS CVn,EW,True,True,0.39937947347777286,1.206141881826021,3552,1017,False,False,False,False
3118,CSS_J044433.4+092645,EW,EW,False,False,0.38700475048888233,0.9954894328003373,4586,7005,False,False,False,False
3119,CSS_J091449.2+020342,EA,EA,False,False,0.4231539572437306,1.009348708740849,2276,6160,False,False,False,False
3120,CSS_J164010.6-034948,EW,EW,False,False,0.4068457746391314,1.0081501900218612,3057,6244,False,False,False,False
3121,CSS_J175458.2+372902,EW,EW,False,False,0.37268835724226346,1.2954846699885871,6117,531,False,False,False,False
3122,CSS_J040705.6+254033,EW,EW,False,False,0.3950046964117549,1.0036201528292807,3868,6542,False,False,False,False
3123,CSS_J040156.1+234726,EW,EW,False,False,0.3564080604359427,0.998851148818766,7705,6822,False,False,False,False
3124,CSS_J034028.8+165954,EW,EW,False,False,0.37136279309268205,1.0610596461184685,6260,3619,False,False,False,False
3125,CSS_J012130.5+111236,EW,EW,False,False,0.4612383857326778,1.1210302782462038,1178,2053,False,False,False,False
3126,CSS_J022225.3+381537,EW,EW,False,False,0.35893940184237394,1.0844526356869664,7521,2876,False,False,False,False
3127,CSS_J122042.1-083134,EW,EW,False,False,0.38873390390224793,1.0261071544601028,4440,5180,False,False,False,False
3128,CSS_J211446.7+064357,EA,EA,False,False,0.4598988286755142,1.0225870462141833,1206,5363,False,False,False,False
3129,CSS_J074439.4+212147,EW,EW,False,False,0.3654289499910046,1.014893299810728,6892,5805,False,False,False,False
3130,CSS_J153552.8+532542,EW,EW,False,False,0.381423060341442,0.9955758872365994,5133,7001,False,False,False,False
3131,CSS_J181412.9+331441,RRab,RRab,False,False,0.4044082333997436,1.1097402399845793,3209,2276,False,False,False,False
3132,CSS_J025641.8-021856,EW,EW,False,False,0.37323076321315396,1.0594656433113427,6055,3676,False,False,False,False
3133,CSS_J034137.0+312831,EW,EW,False,False,0.4543113451353091,1.045663242852238,1333,4248,False,False,False,False
3134,CSS_J021708.0+224447,EW,EW,False,False,0.38331236276184694,1.0283758215361731,4942,5056,False,False,False,False
3135,CSS_J095335.4+403319,EA,EA,False,False,0.4961369811112902,1.0768073690343414,601,3107,False,False,False,False
3136,CSS_J210209.2+072637,EW,EW,False,False,0.4576590972139718,1.069935515701772,1263,3301,False,False,False,False
3137,CSS_J075716.9+405238,EW,EW,False,False,0.44603443579568414,1.2043923990453778,1518,1035,False,False,False,False
3138,CSS_J164110.7+335222,EW,EW,False,False,0.4032897211941636,1.0739900441514187,3269,3176,False,False,False,False
3139,CSS_J105752.9-182402,EW,EW,False,False,0.4368132622011951,1.3094126191298003,1796,470,False,False,False,False
3140,CSS_J045405.3+170719,EW,EW,False,False,0.4092543602703059,1.057528385483511,2931,3748,False,False,False,False
3141,CSS_J221139.5-040239,EW,EW,False,False,0.39183514399530855,1.0531350793992644,4160,3918,False,False,False,False
3142,CSS_J135307.1+290851,EA,EA,False,False,0.6041884296505871,1.4063605597003028,124,252,True,False,False,False
3143,CSS_J152338.3-192907,EW,EW,False,False,0.40100114150212945,1.0112954926346354,3423,6040,False,False,False,False
3144,CSS_J105648.3-053323,RRc,EW,True,False,0.39517453448574014,1.026219703556619,3853,5174,False,False,False,False
3145,CSS_J044804.7+194223,EW,EW,False,False,0.3528480744561887,1.0172405759528322,7925,5683,False,False,False,False
3146,CSS_J051200.5-074547,EW,EW,False,False,0.35314413668618594,0.9937191577493973,7906,7107,False,False,False,False
3147,CSS_J085514.8+293657,EW,EW,False,False,0.36713180037057386,1.059012039319231,6698,3688,False,False,False,False
3148,CSS_J051023.7+134410,EA,EA,False,False,0.5098164198694247,1.178623296448263,466,1249,False,False,False,False
3149,CSS_J212918.8+083452,EW,RRc,True,False,0.3686628525265369,0.9868035873040606,6534,7496,False,False,False,False
3150,CSS_J210536.1+023001,RRc,RRc,False,False,0.39832644447870297,1.0346077361686044,3619,4746,False,False,False,False
3151,CSS_J085925.9+112444,EW,EW,False,False,0.3800123634513884,1.0705414193746772,5289,3284,False,False,False,False
3152,CSS_J082738.9-020034,EW,EW,False,False,0.36134479266523034,1.0060589517448602,7287,6375,False,False,False,False
3153,CSS_J095731.1+042753,EW,EW,False,False,0.39452298503888994,1.4579027282195134,3906,188,False,False,False,False
3154,CSS_J230619.3+093029,RRab,RRab,False,False,0.5547689911434553,1.0393570553458118,235,4524,False,False,False,False
3155,CSS_J210325.1-144013,RS CVn,RRab,True,True,0.3971316992784837,1.2026429764048576,3704,1050,False,False,False,False
3156,CSS_J071053.8+404500,EW,EW,False,False,0.3872591010765849,1.0222962214508888,4559,5380,False,False,False,False
3157,CSS_J131202.0-182340,RRc,RRab,True,False,0.38796537745935844,1.16352372541955,4506,1432,False,False,False,False
3158,CSS_J110033.5+122738,RS CVn,RS CVn,False,True,0.4284564745032594,1.0308757820075454,2054,4933,False,False,False,False
3159,CSS_J154611.8-094317,EW,EW,False,False,0.3641060509595781,1.0406760475835808,7011,4460,False,False,False,False
3160,CSS_J210714.8-041303,RRc,RRc,False,False,0.4483602192903123,1.3389009128789773,1460,387,False,False,False,False
3161,CSS_J032706.4+172924,EW,EW,False,False,0.42234532341887027,1.0361922995221122,2303,4670,False,False,False,False
3162,CSS_J220730.5-162002,RRab,RRab,False,False,0.4761226783600131,1.0180532064410586,906,5625,False,False,False,False
3163,CSS_J070152.8+400358,EW,EW,False,False,0.414532922557187,0.9948513420944016,2653,7048,False,False,False,False
3164,CSS_J022442.4+353824,EW,EW,False,False,0.3669696992059686,1.009148953769288,6718,6175,False,False,False,False
3165,CSS_J090452.5-101423,LPV,EW,True,False,0.5014722623135093,1.228966440096113,546,844,False,False,False,False
3166,CSS_J011912.3+315826,EW,EW,False,False,0.3778796673068592,0.9915171306840556,5486,7237,False,False,False,False
3167,CSS_J110149.9-101744,RRc,EW,True,False,0.3849382878266667,1.04377201876719,4773,4333,False,False,False,False
3168,CSS_J031317.4+324026,EW,EW,False,False,0.36518128813428885,1.053333876447585,6918,3908,False,False,False,False
3169,CSS_J105553.6+132856,EW,EW,False,False,0.3627083633092897,1.0448477437778643,7156,4290,False,False,False,False
3170,CSS_J145008.2+302059,RRc,RRc,False,False,0.3917524627250221,0.9910971947707417,4165,7262,False,False,False,False
3171,CSS_J032700.9-075107,EW,EW,False,False,0.491822719412494,1.198371427290722,662,1077,False,False,False,False
3172,CSS_J231959.8+335132,EW,EW,False,False,0.3532897716144191,1.008865142053533,7900,6201,False,False,False,False
3173,CSS_J155714.4+014013,EW,EW,False,False,0.3532078366076827,1.0292763763234043,7905,5003,False,False,False,False
3174,CSS_J051152.3-125053,EW,EW,False,False,0.3709728781342127,1.0810137694710553,6301,2975,False,False,False,False
3175,CSS_J054508.4+010555,EW,EW,False,False,0.37131105044878493,1.0160017431606598,6267,5744,False,False,False,False
3176,CSS_J204519.0-040154,EW,EW,False,False,0.3737002746804778,0.9717903433781243,5994,7935,False,False,False,False
3177,CSS_J220014.2+185725,EW,EW,False,False,0.39749538758719444,1.3806003026911686,3680,295,False,False,False,False
3178,CSS_J012939.5+350049,EW,EW,False,False,0.3709849710875994,0.967793919781486,6299,7973,False,False,False,False
3179,CSS_J170948.8+221332,EW,EA,True,False,0.42704198477648303,1.058352656124916,2112,3717,False,False,False,False
3180,CSS_J052312.5-090742,EW,EW,False,False,0.4622141226151879,1.3524687153832367,1160,351,False,False,False,False
3181,CSS_J101711.9+090740,EW,EW,False,False,0.358657730705426,1.0325734310005794,7541,4845,False,False,False,False
3182,CSS_J140556.0+014031,RS CVn,RS CVn,False,True,0.4175784821962289,1.1109127403021377,2512,2251,False,False,False,False
3183,CSS_J041254.8+325602,EW,EW,False,False,0.36723401925861643,1.0175324530808685,6690,5661,False,False,False,False
3184,CSS_J232140.2+215951,EW,EW,False,False,0.3659890180335898,0.9760389978022118,6819,7866,False,False,False,False
3185,CSS_J231649.0+114207,RRc,RRab,True,False,0.44579811212533604,1.506768032063422,1524,138,False,True,False,False
3186,CSS_J121815.9+204002,EW,EW,False,False,0.4282144450466629,1.2166687478253748,2065,928,False,False,False,False
3187,CSS_J044606.8-013932,EW,EW,False,False,0.38174776836336666,1.0547995269312558,5103,3845,False,False,False,False
3188,CSS_J223553.3+193852,EW,EW,False,False,0.39976724593777724,1.0054274910931302,3518,6429,False,False,False,False
3189,CSS_J003356.9+311458,EW,EW,False,False,0.3632120345811323,1.1353972829454082,7098,1803,False,False,False,False
3190,CSS_J024657.3+392509,RS CVn,EW,True,True,0.47214089940322806,0.9622203158635921,975,7994,False,False,False,False
3191,CSS_J082548.5+390545,RRc,RRc,False,False,0.3817148375991391,1.0345936145782324,5105,4748,False,False,False,False
3192,CSS_J180451.4+392258,EW,EW,False,False,0.5242324780964791,1.055588822269912,380,3813,False,False,False,False
3193,CSS_J051252.0-024008,EA,EW,True,False,0.44775051806958466,1.3268473484997976,1478,415,False,False,False,False
3194,CSS_J065648.5+360651,EW,EW,False,False,0.4407897034017664,1.0178792262303937,1657,5642,False,False,False,False
3195,CSS_J104155.5+003520,RRab,RRc,True,False,0.3839033720404242,1.0449035390563293,4881,4286,False,False,False,False
3196,CSS_J200307.8-164307,RRab,RRab,False,False,0.44934479366688274,1.358660888382515,1432,337,False,False,False,False
3197,CSS_J083702.8+270019,EA,EA,False,False,0.4582019603179355,0.9880751886534787,1249,7423,False,False,False,False
3198,CSS_J050928.9-012534,EA,EW,True,False,0.48977196460755007,1.1532609313605837,682,1555,False,False,False,False
3199,CSS_J164844.1+073205,RRc,RRc,False,False,0.37012124729626084,1.015430430559153,6385,5774,False,False,False,False
3200,CSS_J090523.9-104654,EW,EW,False,False,0.46288421362723947,1.3911961929938876,1144,274,False,False,False,False
3201,CSS_J172341.1+462034,EA,EA,False,False,0.514074012290033,1.1140970912009531,432,2192,False,False,False,False
3202,CSS_J025529.1+081402,EW,EW,False,False,0.3654594593566283,0.9779023827821218,6888,7835,False,False,False,False
3203,CSS_J130021.3-055822,EA,EA,False,False,0.5144801894548082,0.9913457140826042,427,7251,False,False,False,False
3204,CSS_J135105.2-110129,EW,EW,False,False,0.4024928097339828,1.2340458296223404,3320,810,False,False,False,False
3205,CSS_J030015.4-045941,RRc,EW,True,False,0.4960780097222639,1.1887353700350722,603,1146,False,False,False,False
3206,CSS_J081314.2+074146,RRc,RRc,False,False,0.4074762280314102,1.175888050781827,3023,1274,False,False,False,False
3207,CSS_J062952.1+544013,EW,EW,False,False,0.3597021014525839,0.987604175937874,7452,7447,False,False,False,False
3208,CSS_J173415.4+332237,EW,EW,False,False,0.43377876898721135,1.0461928029923317,1886,4221,False,False,False,False
3209,CSS_J070432.4+422525,EW,EW,False,False,0.4153193142524111,0.9863065307107698,2620,7525,False,False,False,False
3210,CSS_J224930.8+053403,EW,EW,False,False,0.44901589384973506,1.0274254735091333,1438,5104,False,False,False,False
3211,CSS_J041858.2+210038,EA,EA,False,False,0.43756955731407454,1.3917808496355506,1765,273,False,False,False,False
3212,CSS_J203700.9-062112,EA,EA,False,False,0.4194821627346152,0.9784895042500272,2426,7820,False,False,False,False
3213,CSS_J225650.7+345101,EW,EW,False,False,0.36710798861971716,0.9974039461124982,6702,6902,False,False,False,False
3214,CSS_J103556.4+193015,EW,EW,False,False,0.4504985170014775,1.2527788871901906,1407,715,False,False,False,False
3215,CSS_J204910.1-122535,EW,EW,False,False,0.35263522394821617,1.1693061373037248,7937,1349,False,False,False,False
3216,CSS_J151629.1+332030,EW,EW,False,False,0.43707065654643845,1.0094110501905293,1784,6155,False,False,False,False
3217,CSS_J002649.1+120752,EW,EW,False,False,0.35907480325993063,1.020334814607295,7512,5488,False,False,False,False
3218,CSS_J074354.1+255803,EW,EW,False,False,0.379521929117389,1.0346029319032035,5343,4747,False,False,False,False
3219,CSS_J102820.1+641218,EW,EW,False,False,0.3840729447504452,1.0029266800068577,4856,6582,False,False,False,False
3220,CSS_J155045.6+101855,EW,EW,False,False,0.35683407768612907,1.0078466805075916,7674,6269,False,False,False,False
3221,CSS_J043332.8+291537,EA,EA,False,False,0.447660720846967,0.9912901814580639,1481,7254,False,False,False,False
3222,CSS_J123942.7+250200,RRc,RRc,False,False,0.3659697554926849,1.0272515981599968,6821,5118,False,False,False,False
3223,CSS_J054144.0+003141,RRc,RRc,False,False,0.3649335961208095,0.9862215646575081,6939,7534,False,False,False,False
3224,CSS_J174107.3+484314,RRd,RRab,True,True,0.4114364994554833,1.382469593316973,2829,290,False,False,False,False
3225,CSS_J015110.2+283740,EA,EA,False,False,0.48529302362232374,1.0582822937367482,754,3719,False,False,False,False
3226,CSS_J223207.6-184313,EW,EW,False,False,0.4376893408194245,1.4797440565000797,1758,160,False,True,False,False
3227,CSS_J164316.2+370822,RRc,RRc,False,False,0.3960212220692228,1.0120174504803203,3792,5986,False,False,False,False
3228,CSS_J082930.5+452105,EW,EW,False,False,0.38108158802879893,1.0244801356827908,5179,5264,False,False,False,False
3229,CSS_J063200.3+640046,EW,EW,False,False,0.4313242086419597,1.0428125394389283,1968,4378,False,False,False,False
3230,CSS_J135721.9-013022,RRab,RRab,False,False,0.4290842544155169,1.051767716523791,2031,3981,False,False,False,False
3231,CSS_J172729.1+183950,EW,EW,False,False,0.41291375615256415,1.0329124313609443,2749,4827,False,False,False,False
3232,CSS_J231653.2+310020,EW,EW,False,False,0.3960562733941739,1.0334499633041392,3787,4801,False,False,False,False
3233,CSS_J042306.5+224713,EW,EW,False,False,0.3577320287381432,1.0051874878377816,7604,6441,False,False,False,False
3234,CSS_J050421.8-121440,EW,EA,True,False,0.42131112516179514,1.0049310113759184,2348,6453,False,False,False,False
3235,CSS_J184816.3+414748,RRab,RRab,False,False,0.4655454714530939,1.0105944199620305,1094,6083,False,False,False,False
3236,CSS_J015505.3+321146,RRc,RRc,False,False,0.39934982446595607,1.0368275434663965,3554,4641,False,False,False,False
3237,CSS_J040041.7+233835,EW,EW,False,False,0.36974206624018563,1.046791902834039,6423,4198,False,False,False,False
3238,CSS_J211921.6-100624,EA,EA,False,False,0.5906946665956505,1.1605238178948414,151,1470,True,False,False,False
3239,CSS_J103552.6+553237,RRab,RRab,False,False,0.395884932034705,1.0421752325806748,3802,4412,False,False,False,False
3240,CSS_J171818.8+193211,EW,EW,False,False,0.39260846197125643,1.1378427592402947,4080,1763,False,False,False,False
3241,CSS_J012354.0+323724,EW,EW,False,False,0.3984677122666624,1.0108218506096665,3610,6071,False,False,False,False
3242,CSS_J210650.1+092620,EW,EW,False,False,0.3756307856453931,1.0101721215122401,5746,6107,False,False,False,False
3243,CSS_J171015.0+220909,EA,EA,False,False,0.5983828134560831,1.2419053544453964,134,776,True,False,False,False
3244,CSS_J002533.1-051830,RRc,RRc,False,False,0.45502363490591985,1.24821631260012,1319,736,False,False,False,False
3245,CSS_J223751.9+194112,EW,EW,False,False,0.38886896257779435,1.0035784357101125,4434,6546,False,False,False,False
3246,CSS_J161746.3+135313,EW,EW,False,False,0.3604393232380535,1.004107927413124,7380,6508,False,False,False,False
3247,CSS_J221327.6+163420,EW,EW,False,False,0.3982857215415443,1.113763491800469,3622,2198,False,False,False,False
3248,CSS_J110142.9+093721,EW,EW,False,False,0.3900319463350369,1.0132961583491649,4323,5902,False,False,False,False
3249,CSS_J225639.3+330632,EW,EW,False,False,0.3612528236452716,1.0674864123433792,7300,3388,False,False,False,False
3250,CSS_J032208.2+352505,EW,EW,False,False,0.3515239791246717,0.9798039774312581,7971,7780,False,False,False,False
3251,CSS_J123611.7+304144,RRab,RRab,False,False,0.41701658591922275,1.3594476568698037,2539,334,False,False,False,False
3252,CSS_J064555.4+365244,EW,EW,False,False,0.40271218739995474,1.0245003219736328,3309,5263,False,False,False,False
3253,CSS_J203528.4-101944,EW,EW,False,False,0.48809164535380034,1.391067314291819,705,276,False,False,False,False
3254,CSS_J054707.7+051611,EW,EW,False,False,0.3787632602075133,1.045687104888326,5404,4246,False,False,False,False
3255,CSS_J065354.2+402112,EW,EW,False,False,0.397946596417538,0.9718640578652662,3639,7933,False,False,False,False
3256,CSS_J054428.2+070604,EW,EW,False,False,0.36813811240707744,1.0324793778178447,6598,4850,False,False,False,False
3257,CSS_J051655.5-111053,EA,EA,False,False,0.43280145509107176,0.9932302209131632,1926,7130,False,False,False,False
3258,CSS_J034803.0+380642,EW,EW,False,False,0.36795154646326567,1.0048906761575178,6618,6456,False,False,False,False
3259,CSS_J162250.1-121933,RRab,RRab,False,False,0.47871154841906133,1.0857977527325988,860,2841,False,False,False,False
3260,CSS_J232810.3+205211,EW,EW,False,False,0.38705601520549787,1.022038691112267,4582,5392,False,False,False,False
3261,CSS_J061925.2+523804,EW,EW,False,False,0.37387414404041597,1.135848042389313,5973,1797,False,False,False,False
3262,CSS_J092028.5-145354,RRc,EW,True,False,0.3822982533327614,1.0567220103617718,5034,3781,False,False,False,False
3263,CSS_J202756.8-135807,EW,EW,False,False,0.36964915787743163,1.4649604498134225,6433,177,False,False,False,False
3264,CSS_J040029.8-022605,EW,EW,False,False,0.37291471028477696,1.0264505953788192,6093,5161,False,False,False,False
3265,CSS_J203219.8-120421,RRab,EW,True,False,0.38868610957544036,1.0269585510150079,4443,5134,False,False,False,False
3266,CSS_J154852.9-095647,EW,EW,False,False,0.4935750057827937,1.3551138290834583,633,344,False,False,False,False
3267,CSS_J174502.6+383911,RRc,EW,True,False,0.4188591163000933,0.9839288984321681,2453,7635,False,False,False,False
3268,CSS_J113511.7-152855,EW,EW,False,False,0.4143565433669614,1.160016573978111,2666,1479,False,False,False,False
3269,CSS_J230240.1+040747,EW,EW,False,False,0.3849616608906617,1.0189335106002875,4771,5569,False,False,False,False
3270,CSS_J021435.7+000628,EA,EA,False,False,0.5281520746523832,1.2256923286387764,356,863,False,False,False,False
3271,CSS_J155347.2+181447,EW,EW,False,False,0.3696315096606571,1.0488325222921782,6436,4099,False,False,False,False
3272,CSS_J075857.2+194628,EW,EW,False,False,0.38589784266061317,1.0740228667288323,4685,3175,False,False,False,False
3273,CSS_J045006.0+245824,EW,EW,False,False,0.3743882404820318,1.0560802144699526,5917,3797,False,False,False,False
3274,CSS_J145657.0+151648,EW,EW,False,False,0.3869613804837948,1.149007006853098,4588,1616,False,False,False,False
3275,CSS_J050547.4+220916,EW,EW,False,False,0.3907637277205247,0.9821382310494554,4249,7710,False,False,False,False
3276,CSS_J081728.7+352940,EW,EW,False,False,0.3894053635259463,1.255794968163844,4383,703,False,False,False,False
3277,CSS_J131018.6-154939,EW,EW,False,False,0.3832121397479165,1.1133983176787505,4953,2204,False,False,False,False
3278,CSS_J171248.5+160054,EW,EW,False,False,0.3597849804602683,1.0670219067402185,7445,3408,False,False,False,False
3279,CSS_J211328.1-022554,EA,EA,False,False,0.4952293383985676,1.076973718534562,612,3100,False,False,False,False
3280,CSS_J113334.4+220600,RS CVn,EW,True,True,0.3806607673513403,1.1425280765314347,5230,1700,False,False,False,False
3281,CSS_J073339.7+530019,RRc,RRc,False,False,0.42381402566833215,1.0243029306306657,2251,5277,False,False,False,False
3282,CSS_J220348.5-024001,EW,EW,False,False,0.4945945760896903,1.7472609467108,621,40,False,True,False,False
3283,CSS_J075847.7+104107,EW,EW,False,False,0.3733537638998903,0.998317608350437,6040,6860,False,False,False,False
3284,CSS_J051335.0+070358,EW,EW,False,False,0.379411266147508,1.3055890699959924,5357,488,False,False,False,False
3285,CSS_J072211.3+232014,EW,EW,False,False,0.38177859242735024,1.0744738740031452,5095,3163,False,False,False,False
3286,CSS_J085905.7+091554,EW,EW,False,False,0.40621903581746394,1.1255113554389138,3089,1970,False,False,False,False
3287,CSS_J231739.1+443010,EW,EW,False,False,0.3760551689701867,0.9961110981455613,5698,6971,False,False,False,False
3288,CSS_J030915.2+283704,EW,EW,False,False,0.3914324369587733,1.0761093655016833,4193,3123,False,False,False,False
3289,CSS_J214517.1+175840,EW,EW,False,False,0.3883783558269057,1.0452537255817052,4471,4265,False,False,False,False
3290,CSS_J025237.4+372053,EW,EW,False,False,0.4464693401760417,1.0869890783083096,1505,2806,False,False,False,False
3291,CSS_J063636.4+411333,EW,EW,False,False,0.3501869971377798,0.9738309630547946,7994,7909,False,False,False,False
3292,CSS_J041403.2-163921,RRc,RRc,False,False,0.4144212666518239,1.2645042887315818,2662,659,False,False,False,False
3293,CSS_J052347.8-020735,RS CVn,EW,True,True,0.4267132833427731,0.998206936465911,2135,6870,False,False,False,False
3294,CSS_J104204.5-101451,EW,EW,False,False,0.391298110997334,1.3358776925909,4207,395,False,False,False,False
3295,CSS_J152315.4-165257,EW,EW,False,False,0.39136410035411173,1.0337456575282309,4200,4791,False,False,False,False
3296,CSS_J163345.8+221820,EW,EW,False,False,0.35394454534770387,0.9825571865596965,7860,7692,False,False,False,False
3297,CSS_J051513.1-042307,EW,EW,False,False,0.3811234260481249,1.0974482391054263,5173,2559,False,False,False,False
3298,CSS_J032848.2+082937,EW,RRc,True,False,0.4214358908654188,1.0874190067393286,2340,2792,False,False,False,False
3299,CSS_J153533.5+145053,EA,EA,False,False,0.4262106148130416,0.993480796243775,2156,7117,False,False,False,False
3300,CSS_J213420.3+014901,EW,EW,False,False,0.3658047515656981,1.1113106146193572,6842,2246,False,False,False,False
3301,CSS_J045603.8-083420,EW,EW,False,False,0.3505713036433157,1.0251106514324895,7991,5237,False,False,False,False
3302,CSS_J145856.8+223925,RRc,RRc,False,False,0.41107866501447266,1.055806000102762,2848,3807,False,False,False,False
3303,CSS_J051247.0+131533,RS CVn,EW,True,True,0.3665742926708391,1.1251953867831879,6758,1975,False,False,False,False
3304,CSS_J084530.8+130832,EW,EW,False,False,0.3538722408722525,0.991564298216338,7864,7232,False,False,False,False
3305,CSS_J222957.9+360106,RRab,RRab,False,False,0.4001234411923517,1.0182022800902368,3492,5615,False,False,False,False
3306,CSS_J045549.2+132652,EW,EW,False,False,0.35946046572880924,1.1637875586123267,7475,1429,False,False,False,False
3307,CSS_J022417.1+363532,EW,EW,False,False,0.381921017588566,1.032170046092594,5078,4870,False,False,False,False
3308,CSS_J141700.6-093521,RRc,RRc,False,False,0.4134353014968323,1.0527349247677171,2714,3941,False,False,False,False
3309,CSS_J223828.2+120641,RRc,RRc,False,False,0.38484656953316826,1.0517180015305936,4783,3986,False,False,False,False
3310,CSS_J114343.8-134154,EW,EW,False,False,0.3928971652595682,1.1625421432163008,4055,1444,False,False,False,False
3311,CSS_J163630.4+301412,RRc,RRc,False,False,0.39990232466782183,1.0073526439008842,3507,6300,False,False,False,False
3312,CSS_J080608.2+410206,RRc,RRc,False,False,0.3885536925928401,0.9904102560305944,4456,7300,False,False,False,False
3313,CSS_J050001.6+191632,EW,EW,False,False,0.38627724622356807,1.0209422425452783,4650,5457,False,False,False,False
3314,CSS_J110422.0+264217,EW,EW,False,False,0.4568384143948608,1.1159870104468603,1284,2155,False,False,False,False
3315,CSS_J091353.7-012001,RRc,RRc,False,False,0.3938237878789393,1.1361765685162584,3955,1794,False,False,False,False
3316,CSS_J090447.8+494011,EW,EW,False,False,0.420919124147934,1.0591160159196438,2367,3685,False,False,False,False
3317,CSS_J171024.6+480256,EW,EW,False,False,0.469988968517464,1.4651185853526665,1016,176,False,False,False,False
3318,CSS_J223140.3-122930,EW,EW,False,False,0.3745702799937264,1.0119918329421846,5897,5989,False,False,False,False
3319,CSS_J045833.3+185233,EW,EW,False,False,0.41704413578978533,1.0127262296814645,2538,5933,False,False,False,False
3320,CSS_J134005.2-021955,EW,EW,False,False,0.40650605006035506,1.0984606115362787,3071,2538,False,False,False,False
3321,CSS_J085033.9+023353,RRab,RRc,True,False,0.4756728645985071,1.5332906780832098,914,109,False,True,False,False
3322,CSS_J221413.6+105116,EW,EW,False,False,0.37681388221472334,1.1155364768620568,5614,2165,False,False,False,False
3323,CSS_J025744.2+064240,EA,EA,False,False,0.46524093521843674,1.1579777823277706,1102,1499,False,False,False,False
3324,CSS_J045942.6+120628,EA,EA,False,False,0.6542873482051434,1.0709523979458688,78,3270,True,False,False,False
3325,CSS_J084242.5+212456,EW,EW,False,False,0.6930300315071678,1.4632280809360085,48,181,True,False,False,False
3326,CSS_J212535.0+170416,EA,EA,False,False,0.497581259738111,1.0857552061339326,586,2842,False,False,False,False
3327,CSS_J131202.6+615056,RRc,RRc,False,False,0.39131821929925664,0.9886536828127699,4203,7392,False,False,False,False
3328,CSS_J231929.1+180135,EW,EW,False,False,0.4790584881360872,1.6046395004072334,848,68,False,True,False,False
3329,CSS_J121357.1+452858,RRc,RRd,True,False,0.3758691980557537,1.0483607202992835,5722,4120,False,False,False,False
3330,CSS_J033655.0+301955,EW,EW,False,False,0.37435778567790895,0.9989947528413741,5921,6815,False,False,False,False
3331,CSS_J210337.5-022408,EW,EW,False,False,0.38107018646418256,1.068312178477398,5181,3359,False,False,False,False
3332,CSS_J175321.7+382228,EW,EW,False,False,0.3740339375073359,1.0597333237771553,5956,3666,False,False,False,False
3333,CSS_J224904.1+052122,RRc,RRc,False,False,0.4131776457538478,1.0429726528089807,2734,4369,False,False,False,False
3334,CSS_J035947.5+365246,RRc,RRc,False,False,0.4222012141330132,1.28356646520692,2307,575,False,False,False,False
3335,CSS_J172650.8+255550,EW,EW,False,False,0.3901400485992726,1.0925744295788922,4319,2659,False,False,False,False
3336,CSS_J065311.8+500623,EA,EA,False,False,0.39895820665802406,0.98311658356956,3573,7672,False,False,False,False
3337,CSS_J222023.0+114014,EW,EW,False,False,0.3774384860440147,1.281822754057655,5537,583,False,False,False,False
3338,CSS_J212213.5+045932,EW,EW,False,False,0.3924029336318354,0.9893912965298728,4107,7358,False,False,False,False
3339,CSS_J082822.2+374344,EW,EW,False,False,0.3984704430339416,1.001984942894517,3609,6645,False,False,False,False
3340,CSS_J102522.0+400437,EW,EW,False,False,0.5783821595625733,1.2481191722545208,182,737,False,False,False,False
3341,CSS_J013600.3-174923,EW,EW,False,False,0.38147529080479803,1.0674492757552971,5126,3391,False,False,False,False
3342,CSS_J094943.7+183313,EW,EW,False,False,0.3724573251295382,0.985428130174878,6142,7571,False,False,False,False
3343,CSS_J181843.5+351443,EW,EW,False,False,0.4344496743387337,1.0075236604426965,1870,6287,False,False,False,False
3344,CSS_J054343.8-145034,EW,EW,False,False,0.3823147210104079,1.0155964166588844,5030,5762,False,False,False,False
3345,CSS_J114918.5+063726,EW,RRc,True,False,0.40528690512846394,1.0047214646811278,3144,6468,False,False,False,False
3346,CSS_J151432.3-072538,RRc,RRc,False,False,0.37273655640206604,1.0600278756672732,6112,3651,False,False,False,False
3347,CSS_J055501.5-035104,LPV,LPV,False,False,0.707947002976528,1.0765280868269014,33,3115,True,False,False,False
3348,CSS_J171837.2+282906,EW,EW,False,False,0.3649208936309353,0.9943012283880138,6941,7083,False,False,False,False
3349,CSS_J025901.3+265320,EW,EW,False,False,0.38139610001992524,1.0488889666816033,5137,4095,False,False,False,False
3350,CSS_J132652.5+035445,RRc,RRab,True,False,0.47545287679133513,1.0627735709666513,919,3557,False,False,False,False
3351,CSS_J213442.8+192916,EW,EW,False,False,0.42955834472686755,1.1098785155307695,2019,2272,False,False,False,False
3352,CSS_J230525.8+285322,EW,EW,False,False,0.4418282288973313,1.0483075004935176,1631,4123,False,False,False,False
3353,CSS_J011629.5+442400,EW,EW,False,False,0.37772920654698416,1.0919848886480437,5498,2678,False,False,False,False
3354,CSS_J034825.0+380551,RRc,RRc,False,False,0.3663302081545706,1.082229600731714,6785,2930,False,False,False,False
3355,CSS_J141248.0+030740,EW,EW,False,False,0.36306653316597104,1.0308898075477586,7117,4932,False,False,False,False
3356,CSS_J210106.3+140050,EW,EW,False,False,0.42122195902145104,1.0122231923873461,2351,5974,False,False,False,False
3357,CSS_J123800.6-123823,EW,EW,False,False,0.39511493555121846,1.1697166259610121,3862,1343,False,False,False,False
3358,CSS_J091211.0-151230,EW,EW,False,False,0.42572054401978293,1.293739648033078,2176,540,False,False,False,False
3359,CSS_J155055.5-141640,EW,EW,False,False,0.4115153753831628,1.1867211407286358,2824,1170,False,False,False,False
3360,CSS_J084813.8+225836,EW,EW,False,False,0.3879856608349813,1.1474940262722275,4503,1640,False,False,False,False
3361,CSS_J173035.2+303643,EW,EW,False,False,0.398676266426953,1.0697803473038932,3598,3308,False,False,False,False
3362,CSS_J203208.6-032710,EW,EW,False,False,0.3950134757352266,1.1129929878845872,3866,2211,False,False,False,False
3363,CSS_J082629.2+055144,EA,EW,True,False,0.461610239325637,1.134842032575261,1169,1814,False,False,False,False
3364,CSS_J175612.7+333002,EW,EW,False,False,0.4150299265050126,1.1419578295956447,2629,1706,False,False,False,False
3365,CSS_J140437.2-020243,EW,EW,False,False,0.3967013992740871,1.047968324443972,3733,4138,False,False,False,False
3366,CSS_J032325.8+010634,EA,EA,False,False,0.4211628721269589,1.1388930648183793,2355,1747,False,False,False,False
3367,CSS_J080815.5+142451,EW,EW,False,False,0.42813416445439223,1.0617678641795172,2071,3596,False,False,False,False
3368,CSS_J072833.4+462057,EW,EW,False,False,0.37907128780480787,1.0089939806009443,5379,6188,False,False,False,False
3369,CSS_J215130.8+122336,EW,EW,False,False,0.36863549953292957,1.0488647946180665,6538,4097,False,False,False,False
3370,CSS_J154059.4+044952,EW,EW,False,False,0.3843995084833969,1.3870776982919426,4829,285,False,False,False,False
3371,CSS_J063134.4+692854,EW,EW,False,False,0.3631092106904356,1.0324315235809594,7112,4855,False,False,False,False
3372,CSS_J064435.5+393804,EW,EW,False,False,0.3522322650575859,0.991995933163596,7954,7205,False,False,False,False
3373,CSS_J064120.4+653346,RRc,EW,True,False,0.38426420719678017,1.069523075498861,4841,3317,False,False,False,False
3374,CSS_J230458.8+414221,EW,EW,False,False,0.40866920326329387,1.028752810268419,2963,5030,False,False,False,False
3375,CSS_J094544.9+054307,EA,EW,True,False,0.4304957399437282,1.04648656204219,1991,4208,False,False,False,False
3376,CSS_J084054.2+393938,EA,EA,False,False,0.3825733060995376,1.0260239446496349,5007,5185,False,False,False,False
3377,CSS_J210741.7-084244,EW,EW,False,False,0.3826374965578375,1.0542398756849094,5000,3873,False,False,False,False
3378,CSS_J051838.7-012906,EW,EW,False,False,0.410375947711921,0.9855246855171831,2877,7564,False,False,False,False
3379,CSS_J050829.7+230633,EW,EW,False,False,0.36070372936861983,1.0979891964305133,7353,2550,False,False,False,False
3380,CSS_J051159.1+032052,EW,EW,False,False,0.3693627214807524,1.1369161982760356,6465,1784,False,False,False,False
3381,CSS_J052232.0-090826,EW,EW,False,False,0.5255745216389033,2.0659614228766827,372,13,False,True,False,False
3382,CSS_J035052.7+182937,EW,EW,False,False,0.39216917323174216,1.14385325875263,4124,1685,False,False,False,False
3383,CSS_J224821.7+321459,RS CVn,EW,True,True,0.40651788458748983,1.0206977011739955,3069,5474,False,False,False,False
3384,CSS_J091136.6-013727,EA,EA,False,False,0.4368936472472581,1.1501282864389337,1790,1595,False,False,False,False
3385,CSS_J003211.4+365823,EW,EW,False,False,0.3770363726702818,1.0499895589684238,5587,4061,False,False,False,False
3386,CSS_J204712.8-110619,EW,EW,False,False,0.42034435481327415,1.0758763482999392,2390,3128,False,False,False,False
3387,CSS_J082150.3+013851,EW,EW,False,False,0.37213790351683923,1.0055272935000772,6184,6420,False,False,False,False
3388,CSS_J103009.5-133828,EW,EW,False,False,0.37736968750067174,1.0929413127366714,5549,2647,False,False,False,False
3389,CSS_J225831.4-090753,EW,EW,False,False,0.433562229559818,1.071071740967853,1896,3265,False,False,False,False
3390,CSS_J231450.3+022756,EW,EW,False,False,0.3570444216457951,0.9982096586586608,7662,6869,False,False,False,False
3391,CSS_J002157.4+201003,EW,EW,False,False,0.3847691373416618,0.9954031587567425,4790,7008,False,False,False,False
3392,CSS_J234731.0+371803,EW,EW,False,False,0.4038473296057728,1.0252645096893025,3241,5228,False,False,False,False
3393,CSS_J051907.0+062438,RS CVn,EW,True,True,0.4449804915039499,1.0081084356543693,1555,6248,False,False,False,False
3394,CSS_J174205.7+443530,EW,EW,False,False,0.37242720009889857,1.0688794506981867,6145,3340,False,False,False,False
3395,CSS_J023120.9+142947,EW,EW,False,False,0.38137397092431896,0.9756057310901911,5143,7871,False,False,False,False
3396,CSS_J005325.1+421839,EW,EW,False,False,0.44563355718978787,1.3463473800616788,1530,368,False,False,False,False
3397,CSS_J010323.7+314331,EW,EW,False,False,0.3713608780499817,1.0060505873931436,6261,6377,False,False,False,False
3398,CSS_J171539.3+585151,EW,EW,False,False,0.520754880269042,1.5379138649035045,395,107,False,True,False,False
3399,CSS_J042043.4+345110,EW,EW,False,False,0.4741359415077554,1.4151754704303519,938,242,False,False,False,False
3400,CSS_J211016.7+123230,EW,EW,False,False,0.3599007147759325,0.9789341492306697,7427,7805,False,False,False,False
3401,CSS_J044205.4-170556,RRc,EW,True,False,0.41417314965961605,1.0222347215718028,2675,5384,False,False,False,False
3402,CSS_J072218.7+444613,EA,EA,False,False,0.43708381043154554,0.9967900797247958,1783,6925,False,False,False,False
3403,CSS_J203306.2-172049,EW,EW,False,False,0.3718708774471194,0.9924699603428173,6210,7172,False,False,False,False
3404,CSS_J014458.1-013526,EW,EW,False,False,0.36788272382451365,0.9938444657117886,6624,7102,False,False,False,False
3405,CSS_J052232.0-101820,EW,EW,False,False,0.4118132796839931,1.1437259407849045,2807,1689,False,False,False,False
3406,CSS_J130720.0-113633,EW,EW,False,False,0.37540086837993963,1.1469466596147546,5775,1646,False,False,False,False
3407,CSS_J002349.2-135352,EW,EW,False,False,0.43148919482434817,1.187767355215815,1961,1154,False,False,False,False
3408,CSS_J060228.7-101335,EW,EW,False,False,0.41379694355467334,1.1827445459869523,2694,1212,False,False,False,False
3409,CSS_J020404.5+014359,EW,EW,False,False,0.3776011069070546,1.1104019671614824,5511,2261,False,False,False,False
3410,CSS_J212802.7+112356,EW,EW,False,False,0.37009533502582775,1.0088501609240368,6388,6203,False,False,False,False
3411,CSS_J092412.0+273029,EW,EW,False,False,0.36652109326856913,1.0212964517540857,6762,5439,False,False,False,False
3412,CSS_J182539.3+455511,EW,EW,False,False,0.3881498012374916,1.1008763738431366,4487,2479,False,False,False,False
3413,CSS_J035627.7+040107,EW,EW,False,False,0.3537170647860356,1.0530844267706572,7869,3921,False,False,False,False
3414,CSS_J162524.0+283855,EW,EW,False,False,0.3777814238771572,1.076938821164446,5496,3102,False,False,False,False
3415,CSS_J163332.6+035851,EA,EA,False,False,0.4249041046064523,0.9755405095099974,2201,7873,False,False,False,False
3416,CSS_J075241.4+323558,EW,EW,False,False,0.4355631753313998,1.039530859446005,1832,4511,False,False,False,False
3417,CSS_J005828.4+314044,EA,EA,False,False,0.5995461385869021,1.0102969227420473,133,6099,True,False,False,False
3418,CSS_J135659.5+035532,RS CVn,EW,True,True,0.5818256750878299,1.5464069297735705,170,101,False,True,False,False
3419,CSS_J231119.4+311549,EW,EW,False,False,0.38981971996227704,1.1298877976888346,4341,1895,False,False,False,False
3420,CSS_J044516.2+204321,EW,EW,False,False,0.4160971710847481,0.9921130338131261,2581,7196,False,False,False,False
3421,CSS_J203957.1-082542,EW,EW,False,False,0.3709256441268016,0.9924329784459467,6307,7177,False,False,False,False
3422,CSS_J024628.8+360159,EA,EA,False,False,0.5132983225367994,1.0099300476513462,439,6118,False,False,False,False
3423,CSS_J082728.3+123721,EW,EW,False,False,0.3871559403633363,1.093910651739893,4569,2619,False,False,False,False
3424,CSS_J210048.6-130200,EW,EW,False,False,0.3586079350182691,1.1675106602517986,7545,1378,False,False,False,False
3425,CSS_J042045.1+365038,EW,EW,False,False,0.3812107547191699,1.038802042955774,5165,4547,False,False,False,False
3426,CSS_J075932.5+133943,EW,EW,False,False,0.44509584047764267,1.0230024865514515,1547,5338,False,False,False,False
3427,CSS_J170837.9+401421,EW,EW,False,False,0.41243616708801567,1.1234996581299797,2774,2005,False,False,False,False
3428,CSS_J170307.7+465619,EW,EW,False,False,0.36909886653280793,1.0026431395025337,6492,6598,False,False,False,False
3429,CSS_J011440.7+200334,EW,RRc,True,False,0.37886541965106996,1.06017664627546,5396,3644,False,False,False,False
3430,CSS_J231407.1+292209,EW,EW,False,False,0.374313030567585,0.9858831744130787,5925,7547,False,False,False,False
3431,CSS_J214011.6+233522,EW,EW,False,False,0.36697441431106403,1.0029501683562438,6717,6580,False,False,False,False
3432,CSS_J143758.3-041336,LPV,LPV,False,False,0.47289536539319216,1.0593324490977654,962,3679,False,False,False,False
3433,CSS_J220054.5+203311,EW,EW,False,False,0.38079223907889265,1.0527591160817256,5216,3939,False,False,False,False
3434,CSS_J021710.2+395445,EW,EW,False,False,0.39282830129660495,1.0879966139308066,4062,2777,False,False,False,False
3435,CSS_J164021.4+352125,EW,EW,False,False,0.46340368638138807,1.0606246520294915,1136,3632,False,False,False,False
3436,CSS_J165523.0+494753,EW,EW,False,False,0.3626280879074688,1.0014682354237459,7160,6674,False,False,False,False
3437,CSS_J020006.3+075620,EW,EW,False,False,0.3744103978859862,0.9767549522204535,5914,7850,False,False,False,False
3438,CSS_J210118.1+022921,EA,EA,False,False,0.4063136630900319,1.3183217010009398,3082,439,False,False,False,False
3439,CSS_J082301.9+295637,EA,EA,False,False,0.5107885207842254,1.0643310893519444,458,3500,False,False,False,False
3440,CSS_J045427.2+114401,EW,EW,False,False,0.37763118005900476,1.3131143173546689,5508,458,False,False,False,False
3441,CSS_J055036.9-171757,RRc,EW,True,False,0.37737630701612923,0.9914103528918672,5544,7245,False,False,False,False
3442,CSS_J111654.5+182114,EW,EW,False,False,0.4887404590151785,1.3002965523022885,694,508,False,False,False,False
3443,CSS_J234116.3+392234,EA,EA,False,False,0.4417661594668901,0.9676763268256376,1633,7976,False,False,False,False
3444,CSS_J021908.5+155646,RS CVn,EW,True,True,0.39515100968351735,0.9803965636948734,3856,7759,False,False,False,False
3445,CSS_J223720.2+332817,EA,EA,False,False,0.47634429496991143,1.0203906884160996,902,5487,False,False,False,False
3446,CSS_J075840.9+050255,EA,EW,True,False,0.3912029946246015,1.259872414987885,4219,686,False,False,False,False
3447,CSS_J113614.7+304205,EA,EA,False,False,0.4999511658176501,1.0716756894213189,557,3238,False,False,False,False
3448,CSS_J080539.2+431315,EW,EW,False,False,0.43453039343257077,1.1141093300864575,1867,2191,False,False,False,False
3449,CSS_J071732.8+331711,EW,EW,False,False,0.385700068338016,1.0160271377593546,4700,5743,False,False,False,False
3450,CSS_J074621.4+153425,RRc,RRc,False,False,0.391221132316938,0.9704505127403523,4217,7956,False,False,False,False
3451,CSS_J121723.4+012852,EW,EW,False,False,0.40052454181383457,1.287204358595597,3457,565,False,False,False,False
3452,CSS_J172124.4+333356,EW,EW,False,False,0.3999014656597412,1.0955495427108288,3508,2595,False,False,False,False
3453,CSS_J141715.0+305453,RRc,RRc,False,False,0.3655864451475616,0.9712987868660095,6869,7946,False,False,False,False
3454,CSS_J232039.7+214214,EW,EW,False,False,0.38751544424373074,1.0874746504498753,4534,2789,False,False,False,False
3455,CSS_J215449.5+162405,EW,EW,False,False,0.4045505870190323,1.0407794339136018,3199,4456,False,False,False,False
3456,CSS_J070625.2+352523,EW,EW,False,False,0.46549296595713846,1.1428979497744238,1096,1695,False,False,False,False
3457,CSS_J035858.0+221657,EW,EW,False,False,0.4411676840536247,1.0009858974724435,1647,6707,False,False,False,False
3458,CSS_J035436.5-053959,EA,EA,False,False,0.46877006679363475,0.9992662998651601,1038,6802,False,False,False,False
3459,CSS_J053013.0+114624,EW,RRc,True,False,0.38512088634455677,1.1559412389796409,4757,1521,False,False,False,False
3460,CSS_J173858.3+275129,RRab,EW,True,False,0.375686115103678,1.0818932663014715,5738,2948,False,False,False,False
3461,CSS_J045227.4+215218,EW,EW,False,False,0.38204862702940384,1.0266139123805762,5063,5152,False,False,False,False
3462,CSS_J045114.3-084725,EW,EW,False,False,0.3683678347043824,1.2155529556615456,6573,942,False,False,False,False
3463,CSS_J094203.6+290516,EW,RRc,True,False,0.3782930489863064,1.0609050585622484,5447,3624,False,False,False,False
3464,CSS_J224756.6+312038,RRc,RRc,False,False,0.4049034676564578,1.1928601512635448,3175,1114,False,False,False,False
3465,CSS_J044500.0-062055,EW,EW,False,False,0.42616648655666867,1.0278412720531085,2161,5089,False,False,False,False
3466,CSS_J092144.8+151429,EW,EW,False,False,0.40612200383910224,1.023578113302975,3098,5318,False,False,False,False
3467,CSS_J032242.5+185324,EA,EA,False,False,0.6666274860352788,1.1338262836654462,65,1835,True,False,False,False
3468,CSS_J005436.1+333429,EA,EA,False,False,0.42493659521584115,0.9991220265179968,2198,6809,False,False,False,False
3469,CSS_J052210.7+041943,EW,EW,False,False,0.409309378384668,0.9870450693878065,2926,7481,False,False,False,False
3470,CSS_J022704.8+400328,EW,EW,False,False,0.3704477383942238,1.022326518409499,6355,5379,False,False,False,False
3471,CSS_J221821.6+202350,EA,EA,False,False,0.4357584381628068,1.0179154321085928,1826,5639,False,False,False,False
3472,CSS_J174000.5+315811,EA,EA,False,False,0.5861769595990572,1.1254661258667675,163,1971,False,False,False,False
3473,CSS_J045626.5+043242,EW,EW,False,False,0.41776445459279005,1.2059034753945896,2503,1020,False,False,False,False
3474,CSS_J152214.2+152852,RRc,RRc,False,False,0.3724589331216927,0.9776375310728262,6141,7839,False,False,False,False
3475,CSS_J203854.5-092702,EW,EW,False,False,0.40195146406593085,1.0426912777403277,3352,4387,False,False,False,False
3476,CSS_J154612.8+343539,EW,EW,False,False,0.36074129388601306,0.97846900476399,7350,7822,False,False,False,False
3477,CSS_J150459.5-145959,EW,EW,False,False,0.41457486733150245,1.103506367037077,2650,2408,False,False,False,False
3478,CSS_J230147.3+321352,EW,EW,False,False,0.36634252290157954,1.0320444441161478,6784,4879,False,False,False,False
3479,CSS_J082536.9-010458,EW,EW,False,False,0.368410766295187,1.050964470900594,6565,4020,False,False,False,False
3480,CSS_J163612.1+155853,EA,EA,False,False,0.42109801522709783,1.0114954994093746,2360,6033,False,False,False,False
3481,CSS_J042224.2+043338,EW,EW,False,False,0.4583294474321985,1.043615827652253,1244,4342,False,False,False,False
3482,CSS_J050321.7+063541,EW,EW,False,False,0.36568717207604773,0.9928755660958457,6854,7147,False,False,False,False
3483,CSS_J225135.6+381228,EW,EW,False,False,0.37207333275501625,1.018002687690486,6187,5631,False,False,False,False
3484,CSS_J042456.7+204513,EW,EA,True,False,0.4453696080598308,1.0896515240588198,1542,2738,False,False,False,False
3485,CSS_J154449.4-080116,RRab,EW,True,False,0.4832869242756333,1.1529725210934798,784,1558,False,False,False,False
3486,CSS_J211615.7-084237,EW,EW,False,False,0.37705806214581183,1.043659813917744,5582,4339,False,False,False,False
3487,CSS_J230147.7-102426,EA,EA,False,False,0.46690167030001467,1.07927931989838,1069,3027,False,False,False,False
3488,CSS_J154043.0+243740,EW,EW,False,False,0.39423137662111746,1.0631702191069814,3929,3544,False,False,False,False
3489,CSS_J151823.7+262341,RS CVn,RS CVn,False,True,0.42449515975112107,1.0421201284262875,2218,4415,False,False,False,False
3490,CSS_J004632.4+302517,EW,EW,False,False,0.41945309430325706,1.197036563108177,2429,1082,False,False,False,False
3491,CSS_J130103.1-080756,EW,EW,False,False,0.40454373031800467,1.0208096495537784,3200,5467,False,False,False,False
3492,CSS_J223005.8+252443,EA,EW,True,False,0.3788916011327996,1.0900674230157856,5393,2721,False,False,False,False
3493,CSS_J211850.7-190935,EW,EW,False,False,0.3849070874932499,1.0129302753959823,4778,5924,False,False,False,False
3494,CSS_J082208.7+570853,EA,EW,True,False,0.41648052785232453,1.1062207620480007,2564,2350,False,False,False,False
3495,CSS_J092520.6+015540,RRc,RRc,False,False,0.4334149991511672,1.075103213186863,1900,3144,False,False,False,False
3496,CSS_J032352.5+181232,EW,EW,False,False,0.40821147890446247,1.1587040395503376,2987,1489,False,False,False,False
3497,CSS_J084422.5-034905,EA,EA,False,False,0.4362855117554719,1.009618149060286,1811,6143,False,False,False,False
3498,CSS_J062220.2-092920,EW,EW,False,False,0.4477082162061024,1.217135383360452,1480,925,False,False,False,False
3499,CSS_J121848.2+174946,EA,EA,False,False,0.43243635217892956,1.0173445282908453,1931,5677,False,False,False,False
3500,CSS_J075911.2+440419,EA,EA,False,False,0.44417189012865216,1.0710545580222854,1567,3267,False,False,False,False
3501,CSS_J163245.5+324051,RRc,RRc,False,False,0.3635044278442301,1.0780783019865934,7069,3063,False,False,False,False
3502,CSS_J171927.6+361419,EW,EW,False,False,0.4113962635588885,1.010930038324536,2830,6064,False,False,False,False
3503,CSS_J090656.1-121719,EW,EW,False,False,0.41558781548888424,1.0734830058385703,2601,3190,False,False,False,False
3504,CSS_J053621.5-132429,EW,EW,False,False,0.377116242142181,1.0428753663126848,5574,4376,False,False,False,False
3505,CSS_J212136.7+044432,RS CVn,EW,True,True,0.4053104902326631,1.1619425072433052,3141,1450,False,False,False,False
3506,CSS_J205156.7-175026,EW,EW,False,False,0.4406871848943793,1.2086624086480524,1662,998,False,False,False,False
3507,CSS_J094708.8-093900,EW,EW,False,False,0.4144840763621977,1.0773806587017767,2657,3088,False,False,False,False
3508,CSS_J100229.0+105949,EW,EW,False,False,0.3839278784007152,1.0024927987779513,4878,6610,False,False,False,False
3509,CSS_J092628.4+115533,EA,EA,False,False,0.4932697300849886,1.161627847230418,637,1454,False,False,False,False
3510,CSS_J075130.7+401237,EW,EW,False,False,0.39876886066576317,1.0199390566099964,3591,5511,False,False,False,False
3511,CSS_J092043.6+183946,EW,EW,False,False,0.3978216319883994,1.0333984222037569,3653,4805,False,False,False,False
3512,CSS_J210504.0+135106,EW,RRc,True,False,0.3756622309780246,1.1595968792679197,5740,1482,False,False,False,False
3513,CSS_J064858.4+562609,EW,EW,False,False,0.3603473213911246,1.0926759790511735,7385,2655,False,False,False,False
3514,CSS_J084222.2+041155,EW,RRc,True,False,0.3861912906346578,0.9658146248060472,4655,7985,False,False,False,False
3515,CSS_J235758.8+195317,EW,EW,False,False,0.39880172360665467,1.0605958424082953,3588,3635,False,False,False,False
3516,CSS_J123840.0+001911,EW,EW,False,False,0.3665323232117887,1.0198154311723457,6761,5516,False,False,False,False
3517,CSS_J072854.4+325232,EW,EW,False,False,0.3802014395593212,1.0092205784095793,5265,6167,False,False,False,False
3518,CSS_J172200.3+084950,EW,EW,False,False,0.37528892883134196,0.9975170623235512,5789,6896,False,False,False,False
3519,CSS_J041251.7+235206,EW,EW,False,False,0.4394012654343302,1.0292225478489347,1707,5005,False,False,False,False
3520,CSS_J172112.3+265550,LPV,EW,True,False,0.4744621275958331,0.99000890426948,932,7315,False,False,False,False
3521,CSS_J045552.4+145543,RRab,RRab,False,False,0.5868414721942894,1.2119131404271886,162,973,False,False,False,False
3522,CSS_J032135.5+294740,EA,EA,False,False,0.5361451262778258,1.0821933735500633,322,2932,False,False,False,False
3523,CSS_J230016.3+324208,EW,EW,False,False,0.4380672668841491,1.1082387441379224,1746,2311,False,False,False,False
3524,CSS_J071706.6+532712,EA,EA,False,False,0.4966838099997833,1.0341931655551346,592,4766,False,False,False,False
3525,CSS_J081447.2+125934,EW,EW,False,False,0.3902050630399383,1.0288690910432288,4309,5022,False,False,False,False
3526,CSS_J085459.6+080937,EW,EW,False,False,0.4085393219915866,1.2262977062731433,2966,858,False,False,False,False
3527,CSS_J013216.3+082957,EW,EW,False,False,0.4056541640153036,1.0269458107165503,3116,5135,False,False,False,False
3528,CSS_J043036.4-113905,EW,EA,True,False,0.403469083927441,1.0052219022442845,3259,6439,False,False,False,False
3529,CSS_J022745.6+245141,EW,EW,False,False,0.399344788279133,1.048919486923872,3557,4092,False,False,False,False
3530,CSS_J233821.8+200518,EW,EW,False,False,0.3854083562733951,1.036330935425754,4727,4663,False,False,False,False
3531,CSS_J025045.4+251253,EW,EW,False,False,0.3706400251414162,1.023976523315805,6334,5294,False,False,False,False
3532,CSS_J083441.9-044136,EW,EW,False,False,0.35602569428173586,1.012566402468507,7725,5944,False,False,False,False
3533,CSS_J080458.9+000750,EW,EW,False,False,0.3772166721396048,1.1351110093554742,5561,1807,False,False,False,False
3534,CSS_J033936.5+083443,EW,EW,False,False,0.4117650736668851,1.0566122725172806,2809,3782,False,False,False,False
3535,CSS_J220128.5+004712,RS CVn,RS CVn,False,True,0.41998643511484474,1.13042811079048,2408,1890,False,False,False,False
3536,CSS_J001445.6+310402,EW,EW,False,False,0.3599976345952118,0.9913465649113709,7421,7250,False,False,False,False
3537,CSS_J144054.4+391522,EW,EW,False,False,0.3735542157372198,1.0013401874847465,6013,6680,False,False,False,False
3538,CSS_J045307.3+175337,EW,EW,False,False,0.3957598263211055,1.0578158331839256,3812,3735,False,False,False,False
3539,CSS_J172144.6+543333,EW,EW,False,False,0.43699063064481036,1.2187623654262723,1787,917,False,False,False,False
3540,CSS_J085348.9+212928,EA,EA,False,False,0.5215394759347989,1.0548140101925099,392,3843,False,False,False,False
3541,CSS_J212058.4+055831,RRc,RRc,False,False,0.4062841524666164,1.0216849736806886,3087,5411,False,False,False,False
3542,CSS_J181907.8+472230,EW,EW,False,False,0.36030209240943895,1.03301949476957,7394,4821,False,False,False,False
3543,CSS_J062433.3+465852,EW,EW,False,False,0.3633290424992569,1.021728318342054,7086,5408,False,False,False,False
3544,CSS_J233201.0+435146,RRab,RRab,False,False,0.4259861871322479,1.0779661719060651,2168,3069,False,False,False,False
3545,CSS_J204511.6-035559,EW,EW,False,False,0.39657466731560814,0.9817282438243788,3743,7727,False,False,False,False
3546,CSS_J234850.3+133300,EA,EA,False,False,0.5086340912746343,1.2335374767385021,479,815,False,False,False,False
3547,CSS_J080638.4+011830,EW,EW,False,False,0.3636309288270397,1.0228886315513999,7061,5347,False,False,False,False
3548,CSS_J033218.0+072239,EW,EW,False,False,0.3823256802061296,1.0373768420965948,5028,4614,False,False,False,False
3549,CSS_J081738.6+093707,EW,EW,False,False,0.36934210594252465,1.00447001169586,6470,6482,False,False,False,False
3550,CSS_J163414.9+233001,EW,EW,False,False,0.35428506925329434,1.045217856014203,7836,4268,False,False,False,False
3551,CSS_J212338.8+015836,RRc,EW,True,False,0.3887634328678263,1.175579495131771,4437,1279,False,False,False,False
3552,CSS_J053051.2+030106,EW,RS CVn,True,False,0.3801571430125329,1.2571830646762936,5270,697,False,False,False,False
3553,CSS_J072033.0+493153,EW,EW,False,False,0.4427724529537158,0.9977837655622318,1601,6887,False,False,False,False
3554,CSS_J083651.6+320434,EW,EW,False,False,0.3907769376736865,1.082118603612011,4246,2936,False,False,False,False
3555,CSS_J204028.7-121216,LPV,LPV,False,False,0.6090207331088666,0.9837092466243,115,7642,True,False,False,False
3556,CSS_J115126.0+183240,RRc,RRc,False,False,0.3826371855403648,1.022851723831515,5001,5349,False,False,False,False
3557,CSS_J154044.4-163917,EW,EW,False,False,0.4002624525432619,1.08706915620035,3480,2800,False,False,False,False
3558,CSS_J221344.9+272058,EW,EW,False,False,0.35144091314364023,1.0008169109305964,7975,6718,False,False,False,False
3559,CSS_J001719.6-061245,EW,EW,False,False,0.37289055823882195,0.9733907261336231,6097,7917,False,False,False,False
3560,CSS_J082536.9-070045,EW,EW,False,False,0.439298904591546,1.1790083350486387,1712,1243,False,False,False,False
3561,CSS_J145017.9+045734,EA,EA,False,False,0.5859107455694423,1.1407606145052143,164,1719,False,False,False,False
3562,CSS_J110033.9+154838,EW,EW,False,False,0.3775264919197309,0.9936609282913393,5523,7109,False,False,False,False
3563,CSS_J133844.0+143351,EW,EW,False,False,0.3678087245935924,1.0258384538823813,6632,5195,False,False,False,False
3564,CSS_J061122.2-110333,EW,EW,False,False,0.36824386384851227,1.1009817431428937,6589,2476,False,False,False,False
3565,CSS_J233051.0+395654,EW,EW,False,False,0.3585159648846371,1.000867411693077,7553,6715,False,False,False,False
3566,CSS_J161623.5+203827,EW,EW,False,False,0.38835883312174596,1.1037887564927962,4474,2399,False,False,False,False
3567,CSS_J010716.7+410918,EW,EW,False,False,0.37645037656665087,1.0095731646547392,5657,6147,False,False,False,False
3568,CSS_J172817.1+293523,EW,EW,False,False,0.36980079332266597,1.1691610404729709,6415,1353,False,False,False,False
3569,CSS_J070456.4+501454,EW,EW,False,False,0.39184863288720534,1.0191902933369081,4157,5550,False,False,False,False
3570,CSS_J142921.2+012711,LPV,LPV,False,False,0.7470843428558972,0.9631414889971568,14,7992,True,False,False,False
3571,CSS_J143601.0+025503,EW,EW,False,False,0.36341478922970777,1.015103541098687,7079,5791,False,False,False,False
3572,CSS_J001950.2+364107,EW,EW,False,False,0.38138080816430403,1.0116528286400293,5138,6019,False,False,False,False
3573,CSS_J110951.0+533253,EW,EW,False,False,0.3972671158028015,1.040230408488804,3696,4484,False,False,False,False
3574,CSS_J205730.7+042956,EW,EW,False,False,0.4781955287667295,1.1346213388903545,867,1820,False,False,False,False
3575,CSS_J075811.5+602257,RRd,RRc,True,True,0.39251649057760646,1.0245987841243709,4091,5258,False,False,False,False
3576,CSS_J131257.2+180740,RRab,RRab,False,False,0.396472388333031,1.105060697379755,3752,2375,False,False,False,False
3577,CSS_J131817.1+005450,EA,EA,False,False,0.5885745450239901,1.0183935300156104,158,5601,True,False,False,False
3578,CSS_J155601.2-122441,EW,EW,False,False,0.3717798915989849,1.2096182090154612,6220,990,False,False,False,False
3579,CSS_J050526.4+101740,EW,EA,True,False,0.4295956954266404,0.9876967369877605,2017,7440,False,False,False,False
3580,CSS_J212724.7-130238,RRc,RRc,False,False,0.4010295212296662,1.1172738497677415,3419,2132,False,False,False,False
3581,CSS_J031216.8+102448,EW,EW,False,False,0.372329825618879,1.019928873560894,6160,5512,False,False,False,False
3582,CSS_J151817.3+121515,EW,EW,False,False,0.3831874086210147,1.0340485803670352,4958,4776,False,False,False,False
3583,CSS_J205248.5-125242,EW,EW,False,False,0.37306438499303823,1.0252374412343515,6068,5230,False,False,False,False
3584,CSS_J065627.2+450255,EW,EW,False,False,0.3539477926272681,1.0177423141416404,7859,5647,False,False,False,False
3585,CSS_J035625.3+354617,EW,RS CVn,True,False,0.40433050430145556,1.1756883321649843,3218,1278,False,False,False,False
3586,CSS_J004549.8+405438,EW,EW,False,False,0.36222092129628153,1.016417252535173,7207,5729,False,False,False,False
3587,CSS_J145536.9+123833,EW,EW,False,False,0.46743139421652297,1.7175535437312135,1059,44,False,True,False,False
3588,CSS_J215628.6-115408,RRc,RRc,False,False,0.38490675336681196,0.9728638524359848,4779,7923,False,False,False,False
3589,CSS_J225129.9+361858,EW,EW,False,False,0.39625399847635545,1.0541939486689706,3767,3876,False,False,False,False
3590,CSS_J043704.3+170537,EW,EW,False,False,0.4027860618264058,1.2839705782771818,3299,573,False,False,False,False
3591,CSS_J020428.6+404436,EW,EW,False,False,0.3800323625090311,1.1036331458495654,5287,2404,False,False,False,False
3592,CSS_J221458.0+145946,EW,EW,False,False,0.3854298536816693,1.062611390623885,4723,3566,False,False,False,False
3593,CSS_J041847.2-101028,RRc,RRc,False,False,0.37769931429858944,1.0968094075960388,5502,2572,False,False,False,False
3594,CSS_J082328.3+373101,EA,EW,True,False,0.5406542109838001,1.122655603832345,298,2017,False,False,False,False
3595,CSS_J164739.9+200126,EW,EW,False,False,0.37563549252299083,0.9988644132300628,5744,6821,False,False,False,False
3596,CSS_J071853.8+414438,EA,EA,False,False,0.4732618321153034,1.047021662741124,957,4189,False,False,False,False
3597,CSS_J012327.6+350730,EW,EW,False,False,0.35642759877205865,0.99449215107136,7702,7069,False,False,False,False
3598,CSS_J212713.7+011751,EW,EW,False,False,0.41627838854888966,1.137245538005118,2571,1776,False,False,False,False
3599,CSS_J023601.9+410516,EW,EW,False,False,0.3549575771141801,1.0320922598693794,7798,4875,False,False,False,False
3600,CSS_J165618.4+161138,EW,EW,False,False,0.3771193718874459,1.2012968639513333,5573,1057,False,False,False,False
3601,CSS_J070609.5+382317,RRc,RRc,False,False,0.401632712432513,0.99767773171912,3373,6894,False,False,False,False
3602,CSS_J045939.9-073915,EW,EW,False,False,0.38124462865993075,1.0176298648230602,5158,5654,False,False,False,False
3603,CSS_J130719.9-041140,EW,EW,False,False,0.4091643166274729,1.0019963076460843,2936,6643,False,False,False,False
3604,CSS_J043101.5+204008,RS CVn,EW,True,True,0.47210062870612585,1.0024810821339867,980,6611,False,False,False,False
3605,CSS_J084410.2+363329,EW,EW,False,False,0.42673442799039724,1.0791909161160338,2132,3030,False,False,False,False
3606,CSS_J070134.4+360945,EW,EW,False,False,0.37485636130646977,1.0173050460785629,5851,5680,False,False,False,False
3607,CSS_J085941.2+212838,EW,EW,False,False,0.5323638979485285,1.121496213247288,337,2046,False,False,False,False
3608,CSS_J070610.3+421050,EW,EW,False,False,0.388735138490518,1.0043995128561145,4439,6489,False,False,False,False
3609,CSS_J053108.3-063026,RRab,EW,True,False,0.4297511250307249,1.0625042779794232,2011,3570,False,False,False,False
3610,CSS_J012642.1+340641,RRc,RRc,False,False,0.3942622083703677,1.1167313576450904,3927,2141,False,False,False,False
3611,CSS_J015307.8+053929,EW,EW,False,False,0.37022714328108336,1.0680104840542186,6374,3368,False,False,False,False
3612,CSS_J075919.9+095409,EW,EW,False,False,0.4672606547069615,1.4309336805302737,1062,215,False,False,False,False
3613,CSS_J091733.5-193412,EA,EW,True,False,0.3967084898406051,1.0054305336743354,3732,6428,False,False,False,False
3614,CSS_J220811.1+120629,EW,EW,False,False,0.5445604018135051,1.155913333675134,280,1522,False,False,False,False
3615,CSS_J071146.2+351247,EW,EW,False,False,0.44727224031441054,0.9826414500684161,1489,7687,False,False,False,False
3616,CSS_J163859.7+451255,EW,EW,False,False,0.41172121194482014,0.9881818854134987,2812,7413,False,False,False,False
3617,CSS_J172042.2+295545,EW,EW,False,False,0.4143947416385459,1.0232439701503941,2664,5324,False,False,False,False
3618,CSS_J091451.0-092601,RS CVn,EW,True,True,0.39533584135385974,1.3177206473453402,3842,440,False,False,False,False
3619,CSS_J165523.6+452513,EW,EW,False,False,0.360354927919709,1.093532966186658,7384,2632,False,False,False,False
3620,CSS_J082407.1+132040,EW,EW,False,False,0.4345911788130917,1.2619498104144726,1862,676,False,False,False,False
3621,CSS_J044501.5-171347,EA,EA,False,False,0.4490713791135011,1.0317178200514794,1436,4894,False,False,False,False
3622,CSS_J015836.6+200407,EA,EA,False,False,0.5347454587006307,0.9897465147206226,327,7331,False,False,False,False
3623,CSS_J171057.0+231736,EW,EW,False,False,0.44474690676958606,1.0122378739140176,1560,5972,False,False,False,False
3624,CSS_J052145.8+011058,EW,EW,False,False,0.5387434749979597,1.421353999581138,312,228,False,False,False,False
3625,CSS_J033558.5+322314,EW,EW,False,False,0.4125433259676315,1.0439586251168207,2766,4325,False,False,False,False
3626,CSS_J071634.4+452512,EA,EA,False,False,0.48663906733237944,1.0212460425908823,731,5444,False,False,False,False
3627,CSS_J015645.8+323602,RS CVn,RRd,True,True,0.36846264362964387,1.3252766193382453,6555,419,False,False,False,False
3628,CSS_J013306.4+110751,EW,EW,False,False,0.3621432082329575,0.9770392553066409,7217,7844,False,False,False,False
3629,CSS_J082510.4-021010,EW,EW,False,False,0.6629842320346969,1.2626874649702233,70,673,True,False,False,False
3630,CSS_J005100.4+292508,EW,EW,False,False,0.4061515023387378,1.224682579047045,3094,870,False,False,False,False
3631,CSS_J072221.1+472633,EW,RS CVn,True,False,0.41751352223200294,1.0306219423606156,2515,4948,False,False,False,False
3632,CSS_J172729.0+310742,EW,EW,False,False,0.38688028090629123,1.0010338179740543,4596,6702,False,False,False,False
3633,CSS_J164549.4+063901,EW,EW,False,False,0.3504958307461655,0.9927063308329455,7993,7158,False,False,False,False
3634,CSS_J215837.9+062051,EA,EW,True,False,0.3856906388575797,0.9961663533144159,4701,6967,False,False,False,False
3635,CSS_J052902.7-143227,EW,EW,False,False,0.35942620568525496,1.0016254062433756,7479,6664,False,False,False,False
3636,CSS_J150921.8-125251,EW,EW,False,False,0.3896462861340312,1.0232800329077654,4358,5323,False,False,False,False
3637,CSS_J045446.6+033853,EW,EW,False,False,0.3583253843102837,1.0445629140947486,7569,4304,False,False,False,False
3638,CSS_J090015.8+080513,EW,EW,False,False,0.386790305520797,1.0636854256868302,4602,3521,False,False,False,False
3639,CSS_J141237.7+090053,RRd,RRc,True,True,0.3659341447468505,0.9795423164878156,6826,7788,False,False,False,False
3640,CSS_J110703.7+270407,RRc,RRc,False,False,0.3881174209288889,1.0108171058907964,4491,6072,False,False,False,False
3641,CSS_J110927.2-110836,RRc,RRd,True,False,0.38243316602279953,1.0313647800345134,5019,4908,False,False,False,False
3642,CSS_J151835.6+335655,EW,EW,False,False,0.36797488121454325,1.0225440123061416,6614,5366,False,False,False,False
3643,CSS_J011542.9+285000,EA,EW,True,False,0.4157844046181513,1.0417381564461894,2595,4428,False,False,False,False
3644,CSS_J233204.1+380347,EW,EW,False,False,0.3735173330566945,1.0003523444253288,6018,6742,False,False,False,False
3645,CSS_J010354.1+300324,EW,EW,False,False,0.3988244476443479,1.0633541860128686,3586,3537,False,False,False,False
3646,CSS_J075843.9+135015,EA,EA,False,False,0.481820489820208,1.032951287198846,808,4824,False,False,False,False
3647,CSS_J071732.7+511207,EW,EW,False,False,0.39284428233039065,0.9982932120997521,4060,6863,False,False,False,False
3648,CSS_J060758.5-062855,EW,EW,False,False,0.37363912468761606,1.1786780277756714,6004,1247,False,False,False,False
3649,CSS_J144458.2+231306,EW,EW,False,False,0.47779364847004363,1.038150719106,875,4578,False,False,False,False
3650,CSS_J060527.8-120329,EW,EW,False,False,0.38281235043985157,1.0641323266716358,4985,3506,False,False,False,False
3651,CSS_J174134.4+361608,EW,EW,False,False,0.36325977291111256,1.0664320610531057,7092,3435,False,False,False,False
3652,CSS_J085841.3+410424,EW,EW,False,False,0.35719185839134343,0.9961992030921291,7651,6965,False,False,False,False
3653,CSS_J100342.4-065658,EW,EW,False,False,0.3619859882307047,1.0611599354630603,7229,3614,False,False,False,False
3654,CSS_J162153.7+331813,RRc,RRc,False,False,0.4235666997102952,1.048388013111659,2264,4117,False,False,False,False
3655,CSS_J233427.4+433301,LPV,LPV,False,False,0.7274897582790661,1.695846515014931,24,48,True,True,True,True
3656,CSS_J215150.0+041952,EW,EW,False,False,0.36057223993094645,0.9934651557416105,7368,7120,False,False,False,False
3657,CSS_J025657.2+382431,EW,EW,False,False,0.3821061394612536,1.0111215122982684,5053,6052,False,False,False,False
3658,CSS_J213325.3-181259,EW,EW,False,False,0.4138064113616126,1.1003657976983792,2693,2490,False,False,False,False
3659,CSS_J163626.1-073059,RRab,RRc,True,False,0.3840049736089666,1.0073065262923353,4867,6305,False,False,False,False
3660,CSS_J162818.1+462353,RRab,EW,True,False,0.3760578110902298,1.0413657013191475,5697,4439,False,False,False,False
3661,CSS_J071924.1+521510,EW,EW,False,False,0.38692513306469956,0.9846404348002306,4594,7607,False,False,False,False
3662,CSS_J170157.8+050542,EW,EW,False,False,0.36924810645833317,1.0347657693416932,6478,4734,False,False,False,False
3663,CSS_J171457.3+523705,EW,EW,False,False,0.35506029133859246,1.000623742419093,7793,6727,False,False,False,False
3664,CSS_J113202.5+155243,LPV,LPV,False,False,0.5931666825436,1.000544686983726,145,6732,True,False,False,False
3665,CSS_J084422.0-042428,EW,EW,False,False,0.3507588441434106,1.0177664017336112,7990,5644,False,False,False,False
3666,CSS_J021314.9+095751,EA,EA,False,False,0.43492983069593777,0.9951207418976701,1850,7025,False,False,False,False
3667,CSS_J084812.7+002105,EW,EW,False,False,0.3823122440058248,1.0739039912651798,5031,3178,False,False,False,False
3668,CSS_J155558.4+391142,EW,EW,False,False,0.3808274600103512,0.976732612022061,5211,7851,False,False,False,False
3669,CSS_J030915.5+374157,EA,EW,True,False,0.42006173511348,1.1502764223896251,2404,1592,False,False,False,False
3670,CSS_J035757.4+312237,EA,EA,False,False,0.5674540982865125,1.4894553206001684,204,147,False,True,False,False
3671,CSS_J024653.9+372944,EA,EA,False,False,0.4405213197106806,1.004353890326723,1670,6494,False,False,False,False
3672,CSS_J044505.1+241221,EA,EA,False,False,0.4311605203565358,1.1637934850818559,1977,1428,False,False,False,False
3673,CSS_J202655.3-084530,EW,EW,False,False,0.38282933937233365,1.161183136285946,4981,1463,False,False,False,False
3674,CSS_J043745.6-101300,EW,EW,False,False,0.39482457990819375,1.209114286488974,3881,995,False,False,False,False
3675,CSS_J080048.1+360721,EA,EA,False,False,0.550054801460829,1.1424182264098448,256,1701,False,False,False,False
3676,CSS_J144147.8-044040,RRab,RRc,True,False,0.5161831275137354,1.0712361123648095,416,3260,False,False,False,False
3677,CSS_J224326.0+154532,EW,EW,False,False,0.3696472925959708,1.0017259344988898,6434,6659,False,False,False,False
3678,CSS_J055919.1+050123,EW,EW,False,False,0.3661728375771213,1.2044009163964715,6796,1034,False,False,False,False
3679,CSS_J175239.0+434930,EW,EW,False,False,0.47631252433422033,1.349016545768042,903,361,False,False,False,False
3680,CSS_J090100.8-055616,EW,EW,False,False,0.3876386922056437,1.0540375223966159,4523,3882,False,False,False,False
3681,CSS_J205724.9+130902,EW,EW,False,False,0.4160572343248876,1.1062777055152417,2582,2349,False,False,False,False
3682,CSS_J225730.3+220404,RRc,RRc,False,False,0.38592547323050264,1.1618026827730454,4681,1451,False,False,False,False
3683,CSS_J095706.7+032641,EA,EW,True,False,0.40339036974613934,1.008968733874441,3261,6191,False,False,False,False
3684,CSS_J125440.6+514022,RRab,RRc,True,False,0.414514025647623,1.3641520954542887,2656,321,False,False,False,False
3685,CSS_J223751.9-031610,RRc,RRc,False,False,0.39086273527047805,1.0735700172907634,4241,3188,False,False,False,False
3686,CSS_J164759.0+213634,EW,EW,False,False,0.38462925578015983,1.1204503865511268,4804,2068,False,False,False,False
3687,CSS_J035238.8+293902,RS CVn,RS CVn,False,True,0.528813240649117,1.624579117316118,353,64,False,True,False,False
3688,CSS_J142900.5+094105,RS CVn,LPV,True,True,0.49137169454433677,1.0712706554711333,665,3257,False,False,False,False
3689,CSS_J033907.6+370555,EW,EW,False,False,0.37220650280893264,1.0673239816131965,6176,3396,False,False,False,False
3690,CSS_J225323.2+091757,EA,EA,False,False,0.5275084385238994,1.0758115418203542,360,3129,False,False,False,False
3691,CSS_J225933.0-144336,EW,EW,False,False,0.3844169798829118,1.008824397354927,4828,6204,False,False,False,False
3692,CSS_J215659.1+203035,EW,EW,False,False,0.38513041084702543,0.9821514760327735,4756,7709,False,False,False,False
3693,CSS_J084048.6+190445,EW,EW,False,False,0.3816690013070702,1.0681912501463486,5112,3364,False,False,False,False
3694,CSS_J012147.0+220420,EW,EW,False,False,0.3558294276567166,1.0141910251438568,7742,5854,False,False,False,False
3695,CSS_J154120.3-163705,EW,EW,False,False,0.371419706853535,1.1494636224331778,6255,1608,False,False,False,False
3696,CSS_J171049.7+012351,EW,EW,False,False,0.37453000503040146,1.036079917466647,5902,4676,False,False,False,False
3697,CSS_J165227.9+470504,RRc,RRc,False,False,0.38012016940101473,1.0323677674576137,5276,4860,False,False,False,False
3698,CSS_J132312.5+032753,EW,EW,False,False,0.41407563156961885,1.098180580547687,2680,2546,False,False,False,False
3699,CSS_J041235.7+075310,RS CVn,EW,True,True,0.4797173108029444,1.0864245668546095,836,2820,False,False,False,False
3700,CSS_J133901.8+044048,RRab,RRab,False,False,0.43932569976161034,0.9871027608092033,1709,7476,False,False,False,False
3701,CSS_J021548.9+242734,EW,EW,False,False,0.3812326537852499,0.9924584817330763,5162,7174,False,False,False,False
3702,CSS_J010759.2-093040,RRc,RRc,False,False,0.4113302745873722,1.0825670240895466,2839,2925,False,False,False,False
3703,CSS_J163219.2-062530,EA,EW,True,False,0.5055103549280492,1.1872824028327986,507,1164,False,False,False,False
3704,CSS_J212943.6-040818,EA,EA,False,False,0.42158219793557034,1.004434458233783,2329,6487,False,False,False,False
3705,CSS_J045030.9+073530,EW,EW,False,False,0.3768079979476691,1.0118680208287454,5617,6004,False,False,False,False
3706,CSS_J172930.9+143901,EW,EW,False,False,0.3787747039344901,1.1622904287944014,5403,1446,False,False,False,False
3707,CSS_J104841.9+665100,RRab,RRab,False,False,0.5038322226692306,1.0665390992586625,525,3427,False,False,False,False
3708,CSS_J112907.0-030315,RRab,RRc,True,False,0.41316047295838,1.0740330544265837,2735,3174,False,False,False,False
3709,CSS_J174452.7+431601,EW,EW,False,False,0.3756711141929714,1.2166233646451436,5739,929,False,False,False,False
3710,CSS_J173617.8+444507,EA,EA,False,False,0.4866383317786873,1.0640752848412907,732,3510,False,False,False,False
3711,CSS_J122559.4+500710,EA,EW,True,False,0.48983976315191796,1.2505680481756807,681,727,False,False,False,False
3712,CSS_J150706.6-124745,RRc,RRc,False,False,0.39710499008379063,1.07364752121731,3705,3187,False,False,False,False
3713,CSS_J080456.3+293313,RS CVn,EW,True,True,0.4839356255936207,1.1334688746205743,773,1840,False,False,False,False
3714,CSS_J050318.8+191922,EW,EW,False,False,0.4332360959915517,1.0077583223690691,1910,6273,False,False,False,False
3715,CSS_J081255.2+025446,RS CVn,EW,True,True,0.5272890545237556,1.7647427539088845,362,38,False,True,False,False
3716,CSS_J204720.2-103356,EW,EW,False,False,0.36031661914878904,1.012277235019249,7390,5966,False,False,False,False
3717,CSS_J150723.1-072615,RRab,RRc,True,False,0.43190918463089273,1.0555159698450922,1951,3816,False,False,False,False
3718,CSS_J073238.7+410026,EW,EW,False,False,0.3936317605206572,1.0482389390643116,3979,4127,False,False,False,False
3719,CSS_J215514.7+124300,EW,EW,False,False,0.41323871155125136,1.052943004131881,2730,3928,False,False,False,False
3720,CSS_J091300.0+070647,EW,EW,False,False,0.38459268215355663,1.112176661081229,4810,2226,False,False,False,False
3721,CSS_J213519.3+095025,EW,EW,False,False,0.4563861345062409,1.0597501433370642,1287,3665,False,False,False,False
3722,CSS_J033959.7+335652,RRc,EW,True,False,0.41871941343930824,1.1658023077927377,2461,1399,False,False,False,False
3723,CSS_J114321.3-142739,RRc,RRab,True,False,0.4945748735426583,1.1809864906623164,623,1224,False,False,False,False
3724,CSS_J040157.9+381349,EW,EW,False,False,0.36305786611962443,1.0037213164798584,7120,6536,False,False,False,False
3725,CSS_J201741.1-121338,RRc,RRc,False,False,0.39254446518932273,1.3117498861883847,4089,461,False,False,False,False
3726,CSS_J162005.4+303027,EW,EW,False,False,0.356117548048686,1.0126543804612098,7721,5938,False,False,False,False
3727,CSS_J101914.2+070109,EW,EW,False,False,0.3750358515994297,1.0823810363018067,5830,2927,False,False,False,False
3728,CSS_J225118.9+411924,EW,EW,False,False,0.42096333576922734,1.0206951045182153,2366,5475,False,False,False,False
3729,CSS_J071918.7+311254,EW,EW,False,False,0.4328627305766465,1.009608110649507,1924,6144,False,False,False,False
3730,CSS_J161954.7+344846,EW,EW,False,False,0.4152470779615425,0.9876864347144695,2623,7442,False,False,False,False
3731,CSS_J075537.7+213754,EW,EW,False,False,0.41284602660411274,1.2064058391678096,2752,1014,False,False,False,False
3732,CSS_J180803.3+312149,EW,EW,False,False,0.4254282189517515,1.0021505951460756,2186,6633,False,False,False,False
3733,CSS_J004013.7+234150,RRc,RRc,False,False,0.3742795936123313,1.1010469833880732,5932,2473,False,False,False,False
3734,CSS_J223605.3+183810,EA,EA,False,False,0.4215443213215921,0.9908079017512952,2331,7271,False,False,False,False
3735,CSS_J210645.3-120546,EW,EW,False,False,0.3831375376561382,1.0180322941504507,4961,5628,False,False,False,False
3736,CSS_J155358.7+072406,RRd,EW,True,True,0.5036194190988736,1.0951341060117317,526,2600,False,False,False,False
3737,CSS_J042202.2+171446,EW,EW,False,False,0.3614536484431249,1.119633815317087,7279,2085,False,False,False,False
3738,CSS_J121336.2-143954,EW,EW,False,False,0.43968617569691965,1.224392843211009,1698,873,False,False,False,False
3739,CSS_J220748.3+131640,EW,EW,False,False,0.4286761866212647,0.9915237702935922,2044,7236,False,False,False,False
3740,CSS_J134128.8-113033,RRab,RRab,False,False,0.48945904128573325,1.0067133465502716,685,6334,False,False,False,False
3741,CSS_J091801.1+021452,EW,EW,False,False,0.39883524707072404,1.0030394552438298,3585,6576,False,False,False,False
3742,CSS_J174544.0+591404,EW,EW,False,False,0.38801463063154745,0.996445969177205,4501,6956,False,False,False,False
3743,CSS_J080634.4-011910,EW,EW,False,False,0.38580991937991294,1.1167016868768602,4691,2142,False,False,False,False
3744,CSS_J090038.6+004908,RS CVn,RS CVn,False,True,0.4457718204082496,1.2152412470164093,1525,948,False,False,False,False
3745,CSS_J050022.3+165505,EW,EW,False,False,0.3739603880762138,1.0021096758636046,5963,6638,False,False,False,False
3746,CSS_J162516.1+105225,EW,EW,False,False,0.4699635294022323,1.0687484997534649,1017,3346,False,False,False,False
3747,CSS_J040754.8+345956,EW,EW,False,False,0.3580894710133236,1.0093705618885238,7585,6159,False,False,False,False
3748,CSS_J173128.9+360227,EW,EW,False,False,0.39255455199724765,1.0124604814930913,4087,5950,False,False,False,False
3749,CSS_J160139.8+032559,RRd,RRab,True,True,0.36750764131905367,1.1507454203137386,6657,1587,False,False,False,False
3750,CSS_J210805.5-065415,RRc,RRc,False,False,0.40436107650781006,1.0221027453156009,3214,5389,False,False,False,False
3751,CSS_J071343.4+481534,EA,EW,True,False,0.7244642940399302,1.2145861108852976,26,958,True,False,False,False
3752,CSS_J104806.2-171815,RRab,RRab,False,False,0.4969014072101533,1.1184523113013058,590,2107,False,False,False,False
3753,CSS_J114639.2-110701,EW,EW,False,False,0.4315142665352086,1.3867811552426617,1959,286,False,False,False,False
3754,CSS_J034702.8-033600,EW,EW,False,False,0.4456243328625199,1.077843198026061,1531,3076,False,False,False,False
3755,CSS_J215437.3+063939,EW,EW,False,False,0.43755300285998583,1.1223293309838864,1766,2021,False,False,False,False
3756,CSS_J043215.1+031721,EW,EW,False,False,0.41864317456547473,1.1186338167788519,2464,2100,False,False,False,False
3757,CSS_J213932.7+080623,EW,EW,False,False,0.4580411635747251,1.035960604889306,1252,4680,False,False,False,False
3758,CSS_J104341.3+052246,RRc,EW,True,False,0.40354175503999506,1.2353796957470535,3255,800,False,False,False,False
3759,CSS_J052042.9+202532,EW,EW,False,False,0.4152132383456688,0.9947699113890254,2625,7053,False,False,False,False
3760,CSS_J172607.8+115438,EW,EW,False,False,0.38403262966506463,1.1136169543625383,4864,2203,False,False,False,False
3761,CSS_J055256.5+020619,EW,EW,False,False,0.3832034090401888,1.057549138741264,4956,3746,False,False,False,False
3762,CSS_J203222.8-122138,RRc,RRc,False,False,0.4023494957132972,0.9964463700922987,3329,6955,False,False,False,False
3763,CSS_J040256.5+244141,EW,EW,False,False,0.3846566462617602,1.1069269525661078,4802,2333,False,False,False,False
3764,CSS_J235353.8-192308,EW,EW,False,False,0.46086313386250505,1.2216729341867056,1186,895,False,False,False,False
3765,CSS_J170352.7+550820,EW,EW,False,False,0.36816794632662614,1.5552681713483323,6596,95,False,True,False,False
3766,CSS_J042135.4-140108,EW,EA,True,False,0.44967375968035855,1.0346179661970285,1423,4744,False,False,False,False
3767,CSS_J085240.1-044726,RRc,RRab,True,False,0.4001894970603714,1.2431165150283676,3488,770,False,False,False,False
3768,CSS_J053116.4-015605,EW,EW,False,False,0.37368848968735585,1.236388370452216,5995,794,False,False,False,False
3769,CSS_J235502.5+004807,EW,EW,False,False,0.35993621450467705,1.0902053339740205,7426,2717,False,False,False,False
3770,CSS_J085500.7+382004,EA,EA,False,False,0.45049552811118154,1.0081747925872362,1408,6243,False,False,False,False
3771,CSS_J210341.0-103343,RS CVn,EW,True,True,0.5090093772070463,1.2296168336012752,473,838,False,False,False,False
3772,CSS_J090149.9-081150,EA,EA,False,False,0.5042176770861042,1.20781218866503,520,1003,False,False,False,False
3773,CSS_J153731.2+044113,EW,EW,False,False,0.3540962606833298,0.9834648026175857,7848,7654,False,False,False,False
3774,CSS_J150121.7+410241,EW,EW,False,False,0.41505521563764586,1.0682480185618162,2627,3360,False,False,False,False
3775,CSS_J081311.9+004331,EW,EW,False,False,0.3685099458021682,1.0768204010012368,6551,3106,False,False,False,False
3776,CSS_J032954.1+380144,EW,EW,False,False,0.3778618477971261,1.0855683743267008,5487,2847,False,False,False,False
3777,CSS_J154052.7+021711,EW,EW,False,False,0.4252450130854096,1.18503751617424,2191,1189,False,False,False,False
3778,CSS_J031626.5+290753,EW,EW,False,False,0.37418099636900765,1.0983813044431645,5940,2541,False,False,False,False
3779,CSS_J212407.3+132758,EW,EW,False,False,0.384467961237197,1.0845407830897642,4821,2875,False,False,False,False
3780,CSS_J165233.2+042525,RRc,RRc,False,False,0.3721568040673128,0.9860804513881657,6181,7542,False,False,False,False
3781,CSS_J100357.2-123225,EW,EW,False,False,0.3767507889916704,1.06850562929713,5626,3353,False,False,False,False
3782,CSS_J114635.6+230743,RRc,RRc,False,False,0.3763091004910551,1.1363092823099392,5673,1792,False,False,False,False
3783,CSS_J135540.6+011010,RRab,EW,True,False,0.42337278245863047,1.3015824491220391,2267,504,False,False,False,False
3784,CSS_J232506.4+364429,EW,EW,False,False,0.3611031789234145,1.0791468990735957,7312,3032,False,False,False,False
3785,CSS_J213738.8+242520,RRc,EW,True,False,0.3652120818097353,1.0236364237342856,6911,5313,False,False,False,False
3786,CSS_J042351.5+323854,EW,EW,False,False,0.3838736524489973,1.0632976873551607,4888,3538,False,False,False,False
3787,CSS_J214625.6+182456,EW,EW,False,False,0.35575013202138994,0.9874300632596491,7747,7456,False,False,False,False
3788,CSS_J123900.5+313411,EW,EW,False,False,0.35350180032356365,1.045071490946397,7884,4278,False,False,False,False
3789,CSS_J231354.0+281314,EW,EW,False,False,0.4130022145809969,1.0175153678112292,2745,5663,False,False,False,False
3790,CSS_J212548.2-081642,RRab,EW,True,False,0.4604286197672337,1.1903556144194551,1195,1133,False,False,False,False
3791,CSS_J042439.4+222127,EW,RRab,True,False,0.5461867572434129,1.0812427152216895,275,2968,False,False,False,False
3792,CSS_J154815.6-121844,EW,EW,False,False,0.36574400788444356,1.0421413498599548,6844,4413,False,False,False,False
3793,CSS_J010327.6+283548,EW,EW,False,False,0.3569177076520862,1.0471771120200546,7670,4181,False,False,False,False
3794,CSS_J140551.7-041839,RRab,RRab,False,False,0.42127221743346155,1.0148329042301196,2349,5809,False,False,False,False
3795,CSS_J155259.0+132419,EA,EW,True,False,0.4861568082299708,1.2488045158374468,739,732,False,False,False,False
3796,CSS_J125119.6+021953,EW,EW,False,False,0.3835183827942795,1.020699313485447,4924,5473,False,False,False,False
3797,CSS_J042052.5+330040,EW,EW,False,False,0.3937513560581405,1.0560444660359705,3965,3799,False,False,False,False
3798,CSS_J231725.2+323248,EA,EA,False,False,0.4414026773376728,1.0027191630539043,1643,6594,False,False,False,False
3799,CSS_J123520.1+194614,EA,EA,False,False,0.5058965011091245,0.9940277499388843,502,7093,False,False,False,False
3800,CSS_J174744.0+212958,RRab,RRab,False,False,0.43551662513220707,1.0003630024527062,1833,6740,False,False,False,False
3801,CSS_J001615.8-061517,EW,EW,False,False,0.40112998342271944,1.0582737056617915,3412,3720,False,False,False,False
3802,CSS_J002532.7+293737,EW,EW,False,False,0.37330095992813983,1.0045202469802863,6046,6478,False,False,False,False
3803,CSS_J222326.3+002209,RRc,RRc,False,False,0.3634278390644654,1.0205649378824309,7075,5478,False,False,False,False
3804,CSS_J173256.9+054458,EW,EW,False,False,0.3993334686834746,1.1656210181046185,3558,1404,False,False,False,False
3805,CSS_J002455.4+333740,EW,EA,True,False,0.4027347523790319,0.9986789028161022,3306,6837,False,False,False,False
3806,CSS_J153225.8+110711,EW,EW,False,False,0.3590130208113541,1.009032028156646,7513,6183,False,False,False,False
3807,CSS_J023858.0+222451,EW,EW,False,False,0.5537420895052588,1.257158170969157,240,698,False,False,False,False
3808,CSS_J224302.1+251559,EA,EA,False,False,0.49873695719781613,1.0086471169692417,572,6215,False,False,False,False
3809,CSS_J130040.9+353928,EW,EW,False,False,0.3594412136907341,1.0513966266233,7476,3998,False,False,False,False
3810,CSS_J161958.4-090114,RRc,RRc,False,False,0.39838520990862414,1.0629088739357528,3615,3549,False,False,False,False
3811,CSS_J002748.2+420556,EW,EA,True,False,0.42876303873422006,1.000928891569625,2039,6710,False,False,False,False
3812,CSS_J154858.0-162042,EW,EW,False,False,0.39417488983689053,1.0442644764203715,3935,4315,False,False,False,False
3813,CSS_J132628.6-100954,EW,EW,False,False,0.3849336398033881,1.1581337137291596,4774,1498,False,False,False,False
3814,CSS_J032458.4+360038,EW,EW,False,False,0.3694335640752139,1.0869517073758108,6460,2808,False,False,False,False
3815,CSS_J070812.1+491233,EW,EW,False,False,0.3614750594982404,0.978682410379285,7277,7814,False,False,False,False
3816,CSS_J022859.6+311023,EW,EW,False,False,0.43845737365617393,1.0901105232369344,1735,2719,False,False,False,False
3817,CSS_J152954.2+124110,RRd,EW,True,True,0.6529508926034627,1.1379403651713016,80,1761,True,False,False,False
3818,CSS_J082430.3+284346,EA,EW,True,False,0.37619178633099837,1.0340992685075285,5680,4774,False,False,False,False
3819,CSS_J023449.6+050740,EW,EW,False,False,0.35549992502184313,0.9870888836457323,7761,7477,False,False,False,False
3820,CSS_J004429.8+291941,EW,EW,False,False,0.36112766987328154,0.9666609720718995,7310,7979,False,False,False,False
3821,CSS_J153444.3+124143,EW,EW,False,False,0.37794420797031486,0.9895531140545017,5477,7343,False,False,False,False
3822,CSS_J234657.2+155356,EW,EA,True,False,0.398316115132008,0.9872868302845792,3620,7465,False,False,False,False
3823,CSS_J224754.4+332216,EW,EW,False,False,0.42993827062230844,1.6185824135408997,2008,65,False,True,False,False
3824,CSS_J081824.5+454404,RRc,EW,True,False,0.42960867130165065,1.0382756558413937,2016,4574,False,False,False,False
3825,CSS_J053453.2-080908,EW,EW,False,False,0.39777861593498864,1.1575353564673239,3657,1504,False,False,False,False
3826,CSS_J012653.7+434647,EW,EW,False,False,0.36069993040273884,0.9878159727429331,7354,7437,False,False,False,False
3827,CSS_J171709.0+293906,EW,EW,False,False,0.3769329493740215,1.025148468262245,5598,5236,False,False,False,False
3828,CSS_J170006.6-010419,RRc,EW,True,False,0.36512655326151056,1.428238162235442,6922,218,False,False,False,False
3829,CSS_J215241.0-082935,EW,EW,False,False,0.37381274627924765,1.4655101988318215,5976,174,False,False,False,False
3830,CSS_J203829.9-071559,RRc,RRc,False,False,0.42741655896868985,1.2237447790051088,2099,878,False,False,False,False
3831,CSS_J091641.4+640915,EW,EW,False,False,0.41678031690938705,1.0115715196499875,2548,6028,False,False,False,False
3832,CSS_J041100.8+215032,EW,EW,False,False,0.37724871462631393,1.0437559241990768,5559,4335,False,False,False,False
3833,CSS_J104226.6+612151,EW,EW,False,False,0.3954110682192019,1.0443793869392437,3838,4309,False,False,False,False
3834,CSS_J102143.3+232051,EW,EW,False,False,0.3847962123212288,1.01476663819834,4787,5816,False,False,False,False
3835,CSS_J143837.5-124914,RRc,RRc,False,False,0.38594376283588677,0.9953825675985246,4677,7012,False,False,False,False
3836,CSS_J031658.3+303702,EW,EW,False,False,0.3743189451010857,1.0780303265084905,5924,3065,False,False,False,False
3837,CSS_J213456.4-105752,EW,EW,False,False,0.3749324658011293,1.0327297061500575,5839,4837,False,False,False,False
3838,CSS_J105323.3+175715,RS CVn,EW,True,True,0.40754882866917663,1.3704196312267514,3017,312,False,False,False,False
3839,CSS_J153210.0+180406,EW,EW,False,False,0.43481404941332846,1.1402708511940751,1854,1732,False,False,False,False
3840,CSS_J085204.5+384015,EW,EW,False,False,0.417470442435227,1.1086454999825042,2517,2302,False,False,False,False
3841,CSS_J131619.7+174438,RRc,RRc,False,False,0.38169956186924514,1.0170825452590497,5108,5690,False,False,False,False
3842,CSS_J021247.1-151250,RRc,RRc,False,False,0.4294123740890341,1.062844748061627,2023,3554,False,False,False,False
3843,CSS_J094817.6-042140,EW,EW,False,False,0.3741431951602104,1.0277173581754866,5947,5093,False,False,False,False
3844,CSS_J170610.9+123729,RRab,EW,True,False,0.38652274265340686,1.1773903181484355,4620,1264,False,False,False,False
3845,CSS_J122736.2+124258,EW,EW,False,False,0.3499464147541806,0.9967826591184294,7995,6926,False,False,False,False
3846,CSS_J064855.9+342634,EW,EW,False,False,0.380910730611743,1.0705552223772323,5203,3283,False,False,False,False
3847,CSS_J122010.9-161910,RRab,RRab,False,False,0.5258645794681541,1.205189902169376,368,1029,False,False,False,False
3848,CSS_J060641.8-025541,EW,EW,False,False,0.3613524279280954,1.074214976805751,7285,3171,False,False,False,False
3849,CSS_J171256.7+330838,EW,EW,False,False,0.4247770559609502,1.08300102618847,2208,2910,False,False,False,False
3850,CSS_J211156.6-085343,EW,EW,False,False,0.376017706007433,1.0470201720771803,5705,4190,False,False,False,False
3851,CSS_J125416.0+501859,RRc,RRc,False,False,0.36954239354118695,1.0085246027350463,6445,6225,False,False,False,False
3852,CSS_J062025.8+610127,EW,EW,False,False,0.35844722975093424,1.0055552059303494,7559,6419,False,False,False,False
3853,CSS_J033414.5+094603,EW,EW,False,False,0.4258123423332302,1.4081654887449362,2173,247,False,False,False,False
3854,CSS_J063255.1+453533,EW,EW,False,False,0.36673325254979905,0.9944912508497181,6741,7070,False,False,False,False
3855,CSS_J155313.1+104420,EW,EW,False,False,0.4069693387857535,1.0267348034269226,3049,5147,False,False,False,False
3856,CSS_J125126.4+162703,RRc,RRab,True,False,0.3998142052550236,0.9947126275840823,3514,7056,False,False,False,False
3857,CSS_J162605.5-020933,EW,EW,False,False,0.35434626305183714,0.9939907881823045,7831,7098,False,False,False,False
3858,CSS_J033727.2+102818,EW,EW,False,False,0.37806978511603195,1.0024658599050746,5467,6614,False,False,False,False
3859,CSS_J005842.2+282513,EW,EW,False,False,0.4502345058685749,1.1513133935548305,1413,1576,False,False,False,False
3860,CSS_J061954.1-090405,EW,EW,False,False,0.3893802268482163,1.089563726846302,4386,2742,False,False,False,False
3861,CSS_J134631.1+520908,RRc,EW,True,False,0.37053273805119374,1.120695266051767,6347,2064,False,False,False,False
3862,CSS_J175329.2+625437,RRab,RRab,False,False,0.42615816731856604,0.9662672196663191,2162,7981,False,False,False,False
3863,CSS_J024215.8-084808,EW,EW,False,False,0.3941362069282223,1.1220415269539115,3938,2026,False,False,False,False
3864,CSS_J223748.8-033059,EW,EW,False,False,0.36658182034842196,1.0146117850595129,6755,5829,False,False,False,False
3865,CSS_J073532.9+375044,EW,EW,False,False,0.3875394889781438,1.0488901185409154,4532,4094,False,False,False,False
3866,CSS_J222351.1+134326,EW,EW,False,False,0.4052806120182824,1.0146250424400933,3146,5828,False,False,False,False
3867,CSS_J090204.8+523430,EW,EW,False,False,0.37529316327807655,1.0323959221261023,5787,4856,False,False,False,False
3868,CSS_J163417.3+062219,RRd,RRd,False,True,0.37283342145427545,1.2684273888613822,6100,635,False,False,False,False
3869,CSS_J063821.8+413052,EW,EW,False,False,0.3643124219818992,0.9916669882223749,6988,7226,False,False,False,False
3870,CSS_J043257.4+061818,EW,EW,False,False,0.4147238132268153,1.068726428949891,2641,3349,False,False,False,False
3871,CSS_J224958.8-111218,EW,EW,False,False,0.35935898432185465,1.399327479217926,7485,259,False,False,False,False
3872,CSS_J045346.3+045437,RRab,EW,True,False,0.4672431698939816,1.0526276562111792,1064,3951,False,False,False,False
3873,CSS_J183900.4+495635,RRab,RRab,False,False,0.4010804581899239,1.0471171424439503,3414,4183,False,False,False,False
3874,CSS_J203812.0-021817,EW,EW,False,False,0.36095882889075764,1.1081620644929278,7326,2313,False,False,False,False
3875,CSS_J183658.9+434753,RRab,RRab,False,False,0.4336350513734112,1.0834196994582836,1893,2895,False,False,False,False
3876,CSS_J162301.6-012125,EW,EW,False,False,0.395394035760017,1.0526895083865275,3839,3943,False,False,False,False
3877,CSS_J231919.5+432911,EW,EW,False,False,0.40880614071369964,1.0981246366303168,2956,2548,False,False,False,False
3878,CSS_J040614.6+095550,EA,EA,False,False,0.4792161351623714,1.0107434258760741,844,6076,False,False,False,False
3879,CSS_J005820.2+153157,EW,EW,False,False,0.36595908927848136,1.0048424272194454,6824,6461,False,False,False,False
3880,CSS_J023906.7+030340,EW,EW,False,False,0.41239915178678843,1.052099565662602,2776,3974,False,False,False,False
3881,CSS_J132400.8-033848,RRc,RRc,False,False,0.4029694957117942,1.1652160101428068,3287,1410,False,False,False,False
3882,CSS_J073621.5+452419,EW,EW,False,False,0.42701297277625266,1.1335812213574132,2113,1839,False,False,False,False
3883,CSS_J211458.3-052928,EW,EW,False,False,0.35675673450244694,0.9884396386695927,7681,7403,False,False,False,False
3884,CSS_J065943.1+385516,EW,EW,False,False,0.3905874460084126,1.1183485327408489,4267,2113,False,False,False,False
3885,CSS_J085502.7+582358,RRab,RRab,False,False,0.4146107304345455,1.114502271322124,2646,2186,False,False,False,False
3886,CSS_J024944.2+320804,EW,EW,False,False,0.3554711890690034,0.9977780124118544,7766,6888,False,False,False,False
3887,CSS_J081026.4+374511,EA,EW,True,False,0.4340409186861865,1.2563917700404164,1880,701,False,False,False,False
3888,CSS_J222540.4+193926,EW,EW,False,False,0.4867064613051021,1.037519877340479,728,4606,False,False,False,False
3889,CSS_J214204.6+042932,EW,EW,False,False,0.3952613990858813,1.0165706261553336,3846,5718,False,False,False,False
3890,CSS_J141952.3-174531,RRc,RRc,False,False,0.38501434626135334,1.11683844947545,4766,2139,False,False,False,False
3891,CSS_J170658.4+294433,EW,EW,False,False,0.3675327133444598,0.9826184722117718,6654,7689,False,False,False,False
3892,CSS_J161115.8-161809,EW,EW,False,False,0.44884023789061206,1.1159407205049297,1445,2159,False,False,False,False
3893,CSS_J035430.9+243029,RS CVn,RS CVn,False,True,0.4500433576634758,1.0816914424692778,1418,2951,False,False,False,False
3894,CSS_J042101.5+003157,EW,EW,False,False,0.37505783915631524,1.0123901600743168,5827,5957,False,False,False,False
3895,CSS_J031127.2+391108,EW,EW,False,False,0.37377423613988814,1.2237348287213439,5979,879,False,False,False,False
3896,CSS_J085138.9-053415,EW,EW,False,False,0.408422850252309,1.2068928085933623,2976,1010,False,False,False,False
3897,CSS_J160800.8+511112,RRc,RRc,False,False,0.4091388363323651,1.0666863630948444,2937,3421,False,False,False,False
3898,CSS_J102937.9+062417,RRc,RRc,False,False,0.45190997453053694,1.123919984998747,1379,1997,False,False,False,False
3899,CSS_J015845.1+244757,EW,EW,False,False,0.3929024434540767,0.980713976260947,4052,7750,False,False,False,False
3900,CSS_J023536.6+224610,EW,EW,False,False,0.3690687131111402,0.9717421858932621,6494,7936,False,False,False,False
3901,CSS_J210526.8-035148,RRab,RRab,False,False,0.4585680186229212,1.1893957200424248,1235,1137,False,False,False,False
3902,CSS_J095635.9+080523,EW,EW,False,False,0.36335836174488606,0.9967178191436256,7084,6934,False,False,False,False
3903,CSS_J171831.0+103540,EA,EA,False,False,0.6549607550733955,1.182472391095866,77,1217,True,False,False,False
3904,CSS_J024154.1+314656,EW,EW,False,False,0.3866438632399112,1.0599620638854481,4611,3655,False,False,False,False
3905,CSS_J135927.9-153216,EW,EW,False,False,0.3612090674214077,1.0346932811318923,7303,4741,False,False,False,False
3906,CSS_J224714.4+012054,EA,EA,False,False,0.4224295252794439,0.9818434586309206,2298,7720,False,False,False,False
3907,CSS_J071213.2+580117,EW,EW,False,False,0.3690258321107239,1.0120264984561902,6500,5984,False,False,False,False
3908,CSS_J230418.3+201006,EW,EW,False,False,0.4169051674354301,1.0212351349244715,2544,5445,False,False,False,False
3909,CSS_J051516.4+171030,EW,EW,False,False,0.36657051643294314,1.064017115162356,6760,3512,False,False,False,False
3910,CSS_J101804.1-041835,EW,EW,False,False,0.4417805234892348,1.2302284555036522,1632,831,False,False,False,False
3911,CSS_J025917.1+040941,EW,EW,False,False,0.41651569456198734,1.115067762785388,2561,2175,False,False,False,False
3912,CSS_J154522.6-054419,EW,EW,False,False,0.4415528200382065,1.0791135785203652,1638,3034,False,False,False,False
3913,CSS_J093217.7+024413,RRab,EW,True,False,0.5529476418226357,1.8764863241545489,242,25,False,True,False,False
3914,CSS_J064935.9+370331,EW,EW,False,False,0.406288986185404,1.1216389534863689,3085,2039,False,False,False,False
3915,CSS_J113915.2+092101,EW,EW,False,False,0.4259201097988172,1.1288693075616132,2171,1913,False,False,False,False
3916,CSS_J225727.0+142044,EW,EW,False,False,0.4175888145339773,1.216493476740581,2510,933,False,False,False,False
3917,CSS_J082717.4+241720,EW,EW,False,False,0.39429807539435974,1.0011558010066886,3924,6691,False,False,False,False
3918,CSS_J150413.1+044809,EW,EW,False,False,0.4136783540666193,1.117728613912693,2703,2124,False,False,False,False
3919,CSS_J050320.0+002106,RRc,EW,True,False,0.37794147741661915,1.0427101030285673,5478,4385,False,False,False,False
3920,CSS_J175255.2+463216,RRab,RRab,False,False,0.5405163931672402,1.5797916596608927,299,85,False,True,False,False
3921,CSS_J211554.7+111809,RRab,RRab,False,False,0.3934180443031073,1.057141704975401,3996,3764,False,False,False,False
3922,CSS_J083445.4+081432,EW,EW,False,False,0.3939940242957469,1.064383100455529,3944,3495,False,False,False,False
3923,CSS_J212646.2-074232,RRd,RRab,True,True,0.41471051029945033,1.4184420703121499,2642,232,False,False,False,False
3924,CSS_J124240.8+202113,RRc,RRc,False,False,0.41549104133434894,1.0618532997803993,2606,3591,False,False,False,False
3925,CSS_J144734.0-123153,EW,EW,False,False,0.38150856897903085,1.0903725382660103,5123,2711,False,False,False,False
3926,CSS_J171226.7+121744,EW,RRc,True,False,0.3774417753526997,1.0358529491463113,5536,4686,False,False,False,False
3927,CSS_J161556.1+155430,EW,EW,False,False,0.36158717501691734,1.0363093316894951,7266,4665,False,False,False,False
3928,CSS_J000335.0+160613,RS CVn,EW,True,True,0.39921309316801185,1.0267414813792448,3561,5146,False,False,False,False
3929,CSS_J160448.1+194628,EA,EA,False,False,0.42033724721023163,0.986564850714014,2391,7508,False,False,False,False
3930,CSS_J073534.2+464503,EW,EW,False,False,0.3796710371013246,1.008904840150675,5325,6196,False,False,False,False
3931,CSS_J013358.6+364312,EW,EW,False,False,0.3547503341909659,0.970504684644987,7810,7954,False,False,False,False
3932,CSS_J170420.1+331249,EW,EW,False,False,0.35863157771741877,1.0202967100526608,7543,5490,False,False,False,False
3933,CSS_J205149.7-144731,EW,EW,False,False,0.3820631606647839,1.267624557773726,5058,639,False,False,False,False
3934,CSS_J161511.9+302333,EW,EW,False,False,0.3828184106883041,1.107746306743358,4984,2320,False,False,False,False
3935,CSS_J212950.9+121903,RRc,RRc,False,False,0.36385453743861923,1.0102844236518238,7043,6100,False,False,False,False
3936,CSS_J013924.9+210257,EW,EW,False,False,0.39615150552497386,1.0215356448712178,3777,5421,False,False,False,False
3937,CSS_J160558.5+060441,RRc,RRc,False,False,0.3840474992747501,0.9862759695914656,4861,7530,False,False,False,False
3938,CSS_J155305.5+102531,EW,EW,False,False,0.3898682254629042,1.1380470164908805,4338,1758,False,False,False,False
3939,CSS_J025836.4-094026,EW,EW,False,False,0.3674251641790744,1.2334193843840162,6668,817,False,False,False,False
3940,CSS_J020334.5+222237,EW,EW,False,False,0.3631907991409322,1.0594721050129237,7100,3674,False,False,False,False
3941,CSS_J222338.6+085923,EW,EW,False,False,0.3944108279724318,1.2090807659220835,3918,996,False,False,False,False
3942,CSS_J024145.7+305432,EW,EW,False,False,0.46202152763254,1.0230446654223218,1165,5333,False,False,False,False
3943,CSS_J211406.3+011739,EW,EW,False,False,0.3522500716340679,1.025025340047788,7953,5244,False,False,False,False
3944,CSS_J000649.3-180718,RRc,EW,True,False,0.3901816678283903,1.0298064374128748,4311,4977,False,False,False,False
3945,CSS_J055730.2-143524,EW,EW,False,False,0.35895808549723046,0.9838428172082285,7520,7637,False,False,False,False
3946,CSS_J164707.7-010114,RRc,EW,True,False,0.36836184207975586,1.1316731456252334,6576,1870,False,False,False,False
3947,CSS_J041706.5+350338,EW,EW,False,False,0.35284599706872427,0.9974525065983236,7926,6899,False,False,False,False
3948,CSS_J022547.2+110430,EA,EA,False,False,0.44223587940401127,1.0432390322393759,1619,4356,False,False,False,False
3949,CSS_J173618.8+322014,EW,EW,False,False,0.4071421838283421,1.024383067626937,3037,5272,False,False,False,False
3950,CSS_J130404.6-015321,RS CVn,EW,True,True,0.4012604083720103,1.1656215778672225,3403,1403,False,False,False,False
3951,CSS_J173326.6+382335,EW,EW,False,False,0.3984833349013586,0.9869517572557814,3608,7491,False,False,False,False
3952,CSS_J213623.5+155249,EW,EW,False,False,0.3812311133361245,1.0108146210316247,5163,6073,False,False,False,False
3953,CSS_J205456.9-092045,EW,EW,False,False,0.3541305785713153,1.0472835575490258,7844,4175,False,False,False,False
3954,CSS_J065435.5+370238,EW,EW,False,False,0.38550446713438413,1.0076715689753077,4717,6280,False,False,False,False
3955,CSS_J161533.2+164321,RRc,RRc,False,False,0.37837283244243797,1.0483635759433887,5433,4119,False,False,False,False
3956,CSS_J175321.0+495553,EA,EW,True,False,0.3858299877876058,1.077965319834919,4689,3070,False,False,False,False
3957,CSS_J082130.2+240850,EW,RRc,True,False,0.4082295556776839,1.056900190207793,2986,3772,False,False,False,False
3958,CSS_J143742.3+131009,RRc,RRc,False,False,0.3933813227199529,1.0403366798628133,4004,4479,False,False,False,False
3959,CSS_J153818.3+025425,EW,EW,False,False,0.3652502211066488,1.0705914227581013,6908,3280,False,False,False,False
3960,CSS_J203659.1-152235,EW,EW,False,False,0.5801711415793841,1.2429268907753355,174,771,False,False,False,False
3961,CSS_J150644.2-183914,EW,EW,False,False,0.38194233437188846,1.074697849062719,5075,3158,False,False,False,False
3962,CSS_J155218.4+303532,EA,EA,False,False,0.5516125523656862,1.014797616393202,247,5814,False,False,False,False
3963,CSS_J023305.8-114046,EA,EA,False,False,0.4717355966059863,1.0272230452571454,991,5122,False,False,False,False
3964,CSS_J214454.4+084754,EW,EW,False,False,0.36565369656601304,1.009128965508252,6857,6177,False,False,False,False
3965,CSS_J165105.9+593239,EW,EW,False,False,0.37115074872425874,1.0000768081146751,6281,6761,False,False,False,False
3966,CSS_J225431.9+202709,RRc,RRc,False,False,0.39058228740443507,0.9853833169636772,4269,7573,False,False,False,False
3967,CSS_J143529.0-175338,RS CVn,EW,True,True,0.375992563002164,1.166016608819307,5709,1394,False,False,False,False
3968,CSS_J120619.5+315825,EA,EW,True,False,0.396068872187179,1.0728253023274574,3782,3214,False,False,False,False
3969,CSS_J084516.1+022925,RS CVn,EW,True,True,0.3970431493911624,1.0123467354130076,3713,5963,False,False,False,False
3970,CSS_J171815.3+265925,RS CVn,RS CVn,False,True,0.4076098169452819,1.2191498277387542,3014,912,False,False,False,False
3971,CSS_J150607.3-123800,RRab,RRc,True,False,0.4149906219134973,1.1491246411130671,2631,1615,False,False,False,False
3972,CSS_J162027.0+210317,EW,EW,False,False,0.4002432303975065,1.0728651994140281,3483,3211,False,False,False,False
3973,CSS_J212853.7-181251,EW,EW,False,False,0.3772598728884892,1.0369403181328232,5557,4637,False,False,False,False
3974,CSS_J015157.5+423711,EW,EW,False,False,0.5027115453045649,1.0787042849066737,536,3047,False,False,False,False
3975,CSS_J072602.6+294006,EW,EW,False,False,0.37296892855080616,0.9806699350999761,6083,7752,False,False,False,False
3976,CSS_J041438.7+104221,EA,EW,True,False,0.37939406059534747,1.157770365150849,5360,1501,False,False,False,False
3977,CSS_J060604.7-032414,EW,EW,False,False,0.38957345956353207,1.140427540649561,4365,1725,False,False,False,False
3978,CSS_J150135.6-063747,RRc,RRc,False,False,0.36218862295489823,1.1560153552550267,7212,1520,False,False,False,False
3979,CSS_J214847.7+070457,EW,EW,False,False,0.3826270668985947,0.9981116943628618,5003,6873,False,False,False,False
3980,CSS_J162128.4+153836,RRc,RRc,False,False,0.39895166655999564,1.369501817797405,3576,313,False,False,False,False
3981,CSS_J084943.7+411856,EA,EA,False,False,0.45987049386463413,0.9875080768280755,1207,7452,False,False,False,False
3982,CSS_J063122.4+605830,EW,EW,False,False,0.3558607284535846,0.9989364739003991,7739,6818,False,False,False,False
3983,CSS_J073344.1+213658,EW,EW,False,False,0.38149254585837356,1.0043353907354269,5124,6498,False,False,False,False
3984,CSS_J135741.0+172627,RRc,RRc,False,False,0.3704171796570658,1.0013767258218986,6358,6677,False,False,False,False
3985,CSS_J172537.2+295411,EW,EW,False,False,0.3593918851228103,1.0230399057539281,7483,5334,False,False,False,False
3986,CSS_J131741.5+324002,EW,EW,False,False,0.3803809057521004,1.1732468564291065,5252,1306,False,False,False,False
3987,CSS_J111914.8+350725,EW,EW,False,False,0.3717799457445662,1.2081482593593074,6219,1002,False,False,False,False
3988,CSS_J233510.0-174923,EW,EW,False,False,0.3963003185883223,1.0507274871657513,3763,4031,False,False,False,False
3989,CSS_J042134.2+410354,EW,EW,False,False,0.3692483273413243,0.9923008122107315,6477,7182,False,False,False,False
3990,CSS_J053914.5-111635,EW,EW,False,False,0.4048395180039335,1.1761394613422405,3178,1272,False,False,False,False
3991,CSS_J203216.7-054433,RRab,RRc,True,False,0.41353490851803926,1.1410692854585953,2709,1715,False,False,False,False
3992,CSS_J125544.5-051502,EW,EW,False,False,0.3646108296194389,1.2427189938033263,6963,774,False,False,False,False
3993,CSS_J050240.3+180519,EW,EW,False,False,0.3845773618439265,1.011661722641745,4814,6017,False,False,False,False
3994,CSS_J024327.3-024416,EW,EW,False,False,0.3956008537741366,1.0124877121351703,3822,5949,False,False,False,False
3995,CSS_J032104.6+350820,EW,EW,False,False,0.4199420895875519,1.016402340204409,2412,5731,False,False,False,False
3996,CSS_J162358.7+150757,EW,EW,False,False,0.36300832783661335,1.009850023066503,7123,6123,False,False,False,False
3997,CSS_J221948.9-034550,EW,EW,False,False,0.39518381079514686,1.1119693068714267,3852,2233,False,False,False,False
3998,CSS_J023224.1+280303,EW,EW,False,False,0.443431127922978,1.0341089395954062,1579,4773,False,False,False,False
3999,CSS_J100158.0+055339,EW,EW,False,False,0.38511012335071476,1.097761713215606,4758,2555,False,False,False,False
4000,CSS_J074513.5+240843,EA,EA,False,False,0.6051387594797186,1.4519963633093365,121,198,True,False,False,False
4001,CSS_J060635.7-074854,EA,EA,False,False,0.49474131406589356,1.036740261142476,618,4644,False,False,False,False
4002,CSS_J033004.4+265421,EA,EA,False,False,0.40542935836814065,0.9990091539628334,3134,6814,False,False,False,False
4003,CSS_J145328.6+302911,RRd,EW,True,True,0.3611626874642005,1.048807169670784,7306,4100,False,False,False,False
4004,CSS_J021329.2+254225,EA,EA,False,False,0.5089555127578399,1.1048254030933837,474,2380,False,False,False,False
4005,CSS_J171346.8+100219,EW,EW,False,False,0.3533966373353752,1.1520266241974721,7893,1567,False,False,False,False
4006,CSS_J085810.8+171406,RS CVn,EW,True,True,0.4715866379771645,1.3647757423233062,994,318,False,False,False,False
4007,CSS_J151559.8-145702,EW,EW,False,False,0.3909671588338942,1.349205695142073,4232,360,False,False,False,False
4008,CSS_J143433.1-064423,EW,EW,False,False,0.38406089530354437,1.0400700318465534,4859,4494,False,False,False,False
4009,CSS_J212739.8-100441,RRc,EW,True,False,0.3623892912084053,1.0257008063547257,7189,5201,False,False,False,False
4010,CSS_J212409.3-055050,EW,EW,False,False,0.3715995701166865,1.0713960975814252,6234,3250,False,False,False,False
4011,CSS_J014527.4+240642,EW,EW,False,False,0.39321533368442363,1.0421948363497529,4014,4411,False,False,False,False
4012,CSS_J051725.3+050947,RS CVn,EW,True,True,0.39295339901637855,1.106696004293777,4041,2338,False,False,False,False
4013,CSS_J211231.9+054734,EW,EW,False,False,0.3939391838924599,1.1485560799228849,3947,1626,False,False,False,False
4014,CSS_J090818.3+350451,EW,RS CVn,True,False,0.4400082271475404,1.0515934338973216,1686,3991,False,False,False,False
4015,CSS_J225502.8+292350,RRc,EW,True,False,0.4074643990196292,1.2230373527248943,3024,886,False,False,False,False
4016,CSS_J210649.2+050626,RS CVn,EW,True,True,0.36277133424701874,1.259663917910388,7152,690,False,False,False,False
4017,CSS_J225224.9-014054,EW,EW,False,False,0.47259842948861924,1.1027193867307332,966,2424,False,False,False,False
4018,CSS_J070614.5+432900,EW,EW,False,False,0.36781939500251853,1.007791914775726,6631,6271,False,False,False,False
4019,CSS_J075950.9+284417,EW,EW,False,False,0.38054985218893506,1.101634602167175,5237,2453,False,False,False,False
4020,CSS_J233835.0+361103,EW,EW,False,False,0.4166744411437563,1.2667905971090347,2554,645,False,False,False,False
4021,CSS_J160737.3+573208,RRab,EW,True,False,0.4467608762984127,1.2631162179012914,1498,669,False,False,False,False
4022,CSS_J133822.9-071253,EW,EW,False,False,0.37287643044897206,1.194689707495615,6099,1102,False,False,False,False
4023,CSS_J025725.5+332216,RS CVn,EW,True,True,0.406063795299436,1.1609348388177092,3102,1465,False,False,False,False
4024,CSS_J024506.8+231554,EW,EW,False,False,0.37045342015959515,1.0065232536526627,6353,6351,False,False,False,False
4025,CSS_J172101.6+264412,RRc,RRc,False,False,0.38187051230667163,1.13408558481103,5086,1832,False,False,False,False
4026,CSS_J051545.3+164427,EA,EW,True,False,0.4334161836739736,1.0180923759761524,1898,5623,False,False,False,False
4027,CSS_J223312.6-060511,EA,EA,False,False,0.506580930611087,1.0085314922865887,498,6223,False,False,False,False
4028,CSS_J145213.2+482848,RRc,RRc,False,False,0.41189737460921894,1.0472161343637747,2800,4179,False,False,False,False
4029,CSS_J044048.2+190406,EW,EW,False,False,0.37944823511793924,1.0998973729426829,5351,2505,False,False,False,False
4030,CSS_J090548.2+370059,EW,EW,False,False,0.4004632232077557,1.1660203894154169,3465,1393,False,False,False,False
4031,CSS_J214927.1+171411,RRab,EW,True,False,0.37454102973324793,1.0078425646598297,5901,6270,False,False,False,False
4032,CSS_J135900.2+040435,EW,EW,False,False,0.44049768475017004,1.003465322821697,1673,6554,False,False,False,False
4033,CSS_J042622.3+070555,EW,EW,False,False,0.3769137356688964,1.067656859003215,5605,3380,False,False,False,False
4034,CSS_J160709.0+030724,EW,EW,False,False,0.3824213320205057,0.9854980750038624,5020,7567,False,False,False,False
4035,CSS_J164822.8+044717,RRc,RRc,False,False,0.36679821364704046,1.0130207743784707,6732,5917,False,False,False,False
4036,CSS_J134528.3+034606,EW,EW,False,False,0.4068725718980111,1.1805685767691734,3055,1230,False,False,False,False
4037,CSS_J055622.9+021706,EA,EA,False,False,0.6111329079413801,1.0830004390780998,113,2911,True,False,False,False
4038,CSS_J210219.8+020001,EA,EW,True,False,0.507567537123334,1.4742333211111385,492,164,False,False,False,False
4039,CSS_J104309.5+382731,EW,EW,False,False,0.39089659049960845,1.0919096845400698,4238,2681,False,False,False,False
4040,CSS_J174004.6+613331,EW,EW,False,False,0.35402315447109334,1.0043623824454078,7855,6493,False,False,False,False
4041,CSS_J170638.3+500134,EW,EW,False,False,0.36171181869961405,1.1367887850461262,7250,1786,False,False,False,False
4042,CSS_J165709.1+072543,RRc,RRc,False,False,0.44295993967685154,1.4164562713678732,1595,238,False,False,False,False
4043,CSS_J132855.8+032132,EW,EW,False,False,0.3586969021344556,1.0170442871009278,7538,5692,False,False,False,False
4044,CSS_J172825.8+700830,LPV,LPV,False,False,0.6894320505188123,1.1497999675524118,51,1604,True,False,False,False
4045,CSS_J164704.3-081345,EW,EW,False,False,0.3674618115679435,1.0981996455389693,6662,2544,False,False,False,False
4046,CSS_J131542.9+125634,RRc,EW,True,False,0.38119690990633387,1.0186884368357636,5166,5581,False,False,False,False
4047,CSS_J073005.1+480838,EW,EW,False,False,0.37614504532647897,1.010989517570445,5686,6059,False,False,False,False
4048,CSS_J214943.1+220356,EW,EW,False,False,0.40949844292725407,0.9844523735335766,2918,7616,False,False,False,False
4049,CSS_J030251.0+355412,EW,EW,False,False,0.36231861269315213,0.9954836149645079,7198,7006,False,False,False,False
4050,CSS_J164728.3+143742,RRc,RRc,False,False,0.4736712348651646,1.1630831399939976,947,1436,False,False,False,False
4051,CSS_J145356.1-095824,RRab,RRab,False,False,0.5172738921588013,0.9849000508626966,405,7596,False,False,False,False
4052,CSS_J083456.2+032113,EW,EW,False,False,0.3920916311468067,1.0776152391519724,4130,3083,False,False,False,False
4053,CSS_J220829.5+085505,EA,EA,False,False,0.5448670119117698,1.266075399611776,279,647,False,False,False,False
4054,CSS_J031455.7+332157,EW,EW,False,False,0.4147816319217197,1.4588650441535573,2638,185,False,False,False,False
4055,CSS_J091618.5+072451,EA,EA,False,False,0.6031815593257981,1.4476639842937502,129,202,True,False,False,False
4056,CSS_J085951.9-090221,EW,EW,False,False,0.37942136794317577,1.0285667044699485,5354,5042,False,False,False,False
4057,CSS_J080220.7+125931,EW,EW,False,False,0.42087696029977567,1.011635639526413,2370,6021,False,False,False,False
4058,CSS_J164725.7+510017,EW,EW,False,False,0.3650074091608293,0.9964570890701548,6933,6953,False,False,False,False
4059,CSS_J082041.4-082125,EW,EW,False,False,0.36845245983468167,1.2144668879389733,6556,959,False,False,False,False
4060,CSS_J041728.7+052207,EA,EA,False,False,0.44535196205149186,1.0924919125775205,1543,2664,False,False,False,False
4061,CSS_J145857.7+375945,EW,EW,False,False,0.431103457703509,1.5238796176988523,1979,115,False,True,False,False
4062,CSS_J001259.9+141858,EW,EW,False,False,0.38285925404056104,1.02402585052857,4980,5290,False,False,False,False
4063,CSS_J081140.1+054046,EW,EW,False,False,0.40946172085440313,1.2469970605892908,2920,746,False,False,False,False
4064,CSS_J081019.0-024910,RRab,RRab,False,False,0.3996471610751936,1.4815367849415897,3529,155,False,True,False,False
4065,CSS_J033649.1+302823,EW,EW,False,False,0.451492053447592,0.9980736756700737,1386,6875,False,False,False,False
4066,CSS_J112208.9+110132,EW,EW,False,False,0.3605606742595581,1.042903371698285,7369,4374,False,False,False,False
4067,CSS_J170638.9+124314,EW,EW,False,False,0.41998434417754343,1.1949188745098633,2409,1100,False,False,False,False
4068,CSS_J225628.0+260541,EW,EW,False,False,0.3730803428770724,1.25362994035999,6066,712,False,False,False,False
4069,CSS_J163306.3+152353,EW,EW,False,False,0.4254878052186226,1.0777318309037858,2184,3078,False,False,False,False
4070,CSS_J161814.8-124422,RRc,RRc,False,False,0.4029021451259058,1.073313479033836,3293,3197,False,False,False,False
4071,CSS_J022057.9+003133,RS CVn,EW,True,True,0.4041195124274771,1.1015243346695567,3227,2460,False,False,False,False
4072,CSS_J050234.5+042405,EW,EW,False,False,0.3717706075931485,1.0063783694264246,6222,6361,False,False,False,False
4073,CSS_J162401.9+362025,EW,EW,False,False,0.3639316857949978,1.0124395445535996,7035,5953,False,False,False,False
4074,CSS_J230938.5+141648,EW,EW,False,False,0.4029480164414166,1.1201659340674446,3289,2074,False,False,False,False
4075,CSS_J203742.1-024241,RRc,RRc,False,False,0.4113947173611774,1.0197053167370072,2831,5522,False,False,False,False
4076,CSS_J141314.8+191538,RRab,RRab,False,False,0.45332465952820505,1.1765216420169056,1352,1269,False,False,False,False
4077,CSS_J224303.8+325941,EW,EW,False,False,0.3851943679730853,0.9790393832302693,4754,7802,False,False,False,False
4078,CSS_J165237.7+060112,EW,EW,False,False,0.37200268895634714,1.0801304420055597,6196,2995,False,False,False,False
4079,CSS_J052036.1+003205,EW,EW,False,False,0.3957704924391762,1.034323244327607,3811,4759,False,False,False,False
4080,CSS_J041141.2+314648,RRab,RRc,True,False,0.40274082271616957,1.2232211488958928,3305,884,False,False,False,False
4081,CSS_J030702.2+261521,EW,EW,False,False,0.3794433125055398,1.1132431459422614,5352,2207,False,False,False,False
4082,CSS_J022448.0+310103,EW,EW,False,False,0.38898019417457635,1.0693564322150328,4420,3324,False,False,False,False
4083,CSS_J051549.5+133810,EW,EW,False,False,0.40436038101027744,0.9827508655337553,3215,7685,False,False,False,False
4084,CSS_J220440.5+171308,EW,EW,False,False,0.37344886622675283,0.9892494239582389,6027,7365,False,False,False,False
4085,CSS_J212252.3+013918,EW,EW,False,False,0.361301828103429,1.0066753191537252,7294,6336,False,False,False,False
4086,CSS_J160748.7-064723,EW,EW,False,False,0.368168687376989,1.0700899964016497,6595,3296,False,False,False,False
4087,CSS_J221911.9+080643,EW,EW,False,False,0.3676876294535193,1.033058998630859,6644,4819,False,False,False,False
4088,CSS_J092508.8+013236,EW,EW,False,False,0.35809137710410954,0.9920468216538151,7584,7201,False,False,False,False
4089,CSS_J092418.5-022810,EW,EW,False,False,0.37545444711404824,1.040243269303831,5767,4482,False,False,False,False
4090,CSS_J001738.4+205157,EW,EW,False,False,0.4540388532709586,1.153802018463463,1340,1545,False,False,False,False
4091,CSS_J165557.5+334221,EW,EW,False,False,0.3783689667255117,0.9846015948884566,5435,7609,False,False,False,False
4092,CSS_J220401.8+103901,EW,RRc,True,False,0.3731719206907808,1.1005924307127857,6059,2484,False,False,False,False
4093,CSS_J053834.6+032639,EW,EW,False,False,0.37378753308898255,1.051160939164929,5977,4008,False,False,False,False
4094,CSS_J024745.2+003607,RRc,RRc,False,False,0.3899450248330792,1.080866892987012,4332,2978,False,False,False,False
4095,CSS_J161636.8-193053,RRc,EW,True,False,0.36896000268652157,1.184925629351874,6507,1191,False,False,False,False
4096,CSS_J053245.8+011318,EW,EW,False,False,0.383608637650681,1.0228943590554365,4912,5346,False,False,False,False
4097,CSS_J002653.4-155025,EW,EW,False,False,0.4678975597093644,1.0109010880662845,1054,6067,False,False,False,False
4098,CSS_J044827.4-035950,EW,EW,False,False,0.4453870750769093,1.006000706271505,1540,6382,False,False,False,False
4099,CSS_J084448.4-020737,EW,EW,False,False,0.3822692017752284,1.0308224975985925,5037,4938,False,False,False,False
4100,CSS_J162612.5-102341,RRc,RRc,False,False,0.4124374507333666,1.094644841102668,2773,2609,False,False,False,False
4101,CSS_J083558.8-033839,EA,EA,False,False,0.4436838658826046,1.00886549782595,1576,6200,False,False,False,False
4102,CSS_J234103.5+073524,RRab,EW,True,False,0.3792093269188633,1.089809466696855,5373,2729,False,False,False,False
4103,CSS_J210240.3-050753,EW,EW,False,False,0.36228727086095835,1.0278453292890855,7201,5088,False,False,False,False
4104,CSS_J143833.8+232016,EW,EW,False,False,0.36403550232802184,1.0278889042591952,7025,5084,False,False,False,False
4105,CSS_J233715.6+414029,EW,EW,False,False,0.42411581207498905,1.0210547197482926,2235,5453,False,False,False,False
4106,CSS_J153010.9+191703,RRc,EW,True,False,0.357883093954927,1.0919130748310946,7595,2680,False,False,False,False
4107,CSS_J210518.8-051751,EW,EW,False,False,0.389895223538856,1.0893773969793348,4336,2747,False,False,False,False
4108,CSS_J162025.9+003820,RRd,RRc,True,True,0.3566669461519075,1.0793078383382426,7689,3025,False,False,False,False
4109,CSS_J085239.8+203453,EW,EW,False,False,0.4107604645171115,1.0535884686029753,2864,3896,False,False,False,False
4110,CSS_J182043.1+460906,EW,EW,False,False,0.35716473736020754,1.006635846779813,7653,6340,False,False,False,False
4111,CSS_J130157.9-040235,EW,RRc,True,False,0.38926788175319876,1.3217119482516009,4393,431,False,False,False,False
4112,CSS_J214442.1+234556,EW,EW,False,False,0.4188695342120832,1.0066300190568915,2450,6342,False,False,False,False
4113,CSS_J134440.4-122058,RRc,RRc,False,False,0.3797084062207907,0.996112322583141,5322,6970,False,False,False,False
4114,CSS_J070233.9+341212,EW,EW,False,False,0.38787361042007185,1.066499919612331,4510,3431,False,False,False,False
4115,CSS_J083825.7+085811,EW,EW,False,False,0.3647558595584934,1.0155991751098117,6957,5761,False,False,False,False
4116,CSS_J115913.4+000836,RRd,EW,True,True,0.38047701047639765,1.0176282489509265,5242,5655,False,False,False,False
4117,CSS_J215101.7-115938,RRc,RRc,False,False,0.39089282421112004,1.0199723153159934,4239,5509,False,False,False,False
4118,CSS_J152638.0+231313,EW,EW,False,False,0.3679982149939479,1.1676997632039638,6613,1374,False,False,False,False
4119,CSS_J025433.6-122146,EW,EW,False,False,0.3893284472390709,1.135768277413358,4389,1800,False,False,False,False
4120,CSS_J230227.8+184627,RS CVn,EA,True,True,0.5236584067689837,1.0570946770640115,385,3766,False,False,False,False
4121,CSS_J213449.2-012131,EW,EW,False,False,0.3919125463798018,1.1329162950015788,4150,1850,False,False,False,False
4122,CSS_J135833.7-040104,EW,EW,False,False,0.37824260605423904,1.038293889952784,5450,4573,False,False,False,False
4123,CSS_J053940.8+045306,EA,EA,False,False,0.4866401708471608,1.0662047710682048,730,3442,False,False,False,False
4124,CSS_J173325.3+384453,EA,EA,False,False,0.44129172450024523,1.1942609137163391,1645,1105,False,False,False,False
4125,CSS_J223002.9-080626,EW,EW,False,False,0.3770634526652422,1.013255390306819,5581,5905,False,False,False,False
4126,CSS_J093627.6+141910,RRc,RRc,False,False,0.38221594160687916,1.012963051650559,5046,5922,False,False,False,False
4127,CSS_J142818.8-121530,RRd,EW,True,True,0.39579681040673514,1.3617128878178106,3810,327,False,False,False,False
4128,CSS_J052143.3-162932,EW,EW,False,False,0.3620228887888457,1.1176745267906516,7227,2125,False,False,False,False
4129,CSS_J232258.4+324348,EW,EW,False,False,0.39329410230827594,1.0343996832756654,4009,4757,False,False,False,False
4130,CSS_J160147.0-165418,EW,EW,False,False,0.37484363562376866,1.1564933434704963,5856,1513,False,False,False,False
4131,CSS_J162404.6+124549,EA,EA,False,False,0.5365221406490677,1.19159182220762,321,1125,False,False,False,False
4132,CSS_J173828.4+181525,RRab,RRab,False,False,0.4387255277183107,1.160281068467319,1724,1474,False,False,False,False
4133,CSS_J073520.4+473034,EW,EW,False,False,0.48025304667533103,1.1148759580459715,825,2179,False,False,False,False
4134,CSS_J011744.8+283118,EW,EW,False,False,0.3547336897143737,0.9854854447368323,7812,7569,False,False,False,False
4135,CSS_J232251.7+164417,EW,EW,False,False,0.3542374511509299,0.9986800919677128,7839,6836,False,False,False,False
4136,CSS_J162742.0+292430,RS CVn,EW,True,True,0.37499414042976636,1.0687314256552132,5834,3348,False,False,False,False
4137,CSS_J052944.0-071937,EW,EW,False,False,0.3678276806952211,1.031315174382871,6629,4912,False,False,False,False
4138,CSS_J051107.7+120141,EW,EW,False,False,0.3937316943418576,1.0480393921700322,3968,4132,False,False,False,False
4139,CSS_J111645.0-093018,RRc,RRc,False,False,0.3825427505531328,1.113990947014066,5012,2194,False,False,False,False
4140,CSS_J234954.8+054419,RRab,RRab,False,False,0.4017524084543658,1.1064698050478026,3367,2345,False,False,False,False
4141,CSS_J215838.3+140000,EW,EW,False,False,0.36618409053331513,0.9867119591033828,6795,7501,False,False,False,False
4142,CSS_J043615.2+045921,EW,EW,False,False,0.3627953619818268,1.0069313890536888,7151,6324,False,False,False,False
4143,CSS_J205938.0-090726,RRc,RRc,False,False,0.37446547627451265,0.9825987299960974,5910,7691,False,False,False,False
4144,CSS_J103049.8-121048,EW,EA,True,False,0.4605749344261446,1.0545706225641571,1193,3855,False,False,False,False
4145,CSS_J213028.2-032353,EW,EW,False,False,0.3842058010385857,1.0571540536786355,4845,3762,False,False,False,False
4146,CSS_J142415.1+041304,EW,EW,False,False,0.3818857250747414,1.1037367990807456,5083,2401,False,False,False,False
4147,CSS_J102956.2+364750,EW,EW,False,False,0.45094402203138534,0.9721899484842774,1397,7928,False,False,False,False
4148,CSS_J090802.1-032235,EW,EW,False,False,0.3961311506501241,1.1061523629031806,3779,2351,False,False,False,False
4149,CSS_J070621.1+550054,EW,EW,False,False,0.410244846359099,1.1056348889891798,2884,2365,False,False,False,False
4150,CSS_J100308.0-111341,RRc,RRc,False,False,0.4145159958327473,1.05734277373827,2655,3754,False,False,False,False
4151,CSS_J212235.4+065714,EW,EW,False,False,0.3849335966831553,1.0250267430338518,4775,5243,False,False,False,False
4152,CSS_J040641.7+131156,EW,EW,False,False,0.4006674188317814,1.013481460161834,3443,5893,False,False,False,False
4153,CSS_J102819.2+280438,RRab,RRab,False,False,0.5664113048724626,1.4127629594826376,207,245,False,False,False,False
4154,CSS_J152053.1-132315,EW,EW,False,False,0.39293517850381093,0.9925558650379527,4045,7165,False,False,False,False
4155,CSS_J040832.9+315632,EA,EA,False,False,0.4640032561436047,1.0126413214149697,1120,5939,False,False,False,False
4156,CSS_J041553.2-121559,EW,EW,False,False,0.36085796599284564,0.9947356630267384,7338,7055,False,False,False,False
4157,CSS_J154414.7+413816,EW,EW,False,False,0.4099860025485002,1.0592886495753198,2895,3683,False,False,False,False
4158,CSS_J073703.4+280918,EA,EA,False,False,0.4949034722819994,1.0174217205077318,617,5672,False,False,False,False
4159,CSS_J105634.2+013336,RRc,RRc,False,False,0.41037472528458335,1.0107668352336936,2878,6075,False,False,False,False
4160,CSS_J081134.6+315903,EW,EW,False,False,0.39157991570494965,1.0346136740791803,4179,4745,False,False,False,False
4161,CSS_J210640.2-100830,EW,EW,False,False,0.38187504797155297,1.1219693926834695,5085,2027,False,False,False,False
4162,CSS_J225859.2+144157,EW,EW,False,False,0.35793443367742606,1.0085442339286241,7593,6220,False,False,False,False
4163,CSS_J162154.0+121856,RRc,RRc,False,False,0.3833733932895281,1.0777009937008206,4938,3079,False,False,False,False
4164,CSS_J044219.1+023735,EW,EW,False,False,0.424857846176698,1.139806200139793,2202,1737,False,False,False,False
4165,CSS_J110505.9+331029,EW,EW,False,False,0.42370178493854105,1.2868993267403472,2254,566,False,False,False,False
4166,CSS_J051030.8-042813,EW,EW,False,False,0.4733026550201868,1.3254479724545278,955,418,False,False,False,False
4167,CSS_J160717.1+584105,EW,EW,False,False,0.3617902401907647,1.1052294340800466,7244,2372,False,False,False,False
4168,CSS_J043409.6+060806,RRc,RRab,True,False,0.38650281275474285,1.0647588414133295,4623,3485,False,False,False,False
4169,CSS_J153025.0-133203,EA,EA,False,False,0.4927562227973452,1.0571151592120558,645,3765,False,False,False,False
4170,CSS_J101938.3-063519,EW,EW,False,False,0.41848656952427904,1.110518551309475,2473,2260,False,False,False,False
4171,CSS_J002451.1+422805,EA,EA,False,False,0.4549555704240051,1.1036793006622923,1320,2403,False,False,False,False
4172,CSS_J214126.7-045322,EW,RRc,True,False,0.39633852688473103,1.1428203820848357,3762,1696,False,False,False,False
4173,CSS_J221730.1+321518,EW,EW,False,False,0.35730173126624565,0.9895484640870981,7635,7345,False,False,False,False
4174,CSS_J144740.3+084802,RRc,RRc,False,False,0.4856166265529922,1.067041445655876,749,3407,False,False,False,False
4175,CSS_J151802.3+014037,RRab,EW,True,False,0.38737397829885173,1.1873248953683235,4551,1162,False,False,False,False
4176,CSS_J174603.6+403744,EW,EW,False,False,0.3707415259911428,1.0338376826440803,6325,4786,False,False,False,False
4177,CSS_J233901.0+340855,EW,EW,False,False,0.38438353651927265,1.0857261997206122,4830,2843,False,False,False,False
4178,CSS_J232758.6-133346,RRc,RRc,False,False,0.384663302744364,1.0138545523430895,4801,5872,False,False,False,False
4179,CSS_J213751.5+235803,EW,EW,False,False,0.35857218328497636,0.9934791925255327,7547,7118,False,False,False,False
4180,CSS_J155415.1+064002,EW,EW,False,False,0.3755802945020713,1.0544540082737885,5751,3863,False,False,False,False
4181,CSS_J165742.5+273454,EW,EW,False,False,0.35616357889054645,0.9764156987695729,7718,7857,False,False,False,False
4182,CSS_J203952.4-125415,EW,EW,False,False,0.3932917723116613,1.002397797870482,4010,6618,False,False,False,False
4183,CSS_J134525.6-125639,RRc,RRc,False,False,0.36995439922634393,0.9920482518006593,6402,7199,False,False,False,False
4184,CSS_J074314.0+185846,EW,EW,False,False,0.38400057053052233,1.0876165065198982,4869,2788,False,False,False,False
4185,CSS_J141534.5+042400,RRab,RRc,True,False,0.4124796912520989,0.9898529057881078,2770,7324,False,False,False,False
4186,CSS_J231627.5+305832,EW,EA,True,False,0.42423613561668094,1.0018757248047208,2230,6651,False,False,False,False
4187,CSS_J173145.0+485839,EW,EA,True,False,0.4481240365076196,1.0691326164916062,1469,3333,False,False,False,False
4188,CSS_J210707.7-153608,EW,EW,False,False,0.3701125706445941,1.0615254540064918,6386,3600,False,False,False,False
4189,CSS_J131448.6+202025,EW,EA,True,False,0.40450605678078316,1.0259378955203429,3202,5190,False,False,False,False
4190,CSS_J222341.9+160130,EW,EW,False,False,0.4247865849187107,1.111224689715339,2206,2248,False,False,False,False
4191,CSS_J024017.9+352602,RRc,RRc,False,False,0.3830539953716466,1.060491292802626,4969,3637,False,False,False,False
4192,CSS_J044301.1-173532,EW,EW,False,False,0.3632783969536229,0.9862256668532599,7089,7532,False,False,False,False
4193,CSS_J165747.1+000620,EW,EW,False,False,0.3642924191690823,1.1195432677323924,6992,2089,False,False,False,False
4194,CSS_J084708.5-021809,EW,EW,False,False,0.37440010650608646,1.0187097415114068,5916,5579,False,False,False,False
4195,CSS_J183348.4+541907,EW,EW,False,False,0.3620802680779447,0.9906447225023388,7221,7283,False,False,False,False
4196,CSS_J052236.7+172717,RRc,RRc,False,False,0.3668440645253296,1.0287794836760753,6730,5026,False,False,False,False
4197,CSS_J011441.6+204131,EW,EW,False,False,0.35757000230494695,1.0028558950856212,7617,6584,False,False,False,False
4198,CSS_J042200.8+225752,EW,EW,False,False,0.4465271731767052,1.000599997534929,1502,6728,False,False,False,False
4199,CSS_J004231.1+252112,EW,EW,False,False,0.46286353271036984,1.7850267624737275,1146,32,False,True,False,False
4200,CSS_J075338.3+170808,EW,EW,False,False,0.36823630790008666,0.9951546274043788,6590,7021,False,False,False,False
4201,CSS_J082327.1+034811,EA,EA,False,False,0.5195437114705241,1.1102459174599648,401,2266,False,False,False,False
4202,CSS_J064402.7+501900,EW,EW,False,False,0.3537387755813666,0.9873319954755451,7868,7463,False,False,False,False
4203,CSS_J072923.4+533423,RRab,RRab,False,False,0.43106894226611503,1.072833824412228,1982,3213,False,False,False,False
4204,CSS_J020441.1+221937,EA,EA,False,False,0.437028517179505,1.032320899543158,1786,4863,False,False,False,False
4205,CSS_J070538.7+311950,EW,EW,False,False,0.4304477080748967,0.9856314056213569,1993,7559,False,False,False,False
4206,CSS_J131318.4+000643,RRab,RRab,False,False,0.5751391413314056,1.0809896552584555,190,2976,False,False,False,False
4207,CSS_J155927.8+052802,EA,EA,False,False,0.5449110884405993,1.3209338113580609,278,432,False,False,False,False
4208,CSS_J113549.3-062545,EW,EW,False,False,0.44819818176027504,1.1953887241585786,1466,1096,False,False,False,False
4209,CSS_J073248.4+405538,EW,EW,False,False,0.6047574795826638,1.158306211460568,122,1495,True,False,False,False
4210,CSS_J042058.7+031932,EW,EW,False,False,0.36647950016707714,1.006124224288198,6768,6372,False,False,False,False
4211,CSS_J173823.4+311621,RRc,RRc,False,False,0.44575428370145226,1.0858637399279791,1526,2839,False,False,False,False
4212,CSS_J164924.6+021747,EA,EA,False,False,0.43975258332370265,0.985123131437844,1694,7588,False,False,False,False
4213,CSS_J022016.8+373206,EW,EA,True,False,0.4945884664880575,1.1023565930410772,622,2438,False,False,False,False
4214,CSS_J170614.3+184622,EW,EW,False,False,0.3925791273299667,1.020705658459466,4085,5471,False,False,False,False
4215,CSS_J014355.4+354403,EW,EW,False,False,0.3868427399977047,0.9996990073371992,4598,6780,False,False,False,False
4216,CSS_J122428.5+495429,EW,EW,False,False,0.4877439596769579,1.209674506474348,708,989,False,False,False,False
4217,CSS_J090313.2+234618,EW,EW,False,False,0.4149362534597253,1.0511998481145413,2632,4005,False,False,False,False
4218,CSS_J211453.1+094327,EW,EW,False,False,0.35835881965271166,1.0131768978110833,7568,5907,False,False,False,False
4219,CSS_J234145.7+233158,EW,EW,False,False,0.4012859048115016,1.0742343518779338,3400,3170,False,False,False,False
4220,CSS_J015750.4+391510,EW,EW,False,False,0.4667605462031884,1.0098264853910623,1071,6125,False,False,False,False
4221,CSS_J205250.7-124354,EW,EW,False,False,0.3896916340024426,0.9829174850098779,4353,7678,False,False,False,False
4222,CSS_J160311.8-145357,EW,EW,False,False,0.38192742847386285,1.0693605828759059,5077,3323,False,False,False,False
4223,CSS_J205208.1+012035,EW,EW,False,False,0.36528559575026937,1.043924848249,6904,4327,False,False,False,False
4224,CSS_J052814.9+103434,EA,EA,False,False,0.44857409845633084,1.0044640272610728,1455,6484,False,False,False,False
4225,CSS_J133104.7+133036,EW,EW,False,False,0.3625562730334756,1.020866430724658,7166,5464,False,False,False,False
4226,CSS_J051322.5+021559,EA,EW,True,False,0.4080386999954084,1.0098372085861143,2999,6124,False,False,False,False
4227,CSS_J074646.4+141918,RS CVn,EW,True,True,0.44882382836500956,1.0569347900710593,1446,3769,False,False,False,False
4228,CSS_J010119.5+343012,EW,EW,False,False,0.428413117827678,1.0813535835333903,2055,2964,False,False,False,False
4229,CSS_J075828.7+382227,EW,EW,False,False,0.3818133432602408,1.0784515736491591,5091,3052,False,False,False,False
4230,CSS_J033504.2+362636,EW,EW,False,False,0.4612167003708936,1.0771242193436588,1179,3096,False,False,False,False
4231,CSS_J045439.4+122354,EA,EA,False,False,0.48744101293093434,1.0270731990073403,715,5130,False,False,False,False
4232,CSS_J075654.7+203857,EA,EA,False,False,0.4979251537324398,1.1243705685820964,584,1988,False,False,False,False
4233,CSS_J165918.1-050059,RS CVn,EW,True,True,0.40918063723861114,1.1331598753672691,2933,1845,False,False,False,False
4234,CSS_J035625.4+300300,EW,EW,False,False,0.41127571965500165,1.1707513187603509,2842,1332,False,False,False,False
4235,CSS_J125648.9+090640,RRab,EW,True,False,0.4331253538733728,1.2124919829950696,1914,969,False,False,False,False
4236,CSS_J051407.5+044051,EW,EW,False,False,0.3909224534284077,1.0544639571000374,4236,3861,False,False,False,False
4237,CSS_J110113.7+322541,EW,EW,False,False,0.39139557400781505,0.9857289148818851,4196,7553,False,False,False,False
4238,CSS_J045650.0+071214,EW,EW,False,False,0.39994889539503914,1.0280177737564582,3503,5071,False,False,False,False
4239,CSS_J064848.7+612719,EW,EW,False,False,0.35801821637732506,1.0560141255343893,7588,3800,False,False,False,False
4240,CSS_J045746.0+095252,EW,EW,False,False,0.4161608739202539,1.0037390983838859,2575,6534,False,False,False,False
4241,CSS_J013559.5+014550,RRc,RRc,False,False,0.4047162428680222,1.1784024552053831,3185,1252,False,False,False,False
4242,CSS_J131450.8+103742,EA,EA,False,False,0.3969426593823811,0.9788487456728795,3718,7808,False,False,False,False
4243,CSS_J211854.0+092157,EA,EW,True,False,0.4461921040275583,1.0653260579151813,1513,3471,False,False,False,False
4244,CSS_J162718.1+230546,RRc,RRc,False,False,0.367109398216414,0.9690253556028571,6701,7970,False,False,False,False
4245,CSS_J175815.7+472713,EW,EW,False,False,0.3663890985332841,1.10519722768409,6777,2374,False,False,False,False
4246,CSS_J223613.0+073959,EW,EW,False,False,0.40867819641766534,1.0010730949974465,2962,6698,False,False,False,False
4247,CSS_J101941.6+425259,EW,EW,False,False,0.35800783784281726,1.0484248785678945,7589,4114,False,False,False,False
4248,CSS_J030547.7+354300,RS CVn,EW,True,True,0.40290810068697597,1.005728598577454,3291,6407,False,False,False,False
4249,CSS_J134557.3-184751,EW,EW,False,False,0.3902260129952638,1.0340711041894513,4306,4775,False,False,False,False
4250,CSS_J010209.4+230948,EW,EW,False,False,0.36223762994743913,1.0004068831337292,7205,6738,False,False,False,False
4251,CSS_J055731.8-093721,RS CVn,EW,True,True,0.3605412730130216,1.012010402927714,7371,5987,False,False,False,False
4252,CSS_J235833.7+413632,EW,EW,False,False,0.4144437688663128,1.0460057990660623,2659,4233,False,False,False,False
4253,CSS_J053213.4-121255,EW,EW,False,False,0.3650208360700986,1.1380890979688891,6932,1756,False,False,False,False
4254,CSS_J205440.3+021640,EW,EW,False,False,0.3794593026554258,1.0347111122906614,5349,4738,False,False,False,False
4255,CSS_J135442.4+051304,LPV,LPV,False,False,0.5706791831315314,0.9887591351263696,196,7389,False,False,False,False
4256,CSS_J034329.4+282500,EW,EW,False,False,0.3914773566384516,1.0253367944939722,4188,5224,False,False,False,False
4257,CSS_J174653.4+525549,RRab,RRab,False,False,0.3924429922751428,1.5059822683063426,4102,139,False,True,False,False
4258,CSS_J011042.5+091655,RRc,RRc,False,False,0.37646657165635433,1.2579614054615047,5650,696,False,False,False,False
4259,CSS_J225935.2+192837,EW,EW,False,False,0.4975583241828982,1.333140431587136,587,400,False,False,False,False
4260,CSS_J150210.8+184955,EW,EW,False,False,0.4084934342186718,1.293939210982267,2969,539,False,False,False,False
4261,CSS_J070643.5+404027,EW,EW,False,False,0.37089386790880347,1.0116713212191435,6314,6015,False,False,False,False
4262,CSS_J010222.9+375506,LPV,LPV,False,False,0.6035340736757131,1.000544686983726,127,6732,True,False,False,False
4263,CSS_J095312.7+173000,RRc,RRc,False,False,0.48582991108709106,1.0725736724781654,745,3220,False,False,False,False
4264,CSS_J120431.8+035842,RS CVn,EW,True,True,0.39727764669840976,1.057725395371324,3693,3738,False,False,False,False
4265,CSS_J100134.8+253000,RRc,RRc,False,False,0.3840684171803351,1.042481366427523,4857,4397,False,False,False,False
4266,CSS_J095307.5+170340,EW,EW,False,False,0.44201155902673267,1.1332469098786655,1624,1844,False,False,False,False
4267,CSS_J031448.7+204950,EW,EW,False,False,0.3933914496123239,1.0674110974674202,3999,3393,False,False,False,False
4268,CSS_J052706.1-055827,EW,EW,False,False,0.36784175500394134,1.0396142817433354,6628,4506,False,False,False,False
4269,CSS_J162640.3-021043,EW,EW,False,False,0.36297131420314876,1.0183219599827378,7127,5609,False,False,False,False
4270,CSS_J134312.1+044105,EA,EA,False,False,0.45972259888890166,1.0106935836892605,1210,6081,False,False,False,False
4271,CSS_J105359.1-111340,EW,EW,False,False,0.3866155377216126,1.0941317856151553,4615,2617,False,False,False,False
4272,CSS_J210025.3+132822,EW,EW,False,False,0.36101289270285153,1.003228351677835,7319,6565,False,False,False,False
4273,CSS_J233810.7+221423,EW,EW,False,False,0.3666446563800262,0.997338060377006,6749,6904,False,False,False,False
4274,CSS_J172911.1+094452,RRab,RRab,False,False,0.4075201595628345,1.004785164429694,3019,6465,False,False,False,False
4275,CSS_J033934.4+200457,EW,EW,False,False,0.3665752200075089,1.1091828225069646,6756,2283,False,False,False,False
4276,CSS_J080204.8+280826,EW,EW,False,False,0.4275590148552644,1.0065948637441715,2092,6346,False,False,False,False
4277,CSS_J054056.0-011453,EW,EW,False,False,0.36165752970996684,1.165644809626395,7259,1402,False,False,False,False
4278,CSS_J024208.2+373426,EA,EA,False,False,0.38663510991629646,1.0342995290495773,4612,4760,False,False,False,False
4279,CSS_J213029.2+101238,EW,EW,False,False,0.4303928746847045,1.0543555615161193,1997,3869,False,False,False,False
4280,CSS_J040036.4-092725,EW,EW,False,False,0.4225044821976997,1.10149076428594,2294,2461,False,False,False,False
4281,CSS_J055422.1-001519,EW,RRab,True,False,0.5513452173490618,1.5947846844967946,250,72,False,True,False,False
4282,CSS_J211115.3-080956,RRc,EW,True,False,0.3874781160808363,1.0249261277034396,4538,5246,False,False,False,False
4283,CSS_J100204.0+100719,EW,EW,False,False,0.37091105471261804,1.030685203090428,6312,4942,False,False,False,False
4284,CSS_J210648.3-110351,EW,EW,False,False,0.36030699830747126,0.9901298804378522,7393,7311,False,False,False,False
4285,CSS_J230625.4-144314,EW,EW,False,False,0.3519185119598175,1.001792870452452,7959,6655,False,False,False,False
4286,CSS_J005440.6+242503,EW,EW,False,False,0.3707510870477202,1.0195841488256274,6323,5527,False,False,False,False
4287,CSS_J070157.0+320452,EW,EW,False,False,0.3660133480923027,0.9973216779411643,6817,6905,False,False,False,False
4288,CSS_J164954.1-021244,EW,EW,False,False,0.3821932924003076,0.994849159990045,5048,7049,False,False,False,False
4289,CSS_J050304.7+080248,EW,EW,False,False,0.3761575596363585,1.0116812059713975,5684,6012,False,False,False,False
4290,CSS_J153014.3+065052,EA,EA,False,False,0.6589743850918118,1.1875574314310429,73,1157,True,False,False,False
4291,CSS_J081943.8+154919,EW,EW,False,False,0.36455905781356907,0.9877841475713105,6967,7438,False,False,False,False
4292,CSS_J020924.6+200335,EW,EW,False,False,0.4063595480504675,0.9804897588472091,3075,7757,False,False,False,False
4293,CSS_J223302.0+133346,EW,EW,False,False,0.4038956040396791,1.2017855263968849,3240,1055,False,False,False,False
4294,CSS_J161643.8+351018,RRc,RRc,False,False,0.3729012265819669,1.0146703521985903,6096,5825,False,False,False,False
4295,CSS_J235952.9+290638,EW,EW,False,False,0.399347435626278,1.041548561201434,3556,4435,False,False,False,False
4296,CSS_J172702.5+300339,EW,EW,False,False,0.37157921248441106,0.9918119386154529,6238,7216,False,False,False,False
4297,CSS_J211509.3+003042,RRab,EW,True,False,0.4224945836563878,1.0729794474735628,2295,3207,False,False,False,False
4298,CSS_J094417.7-113203,EW,EW,False,False,0.3864918094426152,1.191730571457957,4626,1124,False,False,False,False
4299,CSS_J085532.6+143242,EW,EW,False,False,0.42545507343181377,0.9930458647490035,2185,7137,False,False,False,False
4300,CSS_J090637.8+241213,EW,EW,False,False,0.45031301425002046,1.0394758766580114,1411,4517,False,False,False,False
4301,CSS_J203933.6-052034,EW,EW,False,False,0.38458751560132265,1.0388033783653696,4812,4546,False,False,False,False
4302,CSS_J035636.4+312222,EW,EW,False,False,0.4130394015026947,1.2484000084795204,2741,734,False,False,False,False
4303,CSS_J045805.4-110827,RRc,RRc,False,False,0.39988510630585955,1.1473593044548827,3509,1643,False,False,False,False
4304,CSS_J084331.6+133819,EA,EW,True,False,0.46133227852091485,1.3747601565966023,1174,308,False,False,False,False
4305,CSS_J135733.5+321914,EW,EW,False,False,0.36082731847700855,0.9894738668140945,7344,7352,False,False,False,False
4306,CSS_J110449.3+455728,EW,EW,False,False,0.35121111566029173,0.9816396877471736,7980,7730,False,False,False,False
4307,CSS_J220132.6+170500,EW,EW,False,False,0.4625209014186738,1.1491455144492446,1151,1613,False,False,False,False
4308,CSS_J200854.2-165405,RRab,RRab,False,False,0.5223852463899211,1.3472938229472273,389,364,False,False,False,False
4309,CSS_J223244.6+322638,EW,EW,False,False,0.38768720396167156,0.9889260057502159,4522,7377,False,False,False,False
4310,CSS_J171426.2+561722,RS CVn,RS CVn,False,True,0.43534599272278673,1.1792689354152008,1837,1239,False,False,False,False
4311,CSS_J174030.4+322629,RRab,EW,True,False,0.3796670207953174,1.1101728433109137,5327,2267,False,False,False,False
4312,CSS_J080938.5+464345,EA,EA,False,False,0.4128290724218589,0.9911827181561804,2753,7258,False,False,False,False
4313,CSS_J021132.9+220334,EW,EW,False,False,0.39163824071141035,1.126396760680708,4173,1954,False,False,False,False
4314,CSS_J075319.1+025834,RRc,RRc,False,False,0.36923481086330806,1.1484755399854782,6480,1627,False,False,False,False
4315,CSS_J110306.0+263951,EA,EA,False,False,0.46831395807824494,1.2033768570229901,1046,1044,False,False,False,False
4316,CSS_J044647.2+282852,EA,EA,False,False,0.43791111474667527,1.039485823061329,1751,4516,False,False,False,False
4317,CSS_J064304.2+431400,EW,EW,False,False,0.45290796748059686,1.016214085376341,1359,5735,False,False,False,False
4318,CSS_J142525.5+120521,RRc,RRc,False,False,0.3786589122881563,1.053461337100087,5412,3903,False,False,False,False
4319,CSS_J062322.4-085440,EW,EW,False,False,0.4146569152744268,1.0090465107955724,2644,6182,False,False,False,False
4320,CSS_J173357.2+361857,EW,EW,False,False,0.3996664621273016,1.0830546298849584,3526,2906,False,False,False,False
4321,CSS_J051043.9+060719,EW,EW,False,False,0.3804679365704684,1.2348118910679964,5243,805,False,False,False,False
4322,CSS_J171737.3+083134,EW,EW,False,False,0.3615039359773639,1.1678730565995992,7275,1368,False,False,False,False
4323,CSS_J151543.5+494127,RRab,RRab,False,False,0.4461408996405968,1.1287393924764382,1514,1917,False,False,False,False
4324,CSS_J085545.8+011146,EW,EW,False,False,0.4032733655734315,1.1349819916926245,3271,1810,False,False,False,False
4325,CSS_J225933.4+041513,EW,EW,False,False,0.4269581151372165,1.0597244871951497,2117,3667,False,False,False,False
4326,CSS_J162148.3+653005,EW,EW,False,False,0.3861400861855839,1.1015465152927926,4661,2459,False,False,False,False
4327,CSS_J163042.5+531258,EW,EW,False,False,0.4081292400205689,1.3758997233190078,2994,305,False,False,False,False
4328,CSS_J004656.4+374746,EW,EW,False,False,0.42314777034027923,1.0791418496774652,2277,3033,False,False,False,False
4329,CSS_J060513.2-113406,EW,EW,False,False,0.3981383270177507,1.0910227115515034,3631,2697,False,False,False,False
4330,CSS_J174601.7+260449,EW,EW,False,False,0.3985164859794267,1.0508859895321678,3604,4025,False,False,False,False
4331,CSS_J211305.0+052044,EA,EA,False,False,0.46036852474809214,1.0270459854827578,1197,5131,False,False,False,False
4332,CSS_J172201.0+301112,EW,EW,False,False,0.381690213147253,0.9936282168550072,5109,7112,False,False,False,False
4333,CSS_J213245.1+161550,EW,EW,False,False,0.4505028213467686,1.1120041012248385,1406,2231,False,False,False,False
4334,CSS_J163735.1+151142,RRc,RRc,False,False,0.373585315819826,1.066121384192404,6011,3445,False,False,False,False
4335,CSS_J023415.2+244320,EW,EW,False,False,0.4231652888584315,1.081626132029048,2275,2953,False,False,False,False
4336,CSS_J083610.7+170925,EW,EW,False,False,0.4720004224299048,1.1508999821579362,983,1583,False,False,False,False
4337,CSS_J051049.2+124825,EW,EW,False,False,0.3695278729020343,1.0398055629384169,6447,4500,False,False,False,False
4338,CSS_J163150.8-091441,EW,EW,False,False,0.3578687977491998,1.1417057698690063,7596,1711,False,False,False,False
4339,CSS_J155641.2+155448,EW,EW,False,False,0.3775966734900527,1.1249469288592042,5513,1982,False,False,False,False
4340,CSS_J163713.7+104614,EW,EW,False,False,0.44226556912209786,1.267694479826675,1617,638,False,False,False,False
4341,CSS_J234530.0+410459,EW,EW,False,False,0.38389970859377603,0.9660727928472177,4882,7983,False,False,False,False
4342,CSS_J023044.9+381842,EW,EW,False,False,0.3661584336240235,0.9762560934337128,6800,7861,False,False,False,False
4343,CSS_J053419.4+025551,RS CVn,EW,True,True,0.40327237209398187,1.028468075991207,3272,5053,False,False,False,False
4344,CSS_J120347.5-142442,EW,EW,False,False,0.41229531862835544,1.2474939352167909,2783,742,False,False,False,False
4345,CSS_J071824.4+423145,EW,EW,False,False,0.3886063857982594,1.0121218820104245,4454,5979,False,False,False,False
4346,CSS_J154116.8+511428,EW,EW,False,False,0.36743550541031816,0.9696334358423593,6667,7967,False,False,False,False
4347,CSS_J052940.8+010659,RS CVn,EW,True,True,0.40186643011431283,1.0354366334423948,3357,4703,False,False,False,False
4348,CSS_J041557.2+275556,EW,EW,False,False,0.3673409787715712,1.0238338191572145,6675,5302,False,False,False,False
4349,CSS_J074248.8+284700,EW,EW,False,False,0.5080761495856889,1.2838301290431215,490,574,False,False,False,False
4350,CSS_J172713.5+094310,RRab,RRab,False,False,0.4727040197506972,1.1757202191201042,965,1277,False,False,False,False
4351,CSS_J164410.6+113558,EA,EA,False,False,0.4368421464291225,1.0404364146418077,1793,4473,False,False,False,False
4352,CSS_J220237.5+013404,EW,EW,False,False,0.4137387753604213,0.9742915709038519,2700,7900,False,False,False,False
4353,CSS_J074909.9+500152,RRc,RRc,False,False,0.38714892079001234,1.0180463350166031,4570,5626,False,False,False,False
4354,CSS_J164333.5+000546,EW,EW,False,False,0.3933683213492548,1.0448799068619676,4005,4288,False,False,False,False
4355,CSS_J160515.1+293711,EW,EW,False,False,0.3807362171038355,1.0533023138422404,5223,3910,False,False,False,False
4356,CSS_J215518.1+020355,EW,EW,False,False,0.3712675322995883,1.111948538424539,6274,2235,False,False,False,False
4357,CSS_J160322.0+303317,EW,EW,False,False,0.3573620703032786,1.0142899755689387,7629,5848,False,False,False,False
4358,CSS_J072948.9+291936,EW,EW,False,False,0.48238880370827986,1.3486140919803138,802,362,False,False,False,False
4359,CSS_J051929.1+001258,EW,EW,False,False,0.4376994332776506,1.00876285306498,1757,6211,False,False,False,False
4360,CSS_J032814.3+154909,EW,EW,False,False,0.44826693093889936,1.028556697205647,1465,5044,False,False,False,False
4361,CSS_J172529.7+132915,EW,EA,True,False,0.4117027014253161,1.040636320993318,2814,4465,False,False,False,False
4362,CSS_J161813.2-125621,RRab,RRab,False,False,0.4987910496850266,1.0918781390436776,570,2683,False,False,False,False
4363,CSS_J111454.2+642640,RRab,RRab,False,False,0.39164458502925803,1.0172374271892446,4172,5684,False,False,False,False
4364,CSS_J023624.7+252619,EW,EW,False,False,0.3978062922694622,1.3021413632519594,3655,501,False,False,False,False
4365,CSS_J050519.7+204726,EW,EW,False,False,0.41376111248726916,1.1046011521550538,2699,2384,False,False,False,False
4366,CSS_J083739.7-054540,EA,EW,True,False,0.46425268040981765,1.0054833812984396,1115,6422,False,False,False,False
4367,CSS_J133626.5-162333,RRc,RRc,False,False,0.3850748065087747,1.0743276883771107,4762,3168,False,False,False,False
4368,CSS_J141941.5+054623,EW,EW,False,False,0.3725045994536099,1.115150740317756,6137,2173,False,False,False,False
4369,CSS_J150403.9-140614,RRab,RRab,False,False,0.39971121383878494,1.086783442952961,3522,2810,False,False,False,False
4370,CSS_J081152.2+332601,EW,EW,False,False,0.3919472164568975,1.0543790065771343,4147,3866,False,False,False,False
4371,CSS_J203516.2-034343,RRc,RRc,False,False,0.38724052636767853,1.3115113720324079,4563,462,False,False,False,False
4372,CSS_J005748.6-092043,EW,RRc,True,False,0.37681030393925624,0.9962726391108397,5615,6961,False,False,False,False
4373,CSS_J203128.1-011728,EW,EW,False,False,0.35300453757313693,1.0293446911589705,7917,4998,False,False,False,False
4374,CSS_J155255.0+584228,EW,EW,False,False,0.37200509523071973,1.0202450566067134,6195,5498,False,False,False,False
4375,CSS_J052617.2+105524,EW,EW,False,False,0.3714589551278142,1.0327303337763654,6249,4836,False,False,False,False
4376,CSS_J031443.6+240602,RS CVn,EW,True,True,0.39269813862803443,1.084561633885146,4071,2874,False,False,False,False
4377,CSS_J042451.9+334535,EW,EW,False,False,0.3680298979943445,1.1445432534164546,6610,1676,False,False,False,False
4378,CSS_J013543.7+030527,EW,EW,False,False,0.38461032871097284,0.9957074902520737,4809,6996,False,False,False,False
4379,CSS_J050314.6+164925,EW,EW,False,False,0.49395934493861615,1.2471201177742783,629,745,False,False,False,False
4380,CSS_J032415.0+325648,EW,EW,False,False,0.4449227823532753,1.022197823986525,1558,5385,False,False,False,False
4381,CSS_J074018.7+453630,RRc,RRc,False,False,0.4004023901386498,0.9983821705229735,3471,6858,False,False,False,False
4382,CSS_J211739.5+040556,RRc,RRc,False,False,0.38632045491552225,1.1082473848579166,4647,2310,False,False,False,False
4383,CSS_J094700.6-102917,EW,EW,False,False,0.403550982532002,1.1149526810544956,3254,2177,False,False,False,False
4384,CSS_J162659.1+354022,EW,EW,False,False,0.41263895149373864,1.024040374731474,2761,5289,False,False,False,False
4385,CSS_J070913.1+602622,EW,EW,False,False,0.3653354008005283,1.0752090791029794,6899,3142,False,False,False,False
4386,CSS_J160533.0+221530,EW,EW,False,False,0.36109054260378365,0.9740826477505466,7314,7903,False,False,False,False
4387,CSS_J041050.1+232643,EW,EW,False,False,0.4599224985872564,1.0017103619840237,1205,6660,False,False,False,False
4388,CSS_J103324.1-145808,EW,EW,False,False,0.4223949431981079,1.2513949389637036,2300,721,False,False,False,False
4389,CSS_J203826.9-141622,RRc,EW,True,False,0.36234732839266437,1.0096377324490784,7195,6139,False,False,False,False
4390,CSS_J153918.0+085030,EW,EW,False,False,0.3591016347417101,0.9895092603146107,7509,7349,False,False,False,False
4391,CSS_J154320.2-143037,RRab,RRab,False,False,0.41134146743706246,1.0032634436000323,2837,6563,False,False,False,False
4392,CSS_J222758.0+020013,EW,EW,False,False,0.355551590303782,1.0081260687212685,7757,6246,False,False,False,False
4393,CSS_J215621.0+135924,EW,EW,False,False,0.35100347566197854,1.0287655432656244,7984,5028,False,False,False,False
4394,CSS_J031157.6+320034,EW,EW,False,False,0.3655696335084405,1.0119776472782045,6874,5992,False,False,False,False
4395,CSS_J202608.0-152017,EW,EW,False,False,0.41338450053936415,1.0527955872313444,2718,3935,False,False,False,False
4396,CSS_J215022.3+012819,EW,EW,False,False,0.3597919133934964,1.172607945257663,7443,1313,False,False,False,False
4397,CSS_J131634.6+174306,RRc,RRc,False,False,0.3778901970459115,1.108516144792501,5483,2305,False,False,False,False
4398,CSS_J100115.9-142719,RRab,RRab,False,False,0.39076583616992216,1.0487910340389472,4248,4101,False,False,False,False
4399,CSS_J164309.8+013010,EW,EW,False,False,0.3578372253469143,1.0535560675276563,7597,3898,False,False,False,False
4400,CSS_J063359.7+670130,RRab,RRab,False,False,0.4936857285454907,1.1687529978446487,631,1358,False,False,False,False
4401,CSS_J153443.9+215044,EW,EW,False,False,0.39014589480376544,1.0502911851561811,4317,4049,False,False,False,False
4402,CSS_J161906.6-013828,EW,EW,False,False,0.3927389569820939,1.30642883245821,4068,486,False,False,False,False
4403,CSS_J110226.4+285423,EW,EW,False,False,0.3866110773939244,1.0717499774746362,4616,3236,False,False,False,False
4404,CSS_J142850.4+145918,RRc,RRc,False,False,0.37509068535232537,1.0696285194547206,5822,3314,False,False,False,False
4405,CSS_J052300.2+091326,EW,EW,False,False,0.36071688197223667,1.047926407529293,7352,4140,False,False,False,False
4406,CSS_J013211.4+302210,EW,EW,False,False,0.3591669416612133,1.014635754662311,7502,5827,False,False,False,False
4407,CSS_J214644.7+122908,EW,EW,False,False,0.398219270886751,1.0559409266000277,3626,3803,False,False,False,False
4408,CSS_J050114.8+200903,EW,EW,False,False,0.3764689719142037,1.1017724719244506,5649,2449,False,False,False,False
4409,CSS_J073517.2+201244,EW,EW,False,False,0.35974772228490914,0.985522099934502,7448,7565,False,False,False,False
4410,CSS_J220909.7-125023,RRc,EW,True,False,0.43456656931030957,0.9836889013384231,1865,7644,False,False,False,False
4411,CSS_J162457.5+075756,RRc,RRc,False,False,0.36835527769072157,0.9950243616310862,6579,7033,False,False,False,False
4412,CSS_J002122.2+450654,EW,EW,False,False,0.3758252048431167,1.0261883502719045,5726,5176,False,False,False,False
4413,CSS_J151915.6+390952,EW,EW,False,False,0.391308466079507,1.0356498223233324,4204,4691,False,False,False,False
4414,CSS_J174838.2+442139,EW,EW,False,False,0.4071645330098499,1.0513856922306455,3036,3999,False,False,False,False
4415,CSS_J082759.7-061923,EW,EW,False,False,0.36771571099485867,0.994284401863157,6643,7086,False,False,False,False
4416,CSS_J043920.9+175621,EW,EW,False,False,0.35782317817739556,1.0145711806143545,7600,5832,False,False,False,False
4417,CSS_J031701.8+291042,EA,EA,False,False,0.4720531811470236,1.012416520891215,981,5955,False,False,False,False
4418,CSS_J144448.6+443859,EW,EW,False,False,0.5767979799291464,1.0464374257656062,188,4212,False,False,False,False
4419,CSS_J074013.9+624142,EW,EW,False,False,0.35313942564005624,1.0002224788614216,7908,6752,False,False,False,False
4420,CSS_J103817.1+121333,EA,EW,True,False,0.5139207123464787,1.1273564462090158,433,1938,False,False,False,False
4421,CSS_J030427.6+354211,EW,EW,False,False,0.35963510242674085,1.0628134624080172,7459,3555,False,False,False,False
4422,CSS_J051017.1+093254,EA,EW,True,False,0.5020021178911149,1.2732617433877098,542,621,False,False,False,False
4423,CSS_J214637.4+191037,EW,EW,False,False,0.364890527906789,0.9907611192228597,6945,7274,False,False,False,False
4424,CSS_J074414.2+234842,EW,EW,False,False,0.4100020158999294,1.07712491519776,2893,3094,False,False,False,False
4425,CSS_J143216.4-030437,EA,EA,False,False,0.45344153168941387,0.9897765429861813,1351,7325,False,False,False,False
4426,CSS_J052155.9+124150,EW,EW,False,False,0.40875928441387965,1.0197173161792779,2959,5519,False,False,False,False
4427,CSS_J005611.7+354909,EW,EW,False,False,0.3740593768332163,1.0089725429752519,5954,6190,False,False,False,False
4428,CSS_J153922.5-064344,RRab,RRab,False,False,0.49073641680628877,1.0436335875730314,671,4341,False,False,False,False
4429,CSS_J031742.1+375358,EW,EW,False,False,0.36736580351299325,1.0895769437255836,6671,2741,False,False,False,False
4430,CSS_J154541.4+360522,EW,EW,False,False,0.3995678019246858,1.038627014072836,3535,4558,False,False,False,False
4431,CSS_J040856.0+145553,EA,EA,False,False,0.6144675981910414,1.0496945104117663,110,4071,True,False,False,False
4432,CSS_J113956.1-125313,RRc,EW,True,False,0.4188399555746982,1.1807402057956469,2454,1226,False,False,False,False
4433,CSS_J212058.0+153312,EW,EW,False,False,0.3655570016059384,1.0018847442861183,6876,6650,False,False,False,False
4434,CSS_J034013.1+212720,EW,EW,False,False,0.36825132716036674,1.0795475802362788,6588,3019,False,False,False,False
4435,CSS_J125052.8-061331,EW,EW,False,False,0.40050790191331626,1.0309478983010911,3461,4927,False,False,False,False
4436,CSS_J225236.3+115859,EW,EW,False,False,0.37819576622915985,1.0186200795812155,5454,5585,False,False,False,False
4437,CSS_J011902.7+380331,EW,EW,False,False,0.37223835618703055,0.9752417642685381,6171,7878,False,False,False,False
4438,CSS_J082022.1+123504,EW,EW,False,False,0.378989688690231,1.0440897572460635,5384,4318,False,False,False,False
4439,CSS_J150355.7-011622,EW,EW,False,False,0.3730185008717923,1.0814703732544682,6076,2961,False,False,False,False
4440,CSS_J100738.7+452427,RS CVn,EW,True,True,0.46908790132748995,1.9375551101993687,1030,23,False,True,False,False
4441,CSS_J044125.2-071912,EW,EW,False,False,0.40434581585383783,1.0872050215871993,3217,2796,False,False,False,False
4442,CSS_J014745.1+353804,EW,EW,False,False,0.40439714830761136,0.9944663166472895,3211,7073,False,False,False,False
4443,CSS_J154151.1+512557,EW,EW,False,False,0.4266883921252013,1.2973049818885858,2137,524,False,False,False,False
4444,CSS_J163607.8-081951,EW,RRc,True,False,0.365882011066922,1.0691847924313853,6830,3330,False,False,False,False
4445,CSS_J075121.0+123636,EW,EW,False,False,0.4023383814624546,1.0830958663222598,3332,2904,False,False,False,False
4446,CSS_J103625.6-013201,EA,EW,True,False,0.3999900746174155,1.003108295310461,3499,6571,False,False,False,False
4447,CSS_J122010.7-093813,EA,EW,True,False,0.38823400977511113,0.9816609533608414,4482,7729,False,False,False,False
4448,CSS_J004605.0+012948,EW,EW,False,False,0.36784737077573887,1.0388248586252917,6627,4543,False,False,False,False
4449,CSS_J165410.0+083735,EW,EW,False,False,0.37209550454538237,1.0788678155382327,6185,3044,False,False,False,False
4450,CSS_J032225.4-173137,EW,EW,False,False,0.37729321176795,1.2181163563077697,5555,921,False,False,False,False
4451,CSS_J010725.8+285522,EW,EW,False,False,0.36117112991462785,0.9870062418819374,7305,7484,False,False,False,False
4452,CSS_J224533.8+370220,EW,EW,False,False,0.3840463939771818,1.0926724122998406,4862,2656,False,False,False,False
4453,CSS_J031148.1+020408,RRab,RRab,False,False,0.502121984214213,1.0534939108271204,541,3902,False,False,False,False
4454,CSS_J090329.8+390738,EW,EW,False,False,0.4629477624624429,1.2866872615610139,1143,567,False,False,False,False
4455,CSS_J164213.0+140409,EW,EW,False,False,0.37827720677342713,0.9881722773126722,5448,7415,False,False,False,False
4456,CSS_J160534.7+033930,EW,EW,False,False,0.3694186929781611,0.9863138993335241,6462,7524,False,False,False,False
4457,CSS_J231129.9+131648,EW,EW,False,False,0.4620913788875391,1.5225056641694434,1162,117,False,True,False,False
4458,CSS_J163705.0-181108,RRab,RRab,False,False,0.4572877339608413,1.0094000410212514,1273,6157,False,False,False,False
4459,CSS_J214406.1+184504,EA,EA,False,False,0.593665631449673,1.196484438349597,142,1087,True,False,False,False
4460,CSS_J203849.8-190453,RRc,RRc,False,False,0.3682580690191378,1.10724920617712,6587,2327,False,False,False,False
4461,CSS_J213219.7+093800,EW,EW,False,False,0.36970858653319627,1.003044382686428,6425,6574,False,False,False,False
4462,CSS_J043511.7+391946,LPV,LPV,False,False,0.7084338334491218,1.0110307533351919,32,6058,True,False,False,False
4463,CSS_J232712.1+064923,EW,EW,False,False,0.44794784769968654,1.033818555181154,1476,4788,False,False,False,False
4464,CSS_J223740.6+382501,EW,EW,False,False,0.4133504797755846,1.061273241722123,2721,3611,False,False,False,False
4465,CSS_J030628.7+094801,RRab,RRab,False,False,0.4935923521618741,1.3646035849784552,632,319,False,False,False,False
4466,CSS_J212936.0+042038,EW,EW,False,False,0.39550587879255594,1.0588793075595397,3832,3695,False,False,False,False
4467,CSS_J203336.3-130234,EA,EA,False,False,0.5380484821891116,1.0741628271963355,314,3172,False,False,False,False
4468,CSS_J022528.6-044637,EW,EW,False,False,0.45784958110360463,1.2717489745786632,1255,626,False,False,False,False
4469,CSS_J112914.7+011533,RRd,RRd,False,True,0.37158513897001677,1.0347527566920627,6237,4736,False,False,False,False
4470,CSS_J050106.4+240924,EW,EW,False,False,0.4721294826898826,1.1793857797940146,976,1238,False,False,False,False
4471,CSS_J083938.7-050614,EA,EA,False,False,0.4135355810955525,1.0166709759562649,2708,5712,False,False,False,False
4472,CSS_J145015.5+544514,EW,EW,False,False,0.3537465190128929,1.0040893536539968,7867,6511,False,False,False,False
4473,CSS_J025058.1+290958,EW,EW,False,False,0.3781717963019209,1.0415682856574369,5459,4434,False,False,False,False
4474,CSS_J172212.6+260745,EW,RRc,True,False,0.4692974462998878,1.1715966160463227,1028,1324,False,False,False,False
4475,CSS_J212807.2+185232,EW,EW,False,False,0.40378682161154317,1.3084370671071892,3243,480,False,False,False,False
4476,CSS_J032841.8-040409,EW,EA,True,False,0.42351145978897414,1.0551515292728955,2266,3832,False,False,False,False
4477,CSS_J045546.7-160209,EW,EW,False,False,0.4488419001191581,1.3574604839617064,1444,339,False,False,False,False
4478,CSS_J040000.0+174517,EW,EW,False,False,0.37007885936503354,1.0040430547010641,6389,6513,False,False,False,False
4479,CSS_J065246.0+425339,EA,EA,False,False,0.4902315608014466,1.0357332783052606,677,4688,False,False,False,False
4480,CSS_J113047.2-044223,EW,EW,False,False,0.3731404443561228,1.040725035124321,6064,4457,False,False,False,False
4481,CSS_J231359.3+321707,EW,EW,False,False,0.41542042866508655,1.096659111927083,2615,2577,False,False,False,False
4482,CSS_J205109.5+015201,EW,EW,False,False,0.35343003651794325,0.9859552179648731,7891,7544,False,False,False,False
4483,CSS_J010354.4+203955,RS CVn,EW,True,True,0.5727323666716343,2.1792965724115327,191,7,False,True,False,False
4484,CSS_J013518.0-124340,RRd,EW,True,True,0.4713595357174085,1.1146506309822857,997,2184,False,False,False,False
4485,CSS_J161905.2+040631,RRc,RRc,False,False,0.3913214298417049,1.0547639794911416,4202,3847,False,False,False,False
4486,CSS_J203305.1-135803,EW,EW,False,False,0.4748142750442875,1.5251254040028912,930,114,False,True,False,False
4487,CSS_J045226.5-162530,EA,EA,False,False,0.5679405817763589,1.0531521681966727,203,3916,False,False,False,False
4488,CSS_J085513.6+462743,EA,EA,False,False,0.6082729545592646,2.169020795821454,117,9,True,True,True,True
4489,CSS_J232735.4+304553,EW,EW,False,False,0.35496312729055457,0.99668320902614,7797,6937,False,False,False,False
4490,CSS_J035010.6-143221,RRc,RRc,False,False,0.38342374692527736,1.012850599277544,4933,5929,False,False,False,False
4491,CSS_J090527.4-012457,EW,EW,False,False,0.39644382102097003,1.2782191263810305,3755,594,False,False,False,False
4492,CSS_J084429.9+363108,EW,EW,False,False,0.42361026655649014,1.365965426723365,2262,317,False,False,False,False
4493,CSS_J151432.5+161236,EW,EW,False,False,0.41174441794613104,1.2099802881231492,2811,986,False,False,False,False
4494,CSS_J232456.1+120000,EW,EW,False,False,0.380617533461307,0.985466820476279,5233,7570,False,False,False,False
4495,CSS_J171339.8+353251,RRc,RRc,False,False,0.4027492084684429,1.1107397230429699,3303,2255,False,False,False,False
4496,CSS_J051337.7+014933,EA,EA,False,False,0.45771087012536044,1.1047771338623515,1260,2381,False,False,False,False
4497,CSS_J125206.3+070613,RRd,EW,True,True,0.3573654952880085,1.147379669499384,7628,1642,False,False,False,False
4498,CSS_J105908.9+214817,EW,EW,False,False,0.38075256091095877,1.0087709917297278,5218,6208,False,False,False,False
4499,CSS_J171902.0+333822,EW,EW,False,False,0.39789115646856194,1.1120015108740884,3647,2232,False,False,False,False
4500,CSS_J011853.2+362155,EW,EW,False,False,0.3937844525677413,0.9825290236046238,3961,7695,False,False,False,False
4501,CSS_J170032.3-030459,EW,EW,False,False,0.4052755048649283,1.0978375153676707,3147,2551,False,False,False,False
4502,CSS_J231713.6-100855,RRd,RRc,True,True,0.392332609134181,1.0461450793026894,4113,4227,False,False,False,False
4503,CSS_J213849.0+160453,EA,EA,False,False,0.44880114519484604,1.0545917134690357,1448,3853,False,False,False,False
4504,CSS_J150152.4+074946,EW,EW,False,False,0.359604632631433,0.985136630107237,7464,7586,False,False,False,False
4505,CSS_J045623.7+102642,EW,EW,False,False,0.3796805307339158,0.985494413611805,5324,7568,False,False,False,False
4506,CSS_J160345.3+550607,EW,EW,False,False,0.3686229818643456,0.9821106749583903,6543,7712,False,False,False,False
4507,CSS_J164220.8+240002,EW,EW,False,False,0.37152648534961086,1.0341557447973746,6241,4769,False,False,False,False
4508,CSS_J080452.0+115726,EW,EW,False,False,0.3864134216103261,1.019175444529567,4633,5551,False,False,False,False
4509,CSS_J054247.6+035228,EA,EA,False,False,0.43974231285127746,1.0985211015656873,1696,2535,False,False,False,False
4510,CSS_J072304.2+352155,EA,EA,False,False,0.5132661468946339,1.0499379155566297,440,4062,False,False,False,False
4511,CSS_J094929.0+160130,RRc,EW,True,False,0.36057687043668124,0.9845343119447781,7366,7614,False,False,False,False
4512,CSS_J170717.2+301727,RRc,EW,True,False,0.4355960914850967,1.0253035374263786,1830,5227,False,False,False,False
4513,CSS_J220254.0+183353,EW,EW,False,False,0.3564499032526772,0.9928461612238471,7701,7149,False,False,False,False
4514,CSS_J071025.2+582756,EW,EW,False,False,0.38470196194092976,1.1533610708294924,4798,1554,False,False,False,False
4515,CSS_J021126.7+115535,RRc,RRc,False,False,0.3827229299754836,1.0266309327254954,4990,5151,False,False,False,False
4516,CSS_J180836.2+461027,EW,EW,False,False,0.40790510501177396,1.0998576919641878,3004,2506,False,False,False,False
4517,CSS_J050757.4+061659,EW,EW,False,False,0.3835306879474297,1.0715601317916095,4922,3241,False,False,False,False
4518,CSS_J030327.5+044756,EW,EW,False,False,0.3925160832010776,1.0210343356303317,4092,5454,False,False,False,False
4519,CSS_J214443.6+121407,EA,EA,False,False,0.5928486682730172,1.0433046386542413,146,4351,True,False,False,False
4520,CSS_J035007.7+291651,EW,EW,False,False,0.37121178102214175,0.9767898561711403,6276,7849,False,False,False,False
4521,CSS_J165333.9+534350,EW,EW,False,False,0.3752547471992742,1.118781792167991,5797,2099,False,False,False,False
4522,CSS_J212036.5+083923,EW,EW,False,False,0.43515062119510567,1.0725817557257187,1847,3219,False,False,False,False
4523,CSS_J110430.4+184459,EW,EW,False,False,0.396495362763034,1.0647022987306376,3749,3488,False,False,False,False
4524,CSS_J075948.5+223712,EW,EW,False,False,0.4172874920343792,1.1243549256895902,2525,1989,False,False,False,False
4525,CSS_J033614.2+275950,EW,EA,True,False,0.4722769963474072,1.0994241521134414,971,2516,False,False,False,False
4526,CSS_J161932.7+202552,RRab,EW,True,False,0.3747622842776243,1.051554240508276,5867,3992,False,False,False,False
4527,CSS_J164107.7-194002,RRab,RRc,True,False,0.3800754419493344,1.1317794112085875,5279,1867,False,False,False,False
4528,CSS_J133049.7+041738,RRc,RRc,False,False,0.4368412664467518,0.9740031827087623,1794,7906,False,False,False,False
4529,CSS_J145530.1-082221,RRab,RRab,False,False,0.4946807870368948,1.0359474611182826,619,4683,False,False,False,False
4530,CSS_J003227.2+411407,EW,EW,False,False,0.4292497851351169,1.278209677781939,2025,595,False,False,False,False
4531,CSS_J012839.7+433957,EW,EW,False,False,0.37665526528462734,0.9905095424562222,5631,7294,False,False,False,False
4532,CSS_J145942.6+300006,EA,EA,False,False,0.4281710115932203,0.9865811061798194,2070,7507,False,False,False,False
4533,CSS_J160617.8-130614,EW,EW,False,False,0.4263039575467329,1.1234706090564228,2153,2006,False,False,False,False
4534,CSS_J153018.0-112857,EW,EW,False,False,0.37553730029935695,1.0851116971558472,5755,2862,False,False,False,False
4535,CSS_J075423.0+233839,EW,EW,False,False,0.39093283390994227,0.9899095697463405,4235,7321,False,False,False,False
4536,CSS_J205404.3+023845,EW,EW,False,False,0.465763395171555,1.2232778106825621,1090,883,False,False,False,False
4537,CSS_J064235.5+422858,EW,EW,False,False,0.4263668565727618,1.0568830430122074,2149,3774,False,False,False,False
4538,CSS_J162015.0+582938,EW,EW,False,False,0.3955361647199039,1.0255343037255904,3829,5212,False,False,False,False
4539,CSS_J001528.7+424723,EW,EW,False,False,0.3664186090530384,1.0198845073826406,6774,5514,False,False,False,False
4540,CSS_J163227.0-092809,RRab,RRab,False,False,0.5722063862694582,1.7388490392894713,193,42,False,True,False,False
4541,CSS_J235858.7+214748,EA,EW,True,False,0.486182592578691,1.2750894836574824,737,610,False,False,False,False
4542,CSS_J151223.3-073806,EW,EW,False,False,0.35725985866037335,1.0901647535662773,7639,2718,False,False,False,False
4543,CSS_J074611.0+292451,RS CVn,EW,True,True,0.4644193816373196,1.456010431575723,1113,191,False,False,False,False
4544,CSS_J005042.4+373458,RRc,RRc,False,False,0.38091401701060623,1.1242553086973817,5202,1993,False,False,False,False
4545,CSS_J215104.2+211956,EW,EW,False,False,0.39338967964702437,1.1090355078025922,4000,2292,False,False,False,False
4546,CSS_J041358.6+360743,EW,EW,False,False,0.3787574359797367,1.1986269506054608,5405,1075,False,False,False,False
4547,CSS_J095755.1+053929,EW,EW,False,False,0.38641242542647386,1.0730677958904704,4634,3203,False,False,False,False
4548,CSS_J063414.9+494021,EW,EW,False,False,0.3953215415279585,1.0103306149469478,3844,6097,False,False,False,False
4549,CSS_J110920.2-174620,RRab,RRab,False,False,0.39098184166303923,1.020915483994236,4231,5460,False,False,False,False
4550,CSS_J214205.8-093800,RRc,RRc,False,False,0.38848284229297503,0.9944788783670042,4462,7072,False,False,False,False
4551,CSS_J091743.2+162106,EA,EA,False,False,0.4350176463286606,1.1214297269956952,1849,2047,False,False,False,False
4552,CSS_J061724.5+595435,EW,EW,False,False,0.3713445713052509,1.102803121183801,6264,2423,False,False,False,False
4553,CSS_J163846.8+013558,EW,EW,False,False,0.37127190573544466,1.016695265099273,6273,5710,False,False,False,False
4554,CSS_J170200.9+163132,RRab,RRab,False,False,0.42328609437681974,1.043085201643155,2270,4363,False,False,False,False
4555,CSS_J025623.0+313754,EW,RRc,True,False,0.39299066703939217,1.0211637289023483,4038,5449,False,False,False,False
4556,CSS_J104843.0+383923,EW,EW,False,False,0.48472818789111555,1.2605754616647933,760,681,False,False,False,False
4557,CSS_J005359.2-061314,RRc,RRc,False,False,0.3836772491085216,1.0197695173009822,4906,5517,False,False,False,False
4558,CSS_J204749.4-052344,EW,EW,False,False,0.37096271147385174,1.026058827464436,6302,5183,False,False,False,False
4559,CSS_J215930.6+121617,EW,EW,False,False,0.4317018977758134,1.08026570672443,1956,2989,False,False,False,False
4560,CSS_J113245.4+342031,EW,EW,False,False,0.3637455343635957,1.1849585773922606,7051,1190,False,False,False,False
4561,CSS_J030155.4+154348,EW,EW,False,False,0.4167756164853066,1.0738936126711447,2549,3180,False,False,False,False
4562,CSS_J004123.6+184606,EW,EW,False,False,0.3645925794093273,1.0976622927436446,6965,2556,False,False,False,False
4563,CSS_J032121.3-021822,EW,EW,False,False,0.370892535736563,1.0108847413940332,6315,6069,False,False,False,False
4564,CSS_J084255.6-013332,EW,EW,False,False,0.389411861128593,1.1646723419625737,4381,1419,False,False,False,False
4565,CSS_J045645.2+145605,EW,EW,False,False,0.43813993728642603,1.0479166642520417,1743,4141,False,False,False,False
4566,CSS_J180818.6+343436,EW,EW,False,False,0.4244323680857812,1.228721010821038,2221,849,False,False,False,False
4567,CSS_J234934.4+342332,EW,EW,False,False,0.4790310408846881,1.0160526112699144,849,5742,False,False,False,False
4568,CSS_J144604.1+335935,RRc,RRc,False,False,0.38005047405082326,0.9910623531567951,5283,7266,False,False,False,False
4569,CSS_J052324.4-145525,EW,EW,False,False,0.35271884987260826,1.025536604753074,7934,5211,False,False,False,False
4570,CSS_J013702.7+325125,EW,EW,False,False,0.3834001961224892,1.0039198367583988,4935,6524,False,False,False,False
4571,CSS_J210701.6+153527,EW,EW,False,False,0.4002275025198902,1.0651151975925341,3484,3477,False,False,False,False
4572,CSS_J032901.1-081043,EW,EW,False,False,0.3625056832308082,1.0631652426598577,7173,3545,False,False,False,False
4573,CSS_J225349.4+313104,EW,EW,False,False,0.4190995903696379,1.0150158627077255,2443,5797,False,False,False,False
4574,CSS_J072822.3+253553,EW,EW,False,False,0.4109856359835252,1.0621839310665613,2854,3583,False,False,False,False
4575,CSS_J152836.1+644244,RRab,RRab,False,False,0.4165434543284614,1.093308262071425,2559,2638,False,False,False,False
4576,CSS_J215423.0+181449,EW,EA,True,False,0.4534638866103564,0.9941319405361089,1350,7091,False,False,False,False
4577,CSS_J082805.5+104414,EW,EW,False,False,0.35866458434988424,0.9895155356348347,7539,7347,False,False,False,False
4578,CSS_J230434.9-013743,EA,EA,False,False,0.42402335576898487,1.0236214647376478,2242,5314,False,False,False,False
4579,CSS_J171238.6+355932,EW,EW,False,False,0.3577473661251989,0.9851336513690446,7603,7587,False,False,False,False
4580,CSS_J084341.6+210848,EW,EW,False,False,0.4218843417447908,1.1778614984618727,2319,1258,False,False,False,False
4581,CSS_J022647.3+381935,EW,EW,False,False,0.4030425867489611,1.050320113986379,3283,4048,False,False,False,False
4582,CSS_J012216.8+410131,EW,EW,False,False,0.38432245192013903,1.0853494817328517,4835,2853,False,False,False,False
4583,CSS_J041851.7+360207,EW,EW,False,False,0.40075754723837975,1.0138594197183708,3438,5871,False,False,False,False
4584,CSS_J154013.9+294127,EW,EW,False,False,0.4604027122016637,1.247249406130814,1196,744,False,False,False,False
4585,CSS_J042104.5+180222,EW,EW,False,False,0.3713651330403365,1.0225276049795993,6258,5368,False,False,False,False
4586,CSS_J140044.7+072950,RRc,RRc,False,False,0.45200183878073974,1.004454404764029,1375,6485,False,False,False,False
4587,CSS_J044431.3+234013,EW,EW,False,False,0.3566173529939893,1.0025302865532733,7692,6608,False,False,False,False
4588,CSS_J015424.6+390419,EA,EA,False,False,0.4451154653950403,0.9906802332057651,1546,7280,False,False,False,False
4589,CSS_J212356.1+003055,EA,EA,False,False,0.5053259131286768,1.0924620209957505,508,2665,False,False,False,False
4590,CSS_J230520.5+383029,EW,EW,False,False,0.35860378512813723,1.011174325657008,7546,6047,False,False,False,False
4591,CSS_J023453.5+315345,EA,EA,False,False,0.42369294995895784,1.0656951377458208,2255,3458,False,False,False,False
4592,CSS_J124558.1+184401,RRab,RRc,True,False,0.3852521700296981,1.1319045439004423,4745,1864,False,False,False,False
4593,CSS_J162737.4+424719,EW,EW,False,False,0.36844884989037574,1.079203220641034,6558,3029,False,False,False,False
4594,CSS_J011825.0+391338,EW,EW,False,False,0.37233838773405414,1.1363646174239372,6158,1791,False,False,False,False
4595,CSS_J022802.0+075155,EW,EW,False,False,0.3746795898482028,0.9907726559161164,5878,7273,False,False,False,False
4596,CSS_J165549.2+081338,EW,EW,False,False,0.4032869239117981,1.0810910778321854,3270,2972,False,False,False,False
4597,CSS_J031446.7+333659,EA,EA,False,False,0.45917239070168786,1.0188457529036636,1222,5574,False,False,False,False
4598,CSS_J024855.1-031237,EW,EW,False,False,0.367625437546922,1.0829416911704937,6647,2912,False,False,False,False
4599,CSS_J063525.9+414103,EW,EW,False,False,0.3766238078541937,1.0286993687587556,5635,5033,False,False,False,False
4600,CSS_J224019.8+133529,EW,RRc,True,False,0.4176597685391779,1.0533626210746243,2506,3906,False,False,False,False
4601,CSS_J080758.3+214144,EW,EW,False,False,0.46813232141548144,1.0326266341792996,1048,4841,False,False,False,False
4602,CSS_J071609.5+502618,EW,EW,False,False,0.35747997814240856,0.9734174897003968,7619,7916,False,False,False,False
4603,CSS_J073726.7+435043,EW,EW,False,False,0.36423320676636306,1.000108817347162,6994,6756,False,False,False,False
4604,CSS_J011639.3-075831,EW,EW,False,False,0.39920667834664875,1.2600254922948062,3562,685,False,False,False,False
4605,CSS_J073059.2+544947,EW,EW,False,False,0.3891694714436674,1.0494721933525721,4401,4076,False,False,False,False
4606,CSS_J064535.0+561951,EW,EA,True,False,0.42018820628099374,0.9855936430848109,2397,7561,False,False,False,False
4607,CSS_J105749.7+111839,RRc,RRc,False,False,0.39243360185612747,1.0024714165341835,4103,6613,False,False,False,False
4608,CSS_J064031.3+480141,EA,EA,False,False,0.39282206610124726,1.0087036864409589,4063,6213,False,False,False,False
4609,CSS_J052756.8+035128,EW,EW,False,False,0.37527481290130416,1.076264608111893,5794,3120,False,False,False,False
4610,CSS_J213518.5-133417,RRc,EW,True,False,0.39012060568696094,1.0956795724650248,4321,2592,False,False,False,False
4611,CSS_J032017.0+241250,EW,EW,False,False,0.4184975179312978,1.012244396089105,2472,5971,False,False,False,False
4612,CSS_J052732.1+100832,EW,EW,False,False,0.3593730077960119,0.9782926775025349,7484,7830,False,False,False,False
4613,CSS_J022447.4+280244,EA,EA,False,False,0.4701435636337481,1.013781049664391,1011,5878,False,False,False,False
4614,CSS_J030146.7+300620,EW,EW,False,False,0.36375895966721494,1.089155739984013,7050,2749,False,False,False,False
4615,CSS_J035612.2+232657,EA,EA,False,False,0.4576862189940931,1.019524668232208,1261,5529,False,False,False,False
4616,CSS_J205501.8-154525,EW,EW,False,False,0.35916555733855,1.1289481805593826,7503,1911,False,False,False,False
4617,CSS_J040005.7+123542,RS CVn,EW,True,True,0.35851692248734773,1.216490155790494,7552,934,False,False,False,False
4618,CSS_J174709.1+252140,RRc,RRc,False,False,0.3944120228492703,1.1026572953230778,3917,2427,False,False,False,False
4619,CSS_J062515.7+610808,EW,EW,False,False,0.35554525305533946,1.1601960682064874,7759,1476,False,False,False,False
4620,CSS_J210918.5-155116,RRc,RRc,False,False,0.372339548480952,1.0451860182036106,6157,4272,False,False,False,False
4621,CSS_J063336.7+564914,RRc,EW,True,False,0.47188888313138966,1.0327897852761547,987,4834,False,False,False,False
4622,CSS_J110254.8+113554,RRab,RRab,False,False,0.40522893175862873,1.0412984493561708,3151,4442,False,False,False,False
4623,CSS_J173059.3+432450,EA,EA,False,False,0.5665009067501747,1.3000801649134952,206,509,False,False,False,False
4624,CSS_J113649.5+031219,EW,EW,False,False,0.36411478342541914,0.9963937624585096,7010,6958,False,False,False,False
4625,CSS_J154938.8-193007,EW,EW,False,False,0.3844253993490253,1.1197753127679346,4827,2081,False,False,False,False
4626,CSS_J055018.3-053344,EW,EW,False,False,0.4283782881621575,1.056267992854401,2057,3789,False,False,False,False
4627,CSS_J165615.0+143821,EW,EW,False,False,0.3686281995273803,1.0383532516469043,6540,4569,False,False,False,False
4628,CSS_J135540.8-111305,RRc,RRc,False,False,0.37550326036589854,1.0675823843445609,5759,3383,False,False,False,False
4629,CSS_J230320.0+221648,EW,EW,False,False,0.3548138574642312,1.012979415004404,7807,5921,False,False,False,False
4630,CSS_J121214.1+362715,RRc,EW,True,False,0.3536959421343389,0.9828733264184848,7870,7680,False,False,False,False
4631,CSS_J072800.8+384017,EW,EW,False,False,0.5000931325658862,1.113852097697293,556,2195,False,False,False,False
4632,CSS_J214419.3-190535,RRc,RRc,False,False,0.4024000931274767,1.0194809269192073,3323,5533,False,False,False,False
4633,CSS_J160315.4-074301,RS CVn,RS CVn,False,True,0.44796563657647676,1.4880769784646584,1474,149,False,True,False,False
4634,CSS_J051051.9+191115,EW,EW,False,False,0.3890550774300734,0.9821379854890429,4414,7711,False,False,False,False
4635,CSS_J223938.8+190543,EW,EW,False,False,0.3662033603728848,1.0784342288357331,6794,3054,False,False,False,False
4636,CSS_J155711.9+503000,RRc,RRc,False,False,0.3810342330121339,0.9998475587767954,5188,6772,False,False,False,False
4637,CSS_J233121.7+333443,EA,EW,True,False,0.4410708614268136,1.1933507431741792,1651,1111,False,False,False,False
4638,CSS_J013733.2+335643,EW,EW,False,False,0.3686119930531455,1.0191639898975704,6544,5552,False,False,False,False
4639,CSS_J131410.8+033322,RRc,RRc,False,False,0.3907164571262643,1.0127292139253563,4253,5932,False,False,False,False
4640,CSS_J014740.4+434845,EW,EW,False,False,0.3596885361210353,0.9727565497760512,7453,7924,False,False,False,False
4641,CSS_J092216.9+100613,EA,EA,False,False,0.49464245625820585,1.0445188319844656,620,4306,False,False,False,False
4642,CSS_J082727.6+220917,EW,EW,False,False,0.3854687237921543,1.0932713441597752,4719,2639,False,False,False,False
4643,CSS_J010256.7-065948,EA,EA,False,False,0.5083639115738575,1.0221580434592041,481,5387,False,False,False,False
4644,CSS_J064440.1+662837,RRab,RRab,False,False,0.41863986607713416,1.0278917185526215,2465,5083,False,False,False,False
4645,CSS_J085326.6-133117,LPV,LPV,False,False,0.751174872808591,0.9880145764055059,12,7425,True,False,False,False
4646,CSS_J035327.4+174447,EW,EW,False,False,0.36908766944974924,1.0585615161771202,6493,3711,False,False,False,False
4647,CSS_J002949.2-073212,RRc,RRc,False,False,0.37737030184030834,1.034109888929341,5547,4772,False,False,False,False
4648,CSS_J011718.2-075009,EW,EW,False,False,0.41710881816283674,1.0211601466486546,2533,5450,False,False,False,False
4649,CSS_J113229.6+193548,EW,EW,False,False,0.394388978608699,1.042954068727972,3920,4370,False,False,False,False
4650,CSS_J121223.3+215006,RRc,RRc,False,False,0.3888833250723497,0.9923369161720286,4429,7181,False,False,False,False
4651,CSS_J122001.9-084927,RS CVn,EW,True,True,0.4872152810301215,1.2671240023645156,719,644,False,False,False,False
4652,CSS_J044134.0+090205,EW,EW,False,False,0.3935854623035636,1.0652501724219858,3983,3473,False,False,False,False
4653,CSS_J055607.9-063556,EW,EW,False,False,0.3836565508839131,0.9953975319565191,4909,7009,False,False,False,False
4654,CSS_J022818.9+355651,EW,EW,False,False,0.36559064504089106,0.9855539112372032,6866,7563,False,False,False,False
4655,CSS_J221652.0+301402,EW,EW,False,False,0.3691348839095844,1.0115023433712387,6488,6031,False,False,False,False
4656,CSS_J161736.3+414900,EW,EW,False,False,0.3595428453723455,1.1244508692194257,7469,1986,False,False,False,False
4657,CSS_J073150.5+224421,EW,EW,False,False,0.3869417746951368,1.070917323415266,4589,3271,False,False,False,False
4658,CSS_J042946.7+201744,EW,EW,False,False,0.36636012576960875,1.002274020853562,6782,6627,False,False,False,False
4659,CSS_J040625.9+213650,EW,RRc,True,False,0.3967143438541748,1.0662551582738604,3731,3438,False,False,False,False
4660,CSS_J172520.0+203302,EW,EW,False,False,0.39114651462109445,1.038779821873772,4222,4549,False,False,False,False
4661,CSS_J165200.6-012624,EW,EW,False,False,0.41925374789998143,1.0994422158616108,2440,2514,False,False,False,False
4662,CSS_J174234.8+332322,EW,EW,False,False,0.433566386411071,1.0322296373897102,1895,4866,False,False,False,False
4663,CSS_J234419.3+324146,EW,RS CVn,True,False,0.40295872104787234,1.0820932557012999,3288,2937,False,False,False,False
4664,CSS_J212110.7-131120,EW,EW,False,False,0.39068701769439323,1.1011763654623907,4259,2469,False,False,False,False
4665,CSS_J070948.6+511157,EW,EW,False,False,0.4921391239811621,1.1171991973349935,659,2134,False,False,False,False
4666,CSS_J205839.3+004346,EW,EW,False,False,0.3684078860920666,1.0387697555040054,6567,4550,False,False,False,False
4667,CSS_J214229.6+184403,EW,EW,False,False,0.354895322719858,0.9928712339579903,7802,7148,False,False,False,False
4668,CSS_J042528.3+244021,EW,EW,False,False,0.3542930847783821,0.9712373519970716,7835,7947,False,False,False,False
4669,CSS_J074052.0+462604,EA,EA,False,False,0.48809679925717925,1.0596153803628334,703,3668,False,False,False,False
4670,CSS_J232315.3+361031,EW,EW,False,False,0.4011956521183598,1.419223786305754,3407,230,False,False,False,False
4671,CSS_J223226.2+125424,RS CVn,RS CVn,False,True,0.424339782371649,1.133419022359743,2227,1841,False,False,False,False
4672,CSS_J204859.9-115901,EW,EW,False,False,0.4637252054074991,1.0063737450051637,1129,6362,False,False,False,False
4673,CSS_J051118.3+064758,EW,EW,False,False,0.3760920324805941,1.0446218637879627,5692,4303,False,False,False,False
4674,CSS_J112702.6-092750,EW,EW,False,False,0.5424306742693548,1.1557143394591785,290,1524,False,False,False,False
4675,CSS_J035046.0-082426,EW,EW,False,False,0.3864397996560449,1.2553798943553718,4632,706,False,False,False,False
4676,CSS_J092958.2+471837,EW,EW,False,False,0.404412465375821,0.9892367747244901,3207,7366,False,False,False,False
4677,CSS_J031309.9+360811,EW,EW,False,False,0.36885625132274097,1.0054460208447265,6512,6425,False,False,False,False
4678,CSS_J045848.1+044033,EW,EW,False,False,0.38227067344808213,1.0804982296844081,5036,2985,False,False,False,False
4679,CSS_J093055.2+071742,EW,EW,False,False,0.3837404695436768,1.1400263586537378,4899,1734,False,False,False,False
4680,CSS_J035541.7+400509,EW,EW,False,False,0.45481029226143227,1.0536741301551915,1322,3891,False,False,False,False
4681,CSS_J122922.2+095042,RRc,RRc,False,False,0.38492079204162183,1.0791122580926529,4777,3035,False,False,False,False
4682,CSS_J233044.6+331619,EW,EW,False,False,0.43762770185507527,1.180472479061124,1761,1231,False,False,False,False
4683,CSS_J170724.7+100841,EW,EW,False,False,0.38145843328305096,1.0079784182783813,5129,6258,False,False,False,False
4684,CSS_J161510.4+282421,RRc,EW,True,False,0.3705101482740704,0.9881348066393348,6350,7420,False,False,False,False
4685,CSS_J022659.9+410211,EW,EW,False,False,0.3976601110328097,1.0282717520300995,3669,5063,False,False,False,False
4686,CSS_J213814.5-142858,RRc,EW,True,False,0.3998016802835737,1.4382017323565397,3516,207,False,False,False,False
4687,CSS_J165938.1-045516,RRd,EW,True,True,0.35538971781645634,0.9946070319004503,7773,7062,False,False,False,False
4688,CSS_J033026.6+385505,EW,EW,False,False,0.3760071705421825,1.214666555133682,5706,956,False,False,False,False
4689,CSS_J053214.6+010739,EW,EW,False,False,0.41308908284151913,1.1467744336628385,2738,1648,False,False,False,False
4690,CSS_J023305.9+395111,EW,EW,False,False,0.35333336593760317,0.9879552025019691,7896,7431,False,False,False,False
4691,CSS_J104939.2-071110,EW,EW,False,False,0.5625496077859446,1.2301350698733688,216,833,False,False,False,False
4692,CSS_J175504.7+431626,EW,EW,False,False,0.48447096807001233,1.0764220559547402,765,3118,False,False,False,False
4693,CSS_J104818.3-125657,EW,EW,False,False,0.362860945990644,1.038639644021197,7142,4555,False,False,False,False
4694,CSS_J135022.4-123557,RRc,EW,True,False,0.36156921035827183,1.0092296889566708,7268,6164,False,False,False,False
4695,CSS_J102933.1+581921,EW,EW,False,False,0.37473391054414323,1.030449722642902,5872,4955,False,False,False,False
4696,CSS_J010226.6+252358,EA,EA,False,False,0.4250438391285193,1.039435891626374,2197,4520,False,False,False,False
4697,CSS_J125907.1-091523,RRc,RRc,False,False,0.38257671354930844,1.0709090405636006,5006,3273,False,False,False,False
4698,CSS_J035915.6-130819,RRab,RRab,False,False,0.3928489912512883,1.0036630748296271,4058,6539,False,False,False,False
4699,CSS_J172102.8+100257,EW,EW,False,False,0.40976292630075445,1.2106509497107436,2904,978,False,False,False,False
4700,CSS_J154247.4+085828,RRc,RRc,False,False,0.3617427828682786,0.9716345117326339,7248,7939,False,False,False,False
4701,CSS_J042114.4+260527,EW,EW,False,False,0.4663112202240097,1.3977868971711807,1083,262,False,False,False,False
4702,CSS_J045402.3+103552,EW,EW,False,False,0.44035480736713073,1.158369767875691,1677,1493,False,False,False,False
4703,CSS_J174016.1+315950,RRc,EW,True,False,0.3600885759631453,1.1858391465177482,7409,1178,False,False,False,False
4704,CSS_J100806.2-064814,LPV,LPV,False,False,0.6659630350289019,0.9842108299922078,67,7620,True,False,False,False
4705,CSS_J004312.0+425214,EW,EW,False,False,0.39203653533180755,1.0432441304171105,4138,4354,False,False,False,False
4706,CSS_J141507.4+241135,RRd,EW,True,True,0.45401574013260704,1.1551672984397068,1341,1528,False,False,False,False
4707,CSS_J083312.8-013203,RS CVn,EW,True,True,0.38721768067468304,0.9952602362496663,4564,7017,False,False,False,False
4708,CSS_J120943.7+481239,RRc,RRc,False,False,0.3831198709881722,1.0121998746199568,4964,5976,False,False,False,False
4709,CSS_J134718.5+060058,RRc,RRc,False,False,0.42404300957425956,1.0342857760470947,2240,4761,False,False,False,False
4710,CSS_J033620.0+243943,EW,EW,False,False,0.37332487007906917,0.988987496549188,6044,7374,False,False,False,False
4711,CSS_J083705.7-024044,EW,EW,False,False,0.45192945305076143,1.214232246809717,1378,961,False,False,False,False
4712,CSS_J152813.9+172241,RRc,RRc,False,False,0.38987239369422083,1.1376144747242916,4337,1768,False,False,False,False
4713,CSS_J011355.8+334811,EW,EW,False,False,0.36090828460753416,1.0405949301509407,7334,4468,False,False,False,False
4714,CSS_J232454.0+392724,EW,EW,False,False,0.37834315812956965,0.9930357804030004,5441,7138,False,False,False,False
4715,CSS_J043639.3-051442,EA,EA,False,False,0.548531573930846,1.1322853864504325,262,1861,False,False,False,False
4716,CSS_J163157.7+021402,EW,EA,True,False,0.4680740016371867,0.9749496084799059,1051,7883,False,False,False,False
4717,CSS_J045421.0+102128,EW,EW,False,False,0.3691538849231547,1.079981905576399,6486,3000,False,False,False,False
4718,CSS_J165233.1-052730,LPV,EW,True,False,0.4572816473569342,1.0248002154407034,1274,5251,False,False,False,False
4719,CSS_J233651.3+353158,EA,EA,False,False,0.4543464250230014,0.9993076838058117,1332,6800,False,False,False,False
4720,CSS_J205846.9+003304,EW,EW,False,False,0.36345389332547323,1.0426534388000088,7072,4390,False,False,False,False
4721,CSS_J213603.3+162427,RRc,EW,True,False,0.5149777477727547,1.5214952101211285,424,121,False,True,False,False
4722,CSS_J025737.5+273857,RRc,EW,True,False,0.3962383863892666,1.0279726330311565,3768,5074,False,False,False,False
4723,CSS_J153656.7+314507,RRc,EW,True,False,0.3663182796387046,1.0903675543954126,6787,2713,False,False,False,False
4724,CSS_J035853.3+004826,EW,EW,False,False,0.43119449781017866,1.156436880221054,1974,1514,False,False,False,False
4725,CSS_J115222.9+011809,EW,EW,False,False,0.36222526963626717,1.0295019339372962,7206,4989,False,False,False,False
4726,CSS_J100208.3+371936,EW,EW,False,False,0.36130264727923006,1.2166113403809793,7293,930,False,False,False,False
4727,CSS_J121304.3+301637,RRc,EW,True,False,0.3522760777235355,1.1028137168955325,7951,2422,False,False,False,False
4728,CSS_J160758.3+440707,EW,EW,False,False,0.4152735453487535,0.9899075929945564,2622,7322,False,False,False,False
4729,CSS_J175538.2+370633,EW,EW,False,False,0.37552482188367897,1.5650056408951203,5756,89,False,True,False,False
4730,CSS_J083335.5+313314,EA,EA,False,False,0.45295116099367094,1.0337583970836652,1358,4790,False,False,False,False
4731,CSS_J115140.8+210155,EA,EW,True,False,0.3900303715949572,1.0535072950221283,4324,3901,False,False,False,False
4732,CSS_J010547.7+304914,EW,EW,False,False,0.3858044753012335,0.9716712573907875,4692,7937,False,False,False,False
4733,CSS_J002212.9+364541,EW,EW,False,False,0.4071219868119864,1.0027431777700122,3038,6593,False,False,False,False
4734,CSS_J205028.0-134716,EW,EW,False,False,0.37254951500818984,1.0391295634751494,6131,4536,False,False,False,False
4735,CSS_J172832.9+073313,RRab,RRab,False,False,0.3733682707555394,1.235119821835718,6036,803,False,False,False,False
4736,CSS_J154818.6+085903,EW,EW,False,False,0.42110072141049093,1.1641736442641333,2358,1424,False,False,False,False
4737,CSS_J145519.7-025713,RRc,RRc,False,False,0.38134939520274225,0.9985219137372352,5146,6847,False,False,False,False
4738,CSS_J211145.4+103432,EA,EW,True,False,0.4366293856835258,1.0622630239397064,1803,3580,False,False,False,False
4739,CSS_J044741.2+245058,EW,EW,False,False,0.4500546682634288,1.0643504951843958,1417,3496,False,False,False,False
4740,CSS_J110815.8+463803,EW,EW,False,False,0.3878257800838767,1.2352228459681158,4513,802,False,False,False,False
4741,CSS_J224544.8+255526,EW,EW,False,False,0.38064593338802705,1.004591539555654,5232,6473,False,False,False,False
4742,CSS_J061113.3-111258,EW,EW,False,False,0.3557864211999432,1.0231978648753866,7744,5329,False,False,False,False
4743,CSS_J053325.5-153027,EW,EW,False,False,0.3759370117441574,1.0332199174464356,5715,4812,False,False,False,False
4744,CSS_J181925.4+314212,EW,EW,False,False,0.36305457122811996,1.0006927490449233,7122,6724,False,False,False,False
4745,CSS_J024902.4+400829,EW,EW,False,False,0.362592148443077,1.063458964140963,7164,3533,False,False,False,False
4746,CSS_J075743.7+181059,EW,EW,False,False,0.3751187600013252,1.095891088985388,5819,2590,False,False,False,False
4747,CSS_J030359.7+231924,EW,EW,False,False,0.36341492824177624,1.2238563552911987,7078,876,False,False,False,False
4748,CSS_J034501.0+383634,EW,EW,False,False,0.3985028854299512,1.0040405196342173,3606,6515,False,False,False,False
4749,CSS_J160851.3+461847,EW,EW,False,False,0.38081042174225943,1.0329453874924899,5212,4825,False,False,False,False
4750,CSS_J152344.4+294809,EW,EW,False,False,0.37661233295599533,1.0141929513243606,5639,5853,False,False,False,False
4751,CSS_J210309.2-011210,RRc,RRd,True,False,0.38428724977041084,1.0379413220909055,4839,4589,False,False,False,False
4752,CSS_J140903.8-142804,EW,EW,False,False,0.376309119028369,1.4527737527768265,5672,195,False,False,False,False
4753,CSS_J090214.0+141004,RRc,EW,True,False,0.38676236143936604,1.6937535948427882,4605,50,False,True,False,False
4754,CSS_J205334.7-021002,RRd,RRd,False,True,0.3936258019080909,1.0230521956898793,3980,5332,False,False,False,False
4755,CSS_J002139.0+204512,EW,EW,False,False,0.41052048284655274,1.0536203591042148,2873,3895,False,False,False,False
4756,CSS_J163438.7+203710,EW,EW,False,False,0.3824171621644608,1.0011658432888288,5021,6690,False,False,False,False
4757,CSS_J162810.7+173307,EA,EA,False,False,0.41238904228861534,1.0309366241773752,2777,4929,False,False,False,False
4758,CSS_J063739.2+663502,EW,EW,False,False,0.388324542766866,1.0723714227247518,4475,3226,False,False,False,False
4759,CSS_J142241.6-061205,EW,EW,False,False,0.37252532815520367,0.9883609741500882,6133,7409,False,False,False,False
4760,CSS_J075839.9+131355,EW,EW,False,False,0.3813750351854186,0.982752490455827,5141,7684,False,False,False,False
4761,CSS_J101037.6-155806,EW,EW,False,False,0.43943206909017646,1.4060908774137788,1706,254,False,False,False,False
4762,CSS_J142804.7+511708,EW,EW,False,False,0.3706554838270508,0.9956589694827722,6331,6998,False,False,False,False
4763,CSS_J071311.3+425402,EW,EW,False,False,0.39070470802112145,0.9792141824618057,4257,7796,False,False,False,False
4764,CSS_J034134.9-114255,EW,EW,False,False,0.4769772441019103,1.1242983545999992,892,1991,False,False,False,False
4765,CSS_J082141.9+003034,EW,EW,False,False,0.3593150944018894,0.9730226546188856,7490,7922,False,False,False,False
4766,CSS_J213140.8+010006,EW,EW,False,False,0.4060069484122407,0.9904738166982909,3106,7296,False,False,False,False
4767,CSS_J030800.7+235820,EW,EW,False,False,0.40350281829574036,1.0193895347406141,3256,5537,False,False,False,False
4768,CSS_J235848.6-085313,EW,EW,False,False,0.3856660656776595,1.2828180826882012,4705,579,False,False,False,False
4769,CSS_J105014.5-065947,RRab,RRab,False,False,0.4360699994776543,1.1070119562674812,1816,2331,False,False,False,False
4770,CSS_J161040.4+300742,EW,EW,False,False,0.5272506132121076,1.4485551276432396,363,201,False,False,False,False
4771,CSS_J052808.1-065221,EW,EW,False,False,0.36399682954078677,1.1369475090835346,7029,1782,False,False,False,False
4772,CSS_J073703.9+242651,EW,EW,False,False,0.4304110714781128,1.395378173684866,1996,265,False,False,False,False
4773,CSS_J052324.5+044243,EW,EW,False,False,0.3640101105295685,1.010308263240437,7028,6098,False,False,False,False
4774,CSS_J011907.9-061809,EW,EW,False,False,0.3840362328879551,1.0157378603741924,4863,5754,False,False,False,False
4775,CSS_J084939.0+090555,EW,EW,False,False,0.3926177697987333,1.012617513094139,4078,5942,False,False,False,False
4776,CSS_J224208.4+310055,EA,EA,False,False,0.5949317165845917,1.4172813747548139,139,237,True,False,False,False
4777,CSS_J211032.5+005504,RRc,RRc,False,False,0.3817089910556225,1.0317398088041343,5106,4892,False,False,False,False
4778,CSS_J005617.3+234704,EA,EA,False,False,0.4124739289356809,1.0427829000255862,2771,4381,False,False,False,False
4779,CSS_J021809.2+285542,EW,EW,False,False,0.3787236859783155,1.0561393848006015,5406,3796,False,False,False,False
4780,CSS_J124025.8-093502,EW,EW,False,False,0.37257892045493973,1.0508157927620494,6126,4029,False,False,False,False
4781,CSS_J073807.7+330932,EW,EW,False,False,0.4188735632313587,1.0870121819227025,2449,2805,False,False,False,False
4782,CSS_J180123.9+461227,RRc,EW,True,False,0.4928956168953234,1.532333146607089,643,110,False,True,False,False
4783,CSS_J170811.2+501214,EW,EW,False,False,0.4009073194353186,1.6151807422282645,3429,66,False,True,False,False
4784,CSS_J225548.7+400310,EW,EW,False,False,0.4205290178783509,1.0571430908204662,2382,3763,False,False,False,False
4785,CSS_J060018.2-085935,EW,EW,False,False,0.36142013266079126,1.0401188879511405,7282,4491,False,False,False,False
4786,CSS_J025254.6+383740,EW,EW,False,False,0.40341647154095656,1.015094264360942,3260,5792,False,False,False,False
4787,CSS_J131824.3+004354,EW,EW,False,False,0.3874581331154034,1.1611273155897543,4542,1464,False,False,False,False
4788,CSS_J170931.6+155737,EW,EW,False,False,0.3671966990923219,1.1594699296061388,6691,1483,False,False,False,False
4789,CSS_J211644.5+022233,EW,EW,False,False,0.47506449186949024,1.006561447536114,923,6349,False,False,False,False
4790,CSS_J212849.3-134227,EW,EW,False,False,0.40761838457893557,1.252235055635486,3013,717,False,False,False,False
4791,CSS_J221939.2+155213,EW,EW,False,False,0.3832127338834875,1.3016633924001038,4952,503,False,False,False,False
4792,CSS_J082202.9+085101,EW,EW,False,False,0.37626234168542777,1.058800562419165,5679,3698,False,False,False,False
4793,CSS_J160704.9+403537,EW,EW,False,False,0.4728287519618932,1.0447211544515105,963,4296,False,False,False,False
4794,CSS_J034109.6+262212,EW,EW,False,False,0.38754354886529524,0.9920469309651917,4530,7200,False,False,False,False
4795,CSS_J162615.5-063835,RRc,RRc,False,False,0.38213228660667126,1.210442867076884,5052,981,False,False,False,False
4796,CSS_J000614.3+263239,EW,EW,False,False,0.5083291018569396,1.29275726626495,482,549,False,False,False,False
4797,CSS_J230046.4+163913,EW,EW,False,False,0.4262556783457794,1.0397996529094014,2154,4502,False,False,False,False
4798,CSS_J033031.2-134916,EW,EW,False,False,0.3783726304158807,1.0938504302963366,5434,2622,False,False,False,False
4799,CSS_J213505.7-165233,EW,EW,False,False,0.41336515347540925,1.2733988379025947,2719,619,False,False,False,False
4800,CSS_J084210.3+224931,EA,EA,False,False,0.5494470964763766,1.0705802052833433,257,3282,False,False,False,False
4801,CSS_J060143.4-125506,EW,EW,False,False,0.3538828593310475,1.133735366362805,7861,1837,False,False,False,False
4802,CSS_J051631.3+144050,EW,EW,False,False,0.35978857074838794,1.2967027638281732,7444,528,False,False,False,False
4803,CSS_J020435.6+331222,EW,EW,False,False,0.4014714825152138,1.0501701914424255,3383,4055,False,False,False,False
4804,CSS_J040842.7+202535,EW,EW,False,False,0.37946253790171014,1.0183347475100284,5348,5608,False,False,False,False
4805,CSS_J000655.0+401222,EW,EW,False,False,0.38551985412660644,1.0189554588615448,4716,5564,False,False,False,False
4806,CSS_J092032.4+481739,EW,EW,False,False,0.35680385407183013,1.0229120332978061,7677,5344,False,False,False,False
4807,CSS_J094410.3-012939,EW,EW,False,False,0.3819748859130086,1.0304752718129941,5073,4952,False,False,False,False
4808,CSS_J212310.3+111104,EW,EW,False,False,0.3697482740949263,1.0015285230897466,6422,6671,False,False,False,False
4809,CSS_J224517.8+230327,EW,EW,False,False,0.3835367856355906,1.001516359044542,4921,6672,False,False,False,False
4810,CSS_J221239.7+110617,EW,EW,False,False,0.3846855099616767,1.0019344900435956,4799,6648,False,False,False,False
4811,CSS_J204847.9-125615,RRc,RRc,False,False,0.3845777493859722,1.021363757606087,4813,5434,False,False,False,False
4812,CSS_J051808.6+091002,EW,EW,False,False,0.4538109940839448,1.0628770532036593,1345,3551,False,False,False,False
4813,CSS_J162644.4+005706,RRc,RRc,False,False,0.3751696142443864,0.9927931464063422,5815,7153,False,False,False,False
4814,CSS_J221747.0+310938,EW,EW,False,False,0.36058056483661194,0.9985498355908377,7365,6844,False,False,False,False
4815,CSS_J075300.1+103122,EW,EW,False,False,0.40739640378128406,1.0327416826542404,3030,4835,False,False,False,False
4816,CSS_J234847.5+413409,EW,EW,False,False,0.3964876019286325,1.0087849231644843,3750,6206,False,False,False,False
4817,CSS_J155105.5-135131,EW,EW,False,False,0.3573398099790092,1.0010677217501966,7631,6699,False,False,False,False
4818,CSS_J044414.4+195447,RRc,EW,True,False,0.5256751849869127,1.299494622543614,370,513,False,False,False,False
4819,CSS_J043800.8-015325,RRc,RRc,False,False,0.37092734185852394,1.024989632312991,6306,5245,False,False,False,False
4820,CSS_J051848.8+001221,EW,EW,False,False,0.5403356517712128,3.298598422059058,300,2,False,True,False,False
4821,CSS_J002500.9+384928,EW,EW,False,False,0.36013187456596746,0.992536353106782,7404,7167,False,False,False,False
4822,CSS_J033250.2-045709,EW,EW,False,False,0.35314112872086967,1.0140391616974875,7907,5859,False,False,False,False
4823,CSS_J014814.3+325053,RRc,RRc,False,False,0.3962564441799615,1.0202514191938392,3765,5496,False,False,False,False
4824,CSS_J014643.0+261927,EW,EW,False,False,0.4450791268583593,1.0165994534434344,1548,5716,False,False,False,False
4825,CSS_J041131.4+080443,EW,EW,False,False,0.35343687207060065,1.0082501393505487,7889,6241,False,False,False,False
4826,CSS_J073642.8+223802,EW,EW,False,False,0.3939815095624123,1.1060449986705474,3945,2353,False,False,False,False
4827,CSS_J164927.1+153033,EA,EA,False,False,0.4742624958502484,1.042880807841133,936,4375,False,False,False,False
4828,CSS_J042310.1+081733,EW,EW,False,False,0.3759982627506854,1.022511263271387,5707,5370,False,False,False,False
4829,CSS_J022108.7+123015,EW,EW,False,False,0.3991681178395933,1.0438226687228966,3566,4331,False,False,False,False
4830,CSS_J210351.9-005926,EW,RRab,True,False,0.6334460742972411,2.2351979276444913,96,5,True,True,True,False
4831,CSS_J220506.9+160646,EW,EW,False,False,0.35514520530637517,1.0639288610336832,7786,3514,False,False,False,False
4832,CSS_J233023.0+141738,RRc,EW,True,False,0.39604669962988465,1.0911887344671543,3789,2691,False,False,False,False
4833,CSS_J212135.8+153928,RS CVn,EW,True,True,0.40041389127860194,1.1789358420899467,3470,1244,False,False,False,False
4834,CSS_J075758.9+220507,EA,EA,False,False,0.5109370429896003,1.0066255322611721,457,6343,False,False,False,False
4835,CSS_J002702.6+032056,EW,EW,False,False,0.40828506300783907,1.2123964844991146,2980,970,False,False,False,False
4836,CSS_J081521.3+392045,EW,EW,False,False,0.3792724595465409,1.0225763592218935,5367,5364,False,False,False,False
4837,CSS_J025358.4+173714,EW,EW,False,False,0.39965838271797083,1.0695372494055928,3527,3316,False,False,False,False
4838,CSS_J072708.6+384809,EW,EW,False,False,0.4296117595905209,1.08874809294926,2015,2759,False,False,False,False
4839,CSS_J043736.4+023332,EW,EW,False,False,0.4276814303191527,1.0327000364782666,2085,4838,False,False,False,False
4840,CSS_J165003.9+002524,EW,EW,False,False,0.3864009174709525,1.1207268692831664,4636,2062,False,False,False,False
4841,CSS_J172259.2+392928,RS CVn,RS CVn,False,True,0.4456027193718781,1.102491465579815,1532,2433,False,False,False,False
4842,CSS_J050014.5+062514,EW,EW,False,False,0.41036276066467414,0.9903859598138689,2879,7301,False,False,False,False
4843,CSS_J220018.6+221650,EW,EW,False,False,0.40020081748414466,1.0098601562589877,3485,6121,False,False,False,False
4844,CSS_J014331.3+392949,EW,EA,True,False,0.400302639374093,1.0675986053981201,3478,3382,False,False,False,False
4845,CSS_J234701.7+015034,EW,EW,False,False,0.37859854474377097,1.0458783267492877,5418,4239,False,False,False,False
4846,CSS_J055729.7-083716,EW,EW,False,False,0.39562934541361594,1.0817419504695966,3818,2950,False,False,False,False
4847,CSS_J115643.5-164056,EW,EW,False,False,0.43223249141129466,1.1865861661711707,1937,1171,False,False,False,False
4848,CSS_J163720.4+101823,EW,EW,False,False,0.3748233995725341,1.044056625598893,5862,4320,False,False,False,False
4849,CSS_J224854.7+383456,EW,EW,False,False,0.3996680683958476,1.0186768230505658,3525,5582,False,False,False,False
4850,CSS_J173547.1+281257,EW,EW,False,False,0.382000074562172,1.0217273710580066,5070,5409,False,False,False,False
4851,CSS_J131801.2+324340,EW,EW,False,False,0.4104089881206791,1.0237547633201738,2874,5307,False,False,False,False
4852,CSS_J220019.0+010408,EW,EW,False,False,0.38394379066606454,1.012619286143825,4875,5940,False,False,False,False
4853,CSS_J171612.7+140303,EA,EA,False,False,0.4688724352538076,0.9830609237657798,1034,7673,False,False,False,False
4854,CSS_J170648.6+245400,EW,EW,False,False,0.3759223164088384,1.0084780442957728,5718,6227,False,False,False,False
4855,CSS_J134244.9+030947,RRc,RRc,False,False,0.46084688968357845,1.04394478516333,1188,4326,False,False,False,False
4856,CSS_J165910.3-041121,RRc,RRc,False,False,0.4263396847449795,1.2123228928783547,2151,972,False,False,False,False
4857,CSS_J043348.8-101139,EW,EW,False,False,0.36288960503102746,1.0795792268414315,7135,3017,False,False,False,False
4858,CSS_J083954.1+232016,EW,EW,False,False,0.37191311951500233,1.0119568046550815,6208,5995,False,False,False,False
4859,CSS_J044621.5+005418,EW,EW,False,False,0.38633676251149723,1.0537707878465672,4644,3889,False,False,False,False
4860,CSS_J230816.8+283122,EW,EW,False,False,0.3840897714342544,1.022689602996425,4855,5355,False,False,False,False
4861,CSS_J214541.5+150142,EW,EW,False,False,0.3573971184204358,0.9843180159191348,7626,7619,False,False,False,False
4862,CSS_J044336.7+041144,EW,EW,False,False,0.3616478692941149,1.010462584185495,7260,6089,False,False,False,False
4863,CSS_J220956.0+071739,EW,RS CVn,True,False,0.43205416217030107,1.0392425837654071,1944,4530,False,False,False,False
4864,CSS_J145500.3+020019,RRab,RRab,False,False,0.47584614379963563,1.053851801779023,912,3888,False,False,False,False
4865,CSS_J090022.4+263522,EW,EW,False,False,0.372940675985946,0.9979135826042643,6087,6880,False,False,False,False
4866,CSS_J163755.3+473227,RRc,RRc,False,False,0.39450733271091193,1.0175922430246611,3909,5657,False,False,False,False
4867,CSS_J055309.2-024406,EW,EW,False,False,0.3958014966396734,1.3102235444311114,3809,469,False,False,False,False
4868,CSS_J012753.1+041256,EW,EW,False,False,0.4178830030590297,1.1392850226220124,2496,1743,False,False,False,False
4869,CSS_J075129.1+185823,RS CVn,RS CVn,False,True,0.4743880626350728,1.2971099383902867,934,526,False,False,False,False
4870,CSS_J210228.0-025157,EW,EW,False,False,0.37835321538011163,1.0032669040657651,5438,6562,False,False,False,False
4871,CSS_J212629.6-174309,EW,EW,False,False,0.3650786715878206,1.0476953043793578,6924,4155,False,False,False,False
4872,CSS_J091732.7-160542,EW,EA,True,False,0.5785910244997613,1.3619596485492678,181,324,False,False,False,False
4873,CSS_J073222.6+470456,EW,EW,False,False,0.39390734562815044,1.0457255344688556,3952,4245,False,False,False,False
4874,CSS_J051013.4+061034,EA,EA,False,False,0.45095243488668946,1.057679406877809,1396,3740,False,False,False,False
4875,CSS_J204227.4-120854,EW,EW,False,False,0.3615320530153934,1.1460446514629168,7272,1659,False,False,False,False
4876,CSS_J220818.9+304550,EW,EW,False,False,0.36593183542318597,0.9852205209670217,6827,7582,False,False,False,False
4877,CSS_J150810.4+103456,RRc,EW,True,False,0.4099703308897309,1.0861355057756388,2896,2828,False,False,False,False
4878,CSS_J111744.7+474510,RRc,RRc,False,False,0.3764728952280983,1.2255799015782964,5646,866,False,False,False,False
4879,CSS_J133450.3+041431,EW,EW,False,False,0.37159540967195687,1.0633982266313542,6235,3534,False,False,False,False
4880,CSS_J120439.3-191916,EW,EA,True,False,0.458375628283528,1.1804337906052143,1241,1232,False,False,False,False
4881,CSS_J062035.2-103259,EW,EW,False,False,0.3594698154632634,1.1491300274450926,7473,1614,False,False,False,False
4882,CSS_J082150.7+464248,EW,EW,False,False,0.36226930174486255,0.9935959659466661,7202,7113,False,False,False,False
4883,CSS_J112921.1-010159,EA,EA,False,False,0.45406114985111756,0.9967361489654983,1339,6931,False,False,False,False
4884,CSS_J074259.6+624913,EW,EW,False,False,0.36998290498220726,1.0349253006210963,6398,4726,False,False,False,False
4885,CSS_J141721.5+582148,EW,EW,False,False,0.36408477886566765,1.001341963481269,7017,6679,False,False,False,False
4886,CSS_J212741.2+160845,EW,EW,False,False,0.3583983021431323,0.9721461970412818,7565,7929,False,False,False,False
4887,CSS_J052332.2+190247,EW,EW,False,False,0.39372389967445376,1.1788841446001157,3970,1245,False,False,False,False
4888,CSS_J012603.8-120737,RS CVn,EW,True,True,0.40103466015555117,1.0124897841932987,3417,5948,False,False,False,False
4889,CSS_J074627.1+322422,EW,EW,False,False,0.38568836133211337,1.0618088700878552,4703,3595,False,False,False,False
4890,CSS_J220210.9+085322,EW,EW,False,False,0.4405165471851327,1.2293690950982765,1671,839,False,False,False,False
4891,CSS_J215300.9+200403,EW,EW,False,False,0.36132335257944476,0.9870519933475306,7289,7480,False,False,False,False
4892,CSS_J203124.7-130513,EW,EW,False,False,0.5511564006172971,1.2765819404815886,252,603,False,False,False,False
4893,CSS_J034025.2+303303,LPV,LPV,False,False,0.6415885148571389,1.2104388919384432,88,982,True,False,False,False
4894,CSS_J113301.9-140136,EW,EW,False,False,0.38299164387727624,1.2607349336524611,4973,680,False,False,False,False
4895,CSS_J085840.9+352006,EW,EW,False,False,0.4434550689918131,1.0831809433822288,1578,2903,False,False,False,False
4896,CSS_J010112.1+441054,EW,RRc,True,False,0.3689677099310173,1.0297244066997817,6504,4981,False,False,False,False
4897,CSS_J101902.7+271249,EA,EA,False,False,0.47477421332023967,1.1651608311053776,931,1411,False,False,False,False
4898,CSS_J232102.8+220109,EW,EW,False,False,0.36555277187006396,1.0472445649679896,6877,4177,False,False,False,False
4899,CSS_J021541.5+300803,EW,EW,False,False,0.4022025701017174,1.0384055177768325,3339,4567,False,False,False,False
4900,CSS_J173714.7+345425,EA,EA,False,False,0.4046967664755242,1.0074062354620312,3186,6294,False,False,False,False
4901,CSS_J051840.2+163328,EW,EW,False,False,0.401238485342377,1.0394565773555569,3405,4519,False,False,False,False
4902,CSS_J164051.2+040108,EW,EW,False,False,0.36398457900882863,1.008511558734716,7031,6226,False,False,False,False
4903,CSS_J213335.1-160705,RRc,RRc,False,False,0.3900132262898177,1.1329248484032468,4326,1849,False,False,False,False
4904,CSS_J100329.4+120828,EW,EW,False,False,0.3569850207334577,1.0857039173488165,7666,2844,False,False,False,False
4905,CSS_J134651.7+225714,EW,EW,False,False,0.40973661100521847,1.0465627611381718,2908,4205,False,False,False,False
4906,CSS_J073642.3+195726,EW,EW,False,False,0.37207252920767936,1.1550307331442982,6188,1532,False,False,False,False
4907,CSS_J233340.6+371756,EW,EW,False,False,0.3624216993865556,1.0782704339845919,7185,3058,False,False,False,False
4908,CSS_J015326.7+372843,EW,EW,False,False,0.3652052747187638,1.0073655561054184,6914,6299,False,False,False,False
4909,CSS_J125802.5+195401,RRc,EW,True,False,0.4825002817098877,1.0684689642733698,798,3354,False,False,False,False
4910,CSS_J172038.7+401747,EW,EW,False,False,0.3614537090403717,0.995742182494908,7278,6993,False,False,False,False
4911,CSS_J201725.4-163928,RRab,RRc,True,False,0.37788153181707246,1.0295647457203363,5485,4985,False,False,False,False
4912,CSS_J210521.6+094000,EW,EW,False,False,0.35770734951051264,1.0051372249937784,7606,6443,False,False,False,False
4913,CSS_J212808.8+151622,EW,EW,False,False,0.38890132564305535,1.0016945414713554,4426,6661,False,False,False,False
4914,CSS_J181703.6+361700,EA,EA,False,False,0.5443134007319034,1.0736693593208242,283,3185,False,False,False,False
4915,CSS_J080116.9+064400,EW,EW,False,False,0.3970439166470868,1.1959564506446025,3712,1091,False,False,False,False
4916,CSS_J064303.8+485232,EW,EW,False,False,0.4502022175379321,1.0183616129462139,1414,5603,False,False,False,False
4917,CSS_J211739.4+100857,EW,EW,False,False,0.3799081992008493,1.2329570825197873,5301,818,False,False,False,False
4918,CSS_J220624.2-022713,EW,EA,True,False,0.4487413733361906,1.0084370247295362,1450,6231,False,False,False,False
4919,CSS_J231840.1+232040,EW,EW,False,False,0.443031144591809,1.092020121115373,1594,2676,False,False,False,False
4920,CSS_J090011.6-123154,EW,EW,False,False,0.3891283127377484,1.3434099445240666,4405,375,False,False,False,False
4921,CSS_J032335.1+292557,EW,EW,False,False,0.3723634174752251,0.9918337349608635,6149,7213,False,False,False,False
4922,CSS_J033220.4+172418,RRc,RRc,False,False,0.42961685124756904,1.1441839037012151,2014,1682,False,False,False,False
4923,CSS_J034741.3+275556,EW,EW,False,False,0.42144636976645694,1.0039583938408287,2339,6520,False,False,False,False
4924,CSS_J093714.5+144552,EW,EW,False,False,0.3772333492495727,0.9785074010619615,5560,7818,False,False,False,False
4925,CSS_J172051.1+211045,EW,EW,False,False,0.3628817203836185,1.0819037478680755,7136,2947,False,False,False,False
4926,CSS_J070940.9+500505,EW,EW,False,False,0.4210393396518013,1.2771610175498354,2363,600,False,False,False,False
4927,CSS_J155929.0+053937,RRc,RRc,False,False,0.37865703993879896,0.9936591547625655,5414,7110,False,False,False,False
4928,CSS_J013408.2+351837,EW,EW,False,False,0.3917169956512333,1.0058993726228491,4168,6395,False,False,False,False
4929,CSS_J163439.2+514444,EW,EW,False,False,0.35353277185238985,1.0074443923752119,7883,6288,False,False,False,False
4930,CSS_J092506.4+001010,EW,EW,False,False,0.36106345415535823,1.0126188169050994,7316,5941,False,False,False,False
4931,CSS_J090756.7-153836,EW,EW,False,False,0.3937209024849647,1.0703831963209847,3972,3287,False,False,False,False
4932,CSS_J224646.2-070358,RRc,RRc,False,False,0.36657450807747544,0.9713551067775483,6757,7945,False,False,False,False
4933,CSS_J164010.5+032743,EW,EW,False,False,0.3950283980848851,1.069798422126691,3865,3307,False,False,False,False
4934,CSS_J002505.9+234143,EW,EW,False,False,0.3640424276191158,0.9845613216229034,7024,7612,False,False,False,False
4935,CSS_J132629.5-122804,RRab,RRab,False,False,0.41390287045818963,1.0614822881803483,2683,3603,False,False,False,False
4936,CSS_J035200.6+140056,EW,EW,False,False,0.3609774680908735,1.1442709055659903,7322,1681,False,False,False,False
4937,CSS_J173447.4+142219,RRc,RRc,False,False,0.3770823456062308,0.9895843997178938,5578,7341,False,False,False,False
4938,CSS_J173141.9+190220,EW,EW,False,False,0.39470200388899535,0.9951029814074974,3895,7026,False,False,False,False
4939,CSS_J231152.9+244157,RS CVn,EW,True,True,0.46833521195756145,1.174700203438206,1045,1288,False,False,False,False
4940,CSS_J054215.5-041105,EW,EW,False,False,0.3649099140245068,1.245604228654661,6943,754,False,False,False,False
4941,CSS_J045837.3+101923,EW,EW,False,False,0.46524793514274354,1.2467008027934665,1101,747,False,False,False,False
4942,CSS_J152922.7+204656,RRc,EW,True,False,0.4609895000675747,1.0588194314181258,1185,3697,False,False,False,False
4943,CSS_J015248.7+442331,EW,EW,False,False,0.39569043434022955,1.0384215699222632,3816,4566,False,False,False,False
4944,CSS_J040908.0+303243,EW,EW,False,False,0.3746349987705342,1.0609316206649124,5885,3622,False,False,False,False
4945,CSS_J042357.8+225653,EW,EW,False,False,0.3701674701769476,1.010062138847259,6381,6115,False,False,False,False
4946,CSS_J165919.0+494711,RRc,RRc,False,False,0.3979316411409907,1.0390057608220595,3642,4538,False,False,False,False
4947,CSS_J165735.9+550927,RRc,RRc,False,False,0.389458514282647,1.0462634550448986,4378,4218,False,False,False,False
4948,CSS_J174320.2+191410,EW,EW,False,False,0.37366151136581943,1.000143522362125,5999,6755,False,False,False,False
4949,CSS_J210605.1+051909,EW,EW,False,False,0.37805915601400814,0.9944114953019749,5468,7075,False,False,False,False
4950,CSS_J054031.7-152406,EW,EW,False,False,0.3726117077048232,1.0284700224653605,6122,5052,False,False,False,False
4951,CSS_J210715.7+121728,EW,EW,False,False,0.46108202308102975,1.5913672415860127,1184,74,False,True,False,False
4952,CSS_J230146.1+074129,EA,EA,False,False,0.4709906307728786,1.030322736129412,1001,4963,False,False,False,False
4953,CSS_J044047.9+303656,EW,EW,False,False,0.35845781183966346,0.9861311920305885,7557,7539,False,False,False,False
4954,CSS_J162032.6-121825,EW,EW,False,False,0.4160406125796258,1.0542407937818532,2583,3872,False,False,False,False
4955,CSS_J212206.8+074830,EW,EW,False,False,0.368567245252157,0.9844727218193929,6547,7615,False,False,False,False
4956,CSS_J164627.1+411434,EW,EW,False,False,0.4260947100024981,1.2431444704199959,2165,769,False,False,False,False
4957,CSS_J104314.6+325214,RRc,RRc,False,False,0.39499427112713237,1.0618920076189586,3869,3590,False,False,False,False
4958,CSS_J085655.8+042255,EW,EW,False,False,0.39251452688845423,1.2134394712598744,4093,966,False,False,False,False
4959,CSS_J005255.1+302635,EW,EW,False,False,0.425703337350418,1.1604886123528801,2178,1471,False,False,False,False
4960,CSS_J115538.5-162223,EW,EW,False,False,0.383209910341421,1.2863388167270366,4955,569,False,False,False,False
4961,CSS_J135811.5+323216,EW,EW,False,False,0.3532494358193821,0.9870674994427586,7903,7479,False,False,False,False
4962,CSS_J055347.4-081011,EA,EA,False,False,0.55905464613778,1.208679628855137,228,997,False,False,False,False
4963,CSS_J223536.0+035947,RRc,RRc,False,False,0.391702640562651,1.0600985613633411,4170,3648,False,False,False,False
4964,CSS_J105951.0-132515,EW,EW,False,False,0.40548825818587964,1.1617310518773674,3128,1452,False,False,False,False
4965,CSS_J173508.5+195835,RRc,RRc,False,False,0.3810649677773983,1.1474574134701807,5182,1641,False,False,False,False
4966,CSS_J083327.3-040324,RRc,RRc,False,False,0.39793359045322685,1.069684037865826,3640,3313,False,False,False,False
4967,CSS_J053915.4+023137,RS CVn,EW,True,True,0.5164251765389507,1.3310554716220515,410,406,False,False,False,False
4968,CSS_J082851.2+003814,EW,EW,False,False,0.38603339307258927,1.1088909290368272,4669,2295,False,False,False,False
4969,CSS_J231237.5-093940,RRab,RRab,False,False,0.42264724872998716,1.150859633156475,2290,1585,False,False,False,False
4970,CSS_J162051.3+444825,RRc,RRc,False,False,0.37161533741872,1.0250669870001727,6231,5239,False,False,False,False
4971,CSS_J230658.5+411218,EW,EW,False,False,0.36439116742113276,0.9824443178548549,6982,7697,False,False,False,False
4972,CSS_J172105.9+122358,EW,EW,False,False,0.39657662445150077,1.0724235473596668,3741,3225,False,False,False,False
4973,CSS_J033054.0+224559,EW,EW,False,False,0.40563737724209403,1.0061596988495005,3118,6369,False,False,False,False
4974,CSS_J074614.7+282747,EW,EW,False,False,0.41079517273904775,1.0812531049285639,2861,2967,False,False,False,False
4975,CSS_J051918.2+051804,EW,EW,False,False,0.38866428360764055,1.1341251600628055,4446,1831,False,False,False,False
4976,CSS_J093253.4+004407,EW,EW,False,False,0.3655901242080545,1.0478657037084607,6868,4146,False,False,False,False
4977,CSS_J160058.0+104012,EW,EW,False,False,0.3616751295029898,1.0190724838166865,7257,5555,False,False,False,False
4978,CSS_J092448.1-072602,RRc,RRc,False,False,0.3973744078490891,1.1921473978493373,3687,1121,False,False,False,False
4979,CSS_J231302.5+285505,EW,EW,False,False,0.36236130789826637,1.1646130695518377,7191,1421,False,False,False,False
4980,CSS_J071513.4+341822,EA,EA,False,False,0.4963411541913571,1.0731900852476046,596,3202,False,False,False,False
4981,CSS_J164541.3-065233,EW,EW,False,False,0.40665297929842503,0.9910132426634922,3062,7268,False,False,False,False
4982,CSS_J214225.2-155235,RRab,RRab,False,False,0.5003955501189786,1.2585772815756275,553,694,False,False,False,False
4983,CSS_J075103.6+240338,EW,EW,False,False,0.3967937601976666,1.0107821963150603,3726,6074,False,False,False,False
4984,CSS_J160910.6-072839,LPV,LPV,False,False,0.7275692802011368,0.9743268621939022,23,7898,True,False,False,False
4985,CSS_J075512.6+420853,EW,EW,False,False,0.4778900931533673,1.0709060489139317,874,3274,False,False,False,False
4986,CSS_J143635.4+240037,EW,EW,False,False,0.3940122860676782,1.2591684231764022,3943,692,False,False,False,False
4987,CSS_J055540.0-070219,EW,EW,False,False,0.4591995391778291,1.262804499768364,1221,671,False,False,False,False
4988,CSS_J075553.1+314149,EW,EW,False,False,0.40445055296416305,1.0207860595395162,3205,5468,False,False,False,False
4989,CSS_J020034.1+331819,EW,EW,False,False,0.3658216038621226,1.299877922729419,6840,511,False,False,False,False
4990,CSS_J104315.0+090327,RRc,RRc,False,False,0.3763102747588111,1.0135041519839805,5671,5892,False,False,False,False
4991,CSS_J042930.5+104412,RRab,RRab,False,False,0.46941190816876116,1.0075283296094597,1025,6285,False,False,False,False
4992,CSS_J052745.4-140853,EW,EW,False,False,0.41110697547332054,1.344079695153695,2847,373,False,False,False,False
4993,CSS_J161426.7+490444,RRc,RRd,True,False,0.39321521543835214,1.028637907823958,4015,5036,False,False,False,False
4994,CSS_J143059.4-014446,EW,EW,False,False,0.40652226881810455,1.254332509802603,3068,709,False,False,False,False
4995,CSS_J024151.0+383547,EW,EA,True,False,0.45457436137416973,1.0372606913426758,1327,4621,False,False,False,False
4996,CSS_J042549.6+152442,EA,EA,False,False,0.4574534372355351,1.0711993987495902,1268,3261,False,False,False,False
4997,CSS_J202952.6-055506,EW,EW,False,False,0.3642118753009186,1.0657386808265117,6999,3455,False,False,False,False
4998,CSS_J125153.6+004124,RRc,RRab,True,False,0.4535400147349807,1.2095649091362446,1349,992,False,False,False,False
4999,CSS_J221852.5+233006,EW,EW,False,False,0.35966993068287095,0.9874926834691001,7455,7453,False,False,False,False
5000,CSS_J065105.3+670229,EW,EW,False,False,0.3545163465431414,1.0217560418907836,7823,5406,False,False,False,False
5001,CSS_J044403.7+265156,EW,EW,False,False,0.3640575070125465,1.0137615463878142,7022,5880,False,False,False,False
5002,CSS_J165732.0+171228,RRc,RRc,False,False,0.37976379709658775,0.9936429338004278,5314,7111,False,False,False,False
5003,CSS_J092245.0+332107,EW,EW,False,False,0.41423604897871236,1.033464281353847,2673,4800,False,False,False,False
5004,CSS_J034226.9+285141,EW,EW,False,False,0.35899895371849866,1.0069456740452714,7516,6323,False,False,False,False
5005,CSS_J044558.1+015643,EW,EW,False,False,0.3597504948028397,0.9870875098133653,7447,7478,False,False,False,False
5006,CSS_J140550.2-062700,EW,EW,False,False,0.4089994069790171,1.0921348593546758,2946,2671,False,False,False,False
5007,CSS_J224004.3+044155,EW,EW,False,False,0.37866468325262564,1.1178676659468967,5411,2119,False,False,False,False
5008,CSS_J090236.9+065805,EW,EW,False,False,0.5008382464641488,1.3543709216203315,549,345,False,False,False,False
5009,CSS_J165416.3-034248,RRc,RRc,False,False,0.36616472530084815,1.089412532721688,6798,2744,False,False,False,False
5010,CSS_J224500.5+250435,EW,EW,False,False,0.38304925932545525,1.0048391384575046,4970,6462,False,False,False,False
5011,CSS_J211543.7+060222,RRc,RRc,False,False,0.41342321490787404,1.0521537982095388,2715,3972,False,False,False,False
5012,CSS_J041331.1+292338,EW,EW,False,False,0.37356624840085323,1.0855983469563601,6012,2846,False,False,False,False
5013,CSS_J053944.6+052931,EA,EA,False,False,0.42319482665794345,1.1679975272419294,2273,1366,False,False,False,False
5014,CSS_J100441.7+105314,EW,EW,False,False,0.40297922247217816,1.0344560310972484,3286,4756,False,False,False,False
5015,CSS_J170521.0+195459,EW,EW,False,False,0.3658638007700134,1.178793528504824,6834,1246,False,False,False,False
5016,CSS_J051729.5+100819,EW,EW,False,False,0.40253336876828855,1.028585354499734,3318,5040,False,False,False,False
5017,CSS_J170825.4+593148,RRc,RRc,False,False,0.37431040643468894,1.0475119204398233,5926,4164,False,False,False,False
5018,CSS_J223737.2+071326,EW,EW,False,False,0.36843941234524175,1.032661373356929,6561,4839,False,False,False,False
5019,CSS_J203242.0-154812,EW,EW,False,False,0.37662233071366,1.0350753762489506,5637,4713,False,False,False,False
5020,CSS_J052941.3-174247,EW,EW,False,False,0.3970932685668499,1.086736190700869,3707,2811,False,False,False,False
5021,CSS_J083440.9+214532,EW,EW,False,False,0.4025193544102599,1.104875876888623,3319,2378,False,False,False,False
5022,CSS_J074303.0+283138,EA,EW,True,False,0.514253274543007,1.3540052103759899,430,347,False,False,False,False
5023,CSS_J214242.6-102134,EW,EW,False,False,0.4030657242493035,1.0420235713597308,3280,4419,False,False,False,False
5024,CSS_J050809.3-030204,EW,EW,False,False,0.42611758574520603,1.2056137445200301,2164,1023,False,False,False,False
5025,CSS_J101833.7+200222,EW,EW,False,False,0.3934347946211549,1.0369079191057395,3995,4640,False,False,False,False
5026,CSS_J070200.5+500614,EW,EW,False,False,0.37544535014409697,1.064796615188722,5769,3484,False,False,False,False
5027,CSS_J123054.1-154815,RRc,EW,True,False,0.3706020816452496,1.102403664442852,6337,2437,False,False,False,False
5028,CSS_J134017.2-042242,EW,EW,False,False,0.4223030994087587,1.303544244857313,2305,496,False,False,False,False
5029,CSS_J035513.8+201242,EW,EW,False,False,0.39699035514141207,1.0111602389590604,3717,6048,False,False,False,False
5030,CSS_J015641.1-093711,EW,EW,False,False,0.46159813326873944,1.2002749515833124,1170,1065,False,False,False,False
5031,CSS_J040335.7+105757,EW,EW,False,False,0.3588003789863282,0.9957268737174585,7528,6995,False,False,False,False
5032,CSS_J055919.4-022133,EW,EW,False,False,0.40848338142385654,1.0662190091453068,2971,3441,False,False,False,False
5033,CSS_J082841.5+001519,EW,EW,False,False,0.3968267500243081,1.047904513450168,3724,4143,False,False,False,False
5034,CSS_J035224.2+240047,EW,EW,False,False,0.36057683767538595,0.9870310576411419,7367,7482,False,False,False,False
5035,CSS_J161117.5+345320,RRc,RRc,False,False,0.3752355901895598,1.0523455924540417,5801,3966,False,False,False,False
5036,CSS_J151121.8+364203,RRc,RRc,False,False,0.39211412725866146,1.002473914824566,4128,6612,False,False,False,False
5037,CSS_J083043.6+301009,EA,EA,False,False,0.5645690432316959,1.1045344356869555,209,2386,False,False,False,False
5038,CSS_J212542.7+125830,EA,EA,False,False,0.4613358822487782,1.0215349118953496,1173,5422,False,False,False,False
5039,CSS_J022248.1+345741,EW,EW,False,False,0.4033266288344493,0.9900238106039148,3264,7314,False,False,False,False
5040,CSS_J011020.6-142441,RRc,RRc,False,False,0.4367177540771535,1.2450383962396445,1798,758,False,False,False,False
5041,CSS_J230501.5+030257,RRc,RRab,True,False,0.3937649567211247,1.1923706741717648,3964,1118,False,False,False,False
5042,CSS_J141615.3+120621,EW,EW,False,False,0.3589902584008958,1.0243287005475417,7518,5275,False,False,False,False
5043,CSS_J175802.5+485417,EW,EW,False,False,0.47663731572984513,1.3039407631235096,898,494,False,False,False,False
5044,CSS_J053349.9+042240,EW,EW,False,False,0.3810045070726344,1.0272865441800398,5192,5113,False,False,False,False
5045,CSS_J001449.2+223926,RRc,RRc,False,False,0.4153970434860956,1.0910781455909166,2617,2695,False,False,False,False
5046,CSS_J072708.7+371820,EW,EW,False,False,0.40167245262606516,1.0091896798958424,3371,6172,False,False,False,False
5047,CSS_J151414.2-072807,EW,EW,False,False,0.604498854923467,1.718716445118207,123,43,True,True,True,True
5048,CSS_J214616.0+050301,EA,EA,False,False,0.5112912484839327,1.062191558910703,453,3582,False,False,False,False
5049,CSS_J082110.3+191816,EW,EW,False,False,0.3798291899227928,1.035061173680276,5308,4715,False,False,False,False
5050,CSS_J224256.6+190051,EW,EW,False,False,0.3748276723481671,1.2442811913419456,5859,762,False,False,False,False
5051,CSS_J160307.5+191204,EW,EW,False,False,0.34842618353589655,1.0116466093786,8000,6020,False,False,False,False
5052,CSS_J145945.8+540353,RS CVn,EW,True,True,0.3869335244640167,1.4561577449160992,4592,190,False,False,False,False
5053,CSS_J165909.5+004748,EW,EW,False,False,0.4050092053835157,1.053180728527392,3164,3914,False,False,False,False
5054,CSS_J131538.1+223426,RRc,RRc,False,False,0.38343730057265435,1.0084353602888358,4931,6232,False,False,False,False
5055,CSS_J171421.8+144542,RRc,EW,True,False,0.4825740782127712,1.084699514418128,795,2869,False,False,False,False
5056,CSS_J162647.0+001421,EW,EW,False,False,0.42146605670734527,0.9900426376338982,2338,7312,False,False,False,False
5057,CSS_J003019.9+164513,EA,EA,False,False,0.4401752264580722,1.050836493525201,1681,4028,False,False,False,False
5058,CSS_J150359.3+052946,EW,EW,False,False,0.35656244443522517,1.004074927942455,7694,6512,False,False,False,False
5059,CSS_J141212.7-160600,RS CVn,EW,True,True,0.4523083192205255,1.4848667710894516,1366,151,False,True,False,False
5060,CSS_J150458.5-122707,RRab,RRab,False,False,0.5438413263500818,0.9903409198838423,285,7302,False,False,False,False
5061,CSS_J123244.7+090010,EW,EW,False,False,0.3948450254069994,1.0833887887498281,3879,2898,False,False,False,False
5062,CSS_J035305.2+125844,EW,EW,False,False,0.4096452118873253,0.999806807626886,2912,6774,False,False,False,False
5063,CSS_J233511.5+003256,EA,EA,False,False,0.433370657169252,0.9959317811378254,1905,6982,False,False,False,False
5064,CSS_J130623.4-124148,EW,RRc,True,False,0.41456693768884245,1.3560309901761358,2651,342,False,False,False,False
5065,CSS_J052217.0-043044,RRc,EW,True,False,0.43369903788077674,0.9847292184044237,1891,7605,False,False,False,False
5066,CSS_J160032.7+343426,EW,RRc,True,False,0.3976978041133986,1.0790756715217085,3665,3036,False,False,False,False
5067,CSS_J045823.4+102215,EW,EW,False,False,0.3600785252021041,1.0185289253121463,7412,5589,False,False,False,False
5068,CSS_J063316.6+534146,EW,EW,False,False,0.4333340202631537,1.0184498888393112,1906,5596,False,False,False,False
5069,CSS_J121627.2+464111,EW,EW,False,False,0.3566741374523469,1.0014010181743076,7688,6676,False,False,False,False
5070,CSS_J090653.2+520520,EA,EA,False,False,0.45832153517079804,1.0505762623144432,1245,4036,False,False,False,False
5071,CSS_J032634.1+255207,EW,EW,False,False,0.3858434019380744,1.167483734525951,4688,1379,False,False,False,False
5072,CSS_J172537.4+115233,RS CVn,EW,True,True,0.3611028802402782,1.0788595762038136,7313,3045,False,False,False,False
5073,CSS_J204211.7-123051,RS CVn,EW,True,True,0.384898663677004,1.0879229351821889,4780,2780,False,False,False,False
5074,CSS_J220600.9+133211,EW,EW,False,False,0.3570707258325434,1.012684866329497,7660,5937,False,False,False,False
5075,CSS_J223702.0+075718,EW,EW,False,False,0.37676951880763426,1.1494459098699423,5624,1609,False,False,False,False
5076,CSS_J065701.5+365255,EW,EW,False,False,0.3838721791978527,1.055146559764423,4889,3833,False,False,False,False
5077,CSS_J145438.0-051811,RRab,RRab,False,False,0.4939805622620256,1.0285801042917297,628,5041,False,False,False,False
5078,CSS_J110615.5+015118,RRc,EW,True,False,0.3641007907706256,1.007720132623564,7012,6276,False,False,False,False
5079,CSS_J034319.0-064048,EW,EW,False,False,0.3956123558022716,1.0110488350191085,3819,6055,False,False,False,False
5080,CSS_J154051.2+534158,EW,EW,False,False,0.35330611311903826,0.9847710633802335,7898,7603,False,False,False,False
5081,CSS_J150739.4-182822,RRc,RRc,False,False,0.41650738922857944,1.0988816569470008,2562,2526,False,False,False,False
5082,CSS_J150455.2+354757,LPV,LPV,False,False,0.715954229183651,1.006879813613021,29,6327,True,False,False,False
5083,CSS_J002511.2+413358,EW,EW,False,False,0.36323697044786313,1.0000830435024621,7097,6760,False,False,False,False
5084,CSS_J050101.8+241700,RS CVn,EW,True,True,0.41135206539144814,1.0980655804007056,2835,2549,False,False,False,False
5085,CSS_J045333.6+225616,EW,EW,False,False,0.3917901716421983,1.0250291060356862,4164,5242,False,False,False,False
5086,CSS_J213415.1+075248,EW,EW,False,False,0.5243754243223601,1.2774353583718998,378,599,False,False,False,False
5087,CSS_J224759.9+274323,EW,EW,False,False,0.39040157268076847,1.0525393649415684,4290,3953,False,False,False,False
5088,CSS_J204603.1-032804,EW,EW,False,False,0.40221286270537554,1.1293608265412571,3338,1903,False,False,False,False
5089,CSS_J214124.7-133903,EW,EW,False,False,0.38471397474646446,1.0675821485722894,4797,3384,False,False,False,False
5090,CSS_J093743.3+520741,EW,EW,False,False,0.3839111008161173,1.0981759511742097,4879,2547,False,False,False,False
5091,CSS_J143440.1-063725,RS CVn,EW,True,True,0.4203658131589683,1.1339084144597715,2389,1833,False,False,False,False
5092,CSS_J121146.1+195740,LPV,LPV,False,False,0.6409054713075697,0.9880348652451467,89,7424,True,False,False,False
5093,CSS_J211737.5+080619,EW,EW,False,False,0.4339459565765053,1.0119878797420567,1883,5991,False,False,False,False
5094,CSS_J082500.3+341932,EW,EW,False,False,0.3544539884279761,1.0361102797014903,7826,4674,False,False,False,False
5095,CSS_J163144.0+101418,EW,EW,False,False,0.3572768763815372,0.9869953600260539,7637,7485,False,False,False,False
5096,CSS_J080420.7+060120,EA,EW,True,False,0.43480742733314204,1.0290468629657785,1855,5012,False,False,False,False
5097,CSS_J062819.8+622908,EW,EW,False,False,0.3684331016054112,1.1344602998413795,6562,1823,False,False,False,False
5098,CSS_J223309.4+195420,EA,EW,True,False,0.43633123730252543,1.014972360741316,1810,5799,False,False,False,False
5099,CSS_J094555.8-033050,EW,EW,False,False,0.36010186267857386,0.9905235534702147,7407,7290,False,False,False,False
5100,CSS_J164527.5+014301,EA,EA,False,False,0.42278303458865646,0.9963640741395834,2286,6960,False,False,False,False
5101,CSS_J142939.2+255951,RRc,EW,True,False,0.46409231849976906,1.299125863821483,1119,518,False,False,False,False
5102,CSS_J170341.2+493324,RRc,RRc,False,False,0.375365862434181,1.1068739365731781,5779,2334,False,False,False,False
5103,CSS_J114103.7+522357,RRc,RRc,False,False,0.3955782086481759,1.0151939683933822,3826,5788,False,False,False,False
5104,CSS_J170505.6+055951,EW,EW,False,False,0.4296201949034647,1.0847310194475277,2013,2868,False,False,False,False
5105,CSS_J000639.4+293459,EA,EA,False,False,0.41192378264212215,0.9848097956540313,2798,7602,False,False,False,False
5106,CSS_J164658.0+142533,EW,EW,False,False,0.4217064788227913,1.0250968958914857,2326,5238,False,False,False,False
5107,CSS_J090304.7+002008,EW,EW,False,False,0.5090174635510729,1.7156879149760254,472,45,False,True,False,False
5108,CSS_J122228.3-045309,EW,EW,False,False,0.387199430242838,1.0606550803773265,4566,3630,False,False,False,False
5109,CSS_J045754.5-125708,EW,EW,False,False,0.37703950248934803,1.0939833855604133,5585,2618,False,False,False,False
5110,CSS_J102751.4-103800,EW,EW,False,False,0.38762374134880023,1.0522924828680045,4524,3967,False,False,False,False
5111,CSS_J130539.4+101736,RS CVn,EW,True,True,0.38905998196125224,1.0219030366479545,4411,5396,False,False,False,False
5112,CSS_J105501.3+102009,EW,EW,False,False,0.38861187958019383,1.0094829717985883,4452,6152,False,False,False,False
5113,CSS_J145544.6+340616,LPV,LPV,False,False,0.5792285290427112,1.0097237013297304,176,6131,False,False,False,False
5114,CSS_J224516.7+262842,EW,EW,False,False,0.36405086641265577,1.0876630477261766,7023,2787,False,False,False,False
5115,CSS_J103704.9-103740,EW,EW,False,False,0.7112266163757833,3.43000185752064,30,1,True,True,True,True
5116,CSS_J085132.6+311916,EW,EW,False,False,0.3641188008232352,1.003565388306888,7007,6547,False,False,False,False
5117,CSS_J183023.5+345612,EW,EW,False,False,0.3827031566857395,1.052485632736305,4992,3958,False,False,False,False
5118,CSS_J021625.9-045213,EW,EW,False,False,0.39604582346354117,1.0301609255971231,3791,4968,False,False,False,False
5119,CSS_J204509.1-044739,EW,EW,False,False,0.37998109165588934,1.076553073708419,5293,3114,False,False,False,False
5120,CSS_J084813.1+084201,EW,EW,False,False,0.37647021460058,1.0477461175777043,5648,4153,False,False,False,False
5121,CSS_J032827.4+284942,EW,EW,False,False,0.4132035717862337,1.1728419569744026,2732,1309,False,False,False,False
5122,CSS_J060128.0-152839,EW,EW,False,False,0.35055703175883746,1.0049932149855438,7992,6449,False,False,False,False
5123,CSS_J023127.2-172751,EW,EW,False,False,0.40879328307419077,0.9991217652516167,2958,6810,False,False,False,False
5124,CSS_J175954.4+644414,RRab,RRc,True,False,0.3655128398513645,1.1683191834462174,6881,1363,False,False,False,False
5125,CSS_J211440.7+053000,EW,EW,False,False,0.5125242471766684,1.1646917828829229,445,1418,False,False,False,False
5126,CSS_J034135.2+175833,EW,EW,False,False,0.39391789163874047,0.9614417962611957,3951,7995,False,False,False,False
5127,CSS_J104941.2-142927,EW,EW,False,False,0.4424168097455566,1.1840373160810473,1614,1198,False,False,False,False
5128,CSS_J231720.4+301817,EA,EW,True,False,0.39480676653655117,1.0279882804980571,3887,5073,False,False,False,False
5129,CSS_J021300.9-191606,EW,EW,False,False,0.40329771647957713,1.0987097140771607,3268,2530,False,False,False,False
5130,CSS_J025126.2+302915,EW,EW,False,False,0.3799850843675861,1.070374846832356,5292,3288,False,False,False,False
5131,CSS_J171959.3+144821,EW,EW,False,False,0.3539559178655325,1.0501297482733025,7858,4059,False,False,False,False
5132,CSS_J150426.8-142505,EW,RRc,True,False,0.37683440107770616,1.0587689193302319,5611,3700,False,False,False,False
5133,CSS_J042140.3+173436,EA,EA,False,False,0.44404862655172517,0.986204428756111,1569,7535,False,False,False,False
5134,CSS_J040411.4+184210,EW,EW,False,False,0.4063454346274264,1.059985489493416,3080,3654,False,False,False,False
5135,CSS_J012254.6-121312,EW,EW,False,False,0.38900532077245187,1.137195347131288,4418,1777,False,False,False,False
5136,CSS_J160323.4+012420,EW,EW,False,False,0.3511983842319443,1.017515097483471,7981,5664,False,False,False,False
5137,CSS_J145325.5-160025,EW,EW,False,False,0.4096277689572575,1.1237678449006059,2914,1999,False,False,False,False
5138,CSS_J141330.8-032358,EW,EW,False,False,0.3581483965585192,1.0816069779730493,7579,2954,False,False,False,False
5139,CSS_J223442.2+072335,EA,EA,False,False,0.4561024589836266,0.9823239653796026,1299,7701,False,False,False,False
5140,CSS_J000427.4+440349,RRab,EW,True,False,0.4292112964305694,1.4690204336060042,2027,168,False,False,False,False
5141,CSS_J013919.7+235911,EW,EW,False,False,0.37333044331314247,0.9834435716913428,6042,7655,False,False,False,False
5142,CSS_J220021.2+215122,RRc,EW,True,False,0.39518548558170385,0.9957346461448235,3851,6994,False,False,False,False
5143,CSS_J225440.4+362222,EW,EW,False,False,0.37031732106143395,1.0629614249541532,6368,3547,False,False,False,False
5144,CSS_J165059.6+110708,RRc,RRc,False,False,0.40160268222858664,1.1225760986628999,3374,2018,False,False,False,False
5145,CSS_J022112.1+373529,EW,EW,False,False,0.37719544336806043,1.0158418930122153,5562,5748,False,False,False,False
5146,CSS_J052229.1+021829,RS CVn,EW,True,True,0.4110401095339573,1.0887888173780107,2849,2757,False,False,False,False
5147,CSS_J031641.4-045509,EA,EA,False,False,0.4449684343653727,1.0938349193826462,1556,2624,False,False,False,False
5148,CSS_J092548.1-153524,EW,EW,False,False,0.3962027429272762,1.161306926740033,3773,1460,False,False,False,False
5149,CSS_J081159.2+220210,EW,EW,False,False,0.37146347154461573,1.0115995560635251,6246,6026,False,False,False,False
5150,CSS_J151348.4+123211,EW,EW,False,False,0.40721411282109854,1.1171490216867341,3033,2135,False,False,False,False
5151,CSS_J045757.2-065437,EW,EW,False,False,0.390997424157304,1.0083250472306196,4230,6238,False,False,False,False
5152,CSS_J215956.1+042017,EW,EW,False,False,0.3918133966449191,1.0285086561811048,4162,5047,False,False,False,False
5153,CSS_J220239.5+224211,EW,EW,False,False,0.36215467379262284,1.0035306773613921,7214,6549,False,False,False,False
5154,CSS_J044906.7+091822,EW,EW,False,False,0.4286213263763621,1.1058378078332036,2050,2357,False,False,False,False
5155,CSS_J063317.0+402530,EW,EW,False,False,0.3796197210971703,1.0136233230951563,5329,5885,False,False,False,False
5156,CSS_J074305.8+361804,EW,EW,False,False,0.5112840441862896,1.0840729501372977,454,2881,False,False,False,False
5157,CSS_J180655.0+382416,EW,EW,False,False,0.3856762216547819,1.1024260533746995,4704,2436,False,False,False,False
5158,CSS_J040228.6+332108,EW,EW,False,False,0.39429316408538007,1.2055533327860033,3925,1024,False,False,False,False
5159,CSS_J122711.6+431159,RRc,RRc,False,False,0.3607899561120884,1.002690523204407,7345,6596,False,False,False,False
5160,CSS_J165547.5+530006,EW,EW,False,False,0.45943320412969385,1.005988116904218,1214,6383,False,False,False,False
5161,CSS_J155306.8+171656,EW,RS CVn,True,False,0.40362390650488994,1.0226070685179445,3250,5361,False,False,False,False
5162,CSS_J094409.6+413908,EW,EW,False,False,0.36729512502501466,1.0329655619782876,6683,4823,False,False,False,False
5163,CSS_J043214.1+042658,EW,EW,False,False,0.3790107209715227,1.01951351969613,5383,5530,False,False,False,False
5164,CSS_J044101.0-140231,RS CVn,EW,True,True,0.37361750223368323,1.1979856405187264,6007,1078,False,False,False,False
5165,CSS_J163322.3+282025,EW,EW,False,False,0.45155257673766336,1.0473542664978126,1384,4172,False,False,False,False
5166,CSS_J065550.7+354012,EW,EW,False,False,0.4026972155918785,1.055041687731015,3310,3839,False,False,False,False
5167,CSS_J042022.2+084140,EW,EW,False,False,0.36553298790595423,1.0503890666744702,6879,4045,False,False,False,False
5168,CSS_J165523.7+573029,RRc,RRc,False,False,0.44068119108108383,1.1701666667024884,1663,1337,False,False,False,False
5169,CSS_J152038.2+073821,EW,EW,False,False,0.35995712146729675,1.021281787917291,7425,5440,False,False,False,False
5170,CSS_J071925.2+533235,EW,EW,False,False,0.36472781354957784,1.0248610649043395,6960,5249,False,False,False,False
5171,CSS_J160431.0-020927,RRc,RRc,False,False,0.3994836064065274,1.0509999533196468,3545,4019,False,False,False,False
5172,CSS_J075726.3+231402,EW,EW,False,False,0.3783203528256932,0.9995131317358759,5445,6789,False,False,False,False
5173,CSS_J151528.7+064139,EW,EW,False,False,0.38215573340121733,1.2816301832773616,5050,584,False,False,False,False
5174,CSS_J130159.5+625043,EW,EW,False,False,0.3527504818785246,0.9832587784313267,7933,7666,False,False,False,False
5175,CSS_J032815.5-131055,EW,EW,False,False,0.4049483849419162,1.2312935823200168,3171,826,False,False,False,False
5176,CSS_J170957.3+394550,EW,EW,False,False,0.6755147518700286,1.1193147928279221,59,2093,True,False,False,False
5177,CSS_J001748.1+403356,EA,EA,False,False,0.46362742610614394,1.1475167716299324,1133,1639,False,False,False,False
5178,CSS_J031410.4+262919,EA,EA,False,False,0.463837131748482,1.0585644698151317,1126,3710,False,False,False,False
5179,CSS_J234125.9-102625,EW,EW,False,False,0.43133234118796177,1.0858761639950116,1967,2837,False,False,False,False
5180,CSS_J044327.1+000717,EW,EW,False,False,0.37321564853550226,1.1378421671433094,6056,1764,False,False,False,False
5181,CSS_J230838.0+345346,EW,EW,False,False,0.39185066580646594,1.0749734104875484,4156,3152,False,False,False,False
5182,CSS_J124948.6+241455,RRc,RRc,False,False,0.49660296799864034,1.1011775838594757,594,2468,False,False,False,False
5183,CSS_J075929.9+401945,EW,EW,False,False,0.39656364510010306,1.4219556191733338,3744,227,False,False,False,False
5184,CSS_J230614.3+171829,EW,EW,False,False,0.37919992784045264,1.1462040841275472,5374,1653,False,False,False,False
5185,CSS_J170735.2+072433,EW,EW,False,False,0.39198540193142684,1.0314409971961334,4144,4905,False,False,False,False
5186,CSS_J110013.7-090308,RRc,RRc,False,False,0.38733303572150996,1.0279596416601358,4553,5076,False,False,False,False
5187,CSS_J042959.5+243307,RS CVn,EW,True,True,0.5973876540428084,1.6552677373252735,135,56,True,True,True,False
5188,CSS_J020840.3+251305,RRc,RRc,False,False,0.4059844753023394,1.134326107523615,3107,1829,False,False,False,False
5189,CSS_J175652.3+574659,EW,EW,False,False,0.39498476165841334,1.0157159482571605,3871,5757,False,False,False,False
5190,CSS_J071736.8+374230,EA,EA,False,False,0.42874323007163645,1.0097535095325985,2040,6130,False,False,False,False
5191,CSS_J061146.3-060949,EW,EW,False,False,0.46477967507982454,1.007684437600613,1110,6279,False,False,False,False
5192,CSS_J003129.9+313149,EW,EW,False,False,0.4481293867094759,1.038632090495058,1468,4557,False,False,False,False
5193,CSS_J032717.2+344037,EW,EW,False,False,0.3905245163038496,1.1043259775513474,4274,2390,False,False,False,False
5194,CSS_J051501.1-021950,EW,EW,False,False,0.3674383416015414,1.0950721726043666,6666,2602,False,False,False,False
5195,CSS_J084427.0+125231,EW,EW,False,False,0.4780339189828125,1.2105619890945554,871,980,False,False,False,False
5196,CSS_J043013.1+334404,EW,EW,False,False,0.3558142512082554,1.0616214593441733,7743,3598,False,False,False,False
5197,CSS_J025132.5+260741,EW,EW,False,False,0.4345852423578369,1.2180995305385856,1863,922,False,False,False,False
5198,CSS_J214633.9+050539,EW,EW,False,False,0.36174962166865854,1.0498863327363426,7247,4065,False,False,False,False
5199,CSS_J023017.4+242553,EW,EW,False,False,0.4612064475409422,1.1337572206102555,1180,1836,False,False,False,False
5200,CSS_J034329.9+220155,EW,EW,False,False,0.426655399502577,1.0477390904928972,2141,4154,False,False,False,False
5201,CSS_J213654.9+161248,EA,EW,True,False,0.5420841151983762,1.3505599322182529,292,354,False,False,False,False
5202,CSS_J075207.5+301745,EW,EW,False,False,0.4730855550046184,1.2701893343650466,958,633,False,False,False,False
5203,CSS_J093030.9+574553,EW,EW,False,False,0.5774528715396973,1.5142063407920106,184,132,False,True,False,False
5204,CSS_J083336.9+180944,EW,EW,False,False,0.37588263195553234,1.0872074920480874,5720,2795,False,False,False,False
5205,CSS_J081402.9+054904,EW,EW,False,False,0.3870910183059176,1.0392037608876963,4578,4534,False,False,False,False
5206,CSS_J132312.9+133638,EW,EW,False,False,0.5050913241987472,1.1402812367702642,511,1730,False,False,False,False
5207,CSS_J160209.3-123408,RRab,RRab,False,False,0.490264817088246,1.160644253689453,676,1468,False,False,False,False
5208,CSS_J051400.1-172027,RRab,RRab,False,False,0.42559885592769897,0.9865230119051631,2183,7511,False,False,False,False
5209,CSS_J044003.3+083449,EW,EW,False,False,0.4099344329520548,1.0380574637022693,2898,4583,False,False,False,False
5210,CSS_J135555.6+124647,EW,EW,False,False,0.38040477607523254,1.0538657279807775,5248,3886,False,False,False,False
5211,CSS_J230902.5+355639,EW,EW,False,False,0.45288758369868615,1.0293966462792994,1360,4995,False,False,False,False
5212,CSS_J022753.1+380929,EW,EW,False,False,0.38854174689743187,1.0530931220478987,4457,3920,False,False,False,False
5213,CSS_J165957.0+051801,EW,EW,False,False,0.36155798104631026,1.1052592656879197,7270,2371,False,False,False,False
5214,CSS_J030042.0+124257,EA,EA,False,False,0.49446933185593805,1.1598390391694609,624,1480,False,False,False,False
5215,CSS_J082202.7+040842,EW,EW,False,False,0.5077898885602741,1.1345573492071213,491,1822,False,False,False,False
5216,CSS_J072120.9+401110,EW,EW,False,False,0.47598135980051415,1.1443746142372713,908,1679,False,False,False,False
5217,CSS_J180053.4+304103,EW,EW,False,False,0.3710509065482275,1.0116806684407695,6293,6014,False,False,False,False
5218,CSS_J212940.2+084854,EA,EA,False,False,0.4790615400533862,0.9949910323222761,847,7036,False,False,False,False
5219,CSS_J202354.0-181748,RRc,RRc,False,False,0.40823096084207444,1.1152192303097184,2985,2170,False,False,False,False
5220,CSS_J011353.7+375707,RS CVn,EW,True,True,0.3845755834583317,1.022275327896268,4815,5382,False,False,False,False
5221,CSS_J065531.5+450434,EW,EW,False,False,0.375364664807307,1.0810889804220296,5780,2973,False,False,False,False
5222,CSS_J051621.6-184837,EW,EW,False,False,0.3562343388874688,1.026633473635368,7714,5150,False,False,False,False
5223,CSS_J082612.0+320003,EW,EW,False,False,0.369758860219417,1.0520607363306191,6418,3975,False,False,False,False
5224,CSS_J144801.8-141440,RRab,RRab,False,False,0.460705420540853,1.0886127149838585,1190,2762,False,False,False,False
5225,CSS_J094715.9-063423,EW,EW,False,False,0.3586106032843662,1.0781678647998505,7544,3059,False,False,False,False
5226,CSS_J043325.6+391652,EW,EW,False,False,0.3906585267369331,0.9586918733102664,4260,7998,False,False,False,False
5227,CSS_J161859.4+155952,EW,EW,False,False,0.3641525221380106,1.0714301035051945,7005,3249,False,False,False,False
5228,CSS_J102052.3-035819,RRc,EW,True,False,0.3843272533242678,1.0127204847906355,4833,5934,False,False,False,False
5229,CSS_J141428.9-040852,RRab,RRab,False,False,0.5464908848991078,1.0338892762623682,271,4782,False,False,False,False
5230,CSS_J122325.7-061008,EW,EW,False,False,0.4046101389302821,1.0314642755131442,3192,4904,False,False,False,False
5231,CSS_J103314.7+011703,RRc,RRc,False,False,0.405653942665655,1.3411794475695717,3117,380,False,False,False,False
5232,CSS_J020428.7+381426,EW,EW,False,False,0.3819157837937339,1.0887569991537467,5079,2758,False,False,False,False
5233,CSS_J041516.1+295849,EW,EA,True,False,0.4026705483934741,0.994966698463888,3313,7037,False,False,False,False
5234,CSS_J155606.1+000325,RRc,RRc,False,False,0.3831309161434807,1.011539280906892,4963,6029,False,False,False,False
5235,CSS_J172001.9+394541,RRc,RRc,False,False,0.3676323463612565,0.9921613452109608,6646,7192,False,False,False,False
5236,CSS_J213131.7+011824,EA,EA,False,False,0.5521738892591839,1.0028503447024588,245,6585,False,False,False,False
5237,CSS_J220638.0+060322,EW,EW,False,False,0.4184732702138518,0.9965541089967335,2474,6948,False,False,False,False
5238,CSS_J203013.5-041711,EW,EW,False,False,0.38423365758666517,1.0228415542653984,4843,5350,False,False,False,False
5239,CSS_J024932.6+281632,EA,EA,False,False,0.47258684429668796,0.9969019453595143,967,6921,False,False,False,False
5240,CSS_J090846.2-011956,EW,EW,False,False,0.37692567281966,1.0883620876432982,5603,2766,False,False,False,False
5241,CSS_J091404.1+382649,RRab,RRc,True,False,0.4330838696287056,0.9783053251126412,1916,7829,False,False,False,False
5242,CSS_J084738.3+012804,EW,EW,False,False,0.42717881182138184,1.1090490435166154,2109,2291,False,False,False,False
5243,CSS_J232457.9+271408,EW,EW,False,False,0.36981725219755673,1.1379488909136775,6414,1760,False,False,False,False
5244,CSS_J133517.6-061753,EW,EW,False,False,0.3600369659838488,1.043292780277073,7416,4352,False,False,False,False
5245,CSS_J090716.4+092030,EW,EW,False,False,0.3986620642985949,1.1190927699115516,3599,2095,False,False,False,False
5246,CSS_J163708.4+370135,EW,EA,True,False,0.4718084142381176,1.0460631285747686,990,4232,False,False,False,False
5247,CSS_J134058.5+393616,EW,EW,False,False,0.3702559761415196,0.9862006124013561,6372,7536,False,False,False,False
5248,CSS_J223047.6+044542,RRc,RRc,False,False,0.3767954656953733,0.9885102949270486,5619,7399,False,False,False,False
5249,CSS_J045928.3+141623,EW,RS CVn,True,False,0.39677483415810755,1.0394269747310043,3728,4521,False,False,False,False
5250,CSS_J164542.9+145814,RRc,RRc,False,False,0.389216210739641,1.0152588190568426,4395,5785,False,False,False,False
5251,CSS_J053524.0-112121,EW,EW,False,False,0.3827980898693414,0.9911012743381076,4986,7261,False,False,False,False
5252,CSS_J082029.3+103802,EW,EW,False,False,0.39039093946703074,1.03043760757758,4293,4959,False,False,False,False
5253,CSS_J034818.2+304607,EW,EW,False,False,0.4094733830635924,0.9848306477287284,2919,7600,False,False,False,False
5254,CSS_J110028.4-134024,EW,EW,False,False,0.43058367728164165,1.1882759099836042,1989,1151,False,False,False,False
5255,CSS_J163613.4+053022,EW,EW,False,False,0.4017825929433353,1.1046357212488433,3363,2383,False,False,False,False
5256,CSS_J052700.6-061029,EW,EW,False,False,0.37429685026179715,1.0172655749733697,5930,5682,False,False,False,False
5257,CSS_J164834.2+174459,RRc,RRc,False,False,0.3837328420211386,1.051182867057301,4901,4006,False,False,False,False
5258,CSS_J024252.6+142659,EW,EW,False,False,0.42109114131893544,1.1265201816632906,2361,1952,False,False,False,False
5259,CSS_J084336.8+074912,EW,EW,False,False,0.3820545135501419,1.028536986903087,5060,5045,False,False,False,False
5260,CSS_J111635.3+082308,EW,EW,False,False,0.3786758295924248,0.9950959211905165,5410,7027,False,False,False,False
5261,CSS_J105221.1+432719,EW,EW,False,False,0.3606034152943672,0.979898559825035,7362,7775,False,False,False,False
5262,CSS_J005024.0-145516,EW,RRc,True,False,0.3683841543013975,1.203613838226112,6570,1042,False,False,False,False
5263,CSS_J171301.7+322559,EW,EW,False,False,0.4170709424683412,0.9936910883261764,2536,7108,False,False,False,False
5264,CSS_J090500.0+153137,EW,EW,False,False,0.3764064993536895,1.0120654487954266,5661,5982,False,False,False,False
5265,CSS_J174715.0+504108,EA,EA,False,False,0.5854530599224499,1.0516480895625206,166,3988,False,False,False,False
5266,CSS_J160054.8+084625,EW,EW,False,False,0.3954983274150114,1.032035884534089,3833,4881,False,False,False,False
5267,CSS_J045156.7-093905,EW,EW,False,False,0.40825831918623406,1.1717332744491942,2984,1323,False,False,False,False
5268,CSS_J062601.4+551918,EW,EW,False,False,0.41102985261613706,1.0853598671817672,2850,2852,False,False,False,False
5269,CSS_J070000.7+393605,RRc,EW,True,False,0.389029356745084,1.0869870304239948,4415,2807,False,False,False,False
5270,CSS_J214652.6+243317,EW,RRc,True,False,0.360883371417201,1.2200548109559164,7335,906,False,False,False,False
5271,CSS_J110923.8+171904,EA,EA,False,False,0.5142828657058572,1.0798896449305821,429,3004,False,False,False,False
5272,CSS_J045952.2+033344,EW,EW,False,False,0.3754298750873859,1.158568327428672,5770,1490,False,False,False,False
5273,CSS_J042653.0+390351,EW,EW,False,False,0.3880689413208867,1.0877043198954357,4496,2786,False,False,False,False
5274,CSS_J225140.8-103006,EW,EW,False,False,0.3848415680200586,1.1108814388300114,4784,2253,False,False,False,False
5275,CSS_J131438.2+054214,EW,EW,False,False,0.3669438660635635,1.005948117136317,6722,6389,False,False,False,False
5276,CSS_J025648.4+334208,EW,EW,False,False,0.4455965585997881,0.9937518588310708,1533,7104,False,False,False,False
5277,CSS_J041046.6+255517,EW,EW,False,False,0.39527764372229235,0.9921593968237465,3845,7193,False,False,False,False
5278,CSS_J092631.4-014206,EW,EA,True,False,0.4759438063125473,1.1140553960938915,910,2193,False,False,False,False
5279,CSS_J032431.7-170139,EW,EW,False,False,0.4067481992542319,1.0559774340955517,3061,3801,False,False,False,False
5280,CSS_J092359.4+180930,RRc,RRc,False,False,0.41318302465135415,1.0153000899327016,2733,5781,False,False,False,False
5281,CSS_J140419.1-161638,EW,EW,False,False,0.3736333197755729,1.0399820131884139,6005,4495,False,False,False,False
5282,CSS_J053934.2+050131,EA,EA,False,False,0.5913884496537724,1.027461442460782,149,5102,True,False,False,False
5283,CSS_J062032.4-092151,EW,EW,False,False,0.370588200452357,1.0576358782987356,6340,3743,False,False,False,False
5284,CSS_J084011.2+005702,EA,EA,False,False,0.41619377123953794,1.0296620181702743,2573,4983,False,False,False,False
5285,CSS_J202435.4-130234,EW,EW,False,False,0.37005330882111176,0.9750620379026254,6394,7879,False,False,False,False
5286,CSS_J222757.8+245555,EW,EW,False,False,0.36376437241921844,1.0064990304933095,7049,6353,False,False,False,False
5287,CSS_J003734.1+144612,EW,EW,False,False,0.39309279254436713,1.0100431651325437,4028,6116,False,False,False,False
5288,CSS_J224857.3+160444,EA,EA,False,False,0.48574615593778797,1.2722090207787022,747,624,False,False,False,False
5289,CSS_J052950.9+125658,EW,EW,False,False,0.3591884722467354,0.987006591920849,7500,7483,False,False,False,False
5290,CSS_J014327.8+383239,EW,EW,False,False,0.4583683136062271,1.0806453285790911,1242,2979,False,False,False,False
5291,CSS_J164535.1+273815,EW,EW,False,False,0.39222324481865484,1.001121165001013,4119,6692,False,False,False,False
5292,CSS_J113432.1-053834,RRc,RRc,False,False,0.41727945046136405,1.2655291071392325,2526,652,False,False,False,False
5293,CSS_J155010.3+513150,EW,EW,False,False,0.3897556217158008,0.9995957221149752,4348,6785,False,False,False,False
5294,CSS_J091621.9-060913,EW,EW,False,False,0.3596397884376882,0.9948272992324123,7458,7050,False,False,False,False
5295,CSS_J151807.3-161901,EW,RRab,True,False,0.6001661212554252,1.7810813718485066,132,33,True,True,True,False
5296,CSS_J091352.0+025734,EW,EW,False,False,0.47691806875506976,1.1601682959248738,893,1477,False,False,False,False
5297,CSS_J100915.2-125517,EW,EW,False,False,0.4459502129129333,1.1305359907170003,1521,1886,False,False,False,False
5298,CSS_J015623.7-094127,RRc,RRc,False,False,0.39065275766952806,1.0449633609174769,4263,4281,False,False,False,False
5299,CSS_J124511.3-092605,RRc,RRc,False,False,0.4080780811827999,1.096743113781962,2998,2575,False,False,False,False
5300,CSS_J051526.7+155735,RS CVn,EW,True,True,0.4180588461778714,1.030913309985501,2487,4930,False,False,False,False
5301,CSS_J150511.4-110719,LPV,LPV,False,False,0.5143783502644731,1.0537594910685342,428,3890,False,False,False,False
5302,CSS_J153742.0+154649,RRc,EW,True,False,0.47869365221947735,1.0666021672147603,861,3424,False,False,False,False
5303,CSS_J212847.9-144335,EW,EW,False,False,0.3800778546186215,1.0304674374293001,5278,4953,False,False,False,False
5304,CSS_J005043.6+291530,EW,EW,False,False,0.36235827511639246,0.9663735566644851,7192,7980,False,False,False,False
5305,CSS_J231414.5+090111,EW,EW,False,False,0.36610054226992295,1.021786166711242,6807,5405,False,False,False,False
5306,CSS_J003336.7+025920,EW,EW,False,False,0.3717311947255054,1.1250339053947542,6225,1979,False,False,False,False
5307,CSS_J004155.1+180916,EW,EW,False,False,0.3989872117085452,1.095168368062787,3570,2598,False,False,False,False
5308,CSS_J001312.9+075804,EA,EA,False,False,0.6372603485486382,1.4434615648257578,91,203,True,False,False,False
5309,CSS_J045200.5+032258,EW,EW,False,False,0.36732481097761555,1.0090803903938417,6678,6180,False,False,False,False
5310,CSS_J212726.3+160714,EW,EW,False,False,0.3602054107465247,1.0144043882959473,7399,5842,False,False,False,False
5311,CSS_J004914.1+181152,RRc,EW,True,False,0.3705262909719092,1.1466487223743496,6348,1649,False,False,False,False
5312,CSS_J203454.3-193450,EW,EW,False,False,0.42071565277486117,1.0394996567262007,2376,4515,False,False,False,False
5313,CSS_J045840.2+144953,EW,EW,False,False,0.35533096515529355,1.0058280255278844,7776,6400,False,False,False,False
5314,CSS_J222138.7+303356,EA,EA,False,False,0.4036933285156673,0.9853030042678272,3248,7576,False,False,False,False
5315,CSS_J102142.0+093238,EW,EW,False,False,0.3784086596177568,1.1658660289825178,5429,1398,False,False,False,False
5316,CSS_J143136.4-131636,EW,EW,False,False,0.36224283800224755,0.9975104206492711,7204,6897,False,False,False,False
5317,CSS_J061106.6-045503,EW,EW,False,False,0.3634978341431412,0.9925373607133388,7070,7166,False,False,False,False
5318,CSS_J030947.4+321422,EW,EW,False,False,0.3592704940252894,1.02794452756514,7494,5077,False,False,False,False
5319,CSS_J151840.2+145903,LPV,LPV,False,False,0.6768759841190586,0.999377663747546,57,6797,True,False,False,False
5320,CSS_J043620.0-045732,EA,EA,False,False,0.46852342612630216,1.0668960731935844,1043,3411,False,False,False,False
5321,CSS_J040546.2+260750,EW,EW,False,False,0.375206797107004,1.3381495839947164,5811,389,False,False,False,False
5322,CSS_J094707.6+335133,EA,EA,False,False,0.5694364222420297,1.4510327820296631,201,199,False,False,False,False
5323,CSS_J004409.2-060243,EW,EW,False,False,0.36130671731074054,1.0025310288509797,7291,6607,False,False,False,False
5324,CSS_J103450.9+255957,EA,EA,False,False,0.5359249482912216,1.1403096103894177,323,1728,False,False,False,False
5325,CSS_J022807.5+370310,EW,EW,False,False,0.3642975583436341,1.0621679569110378,6991,3585,False,False,False,False
5326,CSS_J054734.3-184408,EA,EA,False,False,0.4685974555353115,1.4196222697574767,1041,229,False,False,False,False
5327,CSS_J214848.7+021853,EW,EW,False,False,0.35709263307538935,1.128751395273858,7657,1916,False,False,False,False
5328,CSS_J214305.6+142620,EW,EW,False,False,0.36795337400213696,1.0184965993881212,6617,5591,False,False,False,False
5329,CSS_J041556.0+300749,EW,EW,False,False,0.3970835218697589,1.019713688811247,3709,5520,False,False,False,False
5330,CSS_J033522.4+272727,EW,EW,False,False,0.4154094009349242,1.1499028129993505,2616,1602,False,False,False,False
5331,CSS_J163402.6+562213,EW,EW,False,False,0.4000797748483224,1.0524614581626328,3494,3960,False,False,False,False
5332,CSS_J050826.8+170551,EW,EW,False,False,0.44445359773127385,1.263631863362261,1563,665,False,False,False,False
5333,CSS_J052446.0-130112,EW,EW,False,False,0.3978416998420302,1.0815276568157608,3651,2957,False,False,False,False
5334,CSS_J152501.5-042555,RS CVn,EW,True,True,0.39229867756432385,1.2947165656676665,4115,534,False,False,False,False
5335,CSS_J160555.6+124851,EA,EA,False,False,0.48831895683351206,1.024620459605726,700,5256,False,False,False,False
5336,CSS_J043608.7+012831,RS CVn,EW,True,True,0.40964827003489,1.0693725508156209,2911,3321,False,False,False,False
5337,CSS_J050521.1+034844,EW,EW,False,False,0.386138956161641,1.0236539403706104,4662,5311,False,False,False,False
5338,CSS_J174509.1+390715,EW,EW,False,False,0.35613424047177117,1.0094700456762353,7720,6154,False,False,False,False
5339,CSS_J080612.4+244721,RRc,EW,True,False,0.4312191069064694,1.1365228237685323,1970,1789,False,False,False,False
5340,CSS_J101351.9-020256,EW,EW,False,False,0.3776221982594946,1.0697725357662633,5509,3309,False,False,False,False
5341,CSS_J080438.6+161851,EW,EW,False,False,0.37236566319946596,1.0058158487583972,6148,6401,False,False,False,False
5342,CSS_J044640.3+075541,EW,EW,False,False,0.44031353955031927,1.1174748241256136,1679,2127,False,False,False,False
5343,CSS_J151017.6+243607,RRc,EW,True,False,0.3795384447109174,1.107851468135516,5340,2317,False,False,False,False
5344,CSS_J141413.6-113759,RRab,RRab,False,False,0.4888714401384554,1.3560756138803765,693,341,False,False,False,False
5345,CSS_J164534.3+005409,EA,EW,True,False,0.41210729755556225,0.9758181931758292,2788,7868,False,False,False,False
5346,CSS_J152041.1+123319,EW,EW,False,False,0.36045233392335846,1.0385548412077181,7378,4562,False,False,False,False
5347,CSS_J075230.8+370124,EA,EW,True,False,0.44840269648998665,1.1216788989928543,1456,2037,False,False,False,False
5348,CSS_J092905.5+131331,EW,EW,False,False,0.3670304520947716,0.9893272427103383,6710,7361,False,False,False,False
5349,CSS_J001449.7+400204,EW,EW,False,False,0.37944160305511826,1.0413729498935287,5353,4436,False,False,False,False
5350,CSS_J091317.2+602741,RRab,RRab,False,False,0.4562820041211663,0.9834040666022714,1294,7659,False,False,False,False
5351,CSS_J033310.7+155324,RS CVn,EW,True,True,0.41646323180112993,1.084666757269753,2566,2870,False,False,False,False
5352,CSS_J001803.7+431658,RRc,EW,True,False,0.4279357580689342,1.541219894867881,2077,106,False,True,False,False
5353,CSS_J154325.5-193228,EW,EW,False,False,0.3873943774849844,1.1654790335791883,4549,1407,False,False,False,False
5354,CSS_J161537.4+332144,EW,EW,False,False,0.4431658330853113,1.1539383251962267,1589,1542,False,False,False,False
5355,CSS_J035236.5+294704,EW,EW,False,False,0.4738210608598754,1.0771269676506487,943,3093,False,False,False,False
5356,CSS_J154351.8+201912,RRc,RRc,False,False,0.3692253774313644,0.9864213929773735,6482,7518,False,False,False,False
5357,CSS_J015534.6+281829,EW,EW,False,False,0.4304169646036016,1.1273188548926079,1994,1941,False,False,False,False
5358,CSS_J135941.7-020225,LPV,LPV,False,False,0.5351528616621735,1.0620629398359842,325,3588,False,False,False,False
5359,CSS_J033318.2+200658,EW,EW,False,False,0.39206203279934554,1.3753007478762491,4136,306,False,False,False,False
5360,CSS_J230738.1-143646,RRc,RRc,False,False,0.37345587799309743,1.0177326865854048,6025,5649,False,False,False,False
5361,CSS_J090359.9-063325,EW,EW,False,False,0.39405910515227033,1.1276666478083757,3941,1934,False,False,False,False
5362,CSS_J150535.8-015821,EW,EW,False,False,0.4039403716600947,1.0769098081222026,3237,3104,False,False,False,False
5363,CSS_J120203.3+262026,RRc,RRc,False,False,0.37132514505415537,0.9875907295979627,6266,7448,False,False,False,False
5364,CSS_J070524.7+393925,EW,RS CVn,True,False,0.46223709169316124,1.0186520603608749,1159,5583,False,False,False,False
5365,CSS_J125031.3+125739,RRc,EW,True,False,0.3881173174021544,1.2031948265268593,4492,1047,False,False,False,False
5366,CSS_J085352.4+224229,EW,EW,False,False,0.3749008023513995,0.9791047529938075,5844,7798,False,False,False,False
5367,CSS_J165757.6+152315,RS CVn,EW,True,True,0.41762539511905183,1.0556489391956618,2508,3810,False,False,False,False
5368,CSS_J013556.2-071426,RRc,RRc,False,False,0.38948080982132255,1.040144300987207,4375,4489,False,False,False,False
5369,CSS_J085552.9-131955,EW,EW,False,False,0.40857152340259567,1.155445009212856,2964,1526,False,False,False,False
5370,CSS_J140230.1-064908,EW,EW,False,False,0.36541197685464893,1.1065819376876131,6896,2343,False,False,False,False
5371,CSS_J060118.0-074239,EW,EW,False,False,0.40065937754832387,1.0316984332884773,3445,4896,False,False,False,False
5372,CSS_J015841.2+392517,EW,EW,False,False,0.3583192598800636,1.0049270091594784,7571,6454,False,False,False,False
5373,CSS_J232825.7+131827,EW,EW,False,False,0.5018452629853286,1.1546871132760685,543,1534,False,False,False,False
5374,CSS_J165615.5+144830,EW,EW,False,False,0.39292204410958986,1.0170051150347188,4048,5695,False,False,False,False
5375,CSS_J044030.3+065900,RS CVn,RRab,True,True,0.4286706565477392,1.151247384096612,2045,1577,False,False,False,False
5376,CSS_J045539.8+013538,EA,EA,False,False,0.5375787053118525,1.0598359795520398,316,3662,False,False,False,False
5377,CSS_J180107.4+531014,EW,EW,False,False,0.38127106802422167,1.021280892123487,5154,5441,False,False,False,False
5378,CSS_J160957.3+161540,EA,EA,False,False,0.5175068878410706,1.0392262323268768,404,4531,False,False,False,False
5379,CSS_J140239.4+084227,RRab,RRab,False,False,0.46664151365741696,1.0209387196376207,1075,5459,False,False,False,False
5380,CSS_J171758.8+421128,RRc,RRc,False,False,0.3897518746893555,1.0750323449058357,4349,3148,False,False,False,False
5381,CSS_J050022.2+045950,EW,EW,False,False,0.3893732595539353,1.060013506140084,4387,3653,False,False,False,False
5382,CSS_J221055.1+071513,EW,EA,True,False,0.450674568054602,1.0376937306112903,1402,4600,False,False,False,False
5383,CSS_J233925.6+384106,EW,EW,False,False,0.3889231251881492,1.014470619685688,4424,5836,False,False,False,False
5384,CSS_J092840.9-040746,EW,EW,False,False,0.37883262623981495,1.0225419752360647,5400,5367,False,False,False,False
5385,CSS_J214826.4+125817,EW,EA,True,False,0.4038994580542075,0.9987478227861584,3239,6827,False,False,False,False
5386,CSS_J122358.0+110412,RRc,RRc,False,False,0.38222419374464156,1.0522678037298743,5045,3969,False,False,False,False
5387,CSS_J160015.8-142143,LPV,LPV,False,False,0.5409403651107105,1.0512954091695736,296,4002,False,False,False,False
5388,CSS_J224724.9+331251,EW,EA,True,False,0.4454905829942417,1.217576635376657,1535,924,False,False,False,False
5389,CSS_J024615.8+383701,EW,EW,False,False,0.3859436731341292,1.2217443382700783,4678,894,False,False,False,False
5390,CSS_J074525.4+142918,EW,EW,False,False,0.47808948822092934,1.1267004684804411,870,1950,False,False,False,False
5391,CSS_J202338.4-180653,RRc,RRc,False,False,0.39951062805613796,1.0473598179620225,3541,4171,False,False,False,False
5392,CSS_J055039.5-121324,EW,EW,False,False,0.3750655180973631,1.2542188135869992,5826,710,False,False,False,False
5393,CSS_J101333.3+253445,EW,EW,False,False,0.3655824785550279,0.9832492389347461,6870,7667,False,False,False,False
5394,CSS_J052644.6-090505,EW,RRc,True,False,0.37537989448953674,0.9959368775747104,5776,6981,False,False,False,False
5395,CSS_J052456.7-165008,EW,EW,False,False,0.37436485432374733,1.1525885312445798,5920,1564,False,False,False,False
5396,CSS_J143352.8+020800,RRc,RRc,False,False,0.37885019762880673,1.0045689523337495,5398,6474,False,False,False,False
5397,CSS_J051414.4-025613,EW,EW,False,False,0.394779255962557,1.3112099270134028,3890,464,False,False,False,False
5398,CSS_J132506.0+620101,EW,EW,False,False,0.4780008844102377,1.089729560310112,872,2735,False,False,False,False
5399,CSS_J051525.6+202749,EW,EW,False,False,0.356701493361847,1.0324662784390735,7684,4853,False,False,False,False
5400,CSS_J221518.2-070200,EW,EW,False,False,0.39593411506897247,0.985424862023651,3798,7572,False,False,False,False
5401,CSS_J215448.0+180735,EW,EW,False,False,0.39142384444866885,0.9811558818492276,4194,7740,False,False,False,False
5402,CSS_J054540.8+051822,EA,EA,False,False,0.4330130454217042,1.0215750668511752,1919,5417,False,False,False,False
5403,CSS_J063434.8+470750,EW,EW,False,False,0.36030124789656925,1.023203587117009,7395,5328,False,False,False,False
5404,CSS_J213937.6+051152,EW,EW,False,False,0.3526735963046784,1.0124398179104193,7936,5952,False,False,False,False
5405,CSS_J030848.7-185003,EW,EW,False,False,0.3891956432347041,1.030001864656335,4397,4972,False,False,False,False
5406,CSS_J060054.7-175739,EW,EW,False,False,0.37718315053439716,1.0426090505137875,5564,4391,False,False,False,False
5407,CSS_J050831.9+112653,EW,EW,False,False,0.3998129304662265,1.0962033184142101,3515,2584,False,False,False,False
5408,CSS_J045609.8+061728,EW,EW,False,False,0.4664586390344457,1.273550405561469,1080,618,False,False,False,False
5409,CSS_J004709.6+414550,LPV,EW,True,False,0.5335398289147408,1.636916648392771,332,59,False,True,False,False
5410,CSS_J101807.6+095328,EW,EW,False,False,0.44564607725944005,1.0930878698332092,1529,2642,False,False,False,False
5411,CSS_J120433.0+553604,RRab,RRab,False,False,0.38570562792843743,1.0865504698369342,4698,2819,False,False,False,False
5412,CSS_J154004.1-131915,EW,EW,False,False,0.39372406214266875,1.0998461130955848,3969,2507,False,False,False,False
5413,CSS_J222247.3+314651,EW,EW,False,False,0.3534434073537118,1.0131201160806997,7887,5910,False,False,False,False
5414,CSS_J203157.3-034042,EW,RRc,True,False,0.36885729852099075,1.022650229435012,6511,5360,False,False,False,False
5415,CSS_J043322.7+012650,EW,EW,False,False,0.4131059486188015,1.0076420061131075,2736,6282,False,False,False,False
5416,CSS_J054247.1+005048,EW,EW,False,False,0.3916202116277441,1.115983520432604,4174,2157,False,False,False,False
5417,CSS_J203458.2-063716,RRab,EW,True,False,0.5087345768450214,1.161368408067488,478,1456,False,False,False,False
5418,CSS_J022336.8+265615,EW,EW,False,False,0.41598199116873175,1.1198347394586343,2586,2080,False,False,False,False
5419,CSS_J135612.8+363701,RRc,RRc,False,False,0.38861067342316663,1.0376455313386004,4453,4603,False,False,False,False
5420,CSS_J052853.0-094930,EW,EW,False,False,0.4063136709330047,1.0544555444393575,3081,3862,False,False,False,False
5421,CSS_J162902.7+270346,EW,EW,False,False,0.3648668779442576,1.0272646911810457,6950,5116,False,False,False,False
5422,CSS_J205544.3+033850,EA,EA,False,False,0.46136800218226187,1.025718380840107,1171,5199,False,False,False,False
5423,CSS_J065603.2+500049,EW,EW,False,False,0.35920076932100553,0.9823725793993662,7499,7700,False,False,False,False
5424,CSS_J223045.7+151557,EW,EW,False,False,0.5043706299093842,1.1654935289610753,519,1406,False,False,False,False
5425,CSS_J024721.8+302132,EA,EA,False,False,0.43849155547569724,1.03496499965981,1734,4724,False,False,False,False
5426,CSS_J150123.8+183202,EW,EW,False,False,0.3566366333240669,0.9677365517626069,7691,7974,False,False,False,False
5427,CSS_J145211.6-153450,RRc,RRc,False,False,0.3777273531123124,1.0443112985131968,5499,4313,False,False,False,False
5428,CSS_J174650.9+434028,EW,EW,False,False,0.37272964794892566,1.0653839373717966,6113,3470,False,False,False,False
5429,CSS_J155048.8+055204,EW,EW,False,False,0.35495346294472563,1.0148308162215884,7799,5810,False,False,False,False
5430,CSS_J125515.8+503244,EW,EW,False,False,0.49541540251462424,1.1996544274593497,610,1069,False,False,False,False
5431,CSS_J131047.7+364408,EW,EW,False,False,0.47713969862526645,1.3242642357236538,889,424,False,False,False,False
5432,CSS_J015154.3+303958,EW,EW,False,False,0.3752186009780577,0.9862670616658026,5809,7531,False,False,False,False
5433,CSS_J205810.7-131842,EW,EW,False,False,0.37474498277025786,1.1085456303475452,5868,2303,False,False,False,False
5434,CSS_J032555.5+055753,EW,EW,False,False,0.3737861442588901,0.9973083101125573,5978,6906,False,False,False,False
5435,CSS_J103720.9+591654,RRc,RRc,False,False,0.36494260659223215,1.065527909293547,6938,3465,False,False,False,False
5436,CSS_J123041.0+071234,EW,EW,False,False,0.35509978278652043,0.9669250177696741,7790,7978,False,False,False,False
5437,CSS_J164355.5-014800,EW,EW,False,False,0.5957803455163334,1.5853579539628861,138,81,True,True,True,True
5438,CSS_J105525.1-064846,EW,EW,False,False,0.4271927101439118,1.340345311840626,2108,384,False,False,False,False
5439,CSS_J222757.6+093332,RS CVn,EW,True,True,0.38085109469909006,1.2002227735810282,5209,1066,False,False,False,False
5440,CSS_J210835.1+075134,EW,EW,False,False,0.3675391870565017,1.0374485417232024,6652,4611,False,False,False,False
5441,CSS_J095232.8+292951,EW,RRc,True,False,0.36195649532655866,0.9865469895053577,7232,7510,False,False,False,False
5442,CSS_J094557.3-045801,EW,EW,False,False,0.36031890193389726,1.0336955215128463,7389,4794,False,False,False,False
5443,CSS_J070147.5+485723,EW,EW,False,False,0.39788294453954154,1.0518281993497836,3649,3980,False,False,False,False
5444,CSS_J074051.7+264733,RS CVn,EW,True,True,0.41729492097021487,1.0328871073885222,2523,4828,False,False,False,False
5445,CSS_J165829.7+061308,EW,EW,False,False,0.3604398259023178,1.0651130452679411,7379,3478,False,False,False,False
5446,CSS_J050423.4+095239,EW,EW,False,False,0.40613553115513956,1.2707217151664578,3097,629,False,False,False,False
5447,CSS_J180806.3+375955,EW,EW,False,False,0.3762932087558098,1.0166814819074828,5676,5711,False,False,False,False
5448,CSS_J215458.4+025135,EW,EW,False,False,0.3688266007526906,1.0045623083200572,6514,6476,False,False,False,False
5449,CSS_J004454.3-134122,EW,EW,False,False,0.38956261680457527,1.019262063850965,4366,5544,False,False,False,False
5450,CSS_J205955.3-153058,RRc,RRc,False,False,0.37968133973299945,1.0727974355369094,5323,3216,False,False,False,False
5451,CSS_J102759.7+140340,RRc,RRc,False,False,0.40197250223383285,1.106668339873451,3349,2339,False,False,False,False
5452,CSS_J173258.3+182403,EW,RRc,True,False,0.36651675673471307,1.0239031989476381,6763,5298,False,False,False,False
5453,CSS_J025240.0+364957,EA,EW,True,False,0.4276861658997939,0.9938902084077235,2084,7100,False,False,False,False
5454,CSS_J233816.7+082812,RRc,RRc,False,False,0.38586706686148275,1.0316978398014105,4687,4897,False,False,False,False
5455,CSS_J205956.4+071752,EW,EW,False,False,0.3607754093325855,0.9879013295878714,7348,7434,False,False,False,False
5456,CSS_J080104.9+443848,RRc,RRc,False,False,0.4014004137351836,1.0550147933021374,3392,3840,False,False,False,False
5457,CSS_J124712.8+350306,RRc,RRc,False,False,0.37646445991261296,0.9697531734286627,5651,7966,False,False,False,False
5458,CSS_J220007.5-071306,EW,EW,False,False,0.38530293874906435,1.203991831122824,4739,1039,False,False,False,False
5459,CSS_J082130.3+134720,EA,EA,False,False,0.43638962409810506,1.035003439014672,1809,4722,False,False,False,False
5460,CSS_J171604.5+324706,EA,EA,False,False,0.48674140291942564,1.0085905189662356,727,6218,False,False,False,False
5461,CSS_J012926.8+383338,RRc,RRc,False,False,0.3974692324070888,1.2514799740517915,3682,720,False,False,False,False
5462,CSS_J083104.2-023655,EW,EW,False,False,0.44383822762618247,1.2769970428849229,1573,601,False,False,False,False
5463,CSS_J081445.6+411613,EA,EA,False,False,0.5422176755733571,1.1143786221506051,291,2189,False,False,False,False
5464,CSS_J221018.1+265420,EW,EW,False,False,0.3661313341681373,1.0131353079375294,6804,5908,False,False,False,False
5465,CSS_J073506.5+504846,EW,EW,False,False,0.3742997881240021,1.0085340001442886,5929,6222,False,False,False,False
5466,CSS_J153211.7+392411,RRc,RRc,False,False,0.3729633552356278,0.9815216298670121,6085,7734,False,False,False,False
5467,CSS_J025134.9+385038,EW,EW,False,False,0.3552895022627353,0.9937479994767321,7777,7105,False,False,False,False
5468,CSS_J221823.2+042214,EW,EW,False,False,0.3750894199035936,1.001750126497439,5823,6658,False,False,False,False
5469,CSS_J234316.1-033806,EW,EW,False,False,0.38387683669998807,1.1910023632720654,4886,1128,False,False,False,False
5470,CSS_J021658.7+395425,EW,EW,False,False,0.38233831944853375,1.0120759213879067,5027,5981,False,False,False,False
5471,CSS_J035722.0+230428,RS CVn,EW,True,True,0.3766828123481217,1.1806585871769215,5629,1228,False,False,False,False
5472,CSS_J040135.1+240847,EW,EW,False,False,0.4126831630276052,0.9858462294930286,2758,7551,False,False,False,False
5473,CSS_J172147.7+423934,EW,EW,False,False,0.4397945270533932,1.025870428612461,1693,5192,False,False,False,False
5474,CSS_J090949.2-103717,EW,EW,False,False,0.38978648692464163,1.0379343797998122,4347,4591,False,False,False,False
5475,CSS_J165515.1+605924,EW,EW,False,False,0.38476247000764285,0.9997102072080117,4791,6778,False,False,False,False
5476,CSS_J222936.3+170748,EW,EW,False,False,0.40490579039376967,1.0401111664789675,3174,4492,False,False,False,False
5477,CSS_J165353.5-030417,RRc,EW,True,False,0.376160820651311,1.2762007486050306,5683,606,False,False,False,False
5478,CSS_J094144.4-125521,EW,EW,False,False,0.3896424253420298,1.1546357520641999,4359,1535,False,False,False,False
5479,CSS_J115418.0-091912,RRc,RRc,False,False,0.39004165922112444,0.9934429478621146,4322,7121,False,False,False,False
5480,CSS_J072341.5+652256,EW,EW,False,False,0.37977933494356403,1.1398780524565848,5311,1736,False,False,False,False
5481,CSS_J003626.0+212346,EW,EW,False,False,0.40024491257202405,1.1238667677392584,3481,1998,False,False,False,False
5482,CSS_J065523.8+342716,EW,EW,False,False,0.3726152462785553,0.985864277274415,6121,7548,False,False,False,False
5483,CSS_J161109.2+020358,EW,EW,False,False,0.3572250931317249,1.0104119969185894,7646,6092,False,False,False,False
5484,CSS_J231725.4+330535,EW,EW,False,False,0.37729205359878387,1.0121766651831234,5556,5977,False,False,False,False
5485,CSS_J114426.4+172808,RRc,EW,True,False,0.3781345662428462,1.0140515826472227,5461,5858,False,False,False,False
5486,CSS_J162143.8-030757,RRd,EW,True,True,0.3597358722839189,0.9977650797770881,7450,6889,False,False,False,False
5487,CSS_J161454.3+035809,EW,EW,False,False,0.37717309258594606,1.2250076215352825,5566,869,False,False,False,False
5488,CSS_J032155.7+182237,RRab,RRc,True,False,0.4066021404634712,1.093854868772971,3064,2621,False,False,False,False
5489,CSS_J035045.6+374928,EA,EA,False,False,0.4313196912431472,0.9888610816734491,1969,7382,False,False,False,False
5490,CSS_J175857.3+272633,EW,EW,False,False,0.3688828725101927,1.108681381290562,6509,2300,False,False,False,False
5491,CSS_J072346.7+304545,EW,EW,False,False,0.39223808095615526,1.0421117673468978,4117,4416,False,False,False,False
5492,CSS_J230401.0+362546,EW,EW,False,False,0.36239968143535783,0.9896213102099789,7188,7339,False,False,False,False
5493,CSS_J164750.4+443729,EW,EW,False,False,0.39723856055239953,1.0720526887076747,3699,3230,False,False,False,False
5494,CSS_J170326.8+465802,EW,EW,False,False,0.40503245723467274,1.0482582388876194,3161,4125,False,False,False,False
5495,CSS_J140255.7-022116,EW,EW,False,False,0.4927245882128427,1.1344443053426514,646,1825,False,False,False,False
5496,CSS_J164700.1+011154,EW,EW,False,False,0.415525125107468,1.112883879479835,2605,2214,False,False,False,False
5497,CSS_J142855.6-134205,RRc,EW,True,False,0.38230336896685263,1.126039011065859,5033,1965,False,False,False,False
5498,CSS_J052345.3+002057,EW,EW,False,False,0.38905857352036777,1.12489963464696,4412,1983,False,False,False,False
5499,CSS_J035836.3+185347,EW,EW,False,False,0.3815635183759939,1.2146905280664244,5118,955,False,False,False,False
5500,CSS_J050334.8+045611,EW,EW,False,False,0.3696633092372261,1.30850829638387,6431,479,False,False,False,False
5501,CSS_J173122.8+343854,EW,EW,False,False,0.3787164815380158,1.033099737610727,5407,4817,False,False,False,False
5502,CSS_J031724.9+252514,EW,EW,False,False,0.39949081081348564,0.9840873509112524,3544,7626,False,False,False,False
5503,CSS_J091804.8+370430,EW,EW,False,False,0.36820993153748705,0.978722081186171,6593,7810,False,False,False,False
5504,CSS_J040711.2+211126,EW,EW,False,False,0.4557509401192058,1.1776605652287664,1306,1261,False,False,False,False
5505,CSS_J163708.1+103126,RRc,RRc,False,False,0.38629465807624097,1.1324070049844208,4648,1858,False,False,False,False
5506,CSS_J044918.1+104435,EA,EA,False,False,0.43078050731739,1.0131266475232832,1986,5909,False,False,False,False
5507,CSS_J035230.2+345220,EW,EW,False,False,0.38797349004937226,1.0066558624774786,4504,6338,False,False,False,False
5508,CSS_J012334.6+283054,EW,EW,False,False,0.352566361105286,0.9802548326992072,7939,7763,False,False,False,False
5509,CSS_J223048.9+284440,RRab,RRab,False,False,0.5081098844638051,1.0261651065836246,486,5177,False,False,False,False
5510,CSS_J212220.7+043711,EW,EW,False,False,0.44857946041137575,1.0124524181969543,1454,5951,False,False,False,False
5511,CSS_J050523.8-052621,EW,EW,False,False,0.3916123937886392,1.071742215149858,4176,3237,False,False,False,False
5512,CSS_J120959.9+182147,EW,EW,False,False,0.35154326952902326,1.0642376558442512,7968,3503,False,False,False,False
5513,CSS_J021937.5+400035,EW,EW,False,False,0.37281573503092863,1.0333312297520236,6102,4807,False,False,False,False
5514,CSS_J045227.0+053657,EW,EW,False,False,0.3789075769965072,1.01834526800355,5391,5605,False,False,False,False
5515,CSS_J181032.7+403848,EW,EW,False,False,0.38367091603657594,1.0504490721100062,4908,4042,False,False,False,False
5516,CSS_J035736.3+230553,EW,EW,False,False,0.37472063946258954,1.0795537769373171,5873,3018,False,False,False,False
5517,CSS_J093628.3-163005,EA,EA,False,False,0.43378771726708654,1.1359336282046155,1885,1796,False,False,False,False
5518,CSS_J005347.2+410502,EW,EW,False,False,0.36896283411219594,1.0627158322504817,6505,3562,False,False,False,False
5519,CSS_J231959.7+335131,EW,EW,False,False,0.3532897716144191,1.008865142053533,7900,6201,False,False,False,False
5520,CSS_J045829.1+040242,RS CVn,EW,True,True,0.38555388281248887,1.2003269751531775,4711,1064,False,False,False,False
5521,CSS_J022738.4+410449,EW,EW,False,False,0.36489607736735963,1.0369848622929525,6944,4633,False,False,False,False
5522,CSS_J220756.7-100840,EW,EW,False,False,0.3802219905820334,1.0111504672881217,5263,6050,False,False,False,False
5523,CSS_J164505.9+321738,EW,EW,False,False,0.36305747549088474,1.2694360513615168,7121,634,False,False,False,False
5524,CSS_J032742.4+343701,EW,EW,False,False,0.40019545525326244,1.0484008143465275,3486,4115,False,False,False,False
5525,CSS_J031249.6+205303,EW,EW,False,False,0.38966758223330716,1.1193754951963393,4356,2091,False,False,False,False
5526,CSS_J050228.7+100947,EW,EW,False,False,0.45277029201147,1.17003447307555,1361,1339,False,False,False,False
5527,CSS_J102922.1-035303,EA,EA,False,False,0.48527683959576,1.1159870010909683,755,2156,False,False,False,False
5528,CSS_J222229.7+163338,EW,EW,False,False,0.37570845097623456,1.0635242378448877,5736,3530,False,False,False,False
5529,CSS_J082351.2+635345,EW,EW,False,False,0.38357138332992907,1.036808966197022,4917,4642,False,False,False,False
5530,CSS_J121530.2-014658,RRc,RRc,False,False,0.39742766526963236,1.0240523650557223,3684,5288,False,False,False,False
5531,CSS_J171714.9+430719,RRab,RRab,False,False,0.4319662436305463,1.011386318916793,1949,6035,False,False,False,False
5532,CSS_J212631.8+091703,EA,EA,False,False,0.41186099061067144,0.9934882981969132,2803,7116,False,False,False,False
5533,CSS_J092147.6+530339,RRc,EW,True,False,0.5472025036289672,2.026529619447129,268,16,False,True,False,False
5534,CSS_J165323.1+415343,EW,EW,False,False,0.3758471234056831,1.0078494910472606,5724,6268,False,False,False,False
5535,CSS_J024927.9+155124,EA,EA,False,False,0.4749924697227468,1.070011901027728,926,3298,False,False,False,False
5536,CSS_J122843.3+430643,EW,EW,False,False,0.35182003597820005,1.0010544998269395,7962,6701,False,False,False,False
5537,CSS_J015157.9+202008,EW,EW,False,False,0.3933833479841342,1.1321149758893818,4003,1863,False,False,False,False
5538,CSS_J075729.9+421238,EW,EA,True,False,0.45905887889014135,1.04488568566047,1227,4287,False,False,False,False
5539,CSS_J155739.0-064252,EW,EW,False,False,0.36874244680726775,1.0238530195609667,6526,5301,False,False,False,False
5540,CSS_J180202.7+383811,RRc,RRc,False,False,0.42726767478400557,1.0255110927580442,2103,5214,False,False,False,False
5541,CSS_J052923.3+041330,RS CVn,EW,True,True,0.4359972587591981,1.1097699151001308,1818,2275,False,False,False,False
5542,CSS_J034227.7+265809,EW,EW,False,False,0.409759346284907,1.1644136632459223,2906,1422,False,False,False,False
5543,CSS_J142854.7+171903,EW,EW,False,False,0.37452291329310017,1.0471021487257102,5903,4184,False,False,False,False
5544,CSS_J205115.7-040947,EW,EW,False,False,0.5787994924407188,1.1614117897271583,180,1455,False,False,False,False
5545,CSS_J063339.1+523942,EW,EW,False,False,0.4186176225956439,1.107149609263414,2466,2329,False,False,False,False
5546,CSS_J170930.4+210107,RRab,RRab,False,False,0.571626324782769,1.0654775223870439,195,3467,False,False,False,False
5547,CSS_J103946.6+185958,RRc,RRc,False,False,0.41898648491666696,1.6636600271863127,2446,54,False,True,False,False
5548,CSS_J182456.9+490539,EA,EA,False,False,0.46761538793715013,1.0218624015365596,1057,5398,False,False,False,False
5549,CSS_J025700.4+255428,EW,EW,False,False,0.3592848339561067,1.004374249422111,7493,6491,False,False,False,False
5550,CSS_J231404.4+380622,EW,EW,False,False,0.3631034937279329,1.0882524018853457,7113,2769,False,False,False,False
5551,CSS_J123955.0-133353,EW,EW,False,False,0.39174717093784295,1.077880204150667,4166,3073,False,False,False,False
5552,CSS_J181611.8+494520,EW,EW,False,False,0.41794015814248336,1.0458498572960853,2494,4240,False,False,False,False
5553,CSS_J170627.3+150624,RRc,RRab,True,False,0.39842654341911293,1.039548147001461,3612,4509,False,False,False,False
5554,CSS_J031204.7+324355,EW,EW,False,False,0.35890051278505286,1.0615178427829688,7523,3602,False,False,False,False
5555,CSS_J085018.8+261100,EW,EW,False,False,0.39487602930256693,1.0166013137532806,3877,5715,False,False,False,False
5556,CSS_J080852.1+184547,EW,EW,False,False,0.37697548465117026,1.0283313942995107,5593,5060,False,False,False,False
5557,CSS_J034734.9+350541,RS CVn,EW,True,True,0.3920089861189704,1.0815030134411159,4142,2959,False,False,False,False
5558,CSS_J202053.8-102630,EW,EW,False,False,0.38807275168515193,1.1691200537822177,4495,1354,False,False,False,False
5559,CSS_J051432.7+005202,EW,EW,False,False,0.4178188964234247,0.9929419011086826,2500,7143,False,False,False,False
5560,CSS_J043441.6+083601,RRc,RRc,False,False,0.4165968816595713,1.0397835118780665,2556,4503,False,False,False,False
5561,CSS_J173500.1+233519,EW,EW,False,False,0.35782667214135727,1.1000988886196619,7599,2498,False,False,False,False
5562,CSS_J042326.3+361416,RS CVn,RRab,True,True,0.3999397675453026,1.5892424752337746,3505,76,False,True,False,False
5563,CSS_J043045.9+222016,EA,EA,False,False,0.4562991105404177,1.0142855539856765,1293,5849,False,False,False,False
5564,CSS_J131617.8+163830,EW,EW,False,False,0.4166716137234787,0.9867701633632013,2555,7499,False,False,False,False
5565,CSS_J205404.9-100303,EW,EW,False,False,0.4120946067477996,1.0409448372686623,2789,4453,False,False,False,False
5566,CSS_J091058.8+203746,RS CVn,EW,True,True,0.4438651899243682,1.0956489606560684,1572,2594,False,False,False,False
5567,CSS_J224447.5+030012,RRd,RRab,True,True,0.3873195331019492,1.0232062881996826,4555,5327,False,False,False,False
5568,CSS_J235909.1+355136,EW,EW,False,False,0.3598300619025688,0.9997680325851357,7438,6777,False,False,False,False
5569,CSS_J174624.9+142748,RRc,EW,True,False,0.36733700126127705,1.025972169475567,6676,5188,False,False,False,False
5570,CSS_J034146.3+194948,EW,EW,False,False,0.3697068363823243,0.982007928669453,6426,7715,False,False,False,False
5571,CSS_J103409.9+240529,EW,EW,False,False,0.4388221404898575,1.0969848023170357,1723,2567,False,False,False,False
5572,CSS_J040846.7+201921,EW,EW,False,False,0.3812310604821859,0.9949161609907661,5164,7040,False,False,False,False
5573,CSS_J085059.3+425159,EA,EA,False,False,0.5965246287205807,1.0056611791669634,136,6410,True,False,False,False
5574,CSS_J092928.7+400909,EW,EW,False,False,0.39699502309631235,1.030448919901541,3716,4956,False,False,False,False
5575,CSS_J211029.3-103958,EW,EW,False,False,0.5137820330405873,1.4702981226922964,434,166,False,False,False,False
5576,CSS_J055521.8-125407,RRc,EW,True,False,0.3618948761438084,1.001767164802674,7238,6656,False,False,False,False
5577,CSS_J212108.4+031433,EW,EW,False,False,0.3746213267862521,0.9829856593091304,5888,7675,False,False,False,False
5578,CSS_J130212.6+175022,RRc,RRab,True,False,0.4227907064227043,1.0820331747268541,2285,2939,False,False,False,False
5579,CSS_J020818.9+314359,EW,EW,False,False,0.5163973175936081,2.1564630667034765,412,10,False,True,False,False
5580,CSS_J094204.7+085519,EW,EW,False,False,0.3645168003612773,0.9851826935166169,6974,7583,False,False,False,False
5581,CSS_J051632.0+025601,EA,EA,False,False,0.5514680533026052,1.0903106057976446,248,2716,False,False,False,False
5582,CSS_J174455.3+395325,RRc,RRc,False,False,0.3718400524837571,1.1065381938299026,6213,2344,False,False,False,False
5583,CSS_J071256.7+460105,EW,EA,True,False,0.3832723565047512,0.9973761533074974,4946,6903,False,False,False,False
5584,CSS_J004003.6+295533,EW,EW,False,False,0.3594619263133324,1.012032970591727,7474,5983,False,False,False,False
5585,CSS_J090417.9+122037,EW,EW,False,False,0.37661361281905237,1.0664596907587798,5638,3433,False,False,False,False
5586,CSS_J232351.0+414106,EW,EW,False,False,0.36051868108513524,1.0010123833961242,7375,6705,False,False,False,False
5587,CSS_J021556.2+224844,EW,EW,False,False,0.39130482732208144,0.9894659658445967,4206,7354,False,False,False,False
5588,CSS_J234234.8+324058,EW,EW,False,False,0.4599821197846404,1.0286501436674982,1204,5035,False,False,False,False
5589,CSS_J170547.3+011125,RRc,RRc,False,False,0.3857862448974009,1.0004832942757298,4694,6736,False,False,False,False
5590,CSS_J113030.3+005406,EW,EW,False,False,0.4098832601411916,1.3940314041951058,2901,268,False,False,False,False
5591,CSS_J090838.7-164243,EW,EA,True,False,0.47677555704563257,1.162548963510179,896,1443,False,False,False,False
5592,CSS_J081927.2+223820,EW,EW,False,False,0.437550578235839,1.520431645569382,1767,122,False,True,False,False
5593,CSS_J091706.8+500547,EW,EW,False,False,0.39484339675209323,0.9980545393070864,3880,6876,False,False,False,False
5594,CSS_J010124.7+384244,EW,EW,False,False,0.4870928412275736,1.0995344896768473,722,2511,False,False,False,False
5595,CSS_J063334.3+402102,EW,EW,False,False,0.3778033965387251,1.0387090058020085,5494,4553,False,False,False,False
5596,CSS_J070553.2+350652,EW,EW,False,False,0.37372392983023933,0.9921349983643779,5990,7194,False,False,False,False
5597,CSS_J080340.4+162645,EW,EW,False,False,0.4311425558133775,1.071030295027444,1978,3268,False,False,False,False
5598,CSS_J041556.0+093658,EW,EA,True,False,0.49243879853174594,1.0692956523797426,651,3328,False,False,False,False
5599,CSS_J013614.6+380434,EW,EW,False,False,0.37476326153060274,1.1838143476677037,5865,1201,False,False,False,False
5600,CSS_J044706.5-011326,EA,EA,False,False,0.4210074102639582,0.9948234848209984,2364,7051,False,False,False,False
5601,CSS_J215121.1+041716,EW,EW,False,False,0.4017377333567625,1.139287639586876,3368,1742,False,False,False,False
5602,CSS_J123047.6+223850,EA,EA,False,False,0.44612368271154973,1.0097171086266026,1517,6132,False,False,False,False
5603,CSS_J201341.5-153254,RRc,RRc,False,False,0.37791479062941163,1.0815613619832323,5481,2956,False,False,False,False
5604,CSS_J053519.9+035613,EA,EA,False,False,0.5426375470089505,1.011520113519533,289,6030,False,False,False,False
5605,CSS_J012039.1+414029,EW,EW,False,False,0.4860702282610623,1.226236389950807,740,859,False,False,False,False
5606,CSS_J170146.4+383626,EW,EW,False,False,0.44687652812967754,1.0083700956104578,1494,6235,False,False,False,False
5607,CSS_J233826.8+093003,EW,EW,False,False,0.40697770475894235,1.0655923453502525,3048,3463,False,False,False,False
5608,CSS_J122701.0-141414,RRab,RRab,False,False,0.48250022085166394,1.1312862766396938,799,1875,False,False,False,False
5609,CSS_J035016.2+355846,EA,EA,False,False,0.4368438176148305,1.1242885409960546,1792,1992,False,False,False,False
5610,CSS_J033201.5+345238,EW,EW,False,False,0.38116809024401715,1.0157750385712414,5169,5751,False,False,False,False
5611,CSS_J050207.6-191600,EW,EW,False,False,0.3632590258194783,1.0136471435273573,7093,5884,False,False,False,False
5612,CSS_J221058.9+251120,EW,EW,False,False,0.40701340956285875,1.046228160734334,3044,4220,False,False,False,False
5613,CSS_J011452.8+103934,EW,EW,False,False,0.37971271264254824,1.0122810860681344,5321,5965,False,False,False,False
5614,CSS_J145101.8+452736,RRab,RRc,True,False,0.3725834207550342,1.0903328428334496,6124,2714,False,False,False,False
5615,CSS_J202809.6-135128,RRc,RRc,False,False,0.3989532420461539,1.0554673323442685,3575,3818,False,False,False,False
5616,CSS_J032004.9+194757,EW,EW,False,False,0.3739598541904493,1.0153609570448272,5964,5777,False,False,False,False
5617,CSS_J152110.4-072234,EW,EW,False,False,0.3624640109426764,1.1327959166222852,7181,1852,False,False,False,False
5618,CSS_J234736.1-073212,EW,EW,False,False,0.3656900338628417,1.0363238765461666,6853,4664,False,False,False,False
5619,CSS_J141526.8+300127,EA,EA,False,False,0.5553518563464542,1.1321892055026261,232,1862,False,False,False,False
5620,CSS_J162549.1+344454,EW,EW,False,False,0.3947217728208489,1.106608327906326,3894,2342,False,False,False,False
5621,CSS_J045053.0+250734,EW,EW,False,False,0.4179640069827023,1.0497141134264942,2491,4070,False,False,False,False
5622,CSS_J094108.1+263323,EW,EW,False,False,0.3929242319579836,1.002290142984428,4047,6626,False,False,False,False
5623,CSS_J043956.1+043904,RS CVn,RS CVn,False,True,0.4687855544077318,1.073502853382035,1037,3189,False,False,False,False
5624,CSS_J211329.5+022750,EW,EW,False,False,0.3946569305101073,1.069034942194526,3900,3335,False,False,False,False
5625,CSS_J051325.8+221557,EW,EW,False,False,0.41413324544513386,0.9986169595544604,2677,6842,False,False,False,False
5626,CSS_J213502.5+195641,RRab,RRab,False,False,0.4607587593894304,1.1766368701112582,1189,1268,False,False,False,False
5627,CSS_J022342.9+355641,EW,EW,False,False,0.37976388958838453,1.018422482947787,5313,5599,False,False,False,False
5628,CSS_J161227.8+304347,EW,EW,False,False,0.3791900221893937,1.0470852534581048,5375,4187,False,False,False,False
5629,CSS_J212703.7+195057,EW,EW,False,False,0.3520314300001259,1.000002878039027,7956,6765,False,False,False,False
5630,CSS_J204121.0-113851,EW,EW,False,False,0.4627771678702691,0.9863620480567633,1147,7521,False,False,False,False
5631,CSS_J043535.7-090804,EW,RRc,True,False,0.36665061214126493,1.0471973207086374,6747,4180,False,False,False,False
5632,CSS_J114227.8-160722,EW,EW,False,False,0.38705947373986765,1.1296921820550287,4581,1899,False,False,False,False
5633,CSS_J173557.4+364204,EW,EW,False,False,0.3571714689489743,1.006822077952417,7652,6331,False,False,False,False
5634,CSS_J153105.4-063638,RRc,RRc,False,False,0.3788425639244492,1.008891398012747,5399,6199,False,False,False,False
5635,CSS_J163208.1+321649,RRc,RRc,False,False,0.3760963423320458,1.0165485843165882,5691,5723,False,False,False,False
5636,CSS_J051730.2+165049,EW,EW,False,False,0.39263227590807914,1.0177409128598347,4075,5648,False,False,False,False
5637,CSS_J140259.4-080942,EW,EW,False,False,0.36881910048617095,1.0361228525868906,6516,4673,False,False,False,False
5638,CSS_J091047.5+322902,EW,EW,False,False,0.36821085203125087,1.0115728566591136,6592,6027,False,False,False,False
5639,CSS_J022354.0+324944,EW,EW,False,False,0.3762706940652479,0.9976319195694334,5678,6895,False,False,False,False
5640,CSS_J220733.5-071116,EW,EW,False,False,0.47502270907183525,1.1705741486966326,924,1333,False,False,False,False
5641,CSS_J062338.9-094229,EW,EW,False,False,0.41757551366053497,1.0420776178523246,2513,4417,False,False,False,False
5642,CSS_J213252.2+005608,RRc,RRc,False,False,0.40971233688608344,1.0429330998127693,2909,4372,False,False,False,False
5643,CSS_J174832.9+305623,EW,EW,False,False,0.3846311190197955,1.2231873089881016,4803,885,False,False,False,False
5644,CSS_J014855.9-071203,EW,EW,False,False,0.38893724602780283,1.141741975163391,4423,1709,False,False,False,False
5645,CSS_J132421.7+210814,RS CVn,EW,True,True,0.48600949449786013,1.4611237926738343,742,182,False,False,False,False
5646,CSS_J152802.4-070132,RS CVn,EW,True,True,0.449860394762706,1.2781327497246384,1420,596,False,False,False,False
5647,CSS_J234805.4+210547,EW,EW,False,False,0.363402273348607,1.0285079435840423,7080,5048,False,False,False,False
5648,CSS_J175109.0+392021,EW,EW,False,False,0.41073721702359706,1.150020290198986,2866,1599,False,False,False,False
5649,CSS_J085820.4-041908,EW,EW,False,False,0.39102892750354995,1.038930630548725,4228,4540,False,False,False,False
5650,CSS_J071615.9+315825,EW,EW,False,False,0.3738605616379814,1.024465093210712,5974,5267,False,False,False,False
5651,CSS_J171908.9+123555,EW,EW,False,False,0.40655722565489677,1.0364014067014051,3066,4658,False,False,False,False
5652,CSS_J150249.3-121034,EW,EW,False,False,0.3600123736876252,1.190681794628145,7419,1130,False,False,False,False
5653,CSS_J213310.7+013929,EW,EW,False,False,0.359633384548001,1.1087941142544577,7460,2298,False,False,False,False
5654,CSS_J081442.8+514306,EW,EW,False,False,0.38907421807597814,1.0036118388270876,4409,6544,False,False,False,False
5655,CSS_J174547.6+435848,EW,EW,False,False,0.4170967547712241,1.015278608975836,2534,5783,False,False,False,False
5656,CSS_J150315.4+180322,EW,EA,True,False,0.4691937372215574,1.0764398417572425,1029,3117,False,False,False,False
5657,CSS_J050802.5-045859,EW,EW,False,False,0.36651377772479815,1.0170217518493179,6764,5694,False,False,False,False
5658,CSS_J033023.3+274806,EW,EW,False,False,0.38428434590774435,1.046158857327092,4840,4224,False,False,False,False
5659,CSS_J080923.9+040316,RRd,EW,True,True,0.36681142848936965,0.9781162649801187,6731,7832,False,False,False,False
5660,CSS_J022313.0+304023,EW,EW,False,False,0.5051747781609437,1.0947689272906869,510,2607,False,False,False,False
5661,CSS_J081919.7+113637,EW,EW,False,False,0.36864424904485815,0.9792019107199306,6536,7797,False,False,False,False
5662,CSS_J085442.6+150413,EW,EW,False,False,0.39814197466668866,1.0623259557270917,3630,3577,False,False,False,False
5663,CSS_J094148.8+012627,EW,EW,False,False,0.364532059073296,1.0079108593698065,6973,6259,False,False,False,False
5664,CSS_J172424.8+174153,RRc,RRc,False,False,0.36949536937602306,1.0899791450650473,6449,2722,False,False,False,False
5665,CSS_J165853.8+081101,RS CVn,EA,True,True,0.495481826928517,1.083063277724642,608,2905,False,False,False,False
5666,CSS_J165136.8+054628,EW,EW,False,False,0.385650775998536,1.3030124411564212,4706,499,False,False,False,False
5667,CSS_J033440.6+175431,EW,EW,False,False,0.42477240911355796,1.0656677253547753,2209,3460,False,False,False,False
5668,CSS_J021154.7-125700,RS CVn,EW,True,True,0.4049311690918162,1.331058362235515,3172,405,False,False,False,False
5669,CSS_J210615.1-110549,EW,EW,False,False,0.3869415891498351,1.0192491487876598,4590,5547,False,False,False,False
5670,CSS_J171342.2+302424,EW,EW,False,False,0.3662801841108084,1.0768260666178386,6788,3105,False,False,False,False
5671,CSS_J172922.8+370813,EW,EW,False,False,0.3686118613957377,1.0348459428197148,6545,4730,False,False,False,False
5672,CSS_J230720.0+383330,EW,EW,False,False,0.3911673520213472,0.9887784437293489,4221,7386,False,False,False,False
5673,CSS_J110151.7+155237,EW,EW,False,False,0.3807150348162631,1.113076577540161,5225,2210,False,False,False,False
5674,CSS_J171926.5+332002,EW,EW,False,False,0.43193109254032586,1.2205108884882294,1950,904,False,False,False,False
5675,CSS_J005415.5+424434,EW,EW,False,False,0.4207791633400213,1.000273191452328,2372,6748,False,False,False,False
5676,CSS_J030605.4+113921,EW,EW,False,False,0.45130199025754136,1.4100244652338165,1389,246,False,False,False,False
5677,CSS_J041827.3+311003,EW,EW,False,False,0.6036436061094523,1.394774134972725,126,266,True,False,False,False
5678,CSS_J050548.1+051249,EW,EW,False,False,0.3603957707129503,1.0149164241226238,7383,5803,False,False,False,False
5679,CSS_J160524.5+390501,RRc,EW,True,False,0.374996200074675,1.0870633553276625,5833,2802,False,False,False,False
5680,CSS_J205016.2-080430,EW,EW,False,False,0.35797711915503755,1.037205641623658,7590,4626,False,False,False,False
5681,CSS_J070038.7+345827,EW,EW,False,False,0.37070478416939934,1.0262401197708793,6328,5173,False,False,False,False
5682,CSS_J050852.1+030316,EW,EW,False,False,0.4397490392599513,1.3522638045695563,1695,352,False,False,False,False
5683,CSS_J074014.7+282349,EW,EW,False,False,0.42866521553849674,1.092679332931399,2047,2654,False,False,False,False
5684,CSS_J024831.2+081243,EW,EW,False,False,0.41152616511233336,1.0356244630841815,2823,4694,False,False,False,False
5685,CSS_J094843.1+282249,EA,EA,False,False,0.5369123095868433,1.093789195991066,318,2625,False,False,False,False
5686,CSS_J161804.2+093650,EW,EW,False,False,0.7283879383638214,2.1784301648122604,22,8,True,True,True,True
5687,CSS_J224509.5+225311,EW,EW,False,False,0.4249239458464428,1.071355534729904,2199,3253,False,False,False,False
5688,CSS_J162250.2+670527,RRab,RRc,True,False,0.36317114686855667,1.188174264143735,7101,1153,False,False,False,False
5689,CSS_J052930.1+024337,EA,EW,True,False,0.4624529242870375,1.3042963047364258,1154,493,False,False,False,False
5690,CSS_J002555.1+331237,EW,EW,False,False,0.4759608983092339,1.0241851438331386,909,5281,False,False,False,False
5691,CSS_J111437.5+093130,EA,EA,False,False,0.47879706084992213,1.0494945248286642,857,4074,False,False,False,False
5692,CSS_J075033.4+264135,EW,EW,False,False,0.40140925809443817,1.0523769309307036,3391,3964,False,False,False,False
5693,CSS_J152742.0+025944,RRc,RRc,False,False,0.3896645656926349,0.9993522719664221,4357,6799,False,False,False,False
5694,CSS_J083214.6+132713,EW,EW,False,False,0.4055051160027608,1.0033940423148855,3126,6558,False,False,False,False
5695,CSS_J105012.2-122541,EW,EW,False,False,0.3799131699936645,1.0321314010968474,5300,4872,False,False,False,False
5696,CSS_J101547.1-030307,EW,EW,False,False,0.3568307411927205,1.0791479672752353,7675,3031,False,False,False,False
5697,CSS_J081908.6+151842,EW,EW,False,False,0.40057286576933754,1.183804135411826,3454,1202,False,False,False,False
5698,CSS_J161728.9+042034,RRd,RRab,True,True,0.3703828020524782,1.055514182706102,6360,3817,False,False,False,False
5699,CSS_J152746.3-182754,EW,EW,False,False,0.4244896174895648,1.1056364536185233,2219,2364,False,False,False,False
5700,CSS_J005643.7+325335,EW,EW,False,False,0.3949057480227458,1.0983932337190203,3874,2539,False,False,False,False
5701,CSS_J121122.4-113207,EA,EA,False,False,0.48184117053121195,1.0879721944129652,807,2778,False,False,False,False
5702,CSS_J175209.5+424121,EW,EW,False,False,0.3658758107006725,1.005956350386152,6831,6386,False,False,False,False
5703,CSS_J090318.7+351256,EW,EW,False,False,0.4775424835331404,1.1125888042456986,881,2216,False,False,False,False
5704,CSS_J160925.6+160749,RRc,RRc,False,False,0.37319941005240226,1.1083366072322154,6057,2307,False,False,False,False
5705,CSS_J030552.8+022326,EW,EW,False,False,0.3921796687539167,1.0728507327942807,4122,3212,False,False,False,False
5706,CSS_J044943.5+100049,RRc,RRab,True,False,0.44420869585970146,1.3614276685297961,1565,329,False,False,False,False
5707,CSS_J052752.1+051500,RS CVn,EW,True,True,0.44865757403653883,1.1365868025753836,1452,1787,False,False,False,False
5708,CSS_J084406.5+002043,EW,EW,False,False,0.39049858905573787,1.264044834348082,4278,662,False,False,False,False
5709,CSS_J050419.3-121739,EW,EW,False,False,0.3587338103945402,1.0713694550018096,7535,3252,False,False,False,False
5710,CSS_J161458.4+153927,EW,EW,False,False,0.3738539335148056,1.0294985859008585,5975,4990,False,False,False,False
5711,CSS_J083643.6+030022,EA,EW,True,False,0.3941804824739913,1.0112593762848823,3934,6043,False,False,False,False
5712,CSS_J114517.9+005907,EW,EW,False,False,0.3661410192544111,1.0417662793234141,6803,4427,False,False,False,False
5713,CSS_J061055.9-075339,EW,RRc,True,False,0.44239541370572905,1.1857743903420424,1615,1182,False,False,False,False
5714,CSS_J013318.2-110639,RRd,RRc,True,True,0.37337591083249233,0.9631406886891352,6035,7993,False,False,False,False
5715,CSS_J161750.6+044131,RRc,RRc,False,False,0.3797253560509033,1.1250430929576019,5319,1978,False,False,False,False
5716,CSS_J212743.1+180305,EW,EW,False,False,0.35638382980470906,1.0149578636970364,7707,5800,False,False,False,False
5717,CSS_J095443.8-010421,EW,EW,False,False,0.40196811684337136,1.2829709048415356,3350,577,False,False,False,False
5718,CSS_J083011.6+332717,EW,EW,False,False,0.3650284743376762,1.1177946698885282,6930,2121,False,False,False,False
5719,CSS_J054638.1+050919,EW,EW,False,False,0.3535884539674437,0.9915942221787496,7880,7231,False,False,False,False
5720,CSS_J020833.8+183924,EW,EW,False,False,0.36984950257761934,0.997054924550374,6412,6916,False,False,False,False
5721,CSS_J224459.7+050254,EW,EW,False,False,0.4201156744444316,1.089863041492189,2402,2727,False,False,False,False
5722,CSS_J034835.7+293025,EW,EW,False,False,0.4109150492003624,1.0910226499078604,2857,2698,False,False,False,False
5723,CSS_J055845.1-130330,EW,EW,False,False,0.363371254762948,1.0339208068017443,7082,4780,False,False,False,False
5724,CSS_J003352.7+314829,EW,EW,False,False,0.43662158175528887,1.2927707590747661,1804,548,False,False,False,False
5725,CSS_J234034.2+344236,RS CVn,EW,True,True,0.36406849031173416,1.1845692222126665,7018,1194,False,False,False,False
5726,CSS_J090751.2+241845,EW,EW,False,False,0.4685720890152292,1.000275635252057,1042,6747,False,False,False,False
5727,CSS_J150737.2+145509,EW,EW,False,False,0.41646742765207123,1.0627927897021876,2565,3556,False,False,False,False
5728,CSS_J161911.0-153605,EW,EW,False,False,0.3520116674534605,0.9996943356558115,7957,6781,False,False,False,False
5729,CSS_J023936.5-182907,EW,EW,False,False,0.3735436985141121,1.0781094050461788,6014,3062,False,False,False,False
5730,CSS_J205849.7-074730,RRc,RRc,False,False,0.3780812567119847,1.0883868594442876,5465,2765,False,False,False,False
5731,CSS_J211431.6+105130,EW,EW,False,False,0.3862291088744132,1.1015492919148084,4654,2458,False,False,False,False
5732,CSS_J131755.0-073201,RRab,RRab,False,False,0.48960664448373276,1.101591787057634,683,2455,False,False,False,False
5733,CSS_J163506.4+283852,EW,EW,False,False,0.35261827433941156,0.9893648477012322,7938,7360,False,False,False,False
5734,CSS_J212410.3+185150,EW,EW,False,False,0.3916011491083129,1.0331131629005381,4178,4816,False,False,False,False
5735,CSS_J020354.1-082556,EW,EW,False,False,0.36488745732259625,1.0245895937409368,6947,5259,False,False,False,False
5736,CSS_J041047.1+131721,EW,RRc,True,False,0.3937777315324662,1.030626375012046,3963,4947,False,False,False,False
5737,CSS_J075618.0+360634,EW,EA,True,False,0.4531209025541482,1.1621136559203595,1356,1448,False,False,False,False
5738,CSS_J230251.3+225839,RS CVn,EW,True,True,0.3641616761053301,1.013057821119954,7004,5913,False,False,False,False
5739,CSS_J044102.4+322634,EW,EW,False,False,0.3677784342721832,1.0106988909772556,6634,6079,False,False,False,False
5740,CSS_J113819.6+262042,EW,EW,False,False,0.3935974547882128,1.145315643775165,3981,1667,False,False,False,False
5741,CSS_J232716.7+260052,EW,EW,False,False,0.36325593055112243,1.3407129569715663,7094,382,False,False,False,False
5742,CSS_J023536.1+342348,EW,EW,False,False,0.383058646778832,1.0514219113491041,4967,3996,False,False,False,False
5743,CSS_J095820.4-010738,EW,EW,False,False,0.3512371389236962,1.0833789282819943,7979,2899,False,False,False,False
5744,CSS_J005714.8+003428,EW,EW,False,False,0.400065428901981,0.9959503430664354,3496,6980,False,False,False,False
5745,CSS_J110632.3+162334,EW,EW,False,False,0.373959213657722,1.3327323625959238,5965,402,False,False,False,False
5746,CSS_J121136.5-072126,EW,EW,False,False,0.40236680045275486,1.173120285537665,3324,1307,False,False,False,False
5747,CSS_J224916.7+344514,EW,EW,False,False,0.3818688181564928,1.0057651209943783,5087,6405,False,False,False,False
5748,CSS_J223058.9+032408,EW,EW,False,False,0.3873873095310993,1.027401583573408,4550,5107,False,False,False,False
5749,CSS_J030615.5+192817,EA,EA,False,False,0.51050087458495,1.0446886830314377,461,4298,False,False,False,False
5750,CSS_J203340.5-020940,RRab,RRab,False,False,0.4450667549291222,1.2215955564116563,1550,896,False,False,False,False
5751,CSS_J210728.7-020902,EW,EW,False,False,0.3730013049582301,1.0252635377554833,6078,5229,False,False,False,False
5752,CSS_J124305.8+144832,EW,EW,False,False,0.40311196157239193,1.0688318413731392,3278,3342,False,False,False,False
5753,CSS_J012055.1+421020,RS CVn,EW,True,True,0.36865100974253195,1.0471208674411792,6535,4182,False,False,False,False
5754,CSS_J031729.8+184419,RRab,RRab,False,False,0.49044730541635184,1.0990067472441383,675,2520,False,False,False,False
5755,CSS_J045552.5-090407,EA,EA,False,False,0.49910439927617795,1.0192014165926595,569,5548,False,False,False,False
5756,CSS_J180029.8+413721,RRc,RRc,False,False,0.3868285086183284,1.0433891513491966,4600,4349,False,False,False,False
5757,CSS_J082455.4-033336,EW,EW,False,False,0.38964033612724847,1.138477785936174,4360,1752,False,False,False,False
5758,CSS_J090412.9+202331,EW,EW,False,False,0.4577468113114769,1.1288728808469721,1259,1912,False,False,False,False
5759,CSS_J173736.0+480356,EW,EW,False,False,0.3695265107842886,1.0074251891112413,6448,6290,False,False,False,False
5760,CSS_J215926.5-103030,EW,EW,False,False,0.3682066894774786,1.0366711311977916,6594,4647,False,False,False,False
5761,CSS_J035243.2+040032,EW,EW,False,False,0.372343937126633,0.9905143592514071,6155,7293,False,False,False,False
5762,CSS_J072957.0+614429,EW,EW,False,False,0.3666435357949738,1.0024536131776536,6750,6615,False,False,False,False
5763,CSS_J043524.0+070059,EW,EW,False,False,0.4022284563509011,1.1133372577787797,3337,2206,False,False,False,False
5764,CSS_J043241.5-043820,EW,EW,False,False,0.49800319160632905,1.0402001500918,582,4487,False,False,False,False
5765,CSS_J114824.5+242042,EW,EW,False,False,0.3751756023693751,1.0312420947400367,5814,4916,False,False,False,False
5766,CSS_J143304.9+032156,EA,EW,True,False,0.47359796483985483,1.182807686390164,948,1211,False,False,False,False
5767,CSS_J100539.0-060707,EW,EW,False,False,0.41334435001739855,0.9861325607443534,2722,7538,False,False,False,False
5768,CSS_J171839.0+083419,EW,EW,False,False,0.3644300693628703,1.108188886842761,6981,2312,False,False,False,False
5769,CSS_J154000.8+310817,EW,EW,False,False,0.41086660947235215,1.0858709594555038,2860,2838,False,False,False,False
5770,CSS_J223646.6+195604,EW,EW,False,False,0.35984388748550844,1.0221762070177323,7437,5386,False,False,False,False
5771,CSS_J012913.1+343217,EW,EW,False,False,0.4352839328551981,1.310586555849743,1843,466,False,False,False,False
5772,CSS_J071702.6+332551,EW,EW,False,False,0.45014209706559466,1.3130233404447877,1415,459,False,False,False,False
5773,CSS_J084122.7-022524,EW,EW,False,False,0.4622889330697664,1.5980463088099368,1158,71,False,True,False,False
5774,CSS_J040016.9+363434,EW,EW,False,False,0.40467217552555323,1.0489160411777496,3188,4093,False,False,False,False
5775,CSS_J011026.1+285359,EW,EW,False,False,0.39783039349024063,1.1325144376271354,3652,1855,False,False,False,False
5776,CSS_J143303.4+402845,EW,EW,False,False,0.4210984657100287,1.0479063150849608,2359,4142,False,False,False,False
5777,CSS_J042439.6-105246,EW,EW,False,False,0.35150356330235044,1.0050093593597347,7972,6448,False,False,False,False
5778,CSS_J004155.1+322733,EW,EW,False,False,0.4083857522038121,1.1713756162402285,2978,1327,False,False,False,False
5779,CSS_J151033.1+124228,EW,EW,False,False,0.3781395426204687,1.0192800088793554,5460,5542,False,False,False,False
5780,CSS_J034604.7-034436,EW,EW,False,False,0.40554876825712016,1.174295709640433,3123,1291,False,False,False,False
5781,CSS_J055343.2-071944,EW,EW,False,False,0.40217243452000623,1.3145106371740292,3341,451,False,False,False,False
5782,CSS_J175205.2+310337,EW,EW,False,False,0.38247935437015235,1.0435778616021003,5016,4346,False,False,False,False
5783,CSS_J133751.0+081256,EW,EW,False,False,0.3825438505084868,1.0254329893498773,5011,5219,False,False,False,False
5784,CSS_J050009.1+145028,EW,EW,False,False,0.416811264196921,1.071064719501509,2546,3266,False,False,False,False
5785,CSS_J050854.8+114347,EW,EW,False,False,0.4105901390607446,1.0571957575261006,2872,3761,False,False,False,False
5786,CSS_J141326.3+334159,EW,EW,False,False,0.35737439772239926,0.9948608988910579,7627,7046,False,False,False,False
5787,CSS_J002523.3-031523,RRc,RRc,False,False,0.37325169256442065,1.016950281901999,6053,5697,False,False,False,False
5788,CSS_J155148.1+523426,EW,EW,False,False,0.3947950398331305,1.0272038548375773,3889,5123,False,False,False,False
5789,CSS_J070727.7+411738,EW,EW,False,False,0.37290674125823947,1.0076964519467138,6094,6278,False,False,False,False
5790,CSS_J043442.7+012852,EW,EW,False,False,0.35564198870757724,1.0710048276336164,7752,3269,False,False,False,False
5791,CSS_J044953.0-014650,RS CVn,EW,True,True,0.3750788599986735,1.066244910429394,5824,3439,False,False,False,False
5792,CSS_J032041.9+330551,EW,EW,False,False,0.36162134630312504,1.1659104764357313,7264,1396,False,False,False,False
5793,CSS_J043711.7+064606,EW,EW,False,False,0.37642282611244826,1.0819888198526422,5659,2942,False,False,False,False
5794,CSS_J211018.4+143612,EW,EW,False,False,0.3894168673072175,0.992784385374707,4380,7154,False,False,False,False
5795,CSS_J091703.5+010557,EW,EW,False,False,0.3838869055762976,1.023569554119325,4883,5320,False,False,False,False
5796,CSS_J051612.9+081738,EW,EW,False,False,0.3573368915162096,0.9985565575481319,7632,6843,False,False,False,False
5797,CSS_J063551.4+525908,EW,EW,False,False,0.4090225376080466,1.2106474004180912,2945,979,False,False,False,False
5798,CSS_J002809.2+314152,EW,EW,False,False,0.3652570051928523,1.0162069789019872,6907,5736,False,False,False,False
5799,CSS_J221604.0+255836,EW,EW,False,False,0.36541950168181203,0.9879859920025081,6894,7429,False,False,False,False
5800,CSS_J114013.7+131105,RRc,EW,True,False,0.4042550416104446,1.0842308569048424,3222,2878,False,False,False,False
5801,CSS_J175002.7+324148,EW,EA,True,False,0.4544304619405923,1.0742639874024895,1331,3169,False,False,False,False
5802,CSS_J162809.4+041309,EW,EW,False,False,0.5114148142012954,1.4359552050486795,451,212,False,False,False,False
5803,CSS_J083005.4+482305,EW,EW,False,False,0.4581144179619018,1.230940257693367,1251,828,False,False,False,False
5804,CSS_J170220.6+080144,EW,EW,False,False,0.37960967007819024,1.0681209562367289,5332,3365,False,False,False,False
5805,CSS_J103233.5+362054,EA,EA,False,False,0.629015192566034,1.0951608072194599,99,2599,True,False,False,False
5806,CSS_J161539.6+124723,EW,EA,True,False,0.4023651388299415,0.9858469154870437,3325,7550,False,False,False,False
5807,CSS_J032253.7+341309,EW,EW,False,False,0.3631161563874361,1.064124339621519,7110,3507,False,False,False,False
5808,CSS_J090110.2+143310,EW,EW,False,False,0.3544422660281692,0.9843649479608239,7827,7618,False,False,False,False
5809,CSS_J224507.9+112321,EA,EW,True,False,0.37746174245090297,1.0165577329968776,5535,5720,False,False,False,False
5810,CSS_J235904.6+383409,EW,RRc,True,False,0.39140333786520054,1.1604651341206556,4195,1472,False,False,False,False
5811,CSS_J111851.3+192032,EW,EW,False,False,0.40472150615181474,1.0193773243934048,3184,5538,False,False,False,False
5812,CSS_J133034.7+494409,EW,EW,False,False,0.42758713498746154,1.0018036518363298,2091,6654,False,False,False,False
5813,CSS_J035102.8-024503,EW,EW,False,False,0.4458442855837648,1.346351049034368,1523,367,False,False,False,False
5814,CSS_J011337.8+064243,RRc,RRab,True,False,0.3679307991235754,1.12023159304801,6620,2072,False,False,False,False
5815,CSS_J025614.5+392424,EA,EA,False,False,0.41615476996900697,0.9994144753573364,2577,6794,False,False,False,False
5816,CSS_J172404.0+065320,RRab,RRab,False,False,0.40535892725439493,1.0430468619892563,3138,4366,False,False,False,False
5817,CSS_J210222.9-154254,RRc,RRc,False,False,0.40324231329150567,1.0334486590561756,3275,4802,False,False,False,False
5818,CSS_J045253.0+000604,EW,EW,False,False,0.3703537422933519,1.0897403009147375,6365,2733,False,False,False,False
5819,CSS_J132434.2+125756,EW,EW,False,False,0.36312564598801256,1.04740060738136,7108,4170,False,False,False,False
5820,CSS_J111702.4+184301,RRc,RRc,False,False,0.36874853769534266,1.2228914194952707,6523,889,False,False,False,False
5821,CSS_J011355.3+303033,EA,EA,False,False,0.496120910934723,1.0899188043368575,602,2724,False,False,False,False
5822,CSS_J082539.0+401944,RRab,RRc,True,False,0.4509949914672303,1.069926407185074,1395,3302,False,False,False,False
5823,CSS_J104727.4-050211,EW,EW,False,False,0.40449458594334403,1.1529243835072545,3203,1560,False,False,False,False
5824,CSS_J041413.2+200826,EW,EW,False,False,0.3634298336086289,1.0021392814274375,7074,6634,False,False,False,False
5825,CSS_J155854.1+463549,EW,EW,False,False,0.3799199075240394,1.1953010041682655,5299,1097,False,False,False,False
5826,CSS_J165239.1+145136,RRc,RRc,False,False,0.3979636158762641,1.0000006455376211,3638,6767,False,False,False,False
5827,CSS_J045018.5+105631,RRab,RRab,False,False,0.5414828532731617,1.3805447784026121,294,296,False,False,False,False
5828,CSS_J135907.5-020026,EW,EW,False,False,0.47652493684502684,1.1602426762743527,899,1475,False,False,False,False
5829,CSS_J154332.7+421436,EW,EW,False,False,0.3928919681428903,0.9855187700813677,4056,7566,False,False,False,False
5830,CSS_J014606.3+265901,EW,EW,False,False,0.3595921342034613,1.0480899562527655,7466,4130,False,False,False,False
5831,CSS_J201536.0-121947,RRc,EW,True,False,0.38475144272578,1.6269430486150633,4792,62,False,True,False,False
5832,CSS_J030733.6+330930,EA,EA,False,False,0.4519540950725847,0.9928999973943187,1376,7145,False,False,False,False
5833,CSS_J042733.3+251122,EW,EW,False,False,0.3706409389833734,1.0311349862126775,6333,4921,False,False,False,False
5834,CSS_J051124.6+074413,EW,EW,False,False,0.38527249450395484,1.0700757561667775,4743,3297,False,False,False,False
5835,CSS_J215047.4+143417,EW,EW,False,False,0.3832463997527989,1.065802331874209,4948,3453,False,False,False,False
5836,CSS_J091909.5+323235,EW,EW,False,False,0.39370774102057055,1.1155991194713761,3974,2163,False,False,False,False
5837,CSS_J205653.3-133215,EA,EA,False,False,0.4420350213574277,0.9985092238884855,1623,6852,False,False,False,False
5838,CSS_J221247.4+182410,EW,EW,False,False,0.37515664621303735,1.0272234670759361,5817,5121,False,False,False,False
5839,CSS_J161012.7+400907,RRc,RRc,False,False,0.3962563106786849,1.0344818161359244,3766,4755,False,False,False,False
5840,CSS_J013728.1+084637,EW,EW,False,False,0.36948807272112416,1.0739196244173432,6452,3177,False,False,False,False
5841,CSS_J204445.1-015731,EW,EW,False,False,0.4312024008499346,1.090915826921039,1973,2700,False,False,False,False
5842,CSS_J174504.1+420852,EW,EW,False,False,0.3698678881851262,1.0982098529560882,6410,2543,False,False,False,False
5843,CSS_J115034.8+384031,EW,EW,False,False,0.46507937633669577,1.1066334082693365,1106,2341,False,False,False,False
5844,CSS_J213701.2+113019,EW,EW,False,False,0.3672749438562961,1.0263264084624586,6685,5166,False,False,False,False
5845,CSS_J113258.7+260500,EW,EW,False,False,0.4043577228767557,1.073061698299886,3216,3205,False,False,False,False
5846,CSS_J084420.4-101543,EW,EW,False,False,0.4096327382160498,1.1947676660443736,2913,1101,False,False,False,False
5847,CSS_J132642.3+243230,EW,EW,False,False,0.37469139688242376,1.0090073519347027,5875,6186,False,False,False,False
5848,CSS_J062411.3+535818,EW,EW,False,False,0.4688319905746768,1.189293623570585,1036,1141,False,False,False,False
5849,CSS_J205837.9+000843,EW,EW,False,False,0.3905674747613692,1.0626165920546629,4271,3565,False,False,False,False
5850,CSS_J153447.5+362121,EW,EW,False,False,0.3654095112497886,1.0476298279794423,6897,4158,False,False,False,False
5851,CSS_J092954.4+154935,EW,EW,False,False,0.42522533672796986,1.0795193328167472,2192,3020,False,False,False,False
5852,CSS_J103329.1+032627,RRd,RRd,False,True,0.3822631050379661,1.0189626192081185,5038,5563,False,False,False,False
5853,CSS_J051702.4+085150,EW,EW,False,False,0.39848757383022854,1.0541321854033652,3607,3878,False,False,False,False
5854,CSS_J085802.0+282634,EW,EW,False,False,0.38746904231383134,1.0147560116707466,4540,5817,False,False,False,False
5855,CSS_J220408.0+025004,EW,EW,False,False,0.38383655209628437,0.9933564901613504,4893,7125,False,False,False,False
5856,CSS_J174215.0+193625,EW,EW,False,False,0.3773747626895348,1.0340054430665737,5545,4778,False,False,False,False
5857,CSS_J154718.5+541517,EW,EW,False,False,0.38552841396821014,1.0314969976771897,4715,4903,False,False,False,False
5858,CSS_J231530.5+281646,EW,EW,False,False,0.3637438465603095,1.0329739707234318,7052,4822,False,False,False,False
5859,CSS_J022808.2+040406,EW,EW,False,False,0.36997048950673517,1.0702070637698944,6401,3292,False,False,False,False
5860,CSS_J233735.2+421306,RRc,EW,True,False,0.37987169244914304,1.048007754814791,5304,4134,False,False,False,False
5861,CSS_J152605.0-115200,EW,EW,False,False,0.37684562874267524,1.1957523105567744,5610,1092,False,False,False,False
5862,CSS_J212258.6+185000,RRc,RRc,False,False,0.370383546150042,0.9979490653964221,6359,6878,False,False,False,False
5863,CSS_J171921.3+352435,EW,EW,False,False,0.4716584630131713,1.0977708831641722,993,2554,False,False,False,False
5864,CSS_J085907.2+144938,EW,EW,False,False,0.4049486619127929,1.0451229000159508,3170,4275,False,False,False,False
5865,CSS_J023904.4+314603,EW,EW,False,False,0.36716633725744735,0.9714550398596126,6692,7943,False,False,False,False
5866,CSS_J180235.9+270432,RRc,EW,True,False,0.42027758170444457,1.1697666049092632,2394,1342,False,False,False,False
5867,CSS_J103145.1+050513,EW,EW,False,False,0.3852837532203837,1.0096363446648244,4740,6140,False,False,False,False
5868,CSS_J231016.8+264308,EW,EW,False,False,0.4538821979582232,1.379077330157507,1343,299,False,False,False,False
5869,CSS_J222555.4+073909,EW,RRc,True,False,0.38368634060666146,1.1038416022427655,4904,2398,False,False,False,False
5870,CSS_J211227.3-013322,EW,EW,False,False,0.3781776935756062,1.0190267613863793,5457,5556,False,False,False,False
5871,CSS_J045331.9+043403,EW,EW,False,False,0.41794249563033414,1.2747471423270496,2492,613,False,False,False,False
5872,CSS_J024914.0+372558,EW,EW,False,False,0.36353588630173733,1.1285960041685061,7067,1919,False,False,False,False
5873,CSS_J090622.9-031800,EW,EW,False,False,0.4359633489237338,1.0510790158753112,1819,4014,False,False,False,False
5874,CSS_J042245.6+292636,EW,EW,False,False,0.39316105168121046,1.0651816660924511,4021,3475,False,False,False,False
5875,CSS_J152733.9-125455,EW,EW,False,False,0.37304360965522587,1.0894083815272204,6073,2746,False,False,False,False
5876,CSS_J145411.9+061324,RRc,RRc,False,False,0.36827800735832217,0.9833540334889564,6584,7660,False,False,False,False
5877,CSS_J213450.2+144526,EA,EW,True,False,0.39447112450112554,1.0431247317966876,3914,4361,False,False,False,False
5878,CSS_J075322.6+090154,RRab,RRab,False,False,0.4078374522165933,1.1263761778364398,3006,1958,False,False,False,False
5879,CSS_J170321.3+220025,EW,EW,False,False,0.3744303493943651,1.0536234990703968,5913,3894,False,False,False,False
5880,CSS_J165508.1-041452,EA,EA,False,False,0.4664074231256026,1.020518490136917,1081,5481,False,False,False,False
5881,CSS_J205236.4+032752,EW,EW,False,False,0.48111282905263697,0.9874503025985483,816,7455,False,False,False,False
5882,CSS_J133031.2+150925,EW,EW,False,False,0.3587893621529103,0.985377514778893,7530,7574,False,False,False,False
5883,CSS_J232808.7+130050,EW,EW,False,False,0.41235930888808675,1.0785083338655639,2778,3050,False,False,False,False
5884,CSS_J085827.5+421009,EW,EW,False,False,0.37719376749844297,1.0043430229533685,5563,6495,False,False,False,False
5885,CSS_J153430.5-101651,RRc,RRc,False,False,0.39180904001479366,1.1215360075820127,4163,2043,False,False,False,False
5886,CSS_J015016.0+384816,EW,EW,False,False,0.3994467377965545,1.0236762273600952,3548,5310,False,False,False,False
5887,CSS_J111417.9+183425,EW,EW,False,False,0.3656902245435568,0.9968155649625652,6852,6923,False,False,False,False
5888,CSS_J032834.4+101118,RRab,RRc,True,False,0.4219053569769334,1.0092048567531158,2316,6169,False,False,False,False
5889,CSS_J160355.4+284726,EW,EW,False,False,0.4028131657613205,1.117921554062392,3297,2118,False,False,False,False
5890,CSS_J134451.9-183333,RRc,RRc,False,False,0.41325493346132514,1.1458790601981752,2729,1661,False,False,False,False
5891,CSS_J212953.6-123805,EW,EW,False,False,0.37712056260297344,1.057282929377826,5571,3756,False,False,False,False
5892,CSS_J211822.0-060814,RRc,EW,True,False,0.41856448776966537,1.121135855038168,2469,2051,False,False,False,False
5893,CSS_J005012.5+070302,EW,EW,False,False,0.35808761505587783,1.1137470156369937,7586,2200,False,False,False,False
5894,CSS_J061339.4-105743,EW,EW,False,False,0.40844121683877865,1.1429375817473144,2975,1694,False,False,False,False
5895,CSS_J044821.6+002220,EW,EW,False,False,0.3899703848424928,1.0034231083500744,4330,6556,False,False,False,False
5896,CSS_J084516.6+001901,EA,EW,True,False,0.4412293437846289,1.088323751116981,1646,2767,False,False,False,False
5897,CSS_J161250.3+050521,EW,EW,False,False,0.3935785536410253,0.9917305336095585,3985,7221,False,False,False,False
5898,CSS_J072411.7+304854,EW,EW,False,False,0.3995028015752204,1.0012413845035195,3543,6684,False,False,False,False
5899,CSS_J080030.8+292412,EA,EA,False,False,0.4833866058388118,1.3155899685779384,782,448,False,False,False,False
5900,CSS_J212346.2+111011,EW,EW,False,False,0.3624889101428437,1.0279076616465095,7178,5081,False,False,False,False
5901,CSS_J234029.5+200001,RRc,EW,True,False,0.3810952730545267,1.1635806116517862,5176,1431,False,False,False,False
5902,CSS_J005013.5+405932,EW,EW,False,False,0.37818207272614845,1.0266530132798197,5455,5148,False,False,False,False
5903,CSS_J220259.8+180800,EW,EW,False,False,0.3607772908483435,1.0059438952329476,7347,6390,False,False,False,False
5904,CSS_J022227.8+295454,EW,EW,False,False,0.37430088587421556,1.0504943575085854,5927,4039,False,False,False,False
5905,CSS_J043222.4+381346,EW,EW,False,False,0.3804165938909488,1.1025534781575423,5247,2432,False,False,False,False
5906,CSS_J095648.1+082529,EW,EW,False,False,0.3826242737179595,1.0614317145994558,5004,3605,False,False,False,False
5907,CSS_J054829.1-173606,EW,EW,False,False,0.35425806086670236,1.0111570500137386,7837,6049,False,False,False,False
5908,CSS_J163725.2-111418,EW,EW,False,False,0.36099036669138784,1.0661421056302898,7321,3443,False,False,False,False
5909,CSS_J211643.6+005102,EW,EW,False,False,0.408958552789049,1.02547485540877,2949,5216,False,False,False,False
5910,CSS_J231402.9+265807,EA,EA,False,False,0.5280220294963974,1.0490799860406494,358,4088,False,False,False,False
5911,CSS_J090752.1+230240,EW,EW,False,False,0.4113897673775099,1.0286810705208813,2832,5034,False,False,False,False
5912,CSS_J150940.0+214841,EA,EA,False,False,0.41881008429556554,1.2640322907002497,2456,663,False,False,False,False
5913,CSS_J091303.5+174344,EW,EW,False,False,0.3874625923499309,1.0601633131512176,4541,3645,False,False,False,False
5914,CSS_J234100.8+330959,EW,EW,False,False,0.3812661038158832,1.077546315896021,5157,3084,False,False,False,False
5915,CSS_J084543.8-063534,EA,EA,False,False,0.4218862049495331,1.0895901377645751,2318,2740,False,False,False,False
5916,CSS_J170149.1+124526,EW,EW,False,False,0.40556491106227716,0.9764755211979459,3121,7856,False,False,False,False
5917,CSS_J160449.2+161101,RRc,EW,True,False,0.3821008911921044,1.0613854080516258,5054,3608,False,False,False,False
5918,CSS_J231651.4-192236,RRc,EW,True,False,0.37743375986489114,1.1068130916448686,5538,2335,False,False,False,False
5919,CSS_J110247.9+431953,EW,EW,False,False,0.43208154861041465,1.020754932500548,1942,5469,False,False,False,False
5920,CSS_J011157.2-071957,EW,EW,False,False,0.3766721695404436,1.02432577634861,5630,5276,False,False,False,False
5921,CSS_J080115.8+540126,EW,EW,False,False,0.3699821522625112,1.007702257073285,6400,6277,False,False,False,False
5922,CSS_J085857.0+671753,EW,EW,False,False,0.4271980261391191,1.028137391016234,2107,5066,False,False,False,False
5923,CSS_J030556.1+295917,EW,EW,False,False,0.3705987306458324,1.0551005126437238,6339,3836,False,False,False,False
5924,CSS_J053112.6-192248,RRc,RRc,False,False,0.3602855909571391,1.031820485528759,7396,4889,False,False,False,False
5925,CSS_J225404.4+240205,EW,EW,False,False,0.3717237889236582,0.9746214780606524,6226,7887,False,False,False,False
5926,CSS_J091536.7+154255,RRc,RRab,True,False,0.3912705378952056,1.3817389532098363,4210,292,False,False,False,False
5927,CSS_J042340.3+275151,RRab,RRab,False,False,0.45634425774563564,1.1105820528783314,1288,2259,False,False,False,False
5928,CSS_J211231.5+044525,EW,EW,False,False,0.38417529509582715,1.1069604658956336,4850,2332,False,False,False,False
5929,CSS_J172350.6+504650,EW,EW,False,False,0.4287342949547147,1.3358814190240529,2042,394,False,False,False,False
5930,CSS_J230846.5+000956,EW,EW,False,False,0.35246305474709466,1.028990063403016,7943,5018,False,False,False,False
5931,CSS_J230542.0+380209,EW,EW,False,False,0.3727882275349684,0.9816119849027191,6104,7731,False,False,False,False
5932,CSS_J052507.2+090741,EW,EW,False,False,0.38198839050870603,0.9919885036501705,5072,7208,False,False,False,False
5933,CSS_J131918.3+461325,RRab,RRab,False,False,0.44163412948749825,1.0932027908832613,1635,2640,False,False,False,False
5934,CSS_J234502.6+371537,EW,EW,False,False,0.40634685929052183,0.9933256813348408,3079,7127,False,False,False,False
5935,CSS_J052325.5+110332,EW,EW,False,False,0.3872530815018282,1.0974829139036821,4560,2558,False,False,False,False
5936,CSS_J033220.7+192005,RRc,RRab,True,False,0.49305206521231165,1.2493114604488498,641,730,False,False,False,False
5937,CSS_J003449.3+343709,EW,EW,False,False,0.43590518619633545,1.0524483707268968,1820,3962,False,False,False,False
5938,CSS_J091429.9+032325,EW,EW,False,False,0.40132871201010084,1.1468054411691602,3396,1647,False,False,False,False
5939,CSS_J163355.6+253151,RRc,RRc,False,False,0.36598865251854706,0.9948531364424447,6820,7047,False,False,False,False
5940,CSS_J074804.4+434043,EW,EW,False,False,0.47398525718126355,1.1215586075815271,939,2042,False,False,False,False
5941,CSS_J152328.8+442818,EA,EA,False,False,0.5352083523428482,1.1009646915000517,324,2477,False,False,False,False
5942,CSS_J040208.9+355330,EW,EW,False,False,0.4012549285677963,1.0686594779170178,3404,3350,False,False,False,False
5943,CSS_J075453.7+272849,EW,EW,False,False,0.41584128797992537,1.0374858384515018,2594,4609,False,False,False,False
5944,CSS_J152221.6+522843,RRd,EW,True,True,0.3926080431440584,1.2676241300047575,4081,640,False,False,False,False
5945,CSS_J101533.2-121952,EW,EW,False,False,0.405123728871133,1.226823570576513,3155,855,False,False,False,False
5946,CSS_J051718.0+015005,EW,EW,False,False,0.47389024845973404,1.0528126368121589,942,3933,False,False,False,False
5947,CSS_J030729.9+014412,EW,EW,False,False,0.3547203065996949,1.0891284966758785,7813,2750,False,False,False,False
5948,CSS_J165920.5+275932,EW,EW,False,False,0.44417285046755683,1.0189386719400733,1566,5568,False,False,False,False
5949,CSS_J141208.1-015208,EW,EW,False,False,0.3542495851702989,1.0162936590717666,7838,5733,False,False,False,False
5950,CSS_J010208.4+353518,EW,EW,False,False,0.3613374977407997,1.0230340912472422,7288,5335,False,False,False,False
5951,CSS_J213614.2-091103,EW,EW,False,False,0.388881325096063,1.1091159079622446,4431,2286,False,False,False,False
5952,CSS_J211630.4+084501,RRc,EW,True,False,0.36713352874483923,0.9873872348634178,6697,7457,False,False,False,False
5953,CSS_J154851.1+390448,RRd,RRc,True,True,0.3688216849513257,0.9916747539903273,6515,7224,False,False,False,False
5954,CSS_J043004.2+213128,EW,EW,False,False,0.4353865827772679,1.0377180523612595,1836,4598,False,False,False,False
5955,CSS_J041721.6+331009,EW,EW,False,False,0.3670633957256289,1.0313238794235131,6707,4911,False,False,False,False
5956,CSS_J173905.4+191414,EW,EW,False,False,0.39954475954122176,1.1004475675306482,3537,2488,False,False,False,False
5957,CSS_J090455.6-091747,EW,EW,False,False,0.398757638784275,1.118350087721965,3593,2111,False,False,False,False
5958,CSS_J150928.5+071621,EW,EW,False,False,0.35695555099594917,1.0987025069870293,7669,2531,False,False,False,False
5959,CSS_J140425.9+240213,RRc,RRc,False,False,0.36250444993935366,0.9910659170382103,7174,7265,False,False,False,False
5960,CSS_J070931.0+412142,EW,EA,True,False,0.46327050451459856,1.019015619490361,1138,5558,False,False,False,False
5961,CSS_J042311.0+232005,EW,EW,False,False,0.41369035317385183,1.1152651181642916,2702,2169,False,False,False,False
5962,CSS_J044626.7+221631,EW,EW,False,False,0.3640166399406085,1.047845106378975,7027,4148,False,False,False,False
5963,CSS_J084756.2+271333,EW,EW,False,False,0.38842715214616386,1.092036541650932,4466,2675,False,False,False,False
5964,CSS_J165257.2-031129,RRc,EW,True,False,0.37371407635365705,1.2522582173656462,5993,716,False,False,False,False
5965,CSS_J104129.3-140317,EA,EA,False,False,0.47872802993866576,1.0956502330668791,859,2593,False,False,False,False
5966,CSS_J172556.8+191520,RS CVn,RS CVn,False,True,0.4391088880560022,1.1017675098060735,1718,2450,False,False,False,False
5967,CSS_J141501.5+151516,EW,EW,False,False,0.3571086601592634,1.0007980480655427,7655,6719,False,False,False,False
5968,CSS_J062617.5+494224,EW,EW,False,False,0.3629098288332535,0.992479204384041,7133,7171,False,False,False,False
5969,CSS_J045226.6+152519,EW,EW,False,False,0.37108460664405696,1.0034620415345836,6288,6555,False,False,False,False
5970,CSS_J210209.6-192249,EW,EW,False,False,0.3806871506304986,1.1091346366735648,5227,2284,False,False,False,False
5971,CSS_J040244.2+333211,EW,EW,False,False,0.4014659064350389,0.9986331897329153,3385,6841,False,False,False,False
5972,CSS_J014308.9+165711,EW,EW,False,False,0.39708711952267306,1.0089572983725967,3708,6192,False,False,False,False
5973,CSS_J234704.3-164059,RRc,EW,True,False,0.3773180381822497,1.1170511543266304,5553,2137,False,False,False,False
5974,CSS_J051626.9+113341,EW,EW,False,False,0.4236399400481339,1.0052377639535466,2261,6438,False,False,False,False
5975,CSS_J032432.8+262642,EA,EA,False,False,0.47982556946298854,1.053151014312493,833,3917,False,False,False,False
5976,CSS_J131553.2-031951,EW,EW,False,False,0.3703099859533287,1.084203217730015,6369,2879,False,False,False,False
5977,CSS_J230646.3+344335,EA,EA,False,False,0.46018410163773404,1.062292366614157,1203,3579,False,False,False,False
5978,CSS_J031022.7+005515,EW,EW,False,False,0.3671137997490807,1.0715584813206847,6700,3242,False,False,False,False
5979,CSS_J202825.3-021220,EW,EW,False,False,0.36642253201619235,1.1389266478911726,6772,1746,False,False,False,False
5980,CSS_J083236.2+401850,EA,EW,True,False,0.3995385659199602,1.037403154967342,3539,4613,False,False,False,False
5981,CSS_J001339.5-172907,RRab,RRab,False,False,0.49911115796907457,1.0326089985163367,568,4842,False,False,False,False
5982,CSS_J132108.8+033234,LPV,RS CVn,True,False,0.42689559015838885,1.234513591103201,2122,808,False,False,False,False
5983,CSS_J044705.2+193601,EW,EW,False,False,0.359861882535663,1.1316252196899437,7436,1871,False,False,False,False
5984,CSS_J005106.2+290942,RRc,RRc,False,False,0.3733661287853676,1.0297691751600575,6037,4979,False,False,False,False
5985,CSS_J140037.8-135609,RRab,RRab,False,False,0.41424300662252334,1.0494971435740552,2672,4073,False,False,False,False
5986,CSS_J175657.0+570233,EW,EW,False,False,0.36637999809497096,0.9904458424608691,6779,7298,False,False,False,False
5987,CSS_J074328.7+360725,EW,EW,False,False,0.6695103207296952,1.1585050390907154,62,1492,True,False,False,False
5988,CSS_J095628.2+060333,EW,EW,False,False,0.42583591814793187,1.0973395435614262,2172,2561,False,False,False,False
5989,CSS_J202320.3-182924,EW,EW,False,False,0.38968680587005994,1.1500939654076627,4354,1597,False,False,False,False
5990,CSS_J052054.4+003047,EW,EW,False,False,0.3695477618317266,1.0260966811077665,6444,5181,False,False,False,False
5991,CSS_J052401.5+013704,EW,EW,False,False,0.41506762369267136,1.1854214597818933,2626,1184,False,False,False,False
5992,CSS_J212323.9-072337,EW,RS CVn,True,False,0.40169046542064696,1.0834230463426084,3370,2894,False,False,False,False
5993,CSS_J182014.4+530408,EA,EA,False,False,0.5588025222233143,1.0061975200186417,229,6367,False,False,False,False
5994,CSS_J115758.8+331718,EW,EW,False,False,0.48405137693291983,1.2393638707948684,768,783,False,False,False,False
5995,CSS_J034622.7+364531,EW,EW,False,False,0.36872195911025585,1.0586510405079448,6529,3704,False,False,False,False
5996,CSS_J124028.9+433810,EW,EW,False,False,0.37160410770589114,0.9692285683178229,6233,7968,False,False,False,False
5997,CSS_J231821.3+373129,EW,EW,False,False,0.3950744645997283,1.0393545536642512,3864,4526,False,False,False,False
5998,CSS_J072317.5+400211,EW,EW,False,False,0.3946882264046675,1.0637581536816172,3897,3518,False,False,False,False
5999,CSS_J031505.0+354202,EW,EW,False,False,0.34986866453134735,0.9869723217983261,7997,7488,False,False,False,False
6000,CSS_J163126.9-191757,RRab,RRab,False,False,0.47140311513990496,1.044404166954642,996,4307,False,False,False,False
6001,CSS_J163823.9+415803,EW,EW,False,False,0.4042570283259512,1.0312559242853698,3221,4915,False,False,False,False
6002,CSS_J141308.2+295943,EW,EW,False,False,0.3757450300307211,1.0262881204532592,5733,5167,False,False,False,False
6003,CSS_J153930.8-194250,EW,EW,False,False,0.42135238828296956,1.1116379622223282,2346,2240,False,False,False,False
6004,CSS_J070429.9+424903,EW,EW,False,False,0.4253829893355684,1.103230047361098,2188,2415,False,False,False,False
6005,CSS_J175124.5+361139,RRc,EW,True,False,0.37848548015943917,0.9884349764090674,5425,7404,False,False,False,False
6006,CSS_J123201.5+352959,EW,EW,False,False,0.41301844160154044,0.9942651863100584,2744,7087,False,False,False,False
6007,CSS_J172918.8+164008,RRc,RRc,False,False,0.3624778695965152,1.0935436509558984,7179,2631,False,False,False,False
6008,CSS_J113334.8+220111,RRc,RRc,False,False,0.43530530907534154,1.1088314051308803,1839,2297,False,False,False,False
6009,CSS_J135536.5-014911,EW,EW,False,False,0.4037473886635318,1.3249384322951347,3246,421,False,False,False,False
6010,CSS_J041521.7+100352,EA,EA,False,False,0.48364821972689126,1.0268459689973932,778,5138,False,False,False,False
6011,CSS_J175646.7+302459,RRab,RRab,False,False,0.4244114371738673,1.3856197311184844,2223,288,False,False,False,False
6012,CSS_J141604.8+295908,RRc,EW,True,False,0.47762460306247845,1.2547957776497505,878,708,False,False,False,False
6013,CSS_J213949.4+182300,EW,EW,False,False,0.36902592888833624,0.9730558787544815,6499,7921,False,False,False,False
6014,CSS_J150135.4-115639,EW,EW,False,False,0.3681131339157125,1.3103428675763265,6601,468,False,False,False,False
6015,CSS_J154306.4+235018,EW,EW,False,False,0.36736923423002005,1.0012184248840479,6670,6687,False,False,False,False
6016,CSS_J082618.4+403724,EW,EW,False,False,0.3561141657809155,1.0123101431575772,7722,5964,False,False,False,False
6017,CSS_J165748.5+091425,RRc,EW,True,False,0.37002120929507776,1.2214771066674632,6395,900,False,False,False,False
6018,CSS_J041738.9+065707,EW,EW,False,False,0.4125674952408682,1.0456071595546779,2765,4250,False,False,False,False
6019,CSS_J221356.0-144652,RRc,EW,True,False,0.38017201814238966,1.0358216790170958,5267,4687,False,False,False,False
6020,CSS_J221805.0+281206,EW,EW,False,False,0.37220268070761026,1.1218662660237535,6177,2030,False,False,False,False
6021,CSS_J030129.4-065806,EW,EW,False,False,0.42458161587677845,0.9945307345931059,2215,7065,False,False,False,False
6022,CSS_J161419.4+502157,EW,EW,False,False,0.3605950885916591,0.9882823706375661,7363,7410,False,False,False,False
6023,CSS_J180637.9+390230,EW,EW,False,False,0.3582335387474717,1.0756062224241798,7576,3134,False,False,False,False
6024,CSS_J145228.5-162854,RRab,RRab,False,False,0.42866977714281357,1.1884100283337642,2046,1149,False,False,False,False
6025,CSS_J210712.3+130715,EW,EW,False,False,0.3752596630778977,1.1129336585058567,5795,2213,False,False,False,False
6026,CSS_J080921.6+240032,EW,EW,False,False,0.46727096130899215,1.5547524379369142,1061,98,False,True,False,False
6027,CSS_J084023.7-045515,EW,EW,False,False,0.39103722907622285,1.021529394428353,4227,5424,False,False,False,False
6028,CSS_J085003.8+122719,EA,EA,False,False,0.5013637337500775,1.1231197875869348,547,2009,False,False,False,False
6029,CSS_J013037.9+282123,EW,EW,False,False,0.35638008275521704,0.999492718223079,7708,6791,False,False,False,False
6030,CSS_J044755.2+190743,EW,EW,False,False,0.3673473880464233,1.2153003276910967,6674,946,False,False,False,False
6031,CSS_J225941.4+112149,EW,EW,False,False,0.6528679193671937,1.0227931940569035,81,5351,True,False,False,False
6032,CSS_J043846.0-015214,EW,EW,False,False,0.37035811830558846,1.0362882193352978,6362,4666,False,False,False,False
6033,CSS_J054713.4-173042,EW,EW,False,False,0.36435084612444096,1.0034818007423911,6985,6553,False,False,False,False
6034,CSS_J033657.0+160149,EW,EW,False,False,0.3784980873439163,1.0464366650526142,5422,4213,False,False,False,False
6035,CSS_J203856.0-010514,EW,EW,False,False,0.3799755045423965,1.0792513925109684,5294,3028,False,False,False,False
6036,CSS_J045814.0+180443,EW,EW,False,False,0.35268872279631214,1.0079896175780991,7935,6257,False,False,False,False
6037,CSS_J030638.9+303856,EW,EA,True,False,0.4247809774561773,0.965191145915701,2207,7987,False,False,False,False
6038,CSS_J080205.8+433228,EA,EA,False,False,0.545425794341823,1.0493437857903707,276,4082,False,False,False,False
6039,CSS_J172836.6+083416,RRab,RRab,False,False,0.4722603692664136,1.2272400190587223,972,854,False,False,False,False
6040,CSS_J035901.8+120702,EW,EW,False,False,0.35598531805910566,0.9864715737715674,7728,7515,False,False,False,False
6041,CSS_J090730.2+171555,EW,EW,False,False,0.4005769246975798,1.1042578861824546,3453,2391,False,False,False,False
6042,CSS_J082250.2+314046,EW,EW,False,False,0.3677188977869449,1.0754025395373903,6642,3137,False,False,False,False
6043,CSS_J070249.9+345832,EA,EA,False,False,0.6665644123541953,1.1370472654590957,66,1780,True,False,False,False
6044,CSS_J234359.1+242335,EW,EW,False,False,0.3564763893007348,1.010105453830032,7699,6111,False,False,False,False
6045,CSS_J205643.8-041131,RRab,RRc,True,False,0.36496232529626477,1.0453531515428929,6936,4262,False,False,False,False
6046,CSS_J021407.1+201932,EW,EW,False,False,0.3606091253403666,1.0255742720520957,7361,5210,False,False,False,False
6047,CSS_J233620.3+405546,EW,EW,False,False,0.40155003341114026,0.9927610152164947,3379,7156,False,False,False,False
6048,CSS_J022907.3+034314,EW,EW,False,False,0.3551189717757676,1.1011778889420951,7789,2467,False,False,False,False
6049,CSS_J082743.4+281945,EA,EA,False,False,0.501812321759672,1.1471947296338845,544,1644,False,False,False,False
6050,CSS_J160201.5+015449,EW,EW,False,False,0.3579174162531167,1.0699011703305623,7594,3304,False,False,False,False
6051,CSS_J073223.5+263420,EW,EW,False,False,0.5155516422919625,1.3387291945129713,420,388,False,False,False,False
6052,CSS_J081323.7+251602,EW,EW,False,False,0.3807519595420901,1.0056477308750824,5219,6412,False,False,False,False
6053,CSS_J170647.7+015238,EW,EW,False,False,0.4310782248276315,1.1311349411450178,1981,1879,False,False,False,False
6054,CSS_J134921.7+321651,EW,EW,False,False,0.3674513415256883,1.2147775179851215,6665,952,False,False,False,False
6055,CSS_J031411.6+385745,EW,EW,False,False,0.3871183432435743,0.9980032778495316,4574,6877,False,False,False,False
6056,CSS_J091941.1+074124,RS CVn,EW,True,True,0.40176014924661946,1.4669892428734062,3366,172,False,False,False,False
6057,CSS_J232515.1+361202,EA,EW,True,False,0.4111191310788753,1.145875693453153,2846,1662,False,False,False,False
6058,CSS_J132321.7+241020,EW,EW,False,False,0.47099832535216735,1.1232044258766967,1000,2007,False,False,False,False
6059,CSS_J044401.3+302308,EW,EW,False,False,0.3870292733746479,0.9796020673287297,4584,7787,False,False,False,False
6060,CSS_J043926.8+204349,EW,EW,False,False,0.39479707602758296,1.0559057137317218,3888,3804,False,False,False,False
6061,CSS_J045912.6-165713,RRab,RRab,False,False,0.4585411487522915,1.1535317462040489,1238,1550,False,False,False,False
6062,CSS_J231311.8+191602,EW,EW,False,False,0.36155830133973893,0.9914658668827687,7269,7240,False,False,False,False
6063,CSS_J212221.3-060424,RRc,RRc,False,False,0.3756345719358756,1.0003609573815821,5745,6741,False,False,False,False
6064,CSS_J205423.3+064809,RRc,RRc,False,False,0.397336244937921,1.045528367551856,3690,4257,False,False,False,False
6065,CSS_J132610.9+174232,EW,EW,False,False,0.3556168243648546,0.980852869452819,7755,7746,False,False,False,False
6066,CSS_J064335.2+423633,EW,EW,False,False,0.37083750827031514,1.040320244631296,6320,4480,False,False,False,False
6067,CSS_J211314.0+131142,EW,EW,False,False,0.3572916621601383,0.9938874635813015,7636,7101,False,False,False,False
6068,CSS_J090026.3-172548,EW,EW,False,False,0.41612380124962123,1.1317767684312443,2578,1868,False,False,False,False
6069,CSS_J223113.7+324713,RRc,RRc,False,False,0.3908200068749978,1.0157590401023282,4244,5752,False,False,False,False
6070,CSS_J223025.1+114016,EW,EW,False,False,0.40126886428047526,1.2301077461160013,3402,834,False,False,False,False
6071,CSS_J092126.7+340446,EW,EW,False,False,0.3684042431178355,1.0575424681720955,6568,3747,False,False,False,False
6072,CSS_J215732.7-121409,EA,EA,False,False,0.46307857531112273,1.0082103578502175,1142,6242,False,False,False,False
6073,CSS_J033034.6+303706,EW,EW,False,False,0.3930615933905325,1.0422964426957038,4031,4405,False,False,False,False
6074,CSS_J082947.4-031642,EW,EW,False,False,0.3754252546782374,1.0109673257618854,5771,6062,False,False,False,False
6075,CSS_J053447.4+031142,EW,EW,False,False,0.38421345982586264,1.3241954695734264,4844,425,False,False,False,False
6076,CSS_J144719.7-125042,EW,EW,False,False,0.36420752617121516,1.0588877651958284,7000,3694,False,False,False,False
6077,CSS_J051925.2+081309,RRab,RRab,False,False,0.4154668638690672,1.0229977361269498,2609,5339,False,False,False,False
6078,CSS_J015219.4+423417,EW,EW,False,False,0.4261772139403345,1.0466441947837362,2159,4202,False,False,False,False
6079,CSS_J212124.3+004718,RRc,RRc,False,False,0.4137909052016008,1.0627720394467992,2696,3558,False,False,False,False
6080,CSS_J180528.3+455942,EA,EA,False,False,0.4069970665386837,1.0213037951746464,3046,5437,False,False,False,False
6081,CSS_J141555.3+364623,EW,EW,False,False,0.38950097229720065,1.216528336147865,4372,932,False,False,False,False
6082,CSS_J004111.5+171757,EW,EW,False,False,0.4247452375596708,1.1516859387812202,2211,1573,False,False,False,False
6083,CSS_J151921.5+111858,EW,EW,False,False,0.35852050658519535,1.0012316795862064,7550,6686,False,False,False,False
6084,CSS_J081121.4-013138,RRab,EW,True,False,0.47672836702770943,1.116527265654362,897,2144,False,False,False,False
6085,CSS_J081241.2+065327,EW,EW,False,False,0.3953480478883746,0.9886372741398768,3841,7393,False,False,False,False
6086,CSS_J160905.7+534712,EW,EW,False,False,0.35831174188738907,1.0322643781368914,7572,4864,False,False,False,False
6087,CSS_J073808.8+375032,EW,EA,True,False,0.4463599994901547,1.0058040025445891,1509,6403,False,False,False,False
6088,CSS_J044705.5+074117,EW,EW,False,False,0.36011955331031,1.0410125554274328,7406,4450,False,False,False,False
6089,CSS_J054615.3-182042,EW,EW,False,False,0.48029517060719434,1.2255075680212604,824,867,False,False,False,False
6090,CSS_J204150.5-034944,RRc,RRc,False,False,0.38741635503490623,1.019445873959644,4547,5534,False,False,False,False
6091,CSS_J033529.9+375226,EW,EW,False,False,0.36001946797831536,1.038340477733875,7418,4570,False,False,False,False
6092,CSS_J213459.7+150907,EA,EA,False,False,0.5291062730499585,1.0867293720749864,349,2812,False,False,False,False
6093,CSS_J025014.6+371514,EW,EW,False,False,0.38461337532751827,1.0125259706830678,4808,5947,False,False,False,False
6094,CSS_J042339.6+201851,EW,EW,False,False,0.3857021193540094,1.0473282824864527,4699,4174,False,False,False,False
6095,CSS_J091520.3-140104,EW,EW,False,False,0.43746026594870885,1.3604076201650015,1771,331,False,False,False,False
6096,CSS_J122315.2+035637,RRc,RRc,False,False,0.3695552241320536,0.9868939998929024,6443,7493,False,False,False,False
6097,CSS_J031430.3+355443,EW,EW,False,False,0.398273908997422,0.9968053873987046,3623,6924,False,False,False,False
6098,CSS_J172638.9+422054,EW,EW,False,False,0.5113627507667019,1.5856201907121785,452,80,False,True,False,False
6099,CSS_J020404.5+315642,RS CVn,EW,True,True,0.3957132739601225,1.2242926493552104,3815,874,False,False,False,False
6100,CSS_J161532.9+105455,RS CVn,EW,True,True,0.3706835990977987,1.065637183071533,6329,3461,False,False,False,False
6101,CSS_J013014.6+395249,EW,EW,False,False,0.3734588558600593,1.053212511329301,6023,3913,False,False,False,False
6102,CSS_J022359.4+315819,EW,EW,False,False,0.4922149402429712,1.1444845595577955,657,1677,False,False,False,False
6103,CSS_J044428.4+212113,EW,EW,False,False,0.38652157709566415,1.0401252408051422,4621,4490,False,False,False,False
6104,CSS_J163804.2+342033,EA,EA,False,False,0.4700295260856013,1.0863678418675977,1014,2823,False,False,False,False
6105,CSS_J094643.5+051859,EW,EW,False,False,0.3706131130410876,1.3619480855030754,6336,325,False,False,False,False
6106,CSS_J101524.4+004239,EW,EW,False,False,0.40955293596524084,1.067179908081147,2916,3402,False,False,False,False
6107,CSS_J211350.0+021407,RS CVn,RS CVn,False,True,0.42648084084477433,1.2466967403625717,2145,748,False,False,False,False
6108,CSS_J225952.7-171340,RRc,RRc,False,False,0.4159857126258246,1.030794256012374,2585,4940,False,False,False,False
6109,CSS_J131402.9+213109,RRab,RRab,False,False,0.5909100562800857,1.1726034158825933,150,1314,True,False,False,False
6110,CSS_J203810.3-042439,EW,EW,False,False,0.43970924069678974,1.1368938319454087,1697,1785,False,False,False,False
6111,CSS_J021243.4+190928,EW,EW,False,False,0.36814416778183484,0.9913248957783827,6597,7252,False,False,False,False
6112,CSS_J172924.7+354920,RS CVn,EW,True,True,0.4360770820730004,1.1443142486173474,1815,1680,False,False,False,False
6113,CSS_J042954.3+053019,EA,EW,True,False,0.4450515104659611,1.0716324792364058,1551,3240,False,False,False,False
6114,CSS_J225945.7+044639,EW,EW,False,False,0.3934101726454986,1.009906475671179,3997,6120,False,False,False,False
6115,CSS_J225701.8+205201,EW,EW,False,False,0.416446926808629,1.1968845564891615,2567,1084,False,False,False,False
6116,CSS_J224330.8-103646,EW,EW,False,False,0.3612550627331476,1.0725366891687678,7299,3221,False,False,False,False
6117,CSS_J142729.9+573910,EW,EW,False,False,0.4363947177757952,1.1493790082581203,1808,1611,False,False,False,False
6118,CSS_J154559.4+140630,EW,EW,False,False,0.3574054343231499,1.0218378206012573,7624,5399,False,False,False,False
6119,CSS_J073055.2+461359,EW,EW,False,False,0.4385964443835941,1.055089161216368,1730,3837,False,False,False,False
6120,CSS_J230107.2+231508,EA,EA,False,False,0.5088124516228888,1.0298775723310045,477,4975,False,False,False,False
6121,CSS_J125917.7+214408,EW,EW,False,False,0.363855401900297,1.0077422961082683,7042,6274,False,False,False,False
6122,CSS_J090141.4+112250,EW,EW,False,False,0.41061980766720435,1.0462288366132255,2871,4219,False,False,False,False
6123,CSS_J173054.3+392837,EW,EW,False,False,0.3753663176017057,1.0033702844276842,5778,6560,False,False,False,False
6124,CSS_J212843.1+203537,EA,EA,False,False,0.43720443151136756,0.9736047732282449,1779,7913,False,False,False,False
6125,CSS_J033418.6+384303,EW,EW,False,False,0.41625982416434637,1.1534610309729263,2572,1551,False,False,False,False
6126,CSS_J050535.1-140243,RS CVn,EW,True,True,0.37643678728574786,0.9872599884260318,5658,7467,False,False,False,False
6127,CSS_J081118.8+064654,EW,EW,False,False,0.3962347081167472,1.1091029585472851,3770,2287,False,False,False,False
6128,CSS_J041901.8+183200,EW,EW,False,False,0.398122963565611,1.1273217058964806,3632,1940,False,False,False,False
6129,CSS_J224217.4-012100,EW,EW,False,False,0.45707875929259334,1.0950664061616013,1278,2603,False,False,False,False
6130,CSS_J153255.8-192301,RRc,RRc,False,False,0.42684273987069,1.1086547880901774,2124,2301,False,False,False,False
6131,CSS_J053924.8-173623,RRab,RRab,False,False,0.40699559796083506,1.046465036366888,3047,4211,False,False,False,False
6132,CSS_J213537.2+070310,RRd,RRc,True,True,0.39876636668980747,1.0317597740602358,3592,4891,False,False,False,False
6133,CSS_J000215.5-171903,EW,EW,False,False,0.3931373864100796,1.2388739875923258,4024,784,False,False,False,False
6134,CSS_J211216.9+073357,EW,EW,False,False,0.4537086604114117,1.152026035118371,1347,1568,False,False,False,False
6135,CSS_J084245.2+065233,EW,EW,False,False,0.41194394026652015,1.0101324398506677,2797,6109,False,False,False,False
6136,CSS_J205434.9-035722,EW,EW,False,False,0.43269387143463417,1.1853362419626945,1927,1186,False,False,False,False
6137,CSS_J084149.7+311947,EW,EW,False,False,0.41087681946492055,0.9763412906894693,2859,7859,False,False,False,False
6138,CSS_J080642.3+181521,RS CVn,EW,True,True,0.4394966961389646,1.113658542185143,1703,2202,False,False,False,False
6139,CSS_J022320.2+300500,EA,EA,False,False,0.48679950014269086,1.106788508107239,725,2337,False,False,False,False
6140,CSS_J213223.1+155024,EW,EW,False,False,0.39638654526432415,1.0023188985828957,3759,6624,False,False,False,False
6141,CSS_J134002.1-171340,RRab,RRab,False,False,0.492345281554296,1.093900532689812,654,2620,False,False,False,False
6142,CSS_J082034.1+093730,EW,EW,False,False,0.37097578079973764,1.0322209800986761,6300,4868,False,False,False,False
6143,CSS_J032935.4-014911,EW,EW,False,False,0.40719507948411077,1.0328597005446298,3035,4829,False,False,False,False
6144,CSS_J104157.7+601016,EW,EW,False,False,0.3755824901869397,1.0045187565560347,5750,6479,False,False,False,False
6145,CSS_J090134.9-055104,EW,EW,False,False,0.41328508429035005,1.069165038966498,2726,3332,False,False,False,False
6146,CSS_J023151.8+153300,EW,RRc,True,False,0.3987760289525916,1.023937610899747,3590,5297,False,False,False,False
6147,CSS_J043331.1+201455,EW,EW,False,False,0.35677038224044605,0.9984032504073175,7679,6856,False,False,False,False
6148,CSS_J161202.3+541833,EW,EW,False,False,0.35940531045894636,1.0370099772977395,7482,4632,False,False,False,False
6149,CSS_J204313.9-190324,EW,RRc,True,False,0.38382999595622175,1.0430407663148349,4895,4367,False,False,False,False
6150,CSS_J122858.0-085921,EW,EW,False,False,0.4287963551591518,1.140286593054796,2038,1729,False,False,False,False
6151,CSS_J052610.2+010129,EW,EW,False,False,0.3853816902371724,1.0897252949408374,4729,2736,False,False,False,False
6152,CSS_J084758.8+382250,RRab,EW,True,False,0.4800455395107584,1.1480560908046784,830,1631,False,False,False,False
6153,CSS_J021029.6+385330,EW,EW,False,False,0.3983847808072781,1.048316050378002,3616,4122,False,False,False,False
6154,CSS_J173134.5+573738,RS CVn,EW,True,True,0.5779307392240653,1.1648350643643428,183,1415,False,False,False,False
6155,CSS_J232056.0+294348,RRc,RRc,False,False,0.3722877528668853,1.032338435646449,6164,4862,False,False,False,False
6156,CSS_J090220.4+202549,EA,EA,False,False,0.5935996617233537,1.1885785790045973,143,1147,True,False,False,False
6157,CSS_J021817.3+052939,EW,EW,False,False,0.4183416143628071,1.0427283185880678,2477,4384,False,False,False,False
6158,CSS_J180936.5+373513,RRc,RRc,False,False,0.3865025154110705,1.0060340939006012,4625,6381,False,False,False,False
6159,CSS_J212633.9+001947,EW,EW,False,False,0.3680538747211793,1.0008569538808783,6605,6717,False,False,False,False
6160,CSS_J173808.8+142511,EW,EW,False,False,0.3606602278318023,1.0114074477206305,7356,6034,False,False,False,False
6161,CSS_J162419.5+010259,EW,EW,False,False,0.38592975541476127,1.0091561138801004,4680,6174,False,False,False,False
6162,CSS_J093057.9-153559,EW,EW,False,False,0.43723192570202163,1.2660707860886977,1778,648,False,False,False,False
6163,CSS_J144406.4+403420,EW,EW,False,False,0.4433446863558078,1.1512039934650895,1582,1578,False,False,False,False
6164,CSS_J054208.2+042952,EW,EW,False,False,0.38147568746512556,1.005097068271175,5125,6445,False,False,False,False
6165,CSS_J095313.8-153827,RRd,RRab,True,True,0.40544630299425416,1.2200419222562582,3133,907,False,False,False,False
6166,CSS_J135941.8+150308,EW,EW,False,False,0.36093341476808966,1.077670073723085,7329,3080,False,False,False,False
6167,CSS_J090400.7+354916,EA,EA,False,False,0.42923009067330187,1.0241352669619461,2026,5282,False,False,False,False
6168,CSS_J024305.7+370615,EW,EW,False,False,0.3684133661353425,1.0064234561634189,6564,6357,False,False,False,False
6169,CSS_J171826.9+075028,EW,EW,False,False,0.3870925630439263,1.075052575169982,4577,3147,False,False,False,False
6170,CSS_J212626.0-144558,RRc,RRab,True,False,0.4349001260533238,1.0000438696274068,1851,6764,False,False,False,False
6171,CSS_J083307.6+293506,EW,EW,False,False,0.37909040199396166,1.12638921110834,5378,1955,False,False,False,False
6172,CSS_J002509.3+181214,EW,EW,False,False,0.3989559098287119,1.065399255575372,3574,3469,False,False,False,False
6173,CSS_J125642.5+230906,EW,EW,False,False,0.4001403329546045,1.4906974641865578,3490,146,False,True,False,False
6174,CSS_J025416.9+310301,EW,EW,False,False,0.38845084240627076,1.1273532234655717,4465,1939,False,False,False,False
6175,CSS_J160007.9+010153,EW,EW,False,False,0.39518816876239243,1.0138284069246395,3850,5876,False,False,False,False
6176,CSS_J041037.4+324038,RRc,EW,True,False,0.38137594581649237,0.9915628438318471,5140,7233,False,False,False,False
6177,CSS_J075419.4+430211,EW,EW,False,False,0.6190062438271682,1.1995283067260574,106,1070,True,False,False,False
6178,CSS_J152452.3+435640,EW,EW,False,False,0.43239945067369123,1.0475249415140326,1934,4163,False,False,False,False
6179,CSS_J044037.4-084620,EA,EA,False,False,0.5961051318819219,1.3429053614248965,137,377,True,False,False,False
6180,CSS_J174753.7+480416,RRd,RRd,False,True,0.4047530089869195,1.104451281410057,3182,2388,False,False,False,False
6181,CSS_J075258.0+140839,EW,EW,False,False,0.4130357740657148,1.4242327961917278,2743,224,False,False,False,False
6182,CSS_J075352.8+210950,RS CVn,EW,True,True,0.5679539329391716,1.226230023554475,202,860,False,False,False,False
6183,CSS_J230912.1+185038,EW,EW,False,False,0.40827365047577524,1.0633745960992163,2983,3535,False,False,False,False
6184,CSS_J081517.1-015050,EA,EA,False,False,0.4700095014391305,1.1077029133557947,1015,2321,False,False,False,False
6185,CSS_J092135.9+184621,EW,EW,False,False,0.38724655182321044,1.0366215829756356,4562,4650,False,False,False,False
6186,CSS_J225523.5+232343,EW,EW,False,False,0.4464625197262019,1.0667661208177752,1506,3416,False,False,False,False
6187,CSS_J234014.5+344421,EW,EW,False,False,0.40052515475219397,1.1190833578200494,3456,2096,False,False,False,False
6188,CSS_J090226.8-164205,EW,EW,False,False,0.40537172535833715,1.1925228372974732,3136,1117,False,False,False,False
6189,CSS_J140645.5+430644,EW,EW,False,False,0.37103965127755173,1.0230266102906345,6294,5336,False,False,False,False
6190,CSS_J223546.0+271026,EW,EW,False,False,0.43171162154183584,1.1383983812794236,1955,1753,False,False,False,False
6191,CSS_J135406.1+121324,EW,EW,False,False,0.371309291292315,1.0124305286910282,6268,5954,False,False,False,False
6192,CSS_J102823.1+445845,EW,EW,False,False,0.3924190837589094,1.0296910002713262,4105,4982,False,False,False,False
6193,CSS_J035505.5+201012,EW,EW,False,False,0.37788658883956494,1.0058497328644123,5484,6398,False,False,False,False
6194,CSS_J215727.4+161044,EW,EW,False,False,0.372148345768945,0.9961570814481181,6183,6968,False,False,False,False
6195,CSS_J154829.6+091140,RRc,RRc,False,False,0.463715767301645,1.0573543604776003,1130,3753,False,False,False,False
6196,CSS_J142910.0+410704,EW,EW,False,False,0.3656923251047207,1.0478159753009257,6851,4150,False,False,False,False
6197,CSS_J072209.5+395913,EW,EW,False,False,0.4188262057104263,1.049333530811395,2455,4083,False,False,False,False
6198,CSS_J230433.3+273030,EW,EW,False,False,0.3730580382212051,0.9945394197020884,6070,7064,False,False,False,False
6199,CSS_J205652.2+012624,EW,EW,False,False,0.4647740328502498,1.1131753245503806,1111,2208,False,False,False,False
6200,CSS_J090956.4+210417,EW,EW,False,False,0.41586696546585084,1.0286340784049697,2593,5037,False,False,False,False
6201,CSS_J071308.3+494928,EW,EW,False,False,0.4438197973782838,1.2086488352904061,1574,999,False,False,False,False
6202,CSS_J212436.1-065647,RRc,EW,True,False,0.37975463902130174,1.0594712824929167,5316,3675,False,False,False,False
6203,CSS_J233925.0+301419,EA,EA,False,False,0.4981071331598995,1.22398273907443,580,875,False,False,False,False
6204,CSS_J144635.4+125312,EW,EW,False,False,0.3612628744419887,1.0189447204727458,7298,5566,False,False,False,False
6205,CSS_J173731.7+200013,EW,EW,False,False,0.3677758970604208,0.9901681361099808,6635,7309,False,False,False,False
6206,CSS_J133840.2+081436,RRab,RRc,True,False,0.47758820570473554,1.2235297754553884,879,880,False,False,False,False
6207,CSS_J071655.7+613728,EA,EA,False,False,0.39706818699926827,1.1040461456031951,3710,2394,False,False,False,False
6208,CSS_J212927.5-063212,EW,EW,False,False,0.3662777472817725,1.0308158419310924,6789,4939,False,False,False,False
6209,CSS_J134358.3+141107,EW,EW,False,False,0.36454311005477935,1.2191978888981938,6969,911,False,False,False,False
6210,CSS_J032132.8+261650,RS CVn,EW,True,True,0.3753340756918879,1.099271536142399,5784,2517,False,False,False,False
6211,CSS_J163059.9+182314,EW,EW,False,False,0.3919808959008296,1.0423693248594663,4145,4403,False,False,False,False
6212,CSS_J084805.5+340504,EW,EW,False,False,0.3873290380137906,0.9994246155295503,4554,6793,False,False,False,False
6213,CSS_J075407.3+225614,EW,EW,False,False,0.40897427826789495,1.131124675516339,2948,1880,False,False,False,False
6214,CSS_J011544.4+385404,EW,EW,False,False,0.35232279726419663,1.001478497581263,7947,6673,False,False,False,False
6215,CSS_J030304.2+003029,RRab,RRc,True,False,0.45855370351682573,1.2744014576106362,1236,614,False,False,False,False
6216,CSS_J093108.3-125413,EW,EW,False,False,0.3678837874840736,1.0871336452058447,6623,2798,False,False,False,False
6217,CSS_J143433.3+010208,RRc,RRab,True,False,0.44933456991743925,1.034178193708296,1433,4767,False,False,False,False
6218,CSS_J051801.6+203726,EW,EW,False,False,0.4079951902937466,1.0349438533886766,3001,4725,False,False,False,False
6219,CSS_J230310.2+342507,RRc,RRc,False,False,0.4070691604754685,1.263995919030378,3042,664,False,False,False,False
6220,CSS_J013446.0+353243,EW,EW,False,False,0.3657148280507375,1.1084073868583584,6849,2306,False,False,False,False
6221,CSS_J001319.5+063825,EW,EA,True,False,0.43332650116367255,1.0605250793704777,1907,3636,False,False,False,False
6222,CSS_J212641.1+054443,EW,EW,False,False,0.3624939818179763,1.0332872636631252,7177,4810,False,False,False,False
6223,CSS_J204449.5-091808,EA,EA,False,False,0.49246295598489453,1.0236864947281612,649,5308,False,False,False,False
6224,CSS_J110021.5+360319,RRc,RRc,False,False,0.3826804609977423,1.4887358747079196,4994,148,False,True,False,False
6225,CSS_J041155.4+000322,EA,EW,True,False,0.45887082720507466,1.015328679233043,1231,5779,False,False,False,False
6226,CSS_J113556.7+041009,EW,EW,False,False,0.37316670063845075,1.0319178534507734,6060,4885,False,False,False,False
6227,CSS_J052606.3+013711,EW,EW,False,False,0.5472413947943675,1.145561682991092,267,1664,False,False,False,False
6228,CSS_J211943.7-102314,EW,EW,False,False,0.4154809298166948,1.1612205050022912,2607,1462,False,False,False,False
6229,CSS_J075153.6+550929,EA,EW,True,False,0.4454558367034754,1.03951927237872,1538,4514,False,False,False,False
6230,CSS_J132753.8-085014,RRc,EW,True,False,0.41011471114225906,1.4837310729729896,2890,153,False,True,False,False
6231,CSS_J075410.0+351431,EA,EW,True,False,0.5065776754257482,1.4245043530104202,499,223,False,False,False,False
6232,CSS_J030636.6+144331,EW,EW,False,False,0.3713073900171625,1.0199977744122468,6269,5506,False,False,False,False
6233,CSS_J171210.8+571345,RRab,RRab,False,False,0.410791000556579,1.1033322590830759,2862,2412,False,False,False,False
6234,CSS_J050930.8+042407,EW,EW,False,False,0.3696493904272418,1.0412319927242477,6432,4443,False,False,False,False
6235,CSS_J080534.0+380135,EA,EA,False,False,0.4410710307268343,1.0153561713488926,1650,5778,False,False,False,False
6236,CSS_J042717.2+093449,EW,EW,False,False,0.35469592257818766,1.0181689132379756,7815,5617,False,False,False,False
6237,CSS_J212427.2+005227,RRd,RRc,True,True,0.4003157229224489,1.174475170788582,3477,1289,False,False,False,False
6238,CSS_J103639.1-182734,RRc,EW,True,False,0.39332436288763706,1.2716466306944167,4007,627,False,False,False,False
6239,CSS_J170740.6+462900,RRc,RRc,False,False,0.3926827713366937,1.0179682973549917,4072,5637,False,False,False,False
6240,CSS_J013536.0+091658,EW,EW,False,False,0.35771408410990735,0.9796980602124993,7605,7783,False,False,False,False
6241,CSS_J150405.4-074630,EW,EW,False,False,0.41657963314103014,1.1801936956894328,2557,1234,False,False,False,False
6242,CSS_J234427.8+404346,RRab,RRab,False,False,0.36989258491051746,1.1207206917761754,6408,2063,False,False,False,False
6243,CSS_J045845.8+132057,EW,EW,False,False,0.36694609519251165,1.041215988733154,6720,4444,False,False,False,False
6244,CSS_J160603.3+333140,EW,EW,False,False,0.39129305711349666,1.0158013153672416,4208,5750,False,False,False,False
6245,CSS_J181919.3+344030,EW,EW,False,False,0.38618212381758354,1.1066625458365262,4658,2340,False,False,False,False
6246,CSS_J081534.5+111941,EW,EW,False,False,0.37523308642528896,0.9913640397762981,5803,7249,False,False,False,False
6247,CSS_J012049.6+194735,EW,EW,False,False,0.352525462898909,1.0501338269319285,7941,4058,False,False,False,False
6248,CSS_J080731.9+041418,EW,EW,False,False,0.37680921743679624,0.9941957805392097,5616,7089,False,False,False,False
6249,CSS_J123653.4-130427,EW,EW,False,False,0.3955294531926201,1.0080239238871909,3830,6253,False,False,False,False
6250,CSS_J085525.5-040730,RRd,RRc,True,True,0.3722341791354666,1.0989599166730064,6172,2522,False,False,False,False
6251,CSS_J031938.7+164018,EW,EW,False,False,0.3819031894204907,1.0453994439518566,5081,4260,False,False,False,False
6252,CSS_J205548.3+032637,EW,EW,False,False,0.4919701624505758,1.6429138013837339,661,58,False,True,False,False
6253,CSS_J142433.8-074450,RS CVn,EA,True,True,0.429210112302501,1.0030788848199188,2028,6572,False,False,False,False
6254,CSS_J172938.1+181333,EW,EW,False,False,0.37572786804944946,0.9926159102371154,5734,7162,False,False,False,False
6255,CSS_J051819.8+134759,EW,EW,False,False,0.366162783132197,1.0825786675236007,6799,2924,False,False,False,False
6256,CSS_J013441.8+214459,RRc,RRc,False,False,0.39146028497658336,1.0119123615636119,4191,6001,False,False,False,False
6257,CSS_J045031.0+152647,EW,EW,False,False,0.37929161553541724,1.0982324208417558,5365,2542,False,False,False,False
6258,CSS_J042140.9+304442,EW,EW,False,False,0.43758004400017114,1.1575669855117032,1762,1503,False,False,False,False
6259,CSS_J123051.8+330105,EW,EW,False,False,0.36454055317505263,1.0043015749467288,6970,6500,False,False,False,False
6260,CSS_J043316.0+331452,EW,EW,False,False,0.37435087846219633,1.2159559962180837,5923,939,False,False,False,False
6261,CSS_J135945.3+412519,EW,EW,False,False,0.38313117835925375,1.03453028931219,4962,4752,False,False,False,False
6262,CSS_J020520.1+285901,EW,EW,False,False,0.38514323121315647,1.234920682723399,4755,804,False,False,False,False
6263,CSS_J021335.8-183640,RRc,RRc,False,False,0.3677325432687101,0.9793058164497527,6639,7793,False,False,False,False
6264,CSS_J031813.3+282148,EW,EW,False,False,0.3654725717054904,1.0472259259822105,6886,4178,False,False,False,False
6265,CSS_J221204.1-094325,EA,EA,False,False,0.5335711046347478,1.1649528261396829,331,1413,False,False,False,False
6266,CSS_J041135.4+053954,RRc,RRc,False,False,0.3955933936843467,1.1417166833979668,3823,1710,False,False,False,False
6267,CSS_J103844.7+134551,EW,EW,False,False,0.5045383494466935,1.143770430317928,517,1688,False,False,False,False
6268,CSS_J052856.6-182935,EW,EW,False,False,0.35435528530014204,1.0181212716282277,7830,5620,False,False,False,False
6269,CSS_J051707.5-125145,EW,EW,False,False,0.3988097951548255,1.029574037547276,3587,4984,False,False,False,False
6270,CSS_J161920.0+235144,EW,EW,False,False,0.3804920818597298,0.9906450854862525,5241,7282,False,False,False,False
6271,CSS_J215853.7-121053,EW,EW,False,False,0.39318064407588693,1.0671883022996502,4020,3401,False,False,False,False
6272,CSS_J005742.9+203750,EW,EW,False,False,0.43373746974332195,1.3761534289709147,1888,304,False,False,False,False
6273,CSS_J213000.5+152559,EW,EW,False,False,0.40815674381718187,1.0209003531556466,2992,5462,False,False,False,False
6274,CSS_J042007.8+292334,EW,EW,False,False,0.46260011847793114,1.0109860870281104,1149,6061,False,False,False,False
6275,CSS_J053054.6+021449,EW,EW,False,False,0.5126762844844532,1.468954230203301,442,169,False,False,False,False
6276,CSS_J174032.6+440434,EW,EW,False,False,0.38020618427085706,1.0324815614459237,5264,4849,False,False,False,False
6277,CSS_J205931.4+035910,EW,EW,False,False,0.36755582438563544,1.1007073845592643,6650,2483,False,False,False,False
6278,CSS_J152202.3+162442,EW,EW,False,False,0.37581645485752274,1.0016537080901178,5728,6663,False,False,False,False
6279,CSS_J160641.1+233447,EW,EW,False,False,0.3815406905250306,1.0238811265273033,5120,5300,False,False,False,False
6280,CSS_J044631.6+301150,EW,EW,False,False,0.3925458481169645,1.0025705928000213,4088,6604,False,False,False,False
6281,CSS_J001625.9+162843,RRc,RRc,False,False,0.3599940268030341,1.158359991802113,7422,1494,False,False,False,False
6282,CSS_J035426.6+104932,EW,EW,False,False,0.4825506831542416,1.2592143375394718,796,691,False,False,False,False
6283,CSS_J052641.4-105841,EW,EW,False,False,0.41705983263887053,1.105815301488029,2537,2358,False,False,False,False
6284,CSS_J050910.0+185037,RRc,EW,True,False,0.3818396565978728,1.1833705978503741,5089,1205,False,False,False,False
6285,CSS_J014946.0+273142,EW,EW,False,False,0.3832016815104467,1.0411987630180894,4957,4445,False,False,False,False
6286,CSS_J051241.1+201545,EW,EW,False,False,0.3711928539983462,1.1536690294223528,6279,1547,False,False,False,False
6287,CSS_J051752.9+050951,EW,EW,False,False,0.3805296021696016,1.0097926411585765,5239,6127,False,False,False,False
6288,CSS_J140720.8-013114,RRab,RRc,True,False,0.420469969129218,1.0060378752463914,2385,6379,False,False,False,False
6289,CSS_J031504.6+223741,EA,EW,True,False,0.4612465686539655,1.0803478576562686,1177,2988,False,False,False,False
6290,CSS_J104952.9-031544,EW,EW,False,False,0.3991860587258603,1.1292161353290835,3564,1906,False,False,False,False
6291,CSS_J162347.9+275645,EW,EW,False,False,0.36686907680990677,1.1306071575979104,6727,1884,False,False,False,False
6292,CSS_J032122.4-100114,EW,EW,False,False,0.4015969696000146,1.1825793282726056,3375,1216,False,False,False,False
6293,CSS_J155320.6-062226,EW,EW,False,False,0.3928446888926191,1.1314189514914688,4059,1873,False,False,False,False
6294,CSS_J211822.8-072528,RRc,RRc,False,False,0.42055301708047466,1.0584313507555003,2381,3714,False,False,False,False
6295,CSS_J074109.2+191928,RRc,RRc,False,False,0.380742176397663,1.0541920672928269,5221,3877,False,False,False,False
6296,CSS_J043943.9+330435,EW,EW,False,False,0.38800233705951254,0.9683776405625244,4502,7972,False,False,False,False
6297,CSS_J043158.9+102107,EW,EW,False,False,0.3591482715145778,0.9835851466218477,7506,7651,False,False,False,False
6298,CSS_J164231.5+433413,EW,RS CVn,True,False,0.4064634699899365,1.0854152002301276,3072,2850,False,False,False,False
6299,CSS_J055718.5-122743,EW,EW,False,False,0.3584321518251605,1.053356104048841,7560,3907,False,False,False,False
6300,CSS_J065206.2+363122,EW,EW,False,False,0.43658031418914256,1.0820915292911948,1806,2938,False,False,False,False
6301,CSS_J090751.9-040416,EW,EW,False,False,0.37572677559327816,1.1415001114691048,5735,1713,False,False,False,False
6302,CSS_J033329.8-112516,EW,EW,False,False,0.35411311532113227,1.0388058865857404,7846,4545,False,False,False,False
6303,CSS_J042641.0+075347,EW,EW,False,False,0.4424201194493931,1.241819430731945,1612,777,False,False,False,False
6304,CSS_J024754.8+374622,EW,EW,False,False,0.3622001076393092,1.0005119980741632,7211,6734,False,False,False,False
6305,CSS_J153508.8+140407,EW,EW,False,False,0.3691345095460469,1.0215003557792233,6489,5427,False,False,False,False
6306,CSS_J035843.9+230625,EW,RRc,True,False,0.4781950550774176,1.076467914737237,868,3116,False,False,False,False
6307,CSS_J203738.8-144505,EW,EW,False,False,0.3851055384141282,1.065275867287826,4759,3472,False,False,False,False
6308,CSS_J083337.7+454204,EW,EW,False,False,0.3769282621223839,1.0030689355081812,5601,6573,False,False,False,False
6309,CSS_J205718.2+122453,LPV,LPV,False,False,0.5097419128621846,1.0780222229971264,467,3066,False,False,False,False
6310,CSS_J021453.3-142146,EW,EW,False,False,0.365044220277799,1.0034038294379608,6929,6557,False,False,False,False
6311,CSS_J225837.1-104717,EW,EW,False,False,0.3863568569155426,0.9961167931044568,4642,6969,False,False,False,False
6312,CSS_J233018.6+342056,EW,EW,False,False,0.36252048193099035,0.9897357670576385,7169,7333,False,False,False,False
6313,CSS_J111745.6+472118,RRc,EW,True,False,0.3923785011332233,1.09846192215887,4108,2537,False,False,False,False
6314,CSS_J181216.3+471551,RRab,RRab,False,False,0.5109454190160392,1.1363959423939274,456,1790,False,False,False,False
6315,CSS_J232755.0+131610,RRc,EW,True,False,0.3727012249016031,1.0053665182047788,6116,6432,False,False,False,False
6316,CSS_J024609.6+340535,EA,EA,False,False,0.48810364648419274,1.028530380907717,702,5046,False,False,False,False
6317,CSS_J221621.1+181058,EA,EA,False,False,0.41826577679099686,0.9651085932789163,2479,7988,False,False,False,False
6318,CSS_J053645.2-011935,EW,EW,False,False,0.5082398132193792,1.2991439352948515,485,517,False,False,False,False
6319,CSS_J080327.5+170522,EW,EW,False,False,0.5096838537486204,1.1575242476799543,468,1505,False,False,False,False
6320,CSS_J084214.3+195820,EW,EW,False,False,0.3856404303128805,1.018871090646427,4707,5572,False,False,False,False
6321,CSS_J082717.3+051925,EW,EW,False,False,0.42202595892073114,1.5548208848367122,2312,97,False,True,False,False
6322,CSS_J001610.2+273430,EW,EW,False,False,0.4157512396130177,1.079809265350011,2596,3008,False,False,False,False
6323,CSS_J163902.3+444212,RRab,RRab,False,False,0.4348814733557557,1.0903305159449241,1852,2715,False,False,False,False
6324,CSS_J160840.8-113725,EW,EW,False,False,0.4893610518772434,1.65870394293675,689,55,False,True,False,False
6325,CSS_J095626.5+121424,EA,EA,False,False,0.4985512694264477,1.0508628132043576,575,4027,False,False,False,False
6326,CSS_J224029.0+120056,RRc,RRc,False,False,0.38604931526280895,0.9986953837017714,4667,6833,False,False,False,False
6327,CSS_J170341.2+041640,EW,EW,False,False,0.39334632970494515,1.0393555493215971,4006,4525,False,False,False,False
6328,CSS_J163114.8-035752,EW,EW,False,False,0.3839396595229011,1.0590766099544564,4876,3686,False,False,False,False
6329,CSS_J084746.5-031003,EW,EW,False,False,0.4362236563385972,1.1236527744424416,1814,2002,False,False,False,False
6330,CSS_J034056.9+192526,EW,EW,False,False,0.44537286743933496,1.0844097018961993,1541,2877,False,False,False,False
6331,CSS_J131734.3-121612,EW,EW,False,False,0.3656307237591674,1.17271489729585,6860,1311,False,False,False,False
6332,CSS_J092014.7-094318,EW,EW,False,False,0.3590121117955868,1.1161711620261534,7514,2150,False,False,False,False
6333,CSS_J210724.7+081018,RRc,EW,True,False,0.36353994767261527,1.0385572243882333,7066,4561,False,False,False,False
6334,CSS_J070031.8+435456,EW,EW,False,False,0.3979667623928069,1.109092405358179,3637,2288,False,False,False,False
6335,CSS_J032105.8+390941,EW,EW,False,False,0.37890259849318253,1.0415729657324009,5392,4433,False,False,False,False
6336,CSS_J072730.9+243841,EW,EW,False,False,0.3773205018646162,1.0183446635032614,5552,5606,False,False,False,False
6337,CSS_J170118.6-014601,EW,EW,False,False,0.5069681679820379,1.1839533992701559,496,1199,False,False,False,False
6338,CSS_J145730.9-115323,EW,EW,False,False,0.3625746381719866,1.0504225888500685,7165,4044,False,False,False,False
6339,CSS_J100520.2+222545,EW,EW,False,False,0.39864278067502684,1.0096216465678165,3601,6142,False,False,False,False
6340,CSS_J091452.6-125220,EW,EW,False,False,0.3895907430726932,1.1802335806134052,4364,1233,False,False,False,False
6341,CSS_J031543.1-040112,EW,EW,False,False,0.36296713824212595,1.0101616376415836,7128,6108,False,False,False,False
6342,CSS_J152303.5-014120,RRab,RRab,False,False,0.44670612243017865,1.1544012149763234,1500,1537,False,False,False,False
6343,CSS_J161402.1+535845,EW,EW,False,False,0.4137920356539176,1.0253564000449118,2695,5223,False,False,False,False
6344,CSS_J121846.5+124631,RRc,RRc,False,False,0.37892389117832564,0.9822593149397096,5390,7702,False,False,False,False
6345,CSS_J172516.5+392430,EA,EW,True,False,0.4113222649646081,1.0536459166949101,2840,3893,False,False,False,False
6346,CSS_J045409.9+120208,EW,EW,False,False,0.4591187595916345,1.5053889966751013,1226,140,False,True,False,False
6347,CSS_J084340.7+325933,EA,EA,False,False,0.39480966647559373,1.0363488161848462,3885,4661,False,False,False,False
6348,CSS_J074850.1+194501,EA,EA,False,False,0.4230753594632202,1.005473183944933,2278,6423,False,False,False,False
6349,CSS_J210034.5-113846,EW,EW,False,False,0.38739830248813767,1.1331573631153404,4548,1846,False,False,False,False
6350,CSS_J202639.1-162602,EW,EW,False,False,0.3820013403303499,0.9976789664838017,5069,6893,False,False,False,False
6351,CSS_J041252.3+295703,EW,EW,False,False,0.36325238283370936,1.0026103347522066,7095,6602,False,False,False,False
6352,CSS_J224852.8+154210,RRc,RRc,False,False,0.38864668371465527,1.0546567293820113,4447,3851,False,False,False,False
6353,CSS_J220544.9+215326,RS CVn,EW,True,True,0.3811101162056919,1.1026501856506994,5175,2428,False,False,False,False
6354,CSS_J234231.6-055753,EW,EW,False,False,0.38823659487157147,1.3921768633888365,4481,272,False,False,False,False
6355,CSS_J003436.7+415607,EW,EW,False,False,0.35650584400562574,0.9893235108942869,7698,7362,False,False,False,False
6356,CSS_J011342.0+402626,EW,EW,False,False,0.38777899264972504,1.3050454499092115,4514,491,False,False,False,False
6357,CSS_J172143.5+340115,RRc,RRc,False,False,0.36149459231510467,1.1208716361010933,7276,2060,False,False,False,False
6358,CSS_J160613.9+335731,RS CVn,RS CVn,False,True,0.4518451397807158,1.0472755309459059,1380,4176,False,False,False,False
6359,CSS_J085005.0+241900,EW,EA,True,False,0.5302289164987493,1.1218343363527383,343,2034,False,False,False,False
6360,CSS_J161609.7+265624,EW,EW,False,False,0.37501308623580326,1.0036311523306423,5832,6540,False,False,False,False
6361,CSS_J172644.9+484208,EW,EW,False,False,0.3861384185590563,1.141881710271636,4663,1708,False,False,False,False
6362,CSS_J043322.0+204906,EW,EW,False,False,0.3920946580074568,1.017571962446931,4129,5659,False,False,False,False
6363,CSS_J205100.5-194448,EW,EW,False,False,0.390323128486785,1.0775202479500323,4296,3085,False,False,False,False
6364,CSS_J230821.8+303540,EA,EA,False,False,0.4521654526242509,1.1859170531317145,1369,1177,False,False,False,False
6365,CSS_J041508.1+281912,EW,EW,False,False,0.39380746363135744,1.020530622464032,3956,5480,False,False,False,False
6366,CSS_J095828.5-010738,EW,EW,False,False,0.35555111572875614,1.1161134473610839,7758,2153,False,False,False,False
6367,CSS_J162224.1+081906,EW,EW,False,False,0.37092867161181664,1.0427728351780574,6305,4382,False,False,False,False
6368,CSS_J070150.7+410727,EA,EA,False,False,0.43455514706415405,1.025599456632261,1866,5208,False,False,False,False
6369,CSS_J211310.3-013742,EW,EW,False,False,0.37833792755237555,1.1203123444154972,5442,2069,False,False,False,False
6370,CSS_J045334.9+171405,EA,EA,False,False,0.5464662236492963,1.0369305120740826,272,4639,False,False,False,False
6371,CSS_J075941.0+530152,EW,EW,False,False,0.3895945380155614,1.0674591281331645,4363,3390,False,False,False,False
6372,CSS_J005051.0+002341,EW,EW,False,False,0.35841036234733087,1.0279113991941167,7562,5080,False,False,False,False
6373,CSS_J105730.7+650754,RRab,RRab,False,False,0.478648183655107,1.0506084955567478,862,4035,False,False,False,False
6374,CSS_J155058.6+330935,EW,EW,False,False,0.3976524275604688,1.004427590665132,3670,6488,False,False,False,False
6375,CSS_J005041.0+395641,EW,EW,False,False,0.3650742756902738,1.020443905944184,6926,5483,False,False,False,False
6376,CSS_J151111.9+164121,EW,EW,False,False,0.35339421200177173,1.0211362747506798,7894,5451,False,False,False,False
6377,CSS_J214337.9+012300,EW,EW,False,False,0.36024900157705364,1.0564477596250748,7397,3785,False,False,False,False
6378,CSS_J145024.0+071000,RRc,RRc,False,False,0.40033371837323306,0.998705204176703,3475,6831,False,False,False,False
6379,CSS_J072735.6+385639,EW,EW,False,False,0.40302800277962153,1.0508994144855943,3284,4023,False,False,False,False
6380,CSS_J105747.3-184152,RRab,RRc,True,False,0.3737661602503708,1.167077382719281,5981,1383,False,False,False,False
6381,CSS_J141444.4-131841,EW,EW,False,False,0.37664933988377436,1.0176244620101609,5632,5656,False,False,False,False
6382,CSS_J212947.2-162430,RRc,RRc,False,False,0.3841551474613764,0.995778955854373,4851,6991,False,False,False,False
6383,CSS_J151316.9+320640,EW,EW,False,False,0.3768074604829083,1.0224946504682086,5618,5372,False,False,False,False
6384,CSS_J034339.5+351831,RS CVn,RS CVn,False,True,0.5290561156110668,1.2219184384681423,352,893,False,False,False,False
6385,CSS_J145908.1-030626,RRab,RRab,False,False,0.46766609271807513,0.9953830232467805,1056,7011,False,False,False,False
6386,CSS_J105233.5-060509,RRab,RRab,False,False,0.4352933340387659,1.0640222080416775,1842,3511,False,False,False,False
6387,CSS_J053834.2+000821,EW,EW,False,False,0.3964683361294876,1.0107133683063187,3753,6077,False,False,False,False
6388,CSS_J203655.7-073904,EW,EW,False,False,0.3554567517527333,1.0065215302764243,7769,6352,False,False,False,False
6389,CSS_J234630.5+181252,RRc,RRc,False,False,0.37855436161446865,0.995121409642074,5420,7024,False,False,False,False
6390,CSS_J145731.3-154550,RRc,EW,True,False,0.41432405034281605,1.1704632376114708,2667,1334,False,False,False,False
6391,CSS_J014509.3+352949,EW,EW,False,False,0.3544214974403113,1.0863186878359712,7828,2825,False,False,False,False
6392,CSS_J095840.2-175426,RRc,RRab,True,False,0.5301903059156786,1.2900674840598083,345,557,False,False,False,False
6393,CSS_J045207.6+145004,EW,EW,False,False,0.38888550127254207,1.1593519073162257,4428,1484,False,False,False,False
6394,CSS_J073720.0+370454,EW,EW,False,False,0.39426117738244326,1.0189541537355316,3928,5565,False,False,False,False
6395,CSS_J032830.0+263218,EW,EW,False,False,0.410377106991987,1.0341471939839875,2876,4770,False,False,False,False
6396,CSS_J051452.7+205515,EW,EA,True,False,0.4207434511865519,1.3187719516177476,2374,437,False,False,False,False
6397,CSS_J134208.0-121702,RRc,RRc,False,False,0.3878948467846068,1.2188549492775915,4508,915,False,False,False,False
6398,CSS_J162327.8+055426,EW,EW,False,False,0.3794157806715547,1.0690148078981712,5356,3336,False,False,False,False
6399,CSS_J210403.3-100545,EW,EW,False,False,0.3831735771510229,1.1101518285093765,4959,2268,False,False,False,False
6400,CSS_J085730.8+065928,EW,RRc,True,False,0.38357374424126295,1.2084785076241267,4916,1001,False,False,False,False
6401,CSS_J033040.1+360907,EW,EW,False,False,0.4051686709860772,1.1304541206607333,3152,1888,False,False,False,False
6402,CSS_J071816.2+501711,EW,EW,False,False,0.4075148937086665,1.0660798168293923,3020,3448,False,False,False,False
6403,CSS_J142626.3-180654,RRc,RRc,False,False,0.382892492405083,1.062555874459767,4976,3567,False,False,False,False
6404,CSS_J032723.6-010935,EA,EA,False,False,0.5828601709608383,1.0176626330895813,169,5652,False,False,False,False
6405,CSS_J130412.3-042344,RRc,RRc,False,False,0.3852095295280519,0.9864928363017704,4751,7512,False,False,False,False
6406,CSS_J215843.3+173239,EW,EW,False,False,0.37710677618363664,1.1190221286979294,5575,2098,False,False,False,False
6407,CSS_J231532.4-070350,EW,EW,False,False,0.3640627929508488,1.07229657298327,7021,3227,False,False,False,False
6408,CSS_J031947.9+311830,EW,EW,False,False,0.45450109150358775,1.0253188502976356,1329,5226,False,False,False,False
6409,CSS_J180612.8+485829,RRd,EW,True,True,0.3966586696791281,1.3374653247021815,3736,391,False,False,False,False
6410,CSS_J111107.8+135611,RRc,RRc,False,False,0.3994192317870747,1.1346967374465193,3550,1816,False,False,False,False
6411,CSS_J145319.1-065831,EW,EW,False,False,0.36093941425885095,1.2222743992885832,7327,891,False,False,False,False
6412,CSS_J041603.2-163021,EW,EW,False,False,0.40037603473992933,1.075672270384646,3473,3132,False,False,False,False
6413,CSS_J064014.7+473257,EW,EW,False,False,0.4055574488834078,1.1791998343694856,3122,1241,False,False,False,False
6414,CSS_J160536.6+424157,EW,EW,False,False,0.46619315832465885,1.1274386068074127,1086,1936,False,False,False,False
6415,CSS_J133201.0+291639,EW,EW,False,False,0.37406045341709776,1.0668645569449222,5953,3412,False,False,False,False
6416,CSS_J021550.1+091310,RRc,RRc,False,False,0.3904000298563049,0.9810072728691586,4291,7742,False,False,False,False
6417,CSS_J041702.6+324018,EW,EW,False,False,0.3823865765341373,0.9985173888334066,5025,6849,False,False,False,False
6418,CSS_J151503.5-060900,RRab,RRab,False,False,0.5397055470387538,1.076052599233705,308,3124,False,False,False,False
6419,CSS_J213608.6+085915,EW,EW,False,False,0.35719578176631084,1.1488522245388928,7650,1621,False,False,False,False
6420,CSS_J164335.1+171702,EW,EW,False,False,0.3828678360572776,1.0148951601461433,4979,5804,False,False,False,False
6421,CSS_J225831.7+055223,EW,EW,False,False,0.44191174118311843,1.1957412672511274,1626,1093,False,False,False,False
6422,CSS_J163412.4+292232,EW,EW,False,False,0.3841358913677986,1.0559422731384944,4852,3802,False,False,False,False
6423,CSS_J110321.0+484144,EW,EW,False,False,0.3832332150058382,1.2215150463553894,4949,899,False,False,False,False
6424,CSS_J172626.6+315205,RRc,RRc,False,False,0.38929484199397985,0.9883867252270253,4392,7406,False,False,False,False
6425,CSS_J052342.3+030656,EA,EW,True,False,0.3844255380719552,1.055260799381807,4826,3827,False,False,False,False
6426,CSS_J085942.7+190007,EW,EW,False,False,0.4721116344077102,1.0346979990423335,977,4739,False,False,False,False
6427,CSS_J075423.7+120445,EW,EW,False,False,0.4122265271923309,1.2030900706385987,2785,1049,False,False,False,False
6428,CSS_J015404.1+382805,EW,EW,False,False,0.3731658633170135,1.0111053274256263,6061,6053,False,False,False,False
6429,CSS_J210116.6-050902,EA,EA,False,False,0.4825117588920444,1.01393329877106,797,5866,False,False,False,False
6430,CSS_J225148.3+153203,EW,EW,False,False,0.36968791169286114,1.235418279191832,6427,798,False,False,False,False
6431,CSS_J072704.9+543548,EW,EW,False,False,0.37602172572149944,1.1057287288019015,5702,2363,False,False,False,False
6432,CSS_J040224.4+121232,EW,EW,False,False,0.38092462364086993,1.1152118873763515,5201,2171,False,False,False,False
6433,CSS_J110123.7-113244,LPV,LPV,False,False,0.7257124442028355,1.0919557058366425,25,2679,True,False,False,False
6434,CSS_J032004.1+170718,EW,EW,False,False,0.3701961810161799,1.036608005550873,6379,4651,False,False,False,False
6435,CSS_J074938.4+205559,EW,EW,False,False,0.3931882050824477,1.0068399582393177,4017,6329,False,False,False,False
6436,CSS_J032925.7-141634,EW,EW,False,False,0.3894061296926782,1.0767685000877147,4382,3108,False,False,False,False
6437,CSS_J154441.1+480651,RRc,RRc,False,False,0.3888939623792765,1.0455483777410128,4427,4256,False,False,False,False
6438,CSS_J130613.6+164657,RRc,RRc,False,False,0.3797287226802528,1.1004098842082624,5318,2489,False,False,False,False
6439,CSS_J095711.4-105834,EW,EW,False,False,0.368450028922865,1.03178558441916,6557,4890,False,False,False,False
6440,CSS_J220640.6+062747,EW,EW,False,False,0.4713039670113786,1.0866504568814475,998,2814,False,False,False,False
6441,CSS_J173731.9+232634,RRc,RRc,False,False,0.37601846235616404,1.0004848060860234,5704,6735,False,False,False,False
6442,CSS_J135502.4+345858,RRab,EW,True,False,0.36610727243411306,1.170408269939109,6806,1335,False,False,False,False
6443,CSS_J233659.3+042854,EW,EW,False,False,0.4022366619837761,1.1308380195634955,3336,1882,False,False,False,False
6444,CSS_J021251.9+303834,EW,EW,False,False,0.39153598391144234,1.0461141776560285,4182,4229,False,False,False,False
6445,CSS_J022854.6+285332,EW,EW,False,False,0.3904713553252845,0.9922440504869501,4283,7186,False,False,False,False
6446,CSS_J045658.1-065355,EA,EA,False,False,0.4721108323021199,1.0376690643219058,978,4602,False,False,False,False
6447,CSS_J133650.3+104116,RRc,EW,True,False,0.38074668801199557,1.165253775836124,5220,1408,False,False,False,False
6448,CSS_J160102.2-074335,RRc,RRc,False,False,0.3749807723898359,1.0919953665768836,5835,2677,False,False,False,False
6449,CSS_J070020.5+512116,EW,EW,False,False,0.38123266517251037,1.002355455277741,5161,6621,False,False,False,False
6450,CSS_J174829.7+310859,RRab,EW,True,False,0.46020402605025085,1.0729070550991264,1201,3209,False,False,False,False
6451,CSS_J090830.7+245411,EW,EW,False,False,0.37415042523586645,0.9980893800200354,5946,6874,False,False,False,False
6452,CSS_J015712.7+181212,EW,EW,False,False,0.35586435355963886,0.9872339214050536,7737,7468,False,False,False,False
6453,CSS_J033100.7-015355,EW,EW,False,False,0.45983127269510243,1.0215791325764183,1209,5415,False,False,False,False
6454,CSS_J083322.7+463909,EW,EW,False,False,0.3619104857540862,0.9846192874275751,7235,7608,False,False,False,False
6455,CSS_J162606.5+123953,RRc,RRc,False,False,0.39710214682512973,1.0059297816300075,3706,6391,False,False,False,False
6456,CSS_J043822.9+102633,EW,EW,False,False,0.39489232611018577,1.0757016976337208,3876,3131,False,False,False,False
6457,CSS_J232449.1+360356,RRc,RRc,False,False,0.3814129037038359,1.0142548860218803,5134,5851,False,False,False,False
6458,CSS_J073217.3+250312,EW,EW,False,False,0.3901344441354615,1.1576330620074862,4320,1502,False,False,False,False
6459,CSS_J074734.2+345315,EW,EW,False,False,0.40484103330383403,1.0522537402153773,3177,3970,False,False,False,False
6460,CSS_J205109.6+060641,EW,EW,False,False,0.3571395868680711,1.0407059100042806,7654,4458,False,False,False,False
6461,CSS_J104310.7+324809,RRab,RRab,False,False,0.5109543279801019,1.0272497001311147,455,5119,False,False,False,False
6462,CSS_J102714.4+521800,EW,EW,False,False,0.3552296414903458,0.9904924854998587,7782,7295,False,False,False,False
6463,CSS_J052756.2-161815,EW,EW,False,False,0.39607254363522004,1.0205421176447576,3781,5479,False,False,False,False
6464,CSS_J024415.0+320644,EA,EA,False,False,0.4918184224304746,1.0395869970088982,663,4508,False,False,False,False
6465,CSS_J234805.5+210547,EW,EW,False,False,0.363402273348607,1.0285079435840423,7080,5048,False,False,False,False
6466,CSS_J112034.0+241709,EW,EW,False,False,0.4789300683311201,1.1011317280361859,853,2470,False,False,False,False
6467,CSS_J021930.6-102122,EW,EW,False,False,0.3813016234771882,1.0514304829117032,5153,3995,False,False,False,False
6468,CSS_J004950.9+150133,RRc,RRc,False,False,0.436794959239017,1.0636407195467696,1797,3526,False,False,False,False
6469,CSS_J091003.7-164908,EW,EW,False,False,0.39172765298876777,1.021371009223121,4167,5433,False,False,False,False
6470,CSS_J211215.7-153037,RS CVn,EW,True,True,0.38139859517509533,1.2147385524325096,5136,953,False,False,False,False
6471,CSS_J072522.4+435156,EW,EW,False,False,0.44142893204033823,1.1183494800561598,1642,2112,False,False,False,False
6472,CSS_J032939.4+262709,EW,EW,False,False,0.3828881115333221,1.0229006550495203,4977,5345,False,False,False,False
6473,CSS_J161342.3+125054,EA,EW,True,False,0.3864426148654577,1.0667293790001608,4631,3417,False,False,False,False
6474,CSS_J163105.2-012058,EW,EW,False,False,0.37021990497518675,0.9974500540918821,6377,6900,False,False,False,False
6475,CSS_J151411.1+401643,RRc,RRc,False,False,0.3813698428725045,0.9836701437806017,5145,7646,False,False,False,False
6476,CSS_J021110.7+354956,EW,EW,False,False,0.38974957536636995,1.0379156897669763,4350,4593,False,False,False,False
6477,CSS_J154726.4-103442,RRd,RRc,True,True,0.41101973450506774,1.1494077053134881,2851,1610,False,False,False,False
6478,CSS_J235307.7-181324,RRab,RRc,True,False,0.3648045548543671,1.0393976517167804,6952,4522,False,False,False,False
6479,CSS_J212936.0+104526,EW,EW,False,False,0.37127776365781895,1.060390441249837,6272,3640,False,False,False,False
6480,CSS_J163450.7-021556,RRc,RRab,True,False,0.49809622245280627,0.9931719783862389,581,7133,False,False,False,False
6481,CSS_J165757.0+202615,RRc,RRab,True,False,0.43295075317436743,1.0796220462858406,1920,3014,False,False,False,False
6482,CSS_J044813.0+091832,RRab,RRab,False,False,0.47293845216253405,1.0392120138635894,961,4533,False,False,False,False
6483,CSS_J050529.6+115446,EW,EW,False,False,0.3534893522276062,1.02728543625608,7885,5114,False,False,False,False
6484,CSS_J131639.9+243632,EW,EW,False,False,0.3652094348427651,1.052675051116507,6912,3946,False,False,False,False
6485,CSS_J135411.1+035149,EW,EW,False,False,0.37599453548457495,1.0925184796319916,5708,2662,False,False,False,False
6486,CSS_J010857.9-132314,RS CVn,EW,True,True,0.37602633710644384,1.1109860772585578,5701,2249,False,False,False,False
6487,CSS_J173649.6+185355,EW,EW,False,False,0.5160709634169552,1.3417593615332732,418,378,False,False,False,False
6488,CSS_J040357.4+331812,EW,EW,False,False,0.3725166276536819,1.3248158086727027,6135,422,False,False,False,False
6489,CSS_J153803.7+570210,EW,EW,False,False,0.3849645021253814,0.9924481622172608,4770,7175,False,False,False,False
6490,CSS_J013341.8+344642,EW,EW,False,False,0.38239396353745697,1.0082920438248721,5024,6240,False,False,False,False
6491,CSS_J202509.8-090010,EW,EW,False,False,0.36690015686053684,1.0265261071762264,6725,5157,False,False,False,False
6492,CSS_J205621.7-073518,EW,EW,False,False,0.3951371795463168,1.4632652907255492,3857,180,False,False,False,False
6493,CSS_J231343.5+284906,EW,EW,False,False,0.4566399544653657,1.0345149356349836,1285,4753,False,False,False,False
6494,CSS_J173943.9+145630,EW,EW,False,False,0.37861889719410463,1.3128087210153168,5416,460,False,False,False,False
6495,CSS_J161103.6-143447,EW,EW,False,False,0.36801302091822863,1.037869488708571,6612,4594,False,False,False,False
6496,CSS_J022608.6+083424,EW,EW,False,False,0.3799546229809923,1.0038793864603643,5297,6527,False,False,False,False
6497,CSS_J070118.9+383001,LPV,LPV,False,False,0.7615697761466265,1.0186044562751795,6,5586,True,False,False,False
6498,CSS_J234040.2+192217,EA,EA,False,False,0.4574485003685454,0.9883892590567258,1269,7405,False,False,False,False
6499,CSS_J114537.3-172006,RRab,EW,True,False,0.48567576934368223,1.2406707223080928,748,780,False,False,False,False
6500,CSS_J042218.1+180600,EA,EA,False,False,0.4642420604997907,1.0386790231077228,1116,4554,False,False,False,False
6501,CSS_J080936.7+085035,EA,EA,False,False,0.5269113629443629,1.01310201863522,364,5912,False,False,False,False
6502,CSS_J181905.0+531004,RRab,RRab,False,False,0.45467025914820725,0.9873384675448609,1324,7462,False,False,False,False
6503,CSS_J144903.6+415148,RRc,RRc,False,False,0.3945724734889878,1.038041758716212,3903,4584,False,False,False,False
6504,CSS_J110843.5+045109,EA,EA,False,False,0.4789489803011304,1.0651694437153931,852,3476,False,False,False,False
6505,CSS_J013406.6+173303,EA,EA,False,False,0.4335889185329799,0.9881613955952355,1894,7418,False,False,False,False
6506,CSS_J041851.8+281306,EW,EW,False,False,0.37961313104817057,1.2066329260705566,5331,1013,False,False,False,False
6507,CSS_J082341.0-072416,EW,EW,False,False,0.40410681448785746,1.0915134218885905,3229,2686,False,False,False,False
6508,CSS_J160849.4-154241,EW,EW,False,False,0.3893318369325115,1.0395454430668563,4388,4510,False,False,False,False
6509,CSS_J064801.4+432936,EW,EW,False,False,0.4251846109787054,1.0339120099948074,2193,4781,False,False,False,False
6510,CSS_J165846.3-012449,RRc,RRc,False,False,0.36085474794371697,1.094683155381367,7340,2608,False,False,False,False
6511,CSS_J082803.3+031432,RRc,RRc,False,False,0.4393514870963544,1.0813795306445633,1708,2963,False,False,False,False
6512,CSS_J153949.3-070223,EW,EW,False,False,0.3814071711911933,1.0715297675612354,5135,3244,False,False,False,False
6513,CSS_J030642.7-041339,EW,EW,False,False,0.37590233096483283,1.1606935903792128,5719,1467,False,False,False,False
6514,CSS_J164644.9+084811,EW,EW,False,False,0.41184979666400695,0.99267187923024,2805,7159,False,False,False,False
6515,CSS_J211902.0+180440,RS CVn,EW,True,True,0.44552089582009513,1.1054506686327197,1534,2368,False,False,False,False
6516,CSS_J031016.4+245221,EW,EW,False,False,0.3566752610420018,1.0272259848230152,7687,5120,False,False,False,False
6517,CSS_J035410.1+340934,RS CVn,EW,True,True,0.638203420126299,1.1235153056489469,90,2004,True,False,False,False
6518,CSS_J044704.6+214435,EW,EW,False,False,0.3548331407524827,0.9915123264310456,7804,7238,False,False,False,False
6519,CSS_J154645.6-081556,RRab,RRc,True,False,0.3684403253679393,1.063584291206979,6559,3529,False,False,False,False
6520,CSS_J215757.7+193231,EW,EW,False,False,0.584584933553128,1.068906457113352,167,3339,False,False,False,False
6521,CSS_J235035.9+282259,EW,EW,False,False,0.5039724077941253,1.372869190642223,523,310,False,False,False,False
6522,CSS_J155647.9+191239,EW,EW,False,False,0.4563055832705591,0.9884784273863609,1292,7401,False,False,False,False
6523,CSS_J045805.6+043509,EW,EW,False,False,0.3972569513462482,1.0524839825186618,3698,3959,False,False,False,False
6524,CSS_J141131.4+533035,RRab,RRab,False,False,0.4330285275264221,1.0656239278979345,1918,3462,False,False,False,False
6525,CSS_J135435.9+502715,RRab,RRab,False,False,0.46115751788265075,1.0551914901154071,1182,3830,False,False,False,False
6526,CSS_J084051.7+000751,EW,EW,False,False,0.3540458173708477,0.9822297410418255,7852,7704,False,False,False,False
6527,CSS_J061200.9-101438,EW,EW,False,False,0.367537929768613,1.0249180828894857,6653,5247,False,False,False,False
6528,CSS_J104239.0+601155,RRc,RRc,False,False,0.3688648015534062,0.9882285446152702,6510,7411,False,False,False,False
6529,CSS_J104447.6-071153,RRc,EW,True,False,0.4292749119684101,1.6136124997686643,2024,67,False,True,False,False
6530,CSS_J125324.2+511843,EW,EW,False,False,0.36369193810769795,0.9852948132230965,7058,7577,False,False,False,False
6531,CSS_J210405.5-052221,EW,EW,False,False,0.3930634687803897,1.0194278562290529,4030,5535,False,False,False,False
6532,CSS_J224552.8+225140,EW,EW,False,False,0.3634167114518184,1.1380806456466943,7077,1757,False,False,False,False
6533,CSS_J020320.5+172833,EA,EA,False,False,0.5804518682694338,1.1516898125809163,172,1572,False,False,False,False
6534,CSS_J054915.4-015320,EW,EW,False,False,0.37109047974507187,1.0146063847465963,6287,5830,False,False,False,False
6535,CSS_J210354.1+094538,EW,EW,False,False,0.4506764055401247,1.1322858498697266,1401,1860,False,False,False,False
6536,CSS_J080125.3+311644,EW,EW,False,False,0.4113798624894532,1.4547527209087434,2833,193,False,False,False,False
6537,CSS_J110713.1+324232,EW,EW,False,False,0.3898338483870935,0.9852221695100185,4340,7581,False,False,False,False
6538,CSS_J234019.1+180535,RRc,EW,True,False,0.37677077006519993,1.2104060890288069,5623,983,False,False,False,False
6539,CSS_J211756.9+010421,LPV,LPV,False,False,0.7405198235850388,0.9753564502744243,17,7876,True,False,False,False
6540,CSS_J012842.1+433218,LPV,LPV,False,False,0.7411231825071433,1.034824902464944,16,4731,True,False,False,False
6541,CSS_J030642.0+170735,EW,EW,False,False,0.3945022014314204,1.0494172654976146,3910,4078,False,False,False,False
6542,CSS_J050554.2+043249,EW,EW,False,False,0.39567951280399644,1.0687491861394653,3817,3345,False,False,False,False
6543,CSS_J023437.7+303310,EW,EW,False,False,0.3820098084201652,1.0396991180683197,5068,4505,False,False,False,False
6544,CSS_J035038.2+185755,RRd,RRc,True,True,0.38953576781673194,1.1568555792861235,4369,1509,False,False,False,False
6545,CSS_J221444.9+183101,EW,EW,False,False,0.37444468468250436,1.0263795675583163,5912,5163,False,False,False,False
6546,CSS_J214844.0+212738,EW,EW,False,False,0.39634831824658917,1.1527360786417415,3761,1562,False,False,False,False
6547,CSS_J094611.1+214114,EA,EA,False,False,0.4672374943983051,1.0066303627837077,1065,6341,False,False,False,False
6548,CSS_J012331.7+050832,RRab,RRab,False,False,0.4520744966954503,0.9871985903422011,1372,7471,False,False,False,False
6549,CSS_J230337.7+173636,EW,EW,False,False,0.37522971985202375,1.2997790635013877,5805,512,False,False,False,False
6550,CSS_J135629.9+610437,RRd,RRc,True,True,0.3570115260571997,1.0898198762917557,7665,2728,False,False,False,False
6551,CSS_J204550.2-053458,RRc,RRc,False,False,0.4024767633190555,1.0406644618948713,3321,4461,False,False,False,False
6552,CSS_J094749.7+125902,EA,EW,True,False,0.5408381146299225,1.586135142609335,297,79,False,True,False,False
6553,CSS_J023749.7+303931,EW,EW,False,False,0.417080767835706,1.044717771570189,2535,4297,False,False,False,False
6554,CSS_J164054.4+262210,EA,EA,False,False,0.5461964274061801,1.1806458213745532,274,1229,False,False,False,False
6555,CSS_J224026.7+313044,EW,EW,False,False,0.49106157453718946,1.2739738727855159,668,617,False,False,False,False
6556,CSS_J014925.2+412434,EW,EW,False,False,0.38670755099474824,1.0426773173367123,4608,4389,False,False,False,False
6557,CSS_J203052.0-163003,EW,EW,False,False,0.36983292175237586,1.2783884620545223,6413,593,False,False,False,False
6558,CSS_J113415.1-131113,EW,EW,False,False,0.3631191759694003,1.178143704723165,7109,1255,False,False,False,False
6559,CSS_J074200.2+613641,EA,EA,False,False,0.5044379887102873,0.9721116537751708,518,7930,False,False,False,False
6560,CSS_J092329.9+090428,EW,EW,False,False,0.39034457114968935,0.9905357673821058,4295,7288,False,False,False,False
6561,CSS_J082744.1+435048,EW,EW,False,False,0.39587034384687025,1.0117617252553024,3803,6006,False,False,False,False
6562,CSS_J083650.2+272024,EW,EW,False,False,0.35852052405074497,1.0055910620608786,7549,6415,False,False,False,False
6563,CSS_J003955.4+434851,EW,EW,False,False,0.3761345121131838,1.0424089112906418,5688,4401,False,False,False,False
6564,CSS_J233710.0+402710,EW,EW,False,False,0.4058513496510493,1.0693677722315704,3110,3322,False,False,False,False
6565,CSS_J030831.0+152619,EW,EW,False,False,0.4041354422320073,1.0405152152754689,3226,4469,False,False,False,False
6566,CSS_J222607.9-010308,EW,EW,False,False,0.3574586734732906,1.0485749310504935,7622,4107,False,False,False,False
6567,CSS_J084341.7+320513,RS CVn,RS CVn,False,True,0.3778351783976557,1.0478940258345928,5490,4144,False,False,False,False
6568,CSS_J094922.2-023219,EW,EW,False,False,0.36825854698647825,1.0154463515542211,6586,5772,False,False,False,False
6569,CSS_J163420.3+201903,RRc,RRc,False,False,0.42326891689794643,1.0156595003802489,2271,5759,False,False,False,False
6570,CSS_J050759.9+221459,EW,EW,False,False,0.39894343375303476,1.1826628465274407,3578,1214,False,False,False,False
6571,CSS_J170244.2+402103,RRc,RRc,False,False,0.37375387165607593,1.056059761569204,5983,3798,False,False,False,False
6572,CSS_J155433.0+065059,EW,RS CVn,True,False,0.6615484573843092,1.172234632741806,72,1317,True,False,False,False
6573,CSS_J053933.0+041034,EW,EW,False,False,0.3621023472588702,1.0095952951638154,7219,6145,False,False,False,False
6574,CSS_J091627.4+495544,EA,EA,False,False,0.41973644953336914,1.0158899968495823,2418,5746,False,False,False,False
6575,CSS_J050031.4-091413,EA,EW,True,False,0.4949978052829418,1.1852374534872407,616,1188,False,False,False,False
6576,CSS_J022249.1+064100,EW,EW,False,False,0.359080694248497,0.9929036383905678,7511,7144,False,False,False,False
6577,CSS_J230625.7+173414,EW,EW,False,False,0.36249844762261607,1.0614754072499386,7176,3604,False,False,False,False
6578,CSS_J024639.7+321516,EW,EW,False,False,0.4034721585063364,1.0151186001383716,3258,5790,False,False,False,False
6579,CSS_J121246.7+210023,RRd,RRc,True,True,0.37503696220522126,1.1026855829271027,5828,2426,False,False,False,False
6580,CSS_J134512.0+034251,EW,EW,False,False,0.3660525084177925,0.9977000234788314,6812,6892,False,False,False,False
6581,CSS_J070422.5+540019,EW,EW,False,False,0.366784984037816,1.013304089421435,6734,5900,False,False,False,False
6582,CSS_J164621.6+285219,EW,EW,False,False,0.35548218113221286,1.0308505295992072,7764,4937,False,False,False,False
6583,CSS_J090648.3+515447,EW,EW,False,False,0.4344474063899506,1.0201280706662075,1871,5501,False,False,False,False
6584,CSS_J070910.0+315814,EA,EA,False,False,0.5441144818606796,1.0251792228954855,284,5234,False,False,False,False
6585,CSS_J153228.6+063838,EW,EW,False,False,0.45716811173879973,1.0085767402973755,1276,6219,False,False,False,False
6586,CSS_J173426.0+355716,EW,EW,False,False,0.36246106276058343,1.0000932075823799,7182,6758,False,False,False,False
6587,CSS_J092737.4+033332,EA,EA,False,False,0.47104619907090306,0.9961100482266021,999,6972,False,False,False,False
6588,CSS_J054255.7+033657,EW,EW,False,False,0.3722426957540969,1.0087831227666508,6169,6207,False,False,False,False
6589,CSS_J165450.7+470901,RRc,RRc,False,False,0.39202531560499443,1.0624573423279573,4140,3574,False,False,False,False
6590,CSS_J210113.6+073706,EW,EW,False,False,0.3529565639736949,0.975349620271893,7921,7877,False,False,False,False
6591,CSS_J154720.9+395756,EW,EW,False,False,0.3609091219264039,1.152142533073032,7333,1565,False,False,False,False
6592,CSS_J102917.3-155544,EW,EW,False,False,0.39962097506044497,1.3114572278229752,3531,463,False,False,False,False
6593,CSS_J211919.4+024830,EW,EW,False,False,0.3780447165658607,1.0039695155592099,5469,6517,False,False,False,False
6594,CSS_J051915.1-025408,EW,RRc,True,False,0.37736060169683383,1.1451315896040213,5550,1669,False,False,False,False
6595,CSS_J053311.5-085105,EW,EW,False,False,0.38681009925617227,0.9948743228508643,4601,7045,False,False,False,False
6596,CSS_J053111.9+025459,EW,EW,False,False,0.4054541809377617,1.1732709046861474,3131,1304,False,False,False,False
6597,CSS_J025404.7+302145,EW,EW,False,False,0.3683593624607284,1.0812946331986,6578,2966,False,False,False,False
6598,CSS_J205601.6+040316,EW,EW,False,False,0.3724302119619009,1.0053334543351933,6144,6435,False,False,False,False
6599,CSS_J060131.0-115522,EW,EW,False,False,0.37553759809753395,0.991889267513994,5754,7211,False,False,False,False
6600,CSS_J072451.9+375312,EA,EA,False,False,0.4929680968921037,1.0443005710635627,642,4314,False,False,False,False
6601,CSS_J105230.2+175013,EA,EA,False,False,0.42273892769873816,1.0073160630992082,2288,6303,False,False,False,False
6602,CSS_J160740.7+262716,EW,EW,False,False,0.38473980898487414,1.3873835332602913,4795,283,False,False,False,False
6603,CSS_J145141.0+193148,EA,EA,False,False,0.5093000138698839,1.1684489502906263,470,1362,False,False,False,False
6604,CSS_J173009.8+164642,EW,RRc,True,False,0.3609328254062069,1.1079277856186578,7330,2316,False,False,False,False
6605,CSS_J020224.3+200717,RRd,RRab,True,True,0.42022482473288864,1.1083258854234423,2395,2308,False,False,False,False
6606,CSS_J030027.1+304328,EW,EW,False,False,0.43730598662608344,1.040306455859271,1775,4481,False,False,False,False
6607,CSS_J141550.9+292853,EW,EW,False,False,0.37796331130034755,1.0281499704996293,5476,5065,False,False,False,False
6608,CSS_J205753.0-102606,EA,EA,False,False,0.5640336517538053,1.298241429666061,210,520,False,False,False,False
6609,CSS_J010226.8-134427,RRc,RRc,False,False,0.3763467308756233,1.0784957787976108,5667,3051,False,False,False,False
6610,CSS_J145832.0-143310,RRc,RRc,False,False,0.37282694825957075,1.1263494384191115,6101,1959,False,False,False,False
6611,CSS_J021927.9-100507,EA,EA,False,False,0.4648028786235056,1.0468476444400363,1109,4195,False,False,False,False
6612,CSS_J012013.3+411526,EW,EW,False,False,0.3715349393300792,1.020092183331938,6239,5503,False,False,False,False
6613,CSS_J093351.7-023513,RRc,EW,True,False,0.47172178208979804,1.1743912207672256,992,1290,False,False,False,False
6614,CSS_J091743.8+095722,EW,EW,False,False,0.4892019461411128,1.2806321671001528,691,585,False,False,False,False
6615,CSS_J040721.8+351739,RRc,RRc,False,False,0.4093044966989303,1.0279393024531929,2927,5078,False,False,False,False
6616,CSS_J093240.8-191314,EW,EW,False,False,0.38215359261606585,1.076930138256249,5051,3103,False,False,False,False
6617,CSS_J161130.2+160521,EW,RRc,True,False,0.388835966741026,1.0627497008242823,4435,3560,False,False,False,False
6618,CSS_J145244.0-021905,EW,EW,False,False,0.3552849991042139,0.9857340081817023,7778,7552,False,False,False,False
6619,CSS_J210122.3+055507,EW,EW,False,False,0.39487074191836724,1.0279915516088776,3878,5072,False,False,False,False
6620,CSS_J140437.0-080835,EW,EW,False,False,0.48776776687441853,1.9522944820401729,707,21,False,True,False,False
6621,CSS_J030450.6+331044,EW,EW,False,False,0.3583217130901814,1.0273175386862574,7570,5111,False,False,False,False
6622,CSS_J103757.2+060712,EW,EW,False,False,0.36042270708486235,1.1160054983802536,7382,2154,False,False,False,False
6623,CSS_J222417.2+283950,EW,EW,False,False,0.5473602927105087,1.1080231005928503,266,2314,False,False,False,False
6624,CSS_J023248.6+342156,EW,EW,False,False,0.3770691353654951,1.0236171757924566,5579,5316,False,False,False,False
6625,CSS_J020957.6+342454,EW,EW,False,False,0.35360316552521437,0.9969984040777515,7878,6917,False,False,False,False
6626,CSS_J023251.9+353949,EW,EW,False,False,0.35418328944569044,1.015949592572458,7842,5745,False,False,False,False
6627,CSS_J153839.5+084507,EW,EW,False,False,0.37578530663226184,1.0461391311479418,5729,4228,False,False,False,False
6628,CSS_J134734.3-072149,RRc,EW,True,False,0.36641317366324067,1.004100958236435,6775,6509,False,False,False,False
6629,CSS_J071456.4+432904,EA,EW,True,False,0.3930099189422188,1.4634579435115156,4036,179,False,False,False,False
6630,CSS_J091637.7+071125,RRc,EW,True,False,0.38639624722838783,1.1863109307099484,4638,1174,False,False,False,False
6631,CSS_J215420.8+202424,EW,EW,False,False,0.3565691247283436,1.0363367228298765,7693,4662,False,False,False,False
6632,CSS_J012834.0+362723,EW,EW,False,False,0.3737145997858174,1.0679663643571033,5992,3370,False,False,False,False
6633,CSS_J123001.3+462611,EW,EW,False,False,0.3748941977735371,1.1125776380342753,5848,2219,False,False,False,False
6634,CSS_J032737.0+222359,EW,EW,False,False,0.40196488147484827,1.0813806616402102,3351,2962,False,False,False,False
6635,CSS_J141003.6+160629,EA,EA,False,False,0.41024986992995954,1.001269977763371,2883,6683,False,False,False,False
6636,CSS_J155458.3+075328,RRc,EW,True,False,0.36796809674716296,1.0712370395794406,6616,3259,False,False,False,False
6637,CSS_J110155.5+485545,RRab,RRc,True,False,0.3781733597174766,1.0552549491907757,5458,3828,False,False,False,False
6638,CSS_J150231.9-174712,EW,EW,False,False,0.4050781943275451,1.0896549368281843,3157,2737,False,False,False,False
6639,CSS_J115216.8+190906,RRc,EW,True,False,0.4551288070571457,1.2097984251352307,1317,987,False,False,False,False
6640,CSS_J055939.8-173532,EW,EW,False,False,0.3572370991879551,1.0383174718613195,7643,4571,False,False,False,False
6641,CSS_J213100.3-013933,EA,EA,False,False,0.4722057487279726,1.0304061623889655,974,4961,False,False,False,False
6642,CSS_J162055.7-153015,EW,RRab,True,False,0.4850941521113444,1.1058522286636785,759,2356,False,False,False,False
6643,CSS_J035419.7+350701,EW,EW,False,False,0.38773465613687697,1.2344560411364136,4519,809,False,False,False,False
6644,CSS_J070837.0+430528,RRab,EW,True,False,0.5160862968635987,1.0542274432606904,417,3874,False,False,False,False
6645,CSS_J073624.6+325017,EA,EA,False,False,0.5115272067424472,1.0516827835821152,450,3987,False,False,False,False
6646,CSS_J170013.0+320148,RRab,RRab,False,False,0.4049264298294941,1.0643335447652178,3173,3499,False,False,False,False
6647,CSS_J171534.3+534239,EW,EW,False,False,0.3655759875527406,1.1539252136794573,6871,1543,False,False,False,False
6648,CSS_J130128.7+003135,RRc,RRc,False,False,0.392336627226734,1.107685701460588,4112,2322,False,False,False,False
6649,CSS_J085435.5-060637,EW,EW,False,False,0.4074261974220787,1.14655720762527,3028,1650,False,False,False,False
6650,CSS_J070206.0+374529,EW,EW,False,False,0.39741084033443785,0.9893774343597451,3686,7359,False,False,False,False
6651,CSS_J221725.6-063410,EW,EW,False,False,0.3582072181220328,1.0282894478469662,7577,5061,False,False,False,False
6652,CSS_J225507.4+244324,EW,EW,False,False,0.45326002433423757,1.1230792899516842,1353,2011,False,False,False,False
6653,CSS_J174516.9+264706,EA,EA,False,False,0.515443468310985,1.066578906000547,422,3426,False,False,False,False
6654,CSS_J084508.8-044936,EW,EW,False,False,0.3649791686130922,1.112407323027104,6935,2225,False,False,False,False
6655,CSS_J041250.1+314753,EW,EW,False,False,0.4192664569840448,1.3109557378664447,2437,465,False,False,False,False
6656,CSS_J213719.2-113747,EW,EW,False,False,0.43782394986952655,1.1145448937566045,1754,2185,False,False,False,False
6657,CSS_J073841.4+245641,EW,EW,False,False,0.3792659094582212,1.0143670434397731,5368,5846,False,False,False,False
6658,CSS_J140056.9+175933,EW,EW,False,False,0.366258710877488,1.320674653860142,6790,434,False,False,False,False
6659,CSS_J165737.5+045000,EW,EW,False,False,0.38962721627068503,1.0568851489489348,4361,3773,False,False,False,False
6660,CSS_J045004.8+242828,EW,EW,False,False,0.5286899939989652,1.1397461935877538,354,1739,False,False,False,False
6661,CSS_J121043.3+151457,RRc,RRc,False,False,0.3845661781530952,1.027870687922215,4816,5086,False,False,False,False
6662,CSS_J225305.5+382411,EW,EW,False,False,0.3761627011590312,1.1092801827412346,5682,2280,False,False,False,False
6663,CSS_J151257.7-043853,LPV,EW,True,False,0.4563092636087846,1.5185178096228018,1291,126,False,True,False,False
6664,CSS_J212233.4-010502,EW,EW,False,False,0.3885315506763411,1.238065556422943,4459,788,False,False,False,False
6665,CSS_J161746.2-113536,EW,EW,False,False,0.4077255043182696,1.000058294937882,3010,6763,False,False,False,False
6666,CSS_J214833.7+243235,EW,EW,False,False,0.3596186863696337,1.0074208938535918,7461,6292,False,False,False,False
6667,CSS_J113726.0+003727,RRab,RRab,False,False,0.5056364214708423,1.3611813640785821,505,330,False,False,False,False
6668,CSS_J004335.5+433354,RRab,RRab,False,False,0.469323650393375,1.0181671633695317,1027,5618,False,False,False,False
6669,CSS_J094225.6+121629,EW,EW,False,False,0.35537000083890186,0.9990602819510823,7775,6812,False,False,False,False
6670,CSS_J205645.0-193846,RS CVn,RS CVn,False,True,0.40010210337022134,1.3072321062540084,3493,483,False,False,False,False
6671,CSS_J153553.0+151631,EW,EW,False,False,0.36862667073891886,0.9972640541989202,6542,6908,False,False,False,False
6672,CSS_J010756.4+050110,EW,EW,False,False,0.36291075299148623,1.0289891136259584,7132,5019,False,False,False,False
6673,CSS_J135558.9+641925,RS CVn,RS CVn,False,True,0.42569121137236066,1.0503882504685014,2180,4046,False,False,False,False
6674,CSS_J085956.1+245528,EW,EW,False,False,0.38199395029145033,1.0215142541086313,5071,5426,False,False,False,False
6675,CSS_J075234.8+405138,LPV,LPV,False,False,0.5537919373371952,1.0031651176255278,239,6568,False,False,False,False
6676,CSS_J101419.6+030950,EW,EW,False,False,0.39560818912152923,1.0347283121103663,3820,4737,False,False,False,False
6677,CSS_J071220.3+345058,EA,EA,False,False,0.5033880317690336,1.056849608853416,529,3775,False,False,False,False
6678,CSS_J065536.6+383457,EW,EW,False,False,0.4368877023495186,1.066420273283689,1791,3436,False,False,False,False
6679,CSS_J125715.1-161151,RRab,RRab,False,False,0.4696167088108133,1.0189718899632212,1022,5562,False,False,False,False
6680,CSS_J001659.5-153136,RRc,RRc,False,False,0.3991739201545259,1.1034821245946413,3565,2409,False,False,False,False
6681,CSS_J155245.4+440438,EW,EW,False,False,0.39732008246968714,1.1169288307729168,3692,2138,False,False,False,False
6682,CSS_J171912.5+081539,RRc,EW,True,False,0.3770257873515827,1.064120215348066,5589,3508,False,False,False,False
6683,CSS_J212314.8-192758,RRc,RRc,False,False,0.37780452537225295,1.1590443670237243,5493,1486,False,False,False,False
6684,CSS_J164254.3+120657,EW,EW,False,False,0.36342140598444633,0.988080406608621,7076,7422,False,False,False,False
6685,CSS_J161500.3+243759,EW,EW,False,False,0.39819349683754096,1.1774499286334161,3628,1263,False,False,False,False
6686,CSS_J172802.5+115135,EW,EW,False,False,0.5155711916189902,1.2050831183733868,419,1031,False,False,False,False
6687,CSS_J013059.5+014024,RRc,RRc,False,False,0.41095172315233014,1.1033348682706137,2855,2411,False,False,False,False
6688,CSS_J220254.7+123027,EW,EW,False,False,0.38812912128630883,1.0473516365341364,4489,4173,False,False,False,False
6689,CSS_J224003.3+251533,LPV,LPV,False,False,0.6722475127611283,1.19620010571133,61,1090,True,False,False,False
6690,CSS_J232735.9+174030,EW,EW,False,False,0.3559359433363654,0.997174927992789,7730,6913,False,False,False,False
6691,CSS_J105314.7+011201,RRc,RRc,False,False,0.383360536404372,1.024798261861036,4940,5252,False,False,False,False
6692,CSS_J180946.9+410425,EW,EW,False,False,0.5654572664406873,1.1860288577818783,208,1176,False,False,False,False
6693,CSS_J134152.3-163439,RRab,RRab,False,False,0.4117058003839787,1.0798411260056309,2813,3006,False,False,False,False
6694,CSS_J205627.2-121129,EW,EW,False,False,0.37742927813601956,1.0304672196361633,5539,4954,False,False,False,False
6695,CSS_J010154.3+212137,EW,EW,False,False,0.37687556567642483,1.2056653981748722,5607,1022,False,False,False,False
6696,CSS_J040515.2+211715,EW,EW,False,False,0.39859560565220414,1.0179203568106225,3602,5638,False,False,False,False
6697,CSS_J150517.0+112732,RRc,RRc,False,False,0.392451360776246,0.9925637579907214,4101,7164,False,False,False,False
6698,CSS_J205936.3-155455,RS CVn,EW,True,True,0.41234324564504915,1.230684470727872,2781,829,False,False,False,False
6699,CSS_J231503.6+270240,EW,EW,False,False,0.46246494731036614,1.1387822056328036,1153,1748,False,False,False,False
6700,CSS_J113447.9+202651,EW,EW,False,False,0.395552995830495,1.0861302007640172,3827,2829,False,False,False,False
6701,CSS_J005952.1+325035,EW,EW,False,False,0.38616519186097903,1.0061510641661355,4659,6371,False,False,False,False
6702,CSS_J164216.7+050608,EW,EW,False,False,0.35417344243744014,1.0186983743889373,7843,5580,False,False,False,False
6703,CSS_J223705.0+370453,EW,EW,False,False,0.36924232554637104,1.0801515286174945,6479,2993,False,False,False,False
6704,CSS_J140004.2-051005,EW,EW,False,False,0.3948092278974441,1.036725316106424,3886,4645,False,False,False,False
6705,CSS_J155524.0+270449,EA,EW,True,False,0.5001667081341015,1.2750188147367776,555,611,False,False,False,False
6706,CSS_J033722.7+391731,EA,EA,False,False,0.43541725253170843,0.9924876692595666,1834,7170,False,False,False,False
6707,CSS_J165528.6+294254,EW,EW,False,False,0.3886232089549929,0.9985151240548037,4451,6850,False,False,False,False
6708,CSS_J035820.0+310803,RS CVn,EW,True,True,0.44313187667932885,1.5850848955936516,1591,82,False,True,False,False
6709,CSS_J171604.4+055919,EW,EW,False,False,0.3758661905756231,1.2891754234296748,5723,559,False,False,False,False
6710,CSS_J034632.5+373507,EA,EA,False,False,0.4666171325298872,1.0678126290287935,1076,3375,False,False,False,False
6711,CSS_J095849.2+152235,EW,EW,False,False,0.3623406822436463,1.1260805131934137,7197,1964,False,False,False,False
6712,CSS_J163519.2-102858,EW,EW,False,False,0.37419699362101116,1.0209026095906155,5939,5461,False,False,False,False
6713,CSS_J221449.2+141754,EW,EW,False,False,0.43031309577998217,1.1930407779475873,1999,1112,False,False,False,False
6714,CSS_J020456.8+120702,EW,EA,True,False,0.4259219310832309,0.9787078235952429,2170,7811,False,False,False,False
6715,CSS_J021421.3+185225,EW,EW,False,False,0.3969236533028345,1.157488634565956,3720,1506,False,False,False,False
6716,CSS_J112019.5+084928,EA,EA,False,False,0.45236489045931993,1.024476314782873,1363,5265,False,False,False,False
6717,CSS_J052521.0-163920,EW,EW,False,False,0.3769230676773636,1.0871103430080455,5604,2799,False,False,False,False
6718,CSS_J214048.8+113924,EW,EW,False,False,0.35916159073963594,0.9723888518022287,7504,7926,False,False,False,False
6719,CSS_J134811.5-120507,EW,EW,False,False,0.3924633104104433,1.0675151097244666,4100,3387,False,False,False,False
6720,CSS_J071752.9+441626,EW,EW,False,False,0.38578175056412284,1.0127776478375246,4695,5931,False,False,False,False
6721,CSS_J210635.9-175301,EA,EA,False,False,0.5040399442533643,1.0461573245902973,522,4225,False,False,False,False
6722,CSS_J023318.0+335502,EW,EW,False,False,0.4040264292704395,1.0177115631813234,3233,5650,False,False,False,False
6723,CSS_J122830.7-053244,RRc,RRc,False,False,0.3902477293242909,0.9927096922204692,4302,7157,False,False,False,False
6724,CSS_J045626.8+213950,EW,EW,False,False,0.35829693451351763,0.9841266335788109,7573,7625,False,False,False,False
6725,CSS_J235520.5+443907,RRc,RRc,False,False,0.3959777664738193,1.0089383011602873,3796,6193,False,False,False,False
6726,CSS_J081614.2+283200,EA,EA,False,False,0.5047350389681532,1.1985691825162894,516,1076,False,False,False,False
6727,CSS_J100553.6+380433,EW,EW,False,False,0.4274232320183095,0.9819439001552146,2098,7718,False,False,False,False
6728,CSS_J081613.1+385858,EA,EA,False,False,0.42119455081306695,0.9956262149260512,2352,6999,False,False,False,False
6729,CSS_J232144.0+395707,EW,EW,False,False,0.37105642774087705,1.016471422201193,6291,5724,False,False,False,False
6730,CSS_J020059.0+193415,EW,EW,False,False,0.36250982537952897,1.040167512521534,7172,4488,False,False,False,False
6731,CSS_J032951.2+381908,EA,EA,False,False,0.5107248938733602,1.054063820021703,459,3880,False,False,False,False
6732,CSS_J083729.5+062118,EW,EW,False,False,0.3642776197983983,0.9940244090436023,6993,7094,False,False,False,False
6733,CSS_J143352.3+040342,EW,EW,False,False,0.39546515183591857,0.9950353208565449,3834,7032,False,False,False,False
6734,CSS_J065705.3+420939,EW,EW,False,False,0.3924795427368022,0.999576431400967,4098,6787,False,False,False,False
6735,CSS_J045454.2+243008,EW,EW,False,False,0.37305354266249285,1.000728208477492,6072,6721,False,False,False,False
6736,CSS_J174323.1+475140,EW,EW,False,False,0.44063915435135337,1.345293706979731,1666,370,False,False,False,False
6737,CSS_J032042.7+035254,EA,EA,False,False,0.4122921439626649,1.006651857876234,2784,6339,False,False,False,False
6738,CSS_J022434.9+023940,EW,EW,False,False,0.4382487317716263,1.04755820358512,1741,4160,False,False,False,False
6739,CSS_J234310.7-163626,EW,EW,False,False,0.35365659109460235,1.0632132885029257,7874,3541,False,False,False,False
6740,CSS_J031817.5-013536,EW,EW,False,False,0.3714313413848781,1.0849112335343492,6252,2864,False,False,False,False
6741,CSS_J144005.8+124654,EA,EA,False,False,0.4836545516830088,1.0450267626701595,777,4279,False,False,False,False
6742,CSS_J145159.7-183644,EW,EW,False,False,0.3737246404748499,1.0858486611423053,5989,2840,False,False,False,False
6743,CSS_J054418.2-191630,EW,EW,False,False,0.369670652051222,1.0087644285243171,6429,6209,False,False,False,False
6744,CSS_J104125.5-145842,EW,EW,False,False,0.36707352258603465,1.2051432373529405,6706,1030,False,False,False,False
6745,CSS_J122650.6+333601,EW,EW,False,False,0.5080986433112271,1.3603286740368787,487,332,False,False,False,False
6746,CSS_J045453.0+234603,EW,EW,False,False,0.3971787096964706,1.359204006854061,3702,335,False,False,False,False
6747,CSS_J230240.2+011942,EW,EW,False,False,0.4119670220200072,1.0504634978504017,2795,4041,False,False,False,False
6748,CSS_J070557.0+570009,EW,EA,True,False,0.4276223981353533,0.9920004430065081,2090,7204,False,False,False,False
6749,CSS_J083554.9-063131,EW,EW,False,False,0.39014431016278406,1.0897794929762212,4318,2731,False,False,False,False
6750,CSS_J073436.3+290946,EW,EW,False,False,0.42806618819356285,0.984192130254564,2073,7622,False,False,False,False
6751,CSS_J211702.5+115226,EW,EW,False,False,0.47188667812477664,1.1693901115702532,988,1348,False,False,False,False
6752,CSS_J035544.5+322130,EW,EW,False,False,0.39058339813711734,0.9891264785291132,4268,7369,False,False,False,False
6753,CSS_J233310.5+235611,EA,EA,False,False,0.4430750378740288,1.0404208462378688,1593,4475,False,False,False,False
6754,CSS_J082855.0+504559,EW,EW,False,False,0.35343084716676704,1.0015376919644627,7890,6670,False,False,False,False
6755,CSS_J145811.1-152127,EW,EW,False,False,0.41865270466227417,1.2667751594723056,2463,646,False,False,False,False
6756,CSS_J212955.4-074446,EW,EW,False,False,0.36085853332334983,0.9901734625348027,7337,7308,False,False,False,False
6757,CSS_J003528.6+355422,EW,EW,False,False,0.3843301814183871,1.0275989092118687,4832,5100,False,False,False,False
6758,CSS_J234936.6+381405,EW,EW,False,False,0.3865026357195329,1.0399693907789005,4624,4496,False,False,False,False
6759,CSS_J221103.8+143923,EW,EW,False,False,0.42252274843267834,1.0122707647731861,2291,5968,False,False,False,False
6760,CSS_J085341.4-115848,EW,EW,False,False,0.3806624207550214,1.1291769925059438,5229,1908,False,False,False,False
6761,CSS_J065040.0+380503,EA,EA,False,False,0.5624209676712779,1.0118545005651993,217,6005,False,False,False,False
6762,CSS_J205003.6+082544,EW,RRc,True,False,0.38308185115330456,1.3830246072477632,4965,289,False,False,False,False
6763,CSS_J162501.0+055244,EW,EW,False,False,0.3905821707691192,1.0937220087249133,4270,2626,False,False,False,False
6764,CSS_J165642.5+224254,RRd,EW,True,True,0.38531966982531607,1.1622648198880903,4736,1447,False,False,False,False
6765,CSS_J013331.4+082439,EW,EW,False,False,0.3624149968187736,1.0587394152429703,7187,3701,False,False,False,False
6766,CSS_J110346.1-184640,EW,EW,False,False,0.41156984928907314,1.2724973253978547,2820,622,False,False,False,False
6767,CSS_J021512.0+304203,EW,EW,False,False,0.4023578524126298,1.0168607580956137,3327,5698,False,False,False,False
6768,CSS_J070656.7+344920,EW,EW,False,False,0.4264461040781837,0.9832978692683112,2148,7663,False,False,False,False
6769,CSS_J160227.2+092224,EA,EA,False,False,0.4081693383303193,1.0974038767405416,2989,2560,False,False,False,False
6770,CSS_J085533.0-151910,RRab,RRab,False,False,0.4734893645910622,1.1030461497437698,951,2417,False,False,False,False
6771,CSS_J013212.9+373016,EW,EW,False,False,0.3663847132548771,1.009084854999628,6778,6179,False,False,False,False
6772,CSS_J232510.6-031913,EW,EW,False,False,0.38907563284945273,1.063663298719797,4408,3524,False,False,False,False
6773,CSS_J165656.6+264110,EW,EA,True,False,0.4269337880396679,1.0084019252687355,2118,6233,False,False,False,False
6774,CSS_J005314.5+170751,RRab,RRab,False,False,0.5614425762188816,1.1350820644565824,225,1809,False,False,False,False
6775,CSS_J150834.0+484838,RRc,EW,True,False,0.4936989372977092,1.1318647722467543,630,1865,False,False,False,False
6776,CSS_J234807.7+014736,EW,EA,True,False,0.41185024466245573,0.9754264816317617,2804,7875,False,False,False,False
6777,CSS_J173227.2+265720,RRc,RRc,False,False,0.37757517156635373,0.9925143307827933,5517,7168,False,False,False,False
6778,CSS_J212329.2-153410,RRab,RRab,False,False,0.4138227674068393,1.1095765332103076,2688,2277,False,False,False,False
6779,CSS_J154257.8+091209,EW,EW,False,False,0.3685557946762378,1.0328358154447188,6548,4832,False,False,False,False
6780,CSS_J222726.1+045004,EW,EW,False,False,0.36267127343688965,1.0002802060639056,7158,6746,False,False,False,False
6781,CSS_J011908.9+001940,EW,EW,False,False,0.35766735822980344,1.0702860450597798,7610,3289,False,False,False,False
6782,CSS_J025921.4+100341,EW,EW,False,False,0.4022535009035683,1.1384902835291224,3335,1750,False,False,False,False
6783,CSS_J004708.9+125335,EW,EW,False,False,0.3746674157717694,1.0036161300942399,5879,6543,False,False,False,False
6784,CSS_J140510.8+142211,EW,EW,False,False,0.41798671246432834,1.0422532827826887,2489,4407,False,False,False,False
6785,CSS_J053346.9-171346,EW,EW,False,False,0.432662411342841,1.0175150662911834,1930,5665,False,False,False,False
6786,CSS_J080720.3+333919,EW,EW,False,False,0.4476597633226057,1.3055531485587728,1482,489,False,False,False,False
6787,CSS_J035846.1+375930,EW,EW,False,False,0.40501827720246375,0.9995028799553151,3162,6790,False,False,False,False
6788,CSS_J135232.0+041925,RRc,EW,True,False,0.3775868167829806,1.0535771995933283,5514,3897,False,False,False,False
6789,CSS_J055902.9-124850,EW,EW,False,False,0.4165678983471782,1.0330269674783636,2558,4820,False,False,False,False
6790,CSS_J113030.8-010156,EW,EW,False,False,0.37560799778190535,1.0623785198851776,5747,3576,False,False,False,False
6791,CSS_J032838.1+034019,EW,EW,False,False,0.3962096290580368,1.0441843036850356,3772,4316,False,False,False,False
6792,CSS_J234435.1+284831,EW,RRab,True,False,0.4767988953617758,1.465173487063724,895,175,False,False,False,False
6793,CSS_J182746.6+432315,EW,EW,False,False,0.3895542588648336,1.2399524102159003,4367,781,False,False,False,False
6794,CSS_J093142.6-132146,RRc,RRc,False,False,0.38803058161529375,1.0404536388254024,4500,4472,False,False,False,False
6795,CSS_J024919.2+250029,EW,EW,False,False,0.38002746765841355,1.0547212037909133,5288,3848,False,False,False,False
6796,CSS_J115224.9-102950,EW,EW,False,False,0.3588995782802668,1.0524596730580609,7524,3961,False,False,False,False
6797,CSS_J213706.7+160718,EA,EA,False,False,0.5761954031840252,1.0532193404613182,189,3912,False,False,False,False
6798,CSS_J160613.1-162522,EW,EW,False,False,0.4174488429788656,1.5280065194655699,2518,112,False,True,False,False
6799,CSS_J155623.6+384222,EA,EA,False,False,0.3840002348673058,1.0820153404496318,4870,2940,False,False,False,False
6800,CSS_J093710.8+432546,RRc,RRc,False,False,0.4569964189273635,1.087876853041739,1282,2781,False,False,False,False
6801,CSS_J133431.0+494848,EW,EW,False,False,0.36724422902472315,1.0994434916277536,6688,2513,False,False,False,False
6802,CSS_J174959.0+322658,EW,EW,False,False,0.4043872573740191,1.0222660566380277,3212,5383,False,False,False,False
6803,CSS_J055431.9-192906,RRab,RRab,False,False,0.4590173250800627,1.2822919007971891,1229,580,False,False,False,False
6804,CSS_J220338.0+015346,EW,EW,False,False,0.3853051379913333,0.9876781702596326,4738,7443,False,False,False,False
6805,CSS_J143843.7+485949,RRc,EW,True,False,0.4043038940690965,1.0154771531258688,3219,5771,False,False,False,False
6806,CSS_J013101.8+441449,EW,EW,False,False,0.4050171046859288,1.6261776847624563,3163,63,False,True,False,False
6807,CSS_J034657.1+332649,EW,EW,False,False,0.38373651473671705,1.0215429160374305,4900,5420,False,False,False,False
6808,CSS_J222642.1+142243,RS CVn,EW,True,True,0.40526208678295195,1.2522350544125804,3149,718,False,False,False,False
6809,CSS_J072134.3+375224,EW,EW,False,False,0.42417347842850833,1.216348473294109,2232,935,False,False,False,False
6810,CSS_J033934.5-044224,EW,EW,False,False,0.4048287915689342,1.0136054829232797,3180,5887,False,False,False,False
6811,CSS_J151031.3-110845,EW,EW,False,False,0.35709983000914625,1.120265431565162,7656,2071,False,False,False,False
6812,CSS_J145149.3+515053,EW,EW,False,False,0.3670385066370614,1.0830135257990097,6709,2909,False,False,False,False
6813,CSS_J074928.9+473432,EA,EA,False,False,0.42005330970128185,1.0116952742124008,2405,6011,False,False,False,False
6814,CSS_J222710.0-183656,RRab,RRc,True,False,0.39986007992815525,1.0053786567654244,3512,6430,False,False,False,False
6815,CSS_J213653.9+064748,EW,EW,False,False,0.3813246148830097,1.1162409062818632,5150,2148,False,False,False,False
6816,CSS_J034625.2+294443,EW,EW,False,False,0.5462670994359289,1.9535092023187954,273,20,False,True,False,False
6817,CSS_J165500.2+152327,EW,EW,False,False,0.39347836978380074,1.0961178532879532,3992,2585,False,False,False,False
6818,CSS_J033938.4+391343,EW,EW,False,False,0.41123652298325597,1.0999186504544083,2844,2504,False,False,False,False
6819,CSS_J092759.1+032530,EW,EW,False,False,0.379838417975525,1.01734103973259,5307,5678,False,False,False,False
6820,CSS_J073827.2+213317,EW,EA,True,False,0.6779815128753119,2.3783448921358135,56,3,True,True,True,False
6821,CSS_J135205.0+524819,RRc,RRc,False,False,0.38721364927726454,0.9995820934082278,4565,6786,False,False,False,False
6822,CSS_J113514.2-102653,EW,EW,False,False,0.36072043346729443,1.189463211932598,7351,1136,False,False,False,False
6823,CSS_J044850.6-012507,EW,EW,False,False,0.3701567020844788,0.9586871542787975,6384,7999,False,False,False,False
6824,CSS_J004730.6+252236,EA,EA,False,False,0.4110180436238071,1.0007274901744259,2852,6722,False,False,False,False
6825,CSS_J032842.8+230011,EW,EW,False,False,0.381652550225111,1.134446748273376,5113,1824,False,False,False,False
6826,CSS_J044834.8+051543,EW,EW,False,False,0.41017583098525123,1.0247543107432315,2887,5253,False,False,False,False
6827,CSS_J090811.2-064456,EW,EW,False,False,0.39726730597025073,1.0530353257744125,3695,3922,False,False,False,False
6828,CSS_J041216.6+221115,EW,EW,False,False,0.49678818424984805,1.0598706549728178,591,3661,False,False,False,False
6829,CSS_J215658.4+143714,EW,EA,True,False,0.5089495379487097,1.0952118286965538,475,2597,False,False,False,False
6830,CSS_J052213.1-024311,EW,EW,False,False,0.40695500332354134,1.2233022811816392,3051,882,False,False,False,False
6831,CSS_J024636.8-031252,EW,EW,False,False,0.3748276563974118,1.0574116390798585,5860,3752,False,False,False,False
6832,CSS_J080058.2+231537,EW,EW,False,False,0.38069544024970975,1.0025712927886743,5226,6603,False,False,False,False
6833,CSS_J080303.6+233051,EW,EW,False,False,0.3799889905819951,1.0164627066931504,5291,5725,False,False,False,False
6834,CSS_J214741.8+204150,EW,EW,False,False,0.3694437550814962,1.0095764504758653,6459,6146,False,False,False,False
6835,CSS_J201125.1-125956,RRab,RRab,False,False,0.4462763107478561,1.2910018792882387,1511,554,False,False,False,False
6836,CSS_J230145.4+350726,EW,EW,False,False,0.3553995639312598,1.0770445838514293,7772,3098,False,False,False,False
6837,CSS_J171424.4+223048,EW,EW,False,False,0.3745794275192804,1.0266402258305825,5896,5149,False,False,False,False
6838,CSS_J093804.9+044759,EW,EW,False,False,0.379669500432272,1.1782078187109621,5326,1253,False,False,False,False
6839,CSS_J170637.4+410550,EW,EW,False,False,0.39137467165713125,1.0497647682347453,4199,4067,False,False,False,False
6840,CSS_J053313.9+032842,EW,EW,False,False,0.4056274687583809,1.4562940048882385,3119,189,False,False,False,False
6841,CSS_J052632.7+034935,EW,EW,False,False,0.38817325713213985,1.1333736681504707,4485,1843,False,False,False,False
6842,CSS_J165300.8+265356,EW,EW,False,False,0.5261624534193093,1.1205043026749917,367,2067,False,False,False,False
6843,CSS_J172849.9+182018,EW,EW,False,False,0.3534375788069906,1.092073009870713,7888,2672,False,False,False,False
6844,CSS_J092818.7+111956,EW,EW,False,False,0.3864028963176657,1.0335877731944008,4635,4797,False,False,False,False
6845,CSS_J041638.4+241856,EW,EW,False,False,0.4045806363949788,1.0102789810059165,3197,6101,False,False,False,False
6846,CSS_J152104.0+264919,EW,EW,False,False,0.39747865445869374,1.6004381253723114,3681,70,False,True,False,False
6847,CSS_J085216.8+114831,EW,EW,False,False,0.45384535614859145,1.0611074035715768,1344,3617,False,False,False,False
6848,CSS_J220415.9+012801,EW,EA,True,False,0.41482888495753967,0.9801212401280198,2637,7766,False,False,False,False
6849,CSS_J045008.3-111628,EW,EW,False,False,0.362981341652459,1.0406452630332836,7125,4463,False,False,False,False
6850,CSS_J075536.7+153702,RRab,RRab,False,False,0.5703114705004044,1.086241273740713,197,2826,False,False,False,False
6851,CSS_J075022.9+264429,EW,EW,False,False,0.3852820735587494,1.0775147918811347,4741,3086,False,False,False,False
6852,CSS_J040106.9-124914,EW,EW,False,False,0.3674591825733885,1.0263631451693538,6663,5165,False,False,False,False
6853,CSS_J163103.0+624639,EW,EW,False,False,0.3929180637246447,1.0367193041664053,4049,4646,False,False,False,False
6854,CSS_J073000.3+300150,EW,EW,False,False,0.41747394632278145,1.1022848175183069,2516,2439,False,False,False,False
6855,CSS_J050422.0+165706,EW,EA,True,False,0.4247134900738194,1.1133633451515876,2212,2205,False,False,False,False
6856,CSS_J065137.1+385406,EW,EW,False,False,0.39552450469562256,1.0903739227167324,3831,2710,False,False,False,False
6857,CSS_J220715.4+220318,EW,EW,False,False,0.37007303765035054,1.276649515279162,6391,602,False,False,False,False
6858,CSS_J152320.8+071237,EW,EW,False,False,0.6430083235533538,1.011977495439391,87,5993,True,False,False,False
6859,CSS_J215635.1-041027,EW,EA,True,False,0.4922967562891797,2.3589014290937915,655,4,False,True,False,False
6860,CSS_J113043.3+515425,EW,EW,False,False,0.3694478420246627,1.0444012729866858,6457,4308,False,False,False,False
6861,CSS_J175541.8+342625,EW,EW,False,False,0.3728120463189624,1.004450663783591,6103,6486,False,False,False,False
6862,CSS_J051544.2+203746,EW,EW,False,False,0.39952874524981385,1.0580743784849422,3540,3727,False,False,False,False
6863,CSS_J230656.4+382923,EW,EW,False,False,0.38459010496865226,1.0224013580321383,4811,5377,False,False,False,False
6864,CSS_J085125.5-050404,RS CVn,EW,True,True,0.37959339734721115,1.0859020578382066,5334,2835,False,False,False,False
6865,CSS_J164138.4+084437,RRc,RRc,False,False,0.4044871019885955,1.043202838111106,3204,4358,False,False,False,False
6866,CSS_J224135.5+384022,EW,EW,False,False,0.40635784452140195,1.6906746043708687,3076,53,False,True,False,False
6867,CSS_J214158.6-030319,EW,EW,False,False,0.3933023547546718,1.1226728447534806,4008,2016,False,False,False,False
6868,CSS_J082754.0+152157,EW,EW,False,False,0.4263143467537663,1.3244588851738834,2152,423,False,False,False,False
6869,CSS_J011833.0+441606,EW,EW,False,False,0.3965208942753245,1.0378459322124491,3747,4595,False,False,False,False
6870,CSS_J085359.2+331538,EA,EA,False,False,0.5325272914006387,1.024375985110773,335,5273,False,False,False,False
6871,CSS_J225442.2+220823,EW,EW,False,False,0.38255534868041724,0.9845930531745195,5010,7610,False,False,False,False
6872,CSS_J052358.7-020538,EW,EW,False,False,0.3988463657831231,1.0713105257951292,3584,3255,False,False,False,False
6873,CSS_J222341.2+232414,EW,EW,False,False,0.3581950092164504,1.0188045830454893,7578,5575,False,False,False,False
6874,CSS_J215405.2-050804,RRc,EW,True,False,0.37074167879969117,1.0618186744725262,6324,3594,False,False,False,False
6875,CSS_J204238.6-181345,RRc,RRc,False,False,0.4138510224969903,1.0293405203586343,2686,4999,False,False,False,False
6876,CSS_J235634.2-192057,RRab,RRab,False,False,0.4341825528832781,0.9989926646269642,1878,6816,False,False,False,False
6877,CSS_J082812.0+371348,EW,EW,False,False,0.3658721262880517,1.0310479995774227,6832,4924,False,False,False,False
6878,CSS_J035642.8-192717,EW,EW,False,False,0.45888169680433344,1.1578929904058608,1230,1500,False,False,False,False
6879,CSS_J052412.4+002010,EW,EW,False,False,0.3952150054380705,1.0154773421434597,3847,5770,False,False,False,False
6880,CSS_J161743.2+265931,EW,EW,False,False,0.4508217606015904,1.0921904261330013,1398,2670,False,False,False,False
6881,CSS_J025200.5+061758,EW,EW,False,False,0.3765824791674502,0.9796917405396787,5642,7785,False,False,False,False
6882,CSS_J080724.7+164610,EW,EW,False,False,0.3765419936106416,1.0021224695578819,5644,6636,False,False,False,False
6883,CSS_J170137.5-021801,RRc,EW,True,False,0.36097196558695643,1.1284720449187713,7324,1920,False,False,False,False
6884,CSS_J003909.9+410422,EW,EW,False,False,0.36803309866709266,1.0526392235573934,6609,3949,False,False,False,False
6885,CSS_J041938.4+255141,EW,EW,False,False,0.48617832555980983,1.1213670453971245,738,2048,False,False,False,False
6886,CSS_J153122.4+154249,EA,EW,True,False,0.4427029572187261,1.2636014168321261,1604,666,False,False,False,False
6887,CSS_J090318.8+351256,EW,EW,False,False,0.4775424835331404,1.1125888042456986,881,2216,False,False,False,False
6888,CSS_J230314.0+040103,EW,EW,False,False,0.36488776530608774,0.9762374549418398,6946,7862,False,False,False,False
6889,CSS_J225923.1+041017,EW,EW,False,False,0.38073091363705686,1.1536133691458477,5224,1549,False,False,False,False
6890,CSS_J173430.9+271806,EW,EW,False,False,0.3674707443484367,1.0431105877938887,6659,4362,False,False,False,False
6891,CSS_J232701.0+254514,EW,EW,False,False,0.42333050759425656,1.0401020105532994,2268,4493,False,False,False,False
6892,CSS_J214811.4-010102,EW,EW,False,False,0.39431924415431113,1.0501660460688824,3923,4056,False,False,False,False
6893,CSS_J002906.8+292916,EW,EW,False,False,0.41064665361975144,1.0137614718671952,2868,5881,False,False,False,False
6894,CSS_J110236.2+205117,EW,EW,False,False,0.4504000403988893,1.0797355565003204,1409,3010,False,False,False,False
6895,CSS_J113516.4+153035,RRc,RRc,False,False,0.37817800198071766,0.9879982017623448,5456,7427,False,False,False,False
6896,CSS_J220227.1+072341,EW,EW,False,False,0.3585046986213861,0.9829579761760335,7556,7677,False,False,False,False
6897,CSS_J083149.4+253555,EW,EW,False,False,0.5105079725244046,1.1037707007074724,460,2400,False,False,False,False
6898,CSS_J230119.1+193357,EA,EA,False,False,0.42408452127815216,0.9971216555981728,2238,6914,False,False,False,False
6899,CSS_J102545.6-142013,RRab,RRab,False,False,0.4581273843089813,1.0563111450842917,1250,3787,False,False,False,False
6900,CSS_J214106.5-092259,EW,EW,False,False,0.41992236458383825,1.0526459766942335,2415,3948,False,False,False,False
6901,CSS_J011435.1+395617,EW,EW,False,False,0.3594894164979039,0.9780506261265419,7472,7833,False,False,False,False
6902,CSS_J011846.7+324846,EW,EW,False,False,0.37464743846743037,1.182929556803087,5882,1210,False,False,False,False
6903,CSS_J211646.6-051715,EA,EA,False,False,0.4373794035866903,1.1017576661889457,1772,2451,False,False,False,False
6904,CSS_J102411.7+121254,EW,EW,False,False,0.47005054238263877,1.1053804486611705,1013,2369,False,False,False,False
6905,CSS_J052052.6+110739,EW,EW,False,False,0.364066803296091,1.0104225251263228,7020,6090,False,False,False,False
6906,CSS_J072031.9+433903,EW,EW,False,False,0.4026963145258308,1.2787714709993816,3311,591,False,False,False,False
6907,CSS_J100314.8+025402,EW,EW,False,False,0.411282384046769,1.0464820310060854,2841,4209,False,False,False,False
6908,CSS_J153952.0-065033,EW,EW,False,False,0.37987319224517546,1.1701359692491462,5303,1338,False,False,False,False
6909,CSS_J160519.8-082814,RS CVn,EW,True,True,0.3890929455556815,1.428940598609079,4406,217,False,False,False,False
6910,CSS_J003604.4-010814,EW,EW,False,False,0.37184305033524867,1.0478581601783143,6211,4147,False,False,False,False
6911,CSS_J165346.0+104245,EW,EW,False,False,0.3729734844939579,0.9983994691864945,6082,6857,False,False,False,False
6912,CSS_J161726.1-080457,EW,EA,True,False,0.4302023409466922,1.2424321839622228,2003,775,False,False,False,False
6913,CSS_J203522.1-041821,EW,RRc,True,False,0.3682591093051116,1.133721294484221,6585,1838,False,False,False,False
6914,CSS_J043250.0+105240,EW,EW,False,False,0.366756649673791,0.9960306338434707,6740,6976,False,False,False,False
6915,CSS_J224327.9+342148,EA,EA,False,False,0.6165334995586009,1.22779313497484,109,852,True,False,False,False
6916,CSS_J052400.7-021241,RS CVn,EW,True,True,0.4296823715765718,1.5134625378939441,2012,134,False,True,False,False
6917,CSS_J165313.5-015737,RRab,EW,True,False,0.4099880474356215,1.4426870123753868,2894,205,False,False,False,False
6918,CSS_J062939.5+592749,EW,EW,False,False,0.3592470359334623,0.9786074957465672,7496,7817,False,False,False,False
6919,CSS_J163841.9+001612,EW,EW,False,False,0.3612854076658768,0.9912706804083775,7296,7255,False,False,False,False
6920,CSS_J040828.3-042552,EW,EW,False,False,0.3747423331464725,1.0225247514067364,5871,5369,False,False,False,False
6921,CSS_J024224.3+231103,EW,EW,False,False,0.4204285001081229,1.0316535868180692,2387,4899,False,False,False,False
6922,CSS_J151547.2-131040,RRc,RRc,False,False,0.39947951409394816,1.010088862167722,3546,6113,False,False,False,False
6923,CSS_J173158.4+261754,EW,EW,False,False,0.3881194672253983,0.9992488180380846,4490,6804,False,False,False,False
6924,CSS_J074720.8+232444,EW,EW,False,False,0.390624764627233,1.0037245862576207,4264,6535,False,False,False,False
6925,CSS_J113933.0+252629,RRc,RRc,False,False,0.3928183807462621,1.1304355404832516,4064,1889,False,False,False,False
6926,CSS_J111234.9+034225,EW,EW,False,False,0.3498721671623546,1.0213775875813247,7996,5432,False,False,False,False
6927,CSS_J144550.5+002619,EW,EW,False,False,0.35680503730822,0.9817939339240752,7676,7724,False,False,False,False
6928,CSS_J035353.7+275401,EW,EW,False,False,0.3894657255868016,1.0008684950962294,4376,6714,False,False,False,False
6929,CSS_J223500.3-020713,RRc,RRab,True,False,0.5403309526341571,1.4354102921429917,301,213,False,False,False,False
6930,CSS_J003013.1+425110,EW,EW,False,False,0.3771828703809104,1.0198314789214091,5565,5515,False,False,False,False
6931,CSS_J232915.7+135239,EW,EW,False,False,0.35153898985016374,1.0385278250118037,7969,4563,False,False,False,False
6932,CSS_J114038.8-112855,EW,EW,False,False,0.3756503776911894,1.1231058838325352,5742,2010,False,False,False,False
6933,CSS_J002234.2+364349,EW,EW,False,False,0.38552863621544353,1.120988947647697,4714,2055,False,False,False,False
6934,CSS_J220341.8+054506,RRab,RRc,True,False,0.43117028376390626,1.0322226899213098,1976,4867,False,False,False,False
6935,CSS_J014741.7+373209,EW,EW,False,False,0.40146885898374024,0.9814180369341345,3384,7736,False,False,False,False
6936,CSS_J111241.7-065541,EW,EW,False,False,0.3910512554110996,1.0805528786322893,4226,2981,False,False,False,False
6937,CSS_J025644.1+035236,EW,EW,False,False,0.37786094311495216,1.030075482725699,5488,4969,False,False,False,False
6938,CSS_J013707.4-051103,EW,EW,False,False,0.3936347745262213,1.344758833403116,3978,372,False,False,False,False
6939,CSS_J173031.6+372257,EW,EW,False,False,0.3995931619359404,1.0509488896978707,3533,4021,False,False,False,False
6940,CSS_J063649.6+495205,EW,RRab,True,False,0.44473385060203124,1.387250923427749,1561,284,False,False,False,False
6941,CSS_J214839.5+084340,EW,EW,False,False,0.3508237372379757,0.9808156448988964,7988,7748,False,False,False,False
6942,CSS_J212619.4+061915,EW,EW,False,False,0.39850935980499474,1.048883593340389,3605,4096,False,False,False,False
6943,CSS_J143403.8-032246,EA,EW,True,False,0.41962755684116326,0.9922530934715498,2419,7185,False,False,False,False
6944,CSS_J044157.2+273706,EW,EW,False,False,0.37403207046756093,1.047085543890672,5957,4186,False,False,False,False
6945,CSS_J160948.4+164603,EW,EW,False,False,0.35482845945692115,1.0438005501779928,7805,4332,False,False,False,False
6946,CSS_J165908.2+542731,EW,EW,False,False,0.3645395213474124,1.062500256246363,6971,3571,False,False,False,False
6947,CSS_J215842.8-053537,EW,EW,False,False,0.38065832234832503,1.0556478698716687,5231,3811,False,False,False,False
6948,CSS_J005227.1+185149,EW,EW,False,False,0.4030576494701269,1.1379309164140237,3281,1762,False,False,False,False
6949,CSS_J132252.4-021304,EW,EW,False,False,0.4381099257698711,1.066711539182905,1744,3419,False,False,False,False
6950,CSS_J180905.3+355533,EW,EW,False,False,0.37522636364655015,1.1270699135727489,5806,1945,False,False,False,False
6951,CSS_J041346.9+264326,EW,EW,False,False,0.36659809778563063,1.014224852031671,6752,5852,False,False,False,False
6952,CSS_J232028.1+381709,EA,EA,False,False,0.40732319072385553,1.0202563160186566,3032,5495,False,False,False,False
6953,CSS_J122229.9+030454,RRab,RRab,False,False,0.5080865880850346,1.95093100925716,488,22,False,True,False,False
6954,CSS_J161121.0-131605,RRc,EW,True,False,0.4026512023964955,1.1678637156010692,3315,1369,False,False,False,False
6955,CSS_J142743.8+575952,EW,EW,False,False,0.43589479802209635,1.050660692004951,1823,4034,False,False,False,False
6956,CSS_J225551.7-095704,EW,EW,False,False,0.3706744120047786,1.0461886885472018,6330,4222,False,False,False,False
6957,CSS_J012840.6+385930,EW,EW,False,False,0.36111473661686294,1.0969327340271753,7311,2568,False,False,False,False
6958,CSS_J144001.1+071530,EW,EW,False,False,0.37226431001019267,1.040224818554297,6166,4485,False,False,False,False
6959,CSS_J052646.8+102254,EW,EW,False,False,0.3964569621152334,1.067906452661639,3754,3372,False,False,False,False
6960,CSS_J030015.7+234349,EW,EW,False,False,0.3742019394608989,1.1075660989642062,5938,2323,False,False,False,False
6961,CSS_J073442.7+631508,EW,EW,False,False,0.3572009106319415,1.1402718857132343,7649,1731,False,False,False,False
6962,CSS_J043921.1+171630,EW,EW,False,False,0.37196870195929377,1.0373372420172462,6201,4616,False,False,False,False
6963,CSS_J114841.5-025110,RRab,EW,True,False,0.37592995456264205,1.1410129177431678,5716,1716,False,False,False,False
6964,CSS_J235033.5+440613,RRc,RRc,False,False,0.38637060581761756,1.049284352189889,4641,4084,False,False,False,False
6965,CSS_J120439.2+120852,EA,EA,False,False,0.49812880607847276,1.058625952630975,579,3706,False,False,False,False
6966,CSS_J162905.6+200905,RRc,RRc,False,False,0.4251637891755886,1.0372833632923606,2194,4618,False,False,False,False
6967,CSS_J010752.0+230217,EW,EW,False,False,0.41219267053361724,0.9882276900404863,2787,7412,False,False,False,False
6968,CSS_J142907.8+391357,EW,EW,False,False,0.3926736908480943,1.564601384163048,4073,90,False,True,False,False
6969,CSS_J163054.1-140622,RRab,RRab,False,False,0.478440622489481,1.0028928590513895,864,6583,False,False,False,False
6970,CSS_J153141.7+632014,RRab,RRc,True,False,0.36093775051607746,1.0994410133470083,7328,2515,False,False,False,False
6971,CSS_J154911.6-164332,RRab,RRab,False,False,0.5135629576115902,1.0612701288736435,436,3612,False,False,False,False
6972,CSS_J082741.4+492615,EW,EW,False,False,0.35330718123990396,1.0294191175403578,7897,4994,False,False,False,False
6973,CSS_J154522.1+404212,EW,EW,False,False,0.371302100347546,0.9998062306454347,6271,6775,False,False,False,False
6974,CSS_J162023.9-161606,RRc,RRc,False,False,0.35988983712071365,0.9660066203662507,7429,7984,False,False,False,False
6975,CSS_J011349.3+414813,EW,EW,False,False,0.3746968796640584,0.9765088216540739,5874,7855,False,False,False,False
6976,CSS_J012107.1+414953,EW,EA,True,False,0.39450103912287693,0.9700811427880541,3912,7961,False,False,False,False
6977,CSS_J214820.2+014236,EW,EW,False,False,0.4000734911885538,0.9885137695657198,3495,7398,False,False,False,False
6978,CSS_J104843.1+171922,EW,EW,False,False,0.3919027751245295,0.9836503904651422,4151,7648,False,False,False,False
6979,CSS_J153311.9-175822,RRab,RRab,False,False,0.45169632862524195,1.0243644489512873,1381,5274,False,False,False,False
6980,CSS_J150333.0+125339,EW,EW,False,False,0.3904910513325821,1.09109249840477,4280,2694,False,False,False,False
6981,CSS_J084501.6+375152,EW,EW,False,False,0.3825061472358361,0.9849843547934656,5014,7592,False,False,False,False
6982,CSS_J115359.1+101258,RRab,RRc,True,False,0.40608619501821047,1.0182059553914349,3099,5614,False,False,False,False
6983,CSS_J052748.1+120316,EW,EW,False,False,0.4089050645652818,1.0821291313702042,2951,2935,False,False,False,False
6984,CSS_J060128.9+642417,EW,EW,False,False,0.3554909380146341,0.9904406462877107,7763,7299,False,False,False,False
6985,CSS_J074857.0+411127,EW,EW,False,False,0.42152176082162557,1.0092224854455933,2335,6166,False,False,False,False
6986,CSS_J033128.9+341747,EW,EW,False,False,0.45914193949013377,1.1282796273075968,1223,1925,False,False,False,False
6987,CSS_J212721.1-190758,RRc,RRd,True,False,0.40994690357300173,1.4000068843818583,2897,257,False,False,False,False
6988,CSS_J034957.0+365519,EW,EW,False,False,0.38659909154960015,1.0725058946508064,4618,3222,False,False,False,False
6989,CSS_J225852.4+204336,EW,EW,False,False,0.3797717060464037,1.0240157632016615,5312,5291,False,False,False,False
6990,CSS_J144345.3+052542,RRd,RRc,True,True,0.37201062773012394,0.9902865417378065,6194,7305,False,False,False,False
6991,CSS_J214409.8+151443,EW,EW,False,False,0.3888796463330872,0.9862843988061554,4432,7527,False,False,False,False
6992,CSS_J140550.1+165216,RRab,RRab,False,False,0.38822929603191003,1.0345341750114123,4483,4751,False,False,False,False
6993,CSS_J012819.2+210928,EA,EA,False,False,0.4346559309710739,1.019666928648312,1860,5525,False,False,False,False
6994,CSS_J051930.2+214406,EW,EW,False,False,0.38385490972545655,1.0531162015384496,4891,3919,False,False,False,False
6995,CSS_J152234.7-133233,EW,EW,False,False,0.3543165888045154,1.0933225304883178,7834,2637,False,False,False,False
6996,CSS_J222528.5-064258,EA,EA,False,False,0.41487545637985296,1.066306296696518,2634,3437,False,False,False,False
6997,CSS_J073737.6+413535,EW,EW,False,False,0.42173048121835177,1.293332937024592,2325,544,False,False,False,False
6998,CSS_J213213.3-131540,EW,EW,False,False,0.38461367786873313,1.0080879720934042,4807,6250,False,False,False,False
6999,CSS_J213621.7+071608,EW,EW,False,False,0.38133069504723394,1.0257091302448362,5149,5200,False,False,False,False
7000,CSS_J081235.0+562037,RRab,RRab,False,False,0.4585518844324489,1.0387589285676744,1237,4551,False,False,False,False
7001,CSS_J044750.1+123321,EW,EW,False,False,0.36492008139578824,1.0816346380784165,6942,2952,False,False,False,False
7002,CSS_J040800.1+245353,EW,EW,False,False,0.3874382257565385,1.0387861553413609,4545,4548,False,False,False,False
7003,CSS_J171031.2+092631,EW,EW,False,False,0.368485441090947,1.128181710037711,6554,1930,False,False,False,False
7004,CSS_J010515.8-094010,EW,EW,False,False,0.5249448446119266,1.8488351619297354,375,28,False,True,False,False
7005,CSS_J201323.9-143703,RRab,RRab,False,False,0.42060930192859913,1.125257369492409,2379,1974,False,False,False,False
7006,CSS_J081026.6+040257,EW,EW,False,False,0.4494762672933159,1.206327643103218,1430,1015,False,False,False,False
7007,CSS_J143148.6+262952,EW,EW,False,False,0.3650826035528096,1.0628700626036482,6923,3552,False,False,False,False
7008,CSS_J043011.9-143202,EW,EW,False,False,0.40839691570317005,1.0035999297439897,2977,6545,False,False,False,False
7009,CSS_J162939.8-061552,EW,EW,False,False,0.46816396689159046,1.032081302900933,1047,4877,False,False,False,False
7010,CSS_J104456.5-081219,EW,EW,False,False,0.38343885210244805,1.3341319539129388,4930,397,False,False,False,False
7011,CSS_J084706.4-072822,EW,EW,False,False,0.36158150130835615,1.0105383909523933,7267,6085,False,False,False,False
7012,CSS_J112651.8-084110,EW,EW,False,False,0.3746218601559157,1.1311423925122774,5887,1878,False,False,False,False
7013,CSS_J072438.5+434534,EW,EW,False,False,0.4510043997163733,1.2557768042971793,1394,704,False,False,False,False
7014,CSS_J171014.3+303403,EW,EW,False,False,0.40129546427952545,1.1945632288025319,3398,1103,False,False,False,False
7015,CSS_J231752.6+312741,EW,EW,False,False,0.43199068834269605,1.1517625923912398,1946,1571,False,False,False,False
7016,CSS_J144201.6-072945,EW,EW,False,False,0.4520731408521088,1.2215682108447805,1373,897,False,False,False,False
7017,CSS_J170612.8+284058,EW,EW,False,False,0.36651055589616793,1.0133021663989905,6765,5901,False,False,False,False
7018,CSS_J092550.8-122621,EW,EW,False,False,0.39906344899425406,1.1477070928223585,3568,1635,False,False,False,False
7019,CSS_J050000.3-053328,EW,EW,False,False,0.3669844399386285,1.1421572431292786,6716,1705,False,False,False,False
7020,CSS_J142226.3-044350,RRab,RRab,False,False,0.4859626064513153,1.0645100192966666,743,3493,False,False,False,False
7021,CSS_J041310.2+250416,EW,EW,False,False,0.4195844530176239,1.1328554148620964,2422,1851,False,False,False,False
7022,CSS_J080633.5+075519,EA,EA,False,False,0.43692549062363484,1.1794786053024955,1789,1237,False,False,False,False
7023,CSS_J023514.9-123930,EW,EW,False,False,0.35725650206560733,1.0516302761463183,7642,3990,False,False,False,False
7024,CSS_J083745.8+092102,EA,EA,False,False,0.41420489769639274,1.1362856716572316,2674,1793,False,False,False,False
7025,CSS_J164649.5+251019,EW,EW,False,False,0.41824122215141646,1.0204037385333813,2480,5486,False,False,False,False
7026,CSS_J042652.1+071337,EA,EA,False,False,0.485520732807093,1.0146865303696457,751,5823,False,False,False,False
7027,CSS_J113949.1-065206,EW,EW,False,False,0.415670206100849,1.2436339866370276,2598,766,False,False,False,False
7028,CSS_J150033.6+154624,RRab,RRab,False,False,0.48044573296552195,1.0713434101548867,821,3254,False,False,False,False
7029,CSS_J020011.9+304132,EW,EW,False,False,0.36062210457608324,0.993782071006341,7358,7103,False,False,False,False
7030,CSS_J064256.7+404137,EW,EW,False,False,0.3559606491209717,0.9966694621646266,7729,6939,False,False,False,False
7031,CSS_J212708.0-042049,EW,EW,False,False,0.38339809948267434,1.0242314082836803,4936,5279,False,False,False,False
7032,CSS_J002003.1+112338,RRc,RRc,False,False,0.3751116631028352,1.0600511438641425,5820,3650,False,False,False,False
7033,CSS_J165506.3+492831,EW,EW,False,False,0.3886332992752001,1.082134891191084,4449,2934,False,False,False,False
7034,CSS_J003509.4-155006,RRc,EW,True,False,0.39942895338837037,1.274884684115149,3549,612,False,False,False,False
7035,CSS_J032140.2+371636,EW,EW,False,False,0.3797316324560904,1.0043355504198086,5317,6497,False,False,False,False
7036,CSS_J050548.2-151744,EW,EW,False,False,0.3627460685193711,1.0449518062745975,7153,4283,False,False,False,False
7037,CSS_J042152.3+301217,EW,EW,False,False,0.370430795763743,0.9707061447007768,6357,7952,False,False,False,False
7038,CSS_J050954.6+183511,EW,EW,False,False,0.38762070176308155,1.0418736477507577,4525,4424,False,False,False,False
7039,CSS_J003401.9+051557,EA,EA,False,False,0.449484663646238,1.0201228045179025,1429,5502,False,False,False,False
7040,CSS_J054353.0+014433,EW,EW,False,False,0.36284925757123193,1.042245205464439,7143,4408,False,False,False,False
7041,CSS_J154057.0+150855,RRc,RRc,False,False,0.3691335427980416,0.9949264187637942,6490,7039,False,False,False,False
7042,CSS_J050302.6-074527,EW,EW,False,False,0.36874804597470134,1.1858345071356902,6524,1179,False,False,False,False
7043,CSS_J100957.3+064430,EA,EA,False,False,0.40184823777719597,0.9917826120840344,3359,7218,False,False,False,False
7044,CSS_J145412.9+161932,RRc,RRc,False,False,0.4353962680733462,1.010072068016472,1835,6114,False,False,False,False
7045,CSS_J050212.9+101627,EA,EA,False,False,0.4795806697746164,1.1372724218572094,839,1775,False,False,False,False
7046,CSS_J213927.5+202145,EW,EW,False,False,0.3679737439323455,0.9789205026657664,6615,7806,False,False,False,False
7047,CSS_J032438.6-020932,RRc,RRab,True,False,0.45745353487809454,1.4183242489453054,1267,234,False,False,False,False
7048,CSS_J000713.9-134225,EW,EW,False,False,0.37365260345519946,1.0913755612354115,6002,2688,False,False,False,False
7049,CSS_J170310.4+030544,EW,EA,True,False,0.38789010781149047,1.0478341279813221,4509,4149,False,False,False,False
7050,CSS_J155535.6-064243,RRab,RRab,False,False,0.5216141075397364,0.9982872132258699,391,6864,False,False,False,False
7051,CSS_J041949.3+285140,EW,EW,False,False,0.3774948718809881,1.013885079548131,5529,5870,False,False,False,False
7052,CSS_J161829.6+450324,RRc,RRc,False,False,0.3800967783283832,1.1305733932302957,5277,1885,False,False,False,False
7053,CSS_J035928.4+304606,EW,RRc,True,False,0.3752594326475407,0.9897158570226006,5796,7334,False,False,False,False
7054,CSS_J073416.6+475401,EW,EW,False,False,0.37645239535422115,1.04063836833026,5656,4464,False,False,False,False
7055,CSS_J040218.2+360825,EA,EA,False,False,0.5428936585943216,1.1810239682108978,287,1223,False,False,False,False
7056,CSS_J033633.8-132658,EW,EW,False,False,0.3824673171649559,0.9916478525886921,5017,7228,False,False,False,False
7057,CSS_J151955.8-085813,RRc,RRc,False,False,0.3971417045896208,1.059328173578743,3703,3680,False,False,False,False
7058,CSS_J024155.4+212754,RS CVn,EW,True,True,0.36705040281750156,1.0870177175465936,6708,2804,False,False,False,False
7059,CSS_J233019.9+045908,EW,EW,False,False,0.3644301724498401,1.0538903279680063,6980,3885,False,False,False,False
7060,CSS_J211846.4-024909,EA,EA,False,False,0.5508672518781567,1.1695675882961052,253,1346,False,False,False,False
7061,CSS_J163637.6+072747,EW,EW,False,False,0.3795243746854916,1.083047215946499,5342,2907,False,False,False,False
7062,CSS_J071533.7+661925,EW,EW,False,False,0.3628336690885893,1.0511419093748837,7145,4009,False,False,False,False
7063,CSS_J133040.3+073903,EW,EW,False,False,0.37430008536430814,1.0292199265037811,5928,5006,False,False,False,False
7064,CSS_J150113.9-181844,EW,EW,False,False,0.3864572718544561,1.0577450492691314,4630,3737,False,False,False,False
7065,CSS_J051517.9+005435,EW,EW,False,False,0.42678490858983814,1.0519074053593662,2129,3977,False,False,False,False
7066,CSS_J120457.1+515129,RRab,RRab,False,False,0.38025441889894035,1.1374949588221814,5262,1771,False,False,False,False
7067,CSS_J114916.5-192142,EW,EW,False,False,0.4007817699973646,1.0744348819537326,3437,3165,False,False,False,False
7068,CSS_J203023.5-183940,EW,EW,False,False,0.4240992379973411,1.1022748789277566,2237,2440,False,False,False,False
7069,CSS_J050801.8+063213,EW,EW,False,False,0.45939617312448167,1.0942185465970236,1215,2615,False,False,False,False
7070,CSS_J170008.8-014456,RRc,RRc,False,False,0.38588230173586685,1.3090506214487734,4686,474,False,False,False,False
7071,CSS_J061147.9-062540,EW,EW,False,False,0.3722237883718127,1.1353965181238095,6173,1804,False,False,False,False
7072,CSS_J012617.1-104441,EW,EW,False,False,0.4084547928598496,1.064333820117066,2973,3498,False,False,False,False
7073,CSS_J145814.8+162425,EW,EW,False,False,0.3703541112997885,0.9996148559008411,6364,6784,False,False,False,False
7074,CSS_J042335.9+340209,EW,EW,False,False,0.3554578794174934,0.9744829172709876,7768,7892,False,False,False,False
7075,CSS_J152005.7+445857,RRc,RRc,False,False,0.38249711934578723,1.0068233591152826,5015,6330,False,False,False,False
7076,CSS_J154718.1+362157,EW,EW,False,False,0.4706433740011586,1.008543291032548,1004,6221,False,False,False,False
7077,CSS_J203743.9-124104,EW,EW,False,False,0.38796821813599747,1.0171625709664744,4505,5686,False,False,False,False
7078,CSS_J100612.8-174421,EW,EW,False,False,0.3977487789592524,1.0822554069008112,3660,2929,False,False,False,False
7079,CSS_J024247.2+221247,EW,EW,False,False,0.37528446873632226,1.0690099126246184,5790,3337,False,False,False,False
7080,CSS_J173945.0+603916,RRab,RRab,False,False,0.4142659066369684,1.0780142270818858,2670,3067,False,False,False,False
7081,CSS_J170603.2-070702,LPV,LPV,False,False,0.7165020004959466,1.1539783379165336,28,1541,True,False,False,False
7082,CSS_J074829.0+315632,EA,EA,False,False,0.47559659752716105,1.032205724413506,915,4869,False,False,False,False
7083,CSS_J235501.6+400040,EW,EW,False,False,0.3705818035414692,1.0666487039184918,6342,3423,False,False,False,False
7084,CSS_J100757.0-053218,EW,EW,False,False,0.3731414596798333,1.1514099206950041,6063,1575,False,False,False,False
7085,CSS_J054013.9+071557,EW,EW,False,False,0.47005075721249984,1.238138038069062,1012,786,False,False,False,False
7086,CSS_J035910.4+344618,EW,EW,False,False,0.36446764618155436,0.9889302494206698,6977,7376,False,False,False,False
7087,CSS_J081246.0+013550,EW,EW,False,False,0.4826104811184717,1.0928285029408604,794,2649,False,False,False,False
7088,CSS_J005146.8+073452,EA,EA,False,False,0.4280636232816648,0.9985096292222847,2074,6851,False,False,False,False
7089,CSS_J163305.4-130204,EW,EW,False,False,0.36326646816867003,1.115414105059784,7090,2167,False,False,False,False
7090,CSS_J234022.9+324930,EW,EW,False,False,0.41669190477105217,1.0377322597809324,2551,4596,False,False,False,False
7091,CSS_J011821.0+375709,EW,RRc,True,False,0.37677798149338015,0.9730589316478191,5621,7920,False,False,False,False
7092,CSS_J153629.4+395611,EW,EW,False,False,0.39147114433139807,1.061851207940935,4189,3592,False,False,False,False
7093,CSS_J084741.9+293150,EA,EA,False,False,0.41339622270685905,1.0004146939315857,2716,6737,False,False,False,False
7094,CSS_J124802.5+373813,RRc,RRc,False,False,0.38420186066215045,0.9792400452365456,4846,7794,False,False,False,False
7095,CSS_J081003.0+210524,EW,EW,False,False,0.42576198490285344,1.0306082768220237,2174,4949,False,False,False,False
7096,CSS_J230910.2+282625,EW,EW,False,False,0.36078740712255813,0.9784889427977882,7346,7821,False,False,False,False
7097,CSS_J180758.5+265201,RRab,EW,True,False,0.39873293014023575,1.3014849799669836,3595,505,False,False,False,False
7098,CSS_J234125.6+244706,EW,EW,False,False,0.3528745930850865,0.9848526061157425,7923,7599,False,False,False,False
7099,CSS_J172019.0+092540,RRc,EW,True,False,0.36396635099782165,1.070259330086099,7032,3290,False,False,False,False
7100,CSS_J084234.5+402010,EW,EW,False,False,0.3512690061830411,0.985232574769522,7978,7579,False,False,False,False
7101,CSS_J110504.3+232649,EW,EW,False,False,0.4530615305601031,1.0278210367074307,1357,5090,False,False,False,False
7102,CSS_J044402.7+254342,RS CVn,RS CVn,False,True,0.39792625878691595,1.1776823129761875,3643,1260,False,False,False,False
7103,CSS_J002746.4+405042,EW,EW,False,False,0.36388258020483755,1.0485502597960363,7039,4109,False,False,False,False
7104,CSS_J135356.3-102621,RRd,RRc,True,True,0.3803194278569769,1.187233498198983,5255,1166,False,False,False,False
7105,CSS_J155854.8+122404,RS CVn,EW,True,True,0.41678348855969105,1.0326589952290257,2547,4840,False,False,False,False
7106,CSS_J085643.0+432021,RRc,RRab,True,False,0.3904256378129246,1.046092606249625,4288,4231,False,False,False,False
7107,CSS_J064409.7+435634,EW,EW,False,False,0.40529577448500637,1.0627045553101737,3142,3563,False,False,False,False
7108,CSS_J070728.9+441108,EW,EW,False,False,0.44032659844395483,1.1515716047432831,1678,1574,False,False,False,False
7109,CSS_J170850.3+344427,EW,EW,False,False,0.3690569461796185,1.002802124518203,6495,6588,False,False,False,False
7110,CSS_J003156.3+353951,EW,EW,False,False,0.37848979851061004,1.002363993224861,5424,6620,False,False,False,False
7111,CSS_J004633.4-105136,EW,EW,False,False,0.4150455042219117,1.112459297945632,2628,2222,False,False,False,False
7112,CSS_J103821.1+134124,EW,EW,False,False,0.4768006923279437,1.1349096302381194,894,1811,False,False,False,False
7113,CSS_J170049.4+065038,EW,EW,False,False,0.3536212416205205,0.9931291176203132,7876,7135,False,False,False,False
7114,CSS_J083809.9+172931,EW,EA,True,False,0.5205664870376706,1.1403844701565595,397,1726,False,False,False,False
7115,CSS_J162244.1+220040,RRab,EW,True,False,0.39049077617239497,1.1040498639334215,4281,2392,False,False,False,False
7116,CSS_J083152.1+383214,RRc,EW,True,False,0.41842537949079395,1.1977059813430904,2475,1080,False,False,False,False
7117,CSS_J094623.9-105107,EW,EW,False,False,0.36985786134108745,1.0527827286486529,6411,3936,False,False,False,False
7118,CSS_J001505.0+224800,RRc,EW,True,False,0.37366113129376666,1.0170438668389523,6000,5693,False,False,False,False
7119,CSS_J174219.6+504237,EW,EW,False,False,0.3622987347850547,1.014186088489236,7199,5855,False,False,False,False
7120,CSS_J093315.7-133529,EW,EW,False,False,0.4334143558821295,1.113721225126198,1901,2201,False,False,False,False
7121,CSS_J043637.1+222449,EA,EA,False,False,0.5830948217988244,1.0511268470414163,168,4010,False,False,False,False
7122,CSS_J151047.0+133453,EW,EW,False,False,0.38545875092972515,1.0589813400795194,4720,3691,False,False,False,False
7123,CSS_J121002.7+292746,EW,EW,False,False,0.3621688562958084,1.1669184446205945,7213,1385,False,False,False,False
7124,CSS_J034532.8-192725,EW,EW,False,False,0.3934742875261662,1.220011718237951,3993,908,False,False,False,False
7125,CSS_J235244.9+361808,EW,EW,False,False,0.43803162703714926,1.3014194852047274,1747,507,False,False,False,False
7126,CSS_J232110.0+390215,EW,EW,False,False,0.41207126628371643,0.9837306282287186,2791,7641,False,False,False,False
7127,CSS_J215129.8+105653,EW,EW,False,False,0.39160545805822666,1.122773889093929,4177,2015,False,False,False,False
7128,CSS_J055714.1-010431,EW,EW,False,False,0.384898545620902,1.1300884527105846,4781,1894,False,False,False,False
7129,CSS_J120117.2+353128,RRc,RRc,False,False,0.3846644975804667,1.056166327141952,4800,3795,False,False,False,False
7130,CSS_J125541.8+171045,EW,EW,False,False,0.3556739018076388,1.0048731888147733,7751,6457,False,False,False,False
7131,CSS_J133218.9+073822,RRab,RRc,True,False,0.420104853093128,1.0143722625590281,2403,5845,False,False,False,False
7132,CSS_J090708.0+264440,EW,EW,False,False,0.3522977596040481,1.0109000184943198,7948,6068,False,False,False,False
7133,CSS_J081401.2+161935,EW,EW,False,False,0.4041966771735298,1.039523308476903,3224,4513,False,False,False,False
7134,CSS_J163232.4+504953,EW,EW,False,False,0.3705998843639881,1.4162724694666031,6338,239,False,False,False,False
7135,CSS_J221017.2+242549,EW,EW,False,False,0.3583996961026753,1.0026856010908112,7564,6597,False,False,False,False
7136,CSS_J153616.0+520641,RRab,RRab,False,False,0.4637029736175851,0.9932329617107669,1132,7129,False,False,False,False
7137,CSS_J165718.6+040409,EW,EW,False,False,0.37808388688683064,1.0629009943252856,5464,3550,False,False,False,False
7138,CSS_J212457.8+154441,EW,EW,False,False,0.37290267302158997,1.0298066461481317,6095,4976,False,False,False,False
7139,CSS_J110821.1-123151,EW,EW,False,False,0.3901510880898449,1.181883278176317,4314,1218,False,False,False,False
7140,CSS_J205357.5-122012,EW,EW,False,False,0.400593544161674,1.0504980367147068,3451,4038,False,False,False,False
7141,CSS_J213415.9-012743,EW,EW,False,False,0.3622117112413227,1.1206833718589952,7209,2065,False,False,False,False
7142,CSS_J012438.6-021620,EW,EW,False,False,0.40570359532661676,1.1331146704648125,3115,1847,False,False,False,False
7143,CSS_J103820.3+124614,EW,EW,False,False,0.457611517620411,1.1722681148502943,1264,1316,False,False,False,False
7144,CSS_J043449.6+220703,EW,EW,False,False,0.36966803543552523,1.0455278908302545,6430,4258,False,False,False,False
7145,CSS_J225415.1+391519,EW,EW,False,False,0.3959284483576582,1.0815943416369938,3799,2955,False,False,False,False
7146,CSS_J003837.9+301352,EW,EW,False,False,0.3872805845798625,0.9866806966983777,4557,7504,False,False,False,False
7147,CSS_J045805.0-035452,EW,EW,False,False,0.36632487164772176,1.0189737729034252,6786,5561,False,False,False,False
7148,CSS_J220334.8+201111,EW,EW,False,False,0.36365076260831364,0.9869554015618082,7060,7490,False,False,False,False
7149,CSS_J070430.9+583922,EW,EW,False,False,0.3735932738206898,1.0452158966911604,6010,4269,False,False,False,False
7150,CSS_J164928.8-031417,EW,EW,False,False,0.36549259415925084,0.9895508095317972,6884,7344,False,False,False,False
7151,CSS_J081617.5+043621,EW,EW,False,False,0.41543194665752714,1.051322918472064,2613,4001,False,False,False,False
7152,CSS_J052419.4-034422,EW,EW,False,False,0.36745903666138785,1.1407024711099916,6664,1720,False,False,False,False
7153,CSS_J094150.3+325329,RRc,EW,True,False,0.5445034965660528,1.2327764840403739,281,819,False,False,False,False
7154,CSS_J092927.6+075652,EW,EW,False,False,0.402841617658165,1.0139058722535628,3296,5869,False,False,False,False
7155,CSS_J123011.4-130058,RRc,RRc,False,False,0.40048824260919236,1.09047888418102,3463,2709,False,False,False,False
7156,CSS_J161045.6+275849,EW,EW,False,False,0.4908427949155874,1.1675274695436966,669,1377,False,False,False,False
7157,CSS_J211613.4+074419,RRc,RRab,True,False,0.37146021472177737,1.1784654845273173,6247,1251,False,False,False,False
7158,CSS_J211644.2-063343,EW,EW,False,False,0.5221278970435825,1.137463104198345,390,1773,False,False,False,False
7159,CSS_J092954.5+143151,EW,EW,False,False,0.4066065205717712,1.1025545888013342,3063,2431,False,False,False,False
7160,CSS_J172754.4+182327,EW,EW,False,False,0.358127234377568,1.014851457096116,7582,5807,False,False,False,False
7161,CSS_J213155.2-055002,RS CVn,EW,True,True,0.41668050225662495,1.2222667067073807,2553,892,False,False,False,False
7162,CSS_J095327.9+263520,EA,EA,False,False,0.3933837694845794,0.9739835023377861,4002,7907,False,False,False,False
7163,CSS_J230942.0+254511,EW,EW,False,False,0.37165321939719814,0.9857088568887269,6229,7555,False,False,False,False
7164,CSS_J173252.8+633928,EW,EW,False,False,0.3522771950451853,0.9765423403469413,7950,7854,False,False,False,False
7165,CSS_J183401.5+361058,EW,EW,False,False,0.40116684235329686,1.0344851449149046,3410,4754,False,False,False,False
7166,CSS_J112717.2+103511,EW,EW,False,False,0.42412025027436806,1.115663953862056,2234,2162,False,False,False,False
7167,CSS_J071836.3+570308,EA,EA,False,False,0.4620590781914705,1.0254083462951271,1163,5221,False,False,False,False
7168,CSS_J164850.3+000418,EW,EW,False,False,0.3844576405900958,1.0097132983039288,4822,6133,False,False,False,False
7169,CSS_J204957.3+043133,RS CVn,EW,True,True,0.4187634792796716,1.0680852988161997,2458,3366,False,False,False,False
7170,CSS_J221012.5-055002,EW,EW,False,False,0.4992780861996935,1.088037183111267,565,2775,False,False,False,False
7171,CSS_J221311.2-061419,EA,EA,False,False,0.4694484059421416,1.0262427774130563,1024,5172,False,False,False,False
7172,CSS_J103037.6-140509,EW,EW,False,False,0.4419097402903049,1.1875381925602446,1628,1159,False,False,False,False
7173,CSS_J054424.8-044740,EW,EW,False,False,0.42691569926537004,0.9914399071496159,2120,7243,False,False,False,False
7174,CSS_J172244.3+420315,EW,EW,False,False,0.3683600060105022,1.0066051207325428,6577,6344,False,False,False,False
7175,CSS_J012123.9+210753,EW,EW,False,False,0.4288224051689354,1.377593065340895,2037,302,False,False,False,False
7176,CSS_J102916.5-123651,RRc,RRc,False,False,0.3731521503877973,1.1567141729593273,6062,1510,False,False,False,False
7177,CSS_J100350.2+505251,EW,EW,False,False,0.41616013093071114,1.0118989600929278,2576,6002,False,False,False,False
7178,CSS_J160142.6-124944,LPV,LPV,False,False,0.6529701619462007,1.1446940061725541,79,1672,True,False,False,False
7179,CSS_J093006.1+413415,EA,EA,False,False,0.5132490294566151,1.2798650259749054,441,589,False,False,False,False
7180,CSS_J094945.6+130711,EW,EW,False,False,0.36615221225925826,1.0969916623483666,6801,2566,False,False,False,False
7181,CSS_J100316.2+312921,EA,EA,False,False,0.5486553865736192,1.1742470436364185,261,1292,False,False,False,False
7182,CSS_J032626.6+232631,EW,EW,False,False,0.4124124402140635,1.0457840518089365,2775,4244,False,False,False,False
7183,CSS_J083402.2+181121,EW,EW,False,False,0.6075972013247698,1.0271296815069177,119,5128,True,False,False,False
7184,CSS_J213306.0-014903,EW,EW,False,False,0.3593430094906711,1.1210237011165183,7486,2054,False,False,False,False
7185,CSS_J041638.7+221223,EW,EW,False,False,0.3543454250917665,1.0214820564321274,7832,5428,False,False,False,False
7186,CSS_J160658.8-112950,RRc,RRc,False,False,0.3937098104740525,1.0575868733819975,3973,3745,False,False,False,False
7187,CSS_J123917.3-033041,EW,EW,False,False,0.3752187567695727,1.0837519316227537,5808,2890,False,False,False,False
7188,CSS_J003721.7-051455,EW,EA,True,False,0.4179402023362612,0.9977510094156002,2493,6890,False,False,False,False
7189,CSS_J171117.7+084515,EW,EW,False,False,0.39291387069988093,1.4840290688631048,4050,152,False,True,False,False
7190,CSS_J082915.8+244545,EW,EW,False,False,0.3984626461789747,0.9790204178611155,3611,7804,False,False,False,False
7191,CSS_J175536.0+383737,RS CVn,EW,True,True,0.4924054376699177,1.2935715366047744,652,542,False,False,False,False
7192,CSS_J080333.0+440415,EW,EW,False,False,0.4283736982007748,1.229085713152885,2058,842,False,False,False,False
7193,CSS_J231823.3-022107,EW,EW,False,False,0.4148770286141781,1.1287974095349569,2633,1915,False,False,False,False
7194,CSS_J211404.2+052141,RRc,RRc,False,False,0.37959015001838564,1.0123907800292646,5335,5956,False,False,False,False
7195,CSS_J232556.6+290511,RRc,RRc,False,False,0.36640480282471,1.0793559164387119,6776,3023,False,False,False,False
7196,CSS_J230744.1+383047,EW,EW,False,False,0.38055821896647113,1.0053263308215665,5236,6436,False,False,False,False
7197,CSS_J085738.2+384033,EW,EW,False,False,0.424673284868287,0.9945022324269361,2214,7067,False,False,False,False
7198,CSS_J151421.0-062429,EW,EA,True,False,0.431218566200164,1.041691615700696,1971,4429,False,False,False,False
7199,CSS_J163116.1-091723,RRab,EW,True,False,0.3836779935933964,1.4371534051876615,4905,209,False,False,False,False
7200,CSS_J003526.9+232131,EW,EW,False,False,0.3769306191776033,0.9803411462616621,5599,7760,False,False,False,False
7201,CSS_J012642.4+340407,RRab,RRab,False,False,0.5887805857351688,1.693963884374868,157,49,True,True,True,True
7202,CSS_J084320.3+502545,EW,EW,False,False,0.3760866124295779,0.9879490172300379,5694,7432,False,False,False,False
7203,CSS_J050516.2+094104,EW,EW,False,False,0.3518474594901848,0.9802793988545389,7961,7762,False,False,False,False
7204,CSS_J115256.5+382741,EW,EW,False,False,0.38980902677661794,1.1816551085514968,4344,1219,False,False,False,False
7205,CSS_J023103.2-031738,RRc,RRc,False,False,0.37180840272021776,0.9966452052102541,6217,6941,False,False,False,False
7206,CSS_J041707.6+060524,EW,EW,False,False,0.35641197851137385,1.0058987703199447,7703,6396,False,False,False,False
7207,CSS_J145244.4+004135,EW,EW,False,False,0.36517730016698335,1.0364904680541516,6919,4655,False,False,False,False
7208,CSS_J045352.2+173424,EW,EW,False,False,0.3814621826958999,1.0760104833742492,5128,3126,False,False,False,False
7209,CSS_J001437.0+035128,EW,EW,False,False,0.39582748651162164,0.984185031872294,3807,7623,False,False,False,False
7210,CSS_J070433.2+360708,RS CVn,EW,True,True,0.6891534437960556,1.1921891569630196,52,1120,True,False,False,False
7211,CSS_J223136.7-073959,EW,EW,False,False,0.4876314081435272,1.0789120395085823,711,3041,False,False,False,False
7212,CSS_J162457.3+101609,RRc,RRc,False,False,0.3784405791620959,1.0071665502360125,5427,6309,False,False,False,False
7213,CSS_J074519.7+091446,RRab,RRc,True,False,0.38114402193163116,1.2507450563436122,5170,725,False,False,False,False
7214,CSS_J024915.3+321610,EW,EW,False,False,0.38543533372263533,1.0125378917268353,4722,5946,False,False,False,False
7215,CSS_J035821.5+224100,EW,EW,False,False,0.3766265278491728,1.0071019647369337,5634,6314,False,False,False,False
7216,CSS_J013426.3+070003,RRab,RRab,False,False,0.5049443554223277,1.0674775873400628,513,3389,False,False,False,False
7217,CSS_J074618.2+321742,EW,EW,False,False,0.38538898255984183,1.061021862889398,4728,3620,False,False,False,False
7218,CSS_J052018.8-045747,EW,EW,False,False,0.37130646116662264,1.0067029343226506,6270,6335,False,False,False,False
7219,CSS_J070144.1+501434,EA,EA,False,False,0.4253712493867877,1.0088118356158142,2189,6205,False,False,False,False
7220,CSS_J021644.3-053251,EA,EA,False,False,0.4377264591738752,1.271250044238101,1756,628,False,False,False,False
7221,CSS_J164335.9+124623,RS CVn,RS CVn,False,True,0.4264759478729134,1.017432111821203,2146,5670,False,False,False,False
7222,CSS_J222420.0+010811,EW,EW,False,False,0.3871097518664666,0.9965091456740053,4575,6951,False,False,False,False
7223,CSS_J135836.1+132612,EW,EW,False,False,0.36392446583113097,1.112941758811481,7036,2212,False,False,False,False
7224,CSS_J013117.0+302708,EW,EW,False,False,0.4591379415828458,1.144562071998363,1224,1674,False,False,False,False
7225,CSS_J053500.4+012330,EW,EW,False,False,0.3799589690105317,1.0897379280535326,5295,2734,False,False,False,False
7226,CSS_J142102.1+045339,EW,EW,False,False,0.39069400093834794,1.044944562766942,4258,4284,False,False,False,False
7227,CSS_J012950.3+314550,EW,EW,False,False,0.36521864343516786,0.9887761155271981,6910,7387,False,False,False,False
7228,CSS_J171355.1+344253,EW,EW,False,False,0.4005784598953762,1.0271653106654888,3452,5126,False,False,False,False
7229,CSS_J234539.6+181456,EW,EW,False,False,0.3845021443033329,1.0933294425348736,4819,2636,False,False,False,False
7230,CSS_J040212.7+292511,EW,EW,False,False,0.37922745393051105,0.9862843182616381,5372,7528,False,False,False,False
7231,CSS_J172931.6+401030,EW,EW,False,False,0.4243028325128704,1.0670696815178062,2228,3406,False,False,False,False
7232,CSS_J203543.6-163950,EW,EW,False,False,0.36698500701417947,1.0040934847683496,6715,6510,False,False,False,False
7233,CSS_J223234.7-115237,EW,EW,False,False,0.3877581021878053,1.030853961082474,4515,4936,False,False,False,False
7234,CSS_J180015.5+360538,EA,EA,False,False,0.4718758662597006,1.0219957541779308,989,5394,False,False,False,False
7235,CSS_J090132.2+010101,EW,EW,False,False,0.42051408540515595,1.2653876513021,2383,653,False,False,False,False
7236,CSS_J071823.0+370546,EW,EW,False,False,0.3600038629148293,0.9824015803467653,7420,7699,False,False,False,False
7237,CSS_J171842.4+234206,EW,EW,False,False,0.4279705307615555,1.0267959105479354,2075,5142,False,False,False,False
7238,CSS_J163250.5-090909,EW,EW,False,False,0.36603301376972586,1.0049001846972117,6814,6455,False,False,False,False
7239,CSS_J110328.6+093520,EW,EW,False,False,0.3669451396166512,1.0966621665249765,6721,2576,False,False,False,False
7240,CSS_J081804.4+204151,EW,EW,False,False,0.42764397912713853,1.06062061454576,2087,3633,False,False,False,False
7241,CSS_J083214.7+345900,EW,EW,False,False,0.37234268850397245,0.9637319636461505,6156,7990,False,False,False,False
7242,CSS_J113148.0+120406,EW,EW,False,False,0.3572567191892643,1.0434917155883692,7641,4348,False,False,False,False
7243,CSS_J141342.7-130929,RRab,RRab,False,False,0.5080806852281224,1.0166537872792554,489,5713,False,False,False,False
7244,CSS_J010734.0+193529,EW,EW,False,False,0.37925212461734115,0.9988209960860817,5370,6824,False,False,False,False
7245,CSS_J043629.1+370224,EW,EW,False,False,0.41278964987399314,1.0081068174793448,2755,6249,False,False,False,False
7246,CSS_J065256.0+395601,EW,EW,False,False,0.3810570382537463,1.0386215255539795,5183,4559,False,False,False,False
7247,CSS_J045501.0+142415,EW,EW,False,False,0.37246283973874056,0.9914785049588396,6140,7239,False,False,False,False
7248,CSS_J022523.2+342432,EW,EW,False,False,0.4051587051336286,1.0432828393841016,3154,4353,False,False,False,False
7249,CSS_J165701.8+033511,RRc,RRc,False,False,0.44952130410680585,1.399746673550902,1427,258,False,False,False,False
7250,CSS_J022012.7+143700,RS CVn,EW,True,True,0.36350764264640856,1.0822068397794002,7068,2931,False,False,False,False
7251,CSS_J094859.9+244144,EW,EW,False,False,0.362435857101213,1.0359630048125108,7184,4678,False,False,False,False
7252,CSS_J051015.1-014950,EW,EW,False,False,0.37293740543630327,1.050239151027912,6088,4053,False,False,False,False
7253,CSS_J092148.9-161736,RRab,RRab,False,False,0.421540187570013,1.1994952490134387,2332,1071,False,False,False,False
7254,CSS_J214030.4+124257,RRc,RRc,False,False,0.4169882149224969,1.030971943323541,2541,4926,False,False,False,False
7255,CSS_J024906.1+015130,EW,EW,False,False,0.42416088817588815,1.06285631738502,2233,3553,False,False,False,False
7256,CSS_J210421.9+045936,EW,EW,False,False,0.48361340440701484,1.1222552216238002,779,2024,False,False,False,False
7257,CSS_J173523.8+422155,EW,EW,False,False,0.4467088850702143,1.0586445703453466,1499,3705,False,False,False,False
7258,CSS_J090010.9-073610,EW,EW,False,False,0.49344564590628104,1.389463346056734,634,280,False,False,False,False
7259,CSS_J153009.1+050644,EW,EW,False,False,0.37549394336364356,1.0544455111342395,5761,3864,False,False,False,False
7260,CSS_J093850.8-132632,EW,EW,False,False,0.37686138201472547,1.0453549919097547,5609,4261,False,False,False,False
7261,CSS_J074636.2+362525,EW,EW,False,False,0.37595136648149685,0.9899652203200195,5713,7317,False,False,False,False
7262,CSS_J030638.4+242806,EW,EW,False,False,0.42625157854800727,1.1124562938067724,2155,2223,False,False,False,False
7263,CSS_J023659.4+375657,EW,EW,False,False,0.4337029734637133,1.04432709829393,1890,4312,False,False,False,False
7264,CSS_J205918.0-160559,RRc,RRc,False,False,0.3794535507201159,1.126380687250677,5350,1956,False,False,False,False
7265,CSS_J161136.6-075954,EW,EW,False,False,0.4842972697940783,1.1352864681821608,766,1806,False,False,False,False
7266,CSS_J094538.5+385049,EW,EW,False,False,0.3708470076995539,0.9896700218145498,6319,7338,False,False,False,False
7267,CSS_J215739.2+050953,EW,EW,False,False,0.46647704978163224,1.1952328033259327,1079,1099,False,False,False,False
7268,CSS_J053247.2+032541,RS CVn,RS CVn,False,True,0.4107588917192906,1.270706694538605,2865,630,False,False,False,False
7269,CSS_J174928.5+365535,EW,EW,False,False,0.412576906396383,1.0475538489046734,2764,4161,False,False,False,False
7270,CSS_J083238.8+242457,EW,EW,False,False,0.3843039909513064,0.9750255888256449,4836,7880,False,False,False,False
7271,CSS_J215202.1+110827,EW,EW,False,False,0.3567244272898552,0.9838707698961568,7683,7636,False,False,False,False
7272,CSS_J082004.6-014325,EW,EW,False,False,0.3737591710245486,1.1211699626710974,5982,2050,False,False,False,False
7273,CSS_J172824.0+265917,EW,EW,False,False,0.3631266712562674,1.417961806274396,7107,236,False,False,False,False
7274,CSS_J063607.7+430503,RS CVn,EW,True,True,0.442333824113113,1.0510705287383852,1616,4015,False,False,False,False
7275,CSS_J031910.8-082556,RRc,RRc,False,False,0.3699222295738466,1.0025216384118756,6404,6609,False,False,False,False
7276,CSS_J003847.6+365807,EW,EW,False,False,0.3668875374035504,0.9987318741426779,6726,6828,False,False,False,False
7277,CSS_J120124.3-072210,RRc,RRc,False,False,0.37256189270780543,1.1476118847936259,6129,1637,False,False,False,False
7278,CSS_J171652.7+255903,EW,EW,False,False,0.36526215026564157,1.1550466315724268,6906,1531,False,False,False,False
7279,CSS_J064340.2+424604,EW,EW,False,False,0.3656114016449207,1.0640963476438787,6861,3509,False,False,False,False
7280,CSS_J164516.6+132434,EW,EW,False,False,0.4061500639447181,1.0429273263669054,3095,4373,False,False,False,False
7281,CSS_J090424.3+375256,EW,EW,False,False,0.3989166100658165,1.0524215369930825,3583,3963,False,False,False,False
7282,CSS_J160534.2-013625,EW,EW,False,False,0.37485480661640325,1.110115632196578,5853,2269,False,False,False,False
7283,CSS_J115333.6+292749,EW,EW,False,False,0.35586015186974856,1.002693502684771,7740,6595,False,False,False,False
7284,CSS_J213938.8+083841,EW,EW,False,False,0.44251741533353434,1.045576102004404,1610,4252,False,False,False,False
7285,CSS_J204131.8-173035,EW,EA,True,False,0.47492189702569876,1.2006662538084467,928,1061,False,False,False,False
7286,CSS_J141601.9+015644,RRab,RRab,False,False,0.4619704054284917,0.9962667846793757,1168,6962,False,False,False,False
7287,CSS_J140751.9-165432,RRab,RRab,False,False,0.4807869565194416,1.1000316773845324,819,2502,False,False,False,False
7288,CSS_J215248.0-065249,EW,EW,False,False,0.3869090497739624,1.0479914082025383,4595,4136,False,False,False,False
7289,CSS_J030214.5+301301,EW,EW,False,False,0.35760706774645523,1.0193205008775519,7615,5539,False,False,False,False
7290,CSS_J124739.0-102808,RRc,RRc,False,False,0.37794110833425926,1.1792038221264027,5479,1240,False,False,False,False
7291,CSS_J050329.5-135127,EW,EW,False,False,0.3568568457902582,0.9950651039378208,7672,7029,False,False,False,False
7292,CSS_J172357.9+411108,RRc,RRc,False,False,0.3809429334334521,1.0455526891629183,5199,4255,False,False,False,False
7293,CSS_J075658.3+111821,EW,EW,False,False,0.38949992854683685,1.0749453471366817,4373,3154,False,False,False,False
7294,CSS_J024314.3+303137,EW,EW,False,False,0.3688048702055712,1.0036209571234573,6521,6541,False,False,False,False
7295,CSS_J162327.1+031900,EW,EW,False,False,0.36836186756640316,1.0150273425256837,6575,5796,False,False,False,False
7296,CSS_J103042.1-155054,EW,RRc,True,False,0.42733262184262055,1.2153744679946148,2101,945,False,False,False,False
7297,CSS_J034225.7+380649,EW,EW,False,False,0.38509440074511353,1.2152969966487743,4761,947,False,False,False,False
7298,CSS_J030354.7+160612,EW,EW,False,False,0.3666741094685143,1.0580993134014378,6745,3726,False,False,False,False
7299,CSS_J212122.2-175006,EW,EW,False,False,0.3997189571873716,1.1118812469981272,3521,2238,False,False,False,False
7300,CSS_J150117.5-125744,RS CVn,EW,True,True,0.3778530813785627,1.1728278314508231,5489,1310,False,False,False,False
7301,CSS_J045537.4+322029,EW,EW,False,False,0.3820510687947019,1.143832497304558,5062,1687,False,False,False,False
7302,CSS_J135602.3-013626,LPV,LPV,False,False,0.5267782600241467,1.0128744483282903,365,5927,False,False,False,False
7303,CSS_J151713.2+452114,EA,EA,False,False,0.5022931066338115,1.0099198472412543,540,6119,False,False,False,False
7304,CSS_J073210.0+215457,EW,EW,False,False,0.4275193944333974,1.0424411738478205,2094,4400,False,False,False,False
7305,CSS_J205204.9+014450,EA,EA,False,False,0.47585670350811177,1.1348220416827561,911,1815,False,False,False,False
7306,CSS_J220448.8+075228,RRc,RRc,False,False,0.3850675374645894,1.0522786348331228,4763,3968,False,False,False,False
7307,CSS_J073040.0+343154,EW,EW,False,False,0.487565006302832,1.0035468814612094,712,6548,False,False,False,False
7308,CSS_J122139.4+261454,EW,EW,False,False,0.36920305314245344,1.1562254700161256,6484,1516,False,False,False,False
7309,CSS_J173111.6+515000,RRab,RRab,False,False,0.3898009065181528,1.0650144539620523,4346,3481,False,False,False,False
7310,CSS_J214158.1-033026,RRc,RRc,False,False,0.3760467385096534,1.007768163473087,5699,6272,False,False,False,False
7311,CSS_J162430.6-161216,RRd,RRc,True,True,0.3790638131727869,1.0276330482133738,5380,5098,False,False,False,False
7312,CSS_J015723.4-042604,EW,EW,False,False,0.3702046794075282,1.0155333972763745,6378,5767,False,False,False,False
7313,CSS_J022623.6+240455,EW,EW,False,False,0.39220175199030044,1.0466954678681069,4121,4201,False,False,False,False
7314,CSS_J023124.3-041218,EW,EW,False,False,0.385408696447179,0.9939618354742967,4726,7099,False,False,False,False
7315,CSS_J213032.7+084551,EW,EW,False,False,0.3656354753468272,0.9957452159779192,6859,6992,False,False,False,False
7316,CSS_J105118.7+051356,EW,EW,False,False,0.39776822759651387,1.035322815033863,3659,4706,False,False,False,False
7317,CSS_J212702.8+160300,RS CVn,EW,True,True,0.36977318425820177,1.0736490832003898,6417,3186,False,False,False,False
7318,CSS_J024612.1+342021,EW,EW,False,False,0.37344390865544463,1.0464866774179786,6028,4207,False,False,False,False
7319,CSS_J050647.3-145556,RRc,EW,True,False,0.45565725708729116,1.1648765830280503,1308,1414,False,False,False,False
7320,CSS_J030208.6+362234,EA,EA,False,False,0.4542343337783861,1.2147011800159846,1334,954,False,False,False,False
7321,CSS_J121134.4+431744,EW,EW,False,False,0.3881326949615823,1.06588640677262,4488,3450,False,False,False,False
7322,CSS_J163314.6+432304,EW,EW,False,False,0.428366340526541,1.0116111099686964,2059,6025,False,False,False,False
7323,CSS_J145029.8-022205,RRab,RRab,False,False,0.45922428978110374,1.0060372951504957,1219,6380,False,False,False,False
7324,CSS_J053751.4+044128,EA,EA,False,False,0.49257973390651494,1.0259588867803706,648,5189,False,False,False,False
7325,CSS_J021508.8+033648,EW,EW,False,False,0.35311354999017514,0.9966123719270946,7911,6944,False,False,False,False
7326,CSS_J165922.6+112807,EW,EW,False,False,0.42856659624496335,1.105607745925427,2052,2367,False,False,False,False
7327,CSS_J170001.2+084814,EW,EW,False,False,0.37230990203364894,1.0647117390601433,6163,3487,False,False,False,False
7328,CSS_J092121.3+205923,EW,EW,False,False,0.4040698388722014,1.0229897460679673,3230,5340,False,False,False,False
7329,CSS_J145311.6-173353,RRc,RRab,True,False,0.46935309631821864,1.1908805925029688,1026,1129,False,False,False,False
7330,CSS_J075639.7+090853,EW,EW,False,False,0.3808072746319247,1.392928559972432,5213,270,False,False,False,False
7331,CSS_J180738.9+425601,EW,EW,False,False,0.3822534452901905,1.2135243008936547,5043,965,False,False,False,False
7332,CSS_J034700.2-141935,RRc,RRc,False,False,0.3628154355137614,1.1346305507797596,7149,1818,False,False,False,False
7333,CSS_J092858.4-045633,EW,EW,False,False,0.35824965219478344,1.0475779288472147,7575,4159,False,False,False,False
7334,CSS_J005236.4+142230,EA,EA,False,False,0.44620909527660974,0.9903124368092625,1512,7303,False,False,False,False
7335,CSS_J114747.0+294820,EW,EW,False,False,0.40060471018609284,1.0016164340259475,3449,6666,False,False,False,False
7336,CSS_J211106.0+053922,EW,EW,False,False,0.3551690187600133,1.0009222915529086,7785,6711,False,False,False,False
7337,CSS_J064750.9+550808,EW,EW,False,False,0.37416527492373186,0.9783096722343292,5942,7828,False,False,False,False
7338,CSS_J125731.8+145638,RS CVn,RS CVn,False,True,0.36212325637690784,1.218253350205267,7218,919,False,False,False,False
7339,CSS_J164246.6+233750,RRc,RRc,False,False,0.3771547386342766,0.9881775675260445,5567,7414,False,False,False,False
7340,CSS_J100919.0-034009,RRc,RRc,False,False,0.36861056741366366,0.9819517814626613,6546,7717,False,False,False,False
7341,CSS_J134510.0+154138,RRc,RRc,False,False,0.4392774758885148,1.062484709287217,1715,3573,False,False,False,False
7342,CSS_J080955.1+514948,EA,EA,False,False,0.4150045559923975,0.9795015381944401,2630,7789,False,False,False,False
7343,CSS_J025018.0+081821,EW,EW,False,False,0.4526751137197656,1.1488320227109317,1362,1623,False,False,False,False
7344,CSS_J215259.1+205135,EW,EW,False,False,0.41094701682042345,1.0586219633514025,2856,3707,False,False,False,False
7345,CSS_J032805.1+264920,EW,EW,False,False,0.3911387891339832,1.0136762416631262,4224,5882,False,False,False,False
7346,CSS_J162621.5+352753,EW,EW,False,False,0.3938013460803787,0.9943090945555764,3957,7082,False,False,False,False
7347,CSS_J103350.4+374829,EW,RRc,True,False,0.45798058756035626,1.758551382056822,1253,39,False,True,False,False
7348,CSS_J210531.2+021507,EA,EA,False,False,0.506738518536624,1.1243041736672148,497,1990,False,False,False,False
7349,CSS_J220027.4+234927,EW,EW,False,False,0.35078587352295354,0.9641634701129345,7989,7989,False,False,False,False
7350,CSS_J052231.3+045607,RRc,RRc,False,False,0.3677242243595419,1.1231553734803774,6641,2008,False,False,False,False
7351,CSS_J054808.0+031512,EW,EW,False,False,0.37349516777377784,1.057685982819117,6020,3739,False,False,False,False
7352,CSS_J170913.5+041531,RRc,EW,True,False,0.385592267038138,1.1148683309347267,4710,2181,False,False,False,False
7353,CSS_J041724.4+333244,EW,EW,False,False,0.38534804208903656,1.0459521172113586,4733,4236,False,False,False,False
7354,CSS_J165511.8+531546,EW,EW,False,False,0.39351267598164125,1.1257561877049,3988,1969,False,False,False,False
7355,CSS_J170549.9+020758,EW,EW,False,False,0.3763821595437743,0.9966288947262301,5665,6943,False,False,False,False
7356,CSS_J024139.3+034917,EW,EW,False,False,0.3742894237404498,1.0392003710137199,5931,4535,False,False,False,False
7357,CSS_J031021.2+320546,EW,EW,False,False,0.3906555060646856,1.056938532010911,4261,3768,False,False,False,False
7358,CSS_J173729.8+322640,EW,EW,False,False,0.39164996986732975,1.070169533226984,4171,3293,False,False,False,False
7359,CSS_J013255.0+293645,EW,EW,False,False,0.3593348308592129,0.9816786323058755,7487,7728,False,False,False,False
7360,CSS_J133130.5+000733,RRab,RRab,False,False,0.4770605492155519,0.9982721689053664,890,6865,False,False,False,False
7361,CSS_J223437.4+273347,EW,EW,False,False,0.4044322052915299,1.004723575019054,3206,6467,False,False,False,False
7362,CSS_J091003.1-092017,EW,EW,False,False,0.39295050633324435,1.2935780789170306,4042,541,False,False,False,False
7363,CSS_J072830.0+232041,EW,EW,False,False,0.39841377719056553,1.0128614384235946,3614,5928,False,False,False,False
7364,CSS_J051623.2+222005,EW,EW,False,False,0.39751785546820945,1.0392819069189214,3678,4528,False,False,False,False
7365,CSS_J004333.0+345030,EW,EW,False,False,0.3687350054139013,0.9774849660176128,6527,7840,False,False,False,False
7366,CSS_J211046.5+071939,EW,EW,False,False,0.36129783300009505,1.0383159582627695,7295,4572,False,False,False,False
7367,CSS_J001226.4+384325,EW,EW,False,False,0.39214515035687836,1.0570270575128367,4126,3767,False,False,False,False
7368,CSS_J235151.3+035409,EA,EA,False,False,0.5241646970205156,1.1978570702780058,381,1079,False,False,False,False
7369,CSS_J211415.1-192538,EW,EW,False,False,0.4244427828411212,1.0512867355407003,2220,4003,False,False,False,False
7370,CSS_J151058.9-112508,RRc,RRc,False,False,0.3747437265601715,0.9999487167762746,5869,6770,False,False,False,False
7371,CSS_J173044.3+135419,EW,EW,False,False,0.40149900058946414,1.0733978442728058,3380,3195,False,False,False,False
7372,CSS_J090144.4+215754,EW,EW,False,False,0.39592198683119284,1.0130377978673053,3800,5916,False,False,False,False
7373,CSS_J152617.8+171816,EW,EW,False,False,0.385306844916564,1.0587928679053709,4737,3699,False,False,False,False
7374,CSS_J034225.1+293839,EA,EA,False,False,0.4739017953471454,1.3978477200845203,941,261,False,False,False,False
7375,CSS_J100952.6+425914,EW,EW,False,False,0.36422727580213926,0.9743537678766934,6995,7896,False,False,False,False
7376,CSS_J224315.1+332955,EA,EW,True,False,0.3889680144837221,1.0820032480205397,4421,2941,False,False,False,False
7377,CSS_J234701.4-113628,RRab,RRab,False,False,0.46202150184044355,1.0304462580025988,1166,4958,False,False,False,False
7378,CSS_J083843.6+140930,EW,EW,False,False,0.3817750489383418,1.0613061398550485,5098,3610,False,False,False,False
7379,CSS_J122101.1+263207,RRc,RRc,False,False,0.4219314259795507,1.1223833346169576,2315,2020,False,False,False,False
7380,CSS_J161843.5+120448,EA,EA,False,False,0.42948554138857814,1.140586153656147,2020,1722,False,False,False,False
7381,CSS_J153007.4+471117,RRc,EW,True,False,0.4831199281594403,1.111342094951182,788,2245,False,False,False,False
7382,CSS_J071710.8+374242,EA,EA,False,False,0.6683909313619519,1.2648249118058277,64,656,True,False,False,False
7383,CSS_J080247.0+194641,EA,EA,False,False,0.43444160023474016,1.0076044631027918,1872,6283,False,False,False,False
7384,CSS_J024119.0+265204,EW,EW,False,False,0.3847248218273158,0.9833497393084325,4796,7661,False,False,False,False
7385,CSS_J031251.4+252155,EW,EW,False,False,0.45161035749173006,1.3296541987562476,1383,410,False,False,False,False
7386,CSS_J215740.1+001706,RRc,RRc,False,False,0.3753533076614279,0.9922234892124585,5782,7187,False,False,False,False
7387,CSS_J162717.5+321027,EW,EW,False,False,0.41739259471891355,1.0000618139447082,2520,6762,False,False,False,False
7388,CSS_J104122.9+191424,EW,EW,False,False,0.4069561738116042,1.0054647017797267,3050,6424,False,False,False,False
7389,CSS_J164057.0+523013,RRab,EW,True,False,0.38424265747953235,1.1915360800486101,4842,1126,False,False,False,False
7390,CSS_J154015.0-184441,RRab,RRab,False,False,0.5621059526014313,1.455439466993969,221,192,False,False,False,False
7391,CSS_J203556.7-175126,EW,EW,False,False,0.36803574378196485,1.0504745331665348,6608,4040,False,False,False,False
7392,CSS_J220857.7+074243,EW,EW,False,False,0.3979328741835046,1.0290414737981652,3641,5013,False,False,False,False
7393,CSS_J030925.1+152718,RS CVn,RRc,True,True,0.547655790589476,1.4182521420842504,265,235,False,False,False,False
7394,CSS_J205353.0-145521,EA,EA,False,False,0.44251816197089405,1.0287560254067176,1609,5029,False,False,False,False
7395,CSS_J044126.8+030704,EW,EW,False,False,0.40848510376948005,1.0527009712176336,2970,3942,False,False,False,False
7396,CSS_J095707.3+300839,EW,EW,False,False,0.3612802852865974,0.9982688841072171,7297,6866,False,False,False,False
7397,CSS_J130027.8-125417,EW,EW,False,False,0.3632507454755164,1.0490251988845019,7096,4089,False,False,False,False
7398,CSS_J065252.1+410418,EW,EW,False,False,0.44888758796087874,1.4539681146731191,1443,194,False,False,False,False
7399,CSS_J101308.3+411817,EW,EW,False,False,0.3595112493604291,1.090511235542381,7471,2706,False,False,False,False
7400,CSS_J024921.0+324417,EA,EA,False,False,0.4357214309627286,0.9894380526778933,1828,7355,False,False,False,False
7401,CSS_J133935.9-045757,EW,EW,False,False,0.3659685517136102,1.12442123943612,6822,1987,False,False,False,False
7402,CSS_J090448.5+472315,RRc,RRc,False,False,0.3770678143789089,1.000904165235395,5580,6712,False,False,False,False
7403,CSS_J020245.8+261334,EA,EA,False,False,0.4866437801698817,1.238185738780039,729,785,False,False,False,False
7404,CSS_J235808.5+414327,EW,EW,False,False,0.396917620080446,0.9943889399095578,3721,7076,False,False,False,False
7405,CSS_J051639.7+033423,EW,EW,False,False,0.38400879249967307,1.2513482518917094,4866,722,False,False,False,False
7406,CSS_J151433.1-063920,EW,EW,False,False,0.41559478657866983,1.0494761583421954,2600,4075,False,False,False,False
7407,CSS_J172802.9+195835,EW,EA,True,False,0.4322059747728771,1.0778478091224497,1938,3075,False,False,False,False
7408,CSS_J020244.7+275633,EW,RRab,True,False,0.48555624235787065,1.5142494983122092,750,131,False,True,False,False
7409,CSS_J095547.9+071949,RRc,RRc,False,False,0.37235885621280995,0.9888311007913696,6151,7383,False,False,False,False
7410,CSS_J123950.4+135404,EA,EA,False,False,0.43957495108435096,0.9873856998482164,1702,7458,False,False,False,False
7411,CSS_J110442.2+260525,EW,EW,False,False,0.41716103317868164,1.1120804449799169,2530,2229,False,False,False,False
7412,CSS_J211854.8-120544,RRc,EW,True,False,0.4684792598376103,1.2321176020321314,1044,822,False,False,False,False
7413,CSS_J221304.9-133131,RS CVn,EW,True,True,0.4059424018233606,1.3622378337236176,3108,323,False,False,False,False
7414,CSS_J223412.1+074330,EW,EW,False,False,0.430734396263056,1.228989507108945,1987,843,False,False,False,False
7415,CSS_J141505.9-193524,EW,EW,False,False,0.408514672293906,1.1295416769797058,2967,1900,False,False,False,False
7416,CSS_J050134.6+185728,EW,EW,False,False,0.37746434096723464,1.106464532887331,5533,2347,False,False,False,False
7417,CSS_J084647.2-053126,RS CVn,EW,True,True,0.40495531508083105,0.9895036355669837,3169,7350,False,False,False,False
7418,CSS_J022152.5+383741,EW,EW,False,False,0.4310570522558879,1.2742799727104028,1983,616,False,False,False,False
7419,CSS_J171544.2+333849,EW,EW,False,False,0.49849972988009267,1.0929642348945228,576,2646,False,False,False,False
7420,CSS_J102951.7+133740,EW,EW,False,False,0.4342357901164273,1.106337877536041,1877,2348,False,False,False,False
7421,CSS_J155930.3-080524,RRc,RRc,False,False,0.41307206571748933,1.1148723863813925,2739,2180,False,False,False,False
7422,CSS_J221224.2+071408,RS CVn,EW,True,True,0.3906527929710678,0.9943188705386863,4262,7080,False,False,False,False
7423,CSS_J175050.6+500249,EA,EA,False,False,0.6581397465542337,1.589168830328049,74,77,True,True,True,True
7424,CSS_J090825.9-015120,EW,EW,False,False,0.38305607054341123,1.0153998716618238,4968,5775,False,False,False,False
7425,CSS_J050925.4-031217,RS CVn,RS CVn,False,True,0.4288238663938515,1.361732710903553,2036,326,False,False,False,False
7426,CSS_J015535.7+221430,EW,EW,False,False,0.41914654900643483,1.1381570062662814,2442,1754,False,False,False,False
7427,CSS_J092553.0-142313,EW,EW,False,False,0.4266382371999675,1.2302623457255684,2142,830,False,False,False,False
7428,CSS_J010342.7+242737,EW,EW,False,False,0.37692794837710447,1.436804616667595,5602,211,False,False,False,False
7429,CSS_J155306.2-035300,EW,EW,False,False,0.35778262915249087,0.9716476477189154,7602,7938,False,False,False,False
7430,CSS_J074117.8+250133,EW,EW,False,False,0.370645907103617,0.9966112212431746,6332,6945,False,False,False,False
7431,CSS_J051103.7+164622,EW,EA,True,False,0.40885093706770564,1.0474624183872092,2955,4167,False,False,False,False
7432,CSS_J124320.0+133403,EW,EW,False,False,0.4775354325567583,1.5918271720660377,883,73,False,True,False,False
7433,CSS_J170611.1+370527,EW,EW,False,False,0.3543227098270095,0.9711046008967893,7833,7948,False,False,False,False
7434,CSS_J105957.1+375020,RRd,RRd,False,True,0.36584724622874976,1.011232416434483,6836,6045,False,False,False,False
7435,CSS_J095445.1-032042,EW,EW,False,False,0.3850004782727714,0.9943191813303885,4767,7079,False,False,False,False
7436,CSS_J211940.5+040632,EW,EW,False,False,0.36564425217435725,0.9920836319672877,6858,7197,False,False,False,False
7437,CSS_J201249.0-130727,RRc,EW,True,False,0.3860737563633533,1.1103813150009398,4665,2263,False,False,False,False
7438,CSS_J082417.3+160904,EW,EW,False,False,0.4428985795286917,1.074962792580671,1597,3153,False,False,False,False
7439,CSS_J100015.7+244934,EW,EW,False,False,0.4084732078068978,1.1184515813141274,2972,2108,False,False,False,False
7440,CSS_J051901.4-152919,EW,EW,False,False,0.39186945885389435,1.0278995481499724,4154,5082,False,False,False,False
7441,CSS_J161230.7+070046,EW,EW,False,False,0.35276428287156925,0.9761395302681661,7931,7864,False,False,False,False
7442,CSS_J081103.0+151417,EW,EW,False,False,0.38080026537857936,1.0280443775934742,5215,5069,False,False,False,False
7443,CSS_J133726.1+373459,EW,EW,False,False,0.39447943686907283,1.037261137723457,3913,4620,False,False,False,False
7444,CSS_J021335.4-042542,EW,EW,False,False,0.3979134724750625,1.0521321156746912,3645,3973,False,False,False,False
7445,CSS_J040258.0+153335,EW,EW,False,False,0.3754753335500861,1.0363954581109935,5763,4659,False,False,False,False
7446,CSS_J133758.8-124619,RRab,RRab,False,False,0.3899343470730798,1.1178668308285775,4333,2120,False,False,False,False
7447,CSS_J080639.7+572901,RRc,RRc,False,False,0.367934694259625,0.9738964246518474,6619,7908,False,False,False,False
7448,CSS_J041826.3-083406,EA,EA,False,False,0.49748758388306746,1.016590865291188,588,5717,False,False,False,False
7449,CSS_J003616.9+114207,EW,EW,False,False,0.38676568870994704,1.2324247617318558,4604,820,False,False,False,False
7450,CSS_J090823.8-054345,EW,EW,False,False,0.381084644026632,1.0713865132159501,5178,3251,False,False,False,False
7451,CSS_J042024.1+262629,EW,EW,False,False,0.3767598611247817,1.0501175740628748,5625,4060,False,False,False,False
7452,CSS_J165050.8+502326,RRab,RRab,False,False,0.4303821890742134,1.1183939429898393,1998,2109,False,False,False,False
7453,CSS_J072312.6+423337,EW,EW,False,False,0.4987877626772286,1.2288916958075817,571,845,False,False,False,False
7454,CSS_J222753.3+291442,RRc,RRc,False,False,0.38180820777228197,0.9922751627530516,5092,7184,False,False,False,False
7455,CSS_J224315.1+195401,RS CVn,RRab,True,True,0.446523494379442,1.2833174359602642,1503,576,False,False,False,False
7456,CSS_J095543.6+350639,RRc,RRc,False,False,0.3852003300275258,1.138115943915922,4752,1755,False,False,False,False
7457,CSS_J002532.4+200135,EW,EW,False,False,0.4020067328614343,1.1500957255273492,3348,1596,False,False,False,False
7458,CSS_J102024.5+430641,EW,EW,False,False,0.37331871650393517,0.991762137571274,6045,7219,False,False,False,False
7459,CSS_J135929.8+421520,EW,EW,False,False,0.37793665641350715,1.0052965603599016,5480,6437,False,False,False,False
7460,CSS_J123411.6+055538,EW,EW,False,False,0.37093807674347473,1.0558850660295307,6304,3805,False,False,False,False
7461,CSS_J170214.9+063632,RRc,RRc,False,False,0.39241707552010824,1.1017304988508605,4106,2452,False,False,False,False
7462,CSS_J161639.7+070938,EA,EA,False,False,0.47554036231539104,1.0413692716650909,917,4438,False,False,False,False
7463,CSS_J083235.2-100450,EW,EW,False,False,0.3970676706240776,1.2182241964061862,3711,920,False,False,False,False
7464,CSS_J092514.7-065009,EW,EW,False,False,0.40744586913828473,1.0694661648315755,3026,3318,False,False,False,False
7465,CSS_J030124.9+323155,RRab,RRc,True,False,0.38908940109974044,1.1696647676832606,4407,1344,False,False,False,False
7466,CSS_J140253.9-032656,EW,EW,False,False,0.4265603490832391,1.1569559392259272,2143,1508,False,False,False,False
7467,CSS_J163915.6+075138,EW,EW,False,False,0.4180425504648845,1.171572934109653,2488,1326,False,False,False,False
7468,CSS_J091106.9+180638,EW,EW,False,False,0.4005142199307573,1.0226713714341495,3459,5357,False,False,False,False
7469,CSS_J162229.5+130736,RS CVn,RS CVn,False,True,0.44003830213681167,1.0304181980966216,1685,4960,False,False,False,False
7470,CSS_J225933.5+293935,RRc,RRc,False,False,0.4008147126514768,1.0321408805291103,3434,4871,False,False,False,False
7471,CSS_J095257.6-084212,EW,EW,False,False,0.42425485931394963,1.0528818892307146,2229,3930,False,False,False,False
7472,CSS_J225100.5+090956,EW,EW,False,False,0.42149935635218017,1.0482975680039572,2336,4124,False,False,False,False
7473,CSS_J034909.8+112234,EW,EW,False,False,0.3559317011993654,0.9885601906476797,7731,7396,False,False,False,False
7474,CSS_J045132.2+080326,EW,EW,False,False,0.39326163282453436,1.008904375172156,4012,6197,False,False,False,False
7475,CSS_J073916.7+530707,RRc,RRc,False,False,0.42796881242504914,0.9971095846357727,2076,6915,False,False,False,False
7476,CSS_J123645.5+132022,RRc,RRc,False,False,0.36287528911920436,0.9859461640603732,7139,7545,False,False,False,False
7477,CSS_J031851.7+262121,EW,EW,False,False,0.3835153692621711,0.9983048503118068,4925,6862,False,False,False,False
7478,CSS_J234406.3+255947,EW,EW,False,False,0.37741880677483264,1.0188515240603206,5540,5573,False,False,False,False
7479,CSS_J102424.0-164933,EW,EW,False,False,0.4422443470797807,1.2288273626181956,1618,847,False,False,False,False
7480,CSS_J222244.6+143926,EW,EW,False,False,0.4635112342908338,1.0299165030997672,1134,4974,False,False,False,False
7481,CSS_J021204.8+215645,EW,EW,False,False,0.37960563028433164,1.0483990978280002,5333,4116,False,False,False,False
7482,CSS_J162626.9+411231,RRc,RRc,False,False,0.37957609745259,1.0224576113766444,5336,5374,False,False,False,False
7483,CSS_J071933.3+304650,EW,EW,False,False,0.36207912717683044,1.0244176725280814,7222,5271,False,False,False,False
7484,CSS_J072021.3+515952,EA,EA,False,False,0.4342573806391559,1.0251953257871667,1876,5231,False,False,False,False
7485,CSS_J094603.3-060332,RRc,EW,True,False,0.37248161643154437,1.3431393489862535,6138,376,False,False,False,False
7486,CSS_J122426.6-121947,RRc,RRc,False,False,0.39766144765961153,1.3299279713668644,3668,409,False,False,False,False
7487,CSS_J212952.1+021900,EA,EA,False,False,0.44507649626456575,1.0829355863056922,1549,2913,False,False,False,False
7488,CSS_J162534.9+431106,EW,EW,False,False,0.3709130329014893,1.148575552680602,6310,1625,False,False,False,False
7489,CSS_J062704.8+601128,EW,EW,False,False,0.38743920437600343,1.2478531681666305,4544,739,False,False,False,False
7490,CSS_J172410.1+412706,EW,EW,False,False,0.35507122875565605,1.1034102682469864,7791,2410,False,False,False,False
7491,CSS_J084902.2-042215,EW,EW,False,False,0.40061042800870794,1.0123491097018844,3448,5962,False,False,False,False
7492,CSS_J043841.9-105016,EW,EW,False,False,0.3683693009214735,1.0003305511588072,6572,6744,False,False,False,False
7493,CSS_J091853.3+350532,EW,EW,False,False,0.3950832131889427,1.0062695929256171,3863,6363,False,False,False,False
7494,CSS_J225805.6-015059,RRc,RRc,False,False,0.3748966693134691,0.996032950992946,5847,6974,False,False,False,False
7495,CSS_J233832.5+005123,RRc,RRc,False,False,0.46568084929734266,1.017506200496237,1091,5666,False,False,False,False
7496,CSS_J172000.6+405129,EW,EW,False,False,0.3621518051881062,1.0172295286448287,7215,5685,False,False,False,False
7497,CSS_J120903.9+201050,EW,EW,False,False,0.5209763529347198,1.270205878349326,394,632,False,False,False,False
7498,CSS_J222806.8+212848,EW,EW,False,False,0.41384414616616055,1.0013142832545274,2687,6681,False,False,False,False
7499,CSS_J172310.5+220312,RS CVn,RS CVn,False,True,0.40083910559260627,1.0751129304902043,3433,3143,False,False,False,False
7500,CSS_J085031.9+582639,EW,EW,False,False,0.39249982239658965,1.0072970663690226,4096,6306,False,False,False,False
7501,CSS_J102540.2-121319,RRd,EW,True,True,0.3639532379760558,1.141603915170475,7034,1712,False,False,False,False
7502,CSS_J074058.1+335457,EW,EW,False,False,0.6569945552210434,1.3752821334224898,75,307,True,False,False,False
7503,CSS_J144006.0-172525,EW,EW,False,False,0.3576919846301031,1.0802301803770322,7607,2990,False,False,False,False
7504,CSS_J101638.3-034037,EW,EW,False,False,0.3968967967965596,1.0262457270879637,3722,5171,False,False,False,False
7505,CSS_J214958.6-105258,EW,EW,False,False,0.37147992794018597,1.0060931113790412,6245,6373,False,False,False,False
7506,CSS_J025651.3-075702,EW,EW,False,False,0.4461356150621355,1.0254140693514138,1515,5220,False,False,False,False
7507,CSS_J123357.8+031949,RRc,EW,True,False,0.3659150202441698,1.080902488623161,6828,2977,False,False,False,False
7508,CSS_J234602.2+360741,EW,EW,False,False,0.49940603886106294,1.294538881290587,563,535,False,False,False,False
7509,CSS_J174737.6+160839,EW,EW,False,False,0.4062018145034467,1.1398932424109605,3091,1735,False,False,False,False
7510,CSS_J152808.5+155854,RRc,RRc,False,False,0.3697416916726448,1.0510467592753074,6424,4017,False,False,False,False
7511,CSS_J102323.5+264856,RRd,RRd,False,True,0.3659115078302898,1.0125440547914217,6829,5945,False,False,False,False
7512,CSS_J034931.0+222725,EW,EW,False,False,0.43118275453764876,1.2452318658110222,1975,757,False,False,False,False
7513,CSS_J083456.5+330210,RS CVn,EW,True,True,0.41853562933234345,1.0747941180752771,2471,3157,False,False,False,False
7514,CSS_J123428.4+361307,EW,EW,False,False,0.37677666477489724,1.0987526082831685,5622,2529,False,False,False,False
7515,CSS_J135951.0+470636,EW,EW,False,False,0.4238820510829722,1.0144691641080599,2248,5837,False,False,False,False
7516,CSS_J001217.5+054653,EW,EW,False,False,0.35409313214415583,1.0436124422534712,7849,4343,False,False,False,False
7517,CSS_J205942.2+035706,RRab,RRab,False,False,0.4737437435619092,1.2044051274265912,944,1033,False,False,False,False
7518,CSS_J210144.3-160432,EW,EW,False,False,0.3934630722880601,1.0173221691579044,3994,5679,False,False,False,False
7519,CSS_J054212.6+011216,EW,EW,False,False,0.37537376970379094,0.9967760135750019,5777,6928,False,False,False,False
7520,CSS_J042547.0+212957,EW,EW,False,False,0.4080322852581694,1.0543750723081173,3000,3867,False,False,False,False
7521,CSS_J084006.8+501824,EW,EW,False,False,0.36665144346396883,0.9931126733619843,6746,7136,False,False,False,False
7522,CSS_J013029.0+445142,RRc,EW,True,False,0.39604646444866143,1.0023415957937125,3790,6622,False,False,False,False
7523,CSS_J053458.7-092828,LPV,LPV,False,False,0.76653319160702,1.1664713828665094,2,1390,True,False,False,False
7524,CSS_J122423.2+155707,EW,EW,False,False,0.3711311798328364,1.1094999482092733,6283,2278,False,False,False,False
7525,CSS_J161853.3+084432,EA,EA,False,False,0.4324048626884605,1.0215307226480839,1933,5423,False,False,False,False
7526,CSS_J130758.0+115153,RRc,RRc,False,False,0.4480372256337569,1.0083499797487998,1471,6236,False,False,False,False
7527,CSS_J210708.5-033922,EA,EA,False,False,0.4724094677260162,1.0119512921622762,970,5996,False,False,False,False
7528,CSS_J012743.2+130530,EW,EW,False,False,0.3909561278142085,1.0143112390309743,4234,5847,False,False,False,False
7529,CSS_J101811.4+174906,EA,EA,False,False,0.40093336612559977,0.9933051429361959,3427,7128,False,False,False,False
7530,CSS_J093350.2+114537,EW,EW,False,False,0.40397819261264256,1.1542319878067315,3234,1539,False,False,False,False
7531,CSS_J160802.5+125746,EW,EW,False,False,0.3901738745852071,1.0989752628550669,4313,2521,False,False,False,False
7532,CSS_J093247.9-153304,EW,RRc,True,False,0.39021765277003806,1.201135431707991,4307,1059,False,False,False,False
7533,CSS_J011409.4+330110,EW,EW,False,False,0.3943315910518268,1.0238036465533562,3921,5303,False,False,False,False
7534,CSS_J075240.7+150554,EW,EW,False,False,0.637209941304708,1.012133629787801,92,5978,True,False,False,False
7535,CSS_J015038.7-132155,RRc,RRab,True,False,0.37519040712956425,1.1002800560970567,5812,2493,False,False,False,False
7536,CSS_J234734.4+203331,EA,EA,False,False,0.47198330740936173,1.059563484687271,985,3671,False,False,False,False
7537,CSS_J111323.0-115947,RRc,RRc,False,False,0.3709127720734643,1.0634607295937824,6311,3532,False,False,False,False
7538,CSS_J161013.8+042112,RRab,RRab,False,False,0.37757539140079815,1.1044687832214581,5516,2387,False,False,False,False
7539,CSS_J232030.8+442310,EW,RRc,True,False,0.3744688479434762,0.9811673093299618,5909,7739,False,False,False,False
7540,CSS_J150438.4-022318,EA,EW,True,False,0.39143422513486853,1.0477572585367465,4192,4152,False,False,False,False
7541,CSS_J084405.7+581116,EW,EW,False,False,0.3757778323742895,1.0038584400133386,5730,6528,False,False,False,False
7542,CSS_J123742.0+215753,RRc,RRc,False,False,0.5025080072855246,1.1161517218522596,538,2152,False,False,False,False
7543,CSS_J103908.7+221633,EW,EW,False,False,0.36967248354147864,1.0578611933738766,6428,3732,False,False,False,False
7544,CSS_J050522.5+080025,EA,EA,False,False,0.41999012933299085,0.9965399266038691,2407,6949,False,False,False,False
7545,CSS_J074824.7+104309,RRab,RRab,False,False,0.44753337783596164,1.1692578472126758,1486,1351,False,False,False,False
7546,CSS_J030637.7+145222,EW,EW,False,False,0.35168880436169175,0.9895852220341019,7965,7340,False,False,False,False
7547,CSS_J030455.4+384305,EW,EW,False,False,0.40272455227197573,1.0079097435337772,3308,6261,False,False,False,False
7548,CSS_J210809.5-035348,EW,EW,False,False,0.3618529221991447,1.0796130536432673,7241,3015,False,False,False,False
7549,CSS_J105833.8-084600,EW,RRc,True,False,0.37688460136185714,1.017889136897018,5606,5641,False,False,False,False
7550,CSS_J213331.7+060333,EW,EW,False,False,0.3700955665614743,0.9944877438339967,6387,7071,False,False,False,False
7551,CSS_J144842.2+352650,EA,EA,False,False,0.4267206292395365,1.0865846991270758,2134,2818,False,False,False,False
7552,CSS_J095238.7-032230,EW,EW,False,False,0.41700646075192843,1.0714829289973766,2540,3245,False,False,False,False
7553,CSS_J163446.9-013003,LPV,LPV,False,False,0.7385575201758652,1.1038797695425475,19,2397,True,False,False,False
7554,CSS_J073702.1+220154,EA,EA,False,False,0.44496527121583507,1.0422572752215982,1557,4406,False,False,False,False
7555,CSS_J053836.0-144047,EW,EW,False,False,0.40332604653421383,0.9888846432839455,3265,7381,False,False,False,False
7556,CSS_J231646.4+270019,EW,EW,False,False,0.48594767011800444,1.1114767039156057,744,2243,False,False,False,False
7557,CSS_J172715.5+460850,EW,EW,False,False,0.3748973004334453,1.1338664441195347,5846,1834,False,False,False,False
7558,CSS_J082436.5+155633,EW,EW,False,False,0.3863294989513002,0.9969402588290641,4645,6919,False,False,False,False
7559,CSS_J042240.2+061202,EW,EW,False,False,0.4281733479540877,1.1728923134446052,2069,1308,False,False,False,False
7560,CSS_J224948.9+075844,EA,EW,True,False,0.4253837146201176,1.0271789091545234,2187,5124,False,False,False,False
7561,CSS_J095144.1-121132,EW,EA,True,False,0.49569122005530253,1.0796482728956338,606,3011,False,False,False,False
7562,CSS_J161741.8-044805,RRd,EW,True,True,0.3802691667400801,1.0408728355770571,5261,4455,False,False,False,False
7563,CSS_J093206.9+043302,EW,EW,False,False,0.4483491320076439,1.225249938950125,1462,868,False,False,False,False
7564,CSS_J164051.0+014622,EW,EW,False,False,0.36430725385245755,1.082416304472511,6990,2926,False,False,False,False
7565,CSS_J044240.5+302008,EW,EW,False,False,0.3898102025794061,1.0027773482200255,4343,6590,False,False,False,False
7566,CSS_J162128.0+061226,EW,EW,False,False,0.3551398047145405,0.9867030358743257,7788,7502,False,False,False,False
7567,CSS_J153228.5+190308,EW,EW,False,False,0.37220207805351785,1.0083130830456382,6178,6239,False,False,False,False
7568,CSS_J134451.7+072628,RRc,EW,True,False,0.4954546360798055,1.1683018313682545,609,1364,False,False,False,False
7569,CSS_J082924.8+511046,EW,EW,False,False,0.35152587563782545,0.9744389614509634,7970,7894,False,False,False,False
7570,CSS_J052225.5-033143,RRc,EW,True,False,0.38824479267998857,1.0245850602257793,4478,5260,False,False,False,False
7571,CSS_J221422.3+130539,EW,EW,False,False,0.36991727733568525,0.9756194509859238,6406,7870,False,False,False,False
7572,CSS_J233506.0+410610,RRab,RRab,False,False,0.44729595479235507,1.2944705055630548,1488,536,False,False,False,False
7573,CSS_J220910.4+022323,RS CVn,EW,True,True,0.4207526522596549,1.0374743939661228,2373,4610,False,False,False,False
7574,CSS_J160059.5+361256,EA,EA,False,False,0.5102361198473511,1.073017150407662,462,3206,False,False,False,False
7575,CSS_J035605.2+233701,EW,EW,False,False,0.4154609836147668,0.9797598981612288,2610,7782,False,False,False,False
7576,CSS_J052734.1+013034,EW,EW,False,False,0.3782704673825688,1.1627776544039252,5449,1442,False,False,False,False
7577,CSS_J155651.5+202650,RRc,EW,True,False,0.3886880160014957,1.1230177776405814,4442,2012,False,False,False,False
7578,CSS_J105756.3-091830,EW,EW,False,False,0.36807564738518683,1.0319663818766212,6603,4884,False,False,False,False
7579,CSS_J154220.4+402931,EW,EW,False,False,0.41038377997087727,1.020504551190045,2875,5482,False,False,False,False
7580,CSS_J141812.1+015643,EW,EW,False,False,0.3785249505430714,1.2036955219069752,5421,1041,False,False,False,False
7581,CSS_J171618.1+195018,EW,EW,False,False,0.37483456837554363,0.9955262442675291,5858,7004,False,False,False,False
7582,CSS_J143935.5+154421,EW,EW,False,False,0.4172019887230051,1.315208148529277,2528,450,False,False,False,False
7583,CSS_J135543.2-160639,EW,EW,False,False,0.3915078716908849,1.3292089060240382,4186,411,False,False,False,False
7584,CSS_J023636.3+255739,EW,EW,False,False,0.39606003415776736,1.0497199754248634,3785,4069,False,False,False,False
7585,CSS_J184022.4+470712,RRc,RRc,False,False,0.39994726400214786,1.0698014621010703,3504,3306,False,False,False,False
7586,CSS_J175934.8+433321,EW,RRc,True,False,0.37860465620599415,1.023118898810721,5417,5330,False,False,False,False
7587,CSS_J091136.4+365614,EW,EW,False,False,0.3996707307900931,1.0916727434729439,3524,2684,False,False,False,False
7588,CSS_J221251.7+172016,EW,EW,False,False,0.4188679335208859,1.0834007297894281,2451,2897,False,False,False,False
7589,CSS_J165128.2+163809,RRc,RRc,False,False,0.3840923949300149,0.9916759370605499,4854,7223,False,False,False,False
7590,CSS_J171538.0+090552,LPV,LPV,False,False,0.7607581323003633,1.1307440342915844,7,1883,True,False,False,False
7591,CSS_J174744.4+485438,EW,EW,False,False,0.39262798822995043,1.0545748094600875,4077,3854,False,False,False,False
7592,CSS_J082519.0-051750,EW,EW,False,False,0.3741417389159423,1.0420419801240492,5948,4418,False,False,False,False
7593,CSS_J115526.8+254904,EA,EA,False,False,0.4472058490309177,1.0270370857146505,1490,5132,False,False,False,False
7594,CSS_J223658.1+164106,EW,EW,False,False,0.4387072676476305,1.1410815704548167,1725,1714,False,False,False,False
7595,CSS_J032346.7+331919,EA,EA,False,False,0.5874230838054187,1.260075529063709,160,684,True,False,False,False
7596,CSS_J173135.5+061805,EW,EW,False,False,0.4086873503935231,1.1715757348880387,2961,1325,False,False,False,False
7597,CSS_J104306.7+152631,EW,EW,False,False,0.3809959232320532,1.4239816968568317,5194,225,False,False,False,False
7598,CSS_J173019.6+291607,EW,EW,False,False,0.3657413376686526,0.9985289341103203,6845,6846,False,False,False,False
7599,CSS_J221413.1+172645,EW,EW,False,False,0.3793875305490494,0.9735742668499607,5361,7914,False,False,False,False
7600,CSS_J133915.7-105458,RRc,EW,True,False,0.44872755742685144,1.1500035054657867,1451,1600,False,False,False,False
7601,CSS_J075611.5+054258,EW,EW,False,False,0.3696293355741994,1.086631064436003,6437,2816,False,False,False,False
7602,CSS_J025426.8+293045,EW,EW,False,False,0.4421135491001735,1.0419327666521938,1620,4420,False,False,False,False
7603,CSS_J091755.3+394025,EW,EW,False,False,0.38216047911371487,1.1616333659545661,5049,1453,False,False,False,False
7604,CSS_J071404.7+443843,EA,EA,False,False,0.5544010906246877,1.0277008708282112,237,5095,False,False,False,False
7605,CSS_J070535.2+431152,EW,EW,False,False,0.370066807785777,0.9849191530120602,6392,7595,False,False,False,False
7606,CSS_J051729.2+083846,EW,EW,False,False,0.37063890005081734,0.9740137656485384,6335,7905,False,False,False,False
7607,CSS_J031209.5+264902,EW,EW,False,False,0.3700035920440176,1.031715401509459,6396,4895,False,False,False,False
7608,CSS_J174840.3+634447,RRab,RRab,False,False,0.4281337374083412,0.9783316618650625,2072,7825,False,False,False,False
7609,CSS_J111644.9+235928,RRc,RRc,False,False,0.3741633653669844,1.0196793787656349,5943,5523,False,False,False,False
7610,CSS_J110237.3+031909,EW,EW,False,False,0.3597762629431199,1.0171115194457028,7446,5688,False,False,False,False
7611,CSS_J135516.9+470111,RRab,RRab,False,False,0.46370324191955037,1.2367028160222338,1131,793,False,False,False,False
7612,CSS_J021902.9+265350,EW,EW,False,False,0.48721388486791245,1.1608147981947474,720,1466,False,False,False,False
7613,CSS_J171639.4+251404,EW,EW,False,False,0.38354515910991893,1.0750805159465195,4920,3145,False,False,False,False
7614,CSS_J042840.7-042207,EW,EA,True,False,0.45559774602406694,1.0181196174197018,1309,5621,False,False,False,False
7615,CSS_J053341.0-031328,EW,EW,False,False,0.3681116060717844,1.0664999113012008,6602,3432,False,False,False,False
7616,CSS_J140745.3-130430,RRc,RRc,False,False,0.4357607137572608,1.1758386345220344,1825,1275,False,False,False,False
7617,CSS_J070635.6+425758,EW,EW,False,False,0.4321744653669673,1.0890866192997881,1940,2751,False,False,False,False
7618,CSS_J161807.6+314831,EW,EW,False,False,0.3881794310187574,1.0106945841118262,4484,6080,False,False,False,False
7619,CSS_J082655.3+272214,EW,EW,False,False,0.37174259630187023,1.185804646807744,6223,1180,False,False,False,False
7620,CSS_J221728.5-093701,EW,EW,False,False,0.37646305940251384,1.1726327620076924,5653,1312,False,False,False,False
7621,CSS_J034243.4+381719,EW,EW,False,False,0.3763312177184601,1.1867737813290797,5669,1169,False,False,False,False
7622,CSS_J100758.8-052155,RRc,RRc,False,False,0.4026684104149503,1.0846169545589779,3314,2871,False,False,False,False
7623,CSS_J161707.3+213134,EW,EW,False,False,0.37768249921292607,0.9831558454703359,5503,7671,False,False,False,False
7624,CSS_J010935.8+245410,EW,EW,False,False,0.3803353568490414,1.0029426679769222,5254,6581,False,False,False,False
7625,CSS_J210152.7+065259,EW,EW,False,False,0.36572295062136,1.0170760693076857,6848,5691,False,False,False,False
7626,CSS_J205911.9-112242,EW,EW,False,False,0.3660638746492082,1.008917672961847,6809,6195,False,False,False,False
7627,CSS_J014050.8-134326,EW,EW,False,False,0.3618814408822305,1.0012389364819334,7239,6685,False,False,False,False
7628,CSS_J033818.6+180648,EW,EW,False,False,0.44592910620124065,1.2277920343997626,1522,853,False,False,False,False
7629,CSS_J011745.6+102718,RRc,EW,True,False,0.36671637447873173,1.1606386011013274,6744,1469,False,False,False,False
7630,CSS_J233640.7+231807,EW,EW,False,False,0.3521285857737986,0.9868624487579682,7955,7495,False,False,False,False
7631,CSS_J001510.0+332157,EW,EW,False,False,0.4506233776942397,1.2551348836815106,1404,707,False,False,False,False
7632,CSS_J003654.3+105917,EA,EA,False,False,0.4238905026914736,0.9840491530549018,2247,7628,False,False,False,False
7633,CSS_J072032.8+655559,EW,EW,False,False,0.36431452446774654,1.0217868488901423,6987,5404,False,False,False,False
7634,CSS_J043626.6+370326,EW,EW,False,False,0.3907812880036799,1.016774314227932,4245,5705,False,False,False,False
7635,CSS_J053009.1+043733,EW,EW,False,False,0.4310987800012876,1.0909488656630624,1980,2699,False,False,False,False
7636,CSS_J035401.6+351131,EW,EW,False,False,0.38130643952067705,1.3157692211887866,5151,446,False,False,False,False
7637,CSS_J170211.1+175334,EW,EW,False,False,0.42675655057548423,1.2287623291023198,2130,848,False,False,False,False
7638,CSS_J030201.5+305954,RS CVn,EW,True,True,0.38792536935931543,1.1225101923164482,4507,2019,False,False,False,False
7639,CSS_J232556.1+414306,LPV,LPV,False,False,0.5615111092861491,1.0158576153264627,224,5747,False,False,False,False
7640,CSS_J164411.6-051736,EW,EW,False,False,0.3545596968234205,1.0906980709759266,7820,2703,False,False,False,False
7641,CSS_J180416.0+341051,EW,EW,False,False,0.4261840820117178,0.9749924454122899,2158,7882,False,False,False,False
7642,CSS_J084655.1+265010,EW,EW,False,False,0.3822605010107117,1.0582637700068562,5040,3721,False,False,False,False
7643,CSS_J222206.7+220848,LPV,LPV,False,False,0.7518794306083871,0.9856889281154689,11,7556,True,False,False,False
7644,CSS_J050000.6+155731,EW,EW,False,False,0.3748506837837099,1.0329328609695478,5855,4826,False,False,False,False
7645,CSS_J090058.9-125705,EW,EW,False,False,0.38751182556380864,1.112038237630475,4536,2230,False,False,False,False
7646,CSS_J164746.0+144525,EW,EW,False,False,0.4294314812482983,1.1502447044528377,2021,1593,False,False,False,False
7647,CSS_J010653.4+353001,RS CVn,EW,True,True,0.3997946312526318,1.245232478571723,3517,756,False,False,False,False
7648,CSS_J005333.3+145615,EW,EW,False,False,0.37981180534341535,1.0147393904971447,5310,5819,False,False,False,False
7649,CSS_J124237.4+380108,EA,EW,True,False,0.3854462149968319,0.9884869234235275,4721,7400,False,False,False,False
7650,CSS_J231118.6-172113,RRab,RRab,False,False,0.43144806827454235,1.010210414704634,1963,6104,False,False,False,False
7651,CSS_J062015.1-091435,RRc,EW,True,False,0.35930725899705773,1.2974585774890557,7491,523,False,False,False,False
7652,CSS_J050334.3-063825,EW,EW,False,False,0.35090226200283486,0.9892002688919245,7985,7368,False,False,False,False
7653,CSS_J002727.7+365008,EW,EW,False,False,0.37601988831058836,1.0311284756110735,5703,4922,False,False,False,False
7654,CSS_J024135.0+364921,EW,EW,False,False,0.4026791426156644,1.0541288698802795,3312,3879,False,False,False,False
7655,CSS_J154125.3+155813,EA,EA,False,False,0.4840323347650138,1.210815902193325,769,976,False,False,False,False
7656,CSS_J045741.4-015347,RS CVn,RS CVn,False,True,0.3964831564896796,1.3202922736324445,3751,435,False,False,False,False
7657,CSS_J180125.0+371751,EW,EW,False,False,0.41781915522332036,1.264130480790334,2499,661,False,False,False,False
7658,CSS_J221127.7-052301,EA,EW,True,False,0.40136722052242346,1.0324435926431565,3394,4854,False,False,False,False
7659,CSS_J072018.6+345751,EW,EW,False,False,0.39456604845038246,1.0424749332806653,3904,4398,False,False,False,False
7660,CSS_J112401.9-085130,RRd,EW,True,True,0.4237508572818399,1.1839025496155633,2252,1200,False,False,False,False
7661,CSS_J210642.5+041605,RRc,EW,True,False,0.36948337475372384,0.991085579416454,6454,7264,False,False,False,False
7662,CSS_J142204.1+342249,EW,EW,False,False,0.3719129290617798,0.9915363905152981,6209,7235,False,False,False,False
7663,CSS_J020448.4+011051,EW,EW,False,False,0.4096742907140676,1.394424868391717,2910,267,False,False,False,False
7664,CSS_J034618.4+092952,RRab,RRab,False,False,0.525824478367207,1.1193186291164177,369,2092,False,False,False,False
7665,CSS_J021911.0+402916,RRd,EW,True,True,0.40215973005919664,0.9859659068118912,3342,7543,False,False,False,False
7666,CSS_J055914.0+041039,EA,EA,False,False,0.49057024333849175,1.0676862143797206,674,3378,False,False,False,False
7667,CSS_J031142.9+204242,EW,EW,False,False,0.3514183565260182,1.0039612752386913,7976,6519,False,False,False,False
7668,CSS_J014803.2+134246,EW,EW,False,False,0.44499825520503566,1.0139315854515578,1553,5867,False,False,False,False
7669,CSS_J084645.9+614345,RRc,RRc,False,False,0.3853594020949925,1.0027945092756763,4731,6589,False,False,False,False
7670,CSS_J075710.6+390142,EW,EW,False,False,0.40027231630914656,1.0572171204521859,3479,3760,False,False,False,False
7671,CSS_J031350.0+192448,RRc,EW,True,False,0.3876002952861791,0.9825455701985456,4526,7694,False,False,False,False
7672,CSS_J050840.9+011309,EW,EW,False,False,0.4148595623482364,1.0116973940140324,2635,6010,False,False,False,False
7673,CSS_J161134.3+471612,EW,EW,False,False,0.43217164284151793,1.0556858758767358,1941,3809,False,False,False,False
7674,CSS_J102816.9+100325,EA,EW,True,False,0.3929443340439199,0.9876944649095891,4043,7441,False,False,False,False
7675,CSS_J030411.2+352900,EW,EW,False,False,0.39053142149202286,0.9853307410239586,4273,7575,False,False,False,False
7676,CSS_J090837.7+301534,EW,EW,False,False,0.3817494987076501,1.0436112781204707,5102,4344,False,False,False,False
7677,CSS_J055817.2-132423,EW,EW,False,False,0.35557364897641325,0.9895260697004457,7756,7346,False,False,False,False
7678,CSS_J145525.2-094117,RRd,LPV,True,True,0.4679515668704241,1.1461722807832349,1053,1654,False,False,False,False
7679,CSS_J224952.0+305055,EW,EW,False,False,0.45821671163331873,1.2828733304187363,1248,578,False,False,False,False
7680,CSS_J232038.9+224831,EW,EW,False,False,0.3967539071318055,1.0309972208901903,3729,4925,False,False,False,False
7681,CSS_J214139.8+185508,EW,EW,False,False,0.4586404656978846,1.2607629273302303,1233,679,False,False,False,False
7682,CSS_J025114.1+100320,RRc,RRc,False,False,0.3721924055167918,0.9918196368674959,6179,7215,False,False,False,False
7683,CSS_J025939.5+360857,EW,EW,False,False,0.39156026821125384,1.060651567510094,4180,3631,False,False,False,False
7684,CSS_J041836.7+015110,EW,EW,False,False,0.3692281129308646,1.0446467218175162,6481,4301,False,False,False,False
7685,CSS_J102008.0-095827,EW,EW,False,False,0.3643114992296439,1.2280385933877498,6989,850,False,False,False,False
7686,CSS_J081507.5+040655,EW,EW,False,False,0.4496914231717931,1.029188101254534,1422,5009,False,False,False,False
7687,CSS_J072506.3+411054,EA,EA,False,False,0.47551437686017217,1.0544840673067577,918,3859,False,False,False,False
7688,CSS_J001531.7-084634,EW,EW,False,False,0.3833821429002385,1.079302598308937,4937,3026,False,False,False,False
7689,CSS_J171747.2+150125,EW,EW,False,False,0.37521742667552094,1.3971984917689129,5810,263,False,False,False,False
7690,CSS_J173002.6+100322,EA,EW,True,False,0.42605962659756924,1.0260785153273657,2166,5182,False,False,False,False
7691,CSS_J160450.1+520159,EA,EA,False,False,0.7008348007244277,2.0512748710843622,40,15,True,True,True,True
7692,CSS_J140106.0-145309,EW,EW,False,False,0.38730229811335753,1.1938935650112978,4556,1107,False,False,False,False
7693,CSS_J090804.5+321154,EW,EW,False,False,0.3929003951337381,1.0094827259106178,4054,6153,False,False,False,False
7694,CSS_J112349.6-125648,RRab,RRab,False,False,0.4120260108486198,1.0211844178782807,2793,5447,False,False,False,False
7695,CSS_J163710.4+561702,EW,EW,False,False,0.4128928787302518,1.2634760867128776,2751,667,False,False,False,False
7696,CSS_J112533.3-110615,EW,EW,False,False,0.38163818030014895,1.0906825872123975,5114,2704,False,False,False,False
7697,CSS_J104011.7-022408,RS CVn,EW,True,True,0.3740026354262736,1.1108903386693951,5959,2252,False,False,False,False
7698,CSS_J133730.1+104648,EW,EW,False,False,0.4091760294280606,1.15511075019288,2934,1530,False,False,False,False
7699,CSS_J163007.4+012512,EW,EW,False,False,0.43837898771289124,1.027416400610704,1739,5105,False,False,False,False
7700,CSS_J120118.9-072633,EW,EW,False,False,0.36545377320063904,0.9913682976510388,6889,7248,False,False,False,False
7701,CSS_J163238.3-024553,EW,EW,False,False,0.38385460914838876,0.9889117272731689,4892,7378,False,False,False,False
7702,CSS_J014209.2+130413,EW,EW,False,False,0.3783800004530945,0.9736301222143485,5432,7912,False,False,False,False
7703,CSS_J064903.8+370332,EW,EW,False,False,0.39170872059784073,1.0006912344980514,4169,6725,False,False,False,False
7704,CSS_J052316.7+161748,EW,EW,False,False,0.3644504541596637,0.9922210616657994,6979,7189,False,False,False,False
7705,CSS_J033122.1+363124,EW,EW,False,False,0.4550352533240209,1.0795815701958378,1318,3016,False,False,False,False
7706,CSS_J230102.9+154115,EA,EA,False,False,0.42699783764833676,0.9953287948307791,2114,7015,False,False,False,False
7707,CSS_J054623.4+013155,EW,EW,False,False,0.3934990590871181,1.0666976307478055,3991,3420,False,False,False,False
7708,CSS_J212601.4+123056,EW,EW,False,False,0.3737297601540391,1.0139860178249362,5988,5861,False,False,False,False
7709,CSS_J091446.2+173114,EW,EW,False,False,0.3707286698568453,1.0060572002731223,6326,6376,False,False,False,False
7710,CSS_J125917.6-122915,RRc,RRc,False,False,0.3791806637833577,1.3781783631920388,5376,301,False,False,False,False
7711,CSS_J040036.3-190207,EW,RRc,True,False,0.44084604499306485,1.025854636705822,1654,5194,False,False,False,False
7712,CSS_J024548.0-165226,RRc,RRc,False,False,0.4176632730150115,1.086703789185624,2505,2813,False,False,False,False
7713,CSS_J055949.9-191055,EW,EW,False,False,0.3523758995643738,0.991035664086176,7946,7267,False,False,False,False
7714,CSS_J171503.6+155722,RS CVn,EW,True,True,0.4237236215450041,1.051105160688673,2253,4013,False,False,False,False
7715,CSS_J125209.1+294938,EA,EA,False,False,0.42233359195728387,1.0439200640355681,2304,4328,False,False,False,False
7716,CSS_J073635.7+361137,EA,EA,False,False,0.6093004845273753,1.1317537809810108,114,1869,True,False,False,False
7717,CSS_J161802.3-040053,RRab,RRab,False,False,0.3950116873056661,1.0947864781121097,3867,2606,False,False,False,False
7718,CSS_J204330.6-163216,EA,EA,False,False,0.4704586540006946,1.0202469388787834,1006,5497,False,False,False,False
7719,CSS_J030731.7+292618,EW,EW,False,False,0.4079585319010759,1.0369656302430612,3002,4635,False,False,False,False
7720,CSS_J100005.5+355119,RS CVn,EW,True,True,0.35537076203020895,1.092370349285985,7774,2666,False,False,False,False
7721,CSS_J035235.5+371654,EW,EW,False,False,0.3611479970293024,1.0000019941839073,7307,6766,False,False,False,False
7722,CSS_J005336.6+350702,EW,EW,False,False,0.39682013969483604,1.1478025979654098,3725,1634,False,False,False,False
7723,CSS_J012014.3+154942,EW,EW,False,False,0.3579523490318268,0.9989789059605119,7591,6817,False,False,False,False
7724,CSS_J040242.1-042455,EW,EW,False,False,0.37730689136937895,1.041904758090519,5554,4423,False,False,False,False
7725,CSS_J172835.5+085504,RRc,RRc,False,False,0.3874874957367635,1.1227995535635829,4537,2014,False,False,False,False
7726,CSS_J161022.7+214826,RRc,RRd,True,False,0.3688058983563445,1.01643973267084,6520,5727,False,False,False,False
7727,CSS_J022253.3+321729,EA,EA,False,False,0.4877304774955426,1.033866615927885,709,4785,False,False,False,False
7728,CSS_J213830.8+153052,EW,EW,False,False,0.378689568464188,0.981252140644725,5409,7738,False,False,False,False
7729,CSS_J044651.8+022955,EA,EA,False,False,0.48934691252923784,1.1029625033573063,690,2419,False,False,False,False
7730,CSS_J151113.8-172630,EW,EW,False,False,0.4070728915593445,1.1507796787779008,3041,1586,False,False,False,False
7731,CSS_J015203.6+365712,EW,EW,False,False,0.39770709168146745,1.387621238380563,3664,282,False,False,False,False
7732,CSS_J131131.8+073916,RRc,RRc,False,False,0.42316679647441197,1.059577839767428,2274,3670,False,False,False,False
7733,CSS_J212942.3+043629,EW,EW,False,False,0.42686949715651756,1.040208824340399,2123,4486,False,False,False,False
7734,CSS_J080147.9+335333,EA,EA,False,False,0.5316724081543668,1.0756070581158994,339,3133,False,False,False,False
7735,CSS_J043219.1+103910,EW,EW,False,False,0.37756150289819895,1.0753304668380657,5520,3139,False,False,False,False
7736,CSS_J213727.0-092148,EW,EW,False,False,0.3990998403834152,1.020581260922126,3567,5477,False,False,False,False
7737,CSS_J211950.0-182448,EW,EW,False,False,0.38342756643128934,1.0022687354120081,4932,6628,False,False,False,False
7738,CSS_J113218.4+173039,EW,EW,False,False,0.38100142165485684,0.9892231450594051,5193,7367,False,False,False,False
7739,CSS_J212621.0-091624,RS CVn,RS CVn,False,True,0.6757291816410539,1.1750836402896743,58,1284,True,False,False,False
7740,CSS_J022410.9+013059,EW,EW,False,False,0.39599877129780797,1.0295114891575259,3794,4988,False,False,False,False
7741,CSS_J085643.9+071032,EW,EW,False,False,0.39206671212217403,1.0827687309078093,4134,2918,False,False,False,False
7742,CSS_J080418.2+143507,EW,EW,False,False,0.39126393719104363,1.0239419323361862,4212,5296,False,False,False,False
7743,CSS_J170052.3+121419,EW,EW,False,False,0.4159064481999594,1.4800555264818123,2590,159,False,True,False,False
7744,CSS_J060306.4-033206,EA,EA,False,False,0.47916014200688833,1.0135394789448307,846,5890,False,False,False,False
7745,CSS_J080447.7+035806,EA,EA,False,False,0.4161649442815451,1.045613399691173,2574,4249,False,False,False,False
7746,CSS_J212431.2-080130,EW,EW,False,False,0.4933627116990692,1.3770501625683176,636,303,False,False,False,False
7747,CSS_J123353.8-080738,EW,EW,False,False,0.39532245552708584,1.1929390121715275,3843,1113,False,False,False,False
7748,CSS_J223504.5+243353,EW,EW,False,False,0.36053133841148627,0.9805586770999272,7373,7755,False,False,False,False
7749,CSS_J033012.2+052238,EW,EW,False,False,0.4333903269566723,1.1272050275272012,1902,1943,False,False,False,False
7750,CSS_J214809.7-120100,EW,EW,False,False,0.37535873838507194,1.0445562402848083,5781,4305,False,False,False,False
7751,CSS_J215905.4+205224,RRc,EW,True,False,0.4134465481974027,1.226792388131452,2712,856,False,False,False,False
7752,CSS_J141226.4-032751,RRab,RRab,False,False,0.48283110314766137,1.0732316942504432,793,3201,False,False,False,False
7753,CSS_J164647.6+405117,RRc,RRc,False,False,0.36774594883074097,1.0297266975957085,6638,4980,False,False,False,False
7754,CSS_J044749.0+124226,EW,EW,False,False,0.407680078434264,1.0097795969453935,3012,6129,False,False,False,False
7755,CSS_J110500.8-092814,EW,EW,False,False,0.4144277897198439,1.1571402862031808,2661,1507,False,False,False,False
7756,CSS_J093250.9-022720,EW,EW,False,False,0.38999799509968897,1.043691518361704,4328,4337,False,False,False,False
7757,CSS_J094635.2+585539,EW,EW,False,False,0.42364536930641844,1.1003200767020682,2260,2491,False,False,False,False
7758,CSS_J204408.0-022627,EW,EW,False,False,0.3627149636321274,1.0393660319670102,7155,4523,False,False,False,False
7759,CSS_J174118.5+221940,EW,EW,False,False,0.4169841979577168,1.0781270287681362,2542,3060,False,False,False,False
7760,CSS_J051753.4+051640,EW,RRc,True,False,0.3875398615332894,1.0578151881647972,4531,3736,False,False,False,False
7761,CSS_J035658.2+295950,EW,EW,False,False,0.44642898041354945,1.5560924504129081,1508,94,False,True,False,False
7762,CSS_J122634.4-142720,EW,EW,False,False,0.39411320685209655,1.1479807773159652,3939,1632,False,False,False,False
7763,CSS_J024329.0+360645,EW,EA,True,False,0.501569688979553,1.037272235754203,545,4619,False,False,False,False
7764,CSS_J081433.2-013206,EW,EW,False,False,0.3654527237984535,0.9799086952787324,6890,7774,False,False,False,False
7765,CSS_J012110.7+164138,EW,EW,False,False,0.35630520384220743,0.9971862379218106,7712,6912,False,False,False,False
7766,CSS_J234527.6+115404,EW,EW,False,False,0.3929046414262753,1.0829277837558913,4051,2914,False,False,False,False
7767,CSS_J221146.3+100200,EW,EW,False,False,0.38209949018984435,1.033769222369163,5055,4789,False,False,False,False
7768,CSS_J221120.7+132121,EW,EW,False,False,0.35584396656558404,1.030941967521272,7741,4928,False,False,False,False
7769,CSS_J084224.7+522451,EW,EW,False,False,0.3734575188481792,1.034334010122833,6024,4758,False,False,False,False
7770,CSS_J044459.7+201322,EW,EW,False,False,0.4721091215446849,1.2980586889706938,979,522,False,False,False,False
7771,CSS_J165609.7+424219,EW,EW,False,False,0.36934825211131955,1.2805893648310458,6468,586,False,False,False,False
7772,CSS_J143312.8+501622,EW,EW,False,False,0.38652005427603087,0.9907907824109122,4622,7272,False,False,False,False
7773,CSS_J155107.6+261911,EW,EW,False,False,0.4138903689328062,1.5580563549209632,2684,93,False,True,False,False
7774,CSS_J222430.3+100153,EW,EW,False,False,0.4368292450658164,1.039467040664183,1795,4518,False,False,False,False
7775,CSS_J105241.9-090858,RRc,EW,True,False,0.4285295376016804,1.1852922940779125,2053,1187,False,False,False,False
7776,CSS_J141218.4+030448,RRc,RRc,False,False,0.3696214929004608,0.9912119661438842,6438,7257,False,False,False,False
7777,CSS_J100857.8+012430,EW,EW,False,False,0.37533292399776425,1.060770917366426,5785,3627,False,False,False,False
7778,CSS_J075749.0+461624,EW,EW,False,False,0.39077524367573185,1.0459847646072893,4247,4235,False,False,False,False
7779,CSS_J163640.3+071056,EW,EW,False,False,0.3605298591021699,1.0323701063207813,7374,4859,False,False,False,False
7780,CSS_J180318.9+394011,EW,EW,False,False,0.3691829346426771,1.0216064034366015,6485,5413,False,False,False,False
7781,CSS_J121309.2+064431,RRc,RRab,True,False,0.42693293284929634,1.0614271711111383,2119,3606,False,False,False,False
7782,CSS_J235734.2+272344,EW,EW,False,False,0.36178470475992713,1.0149440081281025,7245,5801,False,False,False,False
7783,CSS_J043406.2+295317,EW,EW,False,False,0.40586808293104243,1.0183456376900055,3109,5604,False,False,False,False
7784,CSS_J073712.8+505845,EW,EW,False,False,0.3646174669003544,0.9822084425448594,6962,7706,False,False,False,False
7785,CSS_J202342.3-143151,EA,EW,True,False,0.47878825694664745,1.3219020907735863,858,430,False,False,False,False
7786,CSS_J052716.2+092852,EW,EW,False,False,0.4075017783753217,1.1709357964474525,3021,1331,False,False,False,False
7787,CSS_J005949.9+303154,EW,EW,False,False,0.35960359588744395,1.00521056671121,7465,6440,False,False,False,False
7788,CSS_J074909.7+500153,RRc,RRc,False,False,0.38714892079001234,1.0180463350166031,4570,5626,False,False,False,False
7789,CSS_J142259.4+245025,EW,EW,False,False,0.3538111259689007,1.007421963220717,7865,6291,False,False,False,False
7790,CSS_J142642.5-132337,EW,EW,False,False,0.3814343708216946,1.0389503863840988,5131,4539,False,False,False,False
7791,CSS_J172053.0+075002,EW,EW,False,False,0.40506184667535533,1.0364950629933505,3158,4653,False,False,False,False
7792,CSS_J175152.3+482556,EW,EW,False,False,0.38282911676054693,1.000929697855185,4982,6708,False,False,False,False
7793,CSS_J052304.5+113704,EW,EW,False,False,0.36003276193617056,1.1780685063146923,7417,1256,False,False,False,False
7794,CSS_J074256.5+500846,EW,EW,False,False,0.5397397169275852,1.1185495881084686,307,2104,False,False,False,False
7795,CSS_J224931.9+314743,EW,EW,False,False,0.46399942714701026,1.2891133737156324,1121,560,False,False,False,False
7796,CSS_J211636.2+093034,RRc,RRc,False,False,0.3664974823367755,1.1209562570945368,6767,2056,False,False,False,False
7797,CSS_J152928.2-130607,RRab,RRab,False,False,0.45037017526796297,1.018463482746497,1410,5594,False,False,False,False
7798,CSS_J153537.9-033330,LPV,EW,True,False,0.46125185492159015,1.3017909558546639,1176,502,False,False,False,False
7799,CSS_J231337.3+302214,EA,EA,False,False,0.48207663984749316,1.0903716841962017,803,2712,False,False,False,False
7800,CSS_J140935.5+000302,RRab,RRab,False,False,0.4697821984550972,1.03373569314838,1018,4792,False,False,False,False
7801,CSS_J211018.2+163412,RRab,RRab,False,False,0.5300074619047044,1.1596051401203167,346,1481,False,False,False,False
7802,CSS_J083907.1-040753,EW,EW,False,False,0.3774142122596872,0.9984441868389403,5541,6855,False,False,False,False
7803,CSS_J153547.0+010845,EW,EW,False,False,0.36709452829142003,1.0372184610443296,6705,4625,False,False,False,False
7804,CSS_J083247.3+105306,RS CVn,RS CVn,False,True,0.4425964450098038,1.0117115742003877,1607,6009,False,False,False,False
7805,CSS_J042436.2+000621,EW,EW,False,False,0.3951984897509753,1.0593794624454607,3849,3678,False,False,False,False
7806,CSS_J051738.6-094757,EW,EW,False,False,0.4228463215209848,1.7427325628678034,2283,41,False,True,False,False
7807,CSS_J164820.2+000707,RRc,EW,True,False,0.39414181379070323,1.0290113583704488,3937,5017,False,False,False,False
7808,CSS_J082324.1+241532,EW,EW,False,False,0.4235609546444793,1.0572258234482614,2265,3759,False,False,False,False
7809,CSS_J203000.3-054035,EW,EW,False,False,0.3808650704619266,1.0334365622825152,5207,4803,False,False,False,False
7810,CSS_J040432.0+073357,EW,EW,False,False,0.39751202499534727,1.0483867203771597,3679,4118,False,False,False,False
7811,CSS_J042618.9+064523,EA,EW,True,False,0.404581616946497,1.004823439161215,3196,6464,False,False,False,False
7812,CSS_J172129.5+315302,EW,RS CVn,True,False,0.4434204331492575,1.1259314156560343,1580,1966,False,False,False,False
7813,CSS_J014945.6+300514,EW,EW,False,False,0.3660292607604067,1.035942175209188,6815,4684,False,False,False,False
7814,CSS_J160013.7+283451,EW,EW,False,False,0.38653723558980485,1.0145581560440478,4619,5833,False,False,False,False
7815,CSS_J044912.6-143920,EW,EW,False,False,0.3577917487416775,1.0069860661944163,7601,6320,False,False,False,False
7816,CSS_J023415.8+320113,EW,EW,False,False,0.3674642423610869,1.0104215142714608,6661,6091,False,False,False,False
7817,CSS_J222626.6+225405,RRc,RRc,False,False,0.3910177743999407,1.0802218398016725,4229,2991,False,False,False,False
7818,CSS_J085348.9+114353,EW,EW,False,False,0.38482325590202265,1.009123351420223,4786,6178,False,False,False,False
7819,CSS_J001542.2-043220,RRc,RRc,False,False,0.4702394175937408,1.0985407086956096,1010,2533,False,False,False,False
7820,CSS_J114443.3+044121,EW,EW,False,False,0.45925441756889496,1.3815123128225135,1218,293,False,False,False,False
7821,CSS_J160733.9+605712,RRab,RRab,False,False,0.3754118608174206,1.032383136405207,5773,4857,False,False,False,False
7822,CSS_J075715.1+185709,EW,EW,False,False,0.37164381234128885,1.0189782835612473,6230,5560,False,False,False,False
7823,CSS_J174850.7+350642,EW,EW,False,False,0.46799301528612824,0.9782711920080567,1052,7831,False,False,False,False
7824,CSS_J230649.9+400121,EW,EW,False,False,0.44162657105563186,1.1655841245750271,1636,1405,False,False,False,False
7825,CSS_J031441.1+181306,EW,EW,False,False,0.3599579130622344,1.1418973754103383,7424,1707,False,False,False,False
7826,CSS_J051358.4-121550,EW,EW,False,False,0.43989554659364083,1.1426558659042758,1689,1697,False,False,False,False
7827,CSS_J172448.6+354651,EA,EW,True,False,0.4789699149053954,0.9952888513580085,850,7016,False,False,False,False
7828,CSS_J223018.9-074740,EW,EW,False,False,0.3570716598196607,0.9788367055038358,7659,7809,False,False,False,False
7829,CSS_J151415.1-102025,LPV,LPV,False,False,0.5638597580908244,1.064286043811618,211,3501,False,False,False,False
7830,CSS_J031156.9+320159,EA,EA,False,False,0.5945636270937492,1.067224396189817,140,3400,True,False,False,False
7831,CSS_J101412.1-061320,EA,EA,False,False,0.42064998492598166,1.0750062131534068,2378,3151,False,False,False,False
7832,CSS_J120316.2-175157,EW,RRc,True,False,0.3954415513561413,1.10883583793653,3836,2296,False,False,False,False
7833,CSS_J053118.9+130922,EA,EA,False,False,0.48624289024706857,1.035572312109933,735,4698,False,False,False,False
7834,CSS_J222502.6+161550,RRc,RRc,False,False,0.39401627654461757,1.0508837418931942,3942,4026,False,False,False,False
7835,CSS_J090714.1+132720,EW,EW,False,False,0.4054607936525187,1.4734311313414168,3130,165,False,False,False,False
7836,CSS_J150118.1-092529,RRab,RRab,False,False,0.4224771636323941,1.1329954456745257,2296,1848,False,False,False,False
7837,CSS_J221211.6+192833,EA,EA,False,False,0.4703345439601654,1.050286336753468,1008,4050,False,False,False,False
7838,CSS_J043659.2+045103,EW,EW,False,False,0.38204723401289364,1.0584690221587474,5064,3712,False,False,False,False
7839,CSS_J232730.7+360355,EW,EW,False,False,0.3755504402698447,0.9828755948057231,5752,7679,False,False,False,False
7840,CSS_J215158.9+151945,EW,EA,True,False,0.4557894721698082,1.0303257928937568,1305,4962,False,False,False,False
7841,CSS_J162245.9-041119,EW,EW,False,False,0.37045266569329766,1.009647307603955,6354,6137,False,False,False,False
7842,CSS_J165233.3+291459,EW,EW,False,False,0.38004484770655717,1.0261085171064706,5285,5179,False,False,False,False
7843,CSS_J070514.3+544024,RRab,RRab,False,False,0.40019320784798235,1.0037512514222418,3487,6533,False,False,False,False
7844,CSS_J075839.0+134338,EW,EW,False,False,0.4195998815644778,0.9774767439556881,2421,7841,False,False,False,False
7845,CSS_J024256.8+344313,EW,EW,False,False,0.3581474059616792,0.9967000610306546,7580,6936,False,False,False,False
7846,CSS_J095535.4+484353,EW,EW,False,False,0.3642003867397089,0.9895725975169165,7001,7342,False,False,False,False
7847,CSS_J205212.0+044430,EW,EW,False,False,0.3801561963869289,1.017969009594672,5271,5636,False,False,False,False
7848,CSS_J094627.8+430043,EW,EW,False,False,0.4643824275808233,1.1922304849382637,1114,1119,False,False,False,False
7849,CSS_J154243.9+524442,EW,EW,False,False,0.44525554158129277,1.0448294257770858,1544,4292,False,False,False,False
7850,CSS_J163838.6+023121,RRc,RRc,False,False,0.3726639140459122,1.2429010777697846,6119,772,False,False,False,False
7851,CSS_J075227.8+295119,EW,EW,False,False,0.39207184823761854,1.0428097331983022,4133,4379,False,False,False,False
7852,CSS_J125011.4+070903,EW,EW,False,False,0.40101116825590266,1.021820321383457,3422,5401,False,False,False,False
7853,CSS_J155435.7-162847,LPV,LPV,False,False,0.7368790140885794,1.097300355317802,20,2562,True,False,False,False
7854,CSS_J080819.4+213001,EW,EW,False,False,0.40179764061940126,1.204191611284866,3362,1037,False,False,False,False
7855,CSS_J075749.4+153407,EW,EW,False,False,0.39154046221914945,1.02935608509797,4181,4997,False,False,False,False
7856,CSS_J034145.4+305200,RRc,RRc,False,False,0.3935008558999139,1.1998755713167615,3990,1067,False,False,False,False
7857,CSS_J033759.8+384304,EW,RRc,True,False,0.4133014083647208,1.0730617521090715,2725,3204,False,False,False,False
7858,CSS_J150940.1+010327,EW,EW,False,False,0.3961332471522511,1.0675733986126588,3778,3385,False,False,False,False
7859,CSS_J084949.1+050040,EA,EA,False,False,0.6037021841913743,1.0879590669856185,125,2779,True,False,False,False
7860,CSS_J100540.1-010800,EW,EW,False,False,0.37133263892640855,0.9953455209967691,6265,7013,False,False,False,False
7861,CSS_J052740.6+010357,RS CVn,EW,True,True,0.37231304883214417,1.1303421297404905,6161,1891,False,False,False,False
7862,CSS_J054253.6+013427,EW,EW,False,False,0.359610999607622,1.1628618326902191,7462,1439,False,False,False,False
7863,CSS_J215711.7-021144,EA,EA,False,False,0.485764471769638,1.0489359673806509,746,4091,False,False,False,False
7864,CSS_J084141.8+420622,EW,EW,False,False,0.41948770276460257,1.0019708262046287,2425,6647,False,False,False,False
7865,CSS_J034740.9-024658,EW,EW,False,False,0.3804019055890245,1.027453980342916,5249,5103,False,False,False,False
7866,CSS_J060534.5-054821,EA,EA,False,False,0.39227990266589663,1.0019132929989578,4116,6649,False,False,False,False
7867,CSS_J013129.9+401754,EW,EW,False,False,0.3996443033927139,1.0009930040136263,3530,6706,False,False,False,False
7868,CSS_J164001.7+202158,EW,EW,False,False,0.36076040127956577,0.9867963055797666,7349,7498,False,False,False,False
7869,CSS_J023834.5+291832,EW,EW,False,False,0.4130914980705522,0.9861054003067258,2737,7540,False,False,False,False
7870,CSS_J091917.9+481939,EW,EW,False,False,0.37194754018720527,1.0059614509427204,6203,6385,False,False,False,False
7871,CSS_J125216.6+481916,EW,EW,False,False,0.3516714307498772,0.9850361901969269,7966,7590,False,False,False,False
7872,CSS_J045318.7+243448,EW,EW,False,False,0.3810312066049628,1.0441346761435066,5189,4317,False,False,False,False
7873,CSS_J044139.7+303724,EW,EW,False,False,0.36086647707607017,1.0851598012847954,7336,2861,False,False,False,False
7874,CSS_J005607.4+214639,EW,EW,False,False,0.3911026016749416,1.003491757429034,4225,6551,False,False,False,False
7875,CSS_J035456.5+303733,EW,EW,False,False,0.38607424215056196,0.9923540916631122,4664,7180,False,False,False,False
7876,CSS_J173328.2+102639,EW,EW,False,False,0.38344892849095663,1.5491073646564444,4928,100,False,True,False,False
7877,CSS_J053703.0+010517,EW,EW,False,False,0.40981722345296395,1.0220420085556414,2903,5391,False,False,False,False
7878,CSS_J211259.5+021625,EW,EW,False,False,0.3522955716186012,0.9911236513043343,7949,7260,False,False,False,False
7879,CSS_J150527.7+191605,EW,EW,False,False,0.4057796530598536,1.0424714139557503,3112,4399,False,False,False,False
7880,CSS_J124710.0-102044,RRc,RRc,False,False,0.37746665851102934,1.0599099813446031,5532,3657,False,False,False,False
7881,CSS_J132609.7+242657,EW,EW,False,False,0.3563137442669126,1.0761143158126782,7709,3122,False,False,False,False
7882,CSS_J045525.7+041449,EW,EW,False,False,0.3885403465111482,1.0621726996184022,4458,3584,False,False,False,False
7883,CSS_J091430.7-155217,RRc,EW,True,False,0.37298427406268586,1.1809511414440592,6079,1225,False,False,False,False
7884,CSS_J234331.2-010354,EA,EA,False,False,0.5100666533223216,1.2972193394429254,465,525,False,False,False,False
7885,CSS_J170106.7+370801,EW,EW,False,False,0.38323147582612754,1.0168065563605704,4950,5701,False,False,False,False
7886,CSS_J042707.9-123847,EW,EW,False,False,0.45703685287615614,1.2932738060797635,1281,545,False,False,False,False
7887,CSS_J163321.3+543928,EW,EW,False,False,0.39304844513477627,1.0747965730399065,4032,3156,False,False,False,False
7888,CSS_J055946.0-065211,RRc,EW,True,False,0.39126518089631745,1.1457067792871287,4211,1663,False,False,False,False
7889,CSS_J025139.4+191053,EW,EW,False,False,0.420719853549577,1.0936285805894954,2375,2627,False,False,False,False
7890,CSS_J085306.7+100212,EW,EW,False,False,0.38358954421216984,0.981547944889436,4914,7733,False,False,False,False
7891,CSS_J085648.6+025504,EW,EW,False,False,0.4736834297796051,0.9798266912263935,946,7779,False,False,False,False
7892,CSS_J045256.5+125211,EW,EW,False,False,0.35505048162515723,0.9846907753746658,7794,7606,False,False,False,False
7893,CSS_J170713.8+311403,RRc,RRc,False,False,0.43858373118868166,1.0601518575303395,1732,3646,False,False,False,False
7894,CSS_J035811.1+312037,EW,EW,False,False,0.3803722330753875,0.9796940344667128,5253,7784,False,False,False,False
7895,CSS_J112743.9+361941,RRc,RRc,False,False,0.3869954110057665,1.3478432538485365,4587,363,False,False,False,False
7896,CSS_J101913.4+301035,EA,EW,True,False,0.46200073188820745,1.1992352549848904,1167,1073,False,False,False,False
7897,CSS_J070417.2+413236,EW,EW,False,False,0.42070688447767074,1.1182374158203443,2377,2116,False,False,False,False
7898,CSS_J032710.6+342945,EW,EW,False,False,0.3902912046708349,1.0779772329077077,4298,3068,False,False,False,False
7899,CSS_J074300.2+451225,EA,EA,False,False,0.5028721903525151,1.0155956244385054,532,5763,False,False,False,False
7900,CSS_J130512.7+102839,RRc,RRc,False,False,0.37451366334280395,1.0339754995068173,5905,4779,False,False,False,False
7901,CSS_J115157.3+072341,EA,EA,False,False,0.4719898515355585,1.0224667432475276,984,5373,False,False,False,False
7902,CSS_J234320.3+265120,EW,EW,False,False,0.3671488499063421,1.0184281085429174,6693,5598,False,False,False,False
7903,CSS_J031747.5+355149,EW,EW,False,False,0.3528161849186808,0.9829694398641516,7928,7676,False,False,False,False
7904,CSS_J012944.3+441143,EW,EW,False,False,0.38143067774400297,1.0122682791571334,5132,5969,False,False,False,False
7905,CSS_J051109.1+035924,EW,EW,False,False,0.3619644844710095,1.0321091809797627,7230,4873,False,False,False,False
7906,CSS_J050050.6-105047,RS CVn,EW,True,True,0.36194283040938574,1.0173563005683528,7234,5676,False,False,False,False
7907,CSS_J210400.3+064509,EW,EW,False,False,0.387750800643457,1.2054481650989217,4518,1026,False,False,False,False
7908,CSS_J015341.9+381641,EW,EW,False,False,0.36746669198969345,0.977889053778983,6660,7836,False,False,False,False
7909,CSS_J210807.8+112543,EW,EW,False,False,0.3705220546007461,1.2246229789429126,6349,871,False,False,False,False
7910,CSS_J102437.4-100318,EW,EA,True,False,0.4531585133061293,1.0580621252597706,1354,3729,False,False,False,False
7911,CSS_J021447.8+300644,EW,EW,False,False,0.374516873714189,1.1103126467373738,5904,2264,False,False,False,False
7912,CSS_J071727.2+283904,EW,EW,False,False,0.3788558338205382,1.0073097188337559,5397,6304,False,False,False,False
7913,CSS_J064758.7+551615,EW,EW,False,False,0.37647607162505187,1.1263295703674359,5645,1960,False,False,False,False
7914,CSS_J155635.5-151603,EW,EW,False,False,0.4125421001134989,1.0978246551214874,2767,2553,False,False,False,False
7915,CSS_J165842.0+054307,EW,EW,False,False,0.39893947772592914,1.1060296062526604,3579,2354,False,False,False,False
7916,CSS_J021504.7+230113,LPV,EW,True,False,0.426687117693577,1.1565684420701217,2138,1512,False,False,False,False
7917,CSS_J230614.8+085712,EA,EA,False,False,0.4885501353678075,1.0334202986817882,697,4804,False,False,False,False
7918,CSS_J170113.2+193034,EW,EW,False,False,0.3622040564441724,0.9879835436549718,7210,7430,False,False,False,False
7919,CSS_J111531.0+143444,RRab,RRab,False,False,0.4799310062151328,0.9958736152238042,832,6984,False,False,False,False
7920,CSS_J025144.7+404958,EW,EW,False,False,0.4210893614690481,1.0021689493347377,2362,6632,False,False,False,False
7921,CSS_J172054.3+452127,RRc,RRc,False,False,0.3829183705933913,1.1613238253595528,4975,1458,False,False,False,False
7922,CSS_J054630.5+015741,EW,EW,False,False,0.3752431866544905,1.0588703721016228,5799,3696,False,False,False,False
7923,CSS_J105038.5+212149,LPV,RS CVn,True,False,0.42690608101902455,1.0572812952067177,2121,3757,False,False,False,False
7924,CSS_J051317.3+163213,EW,EW,False,False,0.36402071189597296,1.0071718358389994,7026,6308,False,False,False,False
7925,CSS_J015016.5+030304,EA,EA,False,False,0.5335992019220304,1.0852165880706073,330,2859,False,False,False,False
7926,CSS_J045345.1+180413,LPV,LPV,False,False,0.758044228768622,0.9892591344627372,10,7364,True,False,False,False
7927,CSS_J085904.4-085529,EW,EW,False,False,0.41064524348448234,1.3494049834998827,2869,359,False,False,False,False
7928,CSS_J044850.0+080919,EW,EW,False,False,0.353621387587339,1.048713974244887,7875,4104,False,False,False,False
7929,CSS_J150942.6+344755,EW,EA,True,False,0.4081622903200026,0.9767116808206657,2990,7853,False,False,False,False
7930,CSS_J224017.7-031552,RRc,RRc,False,False,0.3903885856369726,1.0511148587628345,4294,4011,False,False,False,False
7931,CSS_J104015.3+005240,EW,EW,False,False,0.3678772048358618,1.0812314521393271,6625,2969,False,False,False,False
7932,CSS_J004923.0+034640,EA,EA,False,False,0.4178961092646738,0.9958380827913338,2495,6985,False,False,False,False
7933,CSS_J150544.8+232258,EW,EW,False,False,0.36641992954061225,0.9934690365241086,6773,7119,False,False,False,False
7934,CSS_J231834.1+363828,RRab,EW,True,False,0.5314772709450223,1.2460251050177729,340,751,False,False,False,False
7935,CSS_J053311.1-133559,EW,EW,False,False,0.3594260139782408,1.0361596054134161,7480,4672,False,False,False,False
7936,CSS_J125736.7+303028,EW,EW,False,False,0.3927170247749677,1.0387137968293385,4069,4552,False,False,False,False
7937,CSS_J011554.8+333206,EW,EW,False,False,0.3776604762308592,1.0476378500114918,5505,4157,False,False,False,False
7938,CSS_J034948.3-140853,RRab,RRc,True,False,0.3675168177479468,1.013314882131378,6655,5899,False,False,False,False
7939,CSS_J071918.3+515750,EW,EA,True,False,0.5120721940424462,1.1274157811093297,448,1937,False,False,False,False
7940,CSS_J160301.3+162520,EW,EW,False,False,0.37632198591777577,1.1475998394560232,5670,1638,False,False,False,False
7941,CSS_J113923.2+181058,EA,EA,False,False,0.37545795878755134,1.0882497367516755,5766,2770,False,False,False,False
7942,CSS_J230902.7+333153,EW,EW,False,False,0.4119122497582351,1.1833983327216482,2799,1204,False,False,False,False
7943,CSS_J054229.1+032713,EW,EW,False,False,0.3699891769829874,1.013279570689561,6397,5903,False,False,False,False
7944,CSS_J131855.0+002721,EW,EW,False,False,0.3931872203061469,1.176661050771051,4018,1267,False,False,False,False
7945,CSS_J023702.4+301405,EW,EW,False,False,0.6004434286047625,1.390079156328132,131,278,True,False,False,False
7946,CSS_J111442.8-130214,RRab,RRab,False,False,0.41936601436748483,1.0493554950185788,2432,4080,False,False,False,False
7947,CSS_J094450.6+272917,RRab,RRab,False,False,0.4561808120225087,1.0598740415509296,1296,3660,False,False,False,False
7948,CSS_J164715.7+162525,EW,EW,False,False,0.3523980758366037,0.9769803788844177,7944,7846,False,False,False,False
7949,CSS_J030957.9+320506,EW,EW,False,False,0.3658132942668126,0.9859430707488613,6841,7546,False,False,False,False
7950,CSS_J071205.6+310630,EW,EW,False,False,0.6901709109667946,1.2758542034159077,49,608,True,False,False,False
7951,CSS_J050855.3+132320,EW,RRc,True,False,0.37558622094632893,0.970284212304876,5748,7959,False,False,False,False
7952,CSS_J161702.1+494124,EW,EW,False,False,0.4577871479137879,1.2347223146720918,1256,806,False,False,False,False
7953,CSS_J103428.6+391518,RRc,RRc,False,False,0.38724702599768973,1.0283656820530858,4561,5058,False,False,False,False
7954,CSS_J043451.1+030709,EW,EW,False,False,0.36896282409426834,1.0041743122936326,6506,6503,False,False,False,False
7955,CSS_J110002.0+044206,EW,EW,False,False,0.3958362866956069,1.106807016894509,3806,2336,False,False,False,False
7956,CSS_J033331.4+011646,EA,EW,True,False,0.48808692265304676,1.1298700740295426,706,1896,False,False,False,False
7957,CSS_J080319.4+114221,EW,EW,False,False,0.4666997733095367,1.06643485159846,1072,3434,False,False,False,False
7958,CSS_J133456.3-152103,RRc,RRc,False,False,0.37451076762037033,1.2128932724312989,5906,967,False,False,False,False
7959,CSS_J152101.4+331423,EW,EW,False,False,0.40131001973634206,1.1000870172105968,3397,2499,False,False,False,False
7960,CSS_J131714.9+335515,RRc,EW,True,False,0.3540357792100875,1.0461134622623018,7853,4230,False,False,False,False
7961,CSS_J014715.3+211203,EW,EW,False,False,0.3880403890195848,1.0972504347224237,4498,2563,False,False,False,False
7962,CSS_J011251.4+433653,EW,EW,False,False,0.39201131083110824,1.0782769801381062,4141,3057,False,False,False,False
7963,CSS_J080406.4+100253,EA,EW,True,False,0.4232906996333612,1.3894840947218225,2269,279,False,False,False,False
7964,CSS_J121705.4-162555,EW,EW,False,False,0.47300366382826337,1.2940904484150735,960,537,False,False,False,False
7965,CSS_J041036.3+340258,EW,EW,False,False,0.47815435885397,1.2188887370525623,869,914,False,False,False,False
7966,CSS_J062007.1-093952,EW,EW,False,False,0.38240700741279093,1.105990490750107,5022,2355,False,False,False,False
7967,CSS_J133240.8+175045,RRc,RRab,True,False,0.4426742748583674,0.9880835556268398,1605,7421,False,False,False,False
7968,CSS_J130146.8+163145,EW,EW,False,False,0.36114107399242074,1.088159280737741,7308,2774,False,False,False,False
7969,CSS_J003435.7+100316,EW,EW,False,False,0.4521206767767031,1.1831678440874742,1371,1209,False,False,False,False
7970,CSS_J134619.9+512424,RRc,RRc,False,False,0.4049934785878272,1.0636040906994677,3166,3528,False,False,False,False
7971,CSS_J015105.9-033241,EA,EA,False,False,0.5164238413939011,1.0856451754623675,411,2845,False,False,False,False
7972,CSS_J073937.7+202105,EW,EW,False,False,0.4370603263506073,1.0734525340710352,1785,3193,False,False,False,False
7973,CSS_J112336.3+623808,RRab,RRab,False,False,0.4091680333617125,0.9797679049868895,2935,7781,False,False,False,False
7974,CSS_J162432.9+371701,RRab,EW,True,False,0.40941889189936304,1.0134449169729685,2922,5895,False,False,False,False
7975,CSS_J072530.1+375949,EA,EA,False,False,0.5126128761002631,1.071466717194244,443,3248,False,False,False,False
7976,CSS_J234717.2-054353,EW,EW,False,False,0.40377110790136084,1.1673174613806991,3244,1381,False,False,False,False
7977,CSS_J080914.7+325742,RS CVn,RS CVn,False,True,0.38519633003642767,1.0342449750255907,4753,4765,False,False,False,False
7978,CSS_J180035.0+363407,EW,EW,False,False,0.3570168997783464,1.0165555999253226,7664,5721,False,False,False,False
7979,CSS_J223026.7+333012,EW,EW,False,False,0.3658448037407684,0.9836334316588786,6837,7650,False,False,False,False
7980,CSS_J050704.7-014127,EA,EA,False,False,0.536598343922169,1.0954419214974347,320,2596,False,False,False,False
7981,CSS_J094636.9-034212,RRc,RRc,False,False,0.3594267588213055,1.0482153393179714,7478,4128,False,False,False,False
7982,CSS_J042822.8+374431,EA,EA,False,False,0.4901263803131345,1.0215465489936315,678,5419,False,False,False,False
7983,CSS_J154157.3+085622,RRab,EW,True,False,0.5028554067846241,1.2070232435993986,533,1009,False,False,False,False
7984,CSS_J233202.0+220241,EW,EW,False,False,0.3567579844807756,0.988574745974548,7680,7395,False,False,False,False
7985,CSS_J145155.6-022947,RRab,RRab,False,False,0.4764311574244911,1.044688001382522,900,4299,False,False,False,False
7986,CSS_J000633.3+320602,EW,EW,False,False,0.40987753747696704,0.9972284582647631,2902,6911,False,False,False,False
7987,CSS_J130212.2+100733,RRab,EW,True,False,0.4060854530275366,1.0925727082254109,3100,2660,False,False,False,False
7988,CSS_J120601.2+314955,RRab,RRab,False,False,0.5117260659376884,1.1479238124842954,449,1633,False,False,False,False
7989,CSS_J020451.3+052201,EW,EW,False,False,0.3554700268874588,1.0554346231559293,7767,3819,False,False,False,False
7990,CSS_J055610.1-081349,EW,EW,False,False,0.4107669476167373,1.053967571564979,2863,3883,False,False,False,False
7991,CSS_J160228.8+201557,EW,EW,False,False,0.35951399937237516,1.0419317962242023,7470,4421,False,False,False,False
7992,CSS_J045726.9+024553,EW,EW,False,False,0.36408745954698896,1.163641943031747,7016,1430,False,False,False,False
7993,CSS_J033608.0-100015,RRc,EW,True,False,0.3733557844043305,1.1170817444077843,6039,2136,False,False,False,False
7994,CSS_J083603.8-050335,EW,EW,False,False,0.38130215490287944,1.0212702601368535,5152,5442,False,False,False,False
7995,CSS_J040852.3+133014,EW,EW,False,False,0.3540749247315338,0.9923740988347578,7851,7179,False,False,False,False
7996,CSS_J221837.6+211925,EA,EA,False,False,0.41031679725963627,0.9949660416460739,2880,7038,False,False,False,False
7997,CSS_J084946.0+130302,EW,EW,False,False,0.37613526328798425,1.0000842448924359,5687,6759,False,False,False,False
7998,CSS_J085536.2-090546,EW,EW,False,False,0.38225526645638647,1.1688178928482802,5041,1356,False,False,False,False
7999,CSS_J042215.1+292417,EW,EW,False,False,0.36399191076714865,1.0037544958385807,7030,6532,False,False,False,False
