fila_test,id_objeto,clase,prediccion_rf,mal_clasificado_rf,es_clase_dificil,score_if_percentil_clase,score_lof_percentil_clase,n_train_clase,clase_con_base_suficiente,candidato_fuerte_por_clase,candidato_interesante_por_clase
0,CSS_J173822.3+541006,EW,EW,False,False,13.095677872183229,28.684891023272996,16852,True,False,False
1,CSS_J035942.1+250122,EW,EW,False,False,15.201329885482085,40.56150720354636,16852,True,False,False
2,CSS_J050004.2+005836,EW,EW,False,False,66.54968599926117,51.05282600664943,16852,True,False,False
3,CSS_J052607.7+002624,EW,EW,False,False,97.93128925009236,80.5688954562246,16852,True,False,False
4,CSS_J231219.3+372824,EW,RRc,True,False,82.13889915035094,94.86516438862209,16852,True,False,False
5,CSS_J222826.9+211010,EW,RS CVn,True,False,99.90764684152198,99.88917620982637,16852,True,True,False
6,CSS_J104514.6+521648,EW,EW,False,False,63.68673808644255,66.2356852604359,16852,True,False,False
7,CSS_J040227.2+260434,EW,EW,False,False,79.94089397857407,99.20576283708903,16852,True,False,False
8,CSS_J180350.8+340926,EW,EW,False,False,98.70705578130772,94.9205762837089,16852,True,False,False
9,CSS_J083404.6+124509,RRab,EW,True,False,92.38578680203045,75.38071065989847,1249,True,False,False
10,CSS_J130333.6+154001,RRc,RRc,False,False,3.854389721627409,4.496788008565311,2917,True,False,False
11,CSS_J072817.1+373857,EW,EW,False,False,66.6789804211304,11.100849649057999,16852,True,False,False
12,CSS_J103638.1+030423,EW,EW,False,False,30.051717768747693,49.92611747321759,16852,True,False,False
13,CSS_J142853.6-111124,RRc,RRc,False,False,11.45610278372591,22.269807280513916,2917,True,False,False
14,CSS_J035308.1-024445,EW,EW,False,False,52.641300332471374,13.908385666789805,16852,True,False,False
15,CSS_J232838.0+400336,EW,EW,False,False,83.39490210565201,25.267824159586254,16852,True,False,False
16,CSS_J090504.5+351854,EW,EW,False,False,89.98891762098263,92.79645363871445,16852,True,False,False
17,CSS_J053058.0-034529,RS CVn,EW,True,True,70.58823529411765,71.69117647058823,846,True,False,False
18,CSS_J014920.7+251349,EW,EW,False,False,60.103435537495386,36.55338012560029,16852,True,False,False
19,CSS_J105356.1-135020,LPV,LPV,False,False,50.57471264367817,54.02298850574713,281,True,False,False
20,CSS_J170752.8+413315,RS CVn,RS CVn,False,True,25.0,34.92647058823529,846,True,False,False
21,CSS_J054257.5-123940,EW,EW,False,False,93.88622090875508,27.44735869966753,16852,True,False,False
22,CSS_J164633.5+051427,RS CVn,RS CVn,False,True,18.38235294117647,0.7352941176470588,846,True,False,False
23,CSS_J213424.1+094601,RRab,RRab,False,False,82.99492385786802,54.82233502538071,1249,True,False,False
24,CSS_J082957.9+175739,EW,EW,False,False,78.38936091614333,51.533062430735136,16852,True,False,False
25,CSS_J201309.7-133403,RRab,RRab,False,False,81.97969543147208,96.19289340101524,1249,True,False,False
26,CSS_J074530.0+372258,RRc,RRc,False,False,89.50749464668094,95.07494646680942,2917,True,False,False
27,CSS_J034021.1-144648,EW,EW,False,False,70.57628370890285,45.068341337273736,16852,True,False,False
28,CSS_J172318.3+315245,EA,EA,False,False,14.373464373464373,16.461916461916463,2597,True,False,False
29,CSS_J165242.9+073623,RS CVn,RS CVn,False,True,45.220588235294116,10.661764705882353,846,True,False,False
30,CSS_J154619.1+363404,RRd,RRc,True,True,11.76470588235294,30.58823529411765,258,True,False,False
31,CSS_J072339.0+295500,EW,EW,False,False,51.292944218692284,12.892500923531585,16852,True,False,False
32,CSS_J125741.5-082900,RRc,RRc,False,False,49.78586723768736,67.55888650963597,2917,True,False,False
33,CSS_J015733.5+375717,EW,EA,True,False,95.06834133727374,28.629479128186187,16852,True,False,False
34,CSS_J045031.6+033737,EW,EW,False,False,37.40302918359808,68.19357222016993,16852,True,False,False
35,CSS_J100810.9+605837,EW,EW,False,False,6.076837827853713,7.591429626893239,16852,True,False,False
36,CSS_J073437.3+532334,EW,EW,False,False,27.170299224233467,41.226449944588104,16852,True,False,False
37,CSS_J215117.9-131022,RRc,RRc,False,False,4.389721627408994,47.644539614561026,2917,True,False,False
38,CSS_J092629.1+301034,RS CVn,RS CVn,False,True,88.97058823529412,77.20588235294117,846,True,False,False
39,CSS_J033933.6+284337,EW,EW,False,False,24.473586996675287,31.954192833394902,16852,True,False,False
40,CSS_J131331.5+101007,EW,EW,False,False,43.221278167713336,72.97746582933136,16852,True,False,False
41,CSS_J055859.6-174934,EW,EW,False,False,52.659770964166974,26.13594384927965,16852,True,False,False
42,CSS_J222405.0+293611,EW,EW,False,False,12.116734392316216,14.093091983745845,16852,True,False,False
43,CSS_J202305.8-120624,EW,EW,False,False,94.38492796453639,69.56039896564462,16852,True,False,False
44,CSS_J161435.2+132852,EA,EA,False,False,54.2997542997543,82.55528255528255,2597,True,False,False
45,CSS_J044329.6-134444,RRc,RRc,False,False,50.428265524625274,64.77516059957173,2917,True,False,False
46,CSS_J103100.5+343409,RRab,EW,True,False,94.67005076142132,95.17766497461929,1249,True,False,False
47,CSS_J022636.1-075005,EW,EW,False,False,69.78204654599188,56.834133727373484,16852,True,False,False
48,CSS_J204055.4-070034,RRab,RRab,False,False,3.2994923857868024,16.243654822335024,1249,True,False,False
49,CSS_J140700.3+014039,EW,EW,False,False,36.33173254525305,57.203546361285554,16852,True,False,False
50,CSS_J015441.7+381010,EW,EW,False,False,24.916882157369784,54.28518655338013,16852,True,False,False
51,CSS_J232858.2+421141,EW,EW,False,False,2.9368304396010343,4.4514222386405615,16852,True,False,False
52,CSS_J051220.0+054814,EA,EA,False,False,92.26044226044226,90.7862407862408,2597,True,False,False
53,CSS_J055555.9+043815,EW,EW,False,False,84.66937569264869,73.5315847801995,16852,True,False,False
54,CSS_J151120.3-020423,RRc,RRc,False,False,16.595289079229122,29.978586723768736,2917,True,False,False
55,CSS_J173041.8+161219,EW,EW,False,False,79.1835980790543,77.63206501662356,16852,True,False,False
56,CSS_J223722.7-124100,RRab,RRab,False,False,51.776649746192895,76.90355329949239,1249,True,False,False
57,CSS_J233139.3-024205,EW,EW,False,False,86.62726265238271,83.96749168821573,16852,True,False,False
58,CSS_J052244.8-010231,RS CVn,RS CVn,False,True,87.13235294117648,66.91176470588235,846,True,False,False
59,CSS_J051523.7-191005,EW,EW,False,False,34.336904322127815,34.48466937569265,16852,True,False,False
60,CSS_J075442.6+555622,EW,EW,False,False,64.86885851496122,97.41411156261545,16852,True,False,False
61,CSS_J162101.5-181835,RRab,EW,True,False,81.7258883248731,87.81725888324873,1249,True,False,False
62,CSS_J171624.8+064155,EW,EW,False,False,95.25304765422977,96.98928703361655,16852,True,False,False
63,CSS_J005941.2-081247,EW,EW,False,False,21.592168452161065,44.21869227927595,16852,True,False,False
64,CSS_J080902.2+150848,RRab,RRab,False,False,49.746192893401016,71.57360406091371,1249,True,False,False
65,CSS_J074100.0+520732,EW,EW,False,False,64.8503878832656,85.09420022164758,16852,True,False,False
66,CSS_J130025.7+530328,EW,RRc,True,False,91.39268562984853,98.35611377909125,16852,True,False,False
67,CSS_J145242.8-120436,EW,EW,False,False,94.21869227927596,94.38492796453639,16852,True,False,False
68,CSS_J123425.4+153042,EW,EW,False,False,5.522718876985593,12.560029553010713,16852,True,False,False
69,CSS_J094356.5+503800,EW,EW,False,False,53.989656446250464,32.26819357222017,16852,True,False,False
70,CSS_J210829.5-100655,EW,EW,False,False,12.596970816401921,22.36793498337643,16852,True,False,False
71,CSS_J021848.4+293908,EW,EW,False,False,55.929072774288876,9.401551533062431,16852,True,False,False
72,CSS_J051515.3+153731,RRc,RRc,False,False,47.96573875802998,93.25481798715204,2917,True,False,False
73,CSS_J170240.0+151123,EW,EW,False,False,67.86110084964906,95.38234207609901,16852,True,False,False
74,CSS_J143122.9+522031,EW,EW,False,False,75.13852973771704,57.683782785371264,16852,True,False,False
75,CSS_J024829.2+030904,EW,EW,False,False,83.3394902105652,39.601034355374956,16852,True,False,False
76,CSS_J070705.9+393031,EW,EW,False,False,95.04987070557813,36.38714444033986,16852,True,False,False
77,CSS_J094953.4+353759,RRc,RRc,False,False,4.925053533190578,1.4989293361884368,2917,True,False,False
78,CSS_J142152.5+380905,EW,EW,False,False,7.185075729589951,64.14850387883266,16852,True,False,False
79,CSS_J163436.9+154421,EA,EA,False,False,19.41031941031941,35.25798525798526,2597,True,False,False
80,CSS_J225506.3+302116,EW,EW,False,False,64.94274104174363,59.95567048393055,16852,True,False,False
81,CSS_J084554.2+193456,EW,EW,False,False,100.0,99.22423346878463,16852,True,True,True
82,CSS_J211831.3-084953,EW,EW,False,False,47.13705208718138,38.17879571481345,16852,True,False,False
83,CSS_J054058.3+021852,EW,EW,False,False,85.26043590690801,48.356113779091245,16852,True,False,False
84,CSS_J014850.1+224637,EW,EW,False,False,94.05245659401551,54.85777613594385,16852,True,False,False
85,CSS_J161741.1-032322,RRc,RRc,False,False,40.79229122055675,38.22269807280514,2917,True,False,False
86,CSS_J043500.2+105716,EW,EW,False,False,93.18433690432212,99.35352789065387,16852,True,False,False
87,CSS_J083422.6+014401,EW,EW,False,False,42.33468784632434,17.122275581824898,16852,True,False,False
88,CSS_J213702.7+044629,EA,EA,False,False,90.7862407862408,84.27518427518427,2597,True,False,False
89,CSS_J033040.4+080340,EW,EW,False,False,74.38123383819728,84.02290358330255,16852,True,False,False
90,CSS_J163602.6+430700,EW,EW,False,False,42.1130402659771,48.07905430365719,16852,True,False,False
91,CSS_J172719.1+140236,RRc,RRc,False,False,50.96359743040685,75.05353319057816,2917,True,False,False
92,CSS_J165851.9+090820,EW,EW,False,False,12.707794606575545,51.625415589213155,16852,True,False,False
93,CSS_J143857.8+073136,RRc,RRc,False,False,65.63169164882227,73.23340471092077,2917,True,False,False
94,CSS_J080707.0+382856,EW,EW,False,False,83.45031400073883,42.408570373106755,16852,True,False,False
95,CSS_J155023.6-091044,EW,EW,False,False,84.26302179534541,79.09124492057629,16852,True,False,False
96,CSS_J121856.7+143714,RS CVn,RS CVn,False,True,75.0,44.85294117647059,846,True,False,False
97,CSS_J034402.6-072053,EW,EW,False,False,61.67343923162172,48.042113040265974,16852,True,False,False
98,CSS_J080121.4+510456,EW,EW,False,False,19.76357591429627,6.464721093461397,16852,True,False,False
99,CSS_J054235.2-034650,RRc,EW,True,False,35.224839400428266,88.97216274089935,2917,True,False,False
100,CSS_J051438.1-122026,EW,EW,False,False,5.319541928333949,39.65644625046176,16852,True,False,False
101,CSS_J044512.8+204834,RS CVn,RS CVn,False,True,65.44117647058823,73.16176470588235,846,True,False,False
102,CSS_J052704.6-053649,EA,EA,False,False,18.67321867321867,44.22604422604422,2597,True,False,False
103,CSS_J044532.8+174543,EW,EW,False,False,36.47949759881788,43.221278167713336,16852,True,False,False
104,CSS_J210230.7+000846,EW,EW,False,False,28.500184706316954,45.844107868489104,16852,True,False,False
105,CSS_J041909.6-042243,RRc,RRc,False,False,1.3918629550321198,7.494646680942184,2917,True,False,False
106,CSS_J162121.5-084724,EW,EW,False,False,70.29922423346878,36.017731806427776,16852,True,False,False
107,CSS_J081607.3+124825,EW,EW,False,False,69.65275212412264,70.52087181381603,16852,True,False,False
108,CSS_J073824.9+200847,EW,EW,False,False,9.124492057628371,6.372367934983377,16852,True,False,False
109,CSS_J043639.1+373436,EW,EW,False,False,12.375323236054674,18.5260435906908,16852,True,False,False
110,CSS_J205733.8+044320,RRc,RRc,False,False,16.488222698072803,29.764453961456105,2917,True,False,False
111,CSS_J011855.2+143725,EW,EW,False,False,82.58219431104544,73.69782046545991,16852,True,False,False
112,CSS_J170438.0+330348,EW,EW,False,False,62.92944218692279,78.53712596970817,16852,True,False,False
113,CSS_J210301.2-051557,EA,EA,False,False,49.385749385749385,71.007371007371,2597,True,False,False
114,CSS_J084232.9+062119,LPV,LPV,False,False,90.80459770114942,93.10344827586206,281,True,False,False
115,CSS_J050003.0+070611,EW,EW,False,False,39.37938677502771,68.11968969338751,16852,True,False,False
116,CSS_J045455.4-074524,EW,EW,False,False,8.05319541928334,39.91503509420022,16852,True,False,False
117,CSS_J022040.3+353111,EW,EW,False,False,38.71444403398596,34.226080531954196,16852,True,False,False
118,CSS_J091042.1+101143,EA,EA,False,False,92.50614250614251,93.48894348894349,2597,True,False,False
119,CSS_J090716.8+060748,EW,EW,False,False,40.801625415589214,58.865903213889915,16852,True,False,False
120,CSS_J071131.5+324026,EW,EW,False,False,78.75877355005542,77.44735869966752,16852,True,False,False
121,CSS_J233003.4-024818,EW,EW,False,False,32.877724418175106,57.942371629109715,16852,True,False,False
122,CSS_J090650.6+034001,EW,EW,False,False,60.67602512005911,75.61876616180272,16852,True,False,False
123,CSS_J181511.1+322926,EA,EA,False,False,92.87469287469288,21.744471744471745,2597,True,False,False
124,CSS_J232008.0+172736,EW,EW,False,False,61.488732914665675,22.035463612855562,16852,True,False,False
125,CSS_J061242.0-092333,EW,EW,False,False,6.8156630956778725,42.131510897672705,16852,True,False,False
126,CSS_J235256.8+440540,EW,EW,False,False,76.78241595862578,30.051717768747693,16852,True,False,False
127,CSS_J093503.4-103251,RRc,RRc,False,False,28.051391862955033,56.20985010706639,2917,True,False,False
128,CSS_J084610.9+022805,EW,EW,False,False,7.351311414850388,59.49390469154046,16852,True,False,False
129,CSS_J003439.6+290845,RRc,RRc,False,False,81.37044967880087,65.0963597430407,2917,True,False,False
130,CSS_J205754.6-163232,EW,EW,False,False,9.142962689323975,51.86553380125601,16852,True,False,False
131,CSS_J212514.8-111152,EW,EW,False,False,45.10528260066494,32.157369782046544,16852,True,False,False
132,CSS_J151228.1+341817,EW,EW,False,False,4.340598448466937,0.8127077946065755,16852,True,False,False
133,CSS_J162020.6+263517,EW,EW,False,False,27.63206501662357,45.80716660509789,16852,True,False,False
134,CSS_J175558.9+292251,RS CVn,EW,True,True,75.73529411764706,62.5,846,True,False,False
135,CSS_J232133.3+260201,EW,EW,False,False,64.48097524935352,93.68304396010345,16852,True,False,False
136,CSS_J095906.4+294050,EW,EW,False,False,14.019209456963427,16.34650905060953,16852,True,False,False
137,CSS_J042918.1+033846,EW,EW,False,False,83.70890284447728,61.74732175840414,16852,True,False,False
138,CSS_J051457.3+014341,EW,EW,False,False,22.09087550794237,91.11562615441449,16852,True,False,False
139,CSS_J112107.7+193330,EW,EW,False,False,55.5596601403768,68.9878093830809,16852,True,False,False
140,CSS_J151351.4+025957,EW,EW,False,False,15.404506834133727,24.43664573328408,16852,True,False,False
141,CSS_J021015.5+302645,EW,EW,False,False,62.39379386775028,44.05245659401552,16852,True,False,False
142,CSS_J114105.0+285921,RRc,RRc,False,False,28.586723768736615,42.07708779443255,2917,True,False,False
143,CSS_J053218.8-050526,EW,EW,False,False,77.53971185814554,89.71185814554858,16852,True,False,False
144,CSS_J094123.8+234533,RRd,EW,True,True,63.52941176470588,57.647058823529406,258,True,False,False
145,CSS_J173851.2+255746,EW,EW,False,False,87.68008865903214,41.54045068341337,16852,True,False,False
146,CSS_J011048.3-181330,EW,EW,False,False,88.16032508311784,79.1281861839675,16852,True,False,False
147,CSS_J233138.1+072100,EW,EW,False,False,10.712966383450313,8.145548577761359,16852,True,False,False
148,CSS_J213005.1+204430,EW,EW,False,False,40.543036571850756,27.63206501662357,16852,True,False,False
149,CSS_J154239.7-190535,RRab,EW,True,False,89.84771573604061,67.76649746192894,1249,True,False,False
150,CSS_J050906.2-034243,EW,EW,False,False,61.72885112670853,74.34429257480606,16852,True,False,False
151,CSS_J224228.1+060856,RS CVn,RS CVn,False,True,55.14705882352941,22.426470588235293,846,True,False,False
152,CSS_J045705.2-094658,EW,RS CVn,True,False,90.69080162541559,96.26893239748799,16852,True,False,False
153,CSS_J030014.5+121510,EW,EW,False,False,26.542297746582932,44.55116364979682,16852,True,False,False
154,CSS_J072502.6+341446,EW,EW,False,False,52.10565201329885,26.228297007757668,16852,True,False,False
155,CSS_J084022.6-103823,EW,EW,False,False,97.96823051348356,97.85740672330994,16852,True,False,False
156,CSS_J055922.9+025917,EW,EW,False,False,80.18101219061691,56.11377909124492,16852,True,False,False
157,CSS_J051654.1+033252,EA,EW,True,False,98.4029484029484,98.64864864864865,2597,True,True,False
158,CSS_J041253.9+270016,EW,EW,False,False,91.81751015884744,97.54340598448466,16852,True,False,False
159,CSS_J081658.3+242052,EW,EW,False,False,66.12486147026229,86.40561507203547,16852,True,False,False
160,CSS_J152031.8+355702,EW,EW,False,False,6.76025120059106,17.436276320650165,16852,True,False,False
161,CSS_J162245.7-155805,EW,RRc,True,False,45.234577022534175,87.920206871075,16852,True,False,False
162,CSS_J220014.2+230500,EW,EW,False,False,60.99002585888438,87.9756187661618,16852,True,False,False
163,CSS_J123831.3+112729,RRc,RRc,False,False,13.062098501070663,79.55032119914347,2917,True,False,False
164,CSS_J232611.8+380115,EW,EW,False,False,48.688585149612116,40.17362393793868,16852,True,False,False
165,CSS_J164353.9+274755,EW,EW,False,False,15.108976727004064,17.103804950129295,16852,True,False,False
166,CSS_J203559.9-044520,EW,EW,False,False,47.96823051348356,65.68156630956778,16852,True,False,False
167,CSS_J042647.3-124937,EW,EW,False,False,94.08939785740672,53.823420760990025,16852,True,False,False
168,CSS_J091415.2+192524,EW,EW,False,False,76.54229774658293,70.44698928703362,16852,True,False,False
169,CSS_J055615.0-065735,EW,EW,False,False,62.56002955301071,86.94126339120798,16852,True,False,False
170,CSS_J083737.1+395803,LPV,LPV,False,False,14.942528735632186,6.896551724137931,281,True,False,False
171,CSS_J104849.5+113018,EW,EW,False,False,77.96453638714445,71.68452161063908,16852,True,False,False
172,CSS_J224827.6+341351,EW,EW,False,False,6.981898780938309,26.745474695234577,16852,True,False,False
173,CSS_J214613.6+122940,EA,EA,False,False,44.22604422604422,50.122850122850124,2597,True,False,False
174,CSS_J101045.5+565714,EW,EW,False,False,99.85223494643517,95.54857776135944,16852,True,False,False
175,CSS_J222515.7-052702,RRab,RRab,False,False,6.345177664974619,0.5076142131979695,1249,True,False,False
176,CSS_J124942.5+125453,EW,EW,False,False,78.55559660140376,59.697081640192096,16852,True,False,False
177,CSS_J211804.7-100056,EW,EW,False,False,37.08902844477281,63.908385666789805,16852,True,False,False
178,CSS_J174338.1+252820,RRc,RRc,False,False,22.376873661670235,3.961456102783726,2917,True,False,False
179,CSS_J051915.1+025606,EW,EW,False,False,45.43775397118581,44.329516069449575,16852,True,False,False
180,CSS_J052233.4-093538,EW,EW,False,False,43.27669006280015,70.72404876246767,16852,True,False,False
181,CSS_J092323.6+565528,EW,EW,False,False,82.415958625785,64.11156261544146,16852,True,False,False
182,CSS_J223325.0+055106,EA,EA,False,False,33.660933660933665,47.91154791154791,2597,True,False,False
183,CSS_J205017.0-051213,EW,EW,False,False,68.21204285186553,91.31880310306613,16852,True,False,False
184,CSS_J005107.2+254024,EW,EW,False,False,82.04654599187292,17.676394532693017,16852,True,False,False
185,CSS_J123531.9+141933,EW,EW,False,False,73.99335057258958,89.52715182859254,16852,True,False,False
186,CSS_J045434.5+304347,EW,EW,False,False,22.109346139637974,47.118581455485774,16852,True,False,False
187,CSS_J130443.2+125540,RRc,RRc,False,False,54.71092077087795,84.04710920770879,2917,True,False,False
188,CSS_J090007.5+182048,EW,EW,False,False,93.23974879940894,86.84891023272996,16852,True,False,False
189,CSS_J053756.5+050226,EA,EA,False,False,29.975429975429975,61.67076167076168,2597,True,False,False
190,CSS_J215104.3+221708,EW,EW,False,False,28.629479128186187,20.631695603989655,16852,True,False,False
191,CSS_J171338.8+292005,RRc,RRc,False,False,48.17987152034261,35.224839400428266,2917,True,False,False
192,CSS_J011419.1+222916,EW,EW,False,False,70.26228297007758,64.03768008865903,16852,True,False,False
193,CSS_J050539.4+302231,EA,EA,False,False,74.57002457002457,35.13513513513514,2597,True,False,False
194,CSS_J085848.0-012743,EW,EW,False,False,49.81529368304396,84.35537495382343,16852,True,False,False
195,CSS_J082622.9+282405,RRd,EW,True,True,95.29411764705881,96.47058823529412,258,True,False,False
196,CSS_J020451.4+174657,EW,EW,False,False,9.03213889915035,73.30993719985224,16852,True,False,False
197,CSS_J081217.5+142254,EW,EW,False,False,87.43997044698929,52.585888437384554,16852,True,False,False
198,CSS_J084900.2+224652,EW,EW,False,False,68.0273365349095,2.5120059106021424,16852,True,False,False
199,CSS_J233838.0+361711,RRc,RRc,False,False,90.5781584582441,85.4389721627409,2917,True,False,False
200,CSS_J071813.2+473113,EA,EW,True,False,42.01474201474201,20.27027027027027,2597,True,False,False
201,CSS_J103342.0-174954,RRc,RRc,False,False,52.890792291220556,69.91434689507494,2917,True,False,False
202,CSS_J125610.5-111743,RRab,RRab,False,False,73.85786802030458,81.47208121827411,1249,True,False,False
203,CSS_J111017.8-050202,RRc,EW,True,False,96.57387580299786,99.46466809421841,2917,True,False,False
204,CSS_J022236.0+255627,EW,EW,False,False,61.59955670483931,68.17510158847433,16852,True,False,False
205,CSS_J081828.8+110753,EW,EW,False,False,21.222755818248984,27.004063538973032,16852,True,False,False
206,CSS_J093635.5-181654,EW,EW,False,False,27.890653860362026,76.50535648319172,16852,True,False,False
207,CSS_J215750.9+135455,EW,EA,True,False,91.06021425932767,12.393793867750277,16852,True,False,False
208,CSS_J050716.9+060607,EA,EA,False,False,37.96068796068796,79.23832923832924,2597,True,False,False
209,CSS_J015926.8+282859,EW,EW,False,False,58.38566678980421,0.7018840044329516,16852,True,False,False
210,CSS_J174653.5+271341,EW,EW,False,False,54.87624676763946,75.78500184706317,16852,True,False,False
211,CSS_J005550.6+405113,EW,EW,False,False,12.26449944588105,37.938677502770595,16852,True,False,False
212,CSS_J105958.8+465534,EW,EW,False,False,36.110084964905795,0.8496490579977836,16852,True,False,False
213,CSS_J003928.6+025803,EW,EW,False,False,29.848540820096048,20.18840044329516,16852,True,False,False
214,CSS_J083240.6+175057,EW,EW,False,False,98.78093830809014,90.2844477281123,16852,True,False,False
215,CSS_J121429.2+104147,RRd,EW,True,True,92.94117647058823,94.11764705882352,258,True,False,False
216,CSS_J095247.2+100837,EW,EW,False,False,93.4613963797562,79.73771702992242,16852,True,False,False
217,CSS_J165403.9+201835,EW,EW,False,False,20.354636128555597,0.6649427410417437,16852,True,False,False
218,CSS_J181928.6+311308,RRab,RRab,False,False,21.82741116751269,59.89847715736041,1249,True,False,False
219,CSS_J005026.7+441426,EW,EW,False,False,3.638714444033986,5.670483930550425,16852,True,False,False
220,CSS_J003520.9+175311,EW,EW,False,False,69.06169190986333,40.48762467676394,16852,True,False,False
221,CSS_J052141.6+041812,EW,EW,False,False,96.12116734392316,88.34503140007388,16852,True,False,False
222,CSS_J231846.0+425905,EW,EW,False,False,50.350942002216485,43.70151459179904,16852,True,False,False
223,CSS_J212345.9+144555,EW,EW,False,False,76.4314739564093,16.47580347247876,16852,True,False,False
224,CSS_J142814.2-174917,RRc,RRc,False,False,12.312633832976445,23.768736616702355,2917,True,False,False
225,CSS_J084652.0+145031,EW,RS CVn,True,False,91.15256741780568,94.66198743997045,16852,True,False,False
226,CSS_J203402.8-045646,RRab,RRab,False,False,52.03045685279187,84.77157360406092,1249,True,False,False
227,CSS_J110649.5-171937,EW,EW,False,False,64.2962689323975,77.53971185814554,16852,True,False,False
228,CSS_J155321.8-152121,EW,EW,False,False,59.475434059844844,57.97931289250092,16852,True,False,False
229,CSS_J053626.1-031355,RS CVn,RS CVn,False,True,45.588235294117645,43.01470588235294,846,True,False,False
230,CSS_J014452.0+380450,EA,EA,False,False,25.7985257985258,45.57739557739558,2597,True,False,False
231,CSS_J053500.8+053353,EW,EW,False,False,84.44772811230145,92.35315847801995,16852,True,False,False
232,CSS_J203510.2-191410,EW,EW,False,False,32.582194311045434,17.343923162172146,16852,True,False,False
233,CSS_J081835.5+261436,EW,EW,False,False,58.7920206871075,18.85851496121167,16852,True,False,False
234,CSS_J052840.7+073323,EA,EA,False,False,20.884520884520885,32.06388206388206,2597,True,False,False
235,CSS_J070554.0+542456,EW,EW,False,False,66.51274473586997,48.115995567048394,16852,True,False,False
236,CSS_J162010.3+031207,EW,EW,False,False,49.74141115626154,75.39711858145549,16852,True,False,False
237,CSS_J040233.1+380442,EW,EW,False,False,54.06353897303288,5.725895825637236,16852,True,False,False
238,CSS_J124710.6-034559,EW,EW,False,False,98.00517177687476,45.03140007388253,16852,True,False,False
239,CSS_J122512.5+103616,EW,EW,False,False,16.75286294791282,30.716660509789435,16852,True,False,False
240,CSS_J111546.9+211313,EW,EW,False,False,92.99963058736608,18.304396010343556,16852,True,False,False
241,CSS_J082648.4-043610,EW,EW,False,False,86.35020317694865,81.80642777983007,16852,True,False,False
242,CSS_J064547.5+593527,EW,EW,False,False,16.605097894347985,73.5685260435907,16852,True,False,False
243,CSS_J122418.4+035132,EW,EW,False,False,61.50720354636129,54.229774658293316,16852,True,False,False
244,CSS_J035051.2+085140,EW,EW,False,False,85.59290727742889,24.842999630587368,16852,True,False,False
245,CSS_J133053.2-154230,RRc,RRc,False,False,52.24839400428265,55.35331905781584,2917,True,False,False
246,CSS_J025033.9-023526,EW,EW,False,False,54.72848171407462,28.57406723309937,16852,True,False,False
247,CSS_J125715.5+165422,RRc,RRc,False,False,18.30835117773019,24.089935760171304,2917,True,False,False
248,CSS_J035717.3+065953,EW,EW,False,False,23.586996675286294,81.28925009235316,16852,True,False,False
249,CSS_J134223.9+110308,RRab,RRab,False,False,60.913705583756354,58.88324873096447,1249,True,False,False
250,CSS_J045940.6+102903,EW,EW,False,False,13.631326191355745,27.81677133357961,16852,True,False,False
251,CSS_J051843.4-052715,EW,EW,False,False,38.271148873291466,32.988548208348725,16852,True,False,False
252,CSS_J084048.5+010830,EW,EW,False,False,1.9209456963428149,41.09715552271888,16852,True,False,False
253,CSS_J165656.2+313854,EW,EW,False,False,67.52862947912818,91.37421499815294,16852,True,False,False
254,CSS_J213412.4+135237,EW,EW,False,False,56.55707425193942,97.43258219431105,16852,True,False,False
255,CSS_J132320.1+033213,EW,EW,False,False,55.596601403768005,65.64462504617657,16852,True,False,False
256,CSS_J231838.5+344503,EW,EW,False,False,67.04839305504248,82.3790173623938,16852,True,False,False
257,CSS_J163837.7+132857,EW,EW,False,False,64.05615072035464,79.53454008127078,16852,True,False,False
258,CSS_J050535.8+191806,RRc,EW,True,False,86.93790149892934,89.50749464668094,2917,True,False,False
259,CSS_J151405.5+141732,EW,EW,False,False,98.87329146656816,56.40930919837458,16852,True,False,False
260,CSS_J082448.7-061346,EW,EW,False,False,29.128186183967493,37.32914665681567,16852,True,False,False
261,CSS_J083617.3-025129,EW,EW,False,False,10.306612486147026,13.70520871813816,16852,True,False,False
262,CSS_J213122.0+055253,EW,EW,False,False,5.781307720724048,22.77428888067972,16852,True,False,False
263,CSS_J225532.3+205504,RRc,RRc,False,False,75.69593147751607,95.28907922912205,2917,True,False,False
264,CSS_J210752.3-122635,EW,EW,False,False,64.88732914665681,48.6331732545253,16852,True,False,False
265,CSS_J094215.5+271646,RRc,RRc,False,False,92.29122055674517,67.98715203426124,2917,True,False,False
266,CSS_J030457.3-173406,RRc,RRc,False,False,15.952890792291221,38.0085653104925,2917,True,False,False
267,CSS_J094242.4-081611,EW,EW,False,False,86.03620243812338,77.39194680458071,16852,True,False,False
268,CSS_J051733.7-163441,EW,EW,False,False,24.86147026228297,24.214998152936833,16852,True,False,False
269,CSS_J164811.0-011924,EW,EW,False,False,36.775027705947544,76.52382711488734,16852,True,False,False
270,CSS_J012515.9+431935,EW,EW,False,False,24.898411525674177,10.103435537495383,16852,True,False,False
271,CSS_J162615.7+111250,EW,EW,False,False,0.7757665312153675,0.5725895825637236,16852,True,False,False
272,CSS_J034800.2+285200,EA,EA,False,False,33.29238329238329,26.044226044226043,2597,True,False,False
273,CSS_J052633.9-023210,EW,EW,False,False,99.63058736608792,98.5777613594385,16852,True,True,True
274,CSS_J073122.6+582339,EW,EW,False,False,10.214259327669007,16.143332101957885,16852,True,False,False
275,CSS_J164804.9+461021,EW,EW,False,False,45.28998891762098,81.12301440709273,16852,True,False,False
276,CSS_J093235.9+024918,EW,EW,False,False,23.457702253417068,21.536756557074252,16852,True,False,False
277,CSS_J212303.9-070437,EA,EA,False,False,88.82063882063882,51.47420147420148,2597,True,False,False
278,CSS_J095948.8+364721,EW,EW,False,False,32.305134835611376,40.2659770964167,16852,True,False,False
279,CSS_J103048.7+470406,EW,EW,False,False,13.8899150350942,29.03583302548947,16852,True,False,False
280,CSS_J100230.3-100647,EW,EW,False,False,48.356113779091245,30.58736608792021,16852,True,False,False
281,CSS_J154427.2+531650,EW,EW,False,False,74.34429257480606,71.03804950129295,16852,True,False,False
282,CSS_J035750.1+134534,EW,EW,False,False,52.364240857037316,51.08976727004063,16852,True,False,False
283,CSS_J080310.2+113913,EW,EW,False,False,28.46324344292575,71.13040265977097,16852,True,False,False
284,CSS_J015454.1+232645,EW,EW,False,False,1.994828223125231,55.78130772072405,16852,True,False,False
285,CSS_J170645.2+215446,EW,EW,False,False,76.94865164388622,73.42076099002585,16852,True,False,False
286,CSS_J003158.4+265450,EW,EW,False,False,76.8378278537126,8.034724787587736,16852,True,False,False
287,CSS_J164423.5-073856,RRab,RRab,False,False,89.08629441624365,84.26395939086294,1249,True,False,False
288,CSS_J231129.7+135229,EW,EW,False,False,65.38603620243812,95.80716660509789,16852,True,False,False
289,CSS_J075425.8+375049,EW,EW,False,False,84.07831547838937,24.972294052456594,16852,True,False,False
290,CSS_J133417.4-015827,RRc,RRc,False,False,2.355460385438972,31.370449678800856,2917,True,False,False
291,CSS_J022329.5+115723,EW,EW,False,False,55.70742519394163,36.05467306981899,16852,True,False,False
292,CSS_J222141.5+174956,EW,EW,False,False,1.5884743258219431,4.359069080162541,16852,True,False,False
293,CSS_J084234.2+204651,EW,EW,False,False,91.74362763206501,83.08090136682674,16852,True,False,False
294,CSS_J165131.4+140342,EW,EW,False,False,23.771702992242336,89.47173993350572,16852,True,False,False
295,CSS_J035623.2-115749,EW,EW,False,False,22.626523827114887,18.045807166605098,16852,True,False,False
296,CSS_J023752.3+270437,RRc,RRc,False,False,4.17558886509636,38.650963597430405,2917,True,False,False
297,CSS_J051255.1+212627,EW,EW,False,False,29.442186922792757,30.162541558921312,16852,True,False,False
298,CSS_J115115.4+113612,EW,EA,True,False,83.19172515700038,6.76025120059106,16852,True,False,False
299,CSS_J051113.2-024046,RS CVn,EW,True,True,50.73529411764706,26.10294117647059,846,True,False,False
300,CSS_J054201.5-125605,EW,EW,False,False,42.35315847801995,72.82970077576653,16852,True,False,False
301,CSS_J233312.3+011225,EW,EW,False,False,7.462135205024012,34.909493904691544,16852,True,False,False
302,CSS_J082023.8+022232,EA,EA,False,False,20.024570024570025,9.828009828009828,2597,True,False,False
303,CSS_J164729.8+183754,EW,EW,False,False,8.348725526413004,40.59844846693757,16852,True,False,False
304,CSS_J043311.1+391215,EW,EW,False,False,59.10602142593277,34.79867011451792,16852,True,False,False
305,CSS_J163256.8+050654,RRc,RRc,False,False,15.203426124197003,7.922912205567452,2917,True,False,False
306,CSS_J235928.0+294007,RRc,EW,True,False,81.90578158458244,42.29122055674518,2917,True,False,False
307,CSS_J172858.6+415830,RRc,EW,True,False,82.44111349036403,14.025695931477516,2917,True,False,False
308,CSS_J082621.6+270403,EW,EW,False,False,80.66124861470261,23.346878463243442,16852,True,False,False
309,CSS_J051654.6+002332,EW,EW,False,False,85.79608422608052,90.96786110084965,16852,True,False,False
310,CSS_J224233.5+295537,RS CVn,RS CVn,False,True,64.70588235294117,69.11764705882352,846,True,False,False
311,CSS_J061346.8+530531,RRab,EW,True,False,94.16243654822335,97.46192893401016,1249,True,False,False
312,CSS_J205747.6+013607,EA,EW,True,False,90.54054054054053,57.37100737100738,2597,True,False,False
313,CSS_J171339.0+490246,EW,EW,False,False,25.027705947543406,32.637606206132254,16852,True,False,False
314,CSS_J081423.7+174934,EW,EW,False,False,47.28481714074621,77.90912449205763,16852,True,False,False
315,CSS_J162707.2-085101,EW,EW,False,False,86.73808644255634,80.25489471739934,16852,True,False,False
316,CSS_J180948.4+573225,EW,EW,False,False,81.82489841152567,21.776874769117104,16852,True,False,False
317,CSS_J063932.9+640708,RRab,RRab,False,False,85.53299492385787,95.43147208121827,1249,True,False,False
318,CSS_J223330.1+122643,RS CVn,EW,True,True,7.720588235294118,2.5735294117647056,846,True,False,False
319,CSS_J083216.5+125236,EW,EW,False,False,9.49390469154045,80.51348356113779,16852,True,False,False
320,CSS_J120252.1-100512,RRab,RRab,False,False,64.72081218274111,80.45685279187818,1249,True,False,False
321,CSS_J165215.6+011415,EA,EA,False,False,27.764127764127768,45.94594594594595,2597,True,False,False
322,CSS_J210151.2-050204,EW,EW,False,False,50.794237162910974,35.1865533801256,16852,True,False,False
323,CSS_J105909.3+404930,EW,EW,False,False,12.523088289619505,91.04174362763206,16852,True,False,False
324,CSS_J072044.6+494516,EW,EW,False,False,81.36313261913557,27.3180642777983,16852,True,False,False
325,CSS_J091601.0+065114,EW,EW,False,False,20.16992981159956,27.096416697451055,16852,True,False,False
326,CSS_J023508.1+301819,EW,EW,False,False,69.35722201699298,61.24861470262283,16852,True,False,False
327,CSS_J113605.3+430414,EW,EW,False,False,68.28592537864795,45.14222386405615,16852,True,False,False
328,CSS_J042750.0+240228,EA,EA,False,False,51.96560196560197,38.943488943488944,2597,True,False,False
329,CSS_J144719.5+425311,RRc,RRc,False,False,46.57387580299786,37.687366167023555,2917,True,False,False
330,CSS_J030404.3+265122,EW,EW,False,False,67.1222755818249,0.9604728481714074,16852,True,False,False
331,CSS_J204559.2-152940,EA,EA,False,False,78.00982800982801,59.58230958230958,2597,True,False,False
332,CSS_J154712.1+174402,EW,EW,False,False,14.480975249353529,12.54155892131511,16852,True,False,False
333,CSS_J150504.1+192616,RRc,RRc,False,False,67.88008565310493,40.68522483940043,2917,True,False,False
334,CSS_J220155.1-115545,EW,EW,False,False,34.07831547838936,35.40820096047285,16852,True,False,False
335,CSS_J074506.6+444650,EA,EA,False,False,36.11793611793612,45.08599508599509,2597,True,False,False
336,CSS_J074946.2+344205,EW,EW,False,False,46.89693387513853,60.50978943479867,16852,True,False,False
337,CSS_J045418.9-124557,EW,EW,False,False,35.168082748429995,39.176209826376066,16852,True,False,False
338,CSS_J160141.0+085342,EW,EW,False,False,65.57074251939416,84.66937569264869,16852,True,False,False
339,CSS_J163326.6+073129,EW,EW,False,False,73.47617288511266,38.23420760990025,16852,True,False,False
340,CSS_J173121.6+295657,EW,EW,False,False,81.73254525304765,91.89139268562985,16852,True,False,False
341,CSS_J111753.3+260345,RRc,RRc,False,False,66.70235546038545,48.7152034261242,2917,True,False,False
342,CSS_J223322.3+303325,EW,EW,False,False,59.58625785001848,83.69043221278167,16852,True,False,False
343,CSS_J055430.8-180929,RRab,RRab,False,False,78.42639593908629,47.46192893401015,1249,True,False,False
344,CSS_J151928.3-115858,RRab,RRab,False,False,64.9746192893401,38.07106598984771,1249,True,False,False
345,CSS_J085736.0+231440,EW,EW,False,False,5.633542667159217,13.8899150350942,16852,True,False,False
346,CSS_J153922.3-120653,RRc,RRc,False,False,63.38329764453962,62.84796573875803,2917,True,False,False
347,CSS_J053807.0+000601,EW,RS CVn,True,False,91.00480236424086,59.807905430365714,16852,True,False,False
348,CSS_J210123.6-095802,EW,EW,False,False,19.708164019209455,78.7403029183598,16852,True,False,False
349,CSS_J162423.9+211439,EW,EW,False,False,23.808644255633542,9.087550794237163,16852,True,False,False
350,CSS_J012628.6+362217,RRc,RRc,False,False,53.426124197002146,77.19486081370451,2917,True,False,False
351,CSS_J071833.1+611112,EW,EW,False,False,38.548208348725524,85.6483191725157,16852,True,False,False
352,CSS_J164530.3+161406,EW,EW,False,False,45.21610639083857,14.480975249353529,16852,True,False,False
353,CSS_J202328.9-130426,EW,EW,False,False,44.4403398596232,58.8289619504987,16852,True,False,False
354,CSS_J041815.8-111157,EW,EW,False,False,97.80199482822313,98.54082009604728,16852,True,False,False
355,CSS_J171119.4+610403,EW,EW,False,False,35.851496121167344,29.017362393793867,16852,True,False,False
356,CSS_J224835.1+283342,EW,EW,False,False,76.61618027336536,62.67085334318434,16852,True,False,False
357,CSS_J065047.2+435939,EW,EW,False,False,50.62800147765053,41.651274473586994,16852,True,False,False
358,CSS_J220539.6+123219,EW,EW,False,False,4.11895086811969,56.5016623568526,16852,True,False,False
359,CSS_J173319.1+222135,EW,EW,False,False,53.34318433690433,26.616180273365348,16852,True,False,False
360,CSS_J090305.4+192404,EW,EW,False,False,52.69671222755819,37.68008865903214,16852,True,False,False
361,CSS_J015555.3+020244,RRc,EW,True,False,89.29336188436831,51.2847965738758,2917,True,False,False
362,CSS_J051744.8+221556,EW,EW,False,False,94.79128186183968,21.407462135205023,16852,True,False,False
363,CSS_J145540.9-102358,EW,EW,False,False,32.43442925748061,28.33394902105652,16852,True,False,False
364,CSS_J204937.1-095949,RRc,RRc,False,False,76.98072805139186,90.04282655246253,2917,True,False,False
365,CSS_J163347.2+053615,EW,EW,False,False,78.79571481344662,33.394902105652015,16852,True,False,False
366,CSS_J024155.4-050504,EW,EW,False,False,75.78500184706317,58.533431843369044,16852,True,False,False
367,CSS_J050248.0-084427,EW,EW,False,False,76.98559290727744,25.304765422977464,16852,True,False,False
368,CSS_J073449.1+550245,RRc,RRc,False,False,73.982869379015,88.6509635974304,2917,True,False,False
369,CSS_J040020.2+085948,EA,EA,False,False,8.5995085995086,18.42751842751843,2597,True,False,False
370,CSS_J063630.4+404614,EW,EW,False,False,16.364979682305133,3.1769486516438863,16852,True,False,False
371,CSS_J085821.1+091739,EW,EW,False,False,94.42186922792759,97.22940524565941,16852,True,False,False
372,CSS_J165517.2+295415,EW,EW,False,False,30.070188400443293,8.97672700406354,16852,True,False,False
373,CSS_J040727.3+275106,EW,EW,False,False,78.98042113040266,63.29885482083487,16852,True,False,False
374,CSS_J130337.8+414524,EW,EW,False,False,16.789804211304027,35.833025489471744,16852,True,False,False
375,CSS_J130518.0-093455,EW,EW,False,False,35.81455485777614,68.9693387513853,16852,True,False,False
376,CSS_J032343.8+223419,EW,EW,False,False,51.976357591429625,59.66014037680088,16852,True,False,False
377,CSS_J231201.7+240208,EW,EW,False,False,71.18581455485777,93.23974879940894,16852,True,False,False
378,CSS_J025447.9-072646,EW,EW,False,False,3.0107129663834504,45.86257850018471,16852,True,False,False
379,CSS_J094543.2-081101,EW,RRc,True,False,83.04396010343554,95.67787218322866,16852,True,False,False
380,CSS_J220311.6-060013,RRc,RRc,False,False,44.75374732334047,90.47109207708779,2917,True,False,False
381,CSS_J092042.6+001903,EW,EW,False,False,94.07092722571112,99.27964536387145,16852,True,False,False
382,CSS_J163450.4+591107,RRab,RRab,False,False,42.63959390862944,59.390862944162436,1249,True,False,False
383,CSS_J080145.2+430057,EW,EW,False,False,47.41411156261544,23.75323236054673,16852,True,False,False
384,CSS_J174739.9+361130,RRc,RRc,False,False,77.8372591006424,55.567451820128476,2917,True,False,False
385,CSS_J013539.2+433623,EW,EW,False,False,27.04100480236424,68.45216106390839,16852,True,False,False
386,CSS_J165758.7+201017,EW,EW,False,False,65.2936830439601,10.158847432582194,16852,True,False,False
387,CSS_J210216.5-102524,RRc,RRc,False,False,34.04710920770878,28.4796573875803,2917,True,False,False
388,CSS_J045202.7+082843,EW,EW,False,False,13.594384927964537,24.473586996675287,16852,True,False,False
389,CSS_J231259.5+234948,EA,EA,False,False,40.78624078624078,34.88943488943489,2597,True,False,False
390,CSS_J015456.1+250750,EW,EW,False,False,45.73328407831548,43.664573328407826,16852,True,False,False
391,CSS_J181357.0+491035,EW,EW,False,False,16.309567787218324,30.753601773180645,16852,True,False,False
392,CSS_J021722.1+301739,RS CVn,RS CVn,False,True,15.073529411764705,43.38235294117647,846,True,False,False
393,CSS_J235428.4+375435,EW,EA,True,False,87.5138529737717,67.69486516438862,16852,True,False,False
394,CSS_J042239.5+031125,EW,EW,False,False,6.889545622460289,25.89582563723679,16852,True,False,False
395,CSS_J004254.5+001758,RRc,RRc,False,False,4.817987152034261,36.50963597430407,2917,True,False,False
396,CSS_J230218.7+380557,EW,EW,False,False,66.27262652382711,86.27632065016624,16852,True,False,False
397,CSS_J073933.6+185710,EW,EW,False,False,90.15515330624308,86.47949759881787,16852,True,False,False
398,CSS_J054810.4-043523,EW,EW,False,False,70.72404876246767,25.175471001108242,16852,True,False,False
399,CSS_J083741.6-110207,EW,EW,False,False,52.01329885482083,60.26967122275582,16852,True,False,False
400,CSS_J155927.1+175755,RRc,RRc,False,False,48.394004282655246,76.87366167023555,2917,True,False,False
401,CSS_J214259.5+200936,EA,EA,False,False,9.828009828009828,30.34398034398034,2597,True,False,False
402,CSS_J170328.0+103742,RRab,RRab,False,False,62.43654822335025,74.36548223350253,1249,True,False,False
403,CSS_J181823.6+352856,EW,EW,False,False,10.97155522718877,80.21795345400812,16852,True,False,False
404,CSS_J155349.8+575438,EW,EW,False,False,3.38012560029553,25.766531215367568,16852,True,False,False
405,CSS_J112211.9-180615,RRab,RRab,False,False,37.055837563451774,54.568527918781726,1249,True,False,False
406,CSS_J122449.3+122054,EW,EW,False,False,38.82526782415959,39.619504987070556,16852,True,False,False
407,CSS_J040706.6+325258,EW,EW,False,False,52.3088289619505,20.760990025858884,16852,True,False,False
408,CSS_J043241.9+324504,EW,EW,False,False,15.182859253786479,32.69301810121906,16852,True,False,False
409,CSS_J172039.2+171505,EW,EA,True,False,95.43775397118581,82.56372367934983,16852,True,False,False
410,CSS_J045215.6+201714,EW,EW,False,False,9.364610269671223,52.10565201329885,16852,True,False,False
411,CSS_J171714.6+425305,RRc,RRc,False,False,23.87580299785867,39.72162740899358,2917,True,False,False
412,CSS_J074429.8+595452,EA,EA,False,False,60.073710073710075,48.52579852579852,2597,True,False,False
413,CSS_J092517.1+295846,LPV,LPV,False,False,1.1494252873563218,13.793103448275861,281,True,False,False
414,CSS_J170450.6+413704,EW,EW,False,False,50.97894347986701,26.30217953454008,16852,True,False,False
415,CSS_J172236.9+442316,EW,EW,False,False,77.85371259697081,59.179903952715186,16852,True,False,False
416,CSS_J080716.0+335210,EW,EW,False,False,35.999261174732176,31.510897672700406,16852,True,False,False
417,CSS_J152105.8+172041,EW,EW,False,False,88.60362024381234,46.15810860731437,16852,True,False,False
418,CSS_J161005.1+253655,EW,EW,False,False,93.90469154045068,95.93646102696712,16852,True,False,False
419,CSS_J042800.0+232941,EW,EW,False,False,53.712596970816406,69.06169190986333,16852,True,False,False
420,CSS_J172038.4+123110,EW,EW,False,False,11.100849649057999,5.134835611377909,16852,True,False,False
421,CSS_J023931.1-052932,RRab,RRab,False,False,69.54314720812182,77.41116751269035,1249,True,False,False
422,CSS_J223659.8-120619,EW,EW,False,False,20.92722571111932,7.295899519763576,16852,True,False,False
423,CSS_J050635.2-030112,EA,EA,False,False,87.83783783783784,40.54054054054054,2597,True,False,False
424,CSS_J145711.3+014228,EA,EA,False,False,70.51597051597052,86.73218673218673,2597,True,False,False
425,CSS_J082123.2-052952,EW,EW,False,False,19.043221278167714,49.72294052456594,16852,True,False,False
426,CSS_J231543.6+422031,RRc,RRc,False,False,65.20342612419701,84.9036402569593,2917,True,False,False
427,CSS_J181422.0+360353,EW,EW,False,False,45.12375323236055,65.95862578500184,16852,True,False,False
428,CSS_J064249.2+401438,EW,EW,False,False,0.33247137052087183,19.227927595123752,16852,True,False,False
429,CSS_J091240.9+213143,EW,EW,False,False,42.556335426671595,66.1802733653491,16852,True,False,False
430,CSS_J082355.1-011752,EW,EW,False,False,41.28186183967492,14.961211673439232,16852,True,False,False
431,CSS_J151520.5+004511,RRc,EW,True,False,42.07708779443255,70.55674518201285,2917,True,False,False
432,CSS_J180119.5+585624,EW,EW,False,False,17.27004063538973,39.43479867011452,16852,True,False,False
433,CSS_J204146.0-082855,RRc,RRc,False,False,11.670235546038544,5.139186295503212,2917,True,False,False
434,CSS_J063714.7+501110,EW,EW,False,False,33.04396010343554,14.739564093091984,16852,True,False,False
435,CSS_J145127.4-194302,EW,EW,False,False,47.30328777244181,53.12153675655708,16852,True,False,False
436,CSS_J110621.6+554759,EW,EW,False,False,30.845954931658664,51.27447358699667,16852,True,False,False
437,CSS_J145720.9+100836,RRd,RRc,True,True,50.588235294117645,40.0,258,True,False,False
438,CSS_J224039.8+085239,RRab,RRab,False,False,75.1269035532995,74.61928934010153,1249,True,False,False
439,CSS_J045310.9-051017,EA,EA,False,False,49.14004914004914,52.45700245700245,2597,True,False,False
440,CSS_J221301.1+243637,EW,EW,False,False,15.64462504617658,32.545253047654235,16852,True,False,False
441,CSS_J013811.3+390421,RS CVn,EW,True,True,61.39705882352941,81.98529411764706,846,True,False,False
442,CSS_J005907.4+402816,EW,EW,False,False,24.49205762837089,33.76431473956409,16852,True,False,False
443,CSS_J001301.6-165514,EW,EW,False,False,66.25415589213151,47.48799408939786,16852,True,False,False
444,CSS_J070120.3+545108,EW,EW,False,False,71.61063908385667,73.55005541189509,16852,True,False,False
445,CSS_J095835.8+005027,EA,EA,False,False,20.76167076167076,77.88697788697789,2597,True,False,False
446,CSS_J002835.2+354051,EW,EW,False,False,18.43369043221278,87.34761728851127,16852,True,False,False
447,CSS_J122303.5+042337,RRc,RRc,False,False,31.58458244111349,6.5310492505353315,2917,True,False,False
448,CSS_J111842.7+273150,EW,EW,False,False,75.60029553010713,70.85334318433691,16852,True,False,False
449,CSS_J165534.9+050737,EW,EW,False,False,31.71407462135205,93.0919837458441,16852,True,False,False
450,CSS_J231941.3+360923,EW,EW,False,False,15.238271148873292,14.425563354266716,16852,True,False,False
451,CSS_J082327.2+244911,EA,EA,False,False,7.493857493857494,10.565110565110565,2597,True,False,False
452,CSS_J101920.6+453042,EW,EW,False,False,15.55227188769856,11.673439231621721,16852,True,False,False
453,CSS_J135948.9+120218,EW,EW,False,False,26.63465090506095,94.58810491318803,16852,True,False,False
454,CSS_J111420.1+035752,EA,EA,False,False,47.420147420147416,29.361179361179364,2597,True,False,False
455,CSS_J085434.1+252506,EW,RS CVn,True,False,85.42667159216846,81.45548577761359,16852,True,False,False
456,CSS_J073054.2+311410,EW,EW,False,False,75.21241226449945,10.990025858884374,16852,True,False,False
457,CSS_J225408.8+063434,RRc,RRc,False,False,17.02355460385439,81.47751605995718,2917,True,False,False
458,CSS_J035403.7+132051,EW,EW,False,False,25.41558921315109,26.763945326930184,16852,True,False,False
459,CSS_J170319.5-031131,EW,EW,False,False,86.94126339120798,76.04359069080162,16852,True,False,False
460,CSS_J171319.0+453025,EW,EW,False,False,35.075729589951976,8.42260805319542,16852,True,False,False
461,CSS_J080730.6+122221,EA,EA,False,False,13.39066339066339,6.87960687960688,2597,True,False,False
462,CSS_J084819.5-104153,EW,EW,False,False,24.25193941632804,59.25378647949759,16852,True,False,False
463,CSS_J161519.8+491001,EW,EW,False,False,86.1100849649058,65.33062430735131,16852,True,False,False
464,CSS_J060230.9-084931,EW,EW,False,False,99.46435168082749,98.18987809383081,16852,True,True,True
465,CSS_J070302.7+351517,EW,EW,False,False,79.73771702992242,81.9541928333949,16852,True,False,False
466,CSS_J150731.5+250306,RRc,RRc,False,False,63.91862955032121,58.13704496788008,2917,True,False,False
467,CSS_J160616.6+142417,RRc,EW,True,False,86.29550321199143,77.8372591006424,2917,True,False,False
468,CSS_J100634.2+165157,RRc,RRc,False,False,41.00642398286938,62.31263383297645,2917,True,False,False
469,CSS_J143448.3-173807,EW,EW,False,False,48.91023272995936,80.1256002955301,16852,True,False,False
470,CSS_J203933.0-122004,EW,EW,False,False,9.050609530845954,21.16734392316217,16852,True,False,False
471,CSS_J041014.9+244512,EA,EA,False,False,38.57493857493858,27.027027027027028,2597,True,False,False
472,CSS_J213457.4-020610,EW,EW,False,False,96.52752124122645,89.3793867750277,16852,True,False,False
473,CSS_J171538.4+400749,EW,EW,False,False,15.866272626523829,2.7521241226449944,16852,True,False,False
474,CSS_J020517.4+314431,EW,EW,False,False,1.2929442186922793,22.977465829331365,16852,True,False,False
475,CSS_J021755.4+232154,EW,EW,False,False,5.227188769855929,18.489102327299594,16852,True,False,False
476,CSS_J205927.0+031855,EA,EA,False,False,33.90663390663391,41.76904176904177,2597,True,False,False
477,CSS_J170820.9+344847,EW,EW,False,False,51.27447358699667,55.522718876985586,16852,True,False,False
478,CSS_J044010.3+050646,EW,EW,False,False,53.306243073513116,68.59992611747322,16852,True,False,False
479,CSS_J213746.4+160956,EW,EW,False,False,72.97746582933136,33.45031400073882,16852,True,False,False
480,CSS_J183133.8+345011,EW,EW,False,False,14.85038788326561,61.17473217584042,16852,True,False,False
481,CSS_J042727.5+341507,EW,EW,False,False,57.4067233099372,92.98115995567049,16852,True,False,False
482,CSS_J125846.3+333853,EW,EW,False,False,50.27705947543406,23.01440709272257,16852,True,False,False
483,CSS_J080221.9+061045,EW,EW,False,False,62.67085334318434,86.5903213889915,16852,True,False,False
484,CSS_J225854.4+145145,EW,EW,False,False,91.28186183967492,99.09493904691541,16852,True,False,False
485,CSS_J014034.9+433237,EW,EW,False,False,55.11636497968231,56.66789804211304,16852,True,False,False
486,CSS_J035531.3+184307,EA,EA,False,False,14.250614250614252,31.32678132678133,2597,True,False,False
487,CSS_J073845.7+345720,EW,EW,False,False,93.60916143332102,80.79054303657185,16852,True,False,False
488,CSS_J234339.3+354029,LPV,LPV,False,False,67.81609195402298,74.71264367816092,281,True,False,False
489,CSS_J162831.9+660200,EW,EW,False,False,9.383080901366826,15.404506834133727,16852,True,False,False
490,CSS_J083728.8-080636,EW,EW,False,False,70.44698928703362,74.39970446989287,16852,True,False,False
491,CSS_J165912.9+092905,EW,EW,False,False,30.42113040265977,54.72848171407462,16852,True,False,False
492,CSS_J042520.6+344404,EW,EW,False,False,36.64573328407831,36.86738086442556,16852,True,False,False
493,CSS_J212853.7+140418,RRc,EW,True,False,98.7152034261242,95.61027837259101,2917,True,False,False
494,CSS_J164744.6+390757,EW,EW,False,False,73.30993719985224,69.50498707055782,16852,True,False,False
495,CSS_J053953.3-032841,EW,EW,False,False,68.87698559290727,92.22386405615072,16852,True,False,False
496,CSS_J004919.4-045902,EA,EA,False,False,35.13513513513514,22.727272727272727,2597,True,False,False
497,CSS_J060904.4-034118,EW,EW,False,False,45.19763575914296,49.889176209826374,16852,True,False,False
498,CSS_J152820.4+151919,EW,EW,False,False,62.9479128186184,36.165496859992615,16852,True,False,False
499,CSS_J024950.7+302621,EW,EW,False,False,93.5722201699298,88.64056150720354,16852,True,False,False
500,CSS_J210124.3-012219,EW,EW,False,False,32.45289988917621,72.03546361285555,16852,True,False,False
501,CSS_J200912.1-172839,EW,EW,False,False,32.065016623568525,48.50387883265608,16852,True,False,False
502,CSS_J132323.7+175558,RRc,RRc,False,False,52.46252676659529,11.991434689507495,2917,True,False,False
503,CSS_J224101.3-164324,EW,EW,False,False,84.15219800517177,84.18913926856298,16852,True,False,False
504,CSS_J015722.5-054457,RRc,RRc,False,False,24.30406852248394,32.65524625267666,2917,True,False,False
505,CSS_J141340.5+325647,EW,EW,False,False,84.33690432212782,52.548947173993355,16852,True,False,False
506,CSS_J075654.2+150301,EW,EW,False,False,33.67196158108607,32.02807536017732,16852,True,False,False
507,CSS_J142611.0+073016,EW,EW,False,False,16.93756926486886,53.490949390469154,16852,True,False,False
508,CSS_J225439.0-182753,LPV,RS CVn,True,False,52.87356321839081,3.4482758620689653,281,True,False,False
509,CSS_J203838.6-021146,RRd,RRc,True,True,22.35294117647059,17.647058823529413,258,True,False,False
510,CSS_J162945.6-111514,RRc,RRc,False,False,18.201284796573873,13.49036402569593,2917,True,False,False
511,CSS_J161756.7+471802,EW,EW,False,False,45.91799039527152,69.61581086073144,16852,True,False,False
512,CSS_J211511.0+132857,EW,EW,False,False,55.68895456224603,40.19209456963428,16852,True,False,False
513,CSS_J155656.4-111836,EW,EW,False,False,70.94569634281493,77.83524196527522,16852,True,False,False
514,CSS_J045154.0+105721,EW,EW,False,False,33.85666789804211,52.41965275212412,16852,True,False,False
515,CSS_J050423.2+163941,EW,EW,False,False,25.434059844846697,77.59512375323237,16852,True,False,False
516,CSS_J052413.3-014441,EW,EW,False,False,59.272257111193206,63.040265977096425,16852,True,False,False
517,CSS_J025246.2-192011,RRab,RRab,False,False,67.25888324873097,43.65482233502538,1249,True,False,False
518,CSS_J212245.2-062018,EW,EW,False,False,29.239009974141116,29.239009974141116,16852,True,False,False
519,CSS_J164159.1+100502,EW,EW,False,False,51.311414850387884,43.830809013668265,16852,True,False,False
520,CSS_J073937.5+353158,EW,EW,False,False,61.80273365349095,6.095308459549317,16852,True,False,False
521,CSS_J202528.3-113258,EW,EW,False,False,63.077207240487624,41.94680458071666,16852,True,False,False
522,CSS_J124409.8+360322,EW,EW,False,False,17.122275581824898,40.98633173254525,16852,True,False,False
523,CSS_J160531.2+295642,RRc,RRc,False,False,69.16488222698072,3.4261241970021414,2917,True,False,False
524,CSS_J062703.0+625455,EW,EW,False,False,65.01662356852604,76.67159216845216,16852,True,False,False
525,CSS_J080952.2+031950,EW,EW,False,False,75.76653121536756,89.60103435537495,16852,True,False,False
526,CSS_J040637.4+303537,EW,EW,False,False,11.008496490579978,8.662726265238271,16852,True,False,False
527,CSS_J033441.5+010506,EW,EW,False,False,8.145548577761359,9.549316586627263,16852,True,False,False
528,CSS_J155505.8+403651,RRc,RRc,False,False,38.86509635974304,3.854389721627409,2917,True,False,False
529,CSS_J031730.2-105200,EW,EW,False,False,66.32803841891392,22.571111932028074,16852,True,False,False
530,CSS_J035941.8+105942,RRc,RRc,False,False,56.74518201284796,36.61670235546038,2917,True,False,False
531,CSS_J083454.0+123513,EW,EW,False,False,55.522718876985586,97.96823051348356,16852,True,False,False
532,CSS_J083607.7+075934,EW,EW,False,False,30.273365349094938,7.388252678241596,16852,True,False,False
533,CSS_J224007.6+090052,EW,EW,False,False,55.96601403768009,91.15256741780568,16852,True,False,False
534,CSS_J051656.9+040805,EW,EW,False,False,22.49722940524566,24.510528260066494,16852,True,False,False
535,CSS_J090006.7+183628,RRc,EW,True,False,47.00214132762313,74.51820128479658,2917,True,False,False
536,CSS_J045123.7+104312,EW,EW,False,False,77.2626523827115,84.42925748060584,16852,True,False,False
537,CSS_J170547.9-015927,RS CVn,RS CVn,False,True,27.205882352941174,26.47058823529412,846,True,False,False
538,CSS_J155057.5-133547,EW,EW,False,False,92.88880679719247,28.223125230882896,16852,True,False,False
539,CSS_J105855.0+172212,EW,EW,False,False,81.65866272626523,86.83043960103436,16852,True,False,False
540,CSS_J123543.4+180307,RRc,EW,True,False,40.68522483940043,78.69379014989293,2917,True,False,False
541,CSS_J013041.8+160916,EW,EW,False,False,65.64462504617657,33.007018840044324,16852,True,False,False
542,CSS_J070728.8+410115,EA,EA,False,False,34.88943488943489,47.78869778869779,2597,True,False,False
543,CSS_J043308.9-110826,EW,EW,False,False,2.4011821204285186,38.21573697820465,16852,True,False,False
544,CSS_J094624.9+034936,EW,EW,False,False,30.347247875877354,43.62763206501663,16852,True,False,False
545,CSS_J051411.6+194240,EA,EA,False,False,52.94840294840295,14.987714987714988,2597,True,False,False
546,CSS_J175346.1+294828,RRc,RRc,False,False,38.0085653104925,13.16916488222698,2917,True,False,False
547,CSS_J205448.2-084546,RRc,RRc,False,False,51.605995717344754,73.12633832976445,2917,True,False,False
548,CSS_J224729.6+291638,EW,EW,False,False,35.53749538234208,34.429257480605834,16852,True,False,False
549,CSS_J050159.5-155449,EW,EW,False,False,20.151459179903952,62.85555966014038,16852,True,False,False
550,CSS_J212725.5-034522,EW,EW,False,False,23.32840783154784,47.91281861839675,16852,True,False,False
551,CSS_J155442.7+183035,RRc,EW,True,False,65.73875802997858,72.69807280513919,2917,True,False,False
552,CSS_J214907.6+183050,EA,EW,True,False,59.82800982800983,43.85749385749386,2597,True,False,False
553,CSS_J051635.8+002500,LPV,LPV,False,False,56.32183908045977,63.2183908045977,281,True,False,False
554,CSS_J230343.6+283348,EW,EW,False,False,51.108237901736246,8.644255633542668,16852,True,False,False
555,CSS_J051902.0+030152,EW,EW,False,False,27.151828592537864,4.599187292205394,16852,True,False,False
556,CSS_J052517.1+131029,EW,EW,False,False,73.6424085703731,76.13594384927964,16852,True,False,False
557,CSS_J170316.7+081455,EA,EW,True,False,86.24078624078624,74.44717444717445,2597,True,False,False
558,CSS_J044221.2+174632,EW,EW,False,False,21.684521610639084,5.688954562246029,16852,True,False,False
559,CSS_J170327.9+585420,EW,EW,False,False,48.57776135943849,52.567417805688955,16852,True,False,False
560,CSS_J012454.4-160944,EW,EW,False,False,68.35980790543037,80.45807166605098,16852,True,False,False
561,CSS_J075501.5+314629,EW,EW,False,False,71.38899150350943,84.87255264130033,16852,True,False,False
562,CSS_J164625.9+402256,EW,EW,False,False,17.676394532693017,42.75951237532324,16852,True,False,False
563,CSS_J033409.7-112247,EW,EW,False,False,94.9390469154045,9.67861100849649,16852,True,False,False
564,CSS_J162337.1+155720,EW,EW,False,False,62.68932397487994,50.4802364240857,16852,True,False,False
565,CSS_J205759.2-014958,EA,EA,False,False,24.692874692874692,24.938574938574938,2597,True,False,False
566,CSS_J120205.1-020436,EA,EA,False,False,23.832923832923832,48.894348894348894,2597,True,False,False
567,CSS_J032448.5+225630,EW,EW,False,False,18.47063169560399,26.15441448097525,16852,True,False,False
568,CSS_J231156.2+182423,EA,EA,False,False,6.511056511056511,9.45945945945946,2597,True,False,False
569,CSS_J094901.3-063243,EW,EW,False,False,88.54820834872552,94.27410417436276,16852,True,False,False
570,CSS_J083046.3+040810,EW,EW,False,False,16.198743997044698,6.150720354636128,16852,True,False,False
571,CSS_J133215.8+023301,EW,EW,False,False,56.57554488363502,95.62246028814185,16852,True,False,False
572,CSS_J070057.0+313556,EW,EW,False,False,22.294052456594017,2.3827114887329146,16852,True,False,False
573,CSS_J204559.2-010004,RRab,RRab,False,False,5.0761421319796955,17.00507614213198,1249,True,False,False
574,CSS_J074407.2+442646,EW,EW,False,False,1.680827484299963,6.076837827853713,16852,True,False,False
575,CSS_J081623.1+094217,EW,EW,False,False,67.80568895456224,51.45917990395271,16852,True,False,False
576,CSS_J234600.5+361345,EW,EW,False,False,54.248245289988915,23.180642777983007,16852,True,False,False
577,CSS_J100001.7+242305,EW,RS CVn,True,False,56.40930919837458,59.40155153306244,16852,True,False,False
578,CSS_J031314.3+353556,EW,EW,False,False,16.642039157739195,19.837458441078685,16852,True,False,False
579,CSS_J052840.0+100216,EW,EW,False,False,80.45807166605098,70.61322497229405,16852,True,False,False
580,CSS_J092115.0-175913,EW,EW,False,False,85.27890653860362,96.12116734392316,16852,True,False,False
581,CSS_J035635.3+322154,EW,EA,True,False,93.0550424824529,78.11230144070927,16852,True,False,False
582,CSS_J051407.0+102711,EW,EW,False,False,87.56926486885851,62.59697081640192,16852,True,False,False
583,CSS_J171159.6+342411,EW,RRab,True,False,49.205762837089026,87.90173623937939,16852,True,False,False
584,CSS_J085303.5-164049,RRab,RRab,False,False,39.340101522842644,23.85786802030457,1249,True,False,False
585,CSS_J052342.5+104344,EW,EW,False,False,93.62763206501661,81.99113409678611,16852,True,False,False
586,CSS_J215555.7+004236,EW,EW,False,False,25.37864794975988,71.62910971555227,16852,True,False,False
587,CSS_J203638.0-090633,EA,EA,False,False,17.444717444717444,0.9828009828009828,2597,True,False,False
588,CSS_J220351.7+012835,EW,EW,False,False,42.31621721462874,72.05393424455117,16852,True,False,False
589,CSS_J235104.0+115651,EA,EA,False,False,29.238329238329236,13.882063882063884,2597,True,False,False
590,CSS_J142858.8+571442,EW,EW,False,False,0.07388252678241596,2.327299593646103,16852,True,False,False
591,CSS_J170016.8-040051,EW,EA,True,False,78.70336165496859,3.9157739194680454,16852,True,False,False
592,CSS_J073039.1+371903,EW,EW,False,False,36.073143701514596,11.858145548577761,16852,True,False,False
593,CSS_J210446.6+092219,EW,EW,False,False,15.016623568526043,7.942371629109715,16852,True,False,False
594,CSS_J022505.9+363119,EW,EW,False,False,2.013298854820835,1.8285925378647951,16852,True,False,False
595,CSS_J164628.6+074334,RS CVn,EW,True,True,62.13235294117647,51.83823529411765,846,True,False,False
596,CSS_J021834.1+320411,EW,EW,False,False,1.1451791651274472,46.36128555596601,16852,True,False,False
597,CSS_J212154.9-043958,EW,EW,False,False,92.03915773919468,91.55892131510898,16852,True,False,False
598,CSS_J165534.9-020719,EW,EW,False,False,77.11488732914665,59.290727742888805,16852,True,False,False
599,CSS_J045611.3-101338,EW,EW,False,False,73.69782046545991,19.560398965644623,16852,True,False,False
600,CSS_J225009.1+330931,EA,EA,False,False,48.157248157248155,22.85012285012285,2597,True,False,False
601,CSS_J174939.9+455748,RRc,RRc,False,False,34.475374732334046,28.800856531049252,2917,True,False,False
602,CSS_J033854.3+255705,EW,EW,False,False,49.704469892870335,85.07572958995198,16852,True,False,False
603,CSS_J084603.8+124035,EA,EA,False,False,40.417690417690416,22.358722358722357,2597,True,False,False
604,CSS_J171053.9+125642,RRc,EW,True,False,37.47323340471092,82.54817987152035,2917,True,False,False
605,CSS_J162114.2+210339,EW,EW,False,False,93.86775027705949,74.80605836719616,16852,True,False,False
606,CSS_J212650.1+143708,RRc,EW,True,False,94.43254817987152,85.22483940042827,2917,True,False,False
607,CSS_J094855.5+172008,EW,EW,False,False,78.83265607683782,42.556335426671595,16852,True,False,False
608,CSS_J143722.5+082242,RRab,RRab,False,False,15.48223350253807,25.888324873096447,1249,True,False,False
609,CSS_J045629.1+185944,EW,EW,False,False,88.84373845585519,75.76653121536756,16852,True,False,False
610,CSS_J080529.7+340910,EW,EW,False,False,93.68304396010345,79.23900997414111,16852,True,False,False
611,CSS_J041405.7+301742,EW,EW,False,False,84.13372737347618,34.63243442925748,16852,True,False,False
612,CSS_J002857.4+102402,EW,EW,False,False,66.90062800147764,98.44846693756926,16852,True,False,False
613,CSS_J132617.2+190900,EA,EA,False,False,15.724815724815725,14.373464373464373,2597,True,False,False
614,CSS_J133844.2+272627,RRd,RRd,False,True,32.94117647058823,2.3529411764705883,258,True,False,False
615,CSS_J121144.2+142022,EW,RS CVn,True,False,92.61174732175841,99.83376431473955,16852,True,False,False
616,CSS_J092031.2+353311,RRc,RRc,False,False,36.402569593147746,30.513918629550325,2917,True,False,False
617,CSS_J083723.3-020900,EW,EW,False,False,21.001108237901736,21.14887329146657,16852,True,False,False
618,CSS_J172201.1+153918,EW,EW,False,False,49.42741041743627,79.97783524196528,16852,True,False,False
619,CSS_J115440.5-134950,RRc,RRab,True,False,95.93147751605996,94.3254817987152,2917,True,False,False
620,CSS_J073526.7+472918,EW,EA,True,False,99.31658662726265,99.68599926117473,16852,True,True,False
621,CSS_J222112.9+261848,EW,EW,False,False,99.20576283708903,58.607314370151464,16852,True,False,False
622,CSS_J045505.6+171145,EW,EW,False,False,62.65238271148873,39.028444772811234,16852,True,False,False
623,CSS_J020329.6+103325,EW,EW,False,False,43.53527890653861,23.771702992242336,16852,True,False,False
624,CSS_J073158.5+644151,EA,EA,False,False,82.80098280098281,33.53808353808354,2597,True,False,False
625,CSS_J045558.5+170333,EW,EW,False,False,87.5507942371629,81.437015145918,16852,True,False,False
626,CSS_J095452.9-124525,RRab,RRab,False,False,65.22842639593908,73.09644670050761,1249,True,False,False
627,CSS_J211237.3+051241,EW,EW,False,False,12.153675655707426,69.85592907277429,16852,True,False,False
628,CSS_J095309.5+390351,EW,EW,False,False,47.48799408939786,13.409678611008497,16852,True,False,False
629,CSS_J092026.7+090207,EW,EW,False,False,53.084595493165864,6.132249722940525,16852,True,False,False
630,CSS_J221535.4+100607,EW,EW,False,False,84.05984484669375,96.02881418544514,16852,True,False,False
631,CSS_J065838.8+394456,EA,EA,False,False,46.19164619164619,50.368550368550366,2597,True,False,False
632,CSS_J171423.3+035655,RRc,RRc,False,False,7.387580299785867,10.278372591006423,2917,True,False,False
633,CSS_J045626.4-101115,EA,EA,False,False,70.14742014742015,64.86486486486487,2597,True,False,False
634,CSS_J232841.1-072622,EA,EA,False,False,55.528255528255535,86.11793611793613,2597,True,False,False
635,CSS_J021140.7+343700,EW,EW,False,False,67.6025120059106,81.0306612486147,16852,True,False,False
636,CSS_J083652.2+231558,EW,EW,False,False,73.66087920206871,42.223864056150724,16852,True,False,False
637,CSS_J103013.4+151101,EW,EW,False,False,98.92870336165497,93.12892500923532,16852,True,False,False
638,CSS_J033704.5+391747,EW,EW,False,False,33.46878463243443,34.68784632434429,16852,True,False,False
639,CSS_J034508.1+295429,EA,EA,False,False,55.03685503685504,44.5945945945946,2597,True,False,False
640,CSS_J143010.0-154305,EW,EW,False,False,53.52789065386037,88.67750277059476,16852,True,False,False
641,CSS_J004914.8+364504,EW,EW,False,False,72.99593646102697,40.395271518285924,16852,True,False,False
642,CSS_J230402.7+211028,EW,EW,False,False,98.24528998891762,92.46398226819356,16852,True,False,False
643,CSS_J011142.0+394329,EW,EW,False,False,81.04913188031031,17.76874769117104,16852,True,False,False
644,CSS_J091649.4+143857,EW,EW,False,False,27.705947543405983,6.353897303287773,16852,True,False,False
645,CSS_J045358.5+183138,EW,EW,False,False,28.29700775766531,40.24750646472109,16852,True,False,False
646,CSS_J234102.1+202626,EW,EW,False,False,0.9420022164758035,6.963428149242704,16852,True,False,False
647,CSS_J115606.6+030131,RRc,RRc,False,False,40.149892933618844,22.91220556745182,2917,True,False,False
648,CSS_J222127.2+141435,EW,EW,False,False,54.48836350203177,71.88769855929073,16852,True,False,False
649,CSS_J223400.7+082847,RRc,RRc,False,False,39.61456102783726,44.3254817987152,2917,True,False,False
650,CSS_J073908.4+574226,EW,EW,False,False,90.67233099371998,64.8134466198744,16852,True,False,False
651,CSS_J045642.4+174919,EW,EW,False,False,43.073513114148504,16.291097155522717,16852,True,False,False
652,CSS_J161840.3-011914,RRd,EW,True,True,88.23529411764706,89.41176470588236,258,True,False,False
653,CSS_J043352.4+104026,EW,EW,False,False,32.93313631326191,16.99298115995567,16852,True,False,False
654,CSS_J162457.5+343859,RS CVn,EW,True,True,52.94117647058824,31.985294117647058,846,True,False,False
655,CSS_J031628.1+144813,EW,EW,False,False,47.65422977465829,9.697081640192094,16852,True,False,False
656,CSS_J050317.1+094916,RRc,EW,True,False,77.73019271948608,40.899357601713064,2917,True,False,False
657,CSS_J011407.0+101429,EW,EW,False,False,9.309198374584412,4.100480236424086,16852,True,False,False
658,CSS_J040821.6+314513,EW,EW,False,False,41.79903952715183,45.43775397118581,16852,True,False,False
659,CSS_J170441.5-020613,RRab,RRab,False,False,90.1015228426396,99.23857868020305,1249,True,False,False
660,CSS_J003320.0+412136,EA,EA,False,False,24.938574938574938,37.83783783783784,2597,True,False,False
661,CSS_J091825.7-121729,EW,EW,False,False,26.468415219800516,82.0096047284817,16852,True,False,False
662,CSS_J074055.0+344005,EW,EW,False,False,53.10306612486148,61.28555596601404,16852,True,False,False
663,CSS_J051842.3+142505,EW,EW,False,False,74.49205762837089,68.00886590321389,16852,True,False,False
664,CSS_J045635.8+210108,EA,EA,False,False,44.103194103194106,15.356265356265355,2597,True,False,False
665,CSS_J221839.4-032352,RRab,RRab,False,False,22.33502538071066,25.63451776649746,1249,True,False,False
666,CSS_J170531.3+571219,RRc,EW,True,False,74.19700214132763,58.35117773019272,2917,True,False,False
667,CSS_J035828.5-161037,EW,EW,False,False,87.80938308090137,52.068710749907645,16852,True,False,False
668,CSS_J085839.6-193451,EW,EW,False,False,25.600295530107132,78.85112670853344,16852,True,False,False
669,CSS_J210537.0+081234,EW,EW,False,False,97.10011082379017,55.060953084595496,16852,True,False,False
670,CSS_J113405.5-022045,RRc,RRc,False,False,59.850107066381156,72.1627408993576,2917,True,False,False
671,CSS_J084920.5+503909,EW,EW,False,False,2.253417066863687,2.308828961950499,16852,True,False,False
672,CSS_J232125.1+371848,EW,EW,False,False,1.0897672700406353,17.159216845216108,16852,True,False,False
673,CSS_J235234.5+301336,EW,EW,False,False,97.74658293313632,94.44033985962321,16852,True,False,False
674,CSS_J004523.7+360006,EW,EW,False,False,5.060953084595493,34.2630217953454,16852,True,False,False
675,CSS_J211506.2+134002,EA,EW,True,False,94.47174447174447,80.71253071253072,2597,True,False,False
676,CSS_J075524.4+053152,EW,EW,False,False,96.41669745105283,64.07462135205024,16852,True,False,False
677,CSS_J121000.0-051538,EW,EW,False,False,26.819357222016993,92.37162910971554,16852,True,False,False
678,CSS_J005248.4+214950,EA,EA,False,False,20.39312039312039,3.43980343980344,2597,True,False,False
679,CSS_J130200.7-053413,EW,EW,False,False,66.75286294791282,70.22534170668638,16852,True,False,False
680,CSS_J073402.1+441123,EW,EW,False,False,58.865903213889915,42.20539342445512,16852,True,False,False
681,CSS_J132439.8+130747,EW,EW,False,False,38.788326560768375,71.29663834503141,16852,True,False,False
682,CSS_J145035.6+381328,RRc,RRc,False,False,61.77730192719486,22.698072805139187,2917,True,False,False
683,CSS_J025128.0+382741,RRd,RRc,True,True,3.5294117647058822,9.411764705882353,258,True,False,False
684,CSS_J171254.9+182944,EW,EW,False,False,55.87366087920207,40.09974141115626,16852,True,False,False
685,CSS_J024227.0+011332,RRc,RRc,False,False,39.72162740899358,57.49464668094218,2917,True,False,False
686,CSS_J180110.2+381629,EW,EW,False,False,35.90690801625416,64.92427041004802,16852,True,False,False
687,CSS_J070854.4+391901,EW,EW,False,False,78.7403029183598,96.65681566309567,16852,True,False,False
688,CSS_J105247.0+185440,EW,EW,False,False,75.4894717399335,44.34798670114518,16852,True,False,False
689,CSS_J012626.0-074957,EW,EW,False,False,69.80051717768748,9.43849279645364,16852,True,False,False
690,CSS_J023240.8+411934,EA,EA,False,False,12.776412776412776,9.950859950859952,2597,True,False,False
691,CSS_J233555.9-043524,EW,EW,False,False,94.32951606944957,83.74584410786849,16852,True,False,False
692,CSS_J080604.5+502042,EW,EW,False,False,60.47284817140747,62.22755818248984,16852,True,False,False
693,CSS_J082851.6+010007,EW,EW,False,False,37.79091244920576,66.95603989656446,16852,True,False,False
694,CSS_J085137.8+115057,EW,RRc,True,False,71.57369782046547,89.02844477281123,16852,True,False,False
695,CSS_J055201.7-071625,EW,EW,False,False,69.9298115995567,80.31030661248614,16852,True,False,False
696,CSS_J084722.1+280501,EW,EW,False,False,93.11045437753971,78.51865533801255,16852,True,False,False
697,CSS_J063714.5+421305,EW,EW,False,False,25.0092353158478,4.876246767639453,16852,True,False,False
698,CSS_J052738.2+002304,RS CVn,RS CVn,False,True,4.779411764705882,20.588235294117645,846,True,False,False
699,CSS_J091144.3+001154,EW,EW,False,False,32.74842999630587,68.9323974879941,16852,True,False,False
700,CSS_J162516.0+094200,EW,EW,False,False,40.044329516069446,77.18876985592907,16852,True,False,False
701,CSS_J153104.1+024828,RRc,RRc,False,False,13.276231263383298,36.188436830835116,2917,True,False,False
702,CSS_J081732.7-045439,EW,EW,False,False,75.0092353158478,16.71592168452161,16852,True,False,False
703,CSS_J203846.9-131714,EA,EW,True,False,35.01228501228501,38.20638820638821,2597,True,False,False
704,CSS_J014100.3+071211,EW,EW,False,False,32.00960472848172,21.185814554857778,16852,True,False,False
705,CSS_J163441.9-090007,RRab,RRab,False,False,8.629441624365482,27.66497461928934,1249,True,False,False
706,CSS_J222221.8+314737,EW,EW,False,False,5.005541189508681,9.383080901366826,16852,True,False,False
707,CSS_J145910.0-053418,EW,EW,False,False,27.964536387144438,47.691171038049504,16852,True,False,False
708,CSS_J175354.3+312753,EW,EW,False,False,73.42076099002585,6.8156630956778725,16852,True,False,False
709,CSS_J224312.4+320535,EW,EW,False,False,28.592537864794977,13.243442925748061,16852,True,False,False
710,CSS_J062003.7+561112,EW,EW,False,False,90.65386036202439,12.744735869966753,16852,True,False,False
711,CSS_J143140.4+053030,EW,EW,False,False,40.616919098633176,62.43073513114149,16852,True,False,False
712,CSS_J055104.1-193750,EW,EW,False,False,47.93128925009235,70.29922423346878,16852,True,False,False
713,CSS_J084214.1+064737,EW,EW,False,False,32.545253047654235,5.319541928333949,16852,True,False,False
714,CSS_J043411.4+001319,EW,EW,False,False,39.360916143332105,47.39564093091984,16852,True,False,False
715,CSS_J082741.6+140949,EW,EW,False,False,88.4558551902475,91.30033247137051,16852,True,False,False
716,CSS_J044402.9+180755,EW,EW,False,False,64.3516808274843,28.18618396749169,16852,True,False,False
717,CSS_J163309.4+265855,EW,EW,False,False,94.03398596231992,79.79312892500924,16852,True,False,False
718,CSS_J173125.9+431131,EW,EW,False,False,16.032508311784262,46.010343553749536,16852,True,False,False
719,CSS_J030826.7+214350,EW,EW,False,False,34.94643516808275,17.06686368673809,16852,True,False,False
720,CSS_J080932.7+254626,EW,EW,False,False,48.30070188400443,21.130402659770965,16852,True,False,False
721,CSS_J162618.8+162530,EW,EW,False,False,80.71666050978943,52.75212412264499,16852,True,False,False
722,CSS_J022401.6+260633,EW,EW,False,False,52.43812338381972,31.326191355744363,16852,True,False,False
723,CSS_J234807.7-162016,EA,EA,False,False,11.547911547911548,14.496314496314497,2597,True,False,False
724,CSS_J161724.8-055222,EW,EW,False,False,68.24898411525673,83.94902105652014,16852,True,False,False
725,CSS_J035649.9+195549,RS CVn,EW,True,True,17.27941176470588,33.455882352941174,846,True,False,False
726,CSS_J040827.8-123009,EW,EW,False,False,90.74621352050241,55.81824898411526,16852,True,False,False
727,CSS_J034819.9+374949,EW,EW,False,False,68.61839674916882,26.579239009974142,16852,True,False,False
728,CSS_J084017.3+343026,EW,EW,False,False,58.533431843369044,16.789804211304027,16852,True,False,False
729,CSS_J093504.3+050453,EW,EW,False,False,61.78426302179535,63.83450314000739,16852,True,False,False
730,CSS_J155116.7+490413,EW,EW,False,False,36.31326191355744,3.6571850757295903,16852,True,False,False
731,CSS_J025251.6+175826,EA,EA,False,False,55.651105651105645,82.92383292383292,2597,True,False,False
732,CSS_J142820.8+145428,EW,EW,False,False,84.46619874399704,72.58958256372368,16852,True,False,False
733,CSS_J122541.6+352314,EA,EW,True,False,79.97542997542998,89.06633906633907,2597,True,False,False
734,CSS_J022758.8+313709,EW,EW,False,False,27.595123753232357,9.364610269671223,16852,True,False,False
735,CSS_J050051.1-063834,EW,EW,False,False,20.98263760620613,11.728851126708534,16852,True,False,False
736,CSS_J045447.2+063606,EW,EW,False,False,99.0395271518286,99.5751754710011,16852,True,True,True
737,CSS_J050305.0+045419,EW,EW,False,False,78.64794975988178,87.29220539342447,16852,True,False,False
738,CSS_J051433.9+101551,EW,EW,False,False,87.82785371259698,60.08496490579978,16852,True,False,False
739,CSS_J122420.4+103852,RRc,RRc,False,False,11.134903640256958,25.160599571734476,2917,True,False,False
740,CSS_J105407.4+321903,EW,EW,False,False,24.67676394532693,2.105652013298855,16852,True,False,False
741,CSS_J170209.8-011647,RRc,EW,True,False,93.36188436830835,98.07280513918629,2917,True,False,False
742,CSS_J051516.8+162244,EW,EW,False,False,9.43849279645364,7.166605097894347,16852,True,False,False
743,CSS_J221319.1+102435,RS CVn,RS CVn,False,True,6.61764705882353,12.867647058823529,846,True,False,False
744,CSS_J080400.8+301357,EW,EW,False,False,55.39342445511637,36.83043960103436,16852,True,False,False
745,CSS_J205104.3+010133,EW,EW,False,False,42.42704100480236,56.26154414480975,16852,True,False,False
746,CSS_J055721.4+051438,EW,EW,False,False,85.96231991134097,35.37125969708164,16852,True,False,False
747,CSS_J163404.4+124735,EA,EA,False,False,29.361179361179364,42.38329238329238,2597,True,False,False
748,CSS_J080216.8+213104,EW,EW,False,False,99.59364610269671,95.23457702253417,16852,True,False,False
749,CSS_J041809.3+214229,EW,EW,False,False,67.84263021795346,56.79719246398227,16852,True,False,False
750,CSS_J103814.1+054032,EW,EW,False,False,31.141485038788325,69.59734022903584,16852,True,False,False
751,CSS_J102742.1+052936,EW,EW,False,False,64.31473956409309,83.67196158108608,16852,True,False,False
752,CSS_J043046.6+311930,EW,RRc,True,False,77.04100480236424,71.16734392316218,16852,True,False,False
753,CSS_J045604.1+093044,EW,EW,False,False,28.555596601403764,68.67380864425563,16852,True,False,False
754,CSS_J025002.3+201627,RRc,RRc,False,False,60.27837259100642,60.49250535331906,2917,True,False,False
755,CSS_J153040.4-083723,EW,EW,False,False,63.483561137790915,94.53269301810123,16852,True,False,False
756,CSS_J223622.1+143313,EW,EW,False,False,29.34983376431474,80.90136682674547,16852,True,False,False
757,CSS_J113153.8-133254,EW,EW,False,False,15.515330624307353,35.666789804211305,16852,True,False,False
758,CSS_J012955.1+391130,EW,EW,False,False,27.761359438492793,48.448466937569265,16852,True,False,False
759,CSS_J004612.7+141542,EW,EW,False,False,60.288141854451425,22.6819357222017,16852,True,False,False
760,CSS_J021736.6+412102,EW,EW,False,False,9.697081640192094,1.0712966383450313,16852,True,False,False
761,CSS_J035904.5+080009,RS CVn,RS CVn,False,True,41.17647058823529,13.602941176470587,846,True,False,False
762,CSS_J051859.7+051351,EW,EW,False,False,16.05097894347987,47.17399335057259,16852,True,False,False
763,CSS_J063733.2+653355,EW,EW,False,False,5.3380125600295525,19.985223494643517,16852,True,False,False
764,CSS_J122004.3+185916,EA,EW,True,False,97.17444717444718,95.7002457002457,2597,True,False,False
765,CSS_J034953.7+153340,EW,RRc,True,False,82.65607683782785,86.62726265238271,16852,True,False,False
766,CSS_J034624.5+301608,RS CVn,RS CVn,False,True,38.60294117647059,54.04411764705882,846,True,False,False
767,CSS_J044539.0-072227,EW,EW,False,False,17.898042113040265,29.940893978574067,16852,True,False,False
768,CSS_J024627.3+183413,EW,EA,True,False,83.50572589582563,30.790543036571847,16852,True,False,False
769,CSS_J133852.9+191917,EW,EW,False,False,24.43664573328408,28.537125969708164,16852,True,False,False
770,CSS_J082244.2-015843,EW,EW,False,False,91.41115626154415,88.76985592907278,16852,True,False,False
771,CSS_J205822.0-092504,RRab,RRab,False,False,11.6751269035533,27.157360406091367,1249,True,False,False
772,CSS_J072853.0+254016,EW,EW,False,False,61.93202807536018,64.96121167343924,16852,True,False,False
773,CSS_J085256.8-193316,EW,EW,False,False,78.09383080901367,83.54266715921685,16852,True,False,False
774,CSS_J165208.8+010740,EA,EA,False,False,4.176904176904177,5.528255528255528,2597,True,False,False
775,CSS_J162144.7+243517,EW,EW,False,False,3.8049501292944217,5.282600664942741,16852,True,False,False
776,CSS_J010946.8+380447,EW,EW,False,False,45.54857776135944,55.41189508681197,16852,True,False,False
777,CSS_J070812.2+365953,EW,EW,False,False,96.80458071666051,92.48245289988918,16852,True,False,False
778,CSS_J001736.6+205147,EW,EW,False,False,63.33579608422608,8.792020687107499,16852,True,False,False
779,CSS_J120746.2-060202,EW,EW,False,False,66.08792020687108,75.08311784263022,16852,True,False,False
780,CSS_J034313.3+182337,EA,EA,False,False,90.41769041769042,80.34398034398035,2597,True,False,False
781,CSS_J164444.3+181132,RRc,EW,True,False,99.25053533190578,100.0,2917,True,True,False
782,CSS_J213344.5-040643,EW,EW,False,False,23.05134835611378,11.61802733653491,16852,True,False,False
783,CSS_J170032.8+341940,EW,EW,False,False,26.246767639453267,35.352789065386034,16852,True,False,False
784,CSS_J211658.4+093555,EW,EW,False,False,70.8902844477281,55.02401182120429,16852,True,False,False
785,CSS_J154427.0-184424,EW,EW,False,False,78.77724418175102,86.90432212781677,16852,True,False,False
786,CSS_J042631.7-034009,EW,EW,False,False,92.02068710749907,86.53490949390469,16852,True,False,False
787,CSS_J075849.9+141246,EW,EW,False,False,33.17325452530476,16.605097894347985,16852,True,False,False
788,CSS_J173034.6+222403,EW,EA,True,False,99.35352789065387,95.58551902475064,16852,True,False,False
789,CSS_J103117.2+175503,EW,EW,False,False,29.423716291097158,3.0107129663834504,16852,True,False,False
790,CSS_J155938.1+050242,EW,EW,False,False,26.228297007757668,49.31658662726265,16852,True,False,False
791,CSS_J180456.6+430312,EW,EW,False,False,16.531215367565572,85.00184706316955,16852,True,False,False
792,CSS_J151729.2+481131,RRc,EW,True,False,95.39614561027837,94.21841541755889,2917,True,False,False
793,CSS_J174903.4+585133,RRc,EW,True,False,95.07494646680942,94.75374732334048,2917,True,False,False
794,CSS_J165215.7+384224,RS CVn,EW,True,True,77.20588235294117,80.14705882352942,846,True,False,False
795,CSS_J165058.9+423700,EW,EW,False,False,18.322866642039155,20.354636128555597,16852,True,False,False
796,CSS_J132949.2+003712,EW,EW,False,False,64.42556335426671,75.9512375323236,16852,True,False,False
797,CSS_J053451.1+015811,EW,EW,False,False,45.71481344661987,62.9479128186184,16852,True,False,False
798,CSS_J125703.7+442632,RRc,RRc,False,False,30.94218415417559,27.944325481798714,2917,True,False,False
799,CSS_J135152.1+183217,EW,EW,False,False,64.24085703731068,81.15995567048392,16852,True,False,False
800,CSS_J024650.9+233011,EW,EW,False,False,46.268932397487994,44.25563354266716,16852,True,False,False
801,CSS_J002205.3+315333,RS CVn,RS CVn,False,True,84.55882352941177,91.91176470588235,846,True,False,False
802,CSS_J051849.2+012904,RS CVn,RS CVn,False,True,22.058823529411764,22.058823529411764,846,True,False,False
803,CSS_J015547.2+440105,EW,EW,False,False,68.30439601034355,57.55448836350203,16852,True,False,False
804,CSS_J235634.8+404109,EW,EW,False,False,47.6727004063539,24.82452899889176,16852,True,False,False
805,CSS_J072126.2+624430,EW,EW,False,False,0.38788326560768377,14.573328407831548,16852,True,False,False
806,CSS_J052236.4+093952,EW,EW,False,False,57.77613594384928,18.452161063908385,16852,True,False,False
807,CSS_J213332.6+190227,EW,EW,False,False,48.72552641300332,20.22534170668637,16852,True,False,False
808,CSS_J165520.6+304644,EW,EW,False,False,51.551533062430735,28.389360916143332,16852,True,False,False
809,CSS_J011032.5+215708,RRd,RRd,False,True,36.470588235294116,7.0588235294117645,258,True,False,False
810,CSS_J212426.4+190543,RRc,EW,True,False,58.779443254817984,69.05781584582441,2917,True,False,False
811,CSS_J141049.8+153656,EW,EW,False,False,1.9024750646472108,6.002955301071297,16852,True,False,False
812,CSS_J162634.1-110727,EW,EW,False,False,37.033616549686,36.091614333210195,16852,True,False,False
813,CSS_J155325.5+520530,EW,EA,True,False,90.35833025489471,29.811599556704838,16852,True,False,False
814,CSS_J081447.9+275718,EW,EA,True,False,58.49649057997783,32.582194311045434,16852,True,False,False
815,CSS_J091749.2+123103,EA,EA,False,False,56.388206388206385,55.03685503685504,2597,True,False,False
816,CSS_J083327.7+564145,EW,EW,False,False,40.67233099371998,44.79128186183968,16852,True,False,False
817,CSS_J181359.8+460036,RRab,RRab,False,False,2.7918781725888326,26.14213197969543,1249,True,False,False
818,CSS_J055825.0+050250,EW,EW,False,False,1.625415589213151,22.64499445881049,16852,True,False,False
819,CSS_J225738.2+390243,EW,EW,False,False,14.813446619874398,1.311414850387883,16852,True,False,False
820,CSS_J175253.4+444214,RS CVn,EW,True,True,31.985294117647058,40.07352941176471,846,True,False,False
821,CSS_J100054.9+012341,RRc,RRc,False,False,41.54175588865097,31.58458244111349,2917,True,False,False
822,CSS_J161025.2+164417,EW,EW,False,False,29.09124492057628,58.514961211673445,16852,True,False,False
823,CSS_J164437.0+194125,RRc,EW,True,False,52.78372591006424,80.51391862955032,2917,True,False,False
824,CSS_J003154.7-035251,EW,EW,False,False,69.37569264868858,92.5932766900628,16852,True,False,False
825,CSS_J224911.9+272641,EW,EW,False,False,92.74104174362763,1.6623568526043593,16852,True,False,False
826,CSS_J170608.0+452656,EW,EW,False,False,74.41817510158847,23.845585519024752,16852,True,False,False
827,CSS_J234815.9+282629,EW,EW,False,False,54.580716660509786,62.39379386775028,16852,True,False,False
828,CSS_J174236.5+291139,EW,EW,False,False,4.580716660509789,58.64425563354266,16852,True,False,False
829,CSS_J144023.8+010127,EW,EW,False,False,2.3642408570373106,11.082379017362394,16852,True,False,False
830,CSS_J001503.1-130914,EW,EW,False,False,55.98448466937569,36.99667528629479,16852,True,False,False
831,CSS_J151107.0-164053,RRc,RRc,False,False,61.45610278372591,65.41755888650964,2917,True,False,False
832,CSS_J102536.6+123652,RRc,EW,True,False,98.92933618843684,97.96573875802997,2917,True,False,False
833,CSS_J151358.2-135851,RRab,RRab,False,False,80.20304568527918,90.60913705583756,1249,True,False,False
834,CSS_J082318.1+162500,EW,EW,False,False,72.51570003694127,67.38086442556336,16852,True,False,False
835,CSS_J232814.1+184212,EW,EW,False,False,6.7787218322866645,14.148503878832654,16852,True,False,False
836,CSS_J010644.3+221454,RRc,RRc,False,False,3.3190578158458246,3.5331905781584587,2917,True,False,False
837,CSS_J043825.8-160147,EW,EW,False,False,41.33727373476173,43.0550424824529,16852,True,False,False
838,CSS_J152032.9-134321,EW,EW,False,False,74.4735869966753,92.42704100480236,16852,True,False,False
839,CSS_J013033.8+385953,EW,EW,False,False,82.47137052087182,23.827114887329145,16852,True,False,False
840,CSS_J175816.0+290814,EW,EW,False,False,89.08385666789805,85.74067233099372,16852,True,False,False
841,CSS_J010912.1+291113,EA,EW,True,False,99.38574938574939,99.14004914004913,2597,True,True,False
842,CSS_J020534.3+363228,EW,EW,False,False,19.523457702253417,11.89508681196897,16852,True,False,False
843,CSS_J212734.7+064850,EW,EW,False,False,30.698189878093828,36.03620243812338,16852,True,False,False
844,CSS_J012206.9+450839,RRab,RRab,False,False,6.091370558375635,1.7766497461928936,1249,True,False,False
845,CSS_J171632.9+422420,EW,EW,False,False,86.14702622829701,33.3579608422608,16852,True,False,False
846,CSS_J151823.3+453943,EW,EW,False,False,10.87920206871075,86.44255633542667,16852,True,False,False
847,CSS_J070136.1+491806,EW,EW,False,False,32.231252308828964,8.828961950498707,16852,True,False,False
848,CSS_J232135.5+053409,EW,EW,False,False,59.16143332101957,34.318433690432215,16852,True,False,False
849,CSS_J214454.8+141943,EW,EW,False,False,69.83745844107868,58.66272626523828,16852,True,False,False
850,CSS_J151832.0+445710,EW,EW,False,False,18.175101588474327,7.332840783154785,16852,True,False,False
851,CSS_J184159.0+480733,EW,EW,False,False,74.5844107868489,33.228666420391576,16852,True,False,False
852,CSS_J221851.3+134346,EW,EW,False,False,80.9937199852235,43.09198374584411,16852,True,False,False
853,CSS_J220142.4+172845,EA,EA,False,False,78.50122850122851,78.992628992629,2597,True,False,False
854,CSS_J171341.0+224751,EW,EW,False,False,88.69597340229036,5.633542667159217,16852,True,False,False
855,CSS_J053802.6-020444,RS CVn,EW,True,True,5.147058823529411,17.647058823529413,846,True,False,False
856,CSS_J122229.6-084150,EW,EW,False,False,57.83154783893609,87.12596970816402,16852,True,False,False
857,CSS_J013746.1+090704,EW,EW,False,False,2.493535278906539,59.34613963797561,16852,True,False,False
858,CSS_J083649.6-012736,EA,EA,False,False,30.58968058968059,49.50859950859951,2597,True,False,False
859,CSS_J092743.0-090317,RRab,RRab,False,False,12.436548223350254,27.918781725888326,1249,True,False,False
860,CSS_J080750.7+362421,EW,EW,False,False,91.30033247137051,96.95234577022535,16852,True,False,False
861,CSS_J124336.1+310842,RRc,RRc,False,False,94.11134903640257,39.50749464668094,2917,True,False,False
862,CSS_J084938.4+430447,EW,EW,False,False,10.620613224972294,45.91799039527152,16852,True,False,False
863,CSS_J043431.7-071953,EW,EW,False,False,78.37089028444773,39.23162172146287,16852,True,False,False
864,CSS_J111028.5+102031,EW,EW,False,False,59.73402290358331,74.87994089397857,16852,True,False,False
865,CSS_J052553.9-014226,RS CVn,EW,True,True,83.82352941176471,99.26470588235294,846,True,False,False
866,CSS_J214027.0+015042,RS CVn,EW,True,True,17.647058823529413,13.23529411764706,846,True,False,False
867,CSS_J052547.9-094856,EW,EW,False,False,58.21943110454377,71.46287403029183,16852,True,False,False
868,CSS_J125958.7-124205,EW,EW,False,False,78.05688954562247,97.56187661618027,16852,True,False,False
869,CSS_J165538.3+260810,EW,EW,False,False,89.17620982637607,93.73845585519025,16852,True,False,False
870,CSS_J231235.0+290506,RRd,EW,True,True,85.88235294117646,50.588235294117645,258,True,False,False
871,CSS_J144149.5-124020,EW,EW,False,False,44.661987439970446,90.2475064647211,16852,True,False,False
872,CSS_J014236.6+413856,EW,EW,False,False,56.22460288141854,0.07388252678241596,16852,True,False,False
873,CSS_J045806.2-022707,EW,EW,False,False,7.148134466198744,62.0428518655338,16852,True,False,False
874,CSS_J033432.3+000136,EW,EW,False,False,84.35537495382343,94.56963428149243,16852,True,False,False
875,CSS_J214804.8+002201,LPV,LPV,False,False,79.3103448275862,28.735632183908045,281,True,False,False
876,CSS_J222925.3-123808,EW,EW,False,False,77.44735869966752,31.418544514222386,16852,True,False,False
877,CSS_J160455.2+245941,RS CVn,RS CVn,False,True,96.32352941176471,89.33823529411765,846,True,False,False
878,CSS_J162538.7+290253,EW,EW,False,False,11.24861470262283,3.38012560029553,16852,True,False,False
879,CSS_J170756.2+292856,EA,EW,True,False,47.91154791154791,41.03194103194103,2597,True,False,False
880,CSS_J043256.2-052750,EW,EW,False,False,25.10158847432582,38.76985592907277,16852,True,False,False
881,CSS_J012314.2+412443,EW,EW,False,False,36.71961581086073,52.142593276690064,16852,True,False,False
882,CSS_J171003.6+333508,RRc,RRc,False,False,24.62526766595289,50.96359743040685,2917,True,False,False
883,CSS_J091351.4-115642,EW,EW,False,False,24.58441078684891,89.17620982637607,16852,True,False,False
884,CSS_J055352.4-061409,EW,EW,False,False,0.8865903213889916,4.987070557813078,16852,True,False,False
885,CSS_J152956.8-124814,EW,EW,False,False,25.360177318064274,50.886590321388994,16852,True,False,False
886,CSS_J151844.0+020109,RRc,RRc,False,False,35.01070663811563,54.81798715203426,2917,True,False,False
887,CSS_J170139.4-013821,EW,EW,False,False,31.25230882896195,89.04691540450683,16852,True,False,False
888,CSS_J010323.5-194436,RRc,RRc,False,False,88.0085653104925,74.19700214132763,2917,True,False,False
889,CSS_J215848.1+212759,RRc,RRc,False,False,33.40471092077088,23.98286937901499,2917,True,False,False
890,CSS_J215735.2+023245,EW,EW,False,False,11.913557443664573,73.75323236054673,16852,True,False,False
891,CSS_J012122.8+403926,EW,EW,False,False,70.20687107499076,92.31621721462874,16852,True,False,False
892,CSS_J075355.0+080157,EW,EW,False,False,68.84004432951608,47.65422977465829,16852,True,False,False
893,CSS_J142703.4+334003,RS CVn,RS CVn,False,True,19.485294117647058,7.352941176470589,846,True,False,False
894,CSS_J173105.2+074301,RRab,RRab,False,False,28.680203045685282,36.80203045685279,1249,True,False,False
895,CSS_J170303.8-041452,RRc,EW,True,False,89.8286937901499,98.50107066381156,2917,True,False,False
896,CSS_J063342.4+523001,EW,EA,True,False,95.21610639083856,64.46250461765793,16852,True,False,False
897,CSS_J010240.6+370349,EW,EW,False,False,14.370151459179903,3.731067602512006,16852,True,False,False
898,CSS_J161351.8+522409,EW,EW,False,False,2.7705947543405984,5.227188769855929,16852,True,False,False
899,CSS_J172043.7+305703,RRc,RRc,False,False,31.47751605995717,60.38543897216274,2917,True,False,False
900,CSS_J220532.8+064511,EA,EA,False,False,44.717444717444714,93.98034398034399,2597,True,False,False
901,CSS_J170406.1+195629,EW,EW,False,False,83.00701884004434,65.21980051717769,16852,True,False,False
902,CSS_J103110.9-141810,RRc,RRc,False,False,31.156316916488226,54.71092077087795,2917,True,False,False
903,CSS_J215439.4+074851,EW,EW,False,False,21.278167713335797,10.768378278537126,16852,True,False,False
904,CSS_J143012.9+484907,RRc,EW,True,False,94.00428265524626,77.51605995717344,2917,True,False,False
905,CSS_J040928.0+031017,EW,EW,False,False,85.88843738455854,76.32065016623568,16852,True,False,False
906,CSS_J035636.4+231901,EA,EA,False,False,70.27027027027027,55.15970515970516,2597,True,False,False
907,CSS_J034752.6+351845,RRc,EW,True,False,77.62312633832977,88.22269807280514,2917,True,False,False
908,CSS_J045020.8+070312,EW,EW,False,False,64.49944588104913,74.15958625785002,16852,True,False,False
909,CSS_J050908.7+091314,EA,EA,False,False,42.62899262899263,69.16461916461917,2597,True,False,False
910,CSS_J164027.8+145056,EW,EW,False,False,54.39601034355375,90.91244920576284,16852,True,False,False
911,CSS_J074915.4+432724,EA,EA,False,False,97.05159705159704,97.05159705159704,2597,True,False,False
912,CSS_J080901.9+391757,EW,EW,False,False,39.58256372367935,29.386775027705948,16852,True,False,False
913,CSS_J122548.6+085515,RRc,RRc,False,False,11.991434689507495,1.284796573875803,2917,True,False,False
914,CSS_J050731.9+131629,EW,EW,False,False,56.59401551533062,22.922053934244552,16852,True,False,False
915,CSS_J013709.4+001208,RRab,RRab,False,False,87.56345177664974,77.66497461928934,1249,True,False,False
916,CSS_J053212.1+021546,EW,EW,False,False,51.47765053564832,84.09678611008496,16852,True,False,False
917,CSS_J211041.4+082925,LPV,LPV,False,False,25.287356321839084,11.494252873563218,281,True,False,False
918,CSS_J120426.0+231809,EA,EA,False,False,79.11547911547912,77.14987714987716,2597,True,False,False
919,CSS_J175103.8+293709,RRab,RRab,False,False,34.01015228426396,31.218274111675125,1249,True,False,False
920,CSS_J071200.6+423538,EW,EW,False,False,30.18101219061692,16.364979682305133,16852,True,False,False
921,CSS_J231722.5+244907,EW,EW,False,False,46.67528629479128,87.23679349833763,16852,True,False,False
922,CSS_J165304.6+551056,EW,EW,False,False,97.22940524565941,61.5626154414481,16852,True,False,False
923,CSS_J050903.8+090512,EA,EA,False,False,37.223587223587224,14.619164619164618,2597,True,False,False
924,CSS_J181701.4+514940,EW,EW,False,False,17.288511267085337,56.31695603989656,16852,True,False,False
925,CSS_J035809.9-152530,RRc,EW,True,False,95.18201284796574,83.94004282655246,2917,True,False,False
926,CSS_J170045.6+005408,EW,EW,False,False,62.81861839674917,32.877724418175106,16852,True,False,False
927,CSS_J041801.3+041113,EW,EW,False,False,13.058736608792021,35.685260435906905,16852,True,False,False
928,CSS_J144430.9+423954,EW,EW,False,False,33.56113779091245,39.268562984854086,16852,True,False,False
929,CSS_J080553.1+204712,EW,EW,False,False,23.494643516808274,7.77613594384928,16852,True,False,False
930,CSS_J224813.6+154120,RRc,EW,True,False,2.7837259100642395,70.12847965738757,2917,True,False,False
931,CSS_J220814.1+001540,EW,EW,False,False,28.721832286664206,17.02992242334688,16852,True,False,False
932,CSS_J045147.0+152148,EW,EW,False,False,28.51865533801256,41.28186183967492,16852,True,False,False
933,CSS_J231108.6+190614,EW,EW,False,False,3.8603620243812338,36.14702622829701,16852,True,False,False
934,CSS_J203642.2-140414,EW,EW,False,False,94.58810491318803,49.5382342076099,16852,True,False,False
935,CSS_J045823.2+214127,RRab,RRab,False,False,79.69543147208121,62.69035532994924,1249,True,False,False
936,CSS_J053553.4+044532,EA,EA,False,False,36.486486486486484,90.17199017199017,2597,True,False,False
937,CSS_J011651.8+350039,EW,EW,False,False,53.62024381233839,44.08939785740672,16852,True,False,False
938,CSS_J080558.7+044236,EW,EW,False,False,71.83228666420392,65.88474325821943,16852,True,False,False
939,CSS_J045821.4+084821,EA,EA,False,False,31.57248157248157,33.04668304668304,2597,True,False,False
940,CSS_J025525.8+075058,EW,EW,False,False,81.32619135574437,27.05947543405984,16852,True,False,False
941,CSS_J064541.1+551316,EW,EW,False,False,12.929442186922794,22.44181751015885,16852,True,False,False
942,CSS_J074600.2+345504,EW,EW,False,False,67.9903952715183,21.72146287403029,16852,True,False,False
943,CSS_J040254.4-181130,EW,EW,False,False,33.02548947173993,25.32323605467307,16852,True,False,False
944,CSS_J215159.1+161738,EW,EW,False,False,41.78056889545623,50.03694126339121,16852,True,False,False
945,CSS_J023449.2+201024,EW,EW,False,False,32.72995936461027,63.11414850387883,16852,True,False,False
946,CSS_J161910.1-144628,EA,EA,False,False,5.159705159705159,1.4742014742014742,2597,True,False,False
947,CSS_J235444.8+305751,EA,EA,False,False,6.142506142506143,11.425061425061426,2597,True,False,False
948,CSS_J022313.4+300149,RRab,RRab,False,False,62.182741116751274,54.314720812182735,1249,True,False,False
949,CSS_J003938.4+300940,RRc,RRc,False,False,70.44967880085653,4.6038543897216275,2917,True,False,False
950,CSS_J131817.1-123826,EW,EW,False,False,93.35057258958255,94.82822312523088,16852,True,False,False
951,CSS_J153916.1+454945,EW,EW,False,False,88.06797192463982,84.79867011451792,16852,True,False,False
952,CSS_J142129.6+371121,EW,EW,False,False,98.37458441078685,90.19209456963428,16852,True,False,False
953,CSS_J045321.5+061856,RRab,EW,True,False,97.46192893401016,85.53299492385787,1249,True,False,False
954,CSS_J012913.5+395833,EW,EW,False,False,7.850018470631695,77.09641669745105,16852,True,False,False
955,CSS_J050559.1+095339,EW,EW,False,False,78.40783154783894,41.06021425932767,16852,True,False,False
956,CSS_J070158.9+342757,EW,EW,False,False,76.4684152198005,79.81159955670483,16852,True,False,False
957,CSS_J170044.7-021947,EA,EA,False,False,33.04668304668304,40.171990171990174,2597,True,False,False
958,CSS_J072718.7+415517,EA,EA,False,False,38.82063882063882,40.663390663390665,2597,True,False,False
959,CSS_J035732.8+225110,EW,EW,False,False,95.19763575914297,89.89656446250461,16852,True,False,False
960,CSS_J180211.1+352616,EW,EW,False,False,67.87957148134466,91.87292205393425,16852,True,False,False
961,CSS_J124501.6-090810,EW,EW,False,False,31.695603989656444,89.45326930181012,16852,True,False,False
962,CSS_J003757.8+081857,EW,EW,False,False,24.972294052456594,38.104913188031034,16852,True,False,False
963,CSS_J204438.0-013327,EW,EA,True,False,97.02622829700775,78.75877355005542,16852,True,False,False
964,CSS_J051835.8+073613,RS CVn,EW,True,True,95.95588235294117,94.48529411764706,846,True,False,False
965,CSS_J024532.7+263721,EA,EA,False,False,9.705159705159705,6.019656019656019,2597,True,False,False
966,CSS_J074617.8+640659,EW,EW,False,False,63.20650166235685,16.309567787218324,16852,True,False,False
967,CSS_J073742.9+373606,EW,EW,False,False,76.81935722201699,20.576283708902846,16852,True,False,False
968,CSS_J114619.3+161202,EW,EW,False,False,60.953084595493166,62.41226449944588,16852,True,False,False
969,CSS_J065502.1+364421,EA,EA,False,False,53.439803439803434,19.164619164619165,2597,True,False,False
970,CSS_J031749.2+342600,EW,EW,False,False,53.12153675655708,25.28629479128186,16852,True,False,False
971,CSS_J002601.5+254659,EW,EW,False,False,68.89545622460288,83.13631326191356,16852,True,False,False
972,CSS_J024035.4+262424,EW,EW,False,False,69.30181012190617,21.2966383450314,16852,True,False,False
973,CSS_J012419.6+011505,EW,EW,False,False,86.01773180642778,82.415958625785,16852,True,False,False
974,CSS_J220715.4+201233,EW,EW,False,False,4.525304765422977,28.795714813446622,16852,True,False,False
975,CSS_J204734.2-030903,EW,EW,False,False,89.69338751385297,78.29700775766531,16852,True,False,False
976,CSS_J091717.7+582532,EW,EW,False,False,87.53232360546731,54.1374214998153,16852,True,False,False
977,CSS_J100737.3-061017,EW,EW,False,False,42.981159955670485,24.270410048023642,16852,True,False,False
978,CSS_J163732.4+131334,EW,EW,False,False,89.52715182859254,26.043590690801626,16852,True,False,False
979,CSS_J074517.6+222029,EW,EW,False,False,76.52382711488734,79.90395271518285,16852,True,False,False
980,CSS_J093600.5+250012,EW,EW,False,False,7.646841521980052,17.805688954562246,16852,True,False,False
981,CSS_J054728.0+023308,RS CVn,RS CVn,False,True,59.19117647058824,50.73529411764706,846,True,False,False
982,CSS_J021300.6+051716,EW,EW,False,False,89.8042113040266,83.11784263021795,16852,True,False,False
983,CSS_J231320.4+023856,RRc,EW,True,False,73.76873661670236,95.39614561027837,2917,True,False,False
984,CSS_J103912.8-084322,EW,EW,False,False,43.42445511636498,53.47247875877355,16852,True,False,False
985,CSS_J080452.5+440723,EW,EW,False,False,43.9785740672331,76.4130033247137,16852,True,False,False
986,CSS_J023638.8+383443,EW,EW,False,False,67.41780568895456,85.02031769486517,16852,True,False,False
987,CSS_J081538.3+185923,EW,EW,False,False,75.28629479128186,80.77207240487625,16852,True,False,False
988,CSS_J165506.3+333001,EW,EW,False,False,29.054303657185077,71.81381603250831,16852,True,False,False
989,CSS_J025915.4+045816,EW,EW,False,False,34.48466937569265,61.544144809752495,16852,True,False,False
990,CSS_J172402.6+010709,RRab,RRab,False,False,63.1979695431472,57.10659898477157,1249,True,False,False
991,CSS_J164357.7+261744,EA,EW,True,False,68.3046683046683,86.24078624078624,2597,True,False,False
992,CSS_J203427.1-055406,EW,EW,False,False,44.10786848910232,91.83598079054303,16852,True,False,False
993,CSS_J213722.3-025758,EW,EW,False,False,47.91281861839675,53.95271518285926,16852,True,False,False
994,CSS_J173333.0+252446,EW,EW,False,False,60.639083856667895,25.452530476542297,16852,True,False,False
995,CSS_J171753.2+435119,RS CVn,RS CVn,False,True,87.5,68.38235294117648,846,True,False,False
996,CSS_J232849.8+133634,RRc,RRc,False,False,53.319057815845824,89.186295503212,2917,True,False,False
997,CSS_J051011.8+192441,EW,EW,False,False,8.38566678980421,63.502031769486514,16852,True,False,False
998,CSS_J181432.6+474251,EW,EW,False,False,72.82970077576653,70.16992981159956,16852,True,False,False
999,CSS_J224033.7+321047,EW,EW,False,False,32.8592537864795,51.976357591429625,16852,True,False,False
1000,CSS_J203624.7-101559,EA,EA,False,False,82.06388206388206,86.97788697788698,2597,True,False,False
1001,CSS_J074743.1+142456,EW,EW,False,False,92.48245289988918,38.271148873291466,16852,True,False,False
1002,CSS_J142259.2+194921,EW,EW,False,False,10.269671222755818,2.087181381603251,16852,True,False,False
1003,CSS_J022821.4+270113,EW,EW,False,False,25.988178795714813,38.455855190247505,16852,True,False,False
1004,CSS_J135534.5+145009,RRd,RRd,False,True,15.294117647058824,24.705882352941178,258,True,False,False
1005,CSS_J033131.4+142752,EW,EW,False,False,41.54045068341337,3.19541928333949,16852,True,False,False
1006,CSS_J151610.9+372208,EW,EW,False,False,82.30513483561138,66.05097894347986,16852,True,False,False
1007,CSS_J133347.1-142601,RRc,EW,True,False,94.21841541755889,76.12419700214133,2917,True,False,False
1008,CSS_J050214.7+084824,EW,EW,False,False,59.86331732545253,68.37827853712596,16852,True,False,False
1009,CSS_J072058.9+323628,EA,EA,False,False,29.72972972972973,46.19164619164619,2597,True,False,False
1010,CSS_J162505.4+335908,EW,EW,False,False,56.68636867380864,73.88252678241597,16852,True,False,False
1011,CSS_J210745.6-032253,EW,EW,False,False,65.68156630956778,84.78019948282231,16852,True,False,False
1012,CSS_J165724.7+064358,EW,EW,False,False,42.63021795345401,22.589582563723678,16852,True,False,False
1013,CSS_J153923.7+570645,RRab,RRab,False,False,7.3604060913705585,17.766497461928935,1249,True,False,False
1014,CSS_J003102.1+250220,EW,EW,False,False,39.08385666789804,70.70557813077207,16852,True,False,False
1015,CSS_J075714.1+141905,EW,EW,False,False,83.54266715921685,54.71001108237902,16852,True,False,False
1016,CSS_J164913.9+190055,RS CVn,RS CVn,False,True,84.19117647058823,90.07352941176471,846,True,False,False
1017,CSS_J052254.9-122036,EW,EW,False,False,45.40081270779461,77.7428888067972,16852,True,False,False
1018,CSS_J073851.3+234808,EW,EW,False,False,24.141115626154413,91.17103804950129,16852,True,False,False
1019,CSS_J022540.6+064230,EW,EW,False,False,29.977835241965273,57.33284078315478,16852,True,False,False
1020,CSS_J084536.0+201300,EW,EW,False,False,79.88548208348726,85.13114148503878,16852,True,False,False
1021,CSS_J020606.9-040009,RRc,RRc,False,False,5.139186295503212,25.910064239828696,2917,True,False,False
1022,CSS_J041827.5-063512,EW,EW,False,False,10.731437015145918,66.1618027336535,16852,True,False,False
1023,CSS_J204602.1-100231,EW,EW,False,False,20.68710749907647,11.396379756187661,16852,True,False,False
1024,CSS_J045115.5+141549,EW,EW,False,False,64.57332840783154,14.019209456963427,16852,True,False,False
1025,CSS_J141226.6+000320,RRab,RRab,False,False,21.31979695431472,4.060913705583756,1249,True,False,False
1026,CSS_J011831.0+374810,EW,EW,False,False,58.73660879202068,69.9482822312523,16852,True,False,False
1027,CSS_J221652.1+222932,EW,EW,False,False,97.04469892870337,93.42445511636498,16852,True,False,False
1028,CSS_J221352.2-065817,EW,EW,False,False,22.829700775766533,16.80827484299963,16852,True,False,False
1029,CSS_J135120.2-171709,RRc,EW,True,False,44.432548179871524,70.44967880085653,2917,True,False,False
1030,CSS_J041414.6+360135,EW,EW,False,False,98.85482083487254,83.00701884004434,16852,True,False,False
1031,CSS_J172201.8+172050,EW,EW,False,False,43.14739564093092,75.23088289619506,16852,True,False,False
1032,CSS_J080817.4+214053,EA,EA,False,False,44.96314496314496,60.68796068796068,2597,True,False,False
1033,CSS_J005355.2+402616,EW,EW,False,False,57.64684152198005,12.005910602142594,16852,True,False,False
1034,CSS_J042757.9+391436,EW,EW,False,False,95.65940155153307,85.33431843369044,16852,True,False,False
1035,CSS_J212804.6+012828,EA,EA,False,False,23.955773955773957,64.4963144963145,2597,True,False,False
1036,CSS_J173010.4+102904,RRab,RRab,False,False,32.99492385786802,23.604060913705585,1249,True,False,False
1037,CSS_J044414.5-120717,EW,EW,False,False,41.09715552271888,17.196158108607314,16852,True,False,False
1038,CSS_J041135.5-043342,EW,EW,False,False,84.68784632434429,69.22792759512375,16852,True,False,False
1039,CSS_J210216.8-055504,EW,EW,False,False,21.610639083856668,18.507572958995198,16852,True,False,False
1040,CSS_J082058.4+505929,EA,EA,False,False,15.11056511056511,9.705159705159705,2597,True,False,False
1041,CSS_J210630.2+032517,RRc,EW,True,False,87.2591006423983,23.447537473233403,2917,True,False,False
1042,CSS_J233159.6+155334,RRc,RRc,False,False,61.02783725910065,66.91648822269806,2917,True,False,False
1043,CSS_J091353.1+435421,EW,EW,False,False,1.2005910602142593,9.179903952715183,16852,True,False,False
1044,CSS_J222800.5+000419,EW,EW,False,False,9.95567048393055,38.62209087550794,16852,True,False,False
1045,CSS_J170206.0+072359,EW,RRc,True,False,37.0520871813816,72.23864056150721,16852,True,False,False
1046,CSS_J213806.1+134427,EW,EW,False,False,75.82194311045438,39.58256372367935,16852,True,False,False
1047,CSS_J204421.0-183755,RRab,RRab,False,False,43.90862944162436,70.81218274111674,1249,True,False,False
1048,CSS_J165326.8+030655,EW,EW,False,False,1.551533062430735,2.9183598079054303,16852,True,False,False
1049,CSS_J224702.7+244156,RS CVn,RS CVn,False,True,73.52941176470588,75.36764705882352,846,True,False,False
1050,CSS_J075309.6+373943,EW,EW,False,False,44.03398596231991,31.732545253047657,16852,True,False,False
1051,CSS_J082843.9+240134,EW,EW,False,False,35.6298485408201,38.19726634650905,16852,True,False,False
1052,CSS_J215244.5+184757,RS CVn,RS CVn,False,True,8.455882352941178,24.264705882352942,846,True,False,False
1053,CSS_J092032.5-133230,EW,EW,False,False,30.716660509789435,81.27077946065755,16852,True,False,False
1054,CSS_J161053.9-084958,RRc,RRc,False,False,48.82226980728051,54.06852248394004,2917,True,False,False
1055,CSS_J205546.2+080651,EW,EW,False,False,69.91134096786111,62.63391207979313,16852,True,False,False
1056,CSS_J091942.3-061506,RRc,RRc,False,False,62.95503211991434,47.96573875802998,2917,True,False,False
1057,CSS_J124438.2+393618,EA,EA,False,False,39.55773955773956,61.91646191646192,2597,True,False,False
1058,CSS_J071722.4+360118,EW,EW,False,False,53.583302548947174,22.238640561507204,16852,True,False,False
1059,CSS_J172257.7+223233,EW,EW,False,False,14.905799778352419,32.914665681566305,16852,True,False,False
1060,CSS_J022640.3+252345,EW,EW,False,False,63.575914296268934,47.949759881787955,16852,True,False,False
1061,CSS_J143515.0-042347,EW,EW,False,False,84.83561137790913,55.96601403768009,16852,True,False,False
1062,CSS_J052511.5-111415,EW,EW,False,False,40.524565940155156,15.219800517177687,16852,True,False,False
1063,CSS_J232607.4+145235,EW,EW,False,False,39.046915404506834,32.76690062800148,16852,True,False,False
1064,CSS_J071100.0+482608,EW,EW,False,False,95.3638714444034,77.42888806797193,16852,True,False,False
1065,CSS_J080157.1+441438,EW,EW,False,False,25.581824898411526,43.86775027705948,16852,True,False,False
1066,CSS_J013146.5+035320,EW,EW,False,False,17.251570003694123,9.475434059844847,16852,True,False,False
1067,CSS_J220451.0+100731,EA,EA,False,False,8.845208845208845,19.04176904176904,2597,True,False,False
1068,CSS_J032648.8+210722,EW,EW,False,False,89.85962319911341,30.698189878093828,16852,True,False,False
1069,CSS_J074658.2+474618,EA,EA,False,False,75.30712530712532,57.73955773955773,2597,True,False,False
1070,CSS_J175814.1+273432,EW,EW,False,False,77.00406353897303,75.43405984484669,16852,True,False,False
1071,CSS_J175446.4+424222,EW,EW,False,False,63.22497229405246,66.6789804211304,16852,True,False,False
1072,CSS_J073625.2+614626,EW,EA,True,False,90.56150720354637,26.357591429626893,16852,True,False,False
1073,CSS_J143744.6-171548,RRc,EA,True,False,98.28693790149893,98.92933618843684,2917,True,True,False
1074,CSS_J031147.7+314046,EW,EW,False,False,36.88585149612117,2.8444772811230146,16852,True,False,False
1075,CSS_J214608.1+080003,RS CVn,EW,True,True,65.80882352941177,53.67647058823529,846,True,False,False
1076,CSS_J120445.7+053632,EW,EW,False,False,61.581086073143695,82.08348725526413,16852,True,False,False
1077,CSS_J223527.1+111220,EA,EA,False,False,66.21621621621621,11.793611793611793,2597,True,False,False
1078,CSS_J032032.9+263443,EW,EW,False,False,99.50129294421869,99.66752862947914,16852,True,True,True
1079,CSS_J073703.2+230206,EW,EW,False,False,30.45807166605098,54.359069080162534,16852,True,False,False
1080,CSS_J154018.8-040928,RRab,RRab,False,False,70.05076142131979,90.35532994923858,1249,True,False,False
1081,CSS_J031649.6+333014,EW,EW,False,False,49.39046915404507,31.30772072404876,16852,True,False,False
1082,CSS_J220615.9+051131,EW,EW,False,False,2.3827114887329146,43.719985223494646,16852,True,False,False
1083,CSS_J044324.0+172513,EA,EA,False,False,21.990171990171987,69.28746928746928,2597,True,False,False
1084,CSS_J045917.0+234200,EW,EW,False,False,36.017731806427776,23.32840783154784,16852,True,False,False
1085,CSS_J143400.7+111630,RRab,RRab,False,False,60.659898477157356,68.02030456852792,1249,True,False,False
1086,CSS_J170618.9+174843,EA,EA,False,False,38.452088452088454,52.825552825552826,2597,True,False,False
1087,CSS_J210209.6-044134,EA,EA,False,False,50.122850122850124,44.103194103194106,2597,True,False,False
1088,CSS_J115337.4-095804,EW,EW,False,False,54.414480975249354,62.35685260435907,16852,True,False,False
1089,CSS_J085605.7+163059,LPV,LPV,False,False,89.65517241379311,100.0,281,True,False,False
1090,CSS_J075104.6+314056,EA,EA,False,False,83.90663390663391,72.23587223587224,2597,True,False,False
1091,CSS_J052350.5+124811,EW,EW,False,False,51.69929811599556,34.78019948282231,16852,True,False,False
1092,CSS_J230736.2+234656,LPV,LPV,False,False,85.0574712643678,86.20689655172413,281,True,False,False
1093,CSS_J210029.6-143950,EW,EW,False,False,52.75212412264499,37.21832286664204,16852,True,False,False
1094,CSS_J220725.2+040952,EA,EA,False,False,73.09582309582309,91.52334152334153,2597,True,False,False
1095,CSS_J135526.9+325633,EA,EW,True,False,63.14496314496314,97.78869778869779,2597,True,False,False
1096,CSS_J093017.5+433407,EW,EW,False,False,18.5260435906908,1.3483561137790911,16852,True,False,False
1097,CSS_J081405.0+000826,EW,EW,False,False,40.89397857406723,31.15995567048393,16852,True,False,False
1098,CSS_J093308.4+292508,EA,EA,False,False,35.749385749385745,23.34152334152334,2597,True,False,False
1099,CSS_J215601.9+001736,RRc,RRc,False,False,49.3576017130621,51.39186295503212,2917,True,False,False
1100,CSS_J091138.5+601358,EW,EW,False,False,83.91207979312892,90.54303657185075,16852,True,False,False
1101,CSS_J124436.1+122312,RRc,RRc,False,False,80.19271948608136,72.91220556745182,2917,True,False,False
1102,CSS_J044241.3+014058,EA,EA,False,False,85.25798525798525,86.60933660933661,2597,True,False,False
1103,CSS_J061440.6+640630,RRab,RRab,False,False,6.852791878172589,20.304568527918782,1249,True,False,False
1104,CSS_J050225.1-080649,RS CVn,RS CVn,False,True,28.308823529411764,33.088235294117645,846,True,False,False
1105,CSS_J234218.5+402626,EW,EW,False,False,32.34207609900259,51.81012190616919,16852,True,False,False
1106,CSS_J014204.2+445907,EW,EW,False,False,68.17510158847433,3.823420760990026,16852,True,False,False
1107,CSS_J163134.6+050136,RS CVn,EW,True,True,1.4705882352941175,6.25,846,True,False,False
1108,CSS_J070607.8+401201,LPV,LPV,False,False,34.48275862068966,60.91954022988506,281,True,False,False
1109,CSS_J041928.3+330714,EW,RRc,True,False,54.52530476542298,62.61544144809752,16852,True,False,False
1110,CSS_J050148.9+153526,EW,RS CVn,True,False,92.33468784632434,99.90764684152198,16852,True,False,False
1111,CSS_J162103.2+263128,EW,EW,False,False,60.528260066494276,69.68969338751386,16852,True,False,False
1112,CSS_J054109.5+053831,EW,EW,False,False,53.915773919468045,86.23937938677503,16852,True,False,False
1113,CSS_J213650.8+204617,RRab,EW,True,False,92.63959390862944,98.47715736040608,1249,True,False,False
1114,CSS_J131431.4+451412,RRab,RRab,False,False,10.406091370558377,27.411167512690355,1249,True,False,False
1115,CSS_J095820.9+183522,RRc,RRc,False,False,9.314775160599572,8.244111349036402,2917,True,False,False
1116,CSS_J172051.9+143522,EW,EW,False,False,25.932766900628003,45.419283339490214,16852,True,False,False
1117,CSS_J142114.7+352838,EW,EW,False,False,91.50350942002217,96.89693387513853,16852,True,False,False
1118,CSS_J172758.2+361458,EA,EA,False,False,0.9828009828009828,3.562653562653563,2597,True,False,False
1119,CSS_J175407.7+381527,EW,EW,False,False,82.3974879940894,65.718507572959,16852,True,False,False
1120,CSS_J210211.9+013810,EA,EA,False,False,8.722358722358722,39.68058968058968,2597,True,False,False
1121,CSS_J050901.1+080252,EW,EW,False,False,93.77539711858147,98.6331732545253,16852,True,False,False
1122,CSS_J043643.8+375016,RRab,RRab,False,False,66.75126903553299,89.08629441624365,1249,True,False,False
1123,CSS_J210525.8+065123,EW,EW,False,False,4.359069080162541,18.0642777983007,16852,True,False,False
1124,CSS_J084205.9+212612,EW,EW,False,False,99.81529368304396,87.4769117103805,16852,True,False,False
1125,CSS_J221304.1+211441,EW,EW,False,False,85.02031769486517,76.93018101219062,16852,True,False,False
1126,CSS_J054831.6+013338,EW,EW,False,False,92.55633542667158,68.61839674916882,16852,True,False,False
1127,CSS_J215301.8+212310,EW,EW,False,False,8.034724787587736,1.865533801256003,16852,True,False,False
1128,CSS_J075511.4+052937,RRc,RRc,False,False,79.87152034261243,53.21199143468951,2917,True,False,False
1129,CSS_J235941.5+283534,EW,EW,False,False,27.539711858145548,84.04137421499816,16852,True,False,False
1130,CSS_J082144.5+195013,EW,EW,False,False,16.863686738086443,19.523457702253417,16852,True,False,False
1131,CSS_J051912.0+090308,RS CVn,EW,True,True,57.720588235294116,79.04411764705883,846,True,False,False
1132,CSS_J232503.1+313320,EW,EW,False,False,11.821204285186553,1.0528260066494275,16852,True,False,False
1133,CSS_J050724.0+030627,RRc,RRc,False,False,27.194860813704498,49.3576017130621,2917,True,False,False
1134,CSS_J235007.1+004631,RRc,EW,True,False,64.66809421841542,24.411134903640257,2917,True,False,False
1135,CSS_J010009.7+394329,EW,EW,False,False,94.9205762837089,0.9235315847801995,16852,True,False,False
1136,CSS_J164954.1+291929,EA,EA,False,False,52.825552825552826,81.6953316953317,2597,True,False,False
1137,CSS_J172128.0+463759,EW,EW,False,False,9.401551533062431,38.529737717029924,16852,True,False,False
1138,CSS_J084436.7+214510,EW,EW,False,False,5.910602142593277,22.903583302548945,16852,True,False,False
1139,CSS_J103352.5+353324,EA,EA,False,False,15.47911547911548,6.511056511056511,2597,True,False,False
1140,CSS_J211944.8-105527,EW,EW,False,False,43.904691540450685,59.32766900628002,16852,True,False,False
1141,CSS_J170002.3+211855,RS CVn,RS CVn,False,True,68.38235294117648,35.294117647058826,846,True,False,False
1142,CSS_J215021.7+213447,EW,RRc,True,False,47.192463982268194,50.66494274104174,16852,True,False,False
1143,CSS_J051854.9+014017,EW,EW,False,False,79.47912818618397,36.33173254525305,16852,True,False,False
1144,CSS_J044314.1-155252,EW,EW,False,False,33.69043221278168,38.06797192463982,16852,True,False,False
1145,CSS_J212102.3+153906,RRab,RRab,False,False,76.14213197969542,86.29441624365482,1249,True,False,False
1146,CSS_J160838.6+174958,RS CVn,RS CVn,False,True,36.39705882352941,23.52941176470588,846,True,False,False
1147,CSS_J163257.8+120358,RS CVn,RS CVn,False,True,99.63235294117648,94.85294117647058,846,True,False,False
1148,CSS_J043834.9+202621,LPV,LPV,False,False,3.4482758620689653,17.24137931034483,281,True,False,False
1149,CSS_J224616.3-162802,EW,EW,False,False,34.87255264130033,51.18212042851865,16852,True,False,False
1150,CSS_J031419.2+225357,EW,EW,False,False,14.407092722571113,65.86627262652382,16852,True,False,False
1151,CSS_J145022.7-031914,EW,EW,False,False,50.70188400443295,64.53638714444034,16852,True,False,False
1152,CSS_J073653.1+471229,EA,EA,False,False,49.631449631449634,43.24324324324324,2597,True,False,False
1153,CSS_J224852.2+334034,EW,EW,False,False,2.5674178056889545,66.6605097894348,16852,True,False,False
1154,CSS_J044731.9+282228,EW,EW,False,False,42.74104174362763,83.41337273734761,16852,True,False,False
1155,CSS_J071402.6+383850,EW,EW,False,False,80.0147765053565,81.04913188031031,16852,True,False,False
1156,CSS_J233457.5+312029,RRc,RRc,False,False,73.34047109207708,95.82441113490364,2917,True,False,False
1157,CSS_J224059.3-070624,EA,EA,False,False,25.552825552825553,0.7371007371007371,2597,True,False,False
1158,CSS_J031451.8+203221,EA,EA,False,False,96.92874692874693,55.651105651105645,2597,True,False,False
1159,CSS_J101613.6+261049,RRc,EW,True,False,68.3083511777302,88.75802997858673,2917,True,False,False
1160,CSS_J103154.1-012747,EW,EW,False,False,44.27410417436276,28.925009235315848,16852,True,False,False
1161,CSS_J044007.0-013300,EW,EW,False,False,8.902844477281123,3.084595493165866,16852,True,False,False
1162,CSS_J170139.1+243948,EA,EA,False,False,1.1056511056511056,1.3513513513513513,2597,True,False,False
1163,CSS_J100857.2+282754,EW,EW,False,False,16.420391577391946,63.557443664573334,16852,True,False,False
1164,CSS_J072602.7+294006,EW,EW,False,False,35.306612486147024,9.595493165866273,16852,True,False,False
1165,CSS_J173818.8+371939,EW,EW,False,False,53.87883265607684,58.14554857776136,16852,True,False,False
1166,CSS_J162428.3+381827,EW,EW,False,False,41.81751015884743,49.98152936830439,16852,True,False,False
1167,CSS_J021242.1+241842,EW,EW,False,False,61.544144809752495,87.93867750277059,16852,True,False,False
1168,CSS_J014248.1-152355,EW,EW,False,False,62.09826376062061,46.19504987070558,16852,True,False,False
1169,CSS_J002056.0+270925,EW,EW,False,False,2.161063908385667,19.375692648688585,16852,True,False,False
1170,CSS_J111247.7+025037,EW,EW,False,False,23.38381972663465,21.739933505725894,16852,True,False,False
1171,CSS_J091119.8+322833,EW,EW,False,False,51.90247506464721,88.28961950498707,16852,True,False,False
1172,CSS_J110743.5+211351,EW,EW,False,False,68.72922053934245,77.66900628001477,16852,True,False,False
1173,CSS_J093541.4-015450,EW,EW,False,False,56.4647210934614,60.84226080531954,16852,True,False,False
1174,CSS_J224227.6+140315,RRc,RRc,False,False,20.663811563169165,1.177730192719486,2917,True,False,False
1175,CSS_J175918.9+641226,EW,EW,False,False,14.961211673439232,49.5197635759143,16852,True,False,False
1176,CSS_J081604.9+191409,EW,EW,False,False,56.20613224972294,34.7247875877355,16852,True,False,False
1177,CSS_J212341.3-164727,EW,EW,False,False,57.942371629109715,71.7214628740303,16852,True,False,False
1178,CSS_J105126.1+485645,EW,EW,False,False,17.63945326930181,1.847063169560399,16852,True,False,False
1179,CSS_J141753.9-115619,EW,EW,False,False,12.467676394532692,57.48060583671961,16852,True,False,False
1180,CSS_J170612.6+065617,EW,EW,False,False,2.6043590690801626,33.61654968599926,16852,True,False,False
1181,CSS_J054750.3+080843,EW,EW,False,False,17.620982637606204,57.79460657554488,16852,True,False,False
1182,CSS_J051657.8+140734,EW,EW,False,False,6.372367934983377,62.44920576283709,16852,True,False,False
1183,CSS_J210109.9-111203,EA,EA,False,False,32.923832923832926,14.742014742014742,2597,True,False,False
1184,CSS_J040531.7+345147,EW,EW,False,False,21.924639822681936,18.341337273734762,16852,True,False,False
1185,CSS_J033915.2+315628,EW,EW,False,False,93.516808274843,15.238271148873292,16852,True,False,False
1186,CSS_J051516.5+191927,EA,EA,False,False,83.04668304668304,68.91891891891892,2597,True,False,False
1187,CSS_J082634.9+494640,RRc,RRc,False,False,10.706638115631693,0.4282655246252677,2917,True,False,False
1188,CSS_J111253.9-153709,EW,RRab,True,False,81.75101588474327,97.74658293313632,16852,True,False,False
1189,CSS_J025858.1-041447,EW,EW,False,False,79.20206871074991,38.71444403398596,16852,True,False,False
1190,CSS_J043203.8-111937,EW,EW,False,False,2.8998891762098267,10.749907646841523,16852,True,False,False
1191,CSS_J064848.8+353113,EW,EW,False,False,62.13520502401182,20.816401920945697,16852,True,False,False
1192,CSS_J024721.8-011437,EW,EW,False,False,38.64056150720355,75.9142962689324,16852,True,False,False
1193,CSS_J071358.2+351453,EW,EW,False,False,81.23383819726635,72.88511267085335,16852,True,False,False
1194,CSS_J154020.0+192835,EW,EW,False,False,75.61876616180272,67.78721832286664,16852,True,False,False
1195,CSS_J082207.7+135636,EW,EW,False,False,8.108607314370152,45.88104913188031,16852,True,False,False
1196,CSS_J033348.1-011837,EW,EW,False,False,50.4617657923901,13.040265977096416,16852,True,False,False
1197,CSS_J172411.3+200716,EW,EW,False,False,89.3793867750277,83.04396010343554,16852,True,False,False
1198,CSS_J220901.5+054552,EW,RRc,True,False,53.36165496859992,74.5289988917621,16852,True,False,False
1199,CSS_J220532.8+293835,EW,EW,False,False,78.85112670853344,65.03509420022165,16852,True,False,False
1200,CSS_J210957.5-183301,EW,EW,False,False,12.966383450314002,25.120059106021426,16852,True,False,False
1201,CSS_J100234.6+025036,EW,EW,False,False,97.39564093091984,85.83302548947174,16852,True,False,False
1202,CSS_J030915.4+323119,EA,EA,False,False,75.67567567567568,95.33169533169533,2597,True,False,False
1203,CSS_J031942.7+174552,EW,EW,False,False,39.3424455116365,31.640192094569635,16852,True,False,False
1204,CSS_J084908.8-103140,EW,EW,False,False,64.83191725157,68.35980790543037,16852,True,False,False
1205,CSS_J053617.7-062836,RS CVn,EW,True,True,90.07352941176471,96.32352941176471,846,True,False,False
1206,CSS_J165803.1-051716,EW,EW,False,False,44.920576283708904,36.64573328407831,16852,True,False,False
1207,CSS_J204506.2-061954,EW,EW,False,False,54.322127816771335,0.4802364240857037,16852,True,False,False
1208,CSS_J170027.5+220640,RRc,RRc,False,False,33.83297644539615,37.3661670235546,2917,True,False,False
1209,CSS_J040942.0+200204,RRc,EW,True,False,94.75374732334048,75.2676659528908,2917,True,False,False
1210,CSS_J080155.6+504053,EW,EW,False,False,85.81455485777613,94.49575175471001,16852,True,False,False
1211,CSS_J005155.5-034811,EW,EW,False,False,29.202068710749906,95.56704839305505,16852,True,False,False
1212,CSS_J083643.8-020144,EW,EW,False,False,58.016254155892135,7.536017731806428,16852,True,False,False
1213,CSS_J213051.3-190822,EW,EW,False,False,30.568895456224602,33.63502031769487,16852,True,False,False
1214,CSS_J084841.2+295041,EW,EW,False,False,46.85999261174732,31.80642777983007,16852,True,False,False
1215,CSS_J061047.3+460414,EW,EW,False,False,33.487255264130035,7.572958995197636,16852,True,False,False
1216,CSS_J143634.6+411050,EW,EW,False,False,7.813077207240488,8.330254894717399,16852,True,False,False
1217,CSS_J045427.6-022519,EW,EW,False,False,65.7739194680458,37.0520871813816,16852,True,False,False
1218,CSS_J233447.6-183104,EW,EW,False,False,44.329516069449575,37.9756187661618,16852,True,False,False
1219,CSS_J084212.3-085912,RRc,RRc,False,False,81.26338329764454,80.83511777301928,2917,True,False,False
1220,CSS_J055844.1+041259,EW,EW,False,False,76.08053195419284,57.4067233099372,16852,True,False,False
1221,CSS_J182240.2+360622,EW,EW,False,False,32.822312523088286,86.75655707425194,16852,True,False,False
1222,CSS_J050621.9+045721,RS CVn,RS CVn,False,True,11.76470588235294,19.852941176470587,846,True,False,False
1223,CSS_J132032.7+190922,RRc,RRc,False,False,14.668094218415417,0.6423982869379015,2917,True,False,False
1224,CSS_J064831.9+400025,EW,EW,False,False,72.55264130033248,65.55227188769855,16852,True,False,False
1225,CSS_J064407.9+434529,EW,EW,False,False,7.499076468415219,15.330624307351313,16852,True,False,False
1226,CSS_J152007.9+105028,EW,EW,False,False,81.9541928333949,60.01108237901737,16852,True,False,False
1227,CSS_J151002.8-194041,EW,EW,False,False,94.23716291097155,99.29811599556704,16852,True,False,False
1228,CSS_J140609.6+033825,EW,EW,False,False,4.802364240857037,15.201329885482085,16852,True,False,False
1229,CSS_J204134.7-190518,EW,EW,False,False,38.06797192463982,45.160694495751756,16852,True,False,False
1230,CSS_J225654.3+193858,EW,EW,False,False,65.90321388991504,20.46545991872922,16852,True,False,False
1231,CSS_J012052.9+263141,EW,EW,False,False,31.030661248614706,65.51533062430735,16852,True,False,False
1232,CSS_J174030.6+275056,RRc,RRc,False,False,52.35546038543897,39.186295503211994,2917,True,False,False
1233,CSS_J014927.8+175031,EW,EW,False,False,70.55781307720724,74.67676394532693,16852,True,False,False
1234,CSS_J050210.6-010707,EW,EW,False,False,47.617288511267084,24.695234577022536,16852,True,False,False
1235,CSS_J100131.0+604030,EW,EW,False,False,19.966752862947914,36.47949759881788,16852,True,False,False
1236,CSS_J042857.9+364855,EW,EW,False,False,94.73586996675286,94.03398596231992,16852,True,False,False
1237,CSS_J001218.2+231608,EW,EW,False,False,63.94532693018101,31.695603989656444,16852,True,False,False
1238,CSS_J032755.4+312602,EW,EA,True,False,98.55929072774289,96.13963797561877,16852,True,False,False
1239,CSS_J204410.7-192217,EW,EW,False,False,37.55079423716291,82.02807536017733,16852,True,False,False
1240,CSS_J181409.2+390502,EW,EW,False,False,79.71924639822682,87.69855929072774,16852,True,False,False
1241,CSS_J233210.4+283935,EW,EW,False,False,56.88954562246029,15.072035463612856,16852,True,False,False
1242,CSS_J125506.3+131440,EW,EW,False,False,75.67417805688955,44.12633912079793,16852,True,False,False
1243,CSS_J165637.7+252821,EW,EW,False,False,22.700406353897304,0.9050609530845956,16852,True,False,False
1244,CSS_J160156.0+202821,EW,EW,False,False,75.15700036941263,58.71813816032508,16852,True,False,False
1245,CSS_J074820.5+471036,EW,EW,False,False,17.306981898780936,23.808644255633542,16852,True,False,False
1246,CSS_J005844.7+184329,EW,EW,False,False,79.25748060583672,90.50609530845955,16852,True,False,False
1247,CSS_J073432.3+375636,EW,EW,False,False,80.73513114148504,28.869597340229035,16852,True,False,False
1248,CSS_J070852.9+401054,EW,EW,False,False,43.60916143332102,54.08200960472848,16852,True,False,False
1249,CSS_J074315.4+303839,EW,EW,False,False,90.19209456963428,97.39564093091984,16852,True,False,False
1250,CSS_J074126.0+304005,EW,EW,False,False,86.07314370151458,50.40635389730329,16852,True,False,False
1251,CSS_J055527.2-153753,EA,EA,False,False,3.6855036855036856,17.56756756756757,2597,True,False,False
1252,CSS_J165250.9+213900,RRc,EW,True,False,85.97430406852249,66.70235546038545,2917,True,False,False
1253,CSS_J151639.0+202323,EA,EA,False,False,19.77886977886978,37.1007371007371,2597,True,False,False
1254,CSS_J175300.4+320144,EW,EW,False,False,1.1082379017362394,3.2693018101219065,16852,True,False,False
1255,CSS_J092535.8+130834,EW,EW,False,False,24.695234577022536,72.33099371998523,16852,True,False,False
1256,CSS_J103925.0+391743,EA,EW,True,False,63.63636363636363,99.01719901719902,2597,True,False,False
1257,CSS_J032222.7+244656,RS CVn,RS CVn,False,True,70.22058823529412,87.5,846,True,False,False
1258,CSS_J225828.7-121122,EW,EW,False,False,71.05652013298854,54.48836350203177,16852,True,False,False
1259,CSS_J071512.3+451103,EW,EW,False,False,72.31252308828961,46.95234577022534,16852,True,False,False
1260,CSS_J152355.0+515202,RRab,RRab,False,False,4.822335025380711,3.0456852791878175,1249,True,False,False
1261,CSS_J130453.2+153939,RRc,RRc,False,False,61.13490364025695,58.779443254817984,2917,True,False,False
1262,CSS_J084609.2-073613,EW,EA,True,False,98.91023272995938,96.04728481714075,16852,True,False,False
1263,CSS_J205616.6-064500,EW,EW,False,False,82.80384189139268,71.09346139637975,16852,True,False,False
1264,CSS_J235945.5+303731,EA,EA,False,False,91.8918918918919,48.402948402948404,2597,True,False,False
1265,CSS_J053612.6-105652,EW,EW,False,False,47.58034724787588,63.465090506095315,16852,True,False,False
1266,CSS_J032634.3+271604,EW,EW,False,False,24.15958625785002,79.99630587366087,16852,True,False,False
1267,CSS_J220539.0+121447,RRab,RRab,False,False,11.421319796954315,12.690355329949238,1249,True,False,False
1268,CSS_J093356.9+335225,RRc,EW,True,False,80.72805139186295,21.092077087794433,2917,True,False,False
1269,CSS_J225741.0-141229,RRd,EW,True,True,57.647058823529406,76.47058823529412,258,True,False,False
1270,CSS_J081304.1+230642,EA,EA,False,False,84.3980343980344,45.45454545454545,2597,True,False,False
1271,CSS_J144038.1-150001,RRab,RRab,False,False,69.79695431472082,69.54314720812182,1249,True,False,False
1272,CSS_J042006.6+062846,EW,EW,False,False,66.64203915773919,12.338381972663464,16852,True,False,False
1273,CSS_J035620.9+235742,EW,EW,False,False,59.95567048393055,4.673069818987809,16852,True,False,False
1274,CSS_J164814.1+470637,EW,EW,False,False,71.21352050240118,11.553380125600295,16852,True,False,False
1275,CSS_J050836.9+041255,EA,EW,True,False,84.64373464373465,54.791154791154796,2597,True,False,False
1276,CSS_J151356.7+343431,EW,EW,False,False,27.927595123753235,0.6834133727373477,16852,True,False,False
1277,CSS_J042153.8+194933,EW,EW,False,False,28.407831547838935,59.604728481714076,16852,True,False,False
1278,CSS_J074226.5+371817,EW,EW,False,False,49.0579977835242,9.974141115626155,16852,True,False,False
1279,CSS_J132816.3-073640,RRc,RRc,False,False,77.51605995717344,84.1541755888651,2917,True,False,False
1280,CSS_J125947.8-091231,EW,EW,False,False,65.18285925378649,69.02475064647211,16852,True,False,False
1281,CSS_J211214.2+051511,EW,EW,False,False,98.28223125230883,88.52973771702992,16852,True,False,False
1282,CSS_J071604.7+465854,EA,EA,False,False,17.69041769041769,19.901719901719904,2597,True,False,False
1283,CSS_J054500.9+044335,EW,EW,False,False,77.3365349094939,95.27151828592538,16852,True,False,False
1284,CSS_J042723.3-075728,EW,EW,False,False,86.23937938677503,54.82083487255264,16852,True,False,False
1285,CSS_J103118.8+293113,RRc,RRc,False,False,69.27194860813705,49.67880085653105,2917,True,False,False
1286,CSS_J222523.3+120442,EW,EW,False,False,57.499076468415225,2.271887698559291,16852,True,False,False
1287,CSS_J153528.0-123808,EW,EW,False,False,47.118581455485774,52.216475803472484,16852,True,False,False
1288,CSS_J123003.0+614035,EW,EW,False,False,89.39785740672332,54.69154045068342,16852,True,False,False
1289,CSS_J164705.5+142634,EA,EA,False,False,87.71498771498771,59.09090909090909,2597,True,False,False
1290,CSS_J035657.3+081823,EW,EW,False,False,94.47728112301441,3.4909493904691544,16852,True,False,False
1291,CSS_J150418.3+213757,RS CVn,EW,True,True,91.91176470588235,91.54411764705883,846,True,False,False
1292,CSS_J160417.7-080535,RRc,RRc,False,False,56.20985010706639,2.569593147751606,2917,True,False,False
1293,CSS_J043424.8+082159,EW,EW,False,False,49.35352789065386,64.64721093461397,16852,True,False,False
1294,CSS_J101716.1+105249,RRc,EW,True,False,71.73447537473233,56.102783725910065,2917,True,False,False
1295,CSS_J071032.8+381205,EW,EW,False,False,95.14222386405615,91.07868489102327,16852,True,False,False
1296,CSS_J133839.1+241105,EW,EW,False,False,94.9021056520133,87.19985223494643,16852,True,False,False
1297,CSS_J220238.7+092036,EW,EW,False,False,57.62837089028445,12.430735131141486,16852,True,False,False
1298,CSS_J230158.4+350419,EW,EW,False,False,70.13298854820835,79.71924639822682,16852,True,False,False
1299,CSS_J160608.3-073939,EW,EW,False,False,34.429257480605834,80.47654229774658,16852,True,False,False
1300,CSS_J145308.1-151602,EW,EW,False,False,56.98189878093831,58.755079423716296,16852,True,False,False
1301,CSS_J222913.7-180631,RRc,RRc,False,False,32.86937901498929,38.32976445396146,2917,True,False,False
1302,CSS_J133731.9-093732,EW,EW,False,False,31.06760251200591,25.858884373845587,16852,True,False,False
1303,CSS_J222439.6+074425,EW,EW,False,False,19.67122275581825,20.428518655338014,16852,True,False,False
1304,CSS_J213033.6+213159,EW,EW,False,False,7.332840783154785,9.844846693756928,16852,True,False,False
1305,CSS_J091837.5+212121,EW,EW,False,False,64.18544514222387,92.68562984854081,16852,True,False,False
1306,CSS_J165104.1+421110,RRc,RRc,False,False,5.032119914346895,33.190578158458244,2917,True,False,False
1307,CSS_J053217.9-155356,RS CVn,RS CVn,False,True,52.20588235294118,26.838235294117645,846,True,False,False
1308,CSS_J153447.9+220006,EA,EW,True,False,41.891891891891895,13.022113022113022,2597,True,False,False
1309,CSS_J065350.0+632759,EW,EW,False,False,60.50978943479867,25.914296268932397,16852,True,False,False
1310,CSS_J082836.1+350242,EA,EA,False,False,6.388206388206388,12.407862407862408,2597,True,False,False
1311,CSS_J224243.7+201317,EW,RS CVn,True,False,86.27632065016624,97.83893609161434,16852,True,False,False
1312,CSS_J103834.8+065425,EW,EW,False,False,72.44181751015884,75.87735500554119,16852,True,False,False
1313,CSS_J163633.9+483000,EW,EW,False,False,37.015145917990395,91.1895086811969,16852,True,False,False
1314,CSS_J092059.8-133339,EW,EW,False,False,19.227927595123752,17.04839305504248,16852,True,False,False
1315,CSS_J080942.0+140555,EW,EW,False,False,75.36017731806427,90.89397857406723,16852,True,False,False
1316,CSS_J221619.1+045541,EW,EW,False,False,29.903952715182857,25.37864794975988,16852,True,False,False
1317,CSS_J042835.0+382816,RRc,EW,True,False,86.61670235546039,96.57387580299786,2917,True,False,False
1318,CSS_J223522.3-132729,RRc,RRc,False,False,65.0963597430407,85.11777301927195,2917,True,False,False
1319,CSS_J070344.9+332505,EA,EA,False,False,50.859950859950864,41.154791154791155,2597,True,False,False
1320,CSS_J010558.3+362222,EW,EW,False,False,11.322497229405245,37.606206132249724,16852,True,False,False
1321,CSS_J091143.5+211726,EW,EW,False,False,97.17399335057259,96.60140376800886,16852,True,False,False
1322,CSS_J033938.3+294122,EW,EW,False,False,53.066124861470264,62.24602881418545,16852,True,False,False
1323,CSS_J115656.8+152836,EW,EW,False,False,20.59475434059845,19.76357591429627,16852,True,False,False
1324,CSS_J221342.5+144946,RRc,RRc,False,False,86.83083511777302,75.91006423982869,2917,True,False,False
1325,CSS_J043211.6-123334,EW,EW,False,False,2.234946435168083,31.40007388252678,16852,True,False,False
1326,CSS_J092840.8+240559,EW,EW,False,False,7.7022534170668635,6.243073513114148,16852,True,False,False
1327,CSS_J163450.8+210841,RRc,RRc,False,False,14.025695931477516,67.6659528907923,2917,True,False,False
1328,CSS_J180337.6+461857,EW,EW,False,False,4.285186553380125,4.396010343553749,16852,True,False,False
1329,CSS_J082331.5-023347,EW,RRc,True,False,79.51606944957518,84.83561137790913,16852,True,False,False
1330,CSS_J143434.8+130522,EW,EW,False,False,14.517916512744735,44.920576283708904,16852,True,False,False
1331,CSS_J233249.9+371544,EW,EW,False,False,45.53010712966383,67.51015884743258,16852,True,False,False
1332,CSS_J220054.6+203310,EW,EW,False,False,35.879202068710754,54.56224602881419,16852,True,False,False
1333,CSS_J151543.4-074459,EW,RS CVn,True,False,98.1159955670484,100.0,16852,True,True,False
1334,CSS_J214718.4-184649,EW,EW,False,False,75.85888437384558,83.72737347617289,16852,True,False,False
1335,CSS_J211711.1+160239,EW,EW,False,False,38.73291466568157,64.94274104174363,16852,True,False,False
1336,CSS_J085604.7+130630,EW,EW,False,False,71.14887329146656,88.03103066124861,16852,True,False,False
1337,CSS_J044307.4-163128,EW,EW,False,False,34.61396379756187,36.44255633542667,16852,True,False,False
1338,CSS_J175634.6+540134,RRab,RRab,False,False,1.2690355329949239,14.467005076142131,1249,True,False,False
1339,CSS_J065608.2+650243,EW,EW,False,False,28.01994828223125,58.38566678980421,16852,True,False,False
1340,CSS_J210132.5+121931,EW,EW,False,False,1.3483561137790911,33.96749168821574,16852,True,False,False
1341,CSS_J053145.1-180236,RS CVn,EW,True,True,86.76470588235294,97.05882352941177,846,True,False,False
1342,CSS_J172248.5+212038,EW,EW,False,False,34.29996305873661,52.82600664942741,16852,True,False,False
1343,CSS_J005459.5+112001,EW,EW,False,False,47.06316956039897,79.1651274473587,16852,True,False,False
1344,CSS_J023529.5+244425,EW,EW,False,False,1.865533801256003,7.886959734022904,16852,True,False,False
1345,CSS_J042513.7+270333,RRab,RRab,False,False,57.868020304568525,42.38578680203046,1249,True,False,False
1346,CSS_J172655.0+222053,EW,EW,False,False,79.99630587366087,88.12338381972663,16852,True,False,False
1347,CSS_J210535.7+032308,EW,EW,False,False,41.85445142223864,61.581086073143695,16852,True,False,False
1348,CSS_J233114.7-020641,RS CVn,EW,True,True,66.17647058823529,39.705882352941174,846,True,False,False
1349,CSS_J131712.6+142555,RRc,RRc,False,False,46.359743040685224,64.23982869379014,2917,True,False,False
1350,CSS_J023103.8+075809,EW,EW,False,False,61.26708533431844,56.87107499076468,16852,True,False,False
1351,CSS_J080509.8+390822,EW,EW,False,False,59.05060953084595,5.8182489841152565,16852,True,False,False
1352,CSS_J101144.3-071047,EW,EW,False,False,98.6147026228297,86.20243812338381,16852,True,False,False
1353,CSS_J210319.3-135229,EW,EW,False,False,35.260435906908015,34.98337643147396,16852,True,False,False
1354,CSS_J063400.6+563208,EW,EW,False,False,15.755448836350203,20.446989287033617,16852,True,False,False
1355,CSS_J162005.2-014555,EW,EW,False,False,75.4710011082379,75.13852973771704,16852,True,False,False
1356,CSS_J090329.5+054141,RRc,EW,True,False,70.2355460385439,70.98501070663812,2917,True,False,False
1357,CSS_J093628.2-040213,EW,EW,False,False,57.33284078315478,56.9264868858515,16852,True,False,False
1358,CSS_J090908.3+083729,EW,EW,False,False,20.816401920945697,55.596601403768005,16852,True,False,False
1359,CSS_J023033.7-050858,EW,EW,False,False,87.66161802733653,32.19431104543775,16852,True,False,False
1360,CSS_J230607.3+254559,EA,EW,True,False,58.72235872235873,24.447174447174447,2597,True,False,False
1361,CSS_J051526.4+035108,EW,EW,False,False,21.16734392316217,5.171776874769117,16852,True,False,False
1362,CSS_J022945.9-063705,EA,EA,False,False,31.32678132678133,12.039312039312039,2597,True,False,False
1363,CSS_J093749.0+094113,EW,EW,False,False,65.2382711488733,34.835611377909125,16852,True,False,False
1364,CSS_J220159.4+083712,RRc,RRc,False,False,84.58244111349036,83.29764453961455,2917,True,False,False
1365,CSS_J045157.5+180338,LPV,RS CVn,True,False,66.66666666666666,80.45977011494253,281,True,False,False
1366,CSS_J225122.6+363450,EW,EW,False,False,25.766531215367568,1.2375323236054674,16852,True,False,False
1367,CSS_J130247.7+400659,EW,EW,False,False,13.852973771702992,12.116734392316216,16852,True,False,False
1368,CSS_J053957.9+020329,EA,EA,False,False,67.07616707616708,68.7960687960688,2597,True,False,False
1369,CSS_J050211.2+163519,EW,EW,False,False,12.726265238271148,54.5991872922054,16852,True,False,False
1370,CSS_J102217.6-063707,EA,EW,True,False,81.32678132678133,89.68058968058969,2597,True,False,False
1371,CSS_J223557.0+040022,EW,EW,False,False,83.59807905430365,42.648688585149614,16852,True,False,False
1372,CSS_J044001.7+185051,EW,EW,False,False,79.29442186922793,84.37384558551902,16852,True,False,False
1373,CSS_J214708.2+102906,EW,EW,False,False,87.77244181751016,48.74399704469893,16852,True,False,False
1374,CSS_J083407.1+300102,EW,EW,False,False,35.38973032877725,16.77133357960842,16852,True,False,False
1375,CSS_J055353.1-054819,EW,EA,True,False,96.69375692648688,66.88215736978205,16852,True,False,False
1376,CSS_J055200.6-095723,EW,EW,False,False,49.26117473217584,29.442186922792757,16852,True,False,False
1377,CSS_J233353.5+115016,EW,EW,False,False,46.34281492427041,86.29479128186183,16852,True,False,False
1378,CSS_J024116.8+380815,EA,EA,False,False,66.83046683046683,19.28746928746929,2597,True,False,False
1379,CSS_J165942.6+221509,EW,RS CVn,True,False,89.63797561876616,97.98670114517917,16852,True,False,False
1380,CSS_J094625.2+174039,RRc,RRc,False,False,52.67665952890792,58.565310492505354,2917,True,False,False
1381,CSS_J160521.0+171444,EW,EW,False,False,95.38234207609901,8.274842999630588,16852,True,False,False
1382,CSS_J141425.9+471000,RRab,RRab,False,False,72.08121827411168,68.78172588832487,1249,True,False,False
1383,CSS_J103916.3+053427,EA,EW,True,False,58.23095823095823,62.285012285012286,2597,True,False,False
1384,CSS_J145408.8+064251,RRc,RRc,False,False,13.16916488222698,9.314775160599572,2917,True,False,False
1385,CSS_J223810.8+134351,RS CVn,EW,True,True,61.029411764705884,67.27941176470588,846,True,False,False
1386,CSS_J235525.3+410652,EW,EW,False,False,31.603250831178425,75.85888437384558,16852,True,False,False
1387,CSS_J231043.2+292719,EW,EW,False,False,28.167713335796087,8.256372367934983,16852,True,False,False
1388,CSS_J095234.3+211729,EW,EW,False,False,89.8226819357222,24.288880679719245,16852,True,False,False
1389,CSS_J231010.8+323205,EW,EW,False,False,68.08274842999631,54.266715921684515,16852,True,False,False
1390,CSS_J212921.5-135955,EW,EW,False,False,68.48910232729959,57.70225341706686,16852,True,False,False
1391,CSS_J124520.2+035855,LPV,LPV,False,False,44.827586206896555,68.96551724137932,281,True,False,False
1392,CSS_J072611.6+523102,EW,EW,False,False,32.36054673069819,36.90432212781677,16852,True,False,False
1393,CSS_J103251.6+274155,RS CVn,RS CVn,False,True,37.13235294117647,16.544117647058822,846,True,False,False
1394,CSS_J064538.9+643318,RRab,RRab,False,False,52.53807106598985,52.79187817258884,1249,True,False,False
1395,CSS_J180626.8+542413,EW,EW,False,False,24.011821204285187,57.4251939416328,16852,True,False,False
1396,CSS_J121141.8+100454,LPV,LPV,False,False,48.275862068965516,50.57471264367817,281,True,False,False
1397,CSS_J115141.6-010849,RRd,RRd,False,True,52.94117647058824,34.11764705882353,258,True,False,False
1398,CSS_J204758.3-051136,EW,EW,False,False,68.9323974879941,83.65349094939047,16852,True,False,False
1399,CSS_J035104.3+351046,RS CVn,RS CVn,False,True,68.01470588235294,50.0,846,True,False,False
1400,CSS_J053008.8+031619,EW,EW,False,False,54.174362763206496,50.33247137052087,16852,True,False,False
1401,CSS_J083653.5+321033,EW,EW,False,False,33.26560768378278,32.305134835611376,16852,True,False,False
1402,CSS_J010117.0+412729,RRc,RRc,False,False,4.710920770877944,12.633832976445397,2917,True,False,False
1403,CSS_J082251.1+040114,EW,RRc,True,False,77.72441817510159,37.47691171038049,16852,True,False,False
1404,CSS_J130017.4+071511,RRc,RRc,False,False,66.27408993576017,67.77301927194861,2917,True,False,False
1405,CSS_J175213.3+432629,RRc,EW,True,False,68.73661670235546,26.124197002141326,2917,True,False,False
1406,CSS_J214211.5+170845,EW,EW,False,False,96.10269671222756,83.17325452530476,16852,True,False,False
1407,CSS_J205550.6-011947,RRc,EW,True,False,71.30620985010707,97.32334047109208,2917,True,False,False
1408,CSS_J051442.2-030431,EW,EW,False,False,73.29146656815662,76.22829700775766,16852,True,False,False
1409,CSS_J050148.6+115027,EA,EA,False,False,87.59213759213759,68.55036855036855,2597,True,False,False
1410,CSS_J064636.3+581700,EW,EW,False,False,71.2596970816402,58.57037310676026,16852,True,False,False
1411,CSS_J142510.6+121109,RRc,RRc,False,False,43.897216274089935,59.743040685224834,2917,True,False,False
1412,CSS_J073225.0+285129,EW,EW,False,False,57.66531215367565,73.03287772441817,16852,True,False,False
1413,CSS_J154829.7-071618,EW,EW,False,False,57.57295899519763,48.91023272995936,16852,True,False,False
1414,CSS_J204420.9-141324,EW,EW,False,False,41.466568156630956,73.95640930919838,16852,True,False,False
1415,CSS_J153624.4+410544,EW,EW,False,False,85.51902475064648,45.751754710011085,16852,True,False,False
1416,CSS_J011601.0+164919,EA,EA,False,False,0.85995085995086,10.073710073710075,2597,True,False,False
1417,CSS_J163212.7+443348,RRc,EW,True,False,88.97216274089935,16.167023554603855,2917,True,False,False
1418,CSS_J182758.6+514537,RRab,RRab,False,False,94.41624365482234,93.4010152284264,1249,True,False,False
1419,CSS_J050234.3+292108,EW,EW,False,False,97.30328777244182,63.53897303287772,16852,True,False,False
1420,CSS_J025756.8-163753,EW,EW,False,False,77.92759512375324,60.45437753971186,16852,True,False,False
1421,CSS_J043041.1-082053,RRc,RRc,False,False,63.70449678800857,79.87152034261243,2917,True,False,False
1422,CSS_J232706.4+305821,EW,EW,False,False,40.17362393793868,67.89804211304028,16852,True,False,False
1423,CSS_J052549.5+140021,EW,EW,False,False,92.98115995567049,60.47284817140747,16852,True,False,False
1424,CSS_J225936.6+080753,EW,EW,False,False,0.4802364240857037,5.929072774288881,16852,True,False,False
1425,CSS_J053030.4-090225,EW,EW,False,False,74.5105282600665,44.58810491318803,16852,True,False,False
1426,CSS_J110307.7+010829,RRc,RRc,False,False,53.21199143468951,6.638115631691649,2917,True,False,False
1427,CSS_J020014.3+260505,EW,EW,False,False,64.55485777613595,92.07609900258589,16852,True,False,False
1428,CSS_J004124.7-064536,RRc,EW,True,False,84.68950749464668,42.933618843683085,2917,True,False,False
1429,CSS_J051345.6+232250,EW,EW,False,False,53.17694865164388,29.645363871444403,16852,True,False,False
1430,CSS_J131116.6+191650,RS CVn,RS CVn,False,True,74.26470588235294,40.80882352941176,846,True,False,False
1431,CSS_J080710.5+381032,EW,EW,False,False,63.649796823051354,55.44883635020318,16852,True,False,False
1432,CSS_J004033.0+410143,EW,EW,False,False,37.58773550055412,3.0476542297746585,16852,True,False,False
1433,CSS_J074437.0+302318,EA,EA,False,False,71.86732186732186,85.5036855036855,2597,True,False,False
1434,CSS_J025412.2+271807,EW,EW,False,False,6.908016254155893,55.504248245289986,16852,True,False,False
1435,CSS_J151905.1+174626,EW,EW,False,False,27.39194680458072,40.616919098633176,16852,True,False,False
1436,CSS_J142953.1+045444,EW,EW,False,False,5.615072035463613,58.348725526413006,16852,True,False,False
1437,CSS_J044841.6-031056,EW,EW,False,False,6.57554488363502,46.47210934613964,16852,True,False,False
1438,CSS_J130607.9-101140,EW,EW,False,False,40.875507942371634,39.67491688215737,16852,True,False,False
1439,CSS_J161956.7+504320,EW,EW,False,False,15.570742519394162,19.02475064647211,16852,True,False,False
1440,CSS_J125331.2-035626,RRd,RRc,True,True,10.588235294117647,29.411764705882355,258,True,False,False
1441,CSS_J113311.1-144422,RRc,EW,True,False,63.062098501070665,74.08993576017131,2917,True,False,False
1442,CSS_J151602.0-111524,EA,EA,False,False,32.55528255528255,48.03439803439804,2597,True,False,False
1443,CSS_J171234.1+291037,EW,EW,False,False,22.811230144070926,38.16032508311784,16852,True,False,False
1444,CSS_J023411.6-023803,RS CVn,RS CVn,False,True,63.60294117647059,19.11764705882353,846,True,False,False
1445,CSS_J212531.4+130046,EW,EW,False,False,74.62135205024012,3.3985962319911343,16852,True,False,False
1446,CSS_J085708.6+225116,RS CVn,RS CVn,False,True,9.558823529411764,23.897058823529413,846,True,False,False
1447,CSS_J210351.9+045835,RRc,EW,True,False,87.36616702355461,39.07922912205567,2917,True,False,False
1448,CSS_J054455.3-162707,RRc,RRc,False,False,67.13062098501071,21.199143468950748,2917,True,False,False
1449,CSS_J163248.3+282058,EW,EW,False,False,22.164758034724787,20.539342445511636,16852,True,False,False
1450,CSS_J180417.3+394115,RRc,RRc,False,False,61.67023554603854,41.434689507494646,2917,True,False,False
1451,CSS_J145900.9+045545,EW,EW,False,False,31.418544514222386,65.92168452161063,16852,True,False,False
1452,CSS_J030853.2+311322,EW,EW,False,False,61.63649796823051,4.303657185075729,16852,True,False,False
1453,CSS_J205409.8-033530,EW,EW,False,False,93.9785740672331,61.100849649058,16852,True,False,False
1454,CSS_J072943.6+470555,EW,EW,False,False,68.54451422238641,80.69818987809383,16852,True,False,False
1455,CSS_J110157.9-053926,EW,EW,False,False,96.06575544883636,93.0735131141485,16852,True,False,False
1456,CSS_J015149.1+320000,EW,EW,False,False,46.06575544883635,33.43184336904322,16852,True,False,False
1457,CSS_J231759.4+171050,RRab,RRab,False,False,67.00507614213198,19.543147208121827,1249,True,False,False
1458,CSS_J142430.9-072301,EA,EA,False,False,54.054054054054056,31.44963144963145,2597,True,False,False
1459,CSS_J210457.5+015903,EW,EW,False,False,95.8441078684891,97.87587735500554,16852,True,False,False
1460,CSS_J140432.7+391801,EW,EW,False,False,29.294421869227925,16.75286294791282,16852,True,False,False
1461,CSS_J024610.6+143144,EA,EA,False,False,54.66830466830467,91.4004914004914,2597,True,False,False
1462,CSS_J210056.0-140757,EW,EW,False,False,71.55522718876985,56.29848540820096,16852,True,False,False
1463,CSS_J022347.9+102410,RRab,RRab,False,False,79.44162436548223,64.72081218274111,1249,True,False,False
1464,CSS_J004238.8+382927,EW,EW,False,False,41.94680458071666,2.8814185445142226,16852,True,False,False
1465,CSS_J220912.2+272359,EW,EW,False,False,20.391577391946804,42.09456963428149,16852,True,False,False
1466,CSS_J094201.0+101542,EW,EW,False,False,11.174732175840415,18.56298485408201,16852,True,False,False
1467,CSS_J011119.5+331912,EA,EA,False,False,16.584766584766587,72.35872235872236,2597,True,False,False
1468,CSS_J205132.3-063233,EW,EW,False,False,62.33838197266347,53.02918359807906,16852,True,False,False
1469,CSS_J233359.0+313812,RRc,RRc,False,False,70.8779443254818,35.01070663811563,2917,True,False,False
1470,CSS_J072229.8+410317,EW,EW,False,False,99.96305873660879,89.23162172146287,16852,True,False,False
1471,CSS_J055231.1-095500,EW,EW,False,False,75.74806058367196,93.9970446989287,16852,True,False,False
1472,CSS_J013608.7+081209,RRc,RRc,False,False,64.34689507494646,69.37901498929337,2917,True,False,False
1473,CSS_J105528.9-074410,EA,EA,False,False,10.565110565110565,59.45945945945946,2597,True,False,False
1474,CSS_J061005.2-100340,RRc,RRc,False,False,15.738758029978586,50.74946466809421,2917,True,False,False
1475,CSS_J050408.5-161529,EW,EW,False,False,2.327299593646103,29.682305134835612,16852,True,False,False
1476,CSS_J223759.1+251433,EW,EW,False,False,21.887698559290726,55.26413003324714,16852,True,False,False
1477,CSS_J222542.2+232702,EW,EW,False,False,65.94015515330625,91.59586257850019,16852,True,False,False
1478,CSS_J080910.0+143449,RRc,RRc,False,False,68.84368308351178,50.21413276231264,2917,True,False,False
1479,CSS_J170839.8+122530,EW,EW,False,False,78.2600664942741,72.62652382711488,16852,True,False,False
1480,CSS_J160927.4-021017,EW,EW,False,False,90.57997783524196,66.43886220908755,16852,True,False,False
1481,CSS_J090212.5+400547,EW,EW,False,False,87.58773550055412,95.19763575914297,16852,True,False,False
1482,CSS_J074254.7+210901,EW,EW,False,False,22.73734761728851,13.391207979312892,16852,True,False,False
1483,CSS_J053533.5+143814,EW,EW,False,False,80.5319541928334,79.1835980790543,16852,True,False,False
1484,CSS_J224207.1+325539,EW,EW,False,False,38.62209087550794,0.12929442186922793,16852,True,False,False
1485,CSS_J224956.8-031032,EW,EW,False,False,97.59881787957148,72.90358330254895,16852,True,False,False
1486,CSS_J095522.6-044551,EW,EW,False,False,70.3915773919468,84.48466937569265,16852,True,False,False
1487,CSS_J212013.0+055139,EW,EW,False,False,6.704839305504248,38.49279645363872,16852,True,False,False
1488,CSS_J051235.7+154117,EW,EW,False,False,27.87218322866642,25.434059844846697,16852,True,False,False
1489,CSS_J142155.0-021432,RRd,RRc,True,True,43.529411764705884,56.470588235294116,258,True,False,False
1490,CSS_J054416.1+042147,EA,EA,False,False,11.916461916461916,59.336609336609335,2597,True,False,False
1491,CSS_J001907.1+340056,EW,EW,False,False,18.101219061691907,3.601773180642778,16852,True,False,False
1492,CSS_J060711.8-080617,EW,EW,False,False,66.1987439970447,73.79017362393793,16852,True,False,False
1493,CSS_J025831.1+054857,EW,EW,False,False,82.36054673069819,66.90062800147764,16852,True,False,False
1494,CSS_J021322.9+314816,EA,EA,False,False,4.914004914004914,11.67076167076167,2597,True,False,False
1495,CSS_J144110.6-154251,RRc,RRc,False,False,58.67237687366167,68.09421841541756,2917,True,False,False
1496,CSS_J164634.2+035205,RS CVn,EW,True,True,43.38235294117647,18.75,846,True,False,False
1497,CSS_J045923.9+084855,EW,EW,False,False,20.502401182120426,20.33616549685999,16852,True,False,False
1498,CSS_J172148.0+072524,RRab,RRab,False,False,95.43147208121827,97.71573604060913,1249,True,False,False
1499,CSS_J061948.0+511707,EW,EW,False,False,22.44181751015885,0.3694126339120798,16852,True,False,False
1500,CSS_J012923.2-071509,EW,EW,False,False,18.119689693387514,84.85408200960472,16852,True,False,False
1501,CSS_J095202.1+212937,EW,EW,False,False,95.32693018101219,71.96158108607314,16852,True,False,False
1502,CSS_J134940.4-025554,RRab,EW,True,False,85.0253807106599,87.30964467005076,1249,True,False,False
1503,CSS_J170436.2+013102,RRc,RRc,False,False,5.567451820128479,7.173447537473233,2917,True,False,False
1504,CSS_J134718.7-050000,RRab,RRab,False,False,37.81725888324873,48.47715736040609,1249,True,False,False
1505,CSS_J204610.6-053448,EW,EW,False,False,47.87587735500554,89.95197635759143,16852,True,False,False
1506,CSS_J160249.9+134846,EW,EW,False,False,15.422977465829332,37.88326560768378,16852,True,False,False
1507,CSS_J173228.3+140912,EW,EW,False,False,63.11414850387883,15.79239009974141,16852,True,False,False
1508,CSS_J001248.3+201447,RS CVn,RS CVn,False,True,16.176470588235293,29.77941176470588,846,True,False,False
1509,CSS_J022119.5+315257,LPV,LPV,False,False,87.35632183908046,91.95402298850574,281,True,False,False
1510,CSS_J091538.8-040225,EA,EA,False,False,32.06388206388206,8.722358722358722,2597,True,False,False
1511,CSS_J223427.2+265345,EW,EW,False,False,38.47432582194311,80.550424824529,16852,True,False,False
1512,CSS_J085800.1-062612,RRc,RRc,False,False,21.413276231263385,45.50321199143469,2917,True,False,False
1513,CSS_J210513.4+052903,EA,EA,False,False,58.47665847665847,81.32678132678133,2597,True,False,False
1514,CSS_J104324.6-044947,RS CVn,RS CVn,False,True,28.676470588235293,31.61764705882353,846,True,False,False
1515,CSS_J154912.9-131828,EW,EW,False,False,33.70890284447728,53.01071296638346,16852,True,False,False
1516,CSS_J172349.8+255716,EW,EW,False,False,5.208718138160325,44.53269301810122,16852,True,False,False
1517,CSS_J114643.3-092924,EW,EA,True,False,79.70077576653122,45.086811968969336,16852,True,False,False
1518,CSS_J155903.7+193227,EW,EW,False,False,32.415958625785,40.635389730328775,16852,True,False,False
1519,CSS_J024226.0+312710,EW,EW,False,False,80.14407092722571,48.17140746213521,16852,True,False,False
1520,CSS_J135223.7+274159,RRc,RRc,False,False,56.9593147751606,11.027837259100643,2917,True,False,False
1521,CSS_J162705.3+171512,EW,EW,False,False,82.97007757665313,66.21721462874031,16852,True,False,False
1522,CSS_J045500.7+155205,EW,EW,False,False,8.219431104543776,53.2138899150351,16852,True,False,False
1523,CSS_J012130.7+081652,EA,EA,False,False,21.253071253071255,31.818181818181817,2597,True,False,False
1524,CSS_J171040.3+510112,EW,EW,False,False,37.16291097155523,20.151459179903952,16852,True,False,False
1525,CSS_J154559.7+151527,EW,EW,False,False,50.12929442186923,5.190247506464721,16852,True,False,False
1526,CSS_J033007.0+193539,EW,EW,False,False,60.91614333210196,3.7125969708164024,16852,True,False,False
1527,CSS_J052825.8+093943,EW,EW,False,False,24.82452899889176,39.693387513852976,16852,True,False,False
1528,CSS_J025020.6+285049,EA,EA,False,False,68.91891891891892,69.65601965601965,2597,True,False,False
1529,CSS_J172210.9+125136,EW,EW,False,False,23.550055411895087,10.398965644625047,16852,True,False,False
1530,CSS_J141927.8+093340,EW,EW,False,False,17.528629479128185,44.80975249353528,16852,True,False,False
1531,CSS_J225222.6-040223,EW,EW,False,False,43.25821943110454,63.05873660879202,16852,True,False,False
1532,CSS_J235144.6-141830,EW,EW,False,False,14.425563354266716,23.79017362393794,16852,True,False,False
1533,CSS_J091925.0-184246,EW,EW,False,False,36.23937938677503,87.40302918359808,16852,True,False,False
1534,CSS_J043508.6+190906,EW,EW,False,False,10.639083856667899,13.816032508311785,16852,True,False,False
1535,CSS_J010515.0+323743,EA,EA,False,False,4.791154791154791,2.5798525798525795,2597,True,False,False
1536,CSS_J174028.3+342110,EW,EW,False,False,15.256741780568895,1.3668267454746954,16852,True,False,False
1537,CSS_J164442.0+305731,EW,EW,False,False,81.28925009235316,22.73734761728851,16852,True,False,False
1538,CSS_J082856.2+191959,EW,EW,False,False,82.48984115256742,66.34650905060953,16852,True,False,False
1539,CSS_J210133.7+032001,EA,EA,False,False,64.25061425061425,52.21130221130221,2597,True,False,False
1540,CSS_J133551.4+141639,EA,EW,True,False,81.2039312039312,53.19410319410319,2597,True,False,False
1541,CSS_J034128.0+175116,EA,EW,True,False,60.93366093366094,98.15724815724816,2597,True,False,False
1542,CSS_J171512.9+370143,EW,EW,False,False,52.51200591060214,41.041743627632066,16852,True,False,False
1543,CSS_J071703.9+332713,EW,EA,True,False,92.22386405615072,92.5193941632804,16852,True,False,False
1544,CSS_J092838.6+150856,RRc,RRc,False,False,67.02355460385438,66.27408993576017,2917,True,False,False
1545,CSS_J050005.0+042723,LPV,LPV,False,False,60.91954022988506,59.77011494252874,281,True,False,False
1546,CSS_J092333.7-042351,EW,EW,False,False,60.34355374953824,10.583671961581086,16852,True,False,False
1547,CSS_J221718.5+261536,EW,EW,False,False,69.4311045437754,15.312153675655708,16852,True,False,False
1548,CSS_J082405.9+225720,EW,EW,False,False,21.57369782046546,81.4739564093092,16852,True,False,False
1549,CSS_J145437.2+060239,EW,EW,False,False,77.55818248984116,65.97709641669745,16852,True,False,False
1550,CSS_J020003.9+004227,EW,EW,False,False,67.69486516438862,76.30217953454009,16852,True,False,False
1551,CSS_J070414.9+341452,EW,EW,False,False,89.95197635759143,96.97081640192094,16852,True,False,False
1552,CSS_J135733.2+344447,EW,EW,False,False,80.16254155892132,57.73919468045807,16852,True,False,False
1553,CSS_J040538.5+193831,EW,EW,False,False,35.48208348725526,92.75951237532324,16852,True,False,False
1554,CSS_J165938.6+345934,EW,EW,False,False,55.65201329885482,89.3609161433321,16852,True,False,False
1555,CSS_J104727.8+003558,EW,EW,False,False,15.70003694126339,83.24713705208718,16852,True,False,False
1556,CSS_J164445.3+232132,RRc,RRc,False,False,76.23126338329764,29.550321199143468,2917,True,False,False
1557,CSS_J072554.8+293903,EW,EW,False,False,25.304765422977464,19.689693387513856,16852,True,False,False
1558,CSS_J155149.0-024458,EW,EW,False,False,43.55374953823421,81.75101588474327,16852,True,False,False
1559,CSS_J170811.7+154457,EW,EW,False,False,72.42334687846325,74.91688215736978,16852,True,False,False
1560,CSS_J090546.3+353611,EW,EW,False,False,35.925378647949756,50.57258958256372,16852,True,False,False
1561,CSS_J131104.8+055021,RRab,RRab,False,False,51.01522842639594,21.31979695431472,1249,True,False,False
1562,CSS_J153510.5+012118,EA,EA,False,False,22.85012285012285,80.5896805896806,2597,True,False,False
1563,CSS_J045827.4-103325,EW,EW,False,False,17.879571481344662,24.639822681935723,16852,True,False,False
1564,CSS_J155845.9-090653,EW,EW,False,False,82.76690062800148,72.18322866642039,16852,True,False,False
1565,CSS_J153524.8+631648,RRab,RRab,False,False,44.41624365482234,42.13197969543147,1249,True,False,False
1566,CSS_J073224.4+315914,EW,EW,False,False,67.36239379386775,38.47432582194311,16852,True,False,False
1567,CSS_J121552.9+074734,RRc,RRc,False,False,2.890792291220557,3.640256959314775,2917,True,False,False
1568,CSS_J141551.9+074000,RRc,EW,True,False,57.17344753747323,20.235546038543898,2917,True,False,False
1569,CSS_J181434.9+311451,EW,EW,False,False,55.74436645733284,58.958256372367934,16852,True,False,False
1570,CSS_J035311.9+381029,EW,EW,False,False,14.07462135205024,7.258958256372368,16852,True,False,False
1571,CSS_J075947.2+130459,EW,EW,False,False,65.03509420022165,27.946065755448835,16852,True,False,False
1572,CSS_J082802.0+031510,EA,EA,False,False,49.75429975429975,34.15233415233415,2597,True,False,False
1573,CSS_J124742.0+104506,EA,EA,False,False,77.14987714987716,28.746928746928745,2597,True,False,False
1574,CSS_J163801.8+004507,EW,EW,False,False,75.30476542297747,36.71961581086073,16852,True,False,False
1575,CSS_J133855.8+184241,LPV,LPV,False,False,12.643678160919542,2.2988505747126435,281,True,False,False
1576,CSS_J223711.7+204046,EW,EW,False,False,34.152198005171776,19.81898780938308,16852,True,False,False
1577,CSS_J215311.4-135000,EW,EW,False,False,51.08976727004063,52.78906538603621,16852,True,False,False
1578,CSS_J175444.3+522414,RRab,RRab,False,False,9.137055837563452,15.48223350253807,1249,True,False,False
1579,CSS_J051729.1+002914,EW,EW,False,False,77.13335796084226,86.03620243812338,16852,True,False,False
1580,CSS_J002150.7+135506,EW,EW,False,False,50.775766531215375,67.91651274473587,16852,True,False,False
1581,CSS_J171855.1+313039,EW,EW,False,False,86.33173254525305,41.318803103066124,16852,True,False,False
1582,CSS_J220300.4+113912,EW,EW,False,False,15.903213889915035,88.4189139268563,16852,True,False,False
1583,CSS_J015651.9+303506,EA,EA,False,False,19.533169533169534,27.27272727272727,2597,True,False,False
1584,CSS_J171201.6+560909,EW,EW,False,False,5.966014037680089,6.834133727373476,16852,True,False,False
1585,CSS_J220540.4+242822,RRab,EW,True,False,75.63451776649747,32.99492385786802,1249,True,False,False
1586,CSS_J131944.6+181826,RRc,RRc,False,False,13.49036402569593,14.989293361884368,2917,True,False,False
1587,CSS_J173814.0+474230,EW,EW,False,False,88.21573697820465,94.71739933505727,16852,True,False,False
1588,CSS_J225725.0+213727,RS CVn,RS CVn,False,True,56.25,27.941176470588236,846,True,False,False
1589,CSS_J202014.2-155701,EW,EW,False,False,69.15404506834135,83.93055042482452,16852,True,False,False
1590,CSS_J141638.6+030730,EW,EW,False,False,20.650166235685262,85.50055411895087,16852,True,False,False
1591,CSS_J012252.9+252305,LPV,LPV,False,False,83.9080459770115,70.11494252873564,281,True,False,False
1592,CSS_J081934.6+130433,EW,EW,False,False,50.72035463612855,69.08016254155892,16852,True,False,False
1593,CSS_J090337.4+335504,RS CVn,EW,True,True,92.64705882352942,84.92647058823529,846,True,False,False
1594,CSS_J104455.0+102145,EW,EW,False,False,17.565570742519395,43.03657185075729,16852,True,False,False
1595,CSS_J225245.1+113857,RRd,RRc,True,True,89.41176470588236,84.70588235294117,258,True,False,False
1596,CSS_J033934.0+375658,EW,EW,False,False,42.99963058736609,22.49722940524566,16852,True,False,False
1597,CSS_J154927.9-071610,EW,EW,False,False,13.114148503878834,73.47617288511266,16852,True,False,False
1598,CSS_J085722.5+061150,EW,EW,False,False,71.42593276690063,94.16328038418914,16852,True,False,False
1599,CSS_J093142.7-191300,RRab,RRab,False,False,76.39593908629442,70.05076142131979,1249,True,False,False
1600,CSS_J031224.9+385757,EW,EW,False,False,1.1267085334318434,39.76727004063539,16852,True,False,False
1601,CSS_J214617.0+133924,EA,EW,True,False,69.53316953316954,26.65847665847666,2597,True,False,False
1602,CSS_J012041.7-074954,RRc,RRc,False,False,0.4282655246252677,29.443254817987153,2917,True,False,False
1603,CSS_J103822.3+413051,EA,EA,False,False,64.37346437346437,73.21867321867322,2597,True,False,False
1604,CSS_J231352.4+421315,EW,EW,False,False,9.161433321019578,13.261913557443664,16852,True,False,False
1605,CSS_J074940.0+125849,EW,EW,False,False,10.78684891023273,46.63834503140008,16852,True,False,False
1606,CSS_J125932.7+163801,RRc,RRc,False,False,33.51177730192719,25.69593147751606,2917,True,False,False
1607,CSS_J025326.6+380728,EW,EW,False,False,6.630956778721832,8.441078684891023,16852,True,False,False
1608,CSS_J124300.8+080431,RS CVn,RS CVn,False,True,47.05882352941176,84.19117647058823,846,True,False,False
1609,CSS_J223837.9+321932,EW,EW,False,False,15.82933136313262,3.8603620243812338,16852,True,False,False
1610,CSS_J225857.1+350720,EW,EW,False,False,11.784263021795345,1.9578869597340227,16852,True,False,False
1611,CSS_J225907.0+305452,RRc,EW,True,False,90.68522483940042,15.845824411134904,2917,True,False,False
1612,CSS_J073151.4+240555,EA,EA,False,False,34.76658476658477,26.289926289926292,2597,True,False,False
1613,CSS_J232236.0+273255,EA,EA,False,False,3.43980343980344,1.597051597051597,2597,True,False,False
1614,CSS_J104121.2+290603,EW,EW,False,False,69.4126339120798,78.50018470631696,16852,True,False,False
1615,CSS_J121800.5-015237,EW,EW,False,False,78.53712596970817,77.17029922423347,16852,True,False,False
1616,CSS_J223431.2+055259,EW,EW,False,False,8.367196158108607,48.13446619874399,16852,True,False,False
1617,CSS_J231924.2-165315,EW,EW,False,False,13.372737347617289,57.27742888806797,16852,True,False,False
1618,CSS_J135304.6+380003,EA,EA,False,False,3.194103194103194,15.724815724815725,2597,True,False,False
1619,CSS_J174103.2+315938,EW,EW,False,False,30.21795345400813,27.798300701884003,16852,True,False,False
1620,CSS_J012537.1-044454,RS CVn,LPV,True,True,94.48529411764706,58.82352941176471,846,True,False,False
1621,CSS_J154230.9+545342,EW,EW,False,False,65.42297746582933,31.898780938308093,16852,True,False,False
1622,CSS_J024408.0+000324,EW,EW,False,False,1.736239379386775,5.947543405984485,16852,True,False,False
1623,CSS_J024640.3+240555,EW,RRc,True,False,62.06132249722941,94.77281123014407,16852,True,False,False
1624,CSS_J104819.0+151104,EW,EW,False,False,72.7188769855929,92.05762837089028,16852,True,False,False
1625,CSS_J204908.8-035807,EW,EW,False,False,7.572958995197636,35.740672330993725,16852,True,False,False
1626,CSS_J170646.1-024755,EA,EA,False,False,10.687960687960688,61.42506142506142,2597,True,False,False
1627,CSS_J091354.0+381804,RS CVn,EW,True,True,31.25,43.75,846,True,False,False
1628,CSS_J165541.5+033549,EW,EW,False,False,92.77798300701883,97.70964166974511,16852,True,False,False
1629,CSS_J095743.7-024335,EW,EW,False,False,88.34503140007388,82.06501662356852,16852,True,False,False
1630,CSS_J100622.2-100911,EA,EW,True,False,48.03439803439804,53.93120393120393,2597,True,False,False
1631,CSS_J042127.7+240837,EW,EW,False,False,75.71111932028074,71.14887329146656,16852,True,False,False
1632,CSS_J110656.2-120058,EW,EW,False,False,76.4130033247137,58.05319541928334,16852,True,False,False
1633,CSS_J223114.6+062248,LPV,LPV,False,False,71.26436781609196,40.229885057471265,281,True,False,False
1634,CSS_J074807.2+311221,EW,EW,False,False,27.02253417066864,16.01403768008866,16852,True,False,False
1635,CSS_J174959.3+385237,EW,EW,False,False,81.88031030661249,53.62024381233839,16852,True,False,False
1636,CSS_J071521.6+283011,EW,EW,False,False,44.754340598448465,51.12670853343184,16852,True,False,False
1637,CSS_J010940.2+103110,EW,EW,False,False,9.272257111193202,9.77096416697451,16852,True,False,False
1638,CSS_J042128.1+223611,EW,EW,False,False,22.201699298115997,23.605467306981897,16852,True,False,False
1639,CSS_J083310.3+330729,RS CVn,RS CVn,False,True,47.42647058823529,73.52941176470588,846,True,False,False
1640,CSS_J004430.2-023111,EW,RRc,True,False,60.02955301071297,83.61654968599926,16852,True,False,False
1641,CSS_J012518.0+222348,EW,EW,False,False,75.02770594754341,75.932766900628,16852,True,False,False
1642,CSS_J073002.7+265532,EW,EW,False,False,80.36571850757296,59.789434798670115,16852,True,False,False
1643,CSS_J102038.8+375631,EW,EW,False,False,53.63871444403399,85.24196527521242,16852,True,False,False
1644,CSS_J225055.1-124708,EW,EW,False,False,62.19061691909863,51.34835611377909,16852,True,False,False
1645,CSS_J034148.6+292733,EW,EW,False,False,25.28629479128186,21.55522718876986,16852,True,False,False
1646,CSS_J070848.7+495850,EW,EW,False,False,79.42371629109715,56.353897303287766,16852,True,False,False
1647,CSS_J111227.6-164311,EW,EW,False,False,84.55855190247506,85.79608422608052,16852,True,False,False
1648,CSS_J220335.9+045158,EW,EW,False,False,37.92020687107499,43.53527890653861,16852,True,False,False
1649,CSS_J091321.7+074229,EW,EW,False,False,53.54636128555597,52.031769486516446,16852,True,False,False
1650,CSS_J045903.5+001600,EW,EW,False,False,36.1285555966014,73.49464351680828,16852,True,False,False
1651,CSS_J012037.0+445020,EW,EW,False,False,26.98559290727743,46.12116734392316,16852,True,False,False
1652,CSS_J040700.1+301406,EA,EA,False,False,41.03194103194103,56.51105651105651,2597,True,False,False
1653,CSS_J171350.6+111306,RRab,RRab,False,False,57.10659898477157,82.74111675126903,1249,True,False,False
1654,CSS_J050604.0-132755,EW,EW,False,False,71.81381603250831,95.25304765422977,16852,True,False,False
1655,CSS_J051244.8+101510,EW,EW,False,False,88.17879571481345,46.06575544883635,16852,True,False,False
1656,CSS_J043350.0+021949,EW,EW,False,False,67.30698189878093,88.84373845585519,16852,True,False,False
1657,CSS_J083725.7+491608,RRab,RRab,False,False,83.75634517766497,93.65482233502537,1249,True,False,False
1658,CSS_J233615.0+445117,EW,EW,False,False,17.04839305504248,19.394163280384188,16852,True,False,False
1659,CSS_J110212.0+244412,EW,EW,False,False,30.033247137052086,41.1895086811969,16852,True,False,False
1660,CSS_J025933.1+283959,EA,EW,True,False,99.63144963144963,99.87714987714988,2597,True,True,False
1661,CSS_J041908.6+014810,EW,EW,False,False,12.246028814185445,3.5463612855559665,16852,True,False,False
1662,CSS_J074502.6+253437,EW,EW,False,False,48.24528998891762,62.00591060214259,16852,True,False,False
1663,CSS_J224504.8+260450,RRc,RRc,False,False,74.41113490364025,94.86081370449678,2917,True,False,False
1664,CSS_J084125.6+323430,EA,EA,False,False,69.65601965601965,29.484029484029485,2597,True,False,False
1665,CSS_J031417.8+304535,RS CVn,EW,True,True,23.52941176470588,6.985294117647059,846,True,False,False
1666,CSS_J084410.1+205746,EW,EW,False,False,85.05725895825637,21.869227927595126,16852,True,False,False
1667,CSS_J082219.4+272845,EW,EW,False,False,32.67454746952346,37.75397118581456,16852,True,False,False
1668,CSS_J034420.4+185337,EW,EW,False,False,35.57443664573328,82.47137052087182,16852,True,False,False
1669,CSS_J041901.6+300819,EW,EW,False,False,11.654968599926118,54.80236424085704,16852,True,False,False
1670,CSS_J143454.0+270936,RRc,RRc,False,False,45.71734475374733,24.30406852248394,2917,True,False,False
1671,CSS_J034840.1-042238,EW,EW,False,False,12.984854082009607,17.288511267085337,16852,True,False,False
1672,CSS_J051142.2+125605,EW,RRc,True,False,94.18175101588474,93.92316217214629,16852,True,False,False
1673,CSS_J100344.0+103623,EW,EW,False,False,31.38160325083118,43.47986701145179,16852,True,False,False
1674,CSS_J020038.4+380048,EW,EW,False,False,24.75064647210935,6.446250461765793,16852,True,False,False
1675,CSS_J222309.7+064539,RRc,RRc,False,False,38.436830835117775,15.631691648822269,2917,True,False,False
1676,CSS_J154350.2-051854,EW,EW,False,False,40.35833025489472,70.79793128925009,16852,True,False,False
1677,CSS_J173236.7+200021,EW,EW,False,False,79.1651274473587,52.493535278906535,16852,True,False,False
1678,CSS_J230312.4+225743,EW,EW,False,False,97.50646472109347,99.37199852234947,16852,True,False,False
1679,CSS_J160754.6+145549,EW,EW,False,False,5.485777613594385,3.9711858145548575,16852,True,False,False
1680,CSS_J161750.4+133157,EA,EA,False,False,24.324324324324326,28.869778869778866,2597,True,False,False
1681,CSS_J040716.1-122152,EW,EW,False,False,64.96121167343924,20.077576653121536,16852,True,False,False
1682,CSS_J214012.9+191227,EW,EW,False,False,67.95345400812708,60.140376800886585,16852,True,False,False
1683,CSS_J052049.6+010515,RS CVn,EW,True,True,34.55882352941176,30.14705882352941,846,True,False,False
1684,CSS_J081200.3+130700,EW,EW,False,False,45.80716660509789,27.336534909493903,16852,True,False,False
1685,CSS_J215333.8+121933,RRc,RRc,False,False,78.58672376873662,46.03854389721627,2917,True,False,False
1686,CSS_J103210.9-093922,EW,EW,False,False,7.055781307720724,60.80531954192834,16852,True,False,False
1687,CSS_J152042.4+325905,EW,EW,False,False,94.34798670114517,50.868119689693394,16852,True,False,False
1688,CSS_J233839.5+333448,EW,EW,False,False,35.500554118950866,0.5541189508681197,16852,True,False,False
1689,CSS_J180217.3+371011,RRc,RRc,False,False,53.64025695931478,96.35974304068522,2917,True,False,False
1690,CSS_J104513.3+143933,EW,EW,False,False,0.7018840044329516,1.680827484299963,16852,True,False,False
1691,CSS_J072602.8+584730,RRab,RRab,False,False,95.68527918781726,83.24873096446701,1249,True,False,False
1692,CSS_J022655.5+370054,EW,EW,False,False,36.99667528629479,52.475064647210935,16852,True,False,False
1693,CSS_J223950.2+335434,EW,EW,False,False,58.348725526413006,5.910602142593277,16852,True,False,False
1694,CSS_J205848.3+090836,EW,EW,False,False,96.58293313631326,94.18175101588474,16852,True,False,False
1695,CSS_J024244.9+262244,EW,EW,False,False,82.8961950498707,59.16143332101957,16852,True,False,False
1696,CSS_J173126.0+295049,EW,EW,False,False,71.35205024011822,71.98005171776875,16852,True,False,False
1697,CSS_J223611.2+055722,EW,EW,False,False,92.75951237532324,76.44994458810491,16852,True,False,False
1698,CSS_J104743.6-115422,RRab,EW,True,False,82.48730964467005,86.5482233502538,1249,True,False,False
1699,CSS_J170413.1+514201,EW,EW,False,False,13.077207240487626,10.454377539711858,16852,True,False,False
1700,CSS_J172004.9+074730,EW,EW,False,False,53.43553749538235,75.71111932028074,16852,True,False,False
1701,CSS_J063938.4+543248,EW,EW,False,False,17.06686368673809,35.98079054303657,16852,True,False,False
1702,CSS_J081311.9+195322,EA,EA,False,False,22.972972972972975,39.06633906633907,2597,True,False,False
1703,CSS_J213854.3+181019,EW,EW,False,False,15.441448097524935,24.75064647210935,16852,True,False,False
1704,CSS_J003457.1+292655,EW,EW,False,False,57.850018470631696,52.641300332471374,16852,True,False,False
1705,CSS_J220654.2-010515,RRc,RRc,False,False,88.32976445396146,69.27194860813705,2917,True,False,False
1706,CSS_J134448.1-172627,EW,EW,False,False,40.7462135205024,88.89915035094201,16852,True,False,False
1707,CSS_J020402.9+324933,EW,EW,False,False,61.02696712227558,19.94828223125231,16852,True,False,False
1708,CSS_J045307.7+203403,EW,EW,False,False,17.08533431843369,74.4735869966753,16852,True,False,False
1709,CSS_J014525.5+360334,EW,EW,False,False,73.1621721462874,95.21610639083856,16852,True,False,False
1710,CSS_J134154.4+020005,RRc,RRc,False,False,73.44753747323341,16.488222698072803,2917,True,False,False
1711,CSS_J215805.8-102624,RRc,EW,True,False,79.97858672376874,20.663811563169165,2917,True,False,False
1712,CSS_J075322.1+171734,EW,EW,False,False,14.240857037310676,25.50794237162911,16852,True,False,False
1713,CSS_J045020.1+024205,EW,EW,False,False,88.65903213889915,74.89841152567418,16852,True,False,False
1714,CSS_J163450.6+511703,EW,EW,False,False,49.92611747321759,54.746952345770225,16852,True,False,False
1715,CSS_J074648.3+185653,EW,EW,False,False,67.38086442556336,95.08681196896934,16852,True,False,False
1716,CSS_J032747.2+004415,EW,EW,False,False,3.897303287772442,17.602512005910604,16852,True,False,False
1717,CSS_J084450.3+082804,EA,EA,False,False,81.08108108108108,94.5945945945946,2597,True,False,False
1718,CSS_J144748.6+114510,EW,RRc,True,False,95.71481344661987,94.25563354266716,16852,True,False,False
1719,CSS_J102037.7+063106,LPV,LPV,False,False,82.75862068965517,75.86206896551724,281,True,False,False
1720,CSS_J015129.4+370525,EW,EW,False,False,32.637606206132254,3.8049501292944217,16852,True,False,False
1721,CSS_J122745.9+324945,EA,EA,False,False,27.14987714987715,40.417690417690416,2597,True,False,False
1722,CSS_J155002.4-121402,EW,EW,False,False,51.44070927225711,72.7188769855929,16852,True,False,False
1723,CSS_J113022.5+085443,RRc,RRc,False,False,74.62526766595289,28.15845824411135,2917,True,False,False
1724,CSS_J081013.4-021432,EA,EA,False,False,81.44963144963145,92.75184275184274,2597,True,False,False
1725,CSS_J034511.7+132557,EW,EW,False,False,26.320650166235687,30.144070927225712,16852,True,False,False
1726,CSS_J211519.3+144821,EW,EW,False,False,26.413003324713706,28.315478389360916,16852,True,False,False
1727,CSS_J160659.9+132343,EW,EW,False,False,62.57850018470632,18.119689693387514,16852,True,False,False
1728,CSS_J223019.4+245022,EA,EA,False,False,19.04176904176904,4.791154791154791,2597,True,False,False
1729,CSS_J035121.2+122459,EW,EW,False,False,25.23088289619505,84.7617288511267,16852,True,False,False
1730,CSS_J213132.2+155221,EA,EA,False,False,45.82309582309582,85.87223587223588,2597,True,False,False
1731,CSS_J093151.1+171505,LPV,LPV,False,False,59.77011494252874,56.32183908045977,281,True,False,False
1732,CSS_J035859.1+203822,EW,EW,False,False,31.363132619135577,15.55227188769856,16852,True,False,False
1733,CSS_J080231.4+321623,EW,EW,False,False,38.30809013668268,29.903952715182857,16852,True,False,False
1734,CSS_J082613.8+232505,EA,EA,False,False,3.9312039312039313,10.319410319410318,2597,True,False,False
1735,CSS_J233137.4+380648,EW,EA,True,False,98.09752493535278,84.74325821943111,16852,True,False,False
1736,CSS_J211159.7-060026,EW,EW,False,False,12.892500923531585,84.20760990025859,16852,True,False,False
1737,CSS_J123953.5+583957,RRab,RRab,False,False,44.923857868020306,69.03553299492386,1249,True,False,False
1738,CSS_J120750.2-062321,EW,EW,False,False,57.092722571111935,85.86996675286295,16852,True,False,False
1739,CSS_J105627.6+392320,EW,EW,False,False,9.475434059844847,10.23272995936461,16852,True,False,False
1740,CSS_J080634.2+145706,EW,EW,False,False,60.87920206871075,51.4037680088659,16852,True,False,False
1741,CSS_J025314.3+281121,RRc,RRc,False,False,21.5203426124197,53.104925053533194,2917,True,False,False
1742,CSS_J225858.5+032842,EW,EW,False,False,26.099002585888435,87.0520871813816,16852,True,False,False
1743,CSS_J223002.7+330331,RS CVn,RS CVn,False,True,93.01470588235294,83.45588235294117,846,True,False,False
1744,CSS_J080441.2+212420,EW,EW,False,False,99.61211673439232,98.5962319911341,16852,True,True,True
1745,CSS_J115948.3-062410,EW,EW,False,False,38.99150350942002,81.23383819726635,16852,True,False,False
1746,CSS_J144812.5+003612,RRab,RRab,False,False,9.390862944162437,0.25380710659898476,1249,True,False,False
1747,CSS_J173716.3+341815,EW,RS CVn,True,False,96.19504987070557,97.61728851126709,16852,True,False,False
1748,CSS_J213309.7+213924,RRc,RRc,False,False,51.49892933618844,81.15631691648822,2917,True,False,False
1749,CSS_J091038.0+231053,RRc,EW,True,False,77.30192719486081,84.68950749464668,2917,True,False,False
1750,CSS_J145321.6+533222,RRab,RRab,False,False,2.5380710659898478,2.284263959390863,1249,True,False,False
1751,CSS_J235454.3+413634,EW,EW,False,False,18.913926856298485,7.794606575544884,16852,True,False,False
1752,CSS_J215917.4+195629,EW,EW,False,False,95.03140007388252,46.693756926486884,16852,True,False,False
1753,CSS_J231518.3-081021,EW,EW,False,False,63.040265977096425,51.68082748429996,16852,True,False,False
1754,CSS_J100526.5-192224,RRab,RRab,False,False,70.30456852791879,88.07106598984772,1249,True,False,False
1755,CSS_J223313.8-080341,EW,EW,False,False,53.38012560029553,56.85260435906908,16852,True,False,False
1756,CSS_J102741.4-143635,RRab,RRab,False,False,13.705583756345177,43.14720812182741,1249,True,False,False
1757,CSS_J090452.6+202454,EA,EW,True,False,97.66584766584766,94.47174447174447,2597,True,False,False
1758,CSS_J035507.9+224631,RRab,RRab,False,False,89.34010152284264,85.27918781725889,1249,True,False,False
1759,CSS_J111116.9+332539,RRab,RRab,False,False,54.568527918781726,61.92893401015228,1249,True,False,False
1760,CSS_J041759.7+311518,EW,EW,False,False,81.58478019948282,39.52715182859254,16852,True,False,False
1761,CSS_J082045.1+003521,RRc,RRc,False,False,9.100642398286936,53.426124197002146,2917,True,False,False
1762,CSS_J172316.7+120551,EW,EW,False,False,97.61728851126709,69.76357591429627,16852,True,False,False
1763,CSS_J091526.0+051459,EA,EA,False,False,35.995085995085994,36.73218673218673,2597,True,False,False
1764,CSS_J082826.9+572907,EW,EW,False,False,85.29737717029923,66.36497968230513,16852,True,False,False
1765,CSS_J065224.1+434810,EW,EW,False,False,45.419283339490214,0.09235315847801995,16852,True,False,False
1766,CSS_J180457.9+352656,EW,EW,False,False,67.71333579608422,56.90801625415589,16852,True,False,False
1767,CSS_J043138.0+375916,EW,EW,False,False,3.5463612855559665,39.046915404506834,16852,True,False,False
1768,CSS_J044429.0+322024,EW,EA,True,False,93.29516069449575,50.14776505356483,16852,True,False,False
1769,CSS_J091955.0+445659,EW,EW,False,False,84.52161063908386,41.11562615441448,16852,True,False,False
1770,CSS_J025503.5+225523,EW,EW,False,False,5.448836350203177,7.7576653121536765,16852,True,False,False
1771,CSS_J053925.7+020444,EA,EA,False,False,46.68304668304668,76.16707616707616,2597,True,False,False
1772,CSS_J064109.1+415205,EW,EW,False,False,66.34650905060953,28.555596601403764,16852,True,False,False
1773,CSS_J024236.5+234607,EW,RRc,True,False,67.6209826376062,76.70853343184338,16852,True,False,False
1774,CSS_J002323.7+263115,EW,EW,False,False,99.66752862947914,61.69190986331733,16852,True,False,False
1775,CSS_J055044.3-125631,EW,EW,False,False,44.86516438862209,37.033616549686,16852,True,False,False
1776,CSS_J111145.2-111622,EA,EA,False,False,4.545454545454546,24.201474201474202,2597,True,False,False
1777,CSS_J015748.5+355034,EW,EW,False,False,72.84817140746213,43.73845585519025,16852,True,False,False
1778,CSS_J162903.5+025451,EW,EW,False,False,60.048023642408566,80.88289619504987,16852,True,False,False
1779,CSS_J165738.7+223725,EW,EW,False,False,4.396010343553749,52.807536017731806,16852,True,False,False
1780,CSS_J075157.4+243738,RRab,RRab,False,False,84.77157360406092,97.96954314720813,1249,True,False,False
1781,CSS_J201543.3-095655,EW,EW,False,False,94.66198743997045,99.40893978574067,16852,True,False,False
1782,CSS_J042839.2-033958,EW,EW,False,False,50.73882526782416,29.79312892500924,16852,True,False,False
1783,CSS_J210558.4+085313,EW,EW,False,False,91.22644994458811,81.38160325083118,16852,True,False,False
1784,CSS_J165356.5+061250,EW,EW,False,False,44.18175101588474,83.46878463243443,16852,True,False,False
1785,CSS_J174417.9+321015,EW,EW,False,False,25.80347247875877,15.349094939046914,16852,True,False,False
1786,CSS_J030457.1+164817,EW,EW,False,False,31.732545253047657,10.491318803103065,16852,True,False,False
1787,CSS_J051331.5+002145,EW,EW,False,False,51.58847432582194,20.613224972294052,16852,True,False,False
1788,CSS_J214201.4+203204,EW,EW,False,False,4.082009604728482,1.4037680088659032,16852,True,False,False
1789,CSS_J075953.1+604641,EW,EW,False,False,36.60879202068711,13.797561876616179,16852,True,False,False
1790,CSS_J221308.6+251253,EW,EW,False,False,89.3424455116365,81.91725157000369,16852,True,False,False
1791,CSS_J124115.1-023146,EW,EW,False,False,3.250831178426302,65.82933136313261,16852,True,False,False
1792,CSS_J230628.0+334009,EW,EW,False,False,28.925009235315848,20.668636867380865,16852,True,False,False
1793,CSS_J210806.9+161812,EW,EW,False,False,42.20539342445512,59.23531584780199,16852,True,False,False
1794,CSS_J010646.1-130315,EW,RRc,True,False,77.02253417066864,89.84115256741781,16852,True,False,False
1795,CSS_J154355.7-083036,RRc,RRc,False,False,11.349036402569594,23.66167023554604,2917,True,False,False
1796,CSS_J040605.2+275847,EW,EW,False,False,49.87070557813077,0.9789434798670114,16852,True,False,False
1797,CSS_J221206.4+213719,EA,EA,False,False,94.34889434889435,71.25307125307125,2597,True,False,False
1798,CSS_J173753.4+370212,EW,EW,False,False,45.326930181012195,66.73439231621721,16852,True,False,False
1799,CSS_J010557.5+411554,EW,EW,False,False,30.97524935352789,4.4144809752493535,16852,True,False,False
1800,CSS_J070420.3+492920,EW,EW,False,False,0.6464721093461396,12.246028814185445,16852,True,False,False
1801,CSS_J215054.7-011748,EA,EA,False,False,8.108108108108109,23.587223587223587,2597,True,False,False
1802,CSS_J220300.4-062154,RRab,RRab,False,False,19.035532994923855,7.1065989847715745,1249,True,False,False
1803,CSS_J072854.8+371115,EW,EW,False,False,22.386405615072036,4.4329516069449575,16852,True,False,False
1804,CSS_J172751.9+541518,EW,EW,False,False,57.609900258588844,96.82305134835612,16852,True,False,False
1805,CSS_J070940.9+564348,EW,EW,False,False,83.24713705208718,75.74806058367196,16852,True,False,False
1806,CSS_J220439.8-071133,LPV,LPV,False,False,21.839080459770116,34.48275862068966,281,True,False,False
1807,CSS_J122126.4+092037,EW,EW,False,False,19.117103804950126,53.509420022164754,16852,True,False,False
1808,CSS_J145113.7+345850,RRc,RRc,False,False,57.81584582441114,41.32762312633833,2917,True,False,False
1809,CSS_J160507.1+254500,RRc,RRc,False,False,45.50321199143469,36.83083511777302,2917,True,False,False
1810,CSS_J091220.0+070145,EW,EW,False,False,74.43664573328408,39.98891762098264,16852,True,False,False
1811,CSS_J173443.5+262550,EW,EW,False,False,25.04617657923901,33.819726634650905,16852,True,False,False
1812,CSS_J203006.8-085954,EW,EW,False,False,28.758773550055412,30.845954931658664,16852,True,False,False
1813,CSS_J033819.1+231625,EW,EW,False,False,72.92205393424454,7.739194680458071,16852,True,False,False
1814,CSS_J002816.5+381908,RS CVn,RS CVn,False,True,31.61764705882353,46.69117647058824,846,True,False,False
1815,CSS_J154900.4+021254,EW,EW,False,False,17.54710011082379,45.326930181012195,16852,True,False,False
1816,CSS_J170913.5+374038,EW,EW,False,False,38.91762098263761,97.45105282600665,16852,True,False,False
1817,CSS_J092222.2+194727,RRc,RRc,False,False,70.66381156316916,56.9593147751606,2917,True,False,False
1818,CSS_J083649.5+155600,RRc,EW,True,False,74.7323340471092,70.77087794432548,2917,True,False,False
1819,CSS_J175148.5+263849,LPV,LPV,False,False,36.7816091954023,29.88505747126437,281,True,False,False
1820,CSS_J160712.0-014521,RRab,RRab,False,False,10.65989847715736,26.39593908629442,1249,True,False,False
1821,CSS_J155113.4-181530,RRab,RRab,False,False,33.50253807106599,17.512690355329948,1249,True,False,False
1822,CSS_J045310.7+292354,EW,EW,False,False,15.7369782046546,17.251570003694123,16852,True,False,False
1823,CSS_J154934.0+185228,EW,EW,False,False,91.85445142223864,88.14185445142225,16852,True,False,False
1824,CSS_J165435.7+655131,RRc,RRc,False,False,56.42398286937902,64.66809421841542,2917,True,False,False
1825,CSS_J225324.6-011404,EW,EW,False,False,40.02585888437385,34.52161063908385,16852,True,False,False
1826,CSS_J035506.5+362408,EW,EW,False,False,47.74658293313631,38.82526782415959,16852,True,False,False
1827,CSS_J010847.2-155429,RRc,RRc,False,False,49.03640256959314,55.99571734475375,2917,True,False,False
1828,CSS_J123544.9+244853,RRc,RRc,False,False,38.11563169164882,77.08779443254818,2917,True,False,False
1829,CSS_J045516.9+175506,EA,EA,False,False,82.43243243243244,78.37837837837837,2597,True,False,False
1830,CSS_J221741.4+095025,EW,EW,False,False,79.6268932397488,77.94606575544883,16852,True,False,False
1831,CSS_J025428.8+114527,EW,EW,False,False,66.47580347247876,79.20206871074991,16852,True,False,False
1832,CSS_J214851.2+002427,RS CVn,RS CVn,False,True,59.92647058823529,66.54411764705883,846,True,False,False
1833,CSS_J032222.2+365634,EW,EW,False,False,72.16475803472478,89.8042113040266,16852,True,False,False
1834,CSS_J232750.8+424403,EW,EW,False,False,20.797931289250094,2.1980051717768747,16852,True,False,False
1835,CSS_J045445.7-013331,EA,EA,False,False,92.997542997543,95.57739557739558,2597,True,False,False
1836,CSS_J232939.5-101805,EW,EW,False,False,95.27151828592538,91.41115626154415,16852,True,False,False
1837,CSS_J230312.3+341714,EW,EW,False,False,26.191355744366458,47.63575914296269,16852,True,False,False
1838,CSS_J101436.8-095639,RRc,RRc,False,False,74.83940042826552,93.6830835117773,2917,True,False,False
1839,CSS_J042206.4+080133,EW,EW,False,False,46.54599187292205,59.678611008496496,16852,True,False,False
1840,CSS_J082307.3+224249,EW,EW,False,False,17.49168821573698,20.705578130772075,16852,True,False,False
1841,CSS_J041252.1-182702,EA,EA,False,False,51.35135135135135,27.64127764127764,2597,True,False,False
1842,CSS_J133931.3+035140,LPV,LPV,False,False,43.67816091954023,58.620689655172406,281,True,False,False
1843,CSS_J022742.5+044402,EW,EW,False,False,50.443295160694504,20.24381233838197,16852,True,False,False
1844,CSS_J052418.6-012154,EW,EW,False,False,98.33764314739564,95.99187292205393,16852,True,False,False
1845,CSS_J075040.5+132310,EW,EW,False,False,61.37790912449206,35.759142962689324,16852,True,False,False
1846,CSS_J004320.6+022240,RRc,RRc,False,False,15.524625267665954,21.841541755888652,2917,True,False,False
1847,CSS_J112049.2+471856,EA,EA,False,False,32.30958230958231,52.94840294840295,2597,True,False,False
1848,CSS_J222132.2+325234,EW,EW,False,False,9.327669006280015,50.68341337273735,16852,True,False,False
1849,CSS_J172130.5+420835,RS CVn,RS CVn,False,True,92.27941176470588,86.02941176470588,846,True,False,False
1850,CSS_J110743.0+111510,RRc,RRc,False,False,63.811563169164884,70.34261241970022,2917,True,False,False
1851,CSS_J170438.6+232700,RRab,RRab,False,False,52.28426395939086,6.598984771573605,1249,True,False,False
1852,CSS_J111320.0-115406,EA,EW,True,False,62.039312039312044,55.8968058968059,2597,True,False,False
1853,CSS_J044105.9+280007,EW,EW,False,False,70.74251939416328,5.799778352419653,16852,True,False,False
1854,CSS_J000518.7+420822,EW,EW,False,False,17.602512005910604,38.4189139268563,16852,True,False,False
1855,CSS_J101902.2+560804,RRab,RRab,False,False,59.64467005076142,95.68527918781726,1249,True,False,False
1856,CSS_J163547.5+031849,RRc,RRc,False,False,22.591006423982872,44.11134903640257,2917,True,False,False
1857,CSS_J030952.8+291410,EW,EW,False,False,10.602142593276689,6.039896564462505,16852,True,False,False
1858,CSS_J030117.6+324908,EW,EW,False,False,9.253786479497599,15.626154414480975,16852,True,False,False
1859,CSS_J181405.1+340752,EW,EW,False,False,61.045437753971186,61.80273365349095,16852,True,False,False
1860,CSS_J014715.4+211203,EW,EW,False,False,58.17325452530476,65.81086073143702,16852,True,False,False
1861,CSS_J141827.7-113444,EA,EA,False,False,89.55773955773955,84.3980343980344,2597,True,False,False
1862,CSS_J132532.7+164942,RRc,RRc,False,False,57.066381156316915,59.314775160599574,2917,True,False,False
1863,CSS_J160658.4+021404,EW,EW,False,False,76.63465090506095,62.4861470262283,16852,True,False,False
1864,CSS_J173323.1+203242,EA,EA,False,False,77.02702702702703,75.30712530712532,2597,True,False,False
1865,CSS_J212125.7-074451,EW,EW,False,False,83.72737347617289,85.37125969708164,16852,True,False,False
1866,CSS_J004729.7+153209,EW,EW,False,False,6.316956039896564,2.4011821204285186,16852,True,False,False
1867,CSS_J205759.9+060330,RRc,RRc,False,False,20.556745182012847,19.48608137044968,2917,True,False,False
1868,CSS_J235905.0+385227,EW,EW,False,False,1.9578869597340227,7.6837827853712595,16852,True,False,False
1869,CSS_J070054.8+445512,RS CVn,RS CVn,False,True,79.41176470588235,91.17647058823529,846,True,False,False
1870,CSS_J093554.9+240550,EW,EW,False,False,5.596601403768009,5.485777613594385,16852,True,False,False
1871,CSS_J124746.2+201548,RRc,RRc,False,False,29.336188436830835,9.74304068522484,2917,True,False,False
1872,CSS_J150736.0+100502,RRc,EW,True,False,83.61884368308351,94.11134903640257,2917,True,False,False
1873,CSS_J051541.8-111051,RS CVn,RS CVn,False,True,58.08823529411765,48.89705882352941,846,True,False,False
1874,CSS_J230900.4+371512,EW,EW,False,False,1.3298854820834873,36.202438123383814,16852,True,False,False
1875,CSS_J124230.4+305524,EW,EW,False,False,11.304026597709642,63.92685629848541,16852,True,False,False
1876,CSS_J032702.0+382328,EW,EW,False,False,23.679349833764316,42.66715921684522,16852,True,False,False
1877,CSS_J010742.1+242442,EA,EA,False,False,64.12776412776412,60.93366093366094,2597,True,False,False
1878,CSS_J020001.6+330339,EW,EW,False,False,13.224972294052456,46.61987439970447,16852,True,False,False
1879,CSS_J233953.2+252422,EW,EW,False,False,57.8869597340229,38.80679719246398,16852,True,False,False
1880,CSS_J034703.1+282208,EW,EW,False,False,34.63243442925748,14.610269671222756,16852,True,False,False
1881,CSS_J144803.6+092856,EA,EW,True,False,75.42997542997543,64.004914004914,2597,True,False,False
1882,CSS_J141610.7+495751,EW,EW,False,False,34.2630217953454,25.526413003324716,16852,True,False,False
1883,CSS_J082832.4-041507,EW,EW,False,False,63.4281492427041,75.21241226449945,16852,True,False,False
1884,CSS_J213800.3-151517,EW,EW,False,False,89.23162172146287,90.74621352050241,16852,True,False,False
1885,CSS_J010408.6+253857,EW,EW,False,False,79.34983376431474,65.47838936091614,16852,True,False,False
1886,CSS_J124126.9+314148,EW,EW,False,False,5.393424455116365,28.407831547838935,16852,True,False,False
1887,CSS_J092850.5+420026,EW,EA,True,False,89.04691540450683,49.09493904691541,16852,True,False,False
1888,CSS_J163408.9+262105,EW,EW,False,False,15.958625785001848,5.578130772072405,16852,True,False,False
1889,CSS_J092710.7-012646,EW,EA,True,False,83.67196158108608,56.09530845954932,16852,True,False,False
1890,CSS_J135720.3+371455,EW,EW,False,False,31.824898411525677,3.029183598079054,16852,True,False,False
1891,CSS_J211858.4+010023,EW,EW,False,False,56.90801625415589,22.515700036941265,16852,True,False,False
1892,CSS_J170250.9-052236,RRab,RRc,True,False,80.45685279187818,92.13197969543148,1249,True,False,False
1893,CSS_J164133.7+210918,RRc,RRc,False,False,2.141327623126338,5.460385438972163,2917,True,False,False
1894,CSS_J092422.3+022940,EW,EW,False,False,61.76579239009974,94.23716291097155,16852,True,False,False
1895,CSS_J074817.1+102910,EW,EW,False,False,43.59069080162541,37.698559290727744,16852,True,False,False
1896,CSS_J092431.5+492258,RRc,RRc,False,False,89.61456102783725,40.471092077087796,2917,True,False,False
1897,CSS_J092651.1+261431,EW,EW,False,False,92.40857037310676,85.99926117473218,16852,True,False,False
1898,CSS_J113258.3-115728,RRc,RRc,False,False,8.244111349036402,27.194860813704498,2917,True,False,False
1899,CSS_J091109.0+241404,EW,EW,False,False,85.90690801625416,78.94347986701146,16852,True,False,False
1900,CSS_J095206.5-042703,EW,EW,False,False,59.43849279645364,53.066124861470264,16852,True,False,False
1901,CSS_J051711.6+162244,EW,EW,False,False,69.20945696342815,81.76948651643886,16852,True,False,False
1902,CSS_J224828.6-015159,EW,EW,False,False,2.6413003324713706,15.940155153306243,16852,True,False,False
1903,CSS_J165922.3+481018,EW,EW,False,False,27.742888806797193,15.533801256002954,16852,True,False,False
1904,CSS_J080555.2+410636,EA,EA,False,False,12.407862407862408,44.34889434889435,2597,True,False,False
1905,CSS_J080940.3+453357,EW,EW,False,False,19.283339490210565,49.42741041743627,16852,True,False,False
1906,CSS_J091657.4-152254,EW,EW,False,False,80.0517177687477,80.84595493165865,16852,True,False,False
1907,CSS_J052210.4-143218,EW,EW,False,False,71.27816771333579,36.27632065016624,16852,True,False,False
1908,CSS_J060117.6-120156,EW,EW,False,False,53.804950129294426,63.982268193572224,16852,True,False,False
1909,CSS_J025002.3+340740,EA,EA,False,False,19.901719901719904,14.127764127764127,2597,True,False,False
1910,CSS_J205418.3+050618,EW,EW,False,False,18.489102327299594,24.141115626154413,16852,True,False,False
1911,CSS_J175239.1+480801,RRc,EW,True,False,35.65310492505353,28.586723768736615,2917,True,False,False
1912,CSS_J105029.1+384631,EW,EW,False,False,35.37125969708164,37.86479497598818,16852,True,False,False
1913,CSS_J090131.9+011431,EW,EW,False,False,40.395271518285924,20.650166235685262,16852,True,False,False
1914,CSS_J150618.9+014158,RRc,RRc,False,False,99.57173447537473,98.39400428265525,2917,True,True,True
1915,CSS_J070904.8+574419,EA,EA,False,False,59.58230958230958,13.39066339066339,2597,True,False,False
1916,CSS_J075953.2+124831,EW,EW,False,False,58.514961211673445,52.67824159586257,16852,True,False,False
1917,CSS_J172921.1+181159,EA,EA,False,False,31.203931203931205,60.44226044226044,2597,True,False,False
1918,CSS_J161532.6+244037,RRd,EW,True,True,62.35294117647059,47.05882352941176,258,True,False,False
1919,CSS_J081703.9-043345,EA,EA,False,False,73.83292383292384,16.093366093366093,2597,True,False,False
1920,CSS_J164644.2+260927,RRc,EW,True,False,79.1220556745182,87.15203426124198,2917,True,False,False
1921,CSS_J164924.5+180037,EW,EW,False,False,98.41152567417805,94.60657554488363,16852,True,False,False
1922,CSS_J165503.3+134754,EA,EA,False,False,18.304668304668304,2.8255528255528257,2597,True,False,False
1923,CSS_J041633.5+223927,EW,EW,False,False,29.165127447358703,54.10048023642409,16852,True,False,False
1924,CSS_J014305.2+000200,EW,EW,False,False,83.22866642039158,46.25046176579239,16852,True,False,False
1925,CSS_J203518.4-032636,EW,EW,False,False,17.380864425563356,14.53638714444034,16852,True,False,False
1926,CSS_J034621.7-124307,EA,EA,False,False,76.41277641277642,70.76167076167076,2597,True,False,False
1927,CSS_J162913.1+035003,EW,EW,False,False,24.62135205024012,34.50314000738825,16852,True,False,False
1928,CSS_J024853.8+200644,EW,EW,False,False,3.3985962319911343,2.7705947543405984,16852,True,False,False
1929,CSS_J134754.1+010053,EW,EW,False,False,33.19172515700037,43.27669006280015,16852,True,False,False
1930,CSS_J220659.8+182726,EW,EW,False,False,89.97044698928704,99.15035094200222,16852,True,False,False
1931,CSS_J090632.3+112930,EW,RS CVn,True,False,87.84632434429257,89.12079793128925,16852,True,False,False
1932,CSS_J045312.4-013858,RRc,RRc,False,False,18.843683083511777,25.053533190578158,2917,True,False,False
1933,CSS_J030235.7+341053,EW,EW,False,False,27.502770594754338,7.203546361285556,16852,True,False,False
1934,CSS_J221523.4+181242,EA,EA,False,False,16.953316953316953,12.653562653562652,2597,True,False,False
1935,CSS_J232330.9+391200,EW,EW,False,False,30.60583671961581,31.0121906169191,16852,True,False,False
1936,CSS_J173924.9+423849,EW,EW,False,False,43.313631326191356,76.94865164388622,16852,True,False,False
1937,CSS_J050519.2+164940,EW,EW,False,False,24.5289988917621,60.06649427410417,16852,True,False,False
1938,CSS_J115610.8-162758,RRc,RRc,False,False,72.48394004282656,73.87580299785867,2917,True,False,False
1939,CSS_J112802.2-050144,RS CVn,EW,True,True,40.80882352941176,55.14705882352941,846,True,False,False
1940,CSS_J153041.5+452103,EW,EW,False,False,10.121906169190986,88.97303287772442,16852,True,False,False
1941,CSS_J163629.4-050559,EW,EW,False,False,48.00517177687477,42.26080531954193,16852,True,False,False
1942,CSS_J203040.7-085221,EW,EW,False,False,87.10749907646841,69.39416328038419,16852,True,False,False
1943,CSS_J160952.9-083852,RRd,RRc,True,True,84.70588235294117,88.23529411764706,258,True,False,False
1944,CSS_J202239.8-120607,RRab,RRab,False,False,29.187817258883246,20.050761421319795,1249,True,False,False
1945,CSS_J205253.5-182248,RRab,RRab,False,False,56.09137055837563,29.187817258883246,1249,True,False,False
1946,CSS_J081419.5+175420,EW,EW,False,False,43.46139637975619,57.66531215367565,16852,True,False,False
1947,CSS_J103505.2-182932,EW,EW,False,False,55.79977835241965,76.11747321758403,16852,True,False,False
1948,CSS_J223130.6+141700,EA,EA,False,False,1.8427518427518428,16.830466830466833,2597,True,False,False
1949,CSS_J220512.2+035915,EW,EW,False,False,13.003324713705208,26.431473956409306,16852,True,False,False
1950,CSS_J050632.8+064059,EA,EA,False,False,39.68058968058968,77.27272727272727,2597,True,False,False
1951,CSS_J162340.4+130118,EW,EW,False,False,32.10195788695974,25.4710011082379,16852,True,False,False
1952,CSS_J112105.9+571927,RRab,RRab,False,False,61.16751269035533,72.33502538071066,1249,True,False,False
1953,CSS_J102004.9-110716,EW,EW,False,False,91.37421499815294,82.65607683782785,16852,True,False,False
1954,CSS_J203953.5-050412,EW,EW,False,False,37.18138160325083,57.499076468415225,16852,True,False,False
1955,CSS_J221543.1-011053,EA,EA,False,False,78.13267813267814,53.8083538083538,2597,True,False,False
1956,CSS_J012928.5+112057,EA,EA,False,False,10.933660933660933,23.095823095823096,2597,True,False,False
1957,CSS_J051156.6+011756,EW,EW,False,False,29.479128186183967,33.59807905430366,16852,True,False,False
1958,CSS_J082142.1+134332,EW,EW,False,False,58.57037310676026,29.36830439601034,16852,True,False,False
1959,CSS_J150015.0+245335,EW,EW,False,False,18.89545622460288,8.958256372367936,16852,True,False,False
1960,CSS_J144800.4+525419,RRd,RRc,True,True,28.235294117647058,16.470588235294116,258,True,False,False
1961,CSS_J203726.4-120339,EW,EW,False,False,78.01994828223125,70.3731067602512,16852,True,False,False
1962,CSS_J051750.0+213843,EW,EW,False,False,4.746952345770225,31.62172146287403,16852,True,False,False
1963,CSS_J165159.5+492726,EW,EW,False,False,5.301071296638344,14.277798300701882,16852,True,False,False
1964,CSS_J164845.4+640849,EW,EW,False,False,22.534170668636868,8.38566678980421,16852,True,False,False
1965,CSS_J130009.2+180534,RRc,RRc,False,False,43.57601713062099,58.67237687366167,2917,True,False,False
1966,CSS_J035434.7+410429,EW,EW,False,False,88.73291466568156,34.927964536387144,16852,True,False,False
1967,CSS_J024234.7+054412,EW,EW,False,False,27.576653121536754,43.812338381972666,16852,True,False,False
1968,CSS_J082144.3-014552,EW,EW,False,False,95.91799039527152,70.94569634281493,16852,True,False,False
1969,CSS_J112758.4+233511,EA,EA,False,False,69.16461916461917,49.75429975429975,2597,True,False,False
1970,CSS_J075044.1+310808,EA,EW,True,False,97.78869778869779,94.34889434889435,2597,True,False,False
1971,CSS_J041959.9+354357,EW,EW,False,False,76.19135574436646,63.77909124492057,16852,True,False,False
1972,CSS_J090744.5+024735,EW,EW,False,False,13.871444403398597,3.0661248614702625,16852,True,False,False
1973,CSS_J155222.2+122035,RRc,RRc,False,False,27.944325481798714,8.886509635974305,2917,True,False,False
1974,CSS_J223120.2+300335,EW,EW,False,False,9.456963428149242,8.219431104543776,16852,True,False,False
1975,CSS_J215402.4-034135,EA,EW,True,False,86.36363636363636,94.1031941031941,2597,True,False,False
1976,CSS_J232844.0+142915,EW,EA,True,False,86.68267454746952,57.35131141485039,16852,True,False,False
1977,CSS_J122930.3+001328,RRc,RRc,False,False,67.23768736616702,79.97858672376874,2917,True,False,False
1978,CSS_J134738.1+041001,EW,EW,False,False,65.84780199482823,85.72220169929811,16852,True,False,False
1979,CSS_J093400.3+573350,EW,EW,False,False,84.89102327299594,96.52752124122645,16852,True,False,False
1980,CSS_J150218.7+430300,EW,EW,False,False,87.21832286664204,43.073513114148504,16852,True,False,False
1981,CSS_J003134.7+085737,EW,EW,False,False,7.905430365718508,73.01440709272256,16852,True,False,False
1982,CSS_J171355.0+473803,RRc,EW,True,False,97.10920770877945,76.017130620985,2917,True,False,False
1983,CSS_J013416.3-072438,EW,EW,False,False,93.0919837458441,94.9021056520133,16852,True,False,False
1984,CSS_J043817.5+085723,EW,EW,False,False,22.755818248984117,28.94347986701145,16852,True,False,False
1985,CSS_J042451.9+324655,EW,EW,False,False,8.939785740672331,3.786479497598818,16852,True,False,False
1986,CSS_J010454.6+334850,EW,EW,False,False,72.6819357222017,76.20982637606207,16852,True,False,False
1987,CSS_J143002.2+002329,RS CVn,RS CVn,False,True,14.338235294117647,59.55882352941176,846,True,False,False
1988,CSS_J144734.5+385314,EA,EA,False,False,31.695331695331696,48.77149877149877,2597,True,False,False
1989,CSS_J050641.8+103514,EW,EW,False,False,74.19652752124122,45.73328407831548,16852,True,False,False
1990,CSS_J013736.2+372045,EW,EW,False,False,59.42002216475804,41.44809752493535,16852,True,False,False
1991,CSS_J164339.7+430414,EW,EW,False,False,66.97451052826007,85.68526043590691,16852,True,False,False
1992,CSS_J213254.0-013747,EW,EW,False,False,7.6837827853712595,43.44292574806058,16852,True,False,False
1993,CSS_J050853.7+114335,EW,EW,False,False,66.36497968230513,15.681566309567788,16852,True,False,False
1994,CSS_J044331.2+300749,EW,EW,False,False,72.7004063538973,70.90875507942371,16852,True,False,False
1995,CSS_J163950.0+495409,RRc,RRc,False,False,8.35117773019272,19.700214132762312,2917,True,False,False
1996,CSS_J090031.2+010442,RRc,RRc,False,False,38.650963597430405,88.54389721627409,2917,True,False,False
1997,CSS_J174147.5+434331,EW,EW,False,False,15.79239009974141,10.177318064277799,16852,True,False,False
1998,CSS_J070127.8+485022,EW,EW,False,False,96.7306981898781,97.7281123014407,16852,True,False,False
1999,CSS_J024310.5+342854,EW,EW,False,False,79.92242334687847,11.507203546361286,16852,True,False,False
2000,CSS_J131732.8+073648,RRab,RRab,False,False,77.15736040609137,83.75634517766497,1249,True,False,False
2001,CSS_J172027.2+345914,EW,EW,False,False,47.32175840413742,0.4248245289988918,16852,True,False,False
2002,CSS_J040046.6-142910,EA,EA,False,False,85.995085995086,71.74447174447175,2597,True,False,False
2003,CSS_J111120.4+462547,EW,EW,False,False,85.6483191725157,63.077207240487624,16852,True,False,False
2004,CSS_J210350.4+033719,EW,EW,False,False,90.89397857406723,82.30513483561138,16852,True,False,False
2005,CSS_J045601.4+095559,EW,EW,False,False,38.14185445142224,44.03398596231991,16852,True,False,False
2006,CSS_J222440.6+032131,EW,EW,False,False,3.2693018101219065,53.417066863686735,16852,True,False,False
2007,CSS_J045535.3+213800,RS CVn,RS CVn,False,True,78.67647058823529,76.83823529411765,846,True,False,False
2008,CSS_J080508.5+060957,EW,EW,False,False,34.17066863686738,60.288141854451425,16852,True,False,False
2009,CSS_J044135.4-193023,EW,EW,False,False,14.093091983745845,5.615072035463613,16852,True,False,False
2010,CSS_J133738.0+460612,EW,EW,False,False,57.8130772072405,59.53084595493166,16852,True,False,False
2011,CSS_J075212.0+215855,EW,EW,False,False,11.636497968230513,21.62910971555227,16852,True,False,False
2012,CSS_J003847.7+061658,EW,EW,False,False,14.887329146656816,10.251200591060213,16852,True,False,False
2013,CSS_J024138.1+374857,EW,EA,True,False,93.12892500923532,21.204285186553378,16852,True,False,False
2014,CSS_J140315.9+211354,RS CVn,EW,True,True,83.08823529411765,86.39705882352942,846,True,False,False
2015,CSS_J181120.4+330017,EW,EW,False,False,11.599556704839307,74.5105282600665,16852,True,False,False
2016,CSS_J204108.2-090443,EW,EW,False,False,75.56335426671592,87.18138160325083,16852,True,False,False
2017,CSS_J090022.9-070630,EW,EW,False,False,63.797561876616186,74.1041743627632,16852,True,False,False
2018,CSS_J083737.2+143555,EA,EA,False,False,80.22113022113022,87.71498771498771,2597,True,False,False
2019,CSS_J234816.9+411449,EW,EW,False,False,24.990764684152197,16.56815663095678,16852,True,False,False
2020,CSS_J221746.2-063711,EW,EW,False,False,49.039527151828594,71.48134466198745,16852,True,False,False
2021,CSS_J092518.5-090843,RRc,RRc,False,False,48.50107066381156,54.28265524625267,2917,True,False,False
2022,CSS_J132611.9+184445,RRc,RRc,False,False,84.9036402569593,26.231263383297645,2917,True,False,False
2023,CSS_J132613.8-084607,RRc,EW,True,False,83.72591006423983,99.03640256959315,2917,True,False,False
2024,CSS_J022003.0-032909,EW,EW,False,False,53.897303287772445,14.056150720354635,16852,True,False,False
2025,CSS_J140500.5-183725,EW,EW,False,False,16.401920945696343,78.24159586257849,16852,True,False,False
2026,CSS_J214746.9+212317,EW,EW,False,False,5.024011821204285,0.1477650535648319,16852,True,False,False
2027,CSS_J083105.9-020936,EW,EW,False,False,47.80199482822313,73.99335057258958,16852,True,False,False
2028,CSS_J163754.1+495616,EA,EA,False,False,92.13759213759214,93.73464373464373,2597,True,False,False
2029,CSS_J042124.2+011617,EW,EW,False,False,15.127447358699667,63.02179534540081,16852,True,False,False
2030,CSS_J223109.6+230759,EW,EW,False,False,1.5700036941263391,13.779091244920577,16852,True,False,False
2031,CSS_J150632.5+273204,EA,EA,False,False,41.646191646191646,53.31695331695332,2597,True,False,False
2032,CSS_J134041.1-082446,EA,EA,False,False,81.57248157248156,83.04668304668304,2597,True,False,False
2033,CSS_J054307.6+075043,EW,EW,False,False,75.8958256372368,89.8226819357222,16852,True,False,False
2034,CSS_J135645.2+260641,RRc,RRc,False,False,87.04496788008565,40.04282655246253,2917,True,False,False
2035,CSS_J030037.5-023228,RRc,EW,True,False,66.80942184154176,29.871520342612417,2917,True,False,False
2036,CSS_J135056.0+621913,RRc,RRc,False,False,19.05781584582441,16.595289079229122,2917,True,False,False
2037,CSS_J144428.1+100343,RRc,RRc,False,False,11.241970021413277,5.032119914346895,2917,True,False,False
2038,CSS_J150248.6+032402,RRc,RRc,False,False,88.11563169164882,17.02355460385439,2917,True,False,False
2039,CSS_J170047.1+163025,EW,EW,False,False,12.282970077576653,30.365718507572957,16852,True,False,False
2040,CSS_J161617.7+624911,EW,EW,False,False,87.12596970816402,96.17657923900997,16852,True,False,False
2041,CSS_J003209.3-113221,EW,EW,False,False,60.195788695973405,35.05725895825637,16852,True,False,False
2042,CSS_J171423.7+130041,EW,EW,False,False,70.22534170668638,7.03731067602512,16852,True,False,False
2043,CSS_J095924.6+164621,EA,EA,False,False,86.97788697788698,71.62162162162163,2597,True,False,False
2044,CSS_J221157.9+175841,EW,EW,False,False,35.352789065386034,63.151089767270044,16852,True,False,False
2045,CSS_J101633.5+513602,EW,EW,False,False,95.45622460288142,87.9571481344662,16852,True,False,False
2046,CSS_J112939.0+161745,EW,EW,False,False,2.5304765422977464,12.024381233838197,16852,True,False,False
2047,CSS_J205236.0+021950,EW,EW,False,False,39.453269301810124,32.21278167713336,16852,True,False,False
2048,CSS_J072000.9+391310,EW,EW,False,False,38.843738455855195,9.03213889915035,16852,True,False,False
2049,CSS_J145433.7+314122,EW,EW,False,False,66.56815663095678,23.162172146287404,16852,True,False,False
2050,CSS_J214007.1+155612,EW,EW,False,False,56.11377909124492,33.7827853712597,16852,True,False,False
2051,CSS_J040112.6+340944,EA,EA,False,False,32.186732186732186,90.41769041769042,2597,True,False,False
2052,CSS_J080050.2+312115,RS CVn,EW,True,True,72.79411764705883,52.57352941176471,846,True,False,False
2053,CSS_J084342.8+330014,EW,EW,False,False,42.5932766900628,14.942741041743627,16852,True,False,False
2054,CSS_J101841.7-034127,EW,RS CVn,True,False,94.55116364979682,98.91023272995938,16852,True,False,False
2055,CSS_J135522.4+044151,RS CVn,EA,True,True,88.60294117647058,97.79411764705883,846,True,False,False
2056,CSS_J134739.4-080206,EW,EW,False,False,15.847801994828222,62.19061691909863,16852,True,False,False
2057,CSS_J092059.5+043044,EW,EW,False,False,72.36793498337644,73.71629109715552,16852,True,False,False
2058,CSS_J172106.1+235333,EW,EW,False,False,7.942371629109715,69.4126339120798,16852,True,False,False
2059,CSS_J040829.2-102656,EW,EW,False,False,62.46767639453269,76.76394532693018,16852,True,False,False
2060,CSS_J170224.7+491340,RRc,RRc,False,False,29.014989293361886,14.346895074946467,2917,True,False,False
2061,CSS_J223128.8+233703,EW,EW,False,False,85.74067233099372,81.19689693387514,16852,True,False,False
2062,CSS_J005445.6-114706,EA,EW,True,False,98.64864864864865,97.2972972972973,2597,True,False,False
2063,CSS_J225041.8+310056,EW,EW,False,False,20.3731067602512,36.5718507572959,16852,True,False,False
2064,CSS_J175747.5+464546,RS CVn,RS CVn,False,True,10.294117647058822,9.191176470588236,846,True,False,False
2065,CSS_J155730.4+571514,EW,EW,False,False,3.343184336904322,18.74769117103805,16852,True,False,False
2066,CSS_J173835.5+440040,RRc,RRc,False,False,20.12847965738758,26.445396145610278,2917,True,False,False
2067,CSS_J032617.0+341158,EW,EW,False,False,39.10232729959365,64.25932766900628,16852,True,False,False
2068,CSS_J021030.5+341343,EW,EW,False,False,33.653490949390466,65.60768378278537,16852,True,False,False
2069,CSS_J172254.1+220332,EW,EW,False,False,20.24381233838197,33.83819726634651,16852,True,False,False
2070,CSS_J081021.2+221302,EW,EW,False,False,45.88104913188031,25.08311784263022,16852,True,False,False
2071,CSS_J024553.3+343239,EW,EW,False,False,98.5777613594385,92.66715921684522,16852,True,False,False
2072,CSS_J213821.1+084831,EW,EW,False,False,79.27595123753233,15.016623568526043,16852,True,False,False
2073,CSS_J055601.6-101002,EW,EW,False,False,12.135205024011821,26.948651643886222,16852,True,False,False
2074,CSS_J065133.1+345015,EW,EA,True,False,97.00775766531216,72.57111193202807,16852,True,False,False
2075,CSS_J021049.0+293051,EA,EA,False,False,39.06633906633907,26.412776412776413,2597,True,False,False
2076,CSS_J212412.1+121228,EW,EW,False,False,45.696342814924265,4.543775397118582,16852,True,False,False
2077,CSS_J033627.5+194427,EW,EW,False,False,65.49685999261175,83.15478389360916,16852,True,False,False
2078,CSS_J201258.0-145732,RRab,RRab,False,False,61.42131979695431,86.80203045685279,1249,True,False,False
2079,CSS_J124745.7+204356,EW,EW,False,False,6.187661618027337,51.3852973771703,16852,True,False,False
2080,CSS_J143051.3-163933,RRab,RRab,False,False,25.63451776649746,40.86294416243655,1249,True,False,False
2081,CSS_J160419.1+284032,EW,EW,False,False,14.185445142223866,6.630956778721832,16852,True,False,False
2082,CSS_J142855.0+573024,RRab,RRab,False,False,45.431472081218274,62.182741116751274,1249,True,False,False
2083,CSS_J212325.5+100648,EA,EA,False,False,18.05896805896806,11.179361179361178,2597,True,False,False
2084,CSS_J004928.6+264720,EW,EW,False,False,29.33136313261914,2.7151828592537863,16852,True,False,False
2085,CSS_J031756.5+232304,EW,EW,False,False,2.3457702253417065,20.55781307720724,16852,True,False,False
2086,CSS_J171159.6+513346,EW,EW,False,False,44.53269301810122,88.51126708533432,16852,True,False,False
2087,CSS_J132320.8+292831,RS CVn,RS CVn,False,True,81.61764705882352,69.85294117647058,846,True,False,False
2088,CSS_J123329.5-133045,EW,EW,False,False,17.713335796084227,27.207240487624677,16852,True,False,False
2089,CSS_J231827.2+014304,EW,EA,True,False,82.52678241595862,8.23790173623938,16852,True,False,False
2090,CSS_J022237.8+061811,EA,EA,False,False,16.093366093366093,3.0712530712530715,2597,True,False,False
2091,CSS_J073826.5+461623,EW,EW,False,False,77.68747691171039,13.631326191355745,16852,True,False,False
2092,CSS_J155932.7-184006,RRab,RRab,False,False,38.3248730964467,37.055837563451774,1249,True,False,False
2093,CSS_J074253.2+224632,EW,EW,False,False,49.889176209826374,16.826745474695233,16852,True,False,False
2094,CSS_J224030.9+174330,EW,EW,False,False,7.314370151459181,4.9316586627262655,16852,True,False,False
2095,CSS_J021146.8+374221,EW,EW,False,False,70.8718138160325,43.9785740672331,16852,True,False,False
2096,CSS_J165105.4+400739,RRc,RRc,False,False,66.59528907922912,1.9271948608137044,2917,True,False,False
2097,CSS_J034350.3+385142,EW,EW,False,False,40.41374214998153,13.428149242704102,16852,True,False,False
2098,CSS_J231304.9+120115,RS CVn,RS CVn,False,True,2.2058823529411766,7.720588235294118,846,True,False,False
2099,CSS_J070031.6+493209,EW,EW,False,False,83.87513852973771,24.990764684152197,16852,True,False,False
2100,CSS_J173446.1+313246,EW,EW,False,False,30.82748429996306,13.077207240487626,16852,True,False,False
2101,CSS_J140613.9+033141,LPV,LPV,False,False,37.93103448275862,41.37931034482759,281,True,False,False
2102,CSS_J155658.7-142828,RRab,RRab,False,False,42.89340101522843,39.847715736040605,1249,True,False,False
2103,CSS_J132227.6-011515,EW,EW,False,False,86.64573328407832,46.21352050240118,16852,True,False,False
2104,CSS_J075755.7+231356,RRc,EW,True,False,88.75802997858673,76.98072805139186,2917,True,False,False
2105,CSS_J154758.4+560825,EW,EW,False,False,40.19209456963428,5.264130033247137,16852,True,False,False
2106,CSS_J155556.0+264320,EW,EW,False,False,98.94717399335057,48.24528998891762,16852,True,False,False
2107,CSS_J130726.3+370918,EW,EW,False,False,32.17584041374215,0.40635389730328775,16852,True,False,False
2108,CSS_J075928.7+115840,RS CVn,EW,True,True,90.44117647058823,90.44117647058823,846,True,False,False
2109,CSS_J102042.8+391907,EA,EA,False,False,5.896805896805897,8.968058968058969,2597,True,False,False
2110,CSS_J074608.9+203142,EW,EW,False,False,31.640192094569635,19.708164019209455,16852,True,False,False
2111,CSS_J210749.5+082429,RS CVn,RS CVn,False,True,62.5,60.29411764705882,846,True,False,False
2112,CSS_J210245.8+022744,EW,EW,False,False,55.63354266715922,78.70336165496859,16852,True,False,False
2113,CSS_J034927.4-060944,EW,EW,False,False,65.14591799039528,58.551902475064644,16852,True,False,False
2114,CSS_J010354.3-014217,RRc,RRc,False,False,59.743040685224834,85.01070663811564,2917,True,False,False
2115,CSS_J042324.0+004204,EW,EW,False,False,24.418175101588474,6.557074251939417,16852,True,False,False
2116,CSS_J221654.2+174001,EW,EW,False,False,43.44292574806058,12.22755818248984,16852,True,False,False
2117,CSS_J095752.1+582721,EW,EW,False,False,64.11156261544146,67.01145179165128,16852,True,False,False
2118,CSS_J053113.8-154305,EW,EW,False,False,17.417805688954562,77.57665312153675,16852,True,False,False
2119,CSS_J232358.3+094656,EW,EW,False,False,71.48134466198745,40.543036571850756,16852,True,False,False
2120,CSS_J141702.5-155354,EA,EW,True,False,59.21375921375921,69.77886977886978,2597,True,False,False
2121,CSS_J025432.9+040325,EW,EW,False,False,17.159216845216108,36.31326191355744,16852,True,False,False
2122,CSS_J223915.8+181653,EW,EW,False,False,13.52050240118212,8.69966752862948,16852,True,False,False
2123,CSS_J212312.5+071552,EW,EW,False,False,48.17140746213521,5.060953084595493,16852,True,False,False
2124,CSS_J011105.2+324108,EA,EA,False,False,2.0884520884520885,0.36855036855036855,2597,True,False,False
2125,CSS_J095706.1+083938,RRc,RRc,False,False,10.171306209850108,4.710920770877944,2917,True,False,False
2126,CSS_J212352.6+021619,EW,EW,False,False,59.383080901366824,0.3140007388252678,16852,True,False,False
2127,CSS_J035106.4+194249,EW,EW,False,False,50.90506095308459,81.84336904322129,16852,True,False,False
2128,CSS_J130051.6+535956,EW,EW,False,False,5.725895825637236,4.820834872552641,16852,True,False,False
2129,CSS_J095311.9+400819,EW,EW,False,False,44.73586996675286,36.922792759512376,16852,True,False,False
2130,CSS_J175043.4+462448,EW,EW,False,False,50.22164758034725,49.00258588843738,16852,True,False,False
2131,CSS_J222329.6+155905,EA,EA,False,False,21.744471744471745,41.646191646191646,2597,True,False,False
2132,CSS_J162157.4+041103,EW,EW,False,False,21.702992242334687,35.851496121167344,16852,True,False,False
2133,CSS_J011457.5+425440,EW,EW,False,False,64.07462135205024,44.939046915404504,16852,True,False,False
2134,CSS_J040346.7-080659,EW,EW,False,False,53.60177318064277,68.0458071666051,16852,True,False,False
2135,CSS_J073947.7+324024,EW,EW,False,False,91.78056889545623,92.85186553380126,16852,True,False,False
2136,CSS_J175237.8+414658,EW,EW,False,False,15.293683043960105,13.594384927964537,16852,True,False,False
2137,CSS_J033055.6-154400,EW,EW,False,False,5.873660879202069,70.15145917990395,16852,True,False,False
2138,CSS_J060313.7-031447,EW,EW,False,False,30.901366826745473,88.30809013668267,16852,True,False,False
2139,CSS_J024125.3+295916,EA,EA,False,False,28.501228501228503,20.884520884520885,2597,True,False,False
2140,CSS_J170919.6+163044,EW,EW,False,False,57.00036941263391,9.050609530845954,16852,True,False,False
2141,CSS_J140000.8-130103,EW,EW,False,False,69.85592907277429,52.17953454008127,16852,True,False,False
2142,CSS_J130429.3-082421,EW,EW,False,False,17.824159586257853,58.773550055411896,16852,True,False,False
2143,CSS_J164214.2+125508,EW,EW,False,False,87.60620613224972,29.70077576653122,16852,True,False,False
2144,CSS_J052501.9+013456,EW,EW,False,False,55.28260066494274,60.60214259327669,16852,True,False,False
2145,CSS_J222920.6+212403,EW,EW,False,False,58.62578500184706,4.839305504248245,16852,True,False,False
2146,CSS_J215105.2+220703,RRab,EW,True,False,100.0,100.0,1249,True,True,False
2147,CSS_J205344.2-013527,EW,EW,False,False,84.72478758773549,96.50905060953085,16852,True,False,False
2148,CSS_J160438.2-100105,RRc,RRc,False,False,39.186295503211994,33.08351177730193,2917,True,False,False
2149,CSS_J144129.1-113315,RRc,RRc,False,False,57.38758029978587,29.014989293361886,2917,True,False,False
2150,CSS_J110057.9+015254,RRd,RRc,True,True,23.52941176470588,43.529411764705884,258,True,False,False
2151,CSS_J220719.2+030635,EA,EA,False,False,72.85012285012284,37.34643734643734,2597,True,False,False
2152,CSS_J084911.7+112816,EA,EW,True,False,56.75675675675676,39.55773955773956,2597,True,False,False
2153,CSS_J155721.0+285146,EW,EW,False,False,3.0476542297746585,49.59364610269672,16852,True,False,False
2154,CSS_J040956.9+333316,EW,EW,False,False,46.04728481714075,7.517547100110823,16852,True,False,False
2155,CSS_J170028.1+490123,EW,EW,False,False,68.85851496121167,7.813077207240488,16852,True,False,False
2156,CSS_J214809.0+154147,EW,EW,False,False,67.27004063538973,23.919468045807164,16852,True,False,False
2157,CSS_J213953.7+223408,EW,EW,False,False,23.162172146287404,19.449575175471,16852,True,False,False
2158,CSS_J031114.4-043845,EW,EW,False,False,76.02512005910602,14.887329146656816,16852,True,False,False
2159,CSS_J162929.0+631235,RRab,RRab,False,False,13.959390862944163,4.822335025380711,1249,True,False,False
2160,CSS_J142448.4+064637,RRc,EW,True,False,99.89293361884368,98.82226980728052,2917,True,True,False
2161,CSS_J033708.6+284637,EA,EA,False,False,37.34643734643734,39.926289926289925,2597,True,False,False
2162,CSS_J065007.9+543646,RRab,RRab,False,False,8.375634517766498,31.725888324873097,1249,True,False,False
2163,CSS_J030450.2+222131,EA,EA,False,False,85.87223587223588,54.54545454545454,2597,True,False,False
2164,CSS_J151329.9+301030,RRc,RRc,False,False,2.9978586723768736,8.67237687366167,2917,True,False,False
2165,CSS_J131612.3+174146,RRc,RRc,False,False,2.462526766595289,4.068522483940043,2917,True,False,False
2166,CSS_J121046.3+202757,EW,EW,False,False,52.567417805688955,97.00775766531216,16852,True,False,False
2167,CSS_J071453.3+492019,EW,EW,False,False,95.8256372367935,92.27927595123752,16852,True,False,False
2168,CSS_J134740.1+445815,EA,EA,False,False,53.93120393120393,63.022113022113025,2597,True,False,False
2169,CSS_J091006.0-103153,RRc,RRc,False,False,11.884368308351178,80.406852248394,2917,True,False,False
2170,CSS_J042445.2+302335,EW,EW,False,False,77.63206501662356,59.54931658662726,16852,True,False,False
2171,CSS_J222607.3+305144,EA,EA,False,False,30.95823095823096,54.054054054054056,2597,True,False,False
2172,CSS_J035209.9+331206,EW,EW,False,False,54.56224602881419,71.55522718876985,16852,True,False,False
2173,CSS_J133142.8+041325,RS CVn,RS CVn,False,True,81.25,51.10294117647059,846,True,False,False
2174,CSS_J082006.9+075849,EA,EA,False,False,47.665847665847664,46.06879606879607,2597,True,False,False
2175,CSS_J085737.3-120552,EW,EW,False,False,11.858145548577761,54.414480975249354,16852,True,False,False
2176,CSS_J164301.1+273335,EW,EW,False,False,97.87587735500554,78.81418544514223,16852,True,False,False
2177,CSS_J152523.4+564549,EW,EW,False,False,96.23199113409679,77.98300701884004,16852,True,False,False
2178,CSS_J015133.6+362349,EW,EW,False,False,35.40820096047285,90.45068341337273,16852,True,False,False
2179,CSS_J173107.2+212309,EW,EW,False,False,44.29257480605837,61.23014407092723,16852,True,False,False
2180,CSS_J134940.4-124417,EW,EW,False,False,78.24159586257849,87.73550055411896,16852,True,False,False
2181,CSS_J044604.3-014031,EW,EW,False,False,39.176209826376066,45.493165866272626,16852,True,False,False
2182,CSS_J081845.0+563557,EW,EW,False,False,44.015515330624304,3.4355374953823423,16852,True,False,False
2183,CSS_J045149.3+164457,EW,EW,False,False,86.25785001847063,23.623937938677503,16852,True,False,False
2184,CSS_J212144.5-060748,RRd,RRc,True,True,16.470588235294116,12.941176470588237,258,True,False,False
2185,CSS_J130757.8-102131,EW,EW,False,False,27.946065755448835,36.88585149612117,16852,True,False,False
2186,CSS_J230312.8-030717,EW,EW,False,False,87.38455855190249,77.72441817510159,16852,True,False,False
2187,CSS_J072819.9+384229,EA,EW,True,False,91.4004914004914,99.38574938574939,2597,True,False,False
2188,CSS_J160142.0+392243,EA,EA,False,False,35.5036855036855,71.37592137592138,2597,True,False,False
2189,CSS_J151726.7+051134,EW,EW,False,False,37.846324344292576,21.241226449944588,16852,True,False,False
2190,CSS_J225328.1-102834,RRd,RRd,False,True,58.82352941176471,75.29411764705883,258,True,False,False
2191,CSS_J030841.0+200321,EW,EW,False,False,67.06686368673809,13.15108976727004,16852,True,False,False
2192,CSS_J172447.1+503400,EW,EW,False,False,74.30735131141485,26.56076837827854,16852,True,False,False
2193,CSS_J202843.7-043027,EW,EW,False,False,86.84891023272996,87.64314739564092,16852,True,False,False
2194,CSS_J170939.9+402400,RRc,EW,True,False,88.22269807280514,18.201284796573873,2917,True,False,False
2195,CSS_J051440.9-054623,EW,EW,False,False,81.0121906169191,87.75397118581455,16852,True,False,False
2196,CSS_J215903.6+060017,EW,EW,False,False,59.54931658662726,57.850018470631696,16852,True,False,False
2197,CSS_J093357.9-073035,EW,EW,False,False,83.06243073513114,63.33579608422608,16852,True,False,False
2198,CSS_J153657.7+375817,LPV,LPV,False,False,8.045977011494253,14.942528735632186,281,True,False,False
2199,CSS_J094740.9+002829,RS CVn,RS CVn,False,True,48.529411764705884,20.22058823529412,846,True,False,False
2200,CSS_J042508.8-193702,EW,EW,False,False,36.97820465459919,53.934244551163644,16852,True,False,False
2201,CSS_J053529.8+003334,EW,EW,False,False,14.647210934613963,11.06390838566679,16852,True,False,False
2202,CSS_J134113.7+314725,EW,EW,False,False,39.50868119689693,68.21204285186553,16852,True,False,False
2203,CSS_J155509.5+350222,RRc,RRc,False,False,1.177730192719486,11.563169164882227,2917,True,False,False
2204,CSS_J052259.9+073620,EW,EW,False,False,95.49316586627262,87.31067602512006,16852,True,False,False
2205,CSS_J093705.5-023416,RRd,RRc,True,True,72.94117647058823,91.76470588235294,258,True,False,False
2206,CSS_J052135.0+052029,EW,EW,False,False,18.248984115256743,61.67343923162172,16852,True,False,False
2207,CSS_J142001.7+065950,RRab,RRab,False,False,37.56345177664975,5.83756345177665,1249,True,False,False
2208,CSS_J070119.0+314128,EW,EW,False,False,52.050240118212045,35.592907277428885,16852,True,False,False
2209,CSS_J035830.2+224655,EW,EW,False,False,45.51163649796823,63.797561876616186,16852,True,False,False
2210,CSS_J230627.2-061110,EA,EA,False,False,28.624078624078624,33.660933660933665,2597,True,False,False
2211,CSS_J143627.1+074410,EW,RRab,True,False,61.74732175840414,90.52456594015516,16852,True,False,False
2212,CSS_J165722.4+183515,EW,EW,False,False,23.29146656815663,18.729220539342446,16852,True,False,False
2213,CSS_J150548.0+224854,RRd,RRd,False,True,8.235294117647058,4.705882352941177,258,True,False,False
2214,CSS_J080359.7+281250,EW,EW,False,False,16.16180273365349,1.625415589213151,16852,True,False,False
2215,CSS_J105855.0+013020,RRc,RRc,False,False,16.38115631691649,18.41541755888651,2917,True,False,False
2216,CSS_J023303.0+105943,EA,EA,False,False,43.980343980343974,47.420147420147416,2597,True,False,False
2217,CSS_J034234.1-131453,EW,EW,False,False,45.068341337273736,42.72257111193203,16852,True,False,False
2218,CSS_J214627.3+162522,EW,EW,False,False,20.613224972294052,25.10158847432582,16852,True,False,False
2219,CSS_J043347.4+380239,RRc,RRc,False,False,11.777301927194861,6.745182012847965,2917,True,False,False
2220,CSS_J210200.7+085252,EW,EW,False,False,88.71444403398596,83.50572589582563,16852,True,False,False
2221,CSS_J044203.6+200040,EW,EW,False,False,21.111932028075362,66.32803841891392,16852,True,False,False
2222,CSS_J083334.5+370958,EW,RS CVn,True,False,86.1654968599926,96.91540450683414,16852,True,False,False
2223,CSS_J214223.7+060925,EW,EW,False,False,39.54562246028814,83.59807905430365,16852,True,False,False
2224,CSS_J082320.2+101824,EW,EW,False,False,48.13446619874399,79.6823051348356,16852,True,False,False
2225,CSS_J163015.6+261824,RRc,EW,True,False,87.90149892933619,55.0321199143469,2917,True,False,False
2226,CSS_J131746.6-134339,EW,EA,True,False,99.5382342076099,99.63058736608792,16852,True,True,False
2227,CSS_J221241.6+085915,EW,EW,False,False,28.88806797192464,50.794237162910974,16852,True,False,False
2228,CSS_J043652.3-060932,RRc,RRc,False,False,15.096359743040685,83.08351177730194,2917,True,False,False
2229,CSS_J224803.6+374125,EW,EW,False,False,13.391207979312892,23.36534909493905,16852,True,False,False
2230,CSS_J233518.6+240058,EW,EW,False,False,41.558921315108975,71.22275581824898,16852,True,False,False
2231,CSS_J174433.0+502327,EW,EW,False,False,6.39083856667898,15.7369782046546,16852,True,False,False
2232,CSS_J171815.3+163104,EW,EW,False,False,4.21130402659771,46.176579239009975,16852,True,False,False
2233,CSS_J074141.2+355436,RRc,RRc,False,False,66.4882226980728,5.353319057815846,2917,True,False,False
2234,CSS_J085114.0+160439,EW,EW,False,False,68.95086811968969,57.96084226080532,16852,True,False,False
2235,CSS_J010438.8+333326,EW,EW,False,False,66.80827484299962,82.72995936461027,16852,True,False,False
2236,CSS_J083832.6+071012,EA,EA,False,False,74.81572481572482,78.86977886977887,2597,True,False,False
2237,CSS_J043331.8+203326,EW,EW,False,False,19.338751385297375,31.824898411525677,16852,True,False,False
2238,CSS_J201745.9-135257,RRc,RRc,False,False,32.76231263383298,31.263383297644538,2917,True,False,False
2239,CSS_J203443.7-100707,EW,EW,False,False,49.02105652013299,74.03029183598079,16852,True,False,False
2240,CSS_J073430.8+335900,EW,EW,False,False,94.62504617657925,99.42741041743628,16852,True,False,False
2241,CSS_J093059.2-183450,RRab,RRab,False,False,17.258883248730964,28.17258883248731,1249,True,False,False
2242,CSS_J021657.8+014425,EW,EW,False,False,8.23790173623938,78.16771333579608,16852,True,False,False
2243,CSS_J135856.5+101720,EW,EW,False,False,28.075360177318064,47.93128925009235,16852,True,False,False
2244,CSS_J114721.6+051257,RRc,RRc,False,False,18.52248394004283,9.635974304068522,2917,True,False,False
2245,CSS_J180105.4+512037,EW,EW,False,False,10.860731437015145,81.73254525304765,16852,True,False,False
2246,CSS_J164606.2+581648,EW,EW,False,False,16.882157369782046,5.116364979682305,16852,True,False,False
2247,CSS_J001553.5+293657,EW,EW,False,False,84.65090506095308,40.91244920576283,16852,True,False,False
2248,CSS_J052125.5+005311,EW,EW,False,False,97.85740672330994,49.16882157369782,16852,True,False,False
2249,CSS_J165847.2+371742,EW,EW,False,False,70.3546361285556,90.61691909863318,16852,True,False,False
2250,CSS_J021618.2+394509,EW,EW,False,False,4.987070557813078,29.571481344661986,16852,True,False,False
2251,CSS_J100608.8+083434,EW,EW,False,False,78.35241965275213,80.19948282231252,16852,True,False,False
2252,CSS_J161910.3+113501,EW,EW,False,False,55.005541189508676,67.47321758404138,16852,True,False,False
2253,CSS_J094738.8-140443,EW,EW,False,False,58.8104913188031,54.19283339490211,16852,True,False,False
2254,CSS_J053514.6+151033,RS CVn,EW,True,True,73.16176470588235,80.88235294117648,846,True,False,False
2255,CSS_J163955.0-044428,RRc,RRc,False,False,23.233404710920773,41.97002141327623,2917,True,False,False
2256,CSS_J080109.3+060816,EW,EW,False,False,51.03435537495382,58.49649057997783,16852,True,False,False
2257,CSS_J043644.2+174548,EW,EW,False,False,19.468045807166607,40.302918359807904,16852,True,False,False
2258,CSS_J065717.6+611058,RS CVn,RS CVn,False,True,49.63235294117647,32.35294117647059,846,True,False,False
2259,CSS_J170802.6+173528,EW,EW,False,False,57.35131141485039,42.29774658293314,16852,True,False,False
2260,CSS_J052610.2+113512,RS CVn,RS CVn,False,True,9.926470588235293,35.661764705882355,846,True,False,False
2261,CSS_J021512.3-105258,EW,EW,False,False,2.308828961950499,45.62246028814185,16852,True,False,False
2262,CSS_J215756.1-080923,EW,EW,False,False,16.494274104174362,25.56335426671592,16852,True,False,False
2263,CSS_J165858.2+064519,RRc,RRc,False,False,62.098501070663815,74.41113490364025,2917,True,False,False
2264,CSS_J122337.8-071456,LPV,LPV,False,False,94.25287356321839,89.65517241379311,281,True,False,False
2265,CSS_J120949.0-194325,RRab,EW,True,False,86.5482233502538,86.04060913705584,1249,True,False,False
2266,CSS_J073659.0+634952,EW,EW,False,False,8.459549316586628,46.65681566309568,16852,True,False,False
2267,CSS_J183816.2+503259,EW,EW,False,False,24.879940893978574,74.75064647210935,16852,True,False,False
2268,CSS_J080434.3+052531,EW,EW,False,False,99.29811599556704,65.31215367565571,16852,True,False,False
2269,CSS_J015609.9+284018,EW,EW,False,False,95.12375323236054,74.38123383819728,16852,True,False,False
2270,CSS_J045856.4+204843,EW,EW,False,False,51.23753232360547,1.643886220908755,16852,True,False,False
2271,CSS_J051726.0+024214,EW,EW,False,False,82.72995936461027,89.7672700406354,16852,True,False,False
2272,CSS_J233736.2+070254,EW,EW,False,False,60.325083117842624,47.617288511267084,16852,True,False,False
2273,CSS_J090556.6+073724,RRc,EW,True,False,80.51391862955032,86.83083511777302,2917,True,False,False
2274,CSS_J164250.4+182848,RS CVn,EW,True,True,60.29411764705882,64.33823529411765,846,True,False,False
2275,CSS_J080107.3+173104,EW,EW,False,False,92.46398226819356,98.41152567417805,16852,True,False,False
2276,CSS_J205707.1-074748,EW,EW,False,False,1.6992981159955671,13.46509050609531,16852,True,False,False
2277,CSS_J081450.2+050837,EA,EA,False,False,61.42506142506142,83.90663390663391,2597,True,False,False
2278,CSS_J112019.4+084928,EA,EA,False,False,6.8181818181818175,27.764127764127768,2597,True,False,False
2279,CSS_J090140.8+010645,EW,EW,False,False,43.9601034355375,30.82748429996306,16852,True,False,False
2280,CSS_J143128.6-194142,EW,EW,False,False,76.8008865903214,92.50092353158477,16852,True,False,False
2281,CSS_J154141.0+102842,RRc,RRc,False,False,44.860813704496785,62.526766595289075,2917,True,False,False
2282,CSS_J050026.0+095035,EW,EW,False,False,73.18064277798301,30.40265977096417,16852,True,False,False
2283,CSS_J231852.3-075633,EW,EW,False,False,94.16328038418914,91.22644994458811,16852,True,False,False
2284,CSS_J224000.2+332237,RRc,RRc,False,False,53.53319057815846,87.36616702355461,2917,True,False,False
2285,CSS_J180634.0+353839,EW,EW,False,False,9.734022903583304,44.10786848910232,16852,True,False,False
2286,CSS_J165655.6+215433,EW,EW,False,False,85.99926117473218,15.182859253786479,16852,True,False,False
2287,CSS_J134853.1+005210,RS CVn,EW,True,True,46.69117647058824,81.25,846,True,False,False
2288,CSS_J232348.3+265213,EW,EW,False,False,16.84521610639084,4.248245289988917,16852,True,False,False
2289,CSS_J220906.8+085239,EW,EW,False,False,54.11895086811968,77.22571111932028,16852,True,False,False
2290,CSS_J084649.1+083231,EW,RS CVn,True,False,96.71222755818249,98.50387883265608,16852,True,False,False
2291,CSS_J054303.8+075808,EA,EA,False,False,59.336609336609335,22.11302211302211,2597,True,False,False
2292,CSS_J094947.4-011743,EW,EW,False,False,60.620613224972296,76.89323974879942,16852,True,False,False
2293,CSS_J081202.7+074112,EW,EW,False,False,43.33210195788696,17.325452530476543,16852,True,False,False
2294,CSS_J083214.5+321522,RRc,RRc,False,False,14.346895074946467,36.937901498929335,2917,True,False,False
2295,CSS_J141144.7+030646,EA,EW,True,False,24.57002457002457,40.78624078624078,2597,True,False,False
2296,CSS_J152821.7+030135,EA,EA,False,False,18.796068796068795,25.7985257985258,2597,True,False,False
2297,CSS_J045701.4+034726,EA,EA,False,False,93.12039312039312,95.94594594594594,2597,True,False,False
2298,CSS_J223717.8+150951,RRc,EW,True,False,60.17130620985011,90.68522483940042,2917,True,False,False
2299,CSS_J124833.8+333647,EW,EW,False,False,23.642408570373107,7.277428888067972,16852,True,False,False
2300,CSS_J064812.7+433637,EW,EW,False,False,39.00997414111563,30.384189139268564,16852,True,False,False
2301,CSS_J021225.8+335540,EW,EW,False,False,39.693387513852976,39.305504248245285,16852,True,False,False
2302,CSS_J043034.7+314216,EW,EW,False,False,9.826376062061321,10.472848171407461,16852,True,False,False
2303,CSS_J044133.0+074229,RS CVn,RS CVn,False,True,20.588235294117645,19.485294117647058,846,True,False,False
2304,CSS_J060143.9-135344,EW,EW,False,False,16.956039896564462,30.531954192833393,16852,True,False,False
2305,CSS_J133048.3+335354,RRc,RRc,False,False,41.86295503211991,34.1541755888651,2917,True,False,False
2306,CSS_J214620.1-101713,EW,EW,False,False,25.56335426671592,0.7388252678241596,16852,True,False,False
2307,CSS_J020937.9+382731,EW,EW,False,False,84.7617288511267,60.398965644625044,16852,True,False,False
2308,CSS_J214146.1+030813,RRc,RRc,False,False,6.852248394004283,28.693790149892934,2917,True,False,False
2309,CSS_J051830.1+102949,EW,EW,False,False,4.248245289988917,8.810491318803102,16852,True,False,False
2310,CSS_J074737.9+145004,EW,EW,False,False,86.36867380864426,98.20834872552642,16852,True,False,False
2311,CSS_J032139.9-063823,EW,EW,False,False,62.966383450314,69.67122275581825,16852,True,False,False
2312,CSS_J154915.7+375506,EW,EW,False,False,47.432582194311045,21.315108976727004,16852,True,False,False
2313,CSS_J161800.8+321049,EW,EW,False,False,59.01366826745475,10.676025120059105,16852,True,False,False
2314,CSS_J102816.9+000604,EA,EA,False,False,18.55036855036855,43.48894348894349,2597,True,False,False
2315,CSS_J002720.1-055519,RRc,EW,True,False,75.58886509635975,2.0342612419700217,2917,True,False,False
2316,CSS_J033705.0+360744,EW,EW,False,False,97.1924639822682,39.63797561876616,16852,True,False,False
2317,CSS_J101056.8-033322,RRab,RRab,False,False,68.52791878172589,78.42639593908629,1249,True,False,False
2318,CSS_J045812.6+043432,EW,EW,False,False,64.62874030291836,44.16328038418914,16852,True,False,False
2319,CSS_J075715.5+142626,EW,EW,False,False,69.63428149242704,38.65903213889915,16852,True,False,False
2320,CSS_J204921.9-192459,EA,EA,False,False,16.33906633906634,43.36609336609337,2597,True,False,False
2321,CSS_J213541.7+004340,EW,EW,False,False,44.36645733284078,86.35020317694865,16852,True,False,False
2322,CSS_J144728.3+261524,RRab,RRab,False,False,50.50761421319797,59.64467005076142,1249,True,False,False
2323,CSS_J051407.2+055628,EW,EW,False,False,58.20096047284817,66.30956778721833,16852,True,False,False
2324,CSS_J115341.5+234110,LPV,LPV,False,False,28.735632183908045,16.091954022988507,281,True,False,False
2325,CSS_J132122.2+255619,RRab,RRab,False,False,80.96446700507614,7.868020304568528,1249,True,False,False
2326,CSS_J170309.0+290007,EW,EW,False,False,85.03878832656076,19.726634650905062,16852,True,False,False
2327,CSS_J052103.7-110950,EW,EW,False,False,17.73180642777983,20.797931289250094,16852,True,False,False
2328,CSS_J085302.9+054918,EW,EW,False,False,13.46509050609531,14.924270410048024,16852,True,False,False
2329,CSS_J024416.0+211104,EW,EW,False,False,89.06538603620244,82.58219431104544,16852,True,False,False
2330,CSS_J164826.8+340734,EW,EW,False,False,46.7491688215737,67.28851126708534,16852,True,False,False
2331,CSS_J050308.8+030206,EW,EW,False,False,24.381233838197268,65.25674178056889,16852,True,False,False
2332,CSS_J143304.3+072740,RRc,RRc,False,False,39.07922912205567,35.54603854389722,2917,True,False,False
2333,CSS_J040528.2-074711,EW,EW,False,False,1.643886220908755,42.907277428888065,16852,True,False,False
2334,CSS_J044540.3-073732,EW,EW,False,False,26.856298485408203,55.37495382342076,16852,True,False,False
2335,CSS_J142901.5+083716,RRc,RRc,False,False,99.03640256959315,91.97002141327623,2917,True,False,False
2336,CSS_J215907.4-051120,EW,EW,False,False,21.2966383450314,13.538973032877724,16852,True,False,False
2337,CSS_J173841.4+194232,EW,EW,False,False,91.90986331732546,62.87403029183598,16852,True,False,False
2338,CSS_J001145.6+181545,EW,EW,False,False,3.19541928333949,47.100110823790175,16852,True,False,False
2339,CSS_J183623.0+445919,RRc,EW,True,False,21.306209850107066,78.05139186295503,2917,True,False,False
2340,CSS_J162321.3-113146,EW,EW,False,False,38.58514961211674,61.63649796823051,16852,True,False,False
2341,CSS_J095818.0-103919,EW,EW,False,False,40.65386036202438,49.40893978574067,16852,True,False,False
2342,CSS_J102219.8-054602,RRc,EW,True,False,64.13276231263383,79.65738758029978,2917,True,False,False
2343,CSS_J173620.0+244339,RRc,RRc,False,False,6.423982869379015,48.28693790149893,2917,True,False,False
2344,CSS_J002619.6+324558,EW,EW,False,False,61.23014407092723,64.44403398596232,16852,True,False,False
2345,CSS_J174437.4+375156,EW,EW,False,False,59.881787957148134,89.50868119689693,16852,True,False,False
2346,CSS_J074043.7+304212,EW,EW,False,False,78.29700775766531,59.05060953084595,16852,True,False,False
2347,CSS_J090210.8+113623,EA,EA,False,False,63.759213759213765,38.697788697788695,2597,True,False,False
2348,CSS_J101125.3+070741,EW,EW,False,False,77.20724048762467,85.59290727742889,16852,True,False,False
2349,CSS_J163154.9+044451,EW,EW,False,False,25.69264868858515,96.2874030291836,16852,True,False,False
2350,CSS_J030749.6+144710,EW,EW,False,False,6.7417805688954555,45.567048393055046,16852,True,False,False
2351,CSS_J215437.6-190518,RRab,RRab,False,False,46.7005076142132,50.0,1249,True,False,False
2352,CSS_J083611.1+253412,RRd,RRd,False,True,18.823529411764707,3.5294117647058822,258,True,False,False
2353,CSS_J035806.1-142831,EW,EW,False,False,9.604728481714075,62.89250092353158,16852,True,False,False
2354,CSS_J070728.3+415546,EW,EW,False,False,69.56039896564462,38.936091614333215,16852,True,False,False
2355,CSS_J170444.0+231942,EW,EW,False,False,37.273734761728846,14.203915773919467,16852,True,False,False
2356,CSS_J074934.3+151949,EW,EW,False,False,89.10232729959364,80.38418913926856,16852,True,False,False
2357,CSS_J232013.7+372028,EW,EW,False,False,26.967122275581822,64.51791651274473,16852,True,False,False
2358,CSS_J172107.4+285713,RRc,RRc,False,False,58.2441113490364,44.53961456102783,2917,True,False,False
2359,CSS_J151034.9+201230,EW,EW,False,False,4.783893609161433,17.417805688954562,16852,True,False,False
2360,CSS_J162804.7+003843,RRc,RRc,False,False,26.873661670235542,8.565310492505352,2917,True,False,False
2361,CSS_J072352.7+435352,EW,EW,False,False,75.37864794975988,91.94680458071666,16852,True,False,False
2362,CSS_J043502.3-022351,EW,EW,False,False,10.362024381233837,62.91097155522719,16852,True,False,False
2363,CSS_J082149.2+143552,EW,EW,False,False,34.7063169560399,54.91318803103066,16852,True,False,False
2364,CSS_J053719.9+054853,RRc,EW,True,False,72.1627408993576,87.04496788008565,2917,True,False,False
2365,CSS_J090149.1-115659,EW,EW,False,False,81.67713335796084,59.881787957148134,16852,True,False,False
2366,CSS_J100608.3+101757,RRc,RRc,False,False,37.25910064239829,7.28051391862955,2917,True,False,False
2367,CSS_J050945.8+131400,EA,EA,False,False,80.34398034398035,63.39066339066339,2597,True,False,False
2368,CSS_J082005.8+285217,EA,EA,False,False,26.16707616707617,14.004914004914005,2597,True,False,False
2369,CSS_J051251.2-034134,EW,EW,False,False,70.96416697451052,53.63871444403399,16852,True,False,False
2370,CSS_J144736.8-021518,EW,EW,False,False,16.80827484299963,12.763206501662358,16852,True,False,False
2371,CSS_J052133.2+095119,EW,EW,False,False,86.29479128186183,74.5844107868489,16852,True,False,False
2372,CSS_J162549.1+010031,EW,EW,False,False,20.18840044329516,42.92574806058367,16852,True,False,False
2373,CSS_J175221.3+224444,RRab,RRab,False,False,88.07106598984772,67.25888324873097,1249,True,False,False
2374,CSS_J073421.6+284243,EW,EW,False,False,95.4008127077946,98.74399704469893,16852,True,False,False
2375,CSS_J040329.4+345733,EA,EA,False,False,48.28009828009828,18.05896805896806,2597,True,False,False
2376,CSS_J080843.1+253223,EW,EW,False,False,34.927964536387144,16.58662726265238,16852,True,False,False
2377,CSS_J111044.1+024943,EW,EW,False,False,71.90616919098633,86.0916143332102,16852,True,False,False
2378,CSS_J130111.2-132012,EW,EW,False,False,6.446250461765793,32.93313631326191,16852,True,False,False
2379,CSS_J232936.3+332042,RRc,RRc,False,False,50.107066381156315,90.36402569593149,2917,True,False,False
2380,CSS_J141850.7+435002,EA,EA,False,False,42.26044226044226,60.1965601965602,2597,True,False,False
2381,CSS_J161234.5+331832,EW,EW,False,False,70.70557813077207,31.25230882896195,16852,True,False,False
2382,CSS_J210823.8+065134,EW,EW,False,False,73.05134835611378,89.26856298485409,16852,True,False,False
2383,CSS_J071045.1+604245,EW,EW,False,False,11.211673439231621,65.38603620243812,16852,True,False,False
2384,CSS_J160654.3-034237,RRc,RRc,False,False,24.51820128479657,14.5610278372591,2917,True,False,False
2385,CSS_J224932.8+403343,EW,EW,False,False,83.02548947173993,96.56446250461765,16852,True,False,False
2386,CSS_J045849.6+024143,RS CVn,EW,True,True,77.57352941176471,77.57352941176471,846,True,False,False
2387,CSS_J082244.2+242153,EW,EW,False,False,19.190986331732546,17.54710011082379,16852,True,False,False
2388,CSS_J161455.1+102738,EW,EW,False,False,36.03620243812338,42.5748060583672,16852,True,False,False
2389,CSS_J152018.5-045507,EW,EW,False,False,99.87070557813077,99.74141115626153,16852,True,True,True
2390,CSS_J154212.7+375246,EW,EW,False,False,41.83598079054304,11.24861470262283,16852,True,False,False
2391,CSS_J170445.8+195302,EW,EW,False,False,52.161063908385664,50.775766531215375,16852,True,False,False
2392,CSS_J215151.5-064859,EW,EW,False,False,22.589582563723678,28.46324344292575,16852,True,False,False
2393,CSS_J094320.8+171810,RRab,EW,True,False,88.57868020304569,60.40609137055838,1249,True,False,False
2394,CSS_J143328.2+173646,LPV,LPV,False,False,93.10344827586206,55.172413793103445,281,True,False,False
2395,CSS_J135341.9-092809,EW,EW,False,False,77.3550055411895,66.25415589213151,16852,True,False,False
2396,CSS_J173757.0+195125,EW,EW,False,False,27.3180642777983,77.2811230144071,16852,True,False,False
2397,CSS_J081058.7+103918,EW,EW,False,False,31.270779460657554,45.47469523457702,16852,True,False,False
2398,CSS_J164756.2-111901,RRab,RRab,False,False,74.36548223350253,94.67005076142132,1249,True,False,False
2399,CSS_J055825.6-071554,EW,EW,False,False,11.230144070927226,60.620613224972296,16852,True,False,False
2400,CSS_J224923.8+403919,EW,EW,False,False,67.75027705947544,40.06280014776505,16852,True,False,False
2401,CSS_J095022.4-153315,EW,EW,False,False,18.008865903213888,82.19431104543776,16852,True,False,False
2402,CSS_J132038.1+225837,RRc,RRc,False,False,10.492505353319057,21.627408993576015,2917,True,False,False
2403,CSS_J023709.6+354544,EW,EW,False,False,55.5411895086812,14.111562615441448,16852,True,False,False
2404,CSS_J104723.0+000353,EW,EW,False,False,80.9567787218323,62.5230882896195,16852,True,False,False
2405,CSS_J104125.2+040926,EW,EW,False,False,61.451791651274476,90.63538973032877,16852,True,False,False
2406,CSS_J080543.6+463301,EW,EW,False,False,50.4802364240857,92.26080531954193,16852,True,False,False
2407,CSS_J031342.5+344503,EW,EW,False,False,29.885482083487254,90.65386036202439,16852,True,False,False
2408,CSS_J210240.4-051849,RRc,RRc,False,False,38.75802997858672,63.811563169164884,2917,True,False,False
2409,CSS_J072117.5+260014,EW,EW,False,False,28.869597340229035,53.989656446250464,16852,True,False,False
2410,CSS_J100252.1-102210,EW,EW,False,False,36.202438123383814,64.70262282970077,16852,True,False,False
2411,CSS_J002154.9+352348,EW,EW,False,False,8.865903213889915,70.50240118212044,16852,True,False,False
2412,CSS_J215128.3-042208,EW,EW,False,False,5.116364979682305,44.4403398596232,16852,True,False,False
2413,CSS_J133612.0+002427,EA,EA,False,False,24.815724815724817,47.665847665847664,2597,True,False,False
2414,CSS_J165910.4+231128,EA,EA,False,False,66.58476658476658,46.56019656019656,2597,True,False,False
2415,CSS_J231243.8+190827,RRc,EW,True,False,98.07280513918629,96.03854389721627,2917,True,False,False
2416,CSS_J113514.1+353601,EW,EW,False,False,5.541189508681197,22.608053195419284,16852,True,False,False
2417,CSS_J224557.7+320132,EW,EW,False,False,33.062430735131144,8.05319541928334,16852,True,False,False
2418,CSS_J204201.6-073541,EW,EW,False,False,35.666789804211305,58.8104913188031,16852,True,False,False
2419,CSS_J215811.0+002246,EA,EA,False,False,40.171990171990174,36.60933660933661,2597,True,False,False
2420,CSS_J053225.3+051402,EW,EW,False,False,10.04802364240857,10.08496490579978,16852,True,False,False
2421,CSS_J080237.4+515121,EW,EW,False,False,15.09050609530846,11.15626154414481,16852,True,False,False
2422,CSS_J165728.3+055825,RRab,RRab,False,False,98.98477157360406,98.98477157360406,1249,True,True,True
2423,CSS_J004349.1-112756,EW,EW,False,False,17.473217584041375,55.35648319172516,16852,True,False,False
2424,CSS_J161421.5+234238,EW,EW,False,False,66.2356852604359,36.60879202068711,16852,True,False,False
2425,CSS_J150321.1-144428,RRc,RRc,False,False,65.52462526766595,80.72805139186295,2917,True,False,False
2426,CSS_J201900.8-172123,RRc,RRc,False,False,31.263383297644538,43.25481798715203,2917,True,False,False
2427,CSS_J232313.7+012611,EW,EW,False,False,23.882526782415958,12.818618396749168,16852,True,False,False
2428,CSS_J025918.8-091722,RRc,EW,True,False,85.4389721627409,4.17558886509636,2917,True,False,False
2429,CSS_J065502.6+413854,EW,EW,False,False,70.52087181381603,42.00221647580347,16852,True,False,False
2430,CSS_J225829.2-184417,EW,EW,False,False,30.790543036571847,69.63428149242704,16852,True,False,False
2431,CSS_J231253.7+092409,EW,EW,False,False,23.993350572589584,11.950498707055782,16852,True,False,False
2432,CSS_J094721.0-121658,EW,EW,False,False,36.38714444033986,34.35537495382342,16852,True,False,False
2433,CSS_J173247.5+270727,EW,EW,False,False,27.26265238271149,13.354266715921684,16852,True,False,False
2434,CSS_J235816.7+293325,EA,EA,False,False,94.1031941031941,60.319410319410316,2597,True,False,False
2435,CSS_J121442.2-063157,EW,EW,False,False,36.90432212781677,68.85851496121167,16852,True,False,False
2436,CSS_J215637.2+041635,EW,EW,False,False,72.90358330254895,38.60362024381234,16852,True,False,False
2437,CSS_J030010.2+364607,EW,EW,False,False,70.8348725526413,91.74362763206501,16852,True,False,False
2438,CSS_J090150.0+375444,EW,RRc,True,False,96.60140376800886,99.77835241965275,16852,True,False,False
2439,CSS_J213846.8+094958,EW,RRab,True,False,95.67787218322866,75.65570742519394,16852,True,False,False
2440,CSS_J224119.7+210425,EW,EW,False,False,82.71148873291466,84.61396379756188,16852,True,False,False
2441,CSS_J064913.3+444748,EW,EW,False,False,11.119320280753602,4.636128555596601,16852,True,False,False
2442,CSS_J093217.1+423527,RRc,RRc,False,False,75.05353319057816,50.642398286937905,2917,True,False,False
2443,CSS_J013935.9+425024,EW,EW,False,False,29.40524565940155,22.626523827114887,16852,True,False,False
2444,CSS_J010440.8+410132,EW,EW,False,False,77.83524196527522,33.19172515700037,16852,True,False,False
2445,CSS_J160423.6-034838,RRc,RRc,False,False,47.75160599571734,65.73875802997858,2917,True,False,False
2446,CSS_J211229.7+025051,EW,EW,False,False,42.371629109715556,30.254894717399335,16852,True,False,False
2447,CSS_J154431.3+121337,RS CVn,RS CVn,False,True,34.19117647058824,58.45588235294118,846,True,False,False
2448,CSS_J162137.4+203838,EW,EW,False,False,43.11045437753972,49.75988178795715,16852,True,False,False
2449,CSS_J151227.8+315645,EW,EW,False,False,84.92796453638715,68.48910232729959,16852,True,False,False
2450,CSS_J234145.4-145047,EW,EW,False,False,66.6605097894348,73.80864425563354,16852,True,False,False
2451,CSS_J003940.2+295325,EW,EW,False,False,65.40450683413373,39.95197635759143,16852,True,False,False
2452,CSS_J033818.8+153914,EW,EW,False,False,26.93018101219062,27.373476172885113,16852,True,False,False
2453,CSS_J051343.5-015126,EW,EW,False,False,6.871074990764685,33.11784263021795,16852,True,False,False
2454,CSS_J213504.7+040648,RS CVn,RS CVn,False,True,36.029411764705884,63.60294117647059,846,True,False,False
2455,CSS_J231902.8-052747,EW,EW,False,False,7.277428888067972,21.66605097894348,16852,True,False,False
2456,CSS_J023100.7+385238,EW,EW,False,False,61.063908385666785,10.546730698189878,16852,True,False,False
2457,CSS_J162116.8+271746,EW,EW,False,False,20.483930550424827,82.13889915035094,16852,True,False,False
2458,CSS_J135042.1+205931,EA,EA,False,False,42.38329238329238,18.181818181818183,2597,True,False,False
2459,CSS_J053851.2-033727,EW,EW,False,False,85.1496121167344,71.05652013298854,16852,True,False,False
2460,CSS_J103013.6+373538,RRab,RRab,False,False,55.0761421319797,50.25380710659898,1249,True,False,False
2461,CSS_J013158.5+454621,LPV,LPV,False,False,81.60919540229885,94.25287356321839,281,True,False,False
2462,CSS_J171820.9+621853,RRab,RRab,False,False,2.030456852791878,1.5228426395939088,1249,True,False,False
2463,CSS_J205911.0-141553,RRd,EW,True,True,68.23529411764706,71.76470588235294,258,True,False,False
2464,CSS_J140632.2+411535,EW,EA,True,False,98.79940893978574,92.40857037310676,16852,True,False,False
2465,CSS_J205942.1+013808,EW,EW,False,False,74.21499815293683,55.097894347986696,16852,True,False,False
2466,CSS_J001804.7+242600,EA,EW,True,False,88.32923832923832,50.61425061425061,2597,True,False,False
2467,CSS_J060444.8-092309,EW,EW,False,False,23.402290358330255,12.209087550794237,16852,True,False,False
2468,CSS_J071615.6+371109,EW,EW,False,False,14.591799039527151,21.111932028075362,16852,True,False,False
2469,CSS_J010635.0-174232,EW,EW,False,False,10.934613963797563,46.2874030291836,16852,True,False,False
2470,CSS_J222409.8-025529,RRc,RRc,False,False,12.740899357601712,25.267665952890795,2917,True,False,False
2471,CSS_J002313.6+073318,EW,EW,False,False,4.48836350203177,60.91614333210196,16852,True,False,False
2472,CSS_J121216.1+101849,EW,EW,False,False,81.19689693387514,46.37975618766162,16852,True,False,False
2473,CSS_J131759.9+300801,EW,EW,False,False,81.34466198743996,93.9785740672331,16852,True,False,False
2474,CSS_J022559.5+190836,EW,EW,False,False,21.204285186553378,6.7787218322866645,16852,True,False,False
2475,CSS_J004943.7+340048,EW,EW,False,False,32.19431104543775,27.853712596970816,16852,True,False,False
2476,CSS_J180103.2+341358,EA,EA,False,False,50.368550368550366,54.66830466830467,2597,True,False,False
2477,CSS_J061618.2+530939,EW,EW,False,False,96.45363871444404,99.39046915404506,16852,True,False,False
2478,CSS_J205716.8+112809,RRc,RRc,False,False,25.053533190578158,85.76017130620986,2917,True,False,False
2479,CSS_J205143.3+001340,EW,EW,False,False,78.684891023273,21.444403398596233,16852,True,False,False
2480,CSS_J164814.0+470638,EW,EW,False,False,71.21352050240118,11.553380125600295,16852,True,False,False
2481,CSS_J030811.4+323738,EW,EW,False,False,8.828961950498707,0.24011821204285186,16852,True,False,False
2482,CSS_J211752.3+022544,RS CVn,EW,True,True,68.75,71.32352941176471,846,True,False,False
2483,CSS_J164032.5+244459,EW,EW,False,False,55.13483561137791,42.482452899889175,16852,True,False,False
2484,CSS_J232705.1+383625,RRab,RRab,False,False,64.46700507614213,88.83248730964468,1249,True,False,False
2485,CSS_J160644.4-091040,EW,EW,False,False,1.311414850387883,5.024011821204285,16852,True,False,False
2486,CSS_J033903.1+192336,EW,EW,False,False,19.504987070557814,5.744366457332841,16852,True,False,False
2487,CSS_J080900.5+373151,EW,EW,False,False,33.87513852973772,26.856298485408203,16852,True,False,False
2488,CSS_J201800.9-180902,EW,EW,False,False,56.66789804211304,44.144809752493536,16852,True,False,False
2489,CSS_J134942.2-172910,EW,EW,False,False,74.0857037310676,81.54783893609161,16852,True,False,False
2490,CSS_J051355.1-021400,RS CVn,EW,True,True,9.191176470588236,16.911764705882355,846,True,False,False
2491,CSS_J170029.1-023042,EW,EW,False,False,84.81714074621351,8.995197635759142,16852,True,False,False
2492,CSS_J045120.2+232237,EW,EW,False,False,38.031030661248614,50.11082379017362,16852,True,False,False
2493,CSS_J170422.8+080110,RRc,RRc,False,False,23.019271948608136,10.706638115631693,2917,True,False,False
2494,CSS_J093554.7+521319,RRc,RRc,False,False,55.567451820128476,57.601713062098504,2917,True,False,False
2495,CSS_J211120.3+084953,RRc,RRc,False,False,16.059957173447536,24.51820128479657,2917,True,False,False
2496,CSS_J224518.4+312623,EA,EA,False,False,56.26535626535627,68.3046683046683,2597,True,False,False
2497,CSS_J085737.5+434912,EW,EW,False,False,81.4739564093092,89.06538603620244,16852,True,False,False
2498,CSS_J133008.9+070048,RRc,RRc,False,False,76.33832976445396,18.629550321199144,2917,True,False,False
2499,CSS_J232803.3+054821,EW,EW,False,False,40.08127077946066,20.13298854820835,16852,True,False,False
2500,CSS_J033139.5-112039,EW,EW,False,False,23.10676025120059,47.524935352789065,16852,True,False,False
2501,CSS_J222815.3+175844,RRc,RRc,False,False,30.406852248394006,32.86937901498929,2917,True,False,False
2502,CSS_J013754.4-024209,EW,EW,False,False,80.23642408570373,47.54340598448467,16852,True,False,False
2503,CSS_J042549.5-022529,EW,EW,False,False,46.45363871444403,37.846324344292576,16852,True,False,False
2504,CSS_J213719.7+184615,EW,EW,False,False,64.3332101957887,67.67639453269302,16852,True,False,False
2505,CSS_J022400.1+134412,RRc,RRc,False,False,67.34475374732334,92.29122055674517,2917,True,False,False
2506,CSS_J162050.2+164541,EW,EW,False,False,44.64351680827484,60.306612486147024,16852,True,False,False
2507,CSS_J072714.5+501343,RRc,RRc,False,False,5.674518201284797,27.73019271948608,2917,True,False,False
2508,CSS_J005906.3+413410,EA,EA,False,False,56.63390663390664,66.21621621621621,2597,True,False,False
2509,CSS_J175152.2+482556,EW,EW,False,False,38.33579608422608,21.278167713335797,16852,True,False,False
2510,CSS_J172821.4+113258,EW,EW,False,False,94.80975249353529,84.29996305873661,16852,True,False,False
2511,CSS_J031920.6+190214,EW,EW,False,False,55.20871813816033,50.16623568526044,16852,True,False,False
2512,CSS_J212712.1+080637,EA,EA,False,False,5.773955773955774,17.936117936117938,2597,True,False,False
2513,CSS_J122534.5+193016,EW,EW,False,False,4.857776135943849,22.95899519763576,16852,True,False,False
2514,CSS_J131220.8+534141,RRab,RRab,False,False,36.04060913705584,19.289340101522843,1249,True,False,False
2515,CSS_J060041.0-062220,EW,EW,False,False,40.94939046915405,45.45622460288142,16852,True,False,False
2516,CSS_J215507.1+020304,EA,EA,False,False,1.2285012285012284,10.81081081081081,2597,True,False,False
2517,CSS_J211024.8+144845,EW,EW,False,False,21.94311045437754,27.613594384927964,16852,True,False,False
2518,CSS_J071737.3+370640,EW,EW,False,False,48.96564462504618,72.81123014407093,16852,True,False,False
2519,CSS_J150225.1-162132,EA,EA,False,False,68.42751842751844,78.62407862407862,2597,True,False,False
2520,CSS_J085946.1+255119,EA,EA,False,False,37.714987714987714,32.67813267813268,2597,True,False,False
2521,CSS_J212138.4+063254,RS CVn,EW,True,True,80.51470588235294,84.55882352941177,846,True,False,False
2522,CSS_J084249.0-022613,EW,EW,False,False,11.045437753971186,72.60805319541929,16852,True,False,False
2523,CSS_J020931.6+100954,RRab,RRab,False,False,37.309644670050766,15.228426395939088,1249,True,False,False
2524,CSS_J232336.9+070023,EW,EW,False,False,13.70520871813816,5.079423716291097,16852,True,False,False
2525,CSS_J170623.9+255814,EW,EW,False,False,76.48688585149613,3.2323605467306984,16852,True,False,False
2526,CSS_J125758.6+485106,EW,EW,False,False,27.41041743627632,7.240487624676764,16852,True,False,False
2527,CSS_J111552.4+105126,RRd,RRd,False,True,17.647058823529413,10.588235294117647,258,True,False,False
2528,CSS_J225653.1+411042,EW,EW,False,False,60.80531954192834,19.08016254155892,16852,True,False,False
2529,CSS_J021758.1+410419,EW,EW,False,False,16.99298115995567,59.77096416697451,16852,True,False,False
2530,CSS_J085845.0+443632,RRc,RRc,False,False,18.094218415417558,4.282655246252676,2917,True,False,False
2531,CSS_J230707.8-011857,EW,EW,False,False,50.05541189508681,34.05984484669376,16852,True,False,False
2532,CSS_J130801.8-154325,EW,EW,False,False,56.335426671592174,89.78574067233099,16852,True,False,False
2533,CSS_J112219.0+243414,EW,EW,False,False,3.952715182859254,8.348725526413004,16852,True,False,False
2534,CSS_J033246.1+385003,EW,EW,False,False,49.48282231252309,80.86442556335427,16852,True,False,False
2535,CSS_J101403.5-032522,EA,EA,False,False,50.73710073710074,46.68304668304668,2597,True,False,False
2536,CSS_J083943.5-053809,EW,EW,False,False,10.08496490579978,0.2216475803472479,16852,True,False,False
2537,CSS_J040235.6-184401,EW,EW,False,False,39.43479867011452,14.130033247137053,16852,True,False,False
2538,CSS_J212513.1+060318,EW,EW,False,False,82.61913557443664,67.30698189878093,16852,True,False,False
2539,CSS_J044959.6+090508,EW,EW,False,False,63.16956039896564,79.47912818618397,16852,True,False,False
2540,CSS_J044828.4+284117,EW,EW,False,False,64.40709272257111,85.48208348725527,16852,True,False,False
2541,CSS_J213309.6+033729,EW,EW,False,False,36.18396749168822,81.25230882896194,16852,True,False,False
2542,CSS_J155732.3+323908,RRc,RRc,False,False,63.276231263383295,80.94218415417559,2917,True,False,False
2543,CSS_J021130.1+401621,EW,EW,False,False,40.93091983745844,22.811230144070926,16852,True,False,False
2544,CSS_J231335.4-034407,RRc,RRc,False,False,6.638115631691649,1.3918629550321198,2917,True,False,False
2545,CSS_J204633.2-134432,EW,EW,False,False,22.257111193202807,91.00480236424086,16852,True,False,False
2546,CSS_J024854.7+183220,EW,EW,False,False,37.38455855190247,5.208718138160325,16852,True,False,False
2547,CSS_J170024.8+053401,RRc,RRc,False,False,30.085653104925054,38.54389721627409,2917,True,False,False
2548,CSS_J232007.8-035110,RRc,RRc,False,False,28.15845824411135,24.946466809421842,2917,True,False,False
2549,CSS_J052033.5-022842,EW,EW,False,False,31.58478019948282,47.56187661618027,16852,True,False,False
2550,CSS_J024114.0+384826,EW,EW,False,False,67.82415958625785,11.968969338751386,16852,True,False,False
2551,CSS_J075835.6+411007,EW,EW,False,False,27.35500554118951,88.8806797192464,16852,True,False,False
2552,CSS_J090346.2-113749,EW,EW,False,False,60.76837827853713,71.51828592537865,16852,True,False,False
2553,CSS_J132950.0+045554,RRc,RRc,False,False,21.092077087794433,34.68950749464668,2917,True,False,False
2554,CSS_J214158.8+150402,EA,EA,False,False,90.66339066339066,50.4914004914005,2597,True,False,False
2555,CSS_J022621.5+345144,EW,EW,False,False,52.548947173993355,2.2903583302548944,16852,True,False,False
2556,CSS_J155914.5+070509,RS CVn,RS CVn,False,True,97.42647058823529,92.64705882352942,846,True,False,False
2557,CSS_J062734.5+522817,EW,EW,False,False,48.854820834872555,34.46619874399705,16852,True,False,False
2558,CSS_J050435.4-124111,EA,EA,False,False,10.81081081081081,19.41031941031941,2597,True,False,False
2559,CSS_J015118.1+102546,EA,EW,True,False,71.99017199017199,49.01719901719901,2597,True,False,False
2560,CSS_J070123.5+344212,EW,EW,False,False,35.03878832656076,37.58773550055412,16852,True,False,False
2561,CSS_J091535.5+294213,EW,EW,False,False,96.93387513852973,85.75914296268932,16852,True,False,False
2562,CSS_J042553.1+180951,EW,EW,False,False,27.650535648319174,63.35426671592168,16852,True,False,False
2563,CSS_J174901.3+375047,RRc,RRc,False,False,64.23982869379014,17.558886509635975,2917,True,False,False
2564,CSS_J091442.8+030849,EW,EW,False,False,26.50535648319173,43.88622090875508,16852,True,False,False
2565,CSS_J121810.5+240156,RRc,RRc,False,False,92.3982869379015,44.860813704496785,2917,True,False,False
2566,CSS_J013023.1+320304,EW,EW,False,False,34.05984484669376,1.976357591429627,16852,True,False,False
2567,CSS_J144844.9+122133,EA,EA,False,False,30.46683046683047,82.30958230958231,2597,True,False,False
2568,CSS_J221242.2-010358,EW,EW,False,False,3.509420022164758,35.81455485777614,16852,True,False,False
2569,CSS_J231619.5+404656,EW,EW,False,False,52.72441817510158,34.56778721832286,16852,True,False,False
2570,CSS_J043547.6+183818,EA,EA,False,False,80.46683046683046,85.38083538083538,2597,True,False,False
2571,CSS_J052739.6-072438,RRc,EW,True,False,94.9678800856531,20.449678800856532,2917,True,False,False
2572,CSS_J230220.8+240820,EA,EW,True,False,81.6953316953317,11.916461916461916,2597,True,False,False
2573,CSS_J074254.8+470252,EW,EW,False,False,43.498337643147394,72.77428888067972,16852,True,False,False
2574,CSS_J234123.0+261053,EW,EW,False,False,63.557443664573334,89.65644625046177,16852,True,False,False
2575,CSS_J104646.8-044109,EW,EW,False,False,97.32175840413743,85.27890653860362,16852,True,False,False
2576,CSS_J083803.0+410325,EW,EW,False,False,90.7092722571112,41.17103804950129,16852,True,False,False
2577,CSS_J071731.2+370424,EA,EA,False,False,39.80343980343981,32.186732186732186,2597,True,False,False
2578,CSS_J021708.1+130523,EW,EW,False,False,65.88474325821943,57.46213520502401,16852,True,False,False
2579,CSS_J170633.8+370531,EW,EW,False,False,44.25563354266716,63.483561137790915,16852,True,False,False
2580,CSS_J020651.1-150919,EW,EW,False,False,75.24935352789065,27.281123014407093,16852,True,False,False
2581,CSS_J050254.0-035958,EA,EA,False,False,14.742014742014742,21.990171990171987,2597,True,False,False
2582,CSS_J015513.8+194348,EW,EW,False,False,13.298854820834874,32.138899150350944,16852,True,False,False
2583,CSS_J012700.5+255948,EA,EA,False,False,5.528255528255528,17.076167076167074,2597,True,False,False
2584,CSS_J211821.9-015718,RRc,EW,True,False,82.86937901498929,65.63169164882227,2917,True,False,False
2585,CSS_J075617.0+474949,EW,RRc,True,False,76.09900258588844,85.88843738455854,16852,True,False,False
2586,CSS_J221506.5+055220,EW,EW,False,False,78.48171407462135,58.7920206871075,16852,True,False,False
2587,CSS_J232908.5+401513,RRc,RRc,False,False,36.50963597430407,17.34475374732334,2917,True,False,False
2588,CSS_J082354.7-064123,EW,EW,False,False,93.83080901366827,96.7306981898781,16852,True,False,False
2589,CSS_J163926.5+112837,RS CVn,EW,True,True,62.86764705882353,68.01470588235294,846,True,False,False
2590,CSS_J171720.6+280744,EW,EW,False,False,98.48540820096048,78.77724418175102,16852,True,False,False
2591,CSS_J225454.7+353437,EW,EW,False,False,92.16845216106391,11.43332101957887,16852,True,False,False
2592,CSS_J051340.5+203815,EW,EW,False,False,87.4953823420761,89.28703361654968,16852,True,False,False
2593,CSS_J042241.3+000156,EW,EW,False,False,97.34022903583302,75.54488363502033,16852,True,False,False
2594,CSS_J105603.0+204039,EW,EW,False,False,22.238640561507204,50.84964905799778,16852,True,False,False
2595,CSS_J144032.4+375717,EW,EW,False,False,16.47580347247876,8.29331363132619,16852,True,False,False
2596,CSS_J141214.3+012505,EW,EW,False,False,55.24565940155153,72.49722940524566,16852,True,False,False
2597,CSS_J045347.2+224334,EW,EW,False,False,61.41485038788327,41.300332471370524,16852,True,False,False
2598,CSS_J042059.3+315005,EW,EW,False,False,83.26560768378279,72.75581824898411,16852,True,False,False
2599,CSS_J132101.6-060435,EW,EW,False,False,75.17547100110824,77.46582933136314,16852,True,False,False
2600,CSS_J233655.0+000602,EW,EW,False,False,31.880310306612486,13.206501662356853,16852,True,False,False
2601,CSS_J010826.2+240054,EW,EW,False,False,12.855559660140376,1.7177687476911712,16852,True,False,False
2602,CSS_J025355.9+364146,EW,EW,False,False,18.950868119689694,50.12929442186923,16852,True,False,False
2603,CSS_J070157.2+341842,EW,EW,False,False,56.39083856667898,70.41004802364242,16852,True,False,False
2604,CSS_J072335.2+361116,EW,EW,False,False,35.13114148503879,30.0886590321389,16852,True,False,False
2605,CSS_J163404.7+034252,EW,EW,False,False,2.7521241226449944,23.1437015145918,16852,True,False,False
2606,CSS_J003244.7+355430,EW,EW,False,False,37.86479497598818,39.89656446250462,16852,True,False,False
2607,CSS_J173155.2+301914,EW,EW,False,False,26.708533431843367,95.97340229035834,16852,True,False,False
2608,CSS_J175603.9+464237,EW,EW,False,False,52.67824159586257,47.192463982268194,16852,True,False,False
2609,CSS_J043611.4+060638,EW,EW,False,False,55.72589582563724,85.2234946435168,16852,True,False,False
2610,CSS_J115237.1+050344,EW,EW,False,False,31.972663465090505,34.17066863686738,16852,True,False,False
2611,CSS_J104753.3+334449,EA,EA,False,False,11.425061425061426,34.52088452088452,2597,True,False,False
2612,CSS_J024504.0-084815,EW,EW,False,False,80.03324713705209,48.98411525674178,16852,True,False,False
2613,CSS_J124820.7-102538,RRc,RRc,False,False,7.922912205567452,13.383297644539615,2917,True,False,False
2614,CSS_J030450.9+065337,LPV,LPV,False,False,70.11494252873564,78.16091954022988,281,True,False,False
2615,CSS_J165610.3+045241,EW,EW,False,False,68.34133727373477,41.76209826376062,16852,True,False,False
2616,CSS_J075649.6+404533,RRc,RRc,False,False,52.569593147751604,30.085653104925054,2917,True,False,False
2617,CSS_J230337.4+405356,EW,RS CVn,True,False,79.40524565940154,93.60916143332102,16852,True,False,False
2618,CSS_J221234.6-050433,EW,EW,False,False,27.7798300701884,34.44772811230144,16852,True,False,False
2619,CSS_J214843.3+131507,EW,EW,False,False,29.183598079054303,30.439601034355373,16852,True,False,False
2620,CSS_J083720.3+245831,EW,EW,False,False,18.212042851865533,48.947173993350575,16852,True,False,False
2621,CSS_J165859.4+230949,EW,EW,False,False,31.455485777613596,10.602142593276689,16852,True,False,False
2622,CSS_J180032.5+393224,RRc,RRc,False,False,45.182012847965744,54.49678800856531,2917,True,False,False
2623,CSS_J155759.7+083934,RRc,RRc,False,False,58.45824411134903,64.5610278372591,2917,True,False,False
2624,CSS_J200902.1-193004,RRab,RRab,False,False,4.314720812182741,11.421319796954315,1249,True,False,False
2625,CSS_J075202.8+114607,EW,EW,False,False,88.47432582194311,99.48282231252308,16852,True,False,False
2626,CSS_J050050.3-192048,EW,EW,False,False,22.77428888067972,34.336904322127815,16852,True,False,False
2627,CSS_J213159.5-173525,EW,EW,False,False,83.65349094939047,95.03140007388252,16852,True,False,False
2628,CSS_J002343.8+210926,EW,EW,False,False,0.6649427410417437,3.306243073513114,16852,True,False,False
2629,CSS_J084401.1+264246,EW,EW,False,False,1.7916512744735869,8.773550055411896,16852,True,False,False
2630,CSS_J082555.9+042945,EW,EW,False,False,67.25157000369413,80.32877724418175,16852,True,False,False
2631,CSS_J131542.4-063008,EW,EW,False,False,86.46102696712228,81.67713335796084,16852,True,False,False
2632,CSS_J074643.3+414007,EW,EW,False,False,42.039157739194685,88.16032508311784,16852,True,False,False
2633,CSS_J074254.7+201958,EW,EW,False,False,98.22681935722201,70.07757665312153,16852,True,False,False
2634,CSS_J153945.0+072046,EA,EA,False,False,15.356265356265355,37.46928746928747,2597,True,False,False
2635,CSS_J082620.8+285647,EA,EW,True,False,95.33169533169533,89.55773955773955,2597,True,False,False
2636,CSS_J160535.0+195942,EW,RS CVn,True,False,73.40229035833026,95.4192833394902,16852,True,False,False
2637,CSS_J101641.5-065726,EW,EW,False,False,65.62615441448098,71.59216845216106,16852,True,False,False
2638,CSS_J092349.7-085456,EW,EW,False,False,90.22903583302549,79.94089397857407,16852,True,False,False
2639,CSS_J165930.0+010819,EW,EW,False,False,46.12116734392316,55.91060214259328,16852,True,False,False
2640,CSS_J233641.4+323559,EW,EW,False,False,80.27336534909495,56.4647210934614,16852,True,False,False
2641,CSS_J232717.6+344548,EW,EW,False,False,0.1477650535648319,8.459549316586628,16852,True,False,False
2642,CSS_J212113.1+105401,EW,EW,False,False,16.217214628740305,6.224602881418544,16852,True,False,False
2643,CSS_J153827.0+203730,RS CVn,RS CVn,False,True,95.58823529411765,88.23529411764706,846,True,False,False
2644,CSS_J210352.7-174513,EW,EW,False,False,26.653121536756558,15.570742519394162,16852,True,False,False
2645,CSS_J051923.3+033237,EA,EA,False,False,12.039312039312039,37.96068796068796,2597,True,False,False
2646,CSS_J095830.7+312435,EW,EW,False,False,84.24455116364979,32.065016623568525,16852,True,False,False
2647,CSS_J230726.5+345931,EW,EW,False,False,37.14444033985963,2.5304765422977464,16852,True,False,False
2648,CSS_J052449.0-010157,EW,EW,False,False,40.09974141115626,83.89360916143332,16852,True,False,False
2649,CSS_J025922.3+283913,RS CVn,EW,True,True,97.79411764705883,96.69117647058823,846,True,False,False
2650,CSS_J065220.6+571400,EW,EW,False,False,70.8164019209457,53.54636128555597,16852,True,False,False
2651,CSS_J105225.6-025919,EW,EW,False,False,36.40561507203547,58.939785740672335,16852,True,False,False
2652,CSS_J210152.7+050135,EW,EW,False,False,48.39305504248245,26.413003324713706,16852,True,False,False
2653,CSS_J130845.5-124458,RRd,RRd,False,True,69.41176470588235,74.11764705882354,258,True,False,False
2654,CSS_J045535.5+191919,EW,EW,False,False,66.05097894347986,64.59179903952716,16852,True,False,False
2655,CSS_J132708.7-060656,EW,EW,False,False,36.73808644255633,79.58995197635758,16852,True,False,False
2656,CSS_J050304.6+204424,EA,EA,False,False,1.4742014742014742,2.0884520884520885,2597,True,False,False
2657,CSS_J224751.4+002913,EW,EW,False,False,48.98411525674178,17.657923900997414,16852,True,False,False
2658,CSS_J213113.4+005915,RRc,RRc,False,False,29.550321199143468,58.99357601713062,2917,True,False,False
2659,CSS_J030113.2+324329,RRc,EW,True,False,80.62098501070663,55.24625267665952,2917,True,False,False
2660,CSS_J110113.4-081948,EW,EW,False,False,37.99408939785741,65.16438862209087,16852,True,False,False
2661,CSS_J223142.1+272015,EW,EW,False,False,27.004063538973032,0.7203546361285557,16852,True,False,False
2662,CSS_J113653.0-024628,RRc,RRc,False,False,46.466809421841546,26.659528907922912,2917,True,False,False
2663,CSS_J010132.9+283750,EW,EW,False,False,78.46324344292574,17.97192463982268,16852,True,False,False
2664,CSS_J114559.8+142105,RRc,RRc,False,False,4.496788008565311,18.843683083511777,2917,True,False,False
2665,CSS_J205659.6-092124,EW,EW,False,False,40.06280014776505,85.38973032877725,16852,True,False,False
2666,CSS_J170422.7+171659,EW,EW,False,False,95.75175471001108,79.44218692279276,16852,True,False,False
2667,CSS_J172743.6+274040,RRab,EW,True,False,74.61928934010153,53.55329949238579,1249,True,False,False
2668,CSS_J013010.1+291413,EW,EW,False,False,54.10048023642409,28.2415958625785,16852,True,False,False
2669,CSS_J002647.8+382944,RRc,RRc,False,False,45.93147751605996,52.78372591006424,2917,True,False,False
2670,CSS_J172811.9+411752,RRd,RRc,True,True,27.058823529411764,52.94117647058824,258,True,False,False
2671,CSS_J153008.4-092500,EA,EW,True,False,70.63882063882065,84.52088452088452,2597,True,False,False
2672,CSS_J223610.9+091718,EW,EW,False,False,0.5171776874769117,14.037680088659032,16852,True,False,False
2673,CSS_J083600.1+120932,EW,EW,False,False,73.88252678241597,94.34798670114517,16852,True,False,False
2674,CSS_J121123.0+075331,RRc,RRc,False,False,36.29550321199144,12.098501070663811,2917,True,False,False
2675,CSS_J170539.6+140122,EW,EW,False,False,28.99889176209826,4.137421499815294,16852,True,False,False
2676,CSS_J075158.8+122600,EA,EA,False,False,75.55282555282555,98.28009828009829,2597,True,False,False
2677,CSS_J142550.9-030252,RRab,RRab,False,False,59.13705583756346,10.913705583756345,1249,True,False,False
2678,CSS_J164148.6+562234,EW,EW,False,False,78.44477281123015,10.029553010712966,16852,True,False,False
2679,CSS_J065027.5+444714,EW,EW,False,False,26.800886590321387,53.2877724418175,16852,True,False,False
2680,CSS_J091030.4+041120,EW,EW,False,False,45.677872183228665,37.45844107868489,16852,True,False,False
2681,CSS_J230520.9+054505,EW,EW,False,False,68.5260435906908,76.98559290727744,16852,True,False,False
2682,CSS_J045618.0+141730,EW,EW,False,False,69.81898780938309,14.868858514961211,16852,True,False,False
2683,CSS_J170603.5+413510,EW,EW,False,False,67.1776874769117,49.48282231252309,16852,True,False,False
2684,CSS_J175205.8+473410,EW,EW,False,False,67.93498337643148,9.881787957148134,16852,True,False,False
2685,CSS_J105501.1+330712,EA,EA,False,False,5.651105651105651,3.194103194103194,2597,True,False,False
2686,CSS_J093035.6+351504,EW,EW,False,False,94.44033985962321,70.96416697451052,16852,True,False,False
2687,CSS_J090749.5+110809,EA,EA,False,False,43.73464373464373,53.439803439803434,2597,True,False,False
2688,CSS_J003438.0+175907,EW,EW,False,False,89.25009235315848,67.63945326930181,16852,True,False,False
2689,CSS_J164345.7+223942,EW,EW,False,False,88.67750277059476,19.15404506834134,16852,True,False,False
2690,CSS_J095234.7+312104,EA,EA,False,False,97.2972972972973,96.56019656019656,2597,True,False,False
2691,CSS_J154702.0+224614,EW,EW,False,False,15.88474325821943,47.82046545991873,16852,True,False,False
2692,CSS_J015307.6+294446,RS CVn,EW,True,True,94.11764705882352,88.97058823529412,846,True,False,False
2693,CSS_J021141.2+122931,RRc,RRc,False,False,33.29764453961456,33.29764453961456,2917,True,False,False
2694,CSS_J170748.4+382607,EW,EW,False,False,55.33801256002955,51.36682674547469,16852,True,False,False
2695,CSS_J163655.0+692521,RRc,EW,True,False,93.14775160599572,79.44325481798715,2917,True,False,False
2696,CSS_J045557.6+163131,EA,EA,False,False,1.3513513513513513,12.285012285012286,2597,True,False,False
2697,CSS_J045937.4+014853,EW,EW,False,False,69.8928703361655,31.935722201699296,16852,True,False,False
2698,CSS_J231741.4+022913,RRc,RRc,False,False,50.53533190578159,72.80513918629549,2917,True,False,False
2699,CSS_J070432.3+422525,EW,EW,False,False,66.00480236424086,3.684891023272996,16852,True,False,False
2700,CSS_J234114.1+352438,EW,EW,False,False,59.34613963797561,95.65940155153307,16852,True,False,False
2701,CSS_J102516.3+515629,EW,EW,False,False,71.62910971555227,47.30328777244181,16852,True,False,False
2702,CSS_J114009.4-161546,EW,EW,False,False,34.79867011451792,48.263760620613226,16852,True,False,False
2703,CSS_J051304.2-063900,EW,EW,False,False,58.274842999630586,47.026228297007755,16852,True,False,False
2704,CSS_J215011.0+054612,EW,EW,False,False,40.83856667898042,28.05688954562246,16852,True,False,False
2705,CSS_J083626.7+022417,EW,EW,False,False,18.78463243442926,11.359438492796453,16852,True,False,False
2706,CSS_J085420.5+034223,EA,EA,False,False,22.727272727272727,59.7051597051597,2597,True,False,False
2707,CSS_J041335.1+333116,RRc,EW,True,False,96.25267665952892,95.71734475374733,2917,True,False,False
2708,CSS_J110734.5+044816,EW,EW,False,False,30.328777244181747,45.89951976357591,16852,True,False,False
2709,CSS_J134733.8-122005,EW,EW,False,False,38.23420760990025,55.079423716291096,16852,True,False,False
2710,CSS_J080234.0+655100,RRab,RRab,False,False,4.060913705583756,13.959390862944163,1249,True,False,False
2711,CSS_J083958.8-070605,EW,EW,False,False,30.735131141485038,47.32175840413742,16852,True,False,False
2712,CSS_J223235.3-010140,EW,EW,False,False,14.333210195788695,40.89397857406723,16852,True,False,False
2713,CSS_J171410.0+445850,EW,EW,False,False,36.257850018470634,51.49612116734392,16852,True,False,False
2714,CSS_J025114.9+421509,EW,EW,False,False,48.09752493535279,75.45253047654231,16852,True,False,False
2715,CSS_J071127.8+444214,EW,EW,False,False,65.75544883635021,3.361654968599926,16852,True,False,False
2716,CSS_J141837.4+210836,RRab,RRab,False,False,7.614213197969544,24.61928934010152,1249,True,False,False
2717,CSS_J164815.8+383422,RRc,RRc,False,False,87.58029978586723,70.8779443254818,2917,True,False,False
2718,CSS_J122726.6-164907,RRab,RRab,False,False,30.96446700507614,28.426395939086298,1249,True,False,False
2719,CSS_J160111.1-125648,EW,EW,False,False,6.85260435906908,74.45511636497967,16852,True,False,False
2720,CSS_J164431.7-053756,EW,EW,False,False,88.75138529737717,27.35500554118951,16852,True,False,False
2721,CSS_J163414.5+093347,EW,EW,False,False,6.667898042113041,11.987439970446989,16852,True,False,False
2722,CSS_J215244.9+231542,EW,EW,False,False,24.602881418544513,40.94939046915405,16852,True,False,False
2723,CSS_J010232.8+222416,EW,EW,False,False,58.939785740672335,35.500554118950866,16852,True,False,False
2724,CSS_J015816.2+344742,EW,EW,False,False,14.25932766900628,43.239748799408936,16852,True,False,False
2725,CSS_J224519.0-011900,RRc,RRc,False,False,88.6509635974304,33.40471092077088,2917,True,False,False
2726,CSS_J065402.8+351521,EW,EW,False,False,92.5193941632804,85.26043590690801,16852,True,False,False
2727,CSS_J215900.4+142026,EW,EW,False,False,1.9394163280384191,79.42371629109715,16852,True,False,False
2728,CSS_J130829.9+510640,EW,EW,False,False,57.01884004432951,40.2844477281123,16852,True,False,False
2729,CSS_J140149.7-183324,EW,EW,False,False,63.18803103066125,86.66420391577392,16852,True,False,False
2730,CSS_J084312.4-165343,EW,EW,False,False,89.49021056520134,92.92574806058367,16852,True,False,False
2731,CSS_J013528.1+332242,EW,EW,False,False,33.76431473956409,89.13926856298485,16852,True,False,False
2732,CSS_J084451.1-161007,EW,EW,False,False,90.61691909863318,87.45844107868488,16852,True,False,False
2733,CSS_J103105.8-071450,EW,EW,False,False,14.721093461396379,91.02327299593647,16852,True,False,False
2734,CSS_J053942.5+050027,EW,EW,False,False,93.27669006280016,15.09050609530846,16852,True,False,False
2735,CSS_J183359.8+345638,EW,EW,False,False,60.84226080531954,2.6597709641669747,16852,True,False,False
2736,CSS_J114540.6-151233,EW,EW,False,False,91.13409678611009,99.44588104913188,16852,True,False,False
2737,CSS_J024605.5+175220,EW,EW,False,False,4.229774658293314,10.343553749538234,16852,True,False,False
2738,CSS_J142527.5+304149,EW,EW,False,False,97.82046545991872,50.49870705578131,16852,True,False,False
2739,CSS_J021907.9+393748,EW,EW,False,False,83.48725526413003,71.7953454008127,16852,True,False,False
2740,CSS_J165001.6+220628,EW,EW,False,False,83.17325452530476,86.73808644255634,16852,True,False,False
2741,CSS_J084956.9+665240,RRc,RRc,False,False,39.82869379014989,11.884368308351178,2917,True,False,False
2742,CSS_J105539.7+011950,RRc,EW,True,False,76.44539614561027,91.32762312633832,2917,True,False,False
2743,CSS_J160307.3+404219,EW,EW,False,False,98.76246767639452,58.681196896933876,16852,True,False,False
2744,CSS_J032033.8+323442,EW,EW,False,False,80.88289619504987,71.07499076468416,16852,True,False,False
2745,CSS_J134537.6-123809,EW,EW,False,False,34.52161063908385,88.06797192463982,16852,True,False,False
2746,CSS_J040227.7+333818,EW,EW,False,False,56.18766161802734,1.9209456963428149,16852,True,False,False
2747,CSS_J021532.1+371345,EA,EA,False,False,61.547911547911546,38.57493857493858,2597,True,False,False
2748,CSS_J210819.4-020007,RRc,RRc,False,False,35.54603854389722,39.935760171306214,2917,True,False,False
2749,CSS_J005935.0+173343,RRc,EW,True,False,97.64453961456103,95.50321199143468,2917,True,False,False
2750,CSS_J102035.0+244653,EA,EA,False,False,35.38083538083538,36.36363636363637,2597,True,False,False
2751,CSS_J152201.4+151356,EW,EW,False,False,21.315108976727004,81.32619135574437,16852,True,False,False
2752,CSS_J030131.3+372339,EW,EW,False,False,10.158847432582194,43.25821943110454,16852,True,False,False
2753,CSS_J095122.0+095245,EA,EA,False,False,88.94348894348894,46.928746928746925,2597,True,False,False
2754,CSS_J004037.2+121915,EW,EW,False,False,0.9235315847801995,10.69449575175471,16852,True,False,False
2755,CSS_J220043.2-182348,EA,EA,False,False,60.1965601965602,20.638820638820636,2597,True,False,False
2756,CSS_J170247.0+362105,EW,EW,False,False,14.794975988178797,88.95456224602881,16852,True,False,False
2757,CSS_J223532.6+231723,EW,EW,False,False,97.48799408939786,76.08053195419284,16852,True,False,False
2758,CSS_J233544.8+404726,EW,EW,False,False,43.73845585519025,0.8865903213889916,16852,True,False,False
2759,CSS_J052557.3+044348,EW,EW,False,False,11.359438492796453,27.705947543405983,16852,True,False,False
2760,CSS_J164918.9+020955,EW,EW,False,False,3.56483191725157,35.48208348725526,16852,True,False,False
2761,CSS_J081939.6+341733,EW,EW,False,False,99.5197635759143,31.270779460657554,16852,True,False,False
2762,CSS_J102747.7+114652,RRc,RRc,False,False,84.1541755888651,83.5117773019272,2917,True,False,False
2763,CSS_J080747.5+520018,RRc,RRc,False,False,82.01284796573876,34.36830835117773,2917,True,False,False
2764,CSS_J075916.8+240631,EW,EW,False,False,52.585888437384554,18.78463243442926,16852,True,False,False
2765,CSS_J171305.7+082121,RRc,EW,True,False,79.55032119914347,46.895074946466806,2917,True,False,False
2766,CSS_J080156.8+314440,RRc,RRc,False,False,51.2847965738758,84.58244111349036,2917,True,False,False
2767,CSS_J074921.4+351113,RRc,RRc,False,False,89.72162740899357,77.30192719486081,2917,True,False,False
2768,CSS_J023612.3+394932,EW,EW,False,False,39.619504987070556,0.7572958995197635,16852,True,False,False
2769,CSS_J033302.4+155430,EW,EW,False,False,82.23125230882896,56.44625046176579,16852,True,False,False
2770,CSS_J153210.9+550049,EW,EW,False,False,85.07572958995198,50.42482452899889,16852,True,False,False
2771,CSS_J164502.0+092714,RRc,RRc,False,False,26.124197002141326,40.149892933618844,2917,True,False,False
2772,CSS_J041332.9+242617,EW,EW,False,False,48.947173993350575,33.08090136682675,16852,True,False,False
2773,CSS_J031906.6+355758,EW,EW,False,False,9.641669745105283,47.50646472109346,16852,True,False,False
2774,CSS_J164346.4+065530,EA,EA,False,False,66.70761670761671,42.50614250614251,2597,True,False,False
2775,CSS_J053050.1-065439,EW,EW,False,False,79.6453638714444,16.38345031400074,16852,True,False,False
2776,CSS_J102443.4+192517,EW,EW,False,False,94.68045807166605,62.28297007757665,16852,True,False,False
2777,CSS_J035010.3+320436,EW,EW,False,False,44.62504617657924,43.68304396010343,16852,True,False,False
2778,CSS_J030836.7+383556,EW,EW,False,False,56.26154414480975,76.17288511267085,16852,True,False,False
2779,CSS_J155342.7+001947,RRd,RRd,False,True,67.05882352941175,45.88235294117647,258,True,False,False
2780,CSS_J232956.7+024016,RS CVn,RS CVn,False,True,67.27941176470588,45.220588235294116,846,True,False,False
2781,CSS_J005922.2+401932,EA,EA,False,False,37.46928746928747,78.13267813267814,2597,True,False,False
2782,CSS_J171524.0+155106,EW,EW,False,False,19.320280753601775,47.598817879571484,16852,True,False,False
2783,CSS_J063657.1+405235,EW,EW,False,False,40.210565201329885,63.22497229405246,16852,True,False,False
2784,CSS_J230428.1+130145,EW,EW,False,False,46.39822681935723,35.44514222386405,16852,True,False,False
2785,CSS_J224834.8+211526,EA,EA,False,False,4.054054054054054,9.090909090909092,2597,True,False,False
2786,CSS_J131920.3+552430,RRab,RRab,False,False,68.78172588832487,31.979695431472084,1249,True,False,False
2787,CSS_J084011.0+390003,EW,EW,False,False,93.0735131141485,82.69301810121907,16852,True,False,False
2788,CSS_J054853.7-021928,EW,EW,False,False,50.64647210934614,17.39933505725896,16852,True,False,False
2789,CSS_J095911.2-151330,EW,EW,False,False,92.0945696342815,92.29774658293314,16852,True,False,False
2790,CSS_J092952.5+080904,EW,EW,False,False,3.306243073513114,26.89323974879941,16852,True,False,False
2791,CSS_J180029.7+344045,EW,EW,False,False,71.01957886959734,0.49870705578130775,16852,True,False,False
2792,CSS_J090307.9+374242,EW,EW,False,False,71.16734392316218,75.26782415958625,16852,True,False,False
2793,CSS_J035811.4+211925,RRc,RRc,False,False,44.96788008565311,89.93576017130621,2917,True,False,False
2794,CSS_J202945.3-161856,EW,EW,False,False,47.56187661618027,40.524565940155156,16852,True,False,False
2795,CSS_J024418.5+411428,EA,EW,True,False,15.847665847665848,51.35135135135135,2597,True,False,False
2796,CSS_J171347.4+073606,EW,EW,False,False,19.394163280384188,70.28075360177318,16852,True,False,False
2797,CSS_J062450.6+535122,EW,EW,False,False,62.22755818248984,5.3564831917251565,16852,True,False,False
2798,CSS_J134154.6-044123,EA,EA,False,False,31.08108108108108,55.4054054054054,2597,True,False,False
2799,CSS_J043017.2+005601,EW,EW,False,False,37.36608792020687,54.95012929442187,16852,True,False,False
2800,CSS_J143723.6+153913,EW,EW,False,False,87.69855929072774,10.195788695973402,16852,True,False,False
2801,CSS_J135022.3+025714,EW,EW,False,False,18.74769117103805,95.71481344661987,16852,True,False,False
2802,CSS_J094826.0+083821,EW,EW,False,False,31.566309567787222,32.78537125969708,16852,True,False,False
2803,CSS_J152158.1-115534,EW,EW,False,False,31.178426302179535,75.04617657923902,16852,True,False,False
2804,CSS_J223122.1+232208,EA,EA,False,False,12.653562653562652,4.545454545454546,2597,True,False,False
2805,CSS_J103027.5+241600,EW,EW,False,False,85.53749538234207,60.76837827853713,16852,True,False,False
2806,CSS_J115055.8+035843,EW,EW,False,False,8.274842999630588,29.534540081270777,16852,True,False,False
2807,CSS_J215949.4+164456,EW,EW,False,False,50.96047284817141,15.773919468045808,16852,True,False,False
2808,CSS_J075615.8+313452,EA,EA,False,False,86.73218673218673,96.80589680589681,2597,True,False,False
2809,CSS_J173759.5+563740,RRab,RRab,False,False,19.289340101522843,18.274111675126903,1249,True,False,False
2810,CSS_J033907.0+353632,EW,EW,False,False,58.31178426302179,31.38160325083118,16852,True,False,False
2811,CSS_J025144.9+381435,EW,EW,False,False,49.75988178795715,70.55781307720724,16852,True,False,False
2812,CSS_J115913.9-010330,EW,EW,False,False,87.75397118581455,77.3550055411895,16852,True,False,False
2813,CSS_J170041.6+120531,EW,EW,False,False,90.09974141115626,95.64093091983746,16852,True,False,False
2814,CSS_J153918.2+293739,EW,EW,False,False,94.82822312523088,61.0823790173624,16852,True,False,False
2815,CSS_J233059.8+373104,EW,EW,False,False,78.66642039157739,80.36571850757296,16852,True,False,False
2816,CSS_J214140.1+193257,EW,EW,False,False,29.109715552271886,52.234946435168084,16852,True,False,False
2817,CSS_J143438.9+303844,RRab,RRab,False,False,34.51776649746193,16.751269035532996,1249,True,False,False
2818,CSS_J102431.2+323736,RRab,RRab,False,False,91.37055837563452,82.23350253807106,1249,True,False,False
2819,CSS_J212359.9+031237,EA,EA,False,False,28.992628992628994,7.862407862407863,2597,True,False,False
2820,CSS_J050240.9+245408,EW,EA,True,False,87.40302918359808,8.939785740672331,16852,True,False,False
2821,CSS_J035101.9+374650,RRab,RRab,False,False,71.06598984771574,79.94923857868021,1249,True,False,False
2822,CSS_J203915.7-074447,EA,EA,False,False,7.862407862407863,2.211302211302211,2597,True,False,False
2823,CSS_J172248.1+191619,EW,EA,True,False,87.73550055411896,22.534170668636868,16852,True,False,False
2824,CSS_J080521.4+204247,EW,EW,False,False,82.4344292574806,94.36645733284078,16852,True,False,False
2825,CSS_J045336.5+105510,EW,EW,False,False,32.95160694495752,49.612116734392316,16852,True,False,False
2826,CSS_J103513.0+201558,EW,EW,False,False,55.61507203546361,32.95160694495752,16852,True,False,False
2827,CSS_J114004.6+022804,EA,EA,False,False,57.73955773955773,88.08353808353809,2597,True,False,False
2828,CSS_J160536.5-085743,EW,EW,False,False,97.65422977465829,87.07055781307722,16852,True,False,False
2829,CSS_J045934.8-095037,EW,EW,False,False,99.22423346878463,98.24528998891762,16852,True,True,True
2830,CSS_J051402.5-024125,EW,EW,False,False,71.03804950129295,29.83007018840044,16852,True,False,False
2831,CSS_J152452.7-085406,EW,EW,False,False,74.75064647210935,87.80938308090137,16852,True,False,False
2832,CSS_J162223.9+180646,RS CVn,EW,True,True,20.955882352941178,32.720588235294116,846,True,False,False
2833,CSS_J084231.6+300555,EW,EW,False,False,5.411895086811969,4.192833394902105,16852,True,False,False
2834,CSS_J202254.7-193724,RRab,RRab,False,False,61.92893401015228,54.06091370558376,1249,True,False,False
2835,CSS_J222602.4-054827,EW,EW,False,False,7.166605097894347,10.97155522718877,16852,True,False,False
2836,CSS_J204958.6-081316,EW,EW,False,False,88.80679719246399,58.62578500184706,16852,True,False,False
2837,CSS_J020254.9-010559,RRc,EW,True,False,88.43683083511777,52.03426124197003,2917,True,False,False
2838,CSS_J131201.9+074656,RRc,RRc,False,False,54.603854389721626,43.57601713062099,2917,True,False,False
2839,CSS_J135407.7+064545,RRc,RRc,False,False,63.49036402569593,65.20342612419701,2917,True,False,False
2840,CSS_J153050.1-051948,EW,EW,False,False,24.45511636497968,85.90690801625416,16852,True,False,False
2841,CSS_J070728.6+611454,EW,EW,False,False,50.07388252678242,34.59549316586627,16852,True,False,False
2842,CSS_J115326.4+060756,EW,EW,False,False,7.443664573328408,27.188769855929074,16852,True,False,False
2843,CSS_J222935.7+050648,EW,EW,False,False,66.10639083856668,65.84780199482823,16852,True,False,False
2844,CSS_J082915.0+182307,LPV,LPV,False,False,97.70114942528735,98.85057471264368,281,True,False,False
2845,CSS_J023703.5+375441,EW,EW,False,False,20.059106021425933,28.758773550055412,16852,True,False,False
2846,CSS_J203937.3-125405,EA,EA,False,False,13.636363636363635,34.64373464373464,2597,True,False,False
2847,CSS_J163148.4+082823,RRc,EW,True,False,69.70021413276231,44.646680942184155,2917,True,False,False
2848,CSS_J224121.4+295905,EW,EW,False,False,6.095308459549317,35.09420022164758,16852,True,False,False
2849,CSS_J231209.3+245758,EW,EW,False,False,46.63834503140008,80.16254155892132,16852,True,False,False
2850,CSS_J133638.3+281139,EW,EW,False,False,33.50572589582564,35.334318433690434,16852,True,False,False
2851,CSS_J105446.2+350312,RRc,RRc,False,False,4.068522483940043,5.781584582441114,2917,True,False,False
2852,CSS_J212642.8+205303,EW,EW,False,False,54.95012929442187,4.174362763206502,16852,True,False,False
2853,CSS_J074539.3+501225,EW,EW,False,False,99.68599926117473,98.76246767639452,16852,True,True,True
2854,CSS_J072618.8+324437,EW,EW,False,False,69.02475064647211,57.11119320280753,16852,True,False,False
2855,CSS_J224553.0+123022,RRc,RRc,False,False,36.937901498929335,45.610278372591004,2917,True,False,False
2856,CSS_J040312.9+235315,EW,EW,False,False,28.61100849649058,56.42777983007019,16852,True,False,False
2857,CSS_J205446.6+011238,EW,EW,False,False,8.57037310676025,5.245659401551532,16852,True,False,False
2858,CSS_J140059.3+041151,RRc,RRc,False,False,85.65310492505354,36.29550321199144,2917,True,False,False
2859,CSS_J082851.0+062523,EW,EW,False,False,87.25526413003325,39.08385666789804,16852,True,False,False
2860,CSS_J025346.3+293023,EW,EW,False,False,55.060953084595496,29.867011451791655,16852,True,False,False
2861,CSS_J024738.8+405335,LPV,LPV,False,False,42.5287356321839,64.36781609195403,281,True,False,False
2862,CSS_J042756.7+001450,EW,EW,False,False,26.043590690801626,66.78980421130403,16852,True,False,False
2863,CSS_J035632.6+252734,EA,EA,False,False,50.98280098280098,70.02457002457002,2597,True,False,False
2864,CSS_J170130.5-051237,RRc,EW,True,False,74.51820128479658,85.33190578158458,2917,True,False,False
2865,CSS_J010841.6-162550,EW,EW,False,False,52.17953454008127,23.56852604359069,16852,True,False,False
2866,CSS_J122529.1-152554,RRab,RRab,False,False,51.52284263959391,64.21319796954315,1249,True,False,False
2867,CSS_J152755.7-105350,EA,EA,False,False,62.16216216216216,87.59213759213759,2597,True,False,False
2868,CSS_J022652.7+115013,EW,EW,False,False,63.132619135574444,85.05725895825637,16852,True,False,False
2869,CSS_J103222.7+153025,EW,EW,False,False,69.0432212781677,69.26486885851496,16852,True,False,False
2870,CSS_J053732.0-141358,EW,EW,False,False,18.85851496121167,52.25341706686368,16852,True,False,False
2871,CSS_J012309.7+290316,EW,RS CVn,True,False,92.96268932397489,88.4373845585519,16852,True,False,False
2872,CSS_J154936.5+031902,RRc,RRc,False,False,47.85867237687366,15.096359743040685,2917,True,False,False
2873,CSS_J155413.0+355610,EW,EW,False,False,56.5016623568526,57.31437015145918,16852,True,False,False
2874,CSS_J174403.2+332413,EW,EW,False,False,59.23531584780199,61.396379756187656,16852,True,False,False
2875,CSS_J204833.3-010519,RRab,RRab,False,False,17.766497461928935,57.868020304568525,1249,True,False,False
2876,CSS_J174926.0+402444,EW,EW,False,False,65.44144809752494,35.72220169929812,16852,True,False,False
2877,CSS_J152957.3+145559,LPV,LPV,False,False,20.689655172413794,19.54022988505747,281,True,False,False
2878,CSS_J022608.9-124927,EW,EW,False,False,39.268562984854086,73.29146656815662,16852,True,False,False
2879,CSS_J232901.6+392711,EW,EW,False,False,4.765422977465829,5.541189508681197,16852,True,False,False
2880,CSS_J085901.5-070327,EW,EW,False,False,58.71813816032508,79.70077576653122,16852,True,False,False
2881,CSS_J101422.6+401956,RRab,RRab,False,False,67.76649746192894,46.7005076142132,1249,True,False,False
2882,CSS_J175537.5+581259,RRc,EW,True,False,96.1456102783726,93.57601713062098,2917,True,False,False
2883,CSS_J161148.4-121724,EW,EW,False,False,84.59549316586627,30.42113040265977,16852,True,False,False
2884,CSS_J032508.5+183513,EW,EW,False,False,41.50350942002217,79.84854082009605,16852,True,False,False
2885,CSS_J080724.9+045532,EW,EW,False,False,26.13594384927965,60.99002585888438,16852,True,False,False
2886,CSS_J090228.9-070350,EW,EW,False,False,26.763945326930184,1.5330624307351313,16852,True,False,False
2887,CSS_J150955.2-025403,RRd,RRd,False,True,64.70588235294117,28.235294117647058,258,True,False,False
2888,CSS_J040100.3+252521,EW,EW,False,False,8.921315108976726,39.00997414111563,16852,True,False,False
2889,CSS_J043635.7+082006,RRab,EW,True,False,96.7005076142132,92.63959390862944,1249,True,False,False
2890,CSS_J143105.4-033451,LPV,RS CVn,True,False,98.85057471264368,87.35632183908046,281,True,False,False
2891,CSS_J065718.3+415649,EW,EW,False,False,76.3760620613225,93.64610269671223,16852,True,False,False
2892,CSS_J231103.2+332136,EW,EW,False,False,44.38492796453639,53.897303287772445,16852,True,False,False
2893,CSS_J171234.2+183906,EA,EA,False,False,58.108108108108105,67.93611793611794,2597,True,False,False
2894,CSS_J120546.2+312833,RRc,EW,True,False,93.79014989293361,86.40256959314775,2917,True,False,False
2895,CSS_J173544.1+223022,EW,EW,False,False,49.85223494643517,30.236424085703735,16852,True,False,False
2896,CSS_J084105.2+243233,EA,EA,False,False,84.52088452088452,82.06388206388206,2597,True,False,False
2897,CSS_J144715.4-021415,RS CVn,RS CVn,False,True,43.75,38.23529411764706,846,True,False,False
2898,CSS_J104539.5+385619,EW,RS CVn,True,False,97.83893609161434,89.98891762098263,16852,True,False,False
2899,CSS_J092527.0+380212,EW,EW,False,False,24.12264499445881,23.272995936461026,16852,True,False,False
2900,CSS_J231034.2+314254,EW,EW,False,False,63.63132619135574,15.977096416697451,16852,True,False,False
2901,CSS_J205007.0-022129,RRd,RRc,True,True,71.76470588235294,87.05882352941177,258,True,False,False
2902,CSS_J125612.7+562021,EW,EW,False,False,2.068710749907647,70.98263760620614,16852,True,False,False
2903,CSS_J075313.6+294945,EW,EW,False,False,54.04506834133728,77.70594754340598,16852,True,False,False
2904,CSS_J092510.4+555844,EW,EW,False,False,39.15773919468046,33.3394902105652,16852,True,False,False
2905,CSS_J213439.2-102430,EW,EW,False,False,93.33210195788696,83.57960842260806,16852,True,False,False
2906,CSS_J133419.0+584552,EW,EW,False,False,29.46065755448836,34.94643516808275,16852,True,False,False
2907,CSS_J132045.6-034946,EA,EA,False,False,34.27518427518427,18.55036855036855,2597,True,False,False
2908,CSS_J173521.0+351557,EA,EA,False,False,72.97297297297297,35.5036855036855,2597,True,False,False
2909,CSS_J075434.1+453313,EW,EW,False,False,31.917251570003696,42.44551163649797,16852,True,False,False
2910,CSS_J080809.6+092429,RRc,EW,True,False,71.09207708779444,61.13490364025695,2917,True,False,False
2911,CSS_J223916.0+360330,EW,EW,False,False,18.19357222016993,2.6413003324713706,16852,True,False,False
2912,CSS_J075619.6+161112,EA,EA,False,False,27.64127764127764,22.48157248157248,2597,True,False,False
2913,CSS_J155618.1+074537,EA,EA,False,False,51.71990171990172,71.86732186732186,2597,True,False,False
2914,CSS_J172729.6+362353,EW,EW,False,False,22.515700036941265,52.161063908385664,16852,True,False,False
2915,CSS_J033319.1+371524,EW,EW,False,False,36.848910232729956,54.432951606944954,16852,True,False,False
2916,CSS_J205015.5-081104,EW,EW,False,False,41.57739194680458,71.33357960842261,16852,True,False,False
2917,CSS_J121229.7+534927,EW,EW,False,False,24.288880679719245,58.29331363132619,16852,True,False,False
2918,CSS_J092616.8-010524,EW,EW,False,False,98.5962319911341,95.77022534170668,16852,True,False,False
2919,CSS_J053058.1+112247,EA,EA,False,False,65.35626535626535,88.57493857493857,2597,True,False,False
2920,CSS_J144807.1+123623,LPV,LPV,False,False,47.12643678160919,44.827586206896555,281,True,False,False
2921,CSS_J074719.4+550615,EW,EW,False,False,9.549316586627263,15.589213151089767,16852,True,False,False
2922,CSS_J024733.2+362348,EW,EW,False,False,62.4861470262283,27.87218322866642,16852,True,False,False
2923,CSS_J012942.5-070111,RRc,RRc,False,False,54.389721627408996,71.94860813704497,2917,True,False,False
2924,CSS_J110010.4+112953,RRc,RRc,False,False,45.28907922912205,53.319057815845824,2917,True,False,False
2925,CSS_J072901.1+572527,EW,EW,False,False,7.591429626893239,41.07868489102327,16852,True,False,False
2926,CSS_J235911.0+412430,EW,EW,False,False,64.92427041004802,15.64462504617658,16852,True,False,False
2927,CSS_J213005.2+163649,EW,EW,False,False,26.486885851496123,1.2744735869966752,16852,True,False,False
2928,CSS_J110833.7+215237,RRd,RRd,False,True,56.470588235294116,69.41176470588235,258,True,False,False
2929,CSS_J005653.6+192044,EW,EW,False,False,39.49021056520133,51.58847432582194,16852,True,False,False
2930,CSS_J043640.2+040321,EW,EW,False,False,35.740672330993725,44.421869227927594,16852,True,False,False
2931,CSS_J042804.8+240739,EW,EW,False,False,72.86664203915774,42.87033616549686,16852,True,False,False
2932,CSS_J214355.3+135350,EW,EW,False,False,58.681196896933876,44.495751754710014,16852,True,False,False
2933,CSS_J081813.1+045029,EW,EW,False,False,60.1588474325822,86.31326191355745,16852,True,False,False
2934,CSS_J172430.4+231847,EW,EW,False,False,34.743258219431105,22.201699298115997,16852,True,False,False
2935,CSS_J095332.1-131622,EW,EW,False,False,57.55448836350203,90.33985962319912,16852,True,False,False
2936,CSS_J004757.3+425821,EW,EW,False,False,79.95936461026967,35.24196527521241,16852,True,False,False
2937,CSS_J044455.7+025256,EW,EW,False,False,58.58884373845585,24.95382342076099,16852,True,False,False
2938,CSS_J085105.5+504522,RRab,RRab,False,False,55.32994923857868,72.84263959390863,1249,True,False,False
2939,CSS_J033020.0-191934,EW,RRab,True,False,59.198374584410786,74.69523457702253,16852,True,False,False
2940,CSS_J121338.1+184448,EA,EA,False,False,28.255528255528255,24.57002457002457,2597,True,False,False
2941,CSS_J050254.0+210237,EA,EA,False,False,80.83538083538083,64.98771498771498,2597,True,False,False
2942,CSS_J100722.6+055608,EA,EA,False,False,9.336609336609335,50.98280098280098,2597,True,False,False
2943,CSS_J162641.1+103249,EW,EW,False,False,86.31326191355745,84.41078684891023,16852,True,False,False
2944,CSS_J211315.3+101920,EW,EW,False,False,6.538603620243813,4.082009604728482,16852,True,False,False
2945,CSS_J144841.6+343156,EA,EA,False,False,64.98771498771498,96.43734643734643,2597,True,False,False
2946,CSS_J074030.0+245545,RS CVn,RS CVn,False,True,18.75,8.088235294117647,846,True,False,False
2947,CSS_J213942.5+090426,EW,EW,False,False,85.6667898042113,22.386405615072036,16852,True,False,False
2948,CSS_J042049.5+301015,EA,EA,False,False,67.93611793611794,42.26044226044226,2597,True,False,False
2949,CSS_J002006.6+422548,EW,RRc,True,False,75.69264868858515,59.032138899150354,16852,True,False,False
2950,CSS_J050006.9+175208,EA,EA,False,False,76.28992628992629,26.16707616707617,2597,True,False,False
2951,CSS_J012003.2-052304,EW,EW,False,False,21.739933505725894,80.0701884004433,16852,True,False,False
2952,CSS_J121450.1+080220,RRc,RRc,False,False,92.82655246252676,50.428265524625274,2917,True,False,False
2953,CSS_J060049.8-071859,EW,EW,False,False,62.87403029183598,57.03731067602512,16852,True,False,False
2954,CSS_J234826.5+271203,EA,EA,False,False,0.4914004914004914,13.144963144963146,2597,True,False,False
2955,CSS_J064259.2+523155,EW,EW,False,False,93.92316217214629,89.93350572589583,16852,True,False,False
2956,CSS_J044250.8-104027,EW,EW,False,False,14.277798300701882,70.8902844477281,16852,True,False,False
2957,CSS_J002200.7+225433,EW,EW,False,False,98.89176209826375,99.18729220539343,16852,True,True,True
2958,CSS_J203101.6-034757,EW,EW,False,False,7.609900258588843,49.66752862947913,16852,True,False,False
2959,CSS_J152121.7+175743,EW,EW,False,False,27.44735869966753,10.011082379017362,16852,True,False,False
2960,CSS_J081537.1+521404,EW,EW,False,False,0.7942371629109716,2.8998891762098267,16852,True,False,False
2961,CSS_J215815.5+065827,RRc,RRc,False,False,16.809421841541756,14.775160599571734,2917,True,False,False
2962,CSS_J022806.0+093948,EW,EW,False,False,8.127077946065755,51.643886220908755,16852,True,False,False
2963,CSS_J010057.2+014557,EW,EW,False,False,49.5567048393055,67.52862947912818,16852,True,False,False
2964,CSS_J075020.1+220806,EW,EW,False,False,38.529737717029924,12.5046176579239,16852,True,False,False
2965,CSS_J213150.3-085510,EA,EA,False,False,79.48402948402948,90.54054054054053,2597,True,False,False
2966,CSS_J043241.6+094517,RRc,RRc,False,False,83.08351177730194,95.93147751605996,2917,True,False,False
2967,CSS_J042512.8+092114,RRab,RRab,False,False,5.83756345177665,6.091370558375635,1249,True,False,False
2968,CSS_J135030.4+021200,RRc,RRc,False,False,15.631691648822269,11.134903640256958,2917,True,False,False
2969,CSS_J123207.0+030446,EW,EW,False,False,3.768008865903214,25.74806058367196,16852,True,False,False
2970,CSS_J015310.1+012311,RRc,RRc,False,False,53.854389721627406,41.86295503211991,2917,True,False,False
2971,CSS_J173909.8+403529,EW,EW,False,False,44.495751754710014,24.713705208718135,16852,True,False,False
2972,CSS_J034503.6+355521,EW,EW,False,False,92.68562984854081,53.749538234207606,16852,True,False,False
2973,CSS_J220255.3+140942,EW,EW,False,False,1.4407092722571113,49.464351680827484,16852,True,False,False
2974,CSS_J231619.3+404656,EW,EW,False,False,52.72441817510158,34.56778721832286,16852,True,False,False
2975,CSS_J105924.6+334657,EW,EW,False,False,7.12966383450314,53.712596970816406,16852,True,False,False
2976,CSS_J160009.3-142102,RRab,RRab,False,False,50.25380710659898,52.53807106598985,1249,True,False,False
2977,CSS_J030751.3+381911,EW,EW,False,False,29.811599556704838,9.95567048393055,16852,True,False,False
2978,CSS_J062805.1+500619,EW,EW,False,False,30.51348356113779,46.509050609530846,16852,True,False,False
2979,CSS_J174916.5+281822,EA,EA,False,False,92.38329238329239,80.83538083538083,2597,True,False,False
2980,CSS_J005424.9-062919,RRc,RRc,False,False,71.5203426124197,38.75802997858672,2917,True,False,False
2981,CSS_J225347.4-143017,EW,EW,False,False,69.17251570003694,61.32249722940525,16852,True,False,False
2982,CSS_J015055.4+340800,EW,EW,False,False,98.02364240857038,90.39527151828592,16852,True,False,False
2983,CSS_J154539.0+110002,EW,EW,False,False,87.0151459179904,86.1285555966014,16852,True,False,False
2984,CSS_J024644.4-190634,EW,EW,False,False,47.39564093091984,56.18766161802734,16852,True,False,False
2985,CSS_J043328.1-163417,EW,EW,False,False,53.1954192833395,67.71333579608422,16852,True,False,False
2986,CSS_J011053.7+443728,EW,EW,False,False,24.842999630587368,49.685999261174736,16852,True,False,False
2987,CSS_J044122.9-050249,EW,EW,False,False,30.40265977096417,78.2600664942741,16852,True,False,False
2988,CSS_J044049.9+193511,EW,EW,False,False,33.83819726634651,42.42704100480236,16852,True,False,False
2989,CSS_J071011.8+312953,EW,RRc,True,False,90.59844846693757,29.423716291097158,16852,True,False,False
2990,CSS_J165103.8+160054,EW,EW,False,False,70.7794606575545,60.93461396379756,16852,True,False,False
2991,CSS_J050513.6+235106,EW,EW,False,False,56.28001477650536,86.5533801256003,16852,True,False,False
2992,CSS_J124930.8+070626,EA,EW,True,False,65.23341523341524,58.353808353808354,2597,True,False,False
2993,CSS_J020831.0+171400,EA,EA,False,False,54.42260442260442,27.14987714987715,2597,True,False,False
2994,CSS_J010650.8+380656,EW,EA,True,False,91.26339120797931,18.618396749168824,16852,True,False,False
2995,CSS_J081748.4+190436,EA,EA,False,False,84.76658476658476,64.25061425061425,2597,True,False,False
2996,CSS_J123023.0-022336,EW,EW,False,False,77.18876985592907,77.15182859253787,16852,True,False,False
2997,CSS_J052637.8+140256,LPV,LPV,False,False,51.724137931034484,67.81609195402298,281,True,False,False
2998,CSS_J053710.6-131135,EW,EW,False,False,15.607683782785372,34.76172885112671,16852,True,False,False
2999,CSS_J233841.6+333043,RRc,RRc,False,False,55.35331905781584,77.62312633832977,2917,True,False,False
3000,CSS_J160538.8+005957,RRc,RRc,False,False,72.37687366167023,80.29978586723769,2917,True,False,False
3001,CSS_J210642.0-015418,EW,EW,False,False,22.36793498337643,33.41337273734762,16852,True,False,False
3002,CSS_J143130.8+225023,RRc,RRc,False,False,5.781584582441114,59.95717344753747,2917,True,False,False
3003,CSS_J050312.9-083750,EW,EW,False,False,82.69301810121907,38.01256002955301,16852,True,False,False
3004,CSS_J103312.8+064315,EA,EA,False,False,62.77641277641277,89.31203931203932,2597,True,False,False
3005,CSS_J015055.1+361215,EW,EA,True,False,94.12633912079794,62.15367565570743,16852,True,False,False
3006,CSS_J095808.0-175425,EW,EW,False,False,75.932766900628,87.56926486885851,16852,True,False,False
3007,CSS_J065758.6+530153,EW,EW,False,False,76.20982637606207,33.56113779091245,16852,True,False,False
3008,CSS_J223001.8+333150,EW,EW,False,False,82.32360546730698,97.2109346139638,16852,True,False,False
3009,CSS_J072113.3+375218,EW,EW,False,False,95.54857776135944,55.72589582563724,16852,True,False,False
3010,CSS_J121508.4-061357,EW,EW,False,False,73.45770225341707,90.00738825267824,16852,True,False,False
3011,CSS_J091229.9+082743,EW,EW,False,False,69.59734022903584,85.11267085334319,16852,True,False,False
3012,CSS_J121912.1+092215,EA,EA,False,False,97.91154791154791,63.882063882063875,2597,True,False,False
3013,CSS_J082822.4+191007,EW,EW,False,False,99.44588104913188,97.69117103804949,16852,True,False,False
3014,CSS_J234152.3-160520,EW,EW,False,False,89.32397487994089,87.14444033985961,16852,True,False,False
3015,CSS_J222215.7+255431,RS CVn,RS CVn,False,True,2.5735294117647056,1.8382352941176472,846,True,False,False
3016,CSS_J092056.0+013115,EA,EW,True,False,98.52579852579852,97.42014742014742,2597,True,False,False
3017,CSS_J143136.3+214425,EW,EW,False,False,92.72257111193203,29.479128186183967,16852,True,False,False
3018,CSS_J203423.0-192540,EW,EW,False,False,19.24639822681936,28.075360177318064,16852,True,False,False
3019,CSS_J072108.8+344808,EA,EA,False,False,72.72727272727273,85.62653562653563,2597,True,False,False
3020,CSS_J164520.4+332824,RRc,RRc,False,False,0.21413276231263384,2.141327623126338,2917,True,False,False
3021,CSS_J222019.1+304414,EW,EW,False,False,49.90764684152198,43.20280753601774,16852,True,False,False
3022,CSS_J170817.4+080439,RRd,EW,True,True,75.29411764705883,70.58823529411765,258,True,False,False
3023,CSS_J035915.9+353838,EW,EW,False,False,62.15367565570743,5.762837089028445,16852,True,False,False
3024,CSS_J083317.7+041005,RRc,EW,True,False,71.62740899357601,37.901498929336185,2917,True,False,False
3025,CSS_J051230.2+093754,EW,EW,False,False,8.736608792020688,65.58921315108977,16852,True,False,False
3026,CSS_J173250.5+340852,EA,EW,True,False,51.5970515970516,61.17936117936118,2597,True,False,False
3027,CSS_J214047.1+042327,EW,EW,False,False,74.12264499445881,55.5411895086812,16852,True,False,False
3028,CSS_J043336.1+190146,EW,EW,False,False,37.88326560768378,68.28592537864795,16852,True,False,False
3029,CSS_J083931.8+393519,EW,EW,False,False,3.1400073882526782,2.3457702253417065,16852,True,False,False
3030,CSS_J165834.5+120638,RRc,RRc,False,False,45.07494646680942,58.886509635974306,2917,True,False,False
3031,CSS_J173805.1+273530,RRab,RRab,False,False,5.583756345177665,21.065989847715734,1249,True,False,False
3032,CSS_J043402.8+381027,RS CVn,RS CVn,False,True,2.941176470588235,14.338235294117647,846,True,False,False
3033,CSS_J030749.0-185632,EW,EW,False,False,86.5533801256003,29.885482083487254,16852,True,False,False
3034,CSS_J170145.3-022538,EW,EW,False,False,89.56409309198375,57.12966383450314,16852,True,False,False
3035,CSS_J083817.0+423521,EW,EW,False,False,3.786479497598818,25.212412264499445,16852,True,False,False
3036,CSS_J034129.2+305018,EW,EW,False,False,57.07425193941633,82.98854820834872,16852,True,False,False
3037,CSS_J113132.1+350024,EW,EW,False,False,75.87735500554119,68.54451422238641,16852,True,False,False
3038,CSS_J134016.1+622317,RRab,EW,True,False,71.31979695431471,47.71573604060914,1249,True,False,False
3039,CSS_J211212.6+150952,EW,EW,False,False,15.145917990395272,69.74510528260066,16852,True,False,False
3040,CSS_J165936.7+333159,EW,EW,False,False,90.96786110084965,68.24898411525673,16852,True,False,False
3041,CSS_J073344.9+212442,EW,EW,False,False,52.234946435168084,56.0029553010713,16852,True,False,False
3042,CSS_J162411.2+102005,RRc,RRc,False,False,34.796573875803,54.603854389721626,2917,True,False,False
3043,CSS_J135835.5+223341,RRd,RRc,True,True,45.88235294117647,48.23529411764706,258,True,False,False
3044,CSS_J153419.2+602254,RRab,RRab,False,False,8.121827411167512,8.883248730964468,1249,True,False,False
3045,CSS_J053029.4+034652,EW,EW,False,False,22.460288141854452,45.234577022534175,16852,True,False,False
3046,CSS_J042235.8+081928,EA,EA,False,False,11.179361179361178,11.547911547911548,2597,True,False,False
3047,CSS_J213925.0+040427,EW,EW,False,False,59.32766900628002,55.61507203546361,16852,True,False,False
3048,CSS_J055554.3-155739,EW,EW,False,False,29.220539342445512,36.35020317694865,16852,True,False,False
3049,CSS_J232656.9-120030,RRc,RRc,False,False,86.40256959314775,52.67665952890792,2917,True,False,False
3050,CSS_J081248.4+210724,EA,EW,True,False,56.01965601965602,47.2972972972973,2597,True,False,False
3051,CSS_J081228.7-020205,EW,EW,False,False,82.10195788695972,64.90579977835242,16852,True,False,False
3052,CSS_J173603.6+345130,EW,EW,False,False,28.389360916143332,31.233838197266344,16852,True,False,False
3053,CSS_J152758.9+190751,EA,EW,True,False,71.25307125307125,35.872235872235876,2597,True,False,False
3054,CSS_J052935.4+040651,EW,EW,False,False,95.69634281492428,71.00110823790173,16852,True,False,False
3055,CSS_J233056.4+142037,RRc,EW,True,False,69.48608137044968,2.676659528907923,2917,True,False,False
3056,CSS_J095825.8+141536,EW,EW,False,False,45.14222386405615,50.0184706316956,16852,True,False,False
3057,CSS_J100933.6+504020,EW,EW,False,False,86.83043960103436,67.39933505725895,16852,True,False,False
3058,CSS_J083732.1-015401,EW,EW,False,False,37.68008865903214,25.729589951976354,16852,True,False,False
3059,CSS_J013856.0+064040,EW,EW,False,False,56.31695603989656,19.098633173254527,16852,True,False,False
3060,CSS_J225328.3+052010,EW,EW,False,False,45.271518285925374,1.1451791651274472,16852,True,False,False
3061,CSS_J094957.5-131000,EW,EW,False,False,45.382342076099,48.22681935722202,16852,True,False,False
3062,CSS_J172654.3+550714,RRc,RRc,False,False,60.599571734475376,17.45182012847966,2917,True,False,False
3063,CSS_J084253.1-025101,EW,EW,False,False,54.19283339490211,44.8836350203177,16852,True,False,False
3064,CSS_J020819.5+120744,EW,RS CVn,True,False,97.76505356483192,98.1714074621352,16852,True,False,False
3065,CSS_J211549.9+001928,RRc,RRc,False,False,65.95289079229121,25.588865096359743,2917,True,False,False
3066,CSS_J012806.2+373816,EA,EA,False,False,79.23832923832924,38.452088452088454,2597,True,False,False
3067,CSS_J013844.1+395827,EW,EW,False,False,91.54045068341338,21.813816032508313,16852,True,False,False
3068,CSS_J063445.2+434809,EW,EW,False,False,0.16623568526043592,3.28777244181751,16852,True,False,False
3069,CSS_J164312.8-113417,RRab,RRab,False,False,94.9238578680203,88.3248730964467,1249,True,False,False
3070,CSS_J045859.8+175938,EW,EW,False,False,38.695973402290356,74.54746952345769,16852,True,False,False
3071,CSS_J004637.7+315117,EW,EW,False,False,80.93830809013667,81.08607314370151,16852,True,False,False
3072,CSS_J090404.5+431257,RRc,EW,True,False,98.60813704496788,99.57173447537473,2917,True,True,False
3073,CSS_J081208.4+321419,EA,EA,False,False,8.230958230958231,15.11056511056511,2597,True,False,False
3074,CSS_J030216.5+220425,EA,EA,False,False,21.375921375921376,11.056511056511056,2597,True,False,False
3075,CSS_J050951.3+172139,EW,EW,False,False,46.65681566309568,35.79608422608053,16852,True,False,False
3076,CSS_J130722.2+574308,EW,EW,False,False,51.60694495751754,89.63797561876616,16852,True,False,False
3077,CSS_J144157.5+085418,EW,EW,False,False,34.410786848910234,11.137790912449205,16852,True,False,False
3078,CSS_J073722.5+454435,EW,EW,False,False,65.66309567787218,8.57037310676025,16852,True,False,False
3079,CSS_J082252.1+491926,EW,EW,False,False,15.663095677872182,4.968599926117473,16852,True,False,False
3080,CSS_J134728.5+701339,EW,EW,False,False,10.011082379017362,14.44403398596232,16852,True,False,False
3081,CSS_J104053.1-020323,RRc,RRc,False,False,55.88865096359743,60.7066381156317,2917,True,False,False
3082,CSS_J082845.6-023748,EA,EW,True,False,86.48648648648648,61.056511056511056,2597,True,False,False
3083,CSS_J143931.5-063858,EW,EW,False,False,10.343553749538234,21.518285925378645,16852,True,False,False
3084,CSS_J092129.8-161057,EA,EA,False,False,89.8034398034398,97.54299754299754,2597,True,False,False
3085,CSS_J171727.7+271300,EW,EW,False,False,53.398596231991135,68.95086811968969,16852,True,False,False
3086,CSS_J084431.7+320908,EA,EA,False,False,95.7002457002457,96.31449631449631,2597,True,False,False
3087,CSS_J180512.0+343918,EA,EW,True,False,73.95577395577395,72.72727272727273,2597,True,False,False
3088,CSS_J204218.6-151451,RRab,RRab,False,False,10.152284263959391,38.578680203045685,1249,True,False,False
3089,CSS_J030002.0+010340,EW,EW,False,False,13.760620613224972,19.800517177687478,16852,True,False,False
3090,CSS_J052253.5-022823,EW,EW,False,False,89.45326930181012,76.63465090506095,16852,True,False,False
3091,CSS_J180726.2+584151,EW,EW,False,False,39.194680458071666,67.1222755818249,16852,True,False,False
3092,CSS_J040152.4+284103,EW,EW,False,False,93.47986701145179,79.6084226080532,16852,True,False,False
3093,CSS_J045212.2-173359,EW,EW,False,False,9.087550794237163,41.85445142223864,16852,True,False,False
3094,CSS_J220731.1-172438,EW,EW,False,False,81.38160325083118,93.25821943110454,16852,True,False,False
3095,CSS_J230252.6+162056,EW,EW,False,False,22.423346878463242,80.62430735131142,16852,True,False,False
3096,CSS_J032130.6+270553,EW,EW,False,False,52.25341706686368,5.411895086811969,16852,True,False,False
3097,CSS_J154659.0+162355,EW,EW,False,False,34.89102327299594,59.272257111193206,16852,True,False,False
3098,CSS_J034427.0-160039,EW,EW,False,False,3.029183598079054,45.253047654229775,16852,True,False,False
3099,CSS_J065908.8+573306,EW,EW,False,False,36.75655707425194,1.994828223125231,16852,True,False,False
3100,CSS_J042951.9+022824,EA,EA,False,False,45.08599508599509,44.840294840294845,2597,True,False,False
3101,CSS_J112432.0-044427,RRc,RRc,False,False,14.23982869379015,21.948608137044967,2917,True,False,False
3102,CSS_J084341.5+210848,EW,EW,False,False,80.0794237162911,85.42667159216846,16852,True,False,False
3103,CSS_J151546.9+235217,EW,EW,False,False,80.80901366826745,52.95530107129663,16852,True,False,False
3104,CSS_J104508.9+380001,EW,EW,False,False,88.12338381972663,71.11193202807536,16852,True,False,False
3105,CSS_J204718.5+062444,EW,EW,False,False,93.14739564093092,80.49501292944218,16852,True,False,False
3106,CSS_J052357.0+164809,EW,EW,False,False,77.98300701884004,81.60325083117843,16852,True,False,False
3107,CSS_J073919.5+225117,EA,EW,True,False,89.1891891891892,73.46437346437347,2597,True,False,False
3108,CSS_J151121.9+152228,EA,EA,False,False,63.51351351351351,53.56265356265356,2597,True,False,False
3109,CSS_J104459.6-122041,EW,EW,False,False,31.28925009235316,68.23051348356114,16852,True,False,False
3110,CSS_J181404.5+345144,EW,EW,False,False,34.650905060953086,14.85038788326561,16852,True,False,False
3111,CSS_J035158.6+114653,EW,EW,False,False,42.796453638714446,56.741780568895464,16852,True,False,False
3112,CSS_J084453.7-155358,RRab,RRab,False,False,84.01015228426397,55.0761421319797,1249,True,False,False
3113,CSS_J165328.0+073549,RRc,RRc,False,False,8.67237687366167,2.2483940042826553,2917,True,False,False
3114,CSS_J070013.2+423634,EW,EW,False,False,37.938677502770595,95.4008127077946,16852,True,False,False
3115,CSS_J075819.1+522833,EW,EW,False,False,44.20022164758034,38.788326560768375,16852,True,False,False
3116,CSS_J033452.4+382412,EW,EW,False,False,68.15663095677871,82.95160694495752,16852,True,False,False
3117,CSS_J103104.8+040755,RS CVn,RS CVn,False,True,21.323529411764707,40.44117647058824,846,True,False,False
3118,CSS_J044433.4+092645,EW,EW,False,False,46.71222755818249,18.9878093830809,16852,True,False,False
3119,CSS_J091449.2+020342,EA,EA,False,False,34.3980343980344,23.710073710073708,2597,True,False,False
3120,CSS_J164010.6-034948,EW,EW,False,False,71.98005171776875,39.3424455116365,16852,True,False,False
3121,CSS_J175458.2+372902,EW,EW,False,False,20.631695603989655,93.516808274843,16852,True,False,False
3122,CSS_J040705.6+254033,EW,EW,False,False,61.95049870705578,26.63465090506095,16852,True,False,False
3123,CSS_J040156.1+234726,EW,EW,False,False,9.62319911340968,15.164388622090874,16852,True,False,False
3124,CSS_J034028.8+165954,EW,EW,False,False,24.787587735500555,75.50794237162911,16852,True,False,False
3125,CSS_J012130.5+111236,EW,EW,False,False,90.2475064647211,66.49427410417437,16852,True,False,False
3126,CSS_J022225.3+381537,EW,EW,False,False,8.97672700406354,45.04987070557813,16852,True,False,False
3127,CSS_J122042.1-083134,EW,EW,False,False,55.26413003324714,51.75471001108238,16852,True,False,False
3128,CSS_J211446.7+064357,EA,EA,False,False,11.67076167076167,37.59213759213759,2597,True,False,False
3129,CSS_J074439.4+212147,EW,EW,False,False,8.810491318803102,13.834503140007387,16852,True,False,False
3130,CSS_J153552.8+532542,EW,EW,False,False,47.17399335057259,17.879571481344662,16852,True,False,False
3131,CSS_J181412.9+331441,RRab,RRab,False,False,50.0,65.22842639593908,1249,True,False,False
3132,CSS_J025641.8-021856,EW,EW,False,False,50.24011821204285,56.24307351311415,16852,True,False,False
3133,CSS_J034137.0+312831,EW,EW,False,False,90.93091983745845,52.51200591060214,16852,True,False,False
3134,CSS_J021708.0+224447,EW,EW,False,False,52.62282970077577,23.956409309198374,16852,True,False,False
3135,CSS_J095335.4+403319,EA,EA,False,False,65.97051597051598,33.78378378378378,2597,True,False,False
3136,CSS_J210209.2+072637,EW,EW,False,False,89.15773919468046,36.40561507203547,16852,True,False,False
3137,CSS_J075716.9+405238,EW,EW,False,False,84.57702253417067,86.92279275951238,16852,True,False,False
3138,CSS_J164110.7+335222,EW,EW,False,False,57.31437015145918,44.62504617657924,16852,True,False,False
3139,CSS_J105752.9-182402,EW,EW,False,False,88.14185445142225,98.37458441078685,16852,True,False,False
3140,CSS_J045405.3+170719,EW,EW,False,False,63.29885482083487,45.991872922053936,16852,True,False,False
3141,CSS_J221139.5-040239,EW,EW,False,False,49.16882157369782,46.32434429257481,16852,True,False,False
3142,CSS_J135307.1+290851,EA,EA,False,False,96.68304668304668,92.50614250614251,2597,True,False,False
3143,CSS_J152338.3-192907,EW,EW,False,False,69.0062800147765,20.003694126339123,16852,True,False,False
3144,CSS_J105648.3-053323,RRc,EW,True,False,62.526766595289075,70.02141327623126,2917,True,False,False
3145,CSS_J044804.7+194223,EW,EW,False,False,2.9737717029922424,9.309198374584412,16852,True,False,False
3146,CSS_J051200.5-074547,EW,EW,False,False,1.847063169560399,14.388622090875508,16852,True,False,False
3147,CSS_J085514.8+293657,EW,EW,False,False,25.674178056889545,33.85666789804211,16852,True,False,False
3148,CSS_J051023.7+134410,EA,EA,False,False,65.1105651105651,67.44471744471745,2597,True,False,False
3149,CSS_J212918.8+083452,EW,RRc,True,False,45.97340229035833,35.46361285555966,16852,True,False,False
3150,CSS_J210536.1+023001,RRc,RRc,False,False,25.910064239828696,16.274089935760173,2917,True,False,False
3151,CSS_J085925.9+112444,EW,EW,False,False,35.46361285555966,67.1776874769117,16852,True,False,False
3152,CSS_J082738.9-020034,EW,EW,False,False,19.20945696342815,21.222755818248984,16852,True,False,False
3153,CSS_J095731.1+042753,EW,EW,False,False,49.5012929442187,93.44292574806057,16852,True,False,False
3154,CSS_J230619.3+093029,RRab,RRab,False,False,68.02030456852792,40.35532994923858,1249,True,False,False
3155,CSS_J210325.1-144013,RS CVn,RS CVn,False,True,76.10294117647058,63.23529411764706,846,True,False,False
3156,CSS_J071053.8+404500,EW,EW,False,False,51.45917990395271,40.709272257111195,16852,True,False,False
3157,CSS_J131202.0-182340,RRc,RRc,False,False,58.35117773019272,82.11991434689507,2917,True,False,False
3158,CSS_J110033.5+122738,RS CVn,RS CVn,False,True,69.48529411764706,65.44117647058823,846,True,False,False
3159,CSS_J154611.8-094317,EW,EW,False,False,21.776874769117104,44.18175101588474,16852,True,False,False
3160,CSS_J210714.8-041303,RRc,RRc,False,False,81.15631691648822,84.26124197002142,2917,True,False,False
3161,CSS_J032706.4+172924,EW,EW,False,False,77.22571111932028,51.01588474325822,16852,True,False,False
3162,CSS_J220730.5-162002,RRab,RRab,False,False,50.76142131979695,44.923857868020306,1249,True,False,False
3163,CSS_J070152.8+400358,EW,EW,False,False,66.06944957517548,32.28666420391577,16852,True,False,False
3164,CSS_J022442.4+353824,EW,EW,False,False,21.906169190986333,16.734392316217214,16852,True,False,False
3165,CSS_J090452.5-101423,LPV,LPV,False,False,77.01149425287356,83.9080459770115,281,True,False,False
3166,CSS_J011912.3+315826,EW,EW,False,False,23.75323236054673,9.752493535278907,16852,True,False,False
3167,CSS_J110149.9-101744,RRc,RRc,False,False,42.933618843683085,68.52248394004282,2917,True,False,False
3168,CSS_J031317.4+324026,EW,EW,False,False,10.565201329885483,35.648319172515706,16852,True,False,False
3169,CSS_J105553.6+132856,EW,EW,False,False,22.792759512375323,49.83376431473957,16852,True,False,False
3170,CSS_J145008.2+302059,RRc,RRc,False,False,54.28265524625267,32.33404710920771,2917,True,False,False
3171,CSS_J032700.9-075107,EW,EW,False,False,93.55374953823421,93.81233838197267,16852,True,False,False
3172,CSS_J231959.8+335132,EW,EW,False,False,2.6690062800147762,16.52198005171777,16852,True,False,False
3173,CSS_J155714.4+014013,EW,EW,False,False,12.209087550794237,27.72441817510159,16852,True,False,False
3174,CSS_J051152.3-125053,EW,EW,False,False,26.690062800147764,58.20096047284817,16852,True,False,False
3175,CSS_J054508.4+010555,EW,EW,False,False,26.837827853712596,19.67122275581825,16852,True,False,False
3176,CSS_J204519.0-040154,EW,EW,False,False,30.49501292944219,6.538603620243813,16852,True,False,False
3177,CSS_J220014.2+185725,EW,EW,False,False,65.36756557074251,96.3058736608792,16852,True,False,False
3178,CSS_J012939.5+350049,EW,EW,False,False,19.264868858514962,8.533431843369044,16852,True,False,False
3179,CSS_J170948.8+221332,EW,EW,False,False,85.1865533801256,59.42002216475804,16852,True,False,False
3180,CSS_J052312.5-090742,EW,EW,False,False,86.38714444033985,91.92833394902105,16852,True,False,False
3181,CSS_J101711.9+090740,EW,EW,False,False,12.430735131141486,54.46989287033617,16852,True,False,False
3182,CSS_J140556.0+014031,RS CVn,RS CVn,False,True,85.29411764705883,69.48529411764706,846,True,False,False
3183,CSS_J041254.8+325602,EW,EW,False,False,16.77133357960842,28.00147765053565,16852,True,False,False
3184,CSS_J232140.2+215951,EW,EW,False,False,13.723679349833764,9.826376062061321,16852,True,False,False
3185,CSS_J231649.0+114207,RRc,EW,True,False,93.57601713062098,97.64453961456103,2917,True,False,False
3186,CSS_J121815.9+204002,EW,EW,False,False,80.64277798300702,90.11821204285187,16852,True,False,False
3187,CSS_J044606.8-013932,EW,EW,False,False,28.27853712596971,52.71518285925379,16852,True,False,False
3188,CSS_J223553.3+193852,EW,EW,False,False,56.70483930550425,19.486516438862207,16852,True,False,False
3189,CSS_J003356.9+311458,EW,EW,False,False,7.517547100110823,71.37052087181381,16852,True,False,False
3190,CSS_J024657.3+392509,RS CVn,EW,True,True,76.47058823529412,79.77941176470588,846,True,False,False
3191,CSS_J082548.5+390545,RRc,RRc,False,False,37.3661670235546,24.62526766595289,2917,True,False,False
3192,CSS_J180451.4+392258,EW,EW,False,False,98.6701145179165,63.20650166235685,16852,True,False,False
3193,CSS_J051252.0-024008,EA,EW,True,False,73.46437346437347,91.27764127764128,2597,True,False,False
3194,CSS_J065648.5+360651,EW,EW,False,False,82.95160694495752,35.777613594384924,16852,True,False,False
3195,CSS_J104155.5+003520,RRab,RRc,True,False,65.48223350253807,77.91878172588832,1249,True,False,False
3196,CSS_J200307.8-164307,RRab,RRab,False,False,93.4010152284264,84.51776649746193,1249,True,False,False
3197,CSS_J083702.8+270019,EA,EA,False,False,25.675675675675674,12.162162162162163,2597,True,False,False
3198,CSS_J050928.9-012534,EA,EW,True,False,95.45454545454545,77.02702702702703,2597,True,False,False
3199,CSS_J164844.1+073205,RRc,RRc,False,False,57.601713062098504,9.528907922912206,2917,True,False,False
3200,CSS_J090523.9-104654,EW,EW,False,False,96.56446250461765,97.08164019209457,16852,True,False,False
3201,CSS_J172341.1+462034,EA,EA,False,False,71.74447174447175,68.18181818181817,2597,True,False,False
3202,CSS_J025529.1+081402,EW,EW,False,False,12.763206501662358,6.3354266715921685,16852,True,False,False
3203,CSS_J130021.3-055822,EA,EA,False,False,32.432432432432435,12.530712530712531,2597,True,False,False
3204,CSS_J135105.2-110129,EW,EW,False,False,62.74473586996675,87.84632434429257,16852,True,False,False
3205,CSS_J030015.4-045941,RRc,EW,True,False,93.46895074946467,89.40042826552462,2917,True,False,False
3206,CSS_J081314.2+074146,RRc,RRc,False,False,81.79871520342613,96.8950749464668,2917,True,False,False
3207,CSS_J062952.1+544013,EW,EW,False,False,26.89323974879941,18.89545622460288,16852,True,False,False
3208,CSS_J173415.4+332237,EW,EW,False,False,82.74842999630587,55.005541189508676,16852,True,False,False
3209,CSS_J070432.4+422525,EW,EW,False,False,66.00480236424086,3.684891023272996,16852,True,False,False
3210,CSS_J224930.8+053403,EW,EW,False,False,81.64019209456963,40.83856667898042,16852,True,False,False
3211,CSS_J041858.2+210038,EA,EA,False,False,52.21130221130221,91.15479115479116,2597,True,False,False
3212,CSS_J203700.9-062112,EA,EA,False,False,1.71990171990172,4.054054054054054,2597,True,False,False
3213,CSS_J225650.7+345101,EW,EW,False,False,30.809013668267454,19.320280753601775,16852,True,False,False
3214,CSS_J103556.4+193015,EW,EW,False,False,84.31843369043222,91.42962689323974,16852,True,False,False
3215,CSS_J204910.1-122535,EW,RS CVn,True,False,86.71961581086073,92.1499815293683,16852,True,False,False
3216,CSS_J151629.1+332030,EW,EW,False,False,84.78019948282231,55.33801256002955,16852,True,False,False
3217,CSS_J002649.1+120752,EW,EW,False,False,14.111562615441448,25.157000369412636,16852,True,False,False
3218,CSS_J074354.1+255803,EW,EW,False,False,33.321019578869596,24.085703731067603,16852,True,False,False
3219,CSS_J102820.1+641218,EW,EW,False,False,35.648319172515706,10.41743627632065,16852,True,False,False
3220,CSS_J155045.6+101855,EW,EW,False,False,9.992611747321758,24.25193941632804,16852,True,False,False
3221,CSS_J043332.8+291537,EA,EA,False,False,26.535626535626534,10.196560196560196,2597,True,False,False
3222,CSS_J123942.7+250200,RRc,RRc,False,False,9.528907922912206,59.100642398286936,2917,True,False,False
3223,CSS_J054144.0+003141,RRc,RRc,False,False,26.659528907922912,12.205567451820128,2917,True,False,False
3224,CSS_J174107.3+484314,RRd,RRc,True,True,80.0,83.52941176470588,258,True,False,False
3225,CSS_J015110.2+283740,EA,EA,False,False,54.791154791154796,35.995085995085994,2597,True,False,False
3226,CSS_J223207.6-184313,EW,EW,False,False,94.403398596232,98.1159955670484,16852,True,False,False
3227,CSS_J164316.2+370822,RRc,RRc,False,False,29.657387580299787,32.11991434689507,2917,True,False,False
3228,CSS_J082930.5+452105,EW,EW,False,False,35.94384927964536,49.90764684152198,16852,True,False,False
3229,CSS_J063200.3+640046,EW,EW,False,False,76.70853343184338,28.29700775766531,16852,True,False,False
3230,CSS_J135721.9-013022,RRab,RRab,False,False,34.77157360406091,34.263959390862944,1249,True,False,False
3231,CSS_J172729.1+183950,EW,EW,False,False,69.19098633173255,24.58441078684891,16852,True,False,False
3232,CSS_J231653.2+310020,EW,EW,False,False,60.06649427410417,24.916882157369784,16852,True,False,False
3233,CSS_J042306.5+224713,EW,EW,False,False,7.240487624676764,14.222386405615072,16852,True,False,False
3234,CSS_J050421.8-121440,EW,EA,True,False,93.9601034355375,16.272626523827117,16852,True,False,False
3235,CSS_J184816.3+414748,RRab,RRab,False,False,33.24873096446701,65.73604060913706,1249,True,False,False
3236,CSS_J015505.3+321146,RRc,RRc,False,False,49.143468950749465,35.11777301927195,2917,True,False,False
3237,CSS_J040041.7+233835,EW,RRc,True,False,47.63575914296269,66.29109715552272,16852,True,False,False
3238,CSS_J211921.6-100624,EA,EA,False,False,87.1007371007371,70.63882063882065,2597,True,False,False
3239,CSS_J103552.6+553237,RRab,RRab,False,False,10.913705583756345,24.36548223350254,1249,True,False,False
3240,CSS_J171818.8+193211,EW,EW,False,False,62.5230882896195,75.67417805688955,16852,True,False,False
3241,CSS_J012354.0+323724,EW,EW,False,False,56.9449575175471,17.565570742519395,16852,True,False,False
3242,CSS_J210650.1+092620,EW,EW,False,False,17.916512744735872,35.57443664573328,16852,True,False,False
3243,CSS_J171015.0+220909,EA,EA,False,False,82.92383292383292,84.8894348894349,2597,True,False,False
3244,CSS_J002533.1-051830,RRc,RRc,False,False,89.07922912205566,71.19914346895075,2917,True,False,False
3245,CSS_J223751.9+194112,EW,EW,False,False,39.13926856298485,19.283339490210565,16852,True,False,False
3246,CSS_J161746.3+135313,EW,EW,False,False,12.486147026228297,22.146287403029184,16852,True,False,False
3247,CSS_J221327.6+163420,EW,EW,False,False,55.44883635020318,73.08828961950499,16852,True,False,False
3248,CSS_J110142.9+093721,EW,EW,False,False,62.85555966014038,19.006280014776504,16852,True,False,False
3249,CSS_J225639.3+330632,EW,EW,False,False,10.435906908016253,50.60953084595493,16852,True,False,False
3250,CSS_J032208.2+352505,EW,EW,False,False,0.2216475803472479,1.1267085334318434,16852,True,False,False
3251,CSS_J123611.7+304144,RRab,EW,True,False,66.24365482233503,73.3502538071066,1249,True,False,False
3252,CSS_J064555.4+365244,EW,EW,False,False,73.77170299224234,35.61137790912449,16852,True,False,False
3253,CSS_J203528.4-101944,EW,EW,False,False,95.10528260066494,96.37975618766161,16852,True,False,False
3254,CSS_J054707.7+051611,EW,EW,False,False,54.839305504248244,76.3945326930181,16852,True,False,False
3255,CSS_J065354.2+402112,EW,EW,False,False,62.41226449944588,1.0343553749538235,16852,True,False,False
3256,CSS_J054428.2+070604,EW,EW,False,False,39.63797561876616,42.83339490210565,16852,True,False,False
3257,CSS_J051655.5-111053,EA,EA,False,False,42.874692874692876,20.515970515970515,2597,True,False,False
3258,CSS_J034803.0+380642,EW,EW,False,False,22.86664203915774,21.57369782046546,16852,True,False,False
3259,CSS_J162250.1-121933,RRab,RRab,False,False,38.578680203045685,42.63959390862944,1249,True,False,False
3260,CSS_J232810.3+205211,EW,EW,False,False,46.15810860731437,31.787957148134467,16852,True,False,False
3261,CSS_J061925.2+523804,EW,EW,False,False,32.69301810121906,78.86959734022903,16852,True,False,False
3262,CSS_J092028.5-145354,RRc,EW,True,False,72.05567451820129,82.97644539614562,2917,True,False,False
3263,CSS_J202756.8-135807,EW,EW,False,False,28.260066494274106,96.41669745105283,16852,True,False,False
3264,CSS_J040029.8-022605,EW,EW,False,False,43.77539711858145,44.51422238640561,16852,True,False,False
3265,CSS_J203219.8-120421,RRab,RRab,False,False,62.944162436548226,34.01015228426396,1249,True,False,False
3266,CSS_J154852.9-095647,EW,EW,False,False,96.95234577022535,93.27669006280016,16852,True,False,False
3267,CSS_J174502.6+383911,RRc,RRc,False,False,72.26980728051392,53.64025695931478,2917,True,False,False
3268,CSS_J113511.7-152855,EW,EW,False,False,77.15182859253787,83.3394902105652,16852,True,False,False
3269,CSS_J230240.1+040747,EW,EW,False,False,52.142593276690064,39.10232729959365,16852,True,False,False
3270,CSS_J021435.7+000628,EA,EA,False,False,61.79361179361179,72.11302211302211,2597,True,False,False
3271,CSS_J155347.2+181447,EW,EW,False,False,26.006649427410416,46.56446250461766,16852,True,False,False
3272,CSS_J075857.2+194628,EW,EW,False,False,38.76985592907277,69.15404506834135,16852,True,False,False
3273,CSS_J045006.0+245824,EW,EW,False,False,59.14296268932397,61.26708533431844,16852,True,False,False
3274,CSS_J145657.0+151648,EW,EW,False,False,46.47210934613964,89.15773919468046,16852,True,False,False
3275,CSS_J050547.4+220916,EW,EW,False,False,68.0642777983007,1.0897672700406353,16852,True,False,False
3276,CSS_J081728.7+352940,EW,EW,False,False,41.318803103066124,84.94643516808274,16852,True,False,False
3277,CSS_J131018.6-154939,EW,EW,False,False,48.1529368304396,67.6209826376062,16852,True,False,False
3278,CSS_J171248.5+160054,EW,EW,False,False,21.019578869597343,66.7159216845216,16852,True,False,False
3279,CSS_J211328.1-022554,EA,EA,False,False,77.39557739557739,63.759213759213765,2597,True,False,False
3280,CSS_J113334.4+220600,RS CVn,RS CVn,False,True,24.63235294117647,38.970588235294116,846,True,False,False
3281,CSS_J073339.7+530019,RRc,RRc,False,False,73.55460385438973,50.53533190578159,2917,True,False,False
3282,CSS_J220348.5-024001,EW,EW,False,False,94.60657554488363,99.0764684152198,16852,True,False,False
3283,CSS_J075847.7+104107,EW,EW,False,False,30.550424824529,34.244551163649795,16852,True,False,False
3284,CSS_J051335.0+070358,EW,EW,False,False,41.07868489102327,94.68045807166605,16852,True,False,False
3285,CSS_J072211.3+232014,EW,EW,False,False,44.070927225711124,66.62356852604358,16852,True,False,False
3286,CSS_J085905.7+091554,EW,EW,False,False,77.87218322866643,75.98817879571482,16852,True,False,False
3287,CSS_J231739.1+443010,EW,EW,False,False,34.226080531954196,15.82933136313262,16852,True,False,False
3288,CSS_J030915.2+283704,EW,EW,False,False,67.15921684521611,54.673069818987805,16852,True,False,False
3289,CSS_J214517.1+175840,EW,EW,False,False,54.46989287033617,46.98928703361655,16852,True,False,False
3290,CSS_J025237.4+372053,EW,EW,False,False,85.68526043590691,54.98707055781308,16852,True,False,False
3291,CSS_J063636.4+411333,EW,EW,False,False,0.12929442186922793,0.16623568526043592,16852,True,False,False
3292,CSS_J041403.2-163921,RRc,RRc,False,False,57.70877944325482,79.22912205567452,2917,True,False,False
3293,CSS_J052347.8-020735,RS CVn,EW,True,True,54.41176470588235,52.20588235294118,846,True,False,False
3294,CSS_J104204.5-101451,EW,EW,False,False,58.034724787587734,92.72257111193203,16852,True,False,False
3295,CSS_J152315.4-165257,EW,EW,False,False,46.37975618766162,46.23199113409678,16852,True,False,False
3296,CSS_J163345.8+221820,EW,EW,False,False,4.377539711858145,12.467676394532692,16852,True,False,False
3297,CSS_J051513.1-042307,EW,EW,False,False,28.48171407462135,76.61618027336536,16852,True,False,False
3298,CSS_J032848.2+082937,EW,RRab,True,False,89.78574067233099,98.02364240857038,16852,True,False,False
3299,CSS_J153533.5+145053,EA,EA,False,False,53.19410319410319,93.24324324324324,2597,True,False,False
3300,CSS_J213420.3+014901,EW,EW,False,False,43.35057258958256,61.65496859992612,16852,True,False,False
3301,CSS_J045603.8-083420,EW,EW,False,False,0.20317694865164387,38.34503140007388,16852,True,False,False
3302,CSS_J145856.8+223925,RRc,RRc,False,False,69.37901498929337,44.96788008565311,2917,True,False,False
3303,CSS_J051247.0+131533,RS CVn,RS CVn,False,True,58.82352941176471,48.529411764705884,846,True,False,False
3304,CSS_J084530.8+130832,EW,EW,False,False,6.002955301071297,13.575914296268932,16852,True,False,False
3305,CSS_J222957.9+360106,RRab,RRab,False,False,8.883248730964468,9.898477157360407,1249,True,False,False
3306,CSS_J045549.2+132652,EW,EW,False,False,55.30107129663835,81.34466198743996,16852,True,False,False
3307,CSS_J022417.1+363532,EW,EW,False,False,59.91872922053935,42.35315847801995,16852,True,False,False
3308,CSS_J141700.6-093521,RRc,RRc,False,False,38.32976445396146,51.82012847965739,2917,True,False,False
3309,CSS_J223828.2+120641,RRc,RRc,False,False,23.126338329764454,42.50535331905782,2917,True,False,False
3310,CSS_J114343.8-134154,EW,EW,False,False,66.42039157739194,83.48725526413003,16852,True,False,False
3311,CSS_J163630.4+301412,RRc,RRc,False,False,25.160599571734476,17.77301927194861,2917,True,False,False
3312,CSS_J080608.2+410206,RRc,RRc,False,False,66.16702355460386,35.33190578158458,2917,True,False,False
3313,CSS_J050001.6+191632,EW,EW,False,False,45.01292944218692,28.42630217953454,16852,True,False,False
3314,CSS_J110422.0+264217,EW,EW,False,False,92.90727742888807,62.9848540820096,16852,True,False,False
3315,CSS_J091353.7-012001,RRc,RRc,False,False,38.54389721627409,60.92077087794433,2917,True,False,False
3316,CSS_J090447.8+494011,EW,EW,False,False,73.51311414850387,43.38751385297377,16852,True,False,False
3317,CSS_J171024.6+480256,EW,EW,False,False,91.6328038418914,97.2663465090506,16852,True,False,False
3318,CSS_J223140.3-122930,EW,EW,False,False,48.74399704469893,23.38381972663465,16852,True,False,False
3319,CSS_J045833.3+185233,EW,EW,False,False,66.77133357960842,34.152198005171776,16852,True,False,False
3320,CSS_J134005.2-021955,EW,EW,False,False,69.57886959734023,59.08755079423717,16852,True,False,False
3321,CSS_J085033.9+023353,RRab,RRab,False,False,90.60913705583756,91.11675126903553,1249,True,False,False
3322,CSS_J221413.6+105116,EW,EW,False,False,43.01810121906169,66.06944957517548,16852,True,False,False
3323,CSS_J025744.2+064240,EA,EA,False,False,49.877149877149876,62.40786240786241,2597,True,False,False
3324,CSS_J045942.6+120628,EA,EA,False,False,98.28009828009829,74.32432432432432,2597,True,False,False
3325,CSS_J084242.5+212456,EW,EW,False,False,99.9815293683044,96.49057997783524,16852,True,False,False
3326,CSS_J212535.0+170416,EA,EA,False,False,70.39312039312038,74.93857493857494,2597,True,False,False
3327,CSS_J131202.6+615056,RRc,RRc,False,False,16.167023554603855,5.2462526766595285,2917,True,False,False
3328,CSS_J231929.1+180135,EW,EW,False,False,95.88104913188032,98.81787957148134,16852,True,False,False
3329,CSS_J121357.1+452858,RRc,RRc,False,False,61.24197002141327,24.197002141327623,2917,True,False,False
3330,CSS_J033655.0+301955,EW,EW,False,False,29.07277428888068,10.78684891023273,16852,True,False,False
3331,CSS_J210337.5-022408,EW,EW,False,False,50.33247137052087,67.06686368673809,16852,True,False,False
3332,CSS_J175321.7+382228,EW,EW,False,False,34.004432951606944,48.18987809383081,16852,True,False,False
3333,CSS_J224904.1+052122,RRc,RRc,False,False,73.12633832976445,42.71948608137045,2917,True,False,False
3334,CSS_J035947.5+365246,RRc,RRc,False,False,60.7066381156317,87.47323340471092,2917,True,False,False
3335,CSS_J172650.8+255550,EW,EW,False,False,54.1374214998153,56.760251200591064,16852,True,False,False
3336,CSS_J065311.8+500623,EA,EA,False,False,36.85503685503686,9.336609336609335,2597,True,False,False
3337,CSS_J222023.0+114014,EW,EW,False,False,39.06538603620244,91.81751015884744,16852,True,False,False
3338,CSS_J212213.5+045932,EW,EW,False,False,56.81566309567787,7.923900997414111,16852,True,False,False
3339,CSS_J082822.2+374344,EW,EW,False,False,46.98928703361655,12.486147026228297,16852,True,False,False
3340,CSS_J102522.0+400437,EW,EW,False,False,98.65164388622091,94.9390469154045,16852,True,False,False
3341,CSS_J013600.3-174923,EW,EW,False,False,39.32397487994089,54.155892131510896,16852,True,False,False
3342,CSS_J094943.7+183313,EW,EW,False,False,24.76911710380495,8.921315108976726,16852,True,False,False
3343,CSS_J181843.5+351443,EW,EW,False,False,78.92500923531584,15.995567048393056,16852,True,False,False
3344,CSS_J054343.8-145034,EW,EW,False,False,48.55929072774289,33.67196158108607,16852,True,False,False
3345,CSS_J114918.5+063726,EW,RRab,True,False,85.40820096047284,97.50646472109347,16852,True,False,False
3346,CSS_J151432.3-072538,RRc,RRc,False,False,32.441113490364025,35.4389721627409,2917,True,False,False
3347,CSS_J055501.5-035104,LPV,LPV,False,False,35.63218390804598,39.08045977011494,281,True,False,False
3348,CSS_J171837.2+282906,EW,EW,False,False,14.979682305134837,11.377909124492058,16852,True,False,False
3349,CSS_J025901.3+265320,EW,EW,False,False,50.83117842630218,65.01662356852604,16852,True,False,False
3350,CSS_J132652.5+035445,RRc,RRc,False,False,91.32762312633832,65.31049250535332,2917,True,False,False
3351,CSS_J213442.8+192916,EW,EW,False,False,84.96490579977835,71.38899150350943,16852,True,False,False
3352,CSS_J230525.8+285322,EW,EW,False,False,83.8012560029553,25.581824898411526,16852,True,False,False
3353,CSS_J011629.5+442400,EW,EW,False,False,47.46952345770225,78.09383080901367,16852,True,False,False
3354,CSS_J034825.0+380551,RRc,EW,True,False,40.04282655246253,77.40899357601712,2917,True,False,False
3355,CSS_J141248.0+030740,EW,EW,False,False,33.302548947173996,43.405984484669375,16852,True,False,False
3356,CSS_J210106.3+140050,EW,EW,False,False,70.90875507942371,16.420391577391946,16852,True,False,False
3357,CSS_J123800.6-123823,EW,EW,False,False,56.05836719615811,88.21573697820465,16852,True,False,False
3358,CSS_J091211.0-151230,EW,EW,False,False,83.11784263021795,85.96231991134097,16852,True,False,False
3359,CSS_J155055.5-141640,EW,EW,False,False,71.53675655707426,89.10232729959364,16852,True,False,False
3360,CSS_J084813.8+225836,EW,EW,False,False,53.86036202438124,80.40265977096416,16852,True,False,False
3361,CSS_J173035.2+303643,EW,EW,False,False,56.07683782785371,48.55929072774289,16852,True,False,False
3362,CSS_J203208.6-032710,EW,EW,False,False,72.01699298115996,60.89767270040636,16852,True,False,False
3363,CSS_J082629.2+055144,EA,EW,True,False,93.73464373464373,92.87469287469288,2597,True,False,False
3364,CSS_J175612.7+333002,EW,EW,False,False,72.03546361285555,66.99298115995566,16852,True,False,False
3365,CSS_J140437.2-020243,EW,EW,False,False,67.1038049501293,58.422608053195425,16852,True,False,False
3366,CSS_J032325.8+010634,EA,EW,True,False,77.27272727272727,30.58968058968059,2597,True,False,False
3367,CSS_J080815.5+142451,EW,EW,False,False,85.48208348725527,34.20760990025859,16852,True,False,False
3368,CSS_J072833.4+462057,EW,EW,False,False,41.90986331732545,13.132619135574435,16852,True,False,False
3369,CSS_J215130.8+122336,EW,EW,False,False,18.13816032508312,58.976727004063534,16852,True,False,False
3370,CSS_J154059.4+044952,EW,EW,False,False,40.96786110084965,96.85999261174733,16852,True,False,False
3371,CSS_J063134.4+692854,EW,EW,False,False,19.837458441078685,27.077946065755448,16852,True,False,False
3372,CSS_J064435.5+393804,EW,EW,False,False,0.8681196896933875,19.30181012190617,16852,True,False,False
3373,CSS_J064120.4+653346,RRc,EW,True,False,84.04710920770879,78.58672376873662,2917,True,False,False
3374,CSS_J230458.8+414221,EW,EW,False,False,73.6054673069819,48.540820096047284,16852,True,False,False
3375,CSS_J094544.9+054307,EA,EW,True,False,60.44226044226044,43.980343980343974,2597,True,False,False
3376,CSS_J084054.2+393938,EA,EA,False,False,43.36609336609337,38.32923832923833,2597,True,False,False
3377,CSS_J210741.7-084244,EW,EW,False,False,34.244551163649795,56.15072035463613,16852,True,False,False
3378,CSS_J051838.7-012906,EW,EW,False,False,94.5142223864056,72.55264130033248,16852,True,False,False
3379,CSS_J050829.7+230633,EW,EW,False,False,11.507203546361286,69.54192833394902,16852,True,False,False
3380,CSS_J051159.1+032052,EW,EW,False,False,26.17288511267085,78.03841891392686,16852,True,False,False
3381,CSS_J052232.0-090826,EW,EW,False,False,98.06058367196158,99.72294052456594,16852,True,True,True
3382,CSS_J035052.7+182937,EW,RS CVn,True,False,85.85149612116734,88.10491318803103,16852,True,False,False
3383,CSS_J224821.7+321459,RS CVn,RS CVn,False,True,23.897058823529413,37.13235294117647,846,True,False,False
3384,CSS_J091136.6-013727,EA,EA,False,False,67.81326781326781,67.07616707616708,2597,True,False,False
3385,CSS_J003211.4+365823,EW,EW,False,False,43.719985223494646,54.37753971185815,16852,True,False,False
3386,CSS_J204712.8-110619,EW,EW,False,False,81.56630956778721,44.97598817879572,16852,True,False,False
3387,CSS_J082150.3+013851,EW,EW,False,False,32.50831178426302,11.821204285186553,16852,True,False,False
3388,CSS_J103009.5-133828,EW,EW,False,False,49.464351680827484,45.78869597340229,16852,True,False,False
3389,CSS_J225831.4-090753,EW,EW,False,False,88.10491318803103,64.05615072035464,16852,True,False,False
3390,CSS_J231450.3+022756,EW,EW,False,False,4.9501292944218696,11.784263021795345,16852,True,False,False
3391,CSS_J002157.4+201003,EW,EW,False,False,39.95197635759143,4.802364240857037,16852,True,False,False
3392,CSS_J234731.0+371803,EW,EW,False,False,60.971555227188766,33.98596231991134,16852,True,False,False
3393,CSS_J051907.0+062438,RS CVn,EW,True,True,70.95588235294117,67.64705882352942,846,True,False,False
3394,CSS_J174205.7+443530,EW,EW,False,False,35.11267085334319,51.82859253786479,16852,True,False,False
3395,CSS_J023120.9+142947,EW,EW,False,False,33.912079793128925,1.4961211673439232,16852,True,False,False
3396,CSS_J005325.1+421839,EW,EW,False,False,84.98337643147396,92.00221647580348,16852,True,False,False
3397,CSS_J010323.7+314331,EW,EW,False,False,22.035463612855562,29.294421869227925,16852,True,False,False
3398,CSS_J171539.3+585151,EW,EW,False,False,98.30070188400444,98.79940893978574,16852,True,True,True
3399,CSS_J042043.4+345110,EW,EW,False,False,92.31621721462874,90.15515330624308,16852,True,False,False
3400,CSS_J211016.7+123230,EW,EW,False,False,7.960842260805319,0.27705947543405984,16852,True,False,False
3401,CSS_J044205.4-170556,RRc,EW,True,False,90.47109207708779,87.68736616702355,2917,True,False,False
3402,CSS_J072218.7+444613,EA,EA,False,False,20.27027027027027,14.864864864864865,2597,True,False,False
3403,CSS_J203306.2-172049,EW,EW,False,False,21.38899150350942,15.035094200221646,16852,True,False,False
3404,CSS_J014458.1-013526,EW,EW,False,False,15.773919468045808,3.5833025489471737,16852,True,False,False
3405,CSS_J052232.0-101820,EW,RS CVn,True,False,85.92537864794976,84.65090506095308,16852,True,False,False
3406,CSS_J130720.0-113633,EW,EW,False,False,33.94902105652014,82.26819357222017,16852,True,False,False
3407,CSS_J002349.2-135352,EW,EW,False,False,87.14444033985961,77.2995936461027,16852,True,False,False
3408,CSS_J060228.7-101335,EW,EW,False,False,78.03841891392686,81.41854451422239,16852,True,False,False
3409,CSS_J020404.5+014359,EW,EW,False,False,36.66420391577392,59.75249353527891,16852,True,False,False
3410,CSS_J212802.7+112356,EW,EW,False,False,34.44772811230144,37.31067602512006,16852,True,False,False
3411,CSS_J092412.0+273029,EW,EW,False,False,17.86110084964906,42.057628370890285,16852,True,False,False
3412,CSS_J182539.3+455511,EW,EW,False,False,57.12966383450314,69.0432212781677,16852,True,False,False
3413,CSS_J035627.7+040107,EW,EW,False,False,2.271887698559291,55.20871813816033,16852,True,False,False
3414,CSS_J162524.0+283855,EW,EW,False,False,38.16032508311784,69.9852234946435,16852,True,False,False
3415,CSS_J163332.6+035851,EA,EA,False,False,13.144963144963146,10.687960687960688,2597,True,False,False
3416,CSS_J075241.4+323558,EW,EW,False,False,87.34761728851127,46.93387513852974,16852,True,False,False
3417,CSS_J005828.4+314044,EA,EA,False,False,87.46928746928747,54.42260442260442,2597,True,False,False
3418,CSS_J135659.5+035532,RS CVn,RS CVn,False,True,97.05882352941177,98.52941176470588,846,True,False,False
3419,CSS_J231119.4+311549,EW,EW,False,False,48.023642408570375,78.14924270410049,16852,True,False,False
3420,CSS_J044516.2+204321,EW,EW,False,False,71.51828592537865,6.520132988548208,16852,True,False,False
3421,CSS_J203957.1-082542,EW,EW,False,False,22.330993719985223,7.831547838936091,16852,True,False,False
3422,CSS_J024628.8+360159,EA,EA,False,False,47.2972972972973,17.32186732186732,2597,True,False,False
3423,CSS_J082728.3+123721,EW,EW,False,False,49.64905799778352,72.84817140746213,16852,True,False,False
3424,CSS_J210048.6-130200,EW,EW,False,False,13.834503140007387,71.61063908385667,16852,True,False,False
3425,CSS_J042045.1+365038,EW,EW,False,False,51.16364979682305,47.765053564831916,16852,True,False,False
3426,CSS_J075932.5+133943,EW,EW,False,False,89.89656446250461,42.31621721462874,16852,True,False,False
3427,CSS_J170837.9+401421,EW,EW,False,False,70.11451791651274,70.04063538973033,16852,True,False,False
3428,CSS_J170307.7+465619,EW,EW,False,False,18.84004432951607,20.520871813816033,16852,True,False,False
3429,CSS_J011440.7+200334,EW,EW,False,False,50.53564831917251,69.4680458071666,16852,True,False,False
3430,CSS_J231407.1+292209,EW,EW,False,False,20.908755079423717,10.121906169190986,16852,True,False,False
3431,CSS_J214011.6+233522,EW,EW,False,False,14.44403398596232,16.16180273365349,16852,True,False,False
3432,CSS_J143758.3-041336,LPV,LPV,False,False,57.47126436781609,45.97701149425287,281,True,False,False
3433,CSS_J220054.5+203311,EW,EW,False,False,35.879202068710754,54.580716660509786,16852,True,False,False
3434,CSS_J021710.2+395445,EW,EW,False,False,80.60583671961581,57.8869597340229,16852,True,False,False
3435,CSS_J164021.4+352125,EW,EW,False,False,91.89139268562985,47.96823051348356,16852,True,False,False
3436,CSS_J165523.0+494753,EW,EW,False,False,10.23272995936461,29.589951976357593,16852,True,False,False
3437,CSS_J020006.3+075620,EW,EW,False,False,28.038418913926854,4.506834133727374,16852,True,False,False
3438,CSS_J210118.1+022921,EA,EW,True,False,72.35872235872236,73.95577395577395,2597,True,False,False
3439,CSS_J082301.9+295637,EA,EA,False,False,75.92137592137593,48.28009828009828,2597,True,False,False
3440,CSS_J045427.2+114401,EW,EW,False,False,39.8042113040266,90.3029183598079,16852,True,False,False
3441,CSS_J055036.9-171757,RRc,EW,True,False,82.22698072805139,53.747323340471084,2917,True,False,False
3442,CSS_J111654.5+182114,EW,EW,False,False,95.97340229035834,96.39822681935722,16852,True,False,False
3443,CSS_J234116.3+392234,EA,EA,False,False,2.5798525798525795,0.12285012285012285,2597,True,False,False
3444,CSS_J021908.5+155646,RS CVn,RS CVn,False,True,3.308823529411765,1.4705882352941175,846,True,False,False
3445,CSS_J223720.2+332817,EA,EA,False,False,7.371007371007371,48.157248157248155,2597,True,False,False
3446,CSS_J075840.9+050255,EA,EW,True,False,94.5945945945946,88.82063882063882,2597,True,False,False
3447,CSS_J113614.7+304205,EA,EA,False,False,39.926289926289925,63.51351351351351,2597,True,False,False
3448,CSS_J080539.2+431315,EW,EW,False,False,87.16291097155523,73.43923162172146,16852,True,False,False
3449,CSS_J071732.8+331711,EW,EW,False,False,51.68082748429996,26.376062061322497,16852,True,False,False
3450,CSS_J074621.4+153425,RRc,RRc,False,False,32.54817987152035,4.925053533190578,2917,True,False,False
3451,CSS_J121723.4+012852,EW,EW,False,False,61.137790912449205,90.82009604728482,16852,True,False,False
3452,CSS_J172124.4+333356,EW,EW,False,False,54.229774658293316,68.91392685629849,16852,True,False,False
3453,CSS_J141715.0+305453,RRc,RRc,False,False,0.10706638115631692,3.1049250535331905,2917,True,False,False
3454,CSS_J232039.7+214214,EW,EW,False,False,42.463982268193575,74.27041004802363,16852,True,False,False
3455,CSS_J215449.5+162405,EW,EW,False,False,64.03768008865903,54.06353897303288,16852,True,False,False
3456,CSS_J070625.2+352523,EW,EW,False,False,93.9970446989287,84.15219800517177,16852,True,False,False
3457,CSS_J035858.0+221657,EW,EW,False,False,82.21278167713336,36.73808644255633,16852,True,False,False
3458,CSS_J035436.5-053959,EA,EA,False,False,9.950859950859952,18.796068796068795,2597,True,False,False
3459,CSS_J053013.0+114624,EW,EW,False,False,52.95530107129663,83.70890284447728,16852,True,False,False
3460,CSS_J173858.3+275129,RRab,RRab,False,False,74.11167512690355,6.345177664974619,1249,True,False,False
3461,CSS_J045227.4+215218,EW,EW,False,False,63.81603250831178,25.544883635020316,16852,True,False,False
3462,CSS_J045114.3-084725,EW,EW,False,False,17.39933505725896,87.62467676394533,16852,True,False,False
3463,CSS_J094203.6+290516,EW,RRc,True,False,53.324713705208715,58.31178426302179,16852,True,False,False
3464,CSS_J224756.6+312038,RRc,RRc,False,False,42.184154175588866,87.79443254817987,2917,True,False,False
3465,CSS_J044500.0-062055,EW,EW,False,False,83.61654968599926,30.291835980790545,16852,True,False,False
3466,CSS_J092144.8+151429,EW,EW,False,False,72.62652382711488,48.81787957148134,16852,True,False,False
3467,CSS_J032242.5+185324,EA,EA,False,False,99.14004914004913,92.13759213759214,2597,True,False,False
3468,CSS_J005436.1+333429,EA,EA,False,False,7.73955773955774,30.0982800982801,2597,True,False,False
3469,CSS_J052210.7+041943,EW,EW,False,False,59.84484669375693,4.48836350203177,16852,True,False,False
3470,CSS_J022704.8+400328,EW,EW,False,False,14.554857776135943,23.882526782415958,16852,True,False,False
3471,CSS_J221821.6+202350,EA,EA,False,False,17.936117936117938,25.429975429975432,2597,True,False,False
3472,CSS_J174000.5+315811,EA,EA,False,False,82.55528255528255,58.96805896805897,2597,True,False,False
3473,CSS_J045626.5+043242,EW,EW,False,False,74.27041004802363,84.7063169560399,16852,True,False,False
3474,CSS_J152214.2+152852,RRc,RRc,False,False,31.905781584582442,23.87580299785867,2917,True,False,False
3475,CSS_J203854.5-092702,EW,EW,False,False,66.93756926486886,45.95493165866273,16852,True,False,False
3476,CSS_J154612.8+343539,EW,EW,False,False,3.158478019948282,4.045068341337274,16852,True,False,False
3477,CSS_J150459.5-145959,EW,EW,False,False,68.9878093830809,79.36830439601034,16852,True,False,False
3478,CSS_J230147.3+321352,EW,EW,False,False,17.95345400812708,41.725157000369414,16852,True,False,False
3479,CSS_J082536.9-010458,EW,EW,False,False,38.880679719246395,36.46102696712227,16852,True,False,False
3480,CSS_J163612.1+155853,EA,EA,False,False,10.319410319410318,39.80343980343981,2597,True,False,False
3481,CSS_J042224.2+043338,EW,EW,False,False,88.8622090875508,53.76800886590322,16852,True,False,False
3482,CSS_J050321.7+063541,EW,EW,False,False,21.72146287403029,7.665312153675656,16852,True,False,False
3483,CSS_J225135.6+381228,EW,EW,False,False,38.01256002955301,19.190986331732546,16852,True,False,False
3484,CSS_J042456.7+204513,EW,EA,True,False,94.10786848910233,68.87698559290727,16852,True,False,False
3485,CSS_J154449.4-080116,RRab,RRab,False,False,60.15228426395939,82.48730964467005,1249,True,False,False
3486,CSS_J211615.7-084237,EW,EW,False,False,41.632803841891395,33.727373476172886,16852,True,False,False
3487,CSS_J230147.7-102426,EA,EA,False,False,40.04914004914005,62.039312039312044,2597,True,False,False
3488,CSS_J154043.0+243740,EW,RS CVn,True,False,88.28961950498707,91.76209826376062,16852,True,False,False
3489,CSS_J151823.7+262341,RS CVn,RS CVn,False,True,25.735294117647058,24.63235294117647,846,True,False,False
3490,CSS_J004632.4+302517,EW,EW,False,False,81.21536756557074,84.55855190247506,16852,True,False,False
3491,CSS_J130103.1-080756,EW,EW,False,False,66.14333210195788,35.03878832656076,16852,True,False,False
3492,CSS_J223005.8+252443,EA,EW,True,False,55.28255528255528,33.29238329238329,2597,True,False,False
3493,CSS_J211850.7-190935,EW,EW,False,False,41.2079793128925,36.70114517916513,16852,True,False,False
3494,CSS_J082208.7+570853,EA,EW,True,False,85.38083538083538,83.16953316953317,2597,True,False,False
3495,CSS_J092520.6+015540,RRc,RRc,False,False,74.30406852248393,62.098501070663815,2917,True,False,False
3496,CSS_J032352.5+181232,EW,EW,False,False,74.9907646841522,91.61433321019578,16852,True,False,False
3497,CSS_J084422.5-034905,EA,EA,False,False,9.45945945945946,27.395577395577398,2597,True,False,False
3498,CSS_J062220.2-092920,EW,EW,False,False,90.94939046915404,81.71407462135205,16852,True,False,False
3499,CSS_J121848.2+174946,EA,EA,False,False,21.4987714987715,41.891891891891895,2597,True,False,False
3500,CSS_J075911.2+440419,EA,EA,False,False,42.50614250614251,75.18427518427518,2597,True,False,False
3501,CSS_J163245.5+324051,RRc,RRc,False,False,40.471092077087796,62.20556745182013,2917,True,False,False
3502,CSS_J171927.6+361419,EW,EW,False,False,72.29405245659402,13.446619874399705,16852,True,False,False
3503,CSS_J090656.1-121719,EW,EW,False,False,81.91725157000369,48.39305504248245,16852,True,False,False
3504,CSS_J053621.5-132429,EW,EW,False,False,49.77835241965275,41.466568156630956,16852,True,False,False
3505,CSS_J212136.7+044432,RS CVn,EW,True,True,5.514705882352941,2.2058823529411766,846,True,False,False
3506,CSS_J205156.7-175026,EW,EW,False,False,88.27114887329147,82.48984115256742,16852,True,False,False
3507,CSS_J094708.8-093900,EW,EW,False,False,73.86405615072036,74.62135205024012,16852,True,False,False
3508,CSS_J100229.0+105949,EW,EW,False,False,50.18470631695604,14.370151459179903,16852,True,False,False
3509,CSS_J092628.4+115533,EA,EA,False,False,50.0,79.60687960687962,2597,True,False,False
3510,CSS_J075130.7+401237,EW,EW,False,False,69.76357591429627,29.71924639822682,16852,True,False,False
3511,CSS_J092043.6+183946,EW,EW,False,False,65.10897672700406,31.65866272626524,16852,True,False,False
3512,CSS_J210504.0+135106,EW,RRc,True,False,52.91835980790543,98.46693756926487,16852,True,False,False
3513,CSS_J064858.4+562609,EW,EW,False,False,8.330254894717399,68.32286664203916,16852,True,False,False
3514,CSS_J084222.2+041155,EW,RRc,True,False,59.623199113409676,51.311414850387884,16852,True,False,False
3515,CSS_J235758.8+195317,EW,EW,False,False,57.22201699298116,46.34281492427041,16852,True,False,False
3516,CSS_J123840.0+001911,EW,EW,False,False,58.09013668267454,55.929072774288876,16852,True,False,False
3517,CSS_J072854.4+325232,EW,EW,False,False,46.693756926486884,40.22903583302549,16852,True,False,False
3518,CSS_J172200.3+084950,EW,EW,False,False,38.4373845585519,35.6298485408201,16852,True,False,False
3519,CSS_J041251.7+235206,EW,EW,False,False,88.25267824159586,45.54857776135944,16852,True,False,False
3520,CSS_J172112.3+265550,LPV,RS CVn,True,False,95.40229885057471,96.55172413793103,281,True,False,False
3521,CSS_J045552.4+145543,RRab,RRab,False,False,90.86294416243655,73.85786802030458,1249,True,False,False
3522,CSS_J032135.5+294740,EA,EA,False,False,80.0982800982801,51.22850122850123,2597,True,False,False
3523,CSS_J230016.3+324208,EW,EW,False,False,93.40598448466937,66.10639083856668,16852,True,False,False
3524,CSS_J071706.6+532712,EA,EA,False,False,86.60933660933661,94.84029484029483,2597,True,False,False
3525,CSS_J081447.2+125934,EW,EW,False,False,50.57258958256372,51.03435537495382,16852,True,False,False
3526,CSS_J085459.6+080937,EW,EW,False,False,66.30956778721833,93.36904322127818,16852,True,False,False
3527,CSS_J013216.3+082957,EW,EW,False,False,56.15072035463613,42.63021795345401,16852,True,False,False
3528,CSS_J043036.4-113905,EW,EA,True,False,79.6823051348356,43.36904322127817,16852,True,False,False
3529,CSS_J022745.6+245141,EW,EW,False,False,51.34835611377909,43.57222016992981,16852,True,False,False
3530,CSS_J233821.8+200518,EW,EW,False,False,53.04765422977466,26.671592168452165,16852,True,False,False
3531,CSS_J025045.4+251253,EW,EW,False,False,34.66937569264869,29.275951237532322,16852,True,False,False
3532,CSS_J083441.9-044136,EW,EW,False,False,11.932028075360178,9.715552271887699,16852,True,False,False
3533,CSS_J080458.9+000750,EW,EW,False,False,47.765053564831916,68.1012190616919,16852,True,False,False
3534,CSS_J033936.5+083443,EW,EW,False,False,77.2811230144071,53.04765422977466,16852,True,False,False
3535,CSS_J220128.5+004712,RS CVn,RS CVn,False,True,86.02941176470588,78.30882352941177,846,True,False,False
3536,CSS_J001445.6+310402,EW,EW,False,False,7.092722571111933,7.148134466198744,16852,True,False,False
3537,CSS_J144054.4+391522,EW,EW,False,False,20.779460657554488,17.78721832286664,16852,True,False,False
3538,CSS_J045307.3+175337,EW,EW,False,False,66.60509789434799,39.878093830809014,16852,True,False,False
3539,CSS_J172144.6+543333,EW,EW,False,False,84.48466937569265,91.09715552271888,16852,True,False,False
3540,CSS_J085348.9+212928,EA,EA,False,False,57.125307125307124,42.997542997543,2597,True,False,False
3541,CSS_J212058.4+055831,RRc,RRc,False,False,58.02997858672377,37.25910064239829,2917,True,False,False
3542,CSS_J181907.8+472230,EW,EW,False,False,7.831547838936091,42.51939416328038,16852,True,False,False
3543,CSS_J062433.3+465852,EW,EW,False,False,21.130402659770965,10.657554488363502,16852,True,False,False
3544,CSS_J233201.0+435146,RRab,RRab,False,False,31.218274111675125,58.37563451776649,1249,True,False,False
3545,CSS_J204511.6-035559,EW,EW,False,False,54.71001108237902,2.8075360177318065,16852,True,False,False
3546,CSS_J234850.3+133300,EA,EA,False,False,44.840294840294845,83.29238329238329,2597,True,False,False
3547,CSS_J080638.4+011830,EW,EW,False,False,13.15108976727004,19.892870336165497,16852,True,False,False
3548,CSS_J033218.0+072239,EW,EW,False,False,52.93683043960103,17.86110084964906,16852,True,False,False
3549,CSS_J081738.6+093707,EW,EW,False,False,26.117473217584042,13.298854820834874,16852,True,False,False
3550,CSS_J163414.9+233001,EW,EW,False,False,3.084595493165866,50.29553010712966,16852,True,False,False
3551,CSS_J212338.8+015836,RRc,RRc,False,False,57.49464668094218,57.92291220556746,2917,True,False,False
3552,CSS_J053051.2+030106,EW,RS CVn,True,False,95.47469523457703,75.0092353158478,16852,True,False,False
3553,CSS_J072033.0+493153,EW,EW,False,False,79.77465829331362,12.135205024011821,16852,True,False,False
3554,CSS_J083651.6+320434,EW,EW,False,False,51.533062430735136,70.57628370890285,16852,True,False,False
3555,CSS_J204028.7-121216,LPV,LPV,False,False,2.2988505747126435,12.643678160919542,281,True,False,False
3556,CSS_J115126.0+183240,RRc,RRc,False,False,9.207708779443255,22.591006423982872,2917,True,False,False
3557,CSS_J154044.4-163917,EW,EW,False,False,61.913557443664565,73.1991134096786,16852,True,False,False
3558,CSS_J221344.9+272058,EW,EW,False,False,0.24011821204285186,9.937199852234945,16852,True,False,False
3559,CSS_J001719.6-061245,EW,EW,False,False,22.55264130033247,9.327669006280015,16852,True,False,False
3560,CSS_J082536.9-070045,EW,EW,False,False,84.42925748060584,83.91207979312892,16852,True,False,False
3561,CSS_J145017.9+045734,EA,EA,False,False,83.41523341523342,67.56756756756756,2597,True,False,False
3562,CSS_J110033.9+154838,EW,EW,False,False,26.283708902844477,16.494274104174362,16852,True,False,False
3563,CSS_J133844.0+143351,EW,EW,False,False,18.969338751385298,17.27004063538973,16852,True,False,False
3564,CSS_J061122.2-110333,EW,EW,False,False,33.28407831547839,55.171776874769115,16852,True,False,False
3565,CSS_J233051.0+395654,EW,EW,False,False,13.28038418913927,14.591799039527151,16852,True,False,False
3566,CSS_J161623.5+203827,EW,EW,False,False,58.23790173623939,70.68710749907648,16852,True,False,False
3567,CSS_J010716.7+410918,EW,EW,False,False,33.08090136682675,26.20982637606206,16852,True,False,False
3568,CSS_J172817.1+293523,EW,EW,False,False,23.217584041374213,79.14665681566309,16852,True,False,False
3569,CSS_J070456.4+501454,EW,EW,False,False,44.51422238640561,31.991134096786112,16852,True,False,False
3570,CSS_J142921.2+012711,LPV,LPV,False,False,11.494252873563218,4.597701149425287,281,True,False,False
3571,CSS_J143601.0+025503,EW,EW,False,False,24.214998152936833,29.31289250092353,16852,True,False,False
3572,CSS_J001950.2+364107,EW,EW,False,False,39.39785740672331,23.531584780199484,16852,True,False,False
3573,CSS_J110951.0+533253,EW,EW,False,False,71.00110823790173,38.73291466568157,16852,True,False,False
3574,CSS_J205730.7+042956,EW,EW,False,False,91.94680458071666,81.88031030661249,16852,True,False,False
3575,CSS_J075811.5+602257,RRd,RRc,True,True,30.58823529411765,44.70588235294118,258,True,False,False
3576,CSS_J131257.2+180740,RRab,RRab,False,False,22.081218274111674,36.29441624365482,1249,True,False,False
3577,CSS_J131817.1+005450,EA,EA,False,False,82.18673218673219,43.611793611793615,2597,True,False,False
3578,CSS_J155601.2-122441,EW,EW,False,False,28.05688954562246,83.09937199852236,16852,True,False,False
3579,CSS_J050526.4+101740,EW,EA,True,False,92.24233468784632,46.80458071666051,16852,True,False,False
3580,CSS_J212724.7-130238,RRc,RRc,False,False,41.32762312633833,50.107066381156315,2917,True,False,False
3581,CSS_J031216.8+102448,EW,EW,False,False,33.43184336904322,34.02290358330255,16852,True,False,False
3582,CSS_J151817.3+121515,EW,EW,False,False,37.199852234946434,25.84041374214998,16852,True,False,False
3583,CSS_J205248.5-125242,EW,EW,False,False,32.489841152567415,44.64351680827484,16852,True,False,False
3584,CSS_J065627.2+450255,EW,EW,False,False,2.7151828592537863,13.52050240118212,16852,True,False,False
3585,CSS_J035625.3+354617,EW,RS CVn,True,False,86.53490949390469,96.3243442925748,16852,True,False,False
3586,CSS_J004549.8+405438,EW,EW,False,False,12.024381233838197,71.49981529368304,16852,True,False,False
3587,CSS_J145536.9+123833,EW,EW,False,False,94.64351680827484,96.67528629479129,16852,True,False,False
3588,CSS_J215628.6-115408,RRc,RRc,False,False,9.957173447537473,6.209850107066381,2917,True,False,False
3589,CSS_J225129.9+361858,EW,EW,False,False,55.91060214259328,28.592537864794977,16852,True,False,False
3590,CSS_J043704.3+170537,EW,EW,False,False,75.19394163280384,86.6087920206871,16852,True,False,False
3591,CSS_J020428.6+404436,EW,EW,False,False,45.86257850018471,75.84041374214998,16852,True,False,False
3592,CSS_J221458.0+145946,EW,EW,False,False,34.85408200960473,56.61248614702623,16852,True,False,False
3593,CSS_J041847.2-101028,RRc,RRc,False,False,26.98072805139186,37.152034261241965,2917,True,False,False
3594,CSS_J082328.3+373101,EA,EW,True,False,76.53562653562653,70.27027027027027,2597,True,False,False
3595,CSS_J164739.9+200126,EW,EW,False,False,30.531954192833393,36.18396749168822,16852,True,False,False
3596,CSS_J071853.8+414438,EA,EA,False,False,73.58722358722358,74.69287469287468,2597,True,False,False
3597,CSS_J012327.6+350730,EW,EW,False,False,6.427779830070188,17.620982637606204,16852,True,False,False
3598,CSS_J212713.7+011751,EW,EW,False,False,79.14665681566309,84.24455116364979,16852,True,False,False
3599,CSS_J023601.9+410516,EW,EW,False,False,0.9050609530845956,31.86183967491688,16852,True,False,False
3600,CSS_J165618.4+161138,EW,EW,False,False,24.95382342076099,74.32582194311045,16852,True,False,False
3601,CSS_J070609.5+382317,RRc,RRc,False,False,48.92933618843683,29.1220556745182,2917,True,False,False
3602,CSS_J045939.9-073915,EW,EW,False,False,36.682674547469524,39.37938677502771,16852,True,False,False
3603,CSS_J130719.9-041140,EW,EW,False,False,76.91171038049501,31.030661248614706,16852,True,False,False
3604,CSS_J043101.5+204008,RS CVn,RS CVn,False,True,84.92647058823529,87.86764705882352,846,True,False,False
3605,CSS_J084410.2+363329,EW,EW,False,False,78.11230144070927,80.1071296638345,16852,True,False,False
3606,CSS_J070134.4+360945,EW,EW,False,False,38.08644255633543,27.225711119320277,16852,True,False,False
3607,CSS_J085941.2+212838,EW,EW,False,False,98.39305504248246,84.11525674178057,16852,True,False,False
3608,CSS_J070610.3+421050,EW,EW,False,False,46.084226080531955,29.553010712966383,16852,True,False,False
3609,CSS_J053108.3-063026,RRab,EW,True,False,93.65482233502537,89.59390862944161,1249,True,False,False
3610,CSS_J012642.1+340641,RRc,RRc,False,False,68.4154175588865,85.54603854389723,2917,True,False,False
3611,CSS_J015307.8+053929,EW,EW,False,False,22.016992981159955,61.50720354636129,16852,True,False,False
3612,CSS_J075919.9+095409,EW,EW,False,False,91.2449205762837,92.83339490210565,16852,True,False,False
3613,CSS_J091733.5-193412,EA,EA,False,False,17.076167076167074,4.176904176904177,2597,True,False,False
3614,CSS_J220811.1+120629,EW,EW,False,False,98.31917251570003,80.08865903213889,16852,True,False,False
3615,CSS_J071146.2+351247,EW,EW,False,False,83.3210195788696,1.5884743258219431,16852,True,False,False
3616,CSS_J163859.7+451255,EW,EW,False,False,60.731437015145914,3.93424455116365,16852,True,False,False
3617,CSS_J172042.2+295545,EW,EW,False,False,75.65570742519394,26.394532693018103,16852,True,False,False
3618,CSS_J091451.0-092601,RS CVn,EW,True,True,33.82352941176471,53.30882352941176,846,True,False,False
3619,CSS_J165523.6+452513,EW,EW,False,False,8.071666050978942,60.36202438123384,16852,True,False,False
3620,CSS_J082407.1+132040,EW,RRc,True,False,88.40044329516068,93.94163280384188,16852,True,False,False
3621,CSS_J044501.5-171347,EA,EA,False,False,54.17690417690417,90.9090909090909,2597,True,False,False
3622,CSS_J015836.6+200407,EA,EA,False,False,64.86486486486487,33.169533169533175,2597,True,False,False
3623,CSS_J171057.0+231736,EW,EW,False,False,86.18396749168822,21.38899150350942,16852,True,False,False
3624,CSS_J052145.8+011058,EW,EW,False,False,98.44846693756926,97.28481714074621,16852,True,False,False
3625,CSS_J033558.5+322314,EW,EW,False,False,69.9482822312523,36.95973402290358,16852,True,False,False
3626,CSS_J071634.4+452512,EA,EA,False,False,58.84520884520884,31.203931203931205,2597,True,False,False
3627,CSS_J015645.8+323602,RS CVn,RS CVn,False,True,66.91176470588235,47.05882352941176,846,True,False,False
3628,CSS_J013306.4+110751,EW,EW,False,False,8.200960472848172,3.768008865903214,16852,True,False,False
3629,CSS_J082510.4-021010,EW,EW,False,False,99.5751754710011,85.77761359438493,16852,True,False,False
3630,CSS_J005100.4+292508,EW,EW,False,False,61.65496859992612,73.34687846324344,16852,True,False,False
3631,CSS_J072221.1+472633,EW,EW,False,False,75.63723679349835,50.72035463612855,16852,True,False,False
3632,CSS_J172729.0+310742,EW,EW,False,False,47.54340598448467,20.262282970077578,16852,True,False,False
3633,CSS_J164549.4+063901,EW,EW,False,False,3.417066863686738,10.916143332101957,16852,True,False,False
3634,CSS_J215837.9+062051,EA,EA,False,False,26.78132678132678,5.773955773955774,2597,True,False,False
3635,CSS_J052902.7-143227,EW,EW,False,False,8.551902475064647,26.52382711488733,16852,True,False,False
3636,CSS_J150921.8-125251,EW,EW,False,False,48.87329146656816,40.00738825267825,16852,True,False,False
3637,CSS_J045446.6+033853,EW,EW,False,False,11.61802733653491,62.06132249722941,16852,True,False,False
3638,CSS_J090015.8+080513,EW,EW,False,False,44.403398596231995,71.85075729589951,16852,True,False,False
3639,CSS_J141237.7+090053,RRd,RRc,True,True,5.88235294117647,5.88235294117647,258,True,False,False
3640,CSS_J110703.7+270407,RRc,RRc,False,False,24.089935760171304,30.620985010706637,2917,True,False,False
3641,CSS_J110927.2-110836,RRc,RRd,True,False,80.29978586723769,85.97430406852249,2917,True,False,False
3642,CSS_J151835.6+335655,EW,EW,False,False,32.24972294052456,27.742888806797193,16852,True,False,False
3643,CSS_J011542.9+285000,EA,EW,True,False,62.53071253071253,71.13022113022113,2597,True,False,False
3644,CSS_J233204.1+380347,EW,EW,False,False,25.969708164019213,17.750277059475433,16852,True,False,False
3645,CSS_J010354.1+300324,EW,EW,False,False,69.72663465090505,44.403398596231995,16852,True,False,False
3646,CSS_J075843.9+135015,EA,EA,False,False,33.169533169533175,29.85257985257985,2597,True,False,False
3647,CSS_J071732.7+511207,EW,EW,False,False,49.40893978574067,19.468045807166607,16852,True,False,False
3648,CSS_J060758.5-062855,EW,EW,False,False,46.87846324344292,75.63723679349835,16852,True,False,False
3649,CSS_J144458.2+231306,EW,EW,False,False,93.36904322127818,55.24565940155153,16852,True,False,False
3650,CSS_J060527.8-120329,EW,EW,False,False,48.614702622829704,47.58034724787588,16852,True,False,False
3651,CSS_J174134.4+361608,EW,EW,False,False,24.048762467676394,60.1588474325822,16852,True,False,False
3652,CSS_J085841.3+410424,EW,EW,False,False,7.77613594384928,12.633912079793127,16852,True,False,False
3653,CSS_J100342.4-065658,EW,EW,False,False,18.0642777983007,61.72885112670853,16852,True,False,False
3654,CSS_J162153.7+331813,RRc,RRc,False,False,67.77301927194861,92.82655246252676,2917,True,False,False
3655,CSS_J233427.4+433301,LPV,LPV,False,False,96.55172413793103,97.70114942528735,281,True,False,False
3656,CSS_J215150.0+041952,EW,EW,False,False,11.267085334318434,18.913926856298485,16852,True,False,False
3657,CSS_J025657.2+382431,EW,EW,False,False,28.647949759881786,24.048762467676394,16852,True,False,False
3658,CSS_J213325.3-181259,EW,EW,False,False,74.89841152567418,67.584041374215,16852,True,False,False
3659,CSS_J163626.1-073059,RRab,EW,True,False,73.3502538071066,38.83248730964467,1249,True,False,False
3660,CSS_J162818.1+462353,RRab,EW,True,False,90.35532994923858,74.11167512690355,1249,True,False,False
3661,CSS_J071924.1+521510,EW,EW,False,False,45.603989656446245,4.525304765422977,16852,True,False,False
3662,CSS_J170157.8+050542,EW,EW,False,False,15.478389360916141,35.29737717029923,16852,True,False,False
3663,CSS_J171457.3+523705,EW,EW,False,False,3.4909493904691544,8.902844477281123,16852,True,False,False
3664,CSS_J113202.5+155243,LPV,LPV,False,False,4.597701149425287,1.1494252873563218,281,True,False,False
3665,CSS_J084422.0-042428,EW,EW,False,False,2.087181381603251,30.772072404876248,16852,True,False,False
3666,CSS_J021314.9+095751,EA,EA,False,False,12.285012285012286,29.72972972972973,2597,True,False,False
3667,CSS_J084812.7+002105,EW,EW,False,False,39.878093830809014,70.65016623568526,16852,True,False,False
3668,CSS_J155558.4+391142,EW,EW,False,False,33.45031400073882,8.588843738455855,16852,True,False,False
3669,CSS_J030915.5+374157,EA,EW,True,False,65.84766584766585,69.53316953316954,2597,True,False,False
3670,CSS_J035757.4+312237,EA,EA,False,False,83.66093366093365,93.61179361179362,2597,True,False,False
3671,CSS_J024653.9+372944,EA,EA,False,False,15.233415233415235,5.651105651105651,2597,True,False,False
3672,CSS_J044505.1+241221,EA,EA,False,False,12.530712530712531,65.84766584766585,2597,True,False,False
3673,CSS_J202655.3-084530,EW,EW,False,False,51.05282600664943,73.21758404137422,16852,True,False,False
3674,CSS_J043745.6-101300,EW,EW,False,False,68.59992611747322,84.44772811230145,16852,True,False,False
3675,CSS_J080048.1+360721,EA,EA,False,False,74.44717444717445,81.81818181818183,2597,True,False,False
3676,CSS_J144147.8-044040,RRab,RRab,False,False,86.80203045685279,81.21827411167513,1249,True,False,False
3677,CSS_J224326.0+154532,EW,EW,False,False,21.85075729589952,25.04617657923901,16852,True,False,False
3678,CSS_J055919.1+050123,EW,EW,False,False,27.133357960842257,82.63760620613225,16852,True,False,False
3679,CSS_J175239.0+434930,EW,EW,False,False,96.02881418544514,97.46952345770225,16852,True,False,False
3680,CSS_J090100.8-055616,EW,EW,False,False,49.98152936830439,72.201699298116,16852,True,False,False
3681,CSS_J205724.9+130902,EW,EW,False,False,84.09678611008496,64.48097524935352,16852,True,False,False
3682,CSS_J225730.3+220404,RRc,RRc,False,False,26.552462526766597,60.27837259100642,2917,True,False,False
3683,CSS_J095706.7+032641,EA,EW,True,False,94.22604422604422,67.81326781326781,2597,True,False,False
3684,CSS_J125440.6+514022,RRab,RRc,True,False,83.50253807106598,57.61421319796954,1249,True,False,False
3685,CSS_J223751.9-031610,RRc,RRc,False,False,30.728051391862955,34.90364025695932,2917,True,False,False
3686,CSS_J164759.0+213634,EW,EW,False,False,58.367196158108605,56.70483930550425,16852,True,False,False
3687,CSS_J035238.8+293902,RS CVn,EW,True,True,88.23529411764706,94.11764705882352,846,True,False,False
3688,CSS_J142900.5+094105,RS CVn,EW,True,True,94.85294117647058,65.80882352941177,846,True,False,False
3689,CSS_J033907.6+370555,EW,EW,False,False,24.104174362763207,56.68636867380864,16852,True,False,False
3690,CSS_J225323.2+091757,EA,EA,False,False,55.4054054054054,39.189189189189186,2597,True,False,False
3691,CSS_J225933.0-144336,EW,EW,False,False,30.67971924639823,32.71148873291467,16852,True,False,False
3692,CSS_J215659.1+203035,EW,EW,False,False,54.6361285555966,0.9974141115626155,16852,True,False,False
3693,CSS_J084048.6+190445,EW,EW,False,False,42.076099002585885,64.18544514222387,16852,True,False,False
3694,CSS_J012147.0+220420,EW,EW,False,False,9.346139637975618,27.04100480236424,16852,True,False,False
3695,CSS_J154120.3-163705,EW,EW,False,False,28.98042113040266,73.97487994089398,16852,True,False,False
3696,CSS_J171049.7+012351,EW,EW,False,False,35.98079054303657,34.743258219431105,16852,True,False,False
3697,CSS_J165227.9+470504,RRc,RRc,False,False,15.310492505353318,40.25695931477516,2917,True,False,False
3698,CSS_J132312.5+032753,EW,EW,False,False,74.01182120428518,71.24122644994458,16852,True,False,False
3699,CSS_J041235.7+075310,RS CVn,EW,True,True,69.11764705882352,47.42647058823529,846,True,False,False
3700,CSS_J133901.8+044048,RRab,RRab,False,False,11.928934010152284,3.807106598984772,1249,True,False,False
3701,CSS_J021548.9+242734,EW,EW,False,False,34.35537495382342,23.900997414111565,16852,True,False,False
3702,CSS_J010759.2-093040,RRc,RRc,False,False,37.04496788008566,66.38115631691649,2917,True,False,False
3703,CSS_J163219.2-062530,EA,EW,True,False,89.43488943488943,92.26044226044226,2597,True,False,False
3704,CSS_J212943.6-040818,EA,EA,False,False,4.2997542997543,17.1990171990172,2597,True,False,False
3705,CSS_J045030.9+073530,EW,EW,False,False,34.78019948282231,23.586996675286294,16852,True,False,False
3706,CSS_J172930.9+143901,EW,EW,False,False,41.44809752493535,86.1100849649058,16852,True,False,False
3707,CSS_J104841.9+665100,RRab,RRab,False,False,70.81218274111674,43.90862944162436,1249,True,False,False
3708,CSS_J112907.0-030315,RRab,EW,True,False,78.93401015228426,76.14213197969542,1249,True,False,False
3709,CSS_J174452.7+431601,EW,EW,False,False,35.833025489471744,87.16291097155523,16852,True,False,False
3710,CSS_J173617.8+444507,EA,EA,False,False,34.52088452088452,32.30958230958231,2597,True,False,False
3711,CSS_J122559.4+500710,EA,EW,True,False,94.71744471744472,89.92628992628993,2597,True,False,False
3712,CSS_J150706.6-124745,RRc,RRc,False,False,61.9914346895075,45.93147751605996,2917,True,False,False
3713,CSS_J080456.3+293313,RS CVn,RS CVn,False,True,72.05882352941177,61.029411764705884,846,True,False,False
3714,CSS_J050318.8+191922,EW,EW,False,False,82.15736978204654,39.85962319911341,16852,True,False,False
3715,CSS_J081255.2+025446,RS CVn,EW,True,True,91.54411764705883,99.63235294117648,846,True,False,False
3716,CSS_J204720.2-103356,EW,EW,False,False,12.87403029183598,28.48171407462135,16852,True,False,False
3717,CSS_J150723.1-072615,RRab,RRab,False,False,47.46192893401015,52.03045685279187,1249,True,False,False
3718,CSS_J073238.7+410026,EW,EW,False,False,51.625415589213155,40.67233099371998,16852,True,False,False
3719,CSS_J215514.7+124300,EW,EW,False,False,69.32028075360176,37.99408939785741,16852,True,False,False
3720,CSS_J091300.0+070647,EW,EW,False,False,49.24270410048024,60.971555227188766,16852,True,False,False
3721,CSS_J213519.3+095025,EW,EW,False,False,89.74879940893979,45.659401551533065,16852,True,False,False
3722,CSS_J033959.7+335652,RRc,EW,True,False,92.93361884368309,92.3982869379015,2917,True,False,False
3723,CSS_J114321.3-142739,RRc,RRc,False,False,97.85867237687366,92.71948608137045,2917,True,False,False
3724,CSS_J040157.9+381349,EW,EW,False,False,22.903583302548945,16.6789804211304,16852,True,False,False
3725,CSS_J201741.1-121338,RRc,RRc,False,False,81.6916488222698,88.43683083511777,2917,True,False,False
3726,CSS_J162005.4+303027,EW,EW,False,False,0.5910602142593276,30.12560029553011,16852,True,False,False
3727,CSS_J101914.2+070109,EW,EW,False,False,29.36830439601034,64.86885851496122,16852,True,False,False
3728,CSS_J225118.9+411924,EW,EW,False,False,79.6084226080532,27.576653121536754,16852,True,False,False
3729,CSS_J071918.7+311254,EW,EW,False,False,82.78537125969709,29.220539342445512,16852,True,False,False
3730,CSS_J161954.7+344846,EW,EW,False,False,68.13816032508312,1.2190616919098634,16852,True,False,False
3731,CSS_J075537.7+213754,EW,EW,False,False,73.5685260435907,93.70151459179904,16852,True,False,False
3732,CSS_J180803.3+312149,EW,EW,False,False,75.50794237162911,24.15958625785002,16852,True,False,False
3733,CSS_J004013.7+234150,RRc,EW,True,False,59.100642398286936,79.01498929336188,2917,True,False,False
3734,CSS_J223605.3+183810,EA,EA,False,False,4.422604422604422,12.8992628992629,2597,True,False,False
3735,CSS_J210645.3-120546,EW,EW,False,False,43.405984484669375,48.762467676394536,16852,True,False,False
3736,CSS_J155358.7+072406,RRd,EW,True,True,98.82352941176471,98.82352941176471,258,True,True,False
3737,CSS_J042202.2+171446,EW,EW,False,False,18.87698559290728,59.14296268932397,16852,True,False,False
3738,CSS_J121336.2-143954,EW,EW,False,False,76.3575914296269,90.04432951606945,16852,True,False,False
3739,CSS_J220748.3+131640,EW,EW,False,False,73.1991134096786,3.417066863686738,16852,True,False,False
3740,CSS_J134128.8-113033,RRab,RRab,False,False,14.213197969543149,5.583756345177665,1249,True,False,False
3741,CSS_J091801.1+021452,EW,EW,False,False,65.31215367565571,27.02253417066864,16852,True,False,False
3742,CSS_J174544.0+591404,EW,EW,False,False,37.21832286664204,20.724048762467675,16852,True,False,False
3743,CSS_J080634.4-011910,EW,EW,False,False,56.72330993719985,61.98743997044699,16852,True,False,False
3744,CSS_J090038.6+004908,RS CVn,RS CVn,False,True,44.85294117647059,42.279411764705884,846,True,False,False
3745,CSS_J050022.3+165505,EW,EW,False,False,30.014776505356483,15.70003694126339,16852,True,False,False
3746,CSS_J162516.1+105225,EW,EW,False,False,94.49575175471001,69.09863317325453,16852,True,False,False
3747,CSS_J040754.8+345956,EW,EW,False,False,16.34650905060953,17.713335796084227,16852,True,False,False
3748,CSS_J173128.9+360227,EW,EW,False,False,48.70705578130772,21.610639083856668,16852,True,False,False
3749,CSS_J160139.8+032559,RRd,RRc,True,True,7.0588235294117645,25.882352941176475,258,True,False,False
3750,CSS_J210805.5-065415,RRc,RRc,False,False,46.03854389721627,28.051391862955033,2917,True,False,False
3751,CSS_J071343.4+481534,EA,EW,True,False,99.87714987714988,99.63144963144963,2597,True,True,False
3752,CSS_J104806.2-171815,RRab,RRab,False,False,58.121827411167516,53.045685279187815,1249,True,False,False
3753,CSS_J114639.2-110701,EW,EW,False,False,80.5688954562246,95.06834133727374,16852,True,False,False
3754,CSS_J034702.8-033600,EW,EW,False,False,85.98079054303656,59.383080901366824,16852,True,False,False
3755,CSS_J215437.3+063939,EW,EW,False,False,88.82526782415958,57.57295899519763,16852,True,False,False
3756,CSS_J043215.1+031721,EW,EW,False,False,81.60325083117843,62.11673439231622,16852,True,False,False
3757,CSS_J213932.7+080623,EW,EW,False,False,89.58256372367936,23.10676025120059,16852,True,False,False
3758,CSS_J104341.3+052246,RRc,EW,True,False,91.22055674518201,75.58886509635975,2917,True,False,False
3759,CSS_J052042.9+202532,EW,EW,False,False,70.98263760620614,10.805319541928334,16852,True,False,False
3760,CSS_J172607.8+115438,EW,EW,False,False,57.53601773180643,82.12042851865534,16852,True,False,False
3761,CSS_J055256.5+020619,EW,EW,False,False,50.49870705578131,77.41041743627632,16852,True,False,False
3762,CSS_J203222.8-122138,RRc,RRc,False,False,45.82441113490364,30.19271948608137,2917,True,False,False
3763,CSS_J040256.5+244141,EW,EW,False,False,56.760251200591064,55.11636497968231,16852,True,False,False
3764,CSS_J235353.8-192308,EW,EW,False,False,91.6697451052826,94.80975249353529,16852,True,False,False
3765,CSS_J170352.7+550820,EW,EW,False,False,21.14887329146657,97.17399335057259,16852,True,False,False
3766,CSS_J042135.4-140108,EW,EW,False,False,90.87550794237163,50.73882526782416,16852,True,False,False
3767,CSS_J085240.1-044726,RRc,RRc,False,False,75.48179871520342,77.73019271948608,2917,True,False,False
3768,CSS_J053116.4-015605,EW,EW,False,False,53.2693018101219,94.55116364979682,16852,True,False,False
3769,CSS_J235502.5+004807,EW,EW,False,False,16.25415589213151,53.97118581455486,16852,True,False,False
3770,CSS_J085500.7+382004,EA,EA,False,False,2.7027027027027026,7.125307125307126,2597,True,False,False
3771,CSS_J210341.0-103343,RS CVn,EW,True,True,81.98529411764706,85.66176470588235,846,True,False,False
3772,CSS_J090149.9-081150,EA,EA,False,False,79.60687960687962,84.64373464373465,2597,True,False,False
3773,CSS_J153731.2+044113,EW,EW,False,False,4.155892131510898,24.67676394532693,16852,True,False,False
3774,CSS_J150121.7+410241,EW,EW,False,False,75.39711858145549,28.99889176209826,16852,True,False,False
3775,CSS_J081311.9+004331,EW,EW,False,False,18.267454746952346,50.70188400443295,16852,True,False,False
3776,CSS_J032954.1+380144,EW,EW,False,False,68.23051348356114,73.93793867750277,16852,True,False,False
3777,CSS_J154052.7+021711,EW,EW,False,False,81.86183967491688,92.55633542667158,16852,True,False,False
3778,CSS_J031626.5+290753,EW,EW,False,False,54.37753971185815,63.00332471370521,16852,True,False,False
3779,CSS_J212407.3+132758,EW,EW,False,False,49.612116734392316,74.0487624676764,16852,True,False,False
3780,CSS_J165233.2+042525,RRc,RRc,False,False,13.704496788008566,9.207708779443255,2917,True,False,False
3781,CSS_J100357.2-123225,EW,EW,False,False,47.21093461396379,81.40007388252678,16852,True,False,False
3782,CSS_J114635.6+230743,RRc,RRc,False,False,17.66595289079229,30.728051391862955,2917,True,False,False
3783,CSS_J135540.6+011010,RRab,RRab,False,False,78.1725888324873,80.20304568527918,1249,True,False,False
3784,CSS_J232506.4+364429,EW,EW,False,False,5.171776874769117,46.7676394532693,16852,True,False,False
3785,CSS_J213738.8+242520,RRc,EW,True,False,62.84796573875803,83.19057815845824,2917,True,False,False
3786,CSS_J042351.5+323854,EW,EW,False,False,50.66494274104174,53.67565570742519,16852,True,False,False
3787,CSS_J214625.6+182456,EW,EW,False,False,5.707425193941633,14.68415219800517,16852,True,False,False
3788,CSS_J123900.5+313411,EW,EW,False,False,2.4750646472109348,35.51902475064647,16852,True,False,False
3789,CSS_J231354.0+281314,EW,EW,False,False,64.70262282970077,10.823790173623937,16852,True,False,False
3790,CSS_J212548.2-081642,RRab,EW,True,False,95.93908629441624,85.78680203045685,1249,True,False,False
3791,CSS_J042439.4+222127,EW,EW,False,False,99.27964536387145,97.30328777244182,16852,True,False,False
3792,CSS_J154815.6-121844,EW,EW,False,False,29.571481344661986,43.997044698928704,16852,True,False,False
3793,CSS_J010327.6+283548,EW,EW,False,False,14.924270410048024,39.54562246028814,16852,True,False,False
3794,CSS_J140551.7-041839,RRab,RRab,False,False,11.16751269035533,13.19796954314721,1249,True,False,False
3795,CSS_J155259.0+132419,EA,EW,True,False,95.57739557739558,80.0982800982801,2597,True,False,False
3796,CSS_J125119.6+021953,EW,EW,False,False,43.75692648688585,38.880679719246395,16852,True,False,False
3797,CSS_J042052.5+330040,EW,EW,False,False,45.77022534170669,60.69449575175471,16852,True,False,False
3798,CSS_J231725.2+323248,EA,EA,False,False,8.476658476658477,16.216216216216218,2597,True,False,False
3799,CSS_J123520.1+194614,EA,EA,False,False,43.12039312039312,35.38083538083538,2597,True,False,False
3800,CSS_J174744.0+212958,RRab,RRab,False,False,36.80203045685279,18.527918781725887,1249,True,False,False
3801,CSS_J001615.8-061517,EW,EW,False,False,67.23309937199852,42.16845216106391,16852,True,False,False
3802,CSS_J002532.7+293737,EW,EW,False,False,29.275951237532322,28.90653860362025,16852,True,False,False
3803,CSS_J222326.3+002209,RRc,RRc,False,False,22.91220556745182,20.770877944325484,2917,True,False,False
3804,CSS_J173256.9+054458,EW,EW,False,False,59.75249353527891,86.70114517916512,16852,True,False,False
3805,CSS_J002455.4+333740,EW,EA,True,False,85.2234946435168,39.47173993350573,16852,True,False,False
3806,CSS_J153225.8+110711,EW,EW,False,False,4.8947173993350575,15.866272626523829,16852,True,False,False
3807,CSS_J023858.0+222451,EW,EW,False,False,98.68858514961212,86.9782046545992,16852,True,False,False
3808,CSS_J224302.1+251559,EA,EA,False,False,25.184275184275183,21.4987714987715,2597,True,False,False
3809,CSS_J130040.9+353928,EW,EW,False,False,26.394532693018103,40.93091983745844,16852,True,False,False
3810,CSS_J161958.4-090114,RRc,RRc,False,False,44.646680942184155,48.82226980728051,2917,True,False,False
3811,CSS_J002748.2+420556,EW,EA,True,False,93.25821943110454,38.843738455855195,16852,True,False,False
3812,CSS_J154858.0-162042,EW,EW,False,False,48.18987809383081,56.07683782785371,16852,True,False,False
3813,CSS_J132628.6-100954,EW,EW,False,False,31.954192833394902,67.34392316217215,16852,True,False,False
3814,CSS_J032458.4+360038,EW,EW,False,False,23.93793867750277,50.350942002216485,16852,True,False,False
3815,CSS_J070812.1+491233,EW,EW,False,False,6.7971924639822685,6.483191725157001,16852,True,False,False
3816,CSS_J022859.6+311023,EW,EW,False,False,82.19431104543776,67.15921684521611,16852,True,False,False
3817,CSS_J152954.2+124110,RRd,EW,True,True,100.0,100.0,258,True,True,False
3818,CSS_J082430.3+284346,EA,EW,True,False,70.76167076167076,61.547911547911546,2597,True,False,False
3819,CSS_J023449.6+050740,EW,EW,False,False,18.359807905430365,22.016992981159955,16852,True,False,False
3820,CSS_J004429.8+291941,EW,EW,False,False,9.900258588843739,4.322127816771334,16852,True,False,False
3821,CSS_J153444.3+124143,EW,EW,False,False,54.21130402659771,11.599556704839307,16852,True,False,False
3822,CSS_J234657.2+155356,EW,EA,True,False,80.62430735131142,12.301440709272256,16852,True,False,False
3823,CSS_J224754.4+332216,EW,EW,False,False,81.41854451422239,98.22681935722201,16852,True,False,False
3824,CSS_J081824.5+454404,RRc,EW,True,False,77.08779443254818,55.78158458244111,2917,True,False,False
3825,CSS_J053453.2-080908,EW,EW,False,False,75.98817879571482,87.71702992242335,16852,True,False,False
3826,CSS_J012653.7+434647,EW,EW,False,False,10.472848171407461,5.448836350203177,16852,True,False,False
3827,CSS_J171709.0+293906,EW,EW,False,False,38.04950129294422,34.07831547838936,16852,True,False,False
3828,CSS_J170006.6-010419,RRc,EW,True,False,62.63383297644539,79.7644539614561,2917,True,False,False
3829,CSS_J215241.0-082935,EW,EW,False,False,40.78315478389361,97.48799408939786,16852,True,False,False
3830,CSS_J203829.9-071559,RRc,RRc,False,False,64.45396145610277,64.88222698072805,2917,True,False,False
3831,CSS_J091641.4+640915,EW,EW,False,False,73.36534909493905,24.344292574806058,16852,True,False,False
3832,CSS_J041100.8+215032,EW,EW,False,False,39.711858145548575,49.22423346878463,16852,True,False,False
3833,CSS_J104226.6+612151,EW,EW,False,False,51.79165127447358,40.08127077946066,16852,True,False,False
3834,CSS_J102143.3+232051,EW,EW,False,False,44.80975249353528,19.043221278167714,16852,True,False,False
3835,CSS_J143837.5-124914,RRc,RRc,False,False,55.0321199143469,67.13062098501071,2917,True,False,False
3836,CSS_J031658.3+303702,EW,EW,False,False,23.623937938677503,52.899889176209825,16852,True,False,False
3837,CSS_J213456.4-105752,EW,EW,False,False,48.429996305873665,65.40450683413373,16852,True,False,False
3838,CSS_J105323.3+175715,RS CVn,RS CVn,False,True,78.30882352941177,83.08823529411765,846,True,False,False
3839,CSS_J153210.0+180406,EW,EW,False,False,81.9357222016993,83.78278537125969,16852,True,False,False
3840,CSS_J085204.5+384015,EW,EW,False,False,74.36276320650165,55.70742519394163,16852,True,False,False
3841,CSS_J131619.7+174438,RRc,RRc,False,False,10.920770877944326,17.130620985010705,2917,True,False,False
3842,CSS_J021247.1-151250,RRc,RRc,False,False,70.55674518201285,48.50107066381156,2917,True,False,False
3843,CSS_J094817.6-042140,EW,EW,False,False,39.41632803841891,18.37827853712597,16852,True,False,False
3844,CSS_J170610.9+123729,RRab,EW,True,False,92.13197969543148,71.8274111675127,1249,True,False,False
3845,CSS_J122736.2+124258,EW,EW,False,False,0.1847063169560399,3.897303287772442,16852,True,False,False
3846,CSS_J064855.9+342634,EW,EW,False,False,42.16845216106391,63.39120797931289,16852,True,False,False
3847,CSS_J122010.9-161910,RRab,RRab,False,False,76.90355329949239,76.39593908629442,1249,True,False,False
3848,CSS_J060641.8-025541,EW,EW,False,False,12.615441448097526,53.56483191725157,16852,True,False,False
3849,CSS_J171256.7+330838,EW,EW,False,False,83.94902105652014,53.2693018101219,16852,True,False,False
3850,CSS_J211156.6-085343,EW,EW,False,False,31.123014407092725,29.977835241965273,16852,True,False,False
3851,CSS_J125416.0+501859,RRc,RRc,False,False,20.985010706638114,30.299785867237688,2917,True,False,False
3852,CSS_J062025.8+610127,EW,EW,False,False,16.6789804211304,29.66383450314001,16852,True,False,False
3853,CSS_J033414.5+094603,EW,RS CVn,True,False,97.56187661618027,99.9815293683044,16852,True,False,False
3854,CSS_J063255.1+453533,EW,RRc,True,False,26.874769117103803,21.85075729589952,16852,True,False,False
3855,CSS_J155313.1+104420,EW,EW,False,False,79.75618766161803,38.04950129294422,16852,True,False,False
3856,CSS_J125126.4+162703,RRc,RRc,False,False,71.94860813704497,18.094218415417558,2917,True,False,False
3857,CSS_J162605.5-020933,EW,EW,False,False,5.04248245289989,14.628740302918361,16852,True,False,False
3858,CSS_J033727.2+102818,EW,EW,False,False,35.09420022164758,25.397118581455487,16852,True,False,False
3859,CSS_J005842.2+282513,EW,EW,False,False,90.78315478389361,89.67491688215738,16852,True,False,False
3860,CSS_J061954.1-090405,EW,EW,False,False,49.13188031030661,63.132619135574444,16852,True,False,False
3861,CSS_J134631.1+520908,RRc,EW,True,False,73.87580299785867,5.674518201284797,2917,True,False,False
3862,CSS_J175329.2+625437,RRab,RRab,False,False,5.32994923857868,2.5380710659898478,1249,True,False,False
3863,CSS_J024215.8-084808,EW,EW,False,False,72.58958256372368,74.95382342076098,16852,True,False,False
3864,CSS_J223748.8-033059,EW,EW,False,False,15.921684521610638,23.974879940893977,16852,True,False,False
3865,CSS_J073532.9+375044,EW,EW,False,False,55.89213151089767,57.38825267824159,16852,True,False,False
3866,CSS_J222351.1+134326,EW,EW,False,False,63.83450314000739,25.23088289619505,16852,True,False,False
3867,CSS_J090204.8+523430,EW,EW,False,False,30.91983745844108,23.088289619504987,16852,True,False,False
3868,CSS_J163417.3+062219,RRd,RRc,True,True,21.176470588235293,38.82352941176471,258,True,False,False
3869,CSS_J063821.8+413052,EW,EW,False,False,8.42260805319542,11.119320280753602,16852,True,False,False
3870,CSS_J043257.4+061818,EW,EW,False,False,74.1041743627632,54.89471739933506,16852,True,False,False
3871,CSS_J224958.8-111218,EW,EW,False,False,40.2844477281123,98.134466198744,16852,True,False,False
3872,CSS_J045346.3+045437,RRab,EW,True,False,96.95431472081218,91.87817258883248,1249,True,False,False
3873,CSS_J183900.4+495635,RRab,RRab,False,False,23.3502538071066,34.51776649746193,1249,True,False,False
3874,CSS_J203812.0-021817,EW,EW,False,False,12.744735869966753,52.3272995936461,16852,True,False,False
3875,CSS_J183658.9+434753,RRab,RRab,False,False,43.14720812182741,70.30456852791879,1249,True,False,False
3876,CSS_J162301.6-012125,EW,EW,False,False,65.20132988548208,59.99261174732175,16852,True,False,False
3877,CSS_J231919.5+432911,EW,EW,False,False,79.03583302548948,68.65533801256004,16852,True,False,False
3878,CSS_J040614.6+095550,EA,EA,False,False,46.928746928746925,18.304668304668304,2597,True,False,False
3879,CSS_J005820.2+153157,EW,EW,False,False,15.349094939046914,24.381233838197268,16852,True,False,False
3880,CSS_J023906.7+030340,EW,EW,False,False,76.76394532693018,32.970077576653125,16852,True,False,False
3881,CSS_J132400.8-033848,RRc,RRc,False,False,55.78158458244111,61.67023554603854,2917,True,False,False
3882,CSS_J073621.5+452419,EW,EW,False,False,78.62947912818619,60.58367196158109,16852,True,False,False
3883,CSS_J211458.3-052928,EW,EW,False,False,3.731067602512006,4.691540450683413,16852,True,False,False
3884,CSS_J065943.1+385516,EW,EW,False,False,54.85777613594385,85.55596601403768,16852,True,False,False
3885,CSS_J085502.7+582358,RRab,RRab,False,False,22.588832487309645,46.954314720812185,1249,True,False,False
3886,CSS_J024944.2+320804,EW,EW,False,False,5.744366457332841,7.905430365718508,16852,True,False,False
3887,CSS_J081026.4+374511,EA,EW,True,False,72.60442260442261,98.03439803439802,2597,True,False,False
3888,CSS_J222540.4+193926,EW,EW,False,False,96.34281492427041,14.702622829700775,16852,True,False,False
3889,CSS_J214204.6+042932,EW,EW,False,False,56.24307351311415,46.268932397487994,16852,True,False,False
3890,CSS_J141952.3-174531,RRc,RRc,False,False,31.798715203426127,68.20128479657387,2917,True,False,False
3891,CSS_J170658.4+294433,EW,EW,False,False,11.673439231621721,14.240857037310676,16852,True,False,False
3892,CSS_J161115.8-161809,EW,EW,False,False,89.3055042482453,82.8223125230883,16852,True,False,False
3893,CSS_J035430.9+243029,RS CVn,RS CVn,False,True,39.338235294117645,44.11764705882353,846,True,False,False
3894,CSS_J042101.5+003157,EW,EW,False,False,30.476542297746583,25.637236793498335,16852,True,False,False
3895,CSS_J031127.2+391108,EW,EW,False,False,68.69227927595124,92.39009974141116,16852,True,False,False
3896,CSS_J085138.9-053415,EW,EW,False,False,68.39674916882157,78.2231252308829,16852,True,False,False
3897,CSS_J160800.8+511112,RRc,RRc,False,False,61.563169164882225,61.9914346895075,2917,True,False,False
3898,CSS_J102937.9+062417,RRc,RRc,False,False,79.7644539614561,58.02997858672377,2917,True,False,False
3899,CSS_J015845.1+244757,EW,EW,False,False,48.762467676394536,1.736239379386775,16852,True,False,False
3900,CSS_J023536.6+224610,EW,EW,False,False,9.863317325452531,10.897672700406353,16852,True,False,False
3901,CSS_J210526.8-035148,RRab,RRab,False,False,39.59390862944163,65.48223350253807,1249,True,False,False
3902,CSS_J095635.9+080523,EW,EW,False,False,25.32323605467307,16.90062800147765,16852,True,False,False
3903,CSS_J171831.0+103540,EA,EA,False,False,98.03439803439802,84.02948402948402,2597,True,False,False
3904,CSS_J024154.1+314656,EW,EW,False,False,42.6117473217584,58.07166605097894,16852,True,False,False
3905,CSS_J135927.9-153216,EW,EW,False,False,13.206501662356853,48.70705578130772,16852,True,False,False
3906,CSS_J224714.4+012054,EA,EA,False,False,0.36855036855036855,2.9484029484029484,2597,True,False,False
3907,CSS_J071213.2+580117,EW,EW,False,False,26.025120059106023,9.863317325452531,16852,True,False,False
3908,CSS_J230418.3+201006,EW,EW,False,False,72.09087550794237,25.341706686368674,16852,True,False,False
3909,CSS_J051516.4+171030,EW,EW,False,False,28.684891023272996,42.02068710749908,16852,True,False,False
3910,CSS_J101804.1-041835,EW,EW,False,False,86.57185075729589,92.5748060583672,16852,True,False,False
3911,CSS_J025917.1+040941,EW,EW,False,False,82.63760620613225,80.67971924639824,16852,True,False,False
3912,CSS_J154522.6-054419,EW,EW,False,False,87.86479497598818,65.94015515330625,16852,True,False,False
3913,CSS_J093217.7+024413,RRab,RRab,False,False,99.74619289340102,99.49238578680203,1249,True,True,True
3914,CSS_J064935.9+370331,EW,EW,False,False,66.78980421130403,83.37643147395642,16852,True,False,False
3915,CSS_J113915.2+092101,EW,EW,False,False,80.97524935352789,78.46324344292574,16852,True,False,False
3916,CSS_J225727.0+142044,EW,EW,False,False,67.63945326930181,93.83080901366827,16852,True,False,False
3917,CSS_J082717.4+241720,EW,EW,False,False,57.38825267824159,29.848540820096048,16852,True,False,False
3918,CSS_J150413.1+044809,EW,EW,False,False,75.5264130033247,75.58182489841153,16852,True,False,False
3919,CSS_J050320.0+002106,RRc,EW,True,False,75.16059957173448,66.59528907922912,2917,True,False,False
3920,CSS_J175255.2+463216,RRab,RRab,False,False,96.19289340101524,97.20812182741116,1249,True,False,False
3921,CSS_J211554.7+111809,RRab,RRab,False,False,1.015228426395939,5.0761421319796955,1249,True,False,False
3922,CSS_J083445.4+081432,EW,EW,False,False,72.07240487624676,66.27262652382711,16852,True,False,False
3923,CSS_J212646.2-074232,RRd,RRc,True,True,82.35294117647058,80.0,258,True,False,False
3924,CSS_J124240.8+202113,RRc,RRc,False,False,76.87366167023555,51.070663811563165,2917,True,False,False
3925,CSS_J144734.0-123153,EW,EW,False,False,46.25046176579239,55.65201329885482,16852,True,False,False
3926,CSS_J171226.7+121744,EW,RRc,True,False,61.00849649057998,62.56002955301071,16852,True,False,False
3927,CSS_J161556.1+155430,EW,EW,False,False,9.937199852234945,37.513852973771705,16852,True,False,False
3928,CSS_J000335.0+160613,RS CVn,RS CVn,False,True,12.132352941176471,13.970588235294118,846,True,False,False
3929,CSS_J160448.1+194628,EA,EA,False,False,2.9484029484029484,1.8427518427518428,2597,True,False,False
3930,CSS_J073534.2+464503,EW,EW,False,False,41.48503878832656,16.642039157739195,16852,True,False,False
3931,CSS_J013358.6+364312,EW,EW,False,False,1.3852973771702992,4.266715921684522,16852,True,False,False
3932,CSS_J170420.1+331249,EW,EW,False,False,8.182489841152567,35.70373106760251,16852,True,False,False
3933,CSS_J205149.7-144731,EW,EW,False,False,59.678611008496496,88.9176209826376,16852,True,False,False
3934,CSS_J161511.9+302333,EW,EW,False,False,51.939416328038426,61.876616180273366,16852,True,False,False
3935,CSS_J212950.9+121903,RRc,RRc,False,False,11.027837259100643,32.22698072805139,2917,True,False,False
3936,CSS_J013924.9+210257,EW,EW,False,False,53.232360546730696,36.29479128186184,16852,True,False,False
3937,CSS_J160558.5+060441,RRc,RRc,False,False,22.269807280513916,17.66595289079229,2917,True,False,False
3938,CSS_J155305.5+102531,EW,EW,False,False,47.100110823790175,69.0062800147765,16852,True,False,False
3939,CSS_J025836.4-094026,EW,RS CVn,True,False,93.38751385297377,52.456594015515336,16852,True,False,False
3940,CSS_J020334.5+222237,EW,EW,False,False,7.7207240487624675,46.416697451052826,16852,True,False,False
3941,CSS_J222338.6+085923,EW,EW,False,False,54.008127077946064,93.40598448466937,16852,True,False,False
3942,CSS_J024145.7+305432,EW,EW,False,False,90.08127077946065,11.02696712227558,16852,True,False,False
3943,CSS_J211406.3+011739,EW,EW,False,False,2.4196527521241227,50.4617657923901,16852,True,False,False
3944,CSS_J000649.3-180718,RRc,EW,True,False,42.71948608137045,73.76873661670236,2917,True,False,False
3945,CSS_J055730.2-143524,EW,EW,False,False,90.37680088659033,99.81529368304396,16852,True,False,False
3946,CSS_J164707.7-010114,RRc,RRc,False,False,29.764453961456105,78.15845824411134,2917,True,False,False
3947,CSS_J041706.5+350338,EW,EW,False,False,1.884004432951607,11.304026597709642,16852,True,False,False
3948,CSS_J022547.2+110430,EA,EA,False,False,42.75184275184275,37.714987714987714,2597,True,False,False
3949,CSS_J173618.8+322014,EW,EW,False,False,74.91688215736978,25.69264868858515,16852,True,False,False
3950,CSS_J130404.6-015321,RS CVn,RS CVn,False,True,35.661764705882355,37.5,846,True,False,False
3951,CSS_J173326.6+382335,EW,EW,False,False,65.07203546361285,3.56483191725157,16852,True,False,False
3952,CSS_J213623.5+155249,EW,EW,False,False,37.347617288511266,32.489841152567415,16852,True,False,False
3953,CSS_J205456.9-092045,EW,EW,False,False,6.557074251939417,67.21462874030291,16852,True,False,False
3954,CSS_J065435.5+370238,EW,EW,False,False,46.97081640192094,10.528260066494274,16852,True,False,False
3955,CSS_J161533.2+164321,RRc,EW,True,False,69.593147751606,92.61241970021413,2917,True,False,False
3956,CSS_J175321.0+495553,EA,EW,True,False,78.37837837837837,76.28992628992629,2597,True,False,False
3957,CSS_J082130.2+240850,EW,RRc,True,False,73.71629109715552,45.53010712966383,16852,True,False,False
3958,CSS_J143742.3+131009,RRc,RRc,False,False,40.57815845824411,27.40899357601713,2917,True,False,False
3959,CSS_J153818.3+025425,EW,EW,False,False,43.68304396010343,65.10897672700406,16852,True,False,False
3960,CSS_J203659.1-152235,EW,EW,False,False,98.98411525674177,91.54045068341338,16852,True,False,False
3961,CSS_J150644.2-183914,EW,EW,False,False,57.72072404876247,79.27595123753233,16852,True,False,False
3962,CSS_J155218.4+303532,EA,EA,False,False,61.056511056511056,34.02948402948403,2597,True,False,False
3963,CSS_J023305.8-114046,EA,EA,False,False,67.32186732186733,0.2457002457002457,2597,True,False,False
3964,CSS_J214454.4+084754,EW,EW,False,False,20.55781307720724,30.661248614702625,16852,True,False,False
3965,CSS_J165105.9+593239,EW,EW,False,False,20.428518655338014,30.568895456224602,16852,True,False,False
3966,CSS_J225431.9+202709,RRc,RRc,False,False,20.235546038543898,0.32119914346895073,2917,True,False,False
3967,CSS_J143529.0-175338,RS CVn,EW,True,True,54.04411764705882,45.955882352941174,846,True,False,False
3968,CSS_J120619.5+315825,EA,EW,True,False,77.51842751842752,57.86240786240786,2597,True,False,False
3969,CSS_J084516.1+022925,RS CVn,RS CVn,False,True,20.22058823529412,27.573529411764707,846,True,False,False
3970,CSS_J171815.3+265925,RS CVn,RS CVn,False,True,53.30882352941176,54.779411764705884,846,True,False,False
3971,CSS_J150607.3-123800,RRab,RRab,False,False,35.786802030456855,49.49238578680203,1249,True,False,False
3972,CSS_J162027.0+210317,EW,EW,False,False,66.88215736978205,68.84004432951608,16852,True,False,False
3973,CSS_J212853.7-181251,EW,EW,False,False,28.20465459918729,50.0,16852,True,False,False
3974,CSS_J015157.5+423711,EW,EW,False,False,94.71739933505727,56.64942741041744,16852,True,False,False
3975,CSS_J072602.6+294006,EW,EW,False,False,35.306612486147024,9.595493165866273,16852,True,False,False
3976,CSS_J041438.7+104221,EA,EW,True,False,95.2088452088452,98.4029484029484,2597,True,False,False
3977,CSS_J060604.7-032414,EW,EW,False,False,58.884373845585515,81.17842630217953,16852,True,False,False
3978,CSS_J150135.6-063747,RRc,RRc,False,False,51.39186295503212,45.71734475374733,2917,True,False,False
3979,CSS_J214847.7+070457,EW,EW,False,False,50.03694126339121,8.75507942371629,16852,True,False,False
3980,CSS_J162128.4+153836,RRc,RRc,False,False,76.65952890792292,93.14775160599572,2917,True,False,False
3981,CSS_J084943.7+411856,EA,EA,False,False,6.2653562653562656,4.2997542997543,2597,True,False,False
3982,CSS_J063122.4+605830,EW,EW,False,False,8.847432582194312,22.848171407462132,16852,True,False,False
3983,CSS_J073344.1+213658,EW,EW,False,False,45.03140007388253,19.929811599556704,16852,True,False,False
3984,CSS_J135741.0+172627,RRc,RRc,False,False,0.5353319057815845,9.957173447537473,2917,True,False,False
3985,CSS_J172537.2+295411,EW,EW,False,False,4.728481714074621,42.390099741411156,16852,True,False,False
3986,CSS_J131741.5+324002,EW,EW,False,False,50.42482452899889,77.65053564831918,16852,True,False,False
3987,CSS_J111914.8+350725,EW,EW,False,False,34.57702253417067,82.15736978204654,16852,True,False,False
3988,CSS_J233510.0-174923,EW,EW,False,False,46.58293313631326,55.79977835241965,16852,True,False,False
3989,CSS_J042134.2+410354,EW,EW,False,False,19.08016254155892,5.781307720724048,16852,True,False,False
3990,CSS_J053914.5-111635,EW,EW,False,False,66.1802733653491,85.6667898042113,16852,True,False,False
3991,CSS_J203216.7-054433,RRab,EW,True,False,65.98984771573603,79.44162436548223,1249,True,False,False
3992,CSS_J125544.5-051502,EW,EW,False,False,16.549685999261175,91.33727373476172,16852,True,False,False
3993,CSS_J050240.3+180519,EW,EW,False,False,60.712966383450315,30.864425563354263,16852,True,False,False
3994,CSS_J024327.3-024416,EW,EW,False,False,54.91318803103066,36.23937938677503,16852,True,False,False
3995,CSS_J032104.6+350820,EW,EW,False,False,71.49981529368304,21.998522349464352,16852,True,False,False
3996,CSS_J162358.7+150757,EW,EW,False,False,9.844846693756928,33.487255264130035,16852,True,False,False
3997,CSS_J221948.9-034550,EW,EW,False,False,68.1012190616919,68.41521980051718,16852,True,False,False
3998,CSS_J023224.1+280303,EW,EW,False,False,80.47654229774658,44.015515330624304,16852,True,False,False
3999,CSS_J100158.0+055339,EW,EW,False,False,52.82600664942741,62.70779460657554,16852,True,False,False
4000,CSS_J074513.5+240843,EA,EA,False,False,89.68058968058969,93.85749385749385,2597,True,False,False
4001,CSS_J060635.7-074854,EA,EA,False,False,74.07862407862407,46.80589680589681,2597,True,False,False
4002,CSS_J033004.4+265421,EA,EA,False,False,28.132678132678134,29.606879606879605,2597,True,False,False
4003,CSS_J145328.6+302911,RRd,EW,True,True,41.17647058823529,37.64705882352941,258,True,False,False
4004,CSS_J021329.2+254225,EA,EA,False,False,76.90417690417691,75.06142506142506,2597,True,False,False
4005,CSS_J171346.8+100219,EW,EW,False,False,1.4037680088659032,71.90616919098633,16852,True,False,False
4006,CSS_J085810.8+171406,RS CVn,EW,True,True,76.83823529411765,89.70588235294117,846,True,False,False
4007,CSS_J151559.8-145702,EW,EW,False,False,55.504248245289986,92.33468784632434,16852,True,False,False
4008,CSS_J143433.1-064423,EW,EW,False,False,41.39268562984854,54.008127077946064,16852,True,False,False
4009,CSS_J212739.8-100441,RRc,RRc,False,False,34.90364025695932,45.07494646680942,2917,True,False,False
4010,CSS_J212409.3-055050,EW,EW,False,False,31.233838197266344,64.49944588104913,16852,True,False,False
4011,CSS_J014527.4+240642,EW,EW,False,False,59.40155153306244,32.84078315478389,16852,True,False,False
4012,CSS_J051725.3+050947,RS CVn,RS CVn,False,True,4.411764705882353,4.779411764705882,846,True,False,False
4013,CSS_J211231.9+054734,EW,EW,False,False,61.396379756187656,74.76911710380494,16852,True,False,False
4014,CSS_J090818.3+350451,EW,EW,False,False,85.62984854082009,76.74547469523458,16852,True,False,False
4015,CSS_J225502.8+292350,RRc,EW,True,False,88.54389721627409,96.68094218415418,2917,True,False,False
4016,CSS_J210649.2+050626,RS CVn,RS CVn,False,True,19.852941176470587,49.63235294117647,846,True,False,False
4017,CSS_J225224.9-014054,EW,EW,False,False,93.94163280384188,62.07979312892501,16852,True,False,False
4018,CSS_J070614.5+432900,EW,EW,False,False,18.37827853712597,33.09937199852235,16852,True,False,False
4019,CSS_J075950.9+284417,EW,EW,False,False,42.390099741411156,51.99482822312523,16852,True,False,False
4020,CSS_J233835.0+361103,EW,EW,False,False,80.32877724418175,87.25526413003325,16852,True,False,False
4021,CSS_J160737.3+573208,RRab,RRab,False,False,85.78680203045685,96.95431472081218,1249,True,False,False
4022,CSS_J133822.9-071253,EW,EW,False,False,31.510897672700406,81.82489841152567,16852,True,False,False
4023,CSS_J025725.5+332216,RS CVn,RS CVn,False,True,15.441176470588236,1.1029411764705883,846,True,False,False
4024,CSS_J024506.8+231554,EW,EW,False,False,17.750277059475433,25.78500184706317,16852,True,False,False
4025,CSS_J172101.6+264412,RRc,RRc,False,False,65.41755888650964,5.567451820128479,2917,True,False,False
4026,CSS_J051545.3+164427,EA,EW,True,False,72.48157248157248,45.82309582309582,2597,True,False,False
4027,CSS_J223312.6-060511,EA,EA,False,False,43.611793611793615,66.33906633906635,2597,True,False,False
4028,CSS_J145213.2+482848,RRc,RRc,False,False,68.62955032119913,23.126338329764454,2917,True,False,False
4029,CSS_J044048.2+190406,EW,EW,False,False,54.654599187292206,68.0273365349095,16852,True,False,False
4030,CSS_J090548.2+370059,EW,EW,False,False,56.483191725157,72.2571111932028,16852,True,False,False
4031,CSS_J214927.1+171411,RRab,EW,True,False,88.3248730964467,47.20812182741117,1249,True,False,False
4032,CSS_J135900.2+040435,EW,EW,False,False,88.62209087550794,10.565201329885483,16852,True,False,False
4033,CSS_J042622.3+070555,EW,EW,False,False,42.85186553380125,67.6025120059106,16852,True,False,False
4034,CSS_J160709.0+030724,EW,EW,False,False,31.4924270410048,15.718507572958995,16852,True,False,False
4035,CSS_J164822.8+044717,RRc,RRc,False,False,8.993576017130621,46.359743040685224,2917,True,False,False
4036,CSS_J134528.3+034606,EW,EW,False,False,75.06464721093461,73.25452530476542,16852,True,False,False
4037,CSS_J055622.9+021706,EA,EA,False,False,90.04914004914005,64.74201474201475,2597,True,False,False
4038,CSS_J210219.8+020001,EA,EW,True,False,99.01719901719902,98.77149877149877,2597,True,True,False
4039,CSS_J104309.5+382731,EW,EW,False,False,58.441078684891025,51.8840044329516,16852,True,False,False
4040,CSS_J174004.6+613331,EW,EW,False,False,1.0343553749538235,16.05097894347987,16852,True,False,False
4041,CSS_J170638.3+500134,EW,EW,False,False,10.749907646841523,80.0517177687477,16852,True,False,False
4042,CSS_J165709.1+072543,RRc,RRc,False,False,83.83297644539614,92.18415417558886,2917,True,False,False
4043,CSS_J132855.8+032132,EW,EW,False,False,5.762837089028445,31.28925009235316,16852,True,False,False
4044,CSS_J172825.8+700830,LPV,LPV,False,False,17.24137931034483,48.275862068965516,281,True,False,False
4045,CSS_J164704.3-081345,EW,EW,False,False,20.539342445511636,59.86331732545253,16852,True,False,False
4046,CSS_J131542.9+125634,RRc,EW,True,False,82.3340471092077,31.798715203426127,2917,True,False,False
4047,CSS_J073005.1+480838,EW,EW,False,False,42.94421869227927,17.36239379386775,16852,True,False,False
4048,CSS_J214943.1+220356,EW,EW,False,False,65.34909493904692,9.06908016254156,16852,True,False,False
4049,CSS_J030251.0+355412,EW,EW,False,False,21.998522349464352,8.478019948282231,16852,True,False,False
4050,CSS_J164728.3+143742,RRc,EW,True,False,87.15203426124198,63.062098501070665,2917,True,False,False
4051,CSS_J145356.1-095824,RRab,RRab,False,False,40.10152284263959,1.2690355329949239,1249,True,False,False
4052,CSS_J083456.2+032113,EW,EW,False,False,77.50277059475434,54.54377539711858,16852,True,False,False
4053,CSS_J220829.5+085505,EA,EA,False,False,74.93857493857494,83.78378378378379,2597,True,False,False
4054,CSS_J031455.7+332157,EW,EW,False,False,80.91983745844108,98.31917251570003,16852,True,False,False
4055,CSS_J091618.5+072451,EA,EA,False,False,93.48894348894349,95.45454545454545,2597,True,False,False
4056,CSS_J085951.9-090221,EW,EW,False,False,27.2995936461027,37.273734761728846,16852,True,False,False
4057,CSS_J080220.7+125931,EW,EW,False,False,68.82157369782047,20.890284447728114,16852,True,False,False
4058,CSS_J164725.7+510017,EW,EW,False,False,9.420022164758034,17.528629479128185,16852,True,False,False
4059,CSS_J082041.4-082125,EW,EW,False,False,21.869227927595126,88.19726634650905,16852,True,False,False
4060,CSS_J041728.7+052207,EA,EA,False,False,81.94103194103194,56.87960687960688,2597,True,False,False
4061,CSS_J145857.7+375945,EW,EW,False,False,87.42149981529369,96.10269671222756,16852,True,False,False
4062,CSS_J001259.9+141858,EW,EW,False,False,41.00480236424085,37.015145917990395,16852,True,False,False
4063,CSS_J081140.1+054046,EW,EW,False,False,76.57923900997415,88.27114887329147,16852,True,False,False
4064,CSS_J081019.0-024910,RRab,RRab,False,False,60.40609137055838,79.69543147208121,1249,True,False,False
4065,CSS_J033649.1+302823,EW,EW,False,False,86.4979682305135,44.27410417436276,16852,True,False,False
4066,CSS_J112208.9+110132,EW,EW,False,False,10.805319541928334,44.47728112301441,16852,True,False,False
4067,CSS_J170638.9+124314,EW,EW,False,False,81.84336904322129,88.56667898042113,16852,True,False,False
4068,CSS_J225628.0+260541,EW,EW,False,False,40.45068341337274,92.96268932397489,16852,True,False,False
4069,CSS_J163306.3+152353,EW,EW,False,False,76.00664942741042,49.96305873660879,16852,True,False,False
4070,CSS_J161814.8-124422,RRc,RRc,False,False,69.80728051391864,68.95074946466809,2917,True,False,False
4071,CSS_J022057.9+003133,RS CVn,RS CVn,False,True,18.014705882352942,36.029411764705884,846,True,False,False
4072,CSS_J050234.5+042405,EW,EW,False,False,31.30772072404876,33.50572589582564,16852,True,False,False
4073,CSS_J162401.9+362025,EW,EW,False,False,10.657554488363502,4.285186553380125,16852,True,False,False
4074,CSS_J230938.5+141648,EW,EW,False,False,57.591429626893245,68.76616180273365,16852,True,False,False
4075,CSS_J203742.1-024241,RRc,RRc,False,False,46.895074946466806,69.593147751606,2917,True,False,False
4076,CSS_J141314.8+191538,RRab,RRab,False,False,26.14213197969543,61.42131979695431,1249,True,False,False
4077,CSS_J224303.8+325941,EW,EW,False,False,42.75951237532324,8.51496121167344,16852,True,False,False
4078,CSS_J165237.7+060112,EW,EW,False,False,40.727742888806794,67.84263021795346,16852,True,False,False
4079,CSS_J052036.1+003205,EW,EW,False,False,56.87107499076468,57.8130772072405,16852,True,False,False
4080,CSS_J041141.2+314648,RRab,RRab,False,False,51.26903553299492,66.75126903553299,1249,True,False,False
4081,CSS_J030702.2+261521,EW,EW,False,False,52.77059475434059,83.26560768378279,16852,True,False,False
4082,CSS_J022448.0+310103,EW,EW,False,False,52.60435906908016,61.156261544144805,16852,True,False,False
4083,CSS_J051549.5+133810,EW,EW,False,False,57.683782785371264,7.7022534170668635,16852,True,False,False
4084,CSS_J220440.5+171308,EW,EW,False,False,25.08311784263022,5.652013298854821,16852,True,False,False
4085,CSS_J212252.3+013918,EW,EW,False,False,23.734761728851126,40.76468415219801,16852,True,False,False
4086,CSS_J160748.7-064723,EW,EW,False,False,27.835241965275216,65.36756557074251,16852,True,False,False
4087,CSS_J221911.9+080643,EW,EW,False,False,37.698559290727744,48.92870336165497,16852,True,False,False
4088,CSS_J092508.8+013236,EW,EW,False,False,5.467306981898782,8.016254155892131,16852,True,False,False
4089,CSS_J092418.5-022810,EW,EW,False,False,21.48134466198744,56.483191725157,16852,True,False,False
4090,CSS_J001738.4+205157,EW,EW,False,False,83.69043221278167,78.62947912818619,16852,True,False,False
4091,CSS_J165557.5+334221,EW,EW,False,False,37.82785371259697,10.269671222755818,16852,True,False,False
4092,CSS_J220401.8+103901,EW,RRc,True,False,53.2877724418175,86.18396749168822,16852,True,False,False
4093,CSS_J053834.6+032639,EW,RS CVn,True,False,89.71185814554858,97.1924639822682,16852,True,False,False
4094,CSS_J024745.2+003607,RRc,RRc,False,False,59.52890792291221,67.02355460385438,2917,True,False,False
4095,CSS_J161636.8-193053,RRc,EW,True,False,64.88222698072805,98.17987152034262,2917,True,False,False
4096,CSS_J053245.8+011318,EW,EW,False,False,37.66161802733654,31.19689693387514,16852,True,False,False
4097,CSS_J002653.4-155025,EW,EW,False,False,86.79349833764314,31.43701514591799,16852,True,False,False
4098,CSS_J044827.4-035950,EW,EW,False,False,86.92279275951238,27.7798300701884,16852,True,False,False
4099,CSS_J084448.4-020737,EW,EW,False,False,52.899889176209825,43.923162172146284,16852,True,False,False
4100,CSS_J162612.5-102341,RRc,RRc,False,False,75.2676659528908,48.17987152034261,2917,True,False,False
4101,CSS_J083558.8-033839,EA,EA,False,False,9.213759213759214,28.624078624078624,2597,True,False,False
4102,CSS_J234103.5+073524,RRab,RRab,False,False,72.33502538071066,10.406091370558377,1249,True,False,False
4103,CSS_J210240.3-050753,EW,EW,False,False,18.673808644255633,32.45289988917621,16852,True,False,False
4104,CSS_J143833.8+232016,EW,EW,False,False,17.436276320650165,39.56409309198375,16852,True,False,False
4105,CSS_J233715.6+414029,EW,EW,False,False,75.58182489841153,38.64056150720355,16852,True,False,False
4106,CSS_J153010.9+191703,RRc,RRc,False,False,58.99357601713062,13.81156316916488,2917,True,False,False
4107,CSS_J210518.8-051751,EW,EW,False,False,51.12670853343184,65.99556704839306,16852,True,False,False
4108,CSS_J162025.9+003820,RRd,RRc,True,True,20.0,31.76470588235294,258,True,False,False
4109,CSS_J085239.8+203453,EW,EW,False,False,81.0306612486147,48.614702622829704,16852,True,False,False
4110,CSS_J182043.1+460906,EW,EW,False,False,5.245659401551532,10.306612486147026,16852,True,False,False
4111,CSS_J130157.9-040235,EW,RRc,True,False,60.49131880310307,95.45622460288142,16852,True,False,False
4112,CSS_J214442.1+234556,EW,EW,False,False,70.63169560398966,34.89102327299594,16852,True,False,False
4113,CSS_J134440.4-122058,RRc,RRc,False,False,20.342612419700217,33.83297644539615,2917,True,False,False
4114,CSS_J070233.9+341212,EW,EW,False,False,50.812707794606574,50.387883265607684,16852,True,False,False
4115,CSS_J083825.7+085811,EW,EW,False,False,6.039896564462505,24.658293313631326,16852,True,False,False
4116,CSS_J115913.4+000836,RRd,EW,True,True,61.1764705882353,63.52941176470588,258,True,False,False
4117,CSS_J215101.7-115938,RRc,RRc,False,False,32.01284796573876,41.113490364025694,2917,True,False,False
4118,CSS_J152638.0+231313,EW,EW,False,False,83.41337273734761,99.33505725895826,16852,True,False,False
4119,CSS_J025433.6-122146,EW,EW,False,False,68.58145548577761,69.78204654599188,16852,True,False,False
4120,CSS_J230227.8+184627,RS CVn,EA,True,True,83.45588235294117,95.22058823529412,846,True,False,False
4121,CSS_J213449.2-012131,EW,EW,False,False,63.77909124492057,73.32840783154784,16852,True,False,False
4122,CSS_J135833.7-040104,EW,EW,False,False,52.41965275212412,47.98670114517917,16852,True,False,False
4123,CSS_J053940.8+045306,EA,EA,False,False,14.987714987714988,52.08845208845209,2597,True,False,False
4124,CSS_J173325.3+384453,EA,EA,False,False,25.921375921375923,76.53562653562653,2597,True,False,False
4125,CSS_J223002.9-080626,EW,EW,False,False,44.99445881049132,38.899150350942,16852,True,False,False
4126,CSS_J093627.6+141910,RRc,RRc,False,False,22.805139186295502,6.316916488222699,2917,True,False,False
4127,CSS_J142818.8-121530,RRd,EW,True,True,77.64705882352942,67.05882352941175,258,True,False,False
4128,CSS_J052143.3-162932,EW,EW,False,False,17.103804950129295,80.14407092722571,16852,True,False,False
4129,CSS_J232258.4+324348,EW,EW,False,False,52.456594015515336,40.69080162541559,16852,True,False,False
4130,CSS_J160147.0-165418,EW,EW,False,False,30.439601034355373,76.26523827114887,16852,True,False,False
4131,CSS_J162404.6+124549,EA,EA,False,False,64.004914004914,85.01228501228502,2597,True,False,False
4132,CSS_J173828.4+181525,RRab,RRab,False,False,54.06091370558376,75.88832487309645,1249,True,False,False
4133,CSS_J073520.4+473034,EW,EW,False,False,97.37717029922423,96.43516808274843,16852,True,False,False
4134,CSS_J011744.8+283118,EW,EW,False,False,2.9183598079054303,9.789434798670115,16852,True,False,False
4135,CSS_J232251.7+164417,EW,EW,False,False,2.1425932766900626,10.380495012929442,16852,True,False,False
4136,CSS_J162742.0+292430,RS CVn,EW,True,True,16.911764705882355,11.029411764705882,846,True,False,False
4137,CSS_J052944.0-071937,EW,EW,False,False,16.10639083856668,35.925378647949756,16852,True,False,False
4138,CSS_J051107.7+120141,EW,EW,False,False,64.68415219800518,54.02659770964166,16852,True,False,False
4139,CSS_J111645.0-093018,RRc,RRc,False,False,30.620985010706637,82.3340471092077,2917,True,False,False
4140,CSS_J234954.8+054419,RRab,RRab,False,False,21.573604060913706,70.55837563451777,1249,True,False,False
4141,CSS_J215838.3+140000,EW,EW,False,False,14.868858514961211,7.462135205024012,16852,True,False,False
4142,CSS_J043615.2+045921,EW,EW,False,False,11.968969338751386,41.70668636867381,16852,True,False,False
4143,CSS_J205938.0-090726,RRc,RRc,False,False,10.06423982869379,15.524625267665954,2917,True,False,False
4144,CSS_J103049.8-121048,EW,EA,True,False,95.80716660509789,78.00147765053565,16852,True,False,False
4145,CSS_J213028.2-032353,EW,EW,False,False,45.47469523457702,48.466937569264864,16852,True,False,False
4146,CSS_J142415.1+041304,EW,EW,False,False,56.44625046176579,73.1252308828962,16852,True,False,False
4147,CSS_J102956.2+364750,EW,EW,False,False,82.8777244181751,1.3298854820834873,16852,True,False,False
4148,CSS_J090802.1-032235,EW,EW,False,False,69.09863317325453,54.78389360916144,16852,True,False,False
4149,CSS_J070621.1+550054,EW,EW,False,False,74.45511636497967,73.6239379386775,16852,True,False,False
4150,CSS_J100308.0-111341,RRc,RRc,False,False,60.49250535331906,72.26980728051392,2917,True,False,False
4151,CSS_J212235.4+065714,EW,EW,False,False,44.939046915404504,42.99963058736609,16852,True,False,False
4152,CSS_J040641.7+131156,EW,EW,False,False,62.80014776505356,31.141485038788325,16852,True,False,False
4153,CSS_J102819.2+280438,RRab,RRab,False,False,91.11675126903553,84.01015228426397,1249,True,False,False
4154,CSS_J152053.1-132315,EW,EW,False,False,76.93018101219062,10.214259327669007,16852,True,False,False
4155,CSS_J040832.9+315632,EA,EA,False,False,18.91891891891892,20.14742014742015,2597,True,False,False
4156,CSS_J041553.2-121559,EW,EW,False,False,8.792020687107499,4.21130402659771,16852,True,False,False
4157,CSS_J154414.7+413816,EW,EW,False,False,77.07794606575546,64.37015145917991,16852,True,False,False
4158,CSS_J073703.4+280918,EA,EA,False,False,69.4103194103194,10.933660933660933,2597,True,False,False
4159,CSS_J105634.2+013336,RRc,RRc,False,False,51.92719486081371,45.182012847965744,2917,True,False,False
4160,CSS_J081134.6+315903,EW,EW,False,False,42.18692279275951,39.8411525674178,16852,True,False,False
4161,CSS_J210640.2-100830,EW,EW,False,False,39.98891762098264,75.24935352789065,16852,True,False,False
4162,CSS_J225859.2+144157,EW,EW,False,False,11.137790912449205,27.41041743627632,16852,True,False,False
4163,CSS_J162154.0+121856,RRc,RRc,False,False,28.26552462526767,63.16916488222698,2917,True,False,False
4164,CSS_J044219.1+023735,EW,EW,False,False,76.89323974879942,75.37864794975988,16852,True,False,False
4165,CSS_J110505.9+331029,EW,RS CVn,True,False,97.78352419652751,97.76505356483192,16852,True,False,False
4166,CSS_J051030.8-042813,EW,EW,False,False,92.94421869227928,92.74104174362763,16852,True,False,False
4167,CSS_J160717.1+584105,EW,EW,False,False,17.17768747691171,69.33875138529739,16852,True,False,False
4168,CSS_J043409.6+060806,RRc,RRc,False,False,68.20128479657387,47.32334047109208,2917,True,False,False
4169,CSS_J153025.0-133203,EA,EA,False,False,77.76412776412776,62.16216216216216,2597,True,False,False
4170,CSS_J101938.3-063519,EW,EW,False,False,71.7214628740303,77.37347617288512,16852,True,False,False
4171,CSS_J002451.1+422805,EA,EA,False,False,51.842751842751845,83.66093366093365,2597,True,False,False
4172,CSS_J214126.7-045322,EW,EW,False,False,77.42888806797193,89.61950498707056,16852,True,False,False
4173,CSS_J221730.1+321518,EW,EW,False,False,12.356852604359068,7.554488363502032,16852,True,False,False
4174,CSS_J144740.3+084802,RRc,RRc,False,False,95.61027837259101,39.61456102783726,2917,True,False,False
4175,CSS_J151802.3+014037,RRab,RRab,False,False,86.29441624365482,40.10152284263959,1249,True,False,False
4176,CSS_J174603.6+403744,EW,EW,False,False,32.471370520871815,35.90690801625416,16852,True,False,False
4177,CSS_J233901.0+340855,EW,EW,False,False,44.8836350203177,67.1038049501293,16852,True,False,False
4178,CSS_J232758.6-133346,RRc,RRc,False,False,33.61884368308351,20.021413276231264,2917,True,False,False
4179,CSS_J213751.5+235803,EW,EW,False,False,8.88437384558552,19.24639822681936,16852,True,False,False
4180,CSS_J155415.1+064002,EW,EW,False,False,44.69892870336166,27.761359438492793,16852,True,False,False
4181,CSS_J165742.5+273454,EW,EW,False,False,1.754710011082379,2.862947912818618,16852,True,False,False
4182,CSS_J203952.4-125415,EW,EW,False,False,53.823420760990025,29.77465829331363,16852,True,False,False
4183,CSS_J134525.6-125639,RRc,RRc,False,False,3.2119914346895073,21.5203426124197,2917,True,False,False
4184,CSS_J074314.0+185846,EW,EW,False,False,55.097894347986696,58.23790173623939,16852,True,False,False
4185,CSS_J141534.5+042400,RRab,RRab,False,False,46.44670050761421,63.45177664974619,1249,True,False,False
4186,CSS_J231627.5+305832,EW,EA,True,False,91.1895086811969,24.935352789065384,16852,True,False,False
4187,CSS_J173145.0+485839,EW,EA,True,False,95.56704839305505,59.21684521610639,16852,True,False,False
4188,CSS_J210707.7-153608,EW,EW,False,False,36.516438862209085,50.25858884373846,16852,True,False,False
4189,CSS_J131448.6+202025,EW,EA,True,False,79.86701145179165,12.172146287403029,16852,True,False,False
4190,CSS_J222341.9+160130,EW,EW,False,False,83.09937199852236,72.46028814185446,16852,True,False,False
4191,CSS_J024017.9+352602,RRc,RRc,False,False,46.25267665952891,23.233404710920773,2917,True,False,False
4192,CSS_J044301.1-173532,EW,EW,False,False,13.686738086442556,11.581086073143702,16852,True,False,False
4193,CSS_J165747.1+000620,EW,EW,False,False,14.739564093091984,78.684891023273,16852,True,False,False
4194,CSS_J084708.5-021809,EW,EW,False,False,16.272626523827117,26.542297746582932,16852,True,False,False
4195,CSS_J183348.4+541907,EW,EW,False,False,7.997783524196528,12.984854082009607,16852,True,False,False
4196,CSS_J052236.7+172717,RRc,RRc,False,False,1.7130620985010707,16.70235546038544,2917,True,False,False
4197,CSS_J011441.6+204131,EW,EW,False,False,7.923900997414111,5.430365718507573,16852,True,False,False
4198,CSS_J042200.8+225752,EW,EW,False,False,83.37643147395642,26.246767639453267,16852,True,False,False
4199,CSS_J004231.1+252112,EW,EW,False,False,93.70151459179904,99.24270410048024,16852,True,False,False
4200,CSS_J075338.3+170808,EW,EW,False,False,16.291097155522717,18.175101588474327,16852,True,False,False
4201,CSS_J082327.1+034811,EA,EA,False,False,61.91646191646192,56.63390663390664,2597,True,False,False
4202,CSS_J064402.7+501900,EW,EW,False,False,6.058367196158108,4.02659770964167,16852,True,False,False
4203,CSS_J072923.4+533423,RRab,RRab,False,False,24.873096446700508,48.73096446700508,1249,True,False,False
4204,CSS_J020441.1+221937,EA,EA,False,False,62.40786240786241,42.75184275184275,2597,True,False,False
4205,CSS_J070538.7+311950,EW,EW,False,False,77.3180642777983,18.396749168821575,16852,True,False,False
4206,CSS_J131318.4+000643,RRab,RRab,False,False,79.94923857868021,51.01522842639594,1249,True,False,False
4207,CSS_J155927.8+052802,EA,EA,False,False,85.62653562653563,92.997542997543,2597,True,False,False
4208,CSS_J113549.3-062545,EW,EW,False,False,89.73032877724418,94.5142223864056,16852,True,False,False
4209,CSS_J073248.4+405538,EW,EW,False,False,99.26117473217585,65.44144809752494,16852,True,False,False
4210,CSS_J042058.7+031932,EW,EW,False,False,26.20982637606206,20.022164758034723,16852,True,False,False
4211,CSS_J173823.4+311621,RRc,RRc,False,False,84.36830835117773,48.0728051391863,2917,True,False,False
4212,CSS_J164924.6+021747,EA,EA,False,False,1.597051597051597,1.1056511056511056,2597,True,False,False
4213,CSS_J022016.8+373206,EW,EW,False,False,97.08164019209457,90.22903583302549,16852,True,False,False
4214,CSS_J170614.3+184622,EW,EW,False,False,72.12781677133357,44.95751754710011,16852,True,False,False
4215,CSS_J014355.4+354403,EW,EW,False,False,43.646102696712234,19.87439970446989,16852,True,False,False
4216,CSS_J122428.5+495429,EW,EW,False,False,94.36645733284078,90.06280014776506,16852,True,False,False
4217,CSS_J090313.2+234618,EW,EW,False,False,78.81418544514223,56.72330993719985,16852,True,False,False
4218,CSS_J211453.1+094327,EW,EW,False,False,19.486516438862207,28.61100849649058,16852,True,False,False
4219,CSS_J234145.7+233158,EW,EW,False,False,57.99778352419652,52.3088289619505,16852,True,False,False
4220,CSS_J015750.4+391510,EW,EW,False,False,89.3609161433321,13.871444403398597,16852,True,False,False
4221,CSS_J205250.7-124354,EW,EW,False,False,46.435168082748426,2.622829700775766,16852,True,False,False
4222,CSS_J160311.8-145357,EW,EW,False,False,46.601403768008865,58.127077946065754,16852,True,False,False
4223,CSS_J205208.1+012035,EW,EW,False,False,14.49944588104913,48.5962319911341,16852,True,False,False
4224,CSS_J052814.9+103434,EA,EA,False,False,41.76904176904177,74.57002457002457,2597,True,False,False
4225,CSS_J133104.7+133036,EW,EW,False,False,8.75507942371629,29.516069449575177,16852,True,False,False
4226,CSS_J051322.5+021559,EA,EW,True,False,40.663390663390665,54.2997542997543,2597,True,False,False
4227,CSS_J074646.4+141918,RS CVn,RS CVn,False,True,53.67647058823529,55.51470588235294,846,True,False,False
4228,CSS_J010119.5+343012,EW,EW,False,False,85.37125969708164,51.44070927225711,16852,True,False,False
4229,CSS_J075828.7+382227,EW,EW,False,False,36.44255633542667,66.01403768008865,16852,True,False,False
4230,CSS_J033504.2+362636,EW,EW,False,False,89.21315108976728,67.9903952715183,16852,True,False,False
4231,CSS_J045439.4+122354,EA,EA,False,False,79.85257985257985,52.702702702702695,2597,True,False,False
4232,CSS_J075654.7+203857,EA,EA,False,False,46.80589680589681,38.08353808353808,2597,True,False,False
4233,CSS_J165918.1-050059,RS CVn,EW,True,True,33.088235294117645,75.73529411764706,846,True,False,False
4234,CSS_J035625.4+300300,EW,EW,False,False,70.16992981159956,68.13816032508312,16852,True,False,False
4235,CSS_J125648.9+090640,RRab,RRab,False,False,75.38071065989847,75.63451776649747,1249,True,False,False
4236,CSS_J051407.5+044051,EW,EW,False,False,96.36128555596602,90.35833025489471,16852,True,False,False
4237,CSS_J110113.7+322541,EW,EW,False,False,62.0243812338382,1.810121906169191,16852,True,False,False
4238,CSS_J045650.0+071214,EW,EW,False,False,73.25452530476542,53.78647949759882,16852,True,False,False
4239,CSS_J064848.7+612719,EW,EW,False,False,6.483191725157001,42.70410048023642,16852,True,False,False
4240,CSS_J045746.0+095252,EW,EW,False,False,72.05393424455117,12.153675655707426,16852,True,False,False
4241,CSS_J013559.5+014550,RRc,RRc,False,False,51.17773019271949,50.85653104925053,2917,True,False,False
4242,CSS_J131450.8+103742,EA,EA,False,False,6.019656019656019,1.2285012285012284,2597,True,False,False
4243,CSS_J211854.0+092157,EA,EA,False,False,47.78869778869779,33.90663390663391,2597,True,False,False
4244,CSS_J162718.1+230546,RRc,RRc,False,False,1.9271948608137044,10.599571734475374,2917,True,False,False
4245,CSS_J175815.7+472713,EW,EW,False,False,31.10454377539712,54.30365718507573,16852,True,False,False
4246,CSS_J223613.0+073959,EW,EW,False,False,68.45216106390839,26.819357222016993,16852,True,False,False
4247,CSS_J101941.6+425259,EW,EW,False,False,3.989656446250462,39.13926856298485,16852,True,False,False
4248,CSS_J030547.7+354300,RS CVn,EW,True,True,19.11764705882353,42.64705882352941,846,True,False,False
4249,CSS_J134557.3-184751,EW,EW,False,False,63.85297377170299,45.696342814924265,16852,True,False,False
4250,CSS_J010209.4+230948,EW,EW,False,False,8.441078684891023,1.7731806427779833,16852,True,False,False
4251,CSS_J055731.8-093721,RS CVn,EW,True,True,29.77941176470588,25.0,846,True,False,False
4252,CSS_J235833.7+413632,EW,EW,False,False,73.03287772441817,56.22460288141854,16852,True,False,False
4253,CSS_J053213.4-121255,EW,EW,False,False,18.452161063908385,85.46361285555966,16852,True,False,False
4254,CSS_J205440.3+021640,EW,EW,False,False,44.4588104913188,28.370890284447732,16852,True,False,False
4255,CSS_J135442.4+051304,LPV,LPV,False,False,13.793103448275861,9.195402298850574,281,True,False,False
4256,CSS_J034329.4+282500,EW,EW,False,False,58.976727004063534,30.60583671961581,16852,True,False,False
4257,CSS_J174653.4+525549,RRab,RRab,False,False,86.04060913705584,94.9238578680203,1249,True,False,False
4258,CSS_J011042.5+091655,RRc,RRc,False,False,7.815845824411134,86.61670235546039,2917,True,False,False
4259,CSS_J225935.2+192837,EW,EW,False,False,95.3454008127078,97.11858145548578,16852,True,False,False
4260,CSS_J150210.8+184955,EW,EW,False,False,72.6449944588105,88.99150350942003,16852,True,False,False
4261,CSS_J070643.5+404027,EW,EW,False,False,20.871813816032507,11.876616180273365,16852,True,False,False
4262,CSS_J010222.9+375506,LPV,LPV,False,False,41.37931034482759,27.586206896551722,281,True,False,False
4263,CSS_J095312.7+173000,RRc,RRc,False,False,94.3254817987152,49.57173447537473,2917,True,False,False
4264,CSS_J120431.8+035842,RS CVn,RS CVn,False,True,12.867647058823529,11.397058823529411,846,True,False,False
4265,CSS_J100134.8+253000,RRc,RRc,False,False,27.301927194860813,15.310492505353318,2917,True,False,False
4266,CSS_J095307.5+170340,EW,EW,False,False,82.54525304765423,77.02253417066864,16852,True,False,False
4267,CSS_J031448.7+204950,EW,EW,False,False,54.45142223864055,32.415958625785,16852,True,False,False
4268,CSS_J052706.1-055827,EW,EW,False,False,54.78389360916144,62.966383450314,16852,True,False,False
4269,CSS_J162640.3-021043,EW,EW,False,False,12.818618396749168,27.39194680458072,16852,True,False,False
4270,CSS_J134312.1+044105,EA,EA,False,False,26.65847665847666,17.444717444717444,2597,True,False,False
4271,CSS_J105359.1-111340,EW,EW,False,False,50.31400073882527,61.41485038788327,16852,True,False,False
4272,CSS_J210025.3+132822,EW,EW,False,False,3.9711858145548575,21.592168452161065,16852,True,False,False
4273,CSS_J233810.7+221423,EW,EW,False,False,11.876616180273365,16.549685999261175,16852,True,False,False
4274,CSS_J172911.1+094452,RRab,RRab,False,False,24.111675126903553,43.401015228426395,1249,True,False,False
4275,CSS_J033934.4+200457,EW,EW,False,False,13.575914296268932,67.5655707425194,16852,True,False,False
4276,CSS_J080204.8+280826,EW,EW,False,False,77.24418175101589,28.66642039157739,16852,True,False,False
4277,CSS_J054056.0-011453,EW,EW,False,False,65.79239009974141,81.14148503878833,16852,True,False,False
4278,CSS_J024208.2+373426,EA,EA,False,False,34.15233415233415,34.27518427518427,2597,True,False,False
4279,CSS_J213029.2+101238,EW,EW,False,False,77.798300701884,38.38197266346509,16852,True,False,False
4280,CSS_J040036.4-092725,EW,EW,False,False,81.62172146287404,70.3915773919468,16852,True,False,False
4281,CSS_J055422.1-001519,EW,RRab,True,False,98.96564462504618,99.75988178795716,16852,True,True,False
4282,CSS_J211115.3-080956,RRc,EW,True,False,59.63597430406852,91.1134903640257,2917,True,False,False
4283,CSS_J100204.0+100719,EW,EW,False,False,23.900997414111565,45.10528260066494,16852,True,False,False
4284,CSS_J210648.3-110351,EW,EW,False,False,13.335796084226082,11.691909863317324,16852,True,False,False
4285,CSS_J230625.4-144314,EW,EW,False,False,3.213889915035094,31.34466198743997,16852,True,False,False
4286,CSS_J005440.6+242503,EW,EW,False,False,34.46619874399705,32.04654599187292,16852,True,False,False
4287,CSS_J070157.0+320452,EW,EW,False,False,20.28075360177318,20.206871074990765,16852,True,False,False
4288,CSS_J164954.1-021244,EW,EW,False,False,41.300332471370524,20.317694865164388,16852,True,False,False
4289,CSS_J050304.7+080248,EW,EW,False,False,24.03029183598079,31.751015884743257,16852,True,False,False
4290,CSS_J153014.3+065052,EA,EA,False,False,98.77149877149877,80.22113022113022,2597,True,False,False
4291,CSS_J081943.8+154919,EW,EW,False,False,15.219800517177687,16.697451052826008,16852,True,False,False
4292,CSS_J020924.6+200335,EW,EW,False,False,55.37495382342076,0.6280014776505356,16852,True,False,False
4293,CSS_J223302.0+133346,EW,EW,False,False,77.17029922423347,91.20797931289249,16852,True,False,False
4294,CSS_J161643.8+351018,RRc,RRc,False,False,6.5310492505353315,14.23982869379015,2917,True,False,False
4295,CSS_J235952.9+290638,EW,EW,False,False,62.9848540820096,42.796453638714446,16852,True,False,False
4296,CSS_J172702.5+300339,EW,EW,False,False,17.694865164388624,11.913557443664573,16852,True,False,False
4297,CSS_J211509.3+003042,RRab,EW,True,False,77.66497461928934,90.86294416243655,1249,True,False,False
4298,CSS_J094417.7-113203,EW,EW,False,False,65.33062430735131,82.8777244181751,16852,True,False,False
4299,CSS_J085532.6+143242,EW,EW,False,False,75.80347247875878,25.13852973771703,16852,True,False,False
4300,CSS_J090637.8+241213,EW,EW,False,False,87.9756187661618,51.219061691909864,16852,True,False,False
4301,CSS_J203933.6-052034,EW,EW,False,False,41.52198005171777,54.50683413372738,16852,True,False,False
4302,CSS_J035636.4+312222,EW,EW,False,False,70.92722571111932,86.68267454746952,16852,True,False,False
4303,CSS_J045805.4-110827,RRc,RRc,False,False,63.16916488222698,74.62526766595289,2917,True,False,False
4304,CSS_J084331.6+133819,EA,EW,True,False,89.31203931203932,91.03194103194103,2597,True,False,False
4305,CSS_J135733.5+321914,EW,EW,False,False,11.377909124492058,1.9394163280384191,16852,True,False,False
4306,CSS_J110449.3+455728,EW,EW,False,False,3.3247137052087186,2.013298854820835,16852,True,False,False
4307,CSS_J220132.6+170500,EW,EW,False,False,90.39527151828592,72.14628740302919,16852,True,False,False
4308,CSS_J200854.2-165405,RRab,RRab,False,False,81.21827411167513,81.97969543147208,1249,True,False,False
4309,CSS_J223244.6+322638,EW,EW,False,False,36.22090875507942,6.2800147765053564,16852,True,False,False
4310,CSS_J171426.2+561722,RS CVn,RS CVn,False,True,48.161764705882355,52.94117647058824,846,True,False,False
4311,CSS_J174030.4+322629,RRab,RRab,False,False,87.05583756345177,50.76142131979695,1249,True,False,False
4312,CSS_J080938.5+464345,EA,EA,False,False,25.307125307125304,15.233415233415235,2597,True,False,False
4313,CSS_J021132.9+220334,EW,EW,False,False,52.992242334687845,76.3760620613225,16852,True,False,False
4314,CSS_J075319.1+025834,RRc,RRc,False,False,43.0406852248394,72.59100642398288,2917,True,False,False
4315,CSS_J110306.0+263951,EA,EA,False,False,58.96805896805897,86.85503685503686,2597,True,False,False
4316,CSS_J044647.2+282852,EA,EA,False,False,34.64373464373464,74.2014742014742,2597,True,False,False
4317,CSS_J064304.2+431400,EW,EW,False,False,88.9176209826376,47.46952345770225,16852,True,False,False
4318,CSS_J142525.5+120521,RRc,RRc,False,False,23.554603854389722,56.53104925053534,2917,True,False,False
4319,CSS_J062322.4-085440,EW,EW,False,False,74.86147026228296,37.66161802733654,16852,True,False,False
4320,CSS_J173357.2+361857,EW,EW,False,False,61.1193202807536,85.40820096047284,16852,True,False,False
4321,CSS_J051043.9+060719,EW,EW,False,False,42.72257111193203,82.60066494274105,16852,True,False,False
4322,CSS_J171737.3+083134,EW,EW,False,False,13.428149242704102,90.78315478389361,16852,True,False,False
4323,CSS_J151543.5+494127,RRab,RRab,False,False,41.878172588832484,51.52284263959391,1249,True,False,False
4324,CSS_J085545.8+011146,EW,EW,False,False,67.28851126708534,69.28333949021057,16852,True,False,False
4325,CSS_J225933.4+041513,EW,EW,False,False,76.11747321758403,57.517547100110825,16852,True,False,False
4326,CSS_J162148.3+653005,EW,EW,False,False,36.05467306981899,74.78758773550055,16852,True,False,False
4327,CSS_J163042.5+531258,EW,EW,False,False,86.81196896933875,96.84152198005171,16852,True,False,False
4328,CSS_J004656.4+374746,EW,EW,False,False,76.96712227558183,53.084595493165864,16852,True,False,False
4329,CSS_J060513.2-113406,EW,EW,False,False,76.28370890284448,71.7399335057259,16852,True,False,False
4330,CSS_J174601.7+260449,EW,EW,False,False,60.69449575175471,47.83893609161433,16852,True,False,False
4331,CSS_J211305.0+052044,EA,EA,False,False,14.619164619164618,41.27764127764127,2597,True,False,False
4332,CSS_J172201.0+301112,EW,EW,False,False,45.89951976357591,3.158478019948282,16852,True,False,False
4333,CSS_J213245.1+161550,EW,EW,False,False,85.35278906538603,72.7373476172885,16852,True,False,False
4334,CSS_J163735.1+151142,RRc,RRc,False,False,24.411134903640257,61.88436830835118,2917,True,False,False
4335,CSS_J023415.2+244320,EW,EW,False,False,79.84854082009605,51.57000369412634,16852,True,False,False
4336,CSS_J083610.7+170925,EW,EW,False,False,92.63021795345401,72.79275951237533,16852,True,False,False
4337,CSS_J051049.2+124825,EW,EW,False,False,37.77244181751016,22.12781677133358,16852,True,False,False
4338,CSS_J163150.8-091441,EW,EW,False,False,12.301440709272256,80.0147765053565,16852,True,False,False
4339,CSS_J155641.2+155448,EW,EW,False,False,47.82046545991873,70.33616549685999,16852,True,False,False
4340,CSS_J163713.7+104614,EW,EW,False,False,88.49279645363872,96.34281492427041,16852,True,False,False
4341,CSS_J234530.0+410459,EW,EW,False,False,32.914665681566305,0.2955301071296638,16852,True,False,False
4342,CSS_J023044.9+381842,EW,EW,False,False,11.451791651274473,1.1821204285186553,16852,True,False,False
4343,CSS_J053419.4+025551,RS CVn,EW,True,True,7.352941176470589,5.147058823529411,846,True,False,False
4344,CSS_J120347.5-142442,EW,EW,False,False,73.1252308828962,92.61174732175841,16852,True,False,False
4345,CSS_J071824.4+423145,EW,EW,False,False,59.715552271887695,43.29516069449575,16852,True,False,False
4346,CSS_J154116.8+511428,EW,EW,False,False,15.681566309567788,0.6095308459549317,16852,True,False,False
4347,CSS_J052940.8+010659,RS CVn,EW,True,True,52.57352941176471,37.86764705882353,846,True,False,False
4348,CSS_J041557.2+275556,EW,EW,False,False,17.584041374214998,26.708533431843367,16852,True,False,False
4349,CSS_J074248.8+284700,EW,EW,False,False,96.76763945326931,91.48503878832656,16852,True,False,False
4350,CSS_J172713.5+094310,RRab,RRab,False,False,29.441624365482234,69.79695431472082,1249,True,False,False
4351,CSS_J164410.6+113558,EA,EA,False,False,27.27272727272727,20.39312039312039,2597,True,False,False
4352,CSS_J220237.5+013404,EW,EW,False,False,67.89804211304028,1.4222386405615073,16852,True,False,False
4353,CSS_J074909.9+500152,RRc,RRc,False,False,36.77730192719486,31.156316916488226,2917,True,False,False
4354,CSS_J164333.5+000546,EW,EW,False,False,45.160694495751756,32.896195049870705,16852,True,False,False
4355,CSS_J160515.1+293711,EW,EW,False,False,37.45844107868489,66.97451052826007,16852,True,False,False
4356,CSS_J215518.1+020355,EW,EW,False,False,26.080531954192832,69.70816401920946,16852,True,False,False
4357,CSS_J160322.0+303317,EW,EW,False,False,4.9316586627262655,19.597340229035833,16852,True,False,False
4358,CSS_J072948.9+291936,EW,EW,False,False,96.43516808274843,90.94939046915404,16852,True,False,False
4359,CSS_J051929.1+001258,EW,EW,False,False,88.51126708533432,28.130772072404874,16852,True,False,False
4360,CSS_J032814.3+154909,EW,EA,True,False,98.83635020317695,99.79682305134835,16852,True,True,False
4361,CSS_J172529.7+132915,EW,EA,True,False,87.920206871075,38.28961950498707,16852,True,False,False
4362,CSS_J161813.2-125621,RRab,RRab,False,False,65.73604060913706,45.431472081218274,1249,True,False,False
4363,CSS_J111454.2+642640,RRab,RRab,False,False,0.7614213197969544,25.12690355329949,1249,True,False,False
4364,CSS_J023624.7+252619,EW,EW,False,False,58.69966752862948,89.69338751385297,16852,True,False,False
4365,CSS_J050519.7+204726,EW,EW,False,False,67.19615810860732,75.10158847432582,16852,True,False,False
4366,CSS_J083739.7-054540,EA,EW,True,False,88.6977886977887,97.17444717444718,2597,True,False,False
4367,CSS_J133626.5-162333,RRc,RRc,False,False,48.0728051391863,68.3083511777302,2917,True,False,False
4368,CSS_J141941.5+054623,EW,EW,False,False,26.26523827114887,69.72663465090505,16852,True,False,False
4369,CSS_J150403.9-140614,RRab,RRab,False,False,40.35532994923858,18.781725888324875,1249,True,False,False
4370,CSS_J081152.2+332601,EW,EW,False,False,40.76468415219801,51.8470631695604,16852,True,False,False
4371,CSS_J203516.2-034343,RRc,RRc,False,False,54.81798715203426,96.1456102783726,2917,True,False,False
4372,CSS_J005748.6-092043,EW,RRc,True,False,56.353897303287766,62.74473586996675,16852,True,False,False
4373,CSS_J203128.1-011728,EW,EW,False,False,25.526413003324716,63.649796823051354,16852,True,False,False
4374,CSS_J155255.0+584228,EW,EW,False,False,19.87439970446989,17.011451791651275,16852,True,False,False
4375,CSS_J052617.2+105524,EW,EW,False,False,29.959364610269674,39.8042113040266,16852,True,False,False
4376,CSS_J031443.6+240602,RS CVn,EW,True,True,22.426470588235293,54.41176470588235,846,True,False,False
4377,CSS_J042451.9+334535,EW,EW,False,False,27.853712596970816,75.06464721093461,16852,True,False,False
4378,CSS_J013543.7+030527,EW,EW,False,False,51.36682674547469,6.594015515330624,16852,True,False,False
4379,CSS_J050314.6+164925,EW,EW,False,False,96.50905060953085,92.77798300701883,16852,True,False,False
4380,CSS_J032415.0+325648,EW,EW,False,False,84.61396379756188,52.401182120428516,16852,True,False,False
4381,CSS_J074018.7+453630,RRc,RRc,False,False,37.58029978586724,23.019271948608136,2917,True,False,False
4382,CSS_J211739.5+040556,RRc,RRc,False,False,49.67880085653105,76.23126338329764,2917,True,False,False
4383,CSS_J094700.6-102917,EW,EW,False,False,62.31991134096786,78.79571481344662,16852,True,False,False
4384,CSS_J162659.1+354022,EW,EW,False,False,73.91946804580716,22.718876985592907,16852,True,False,False
4385,CSS_J070913.1+602622,EW,EW,False,False,43.94163280384189,73.1621721462874,16852,True,False,False
4386,CSS_J160533.0+221530,EW,EW,False,False,9.06908016254156,14.16697451052826,16852,True,False,False
4387,CSS_J041050.1+232643,EW,EW,False,False,91.09715552271888,23.457702253417068,16852,True,False,False
4388,CSS_J103324.1-145808,EW,EW,False,False,79.97783524196528,90.41374214998153,16852,True,False,False
4389,CSS_J203826.9-141622,RRc,EW,True,False,54.06852248394004,60.81370449678801,2917,True,False,False
4390,CSS_J153918.0+085030,EW,EW,False,False,6.224602881418544,20.945696342814923,16852,True,False,False
4391,CSS_J154320.2-143037,RRab,RRab,False,False,0.5076142131979695,9.644670050761421,1249,True,False,False
4392,CSS_J222758.0+020013,EW,EW,False,False,1.0712966383450313,16.198743997044698,16852,True,False,False
4393,CSS_J215621.0+135924,EW,EW,False,False,0.05541189508681198,33.93055042482453,16852,True,False,False
4394,CSS_J031157.6+320034,EW,EW,False,False,16.734392316217214,44.31104543775397,16852,True,False,False
4395,CSS_J202608.0-152017,EW,EW,False,False,74.03029183598079,78.66642039157739,16852,True,False,False
4396,CSS_J215022.3+012819,EW,EW,False,False,13.188031030661248,62.68932397487994,16852,True,False,False
4397,CSS_J131634.6+174306,RRc,RRc,False,False,50.85653104925053,75.37473233404711,2917,True,False,False
4398,CSS_J100115.9-142719,RRab,RRab,False,False,64.21319796954315,39.08629441624365,1249,True,False,False
4399,CSS_J164309.8+013010,EW,EW,False,False,5.430365718507573,37.9571481344662,16852,True,False,False
4400,CSS_J063359.7+670130,RRab,RRab,False,False,87.81725888324873,71.31979695431471,1249,True,False,False
4401,CSS_J153443.9+215044,EW,EW,False,False,48.891762098263754,49.0764684152198,16852,True,False,False
4402,CSS_J161906.6-013828,EW,EW,False,False,55.46730698189878,95.47469523457703,16852,True,False,False
4403,CSS_J110226.4+285423,EW,EW,False,False,48.67011451791651,63.76062061322497,16852,True,False,False
4404,CSS_J142850.4+145918,RRc,RRc,False,False,25.374732334047106,40.57815845824411,2917,True,False,False
4405,CSS_J052300.2+091326,EW,EW,False,False,26.671592168452165,54.21130402659771,16852,True,False,False
4406,CSS_J013211.4+302210,EW,EW,False,False,7.03731067602512,41.41115626154415,16852,True,False,False
4407,CSS_J214644.7+122908,EW,EW,False,False,58.07166605097894,31.10454377539712,16852,True,False,False
4408,CSS_J050114.8+200903,EW,EW,False,False,40.469154045068336,69.96675286294791,16852,True,False,False
4409,CSS_J073517.2+201244,EW,EW,False,False,8.607314370151459,7.443664573328408,16852,True,False,False
4410,CSS_J220909.7-125023,RRc,EW,True,False,91.7558886509636,71.5203426124197,2917,True,False,False
4411,CSS_J162457.5+075756,RRc,RRc,False,False,42.61241970021413,33.72591006423983,2917,True,False,False
4412,CSS_J002122.2+450654,EW,EW,False,False,39.89656446250462,39.06538603620244,16852,True,False,False
4413,CSS_J151915.6+390952,EW,EW,False,False,56.9264868858515,44.9021056520133,16852,True,False,False
4414,CSS_J174838.2+442139,EW,EW,False,False,71.7953454008127,41.48503878832656,16852,True,False,False
4415,CSS_J082759.7-061923,EW,EW,False,False,25.87735500554119,14.000738825267826,16852,True,False,False
4416,CSS_J043920.9+175621,EW,EW,False,False,9.567787218322866,25.249353527890655,16852,True,False,False
4417,CSS_J031701.8+291042,EA,EA,False,False,33.53808353808354,16.953316953316953,2597,True,False,False
4418,CSS_J144448.6+443859,EW,EW,False,False,99.0579977835242,57.64684152198005,16852,True,False,False
4419,CSS_J074013.9+624142,EW,EW,False,False,4.4329516069449575,40.7462135205024,16852,True,False,False
4420,CSS_J103817.1+121333,EA,EW,True,False,97.54299754299754,94.71744471744472,2597,True,False,False
4421,CSS_J030427.6+354211,EW,EW,False,False,16.697451052826008,72.95899519763576,16852,True,False,False
4422,CSS_J051017.1+093254,EA,EW,True,False,99.26289926289927,97.91154791154791,2597,True,False,False
4423,CSS_J214637.4+191037,EW,EW,False,False,7.628370890284447,3.47247875877355,16852,True,False,False
4424,CSS_J074414.2+234842,EW,EW,False,False,71.09346139637975,50.22164758034725,16852,True,False,False
4425,CSS_J143216.4-030437,EA,EA,False,False,23.587223587223587,62.53071253071253,2597,True,False,False
4426,CSS_J052155.9+124150,EW,EW,False,False,72.38640561507204,26.006649427410416,16852,True,False,False
4427,CSS_J005611.7+354909,EW,EW,False,False,31.787957148134467,27.170299224233467,16852,True,False,False
4428,CSS_J153922.5-064344,RRab,RRab,False,False,54.314720812182735,39.340101522842644,1249,True,False,False
4429,CSS_J031742.1+375358,EW,EW,False,False,16.328038418913927,57.14813446619874,16852,True,False,False
4430,CSS_J154541.4+360522,EW,EW,False,False,64.7765053564832,38.862209087550795,16852,True,False,False
4431,CSS_J040856.0+145553,EA,EA,False,False,93.36609336609337,40.04914004914005,2597,True,False,False
4432,CSS_J113956.1-125313,RRc,EW,True,False,93.04068522483941,18.30835117773019,2917,True,False,False
4433,CSS_J212058.0+153312,EW,EW,False,False,12.190616919098634,10.288141854451423,16852,True,False,False
4434,CSS_J034013.1+212720,EW,EW,False,False,21.370520871813817,63.26191355744366,16852,True,False,False
4435,CSS_J125052.8-061331,EW,EW,False,False,81.25230882896194,37.199852234946434,16852,True,False,False
4436,CSS_J225236.3+115859,EW,EW,False,False,32.988548208348725,31.178426302179535,16852,True,False,False
4437,CSS_J011902.7+380331,EW,EW,False,False,23.66087920206871,5.504248245289989,16852,True,False,False
4438,CSS_J082022.1+123504,EW,EW,False,False,38.363502031769485,62.20908755079424,16852,True,False,False
4439,CSS_J150355.7-011622,EW,EW,False,False,41.17103804950129,72.12781677133357,16852,True,False,False
4440,CSS_J100738.7+452427,RS CVn,EW,True,True,69.85294117647058,95.58823529411765,846,True,False,False
4441,CSS_J044125.2-071912,EW,EW,False,False,83.43184336904322,64.88732914665681,16852,True,False,False
4442,CSS_J014745.1+353804,EW,EW,False,False,72.14628740302919,22.09087550794237,16852,True,False,False
4443,CSS_J154151.1+512557,EW,EW,False,False,73.32840783154784,80.03324713705209,16852,True,False,False
4444,CSS_J163607.8-081951,EW,EW,False,False,41.983745844107865,60.325083117842624,16852,True,False,False
4445,CSS_J075121.0+123636,EW,EW,False,False,70.76099002585889,65.73697820465459,16852,True,False,False
4446,CSS_J103625.6-013201,EA,EW,True,False,45.45454545454545,41.400491400491404,2597,True,False,False
4447,CSS_J122010.7-093813,EA,EA,False,False,28.37837837837838,5.896805896805897,2597,True,False,False
4448,CSS_J004605.0+012948,EW,EW,False,False,17.51015884743258,42.27927595123753,16852,True,False,False
4449,CSS_J165410.0+083735,EW,EW,False,False,23.605467306981897,43.16586627262652,16852,True,False,False
4450,CSS_J032225.4-173137,EW,EW,False,False,29.922423346878464,85.1865533801256,16852,True,False,False
4451,CSS_J010725.8+285522,EW,EW,False,False,15.718507572958995,3.527890653860362,16852,True,False,False
4452,CSS_J224533.8+370220,EW,EW,False,False,50.51717768747691,77.89065386036202,16852,True,False,False
4453,CSS_J031148.1+020408,RRab,RRab,False,False,47.71573604060914,51.776649746192895,1249,True,False,False
4454,CSS_J090329.8+390738,EW,EW,False,False,92.70410048023643,94.32951606944957,16852,True,False,False
4455,CSS_J164213.0+140409,EW,EW,False,False,38.65903213889915,12.523088289619505,16852,True,False,False
4456,CSS_J160534.7+033930,EW,EW,False,False,23.1437015145918,24.011821204285187,16852,True,False,False
4457,CSS_J231129.9+131648,EW,EW,False,False,90.02585888437385,96.45363871444404,16852,True,False,False
4458,CSS_J163705.0-181108,RRab,RRab,False,False,19.543147208121827,21.82741116751269,1249,True,False,False
4459,CSS_J214406.1+184504,EA,EA,False,False,95.0859950859951,73.83292383292384,2597,True,False,False
4460,CSS_J203849.8-190453,RRc,RRc,False,False,26.231263383297645,60.17130620985011,2917,True,False,False
4461,CSS_J213219.7+093800,EW,EW,False,False,28.2415958625785,10.860731437015145,16852,True,False,False
4462,CSS_J043511.7+391946,LPV,LPV,False,False,40.229885057471265,25.287356321839084,281,True,False,False
4463,CSS_J232712.1+064923,EW,EW,False,False,90.21056520132989,43.33210195788696,16852,True,False,False
4464,CSS_J223740.6+382501,EW,EW,False,False,65.53380125600296,55.28260066494274,16852,True,False,False
4465,CSS_J030628.7+094801,RRab,RRab,False,False,62.69035532994924,93.90862944162437,1249,True,False,False
4466,CSS_J212936.0+042038,EW,EW,False,False,49.29811599556705,76.19135574436646,16852,True,False,False
4467,CSS_J203336.3-130234,EA,EA,False,False,75.06142506142506,61.302211302211305,2597,True,False,False
4468,CSS_J022528.6-044637,EW,EW,False,False,89.02844477281123,91.52198005171776,16852,True,False,False
4469,CSS_J112914.7+011533,RRd,RRd,False,True,9.411764705882353,15.294117647058824,258,True,False,False
4470,CSS_J050106.4+240924,EW,EW,False,False,90.91244920576284,90.17362393793867,16852,True,False,False
4471,CSS_J083938.7-050614,EA,EA,False,False,32.67813267813268,72.85012285012284,2597,True,False,False
4472,CSS_J145015.5+544514,EW,EW,False,False,1.4222386405615073,26.283708902844477,16852,True,False,False
4473,CSS_J025058.1+290958,EW,EW,False,False,51.32988548208349,55.22718876985593,16852,True,False,False
4474,CSS_J172212.6+260745,EW,RRc,True,False,92.39009974141116,87.27373476172885,16852,True,False,False
4475,CSS_J212807.2+185232,EW,EW,False,False,70.15145917990395,90.85703731067602,16852,True,False,False
4476,CSS_J032841.8-040409,EW,EW,False,False,85.86996675286295,57.609900258588844,16852,True,False,False
4477,CSS_J045546.7-160209,EW,EW,False,False,85.11267085334319,97.35869966752863,16852,True,False,False
4478,CSS_J040000.0+174517,EW,EW,False,False,20.09604728481714,14.776505356483192,16852,True,False,False
4479,CSS_J065246.0+425339,EA,EA,False,False,37.1007371007371,82.67813267813267,2597,True,False,False
4480,CSS_J113047.2-044223,EW,EW,False,False,47.340229035833026,46.39822681935723,16852,True,False,False
4481,CSS_J231359.3+321707,EW,EW,False,False,74.93535278906539,69.65275212412264,16852,True,False,False
4482,CSS_J205109.5+015201,EW,EW,False,False,4.673069818987809,10.620613224972294,16852,True,False,False
4483,CSS_J010354.4+203955,RS CVn,RS CVn,False,True,89.33823529411765,100.0,846,True,False,False
4484,CSS_J013518.0-124340,RRd,EW,True,True,97.6470588235294,97.6470588235294,258,True,False,False
4485,CSS_J161905.2+040631,RRc,RRc,False,False,30.83511777301927,43.897216274089935,2917,True,False,False
4486,CSS_J203305.1-135803,EW,EW,False,False,96.2504617657924,95.91799039527152,16852,True,False,False
4487,CSS_J045226.5-162530,EA,EA,False,False,76.04422604422605,58.47665847665847,2597,True,False,False
4488,CSS_J085513.6+462743,EA,EA,False,False,99.5085995085995,97.66584766584766,2597,True,False,False
4489,CSS_J232735.4+304553,EW,EW,False,False,4.469892870336166,9.734022903583304,16852,True,False,False
4490,CSS_J035010.6-143221,RRc,RRc,False,False,78.15845824411134,27.301927194860813,2917,True,False,False
4491,CSS_J090527.4-012457,EW,EW,False,False,60.546730698189876,89.3424455116365,16852,True,False,False
4492,CSS_J084429.9+363108,EW,EW,False,False,74.14111562615442,94.99445881049132,16852,True,False,False
4493,CSS_J151432.5+161236,EW,EW,False,False,74.28888067971926,86.36867380864426,16852,True,False,False
4494,CSS_J232456.1+120000,EW,EW,False,False,33.3394902105652,7.111193202807536,16852,True,False,False
4495,CSS_J171339.8+353251,RRc,RRc,False,False,71.84154175588866,63.49036402569593,2917,True,False,False
4496,CSS_J051337.7+014933,EA,EA,False,False,41.52334152334152,73.58722358722358,2597,True,False,False
4497,CSS_J125206.3+070613,RRd,RRc,True,True,54.11764705882353,41.17647058823529,258,True,False,False
4498,CSS_J105908.9+214817,EW,EW,False,False,41.15256741780569,31.086073143701515,16852,True,False,False
4499,CSS_J171902.0+333822,EW,EW,False,False,66.73439231621721,75.32323605467307,16852,True,False,False
4500,CSS_J011853.2+362155,EW,EW,False,False,40.635389730328775,1.754710011082379,16852,True,False,False
4501,CSS_J170032.3-030459,EW,EW,False,False,65.16438862209087,84.72478758773549,16852,True,False,False
4502,CSS_J231713.6-100855,RRd,RRc,True,True,65.88235294117646,77.64705882352942,258,True,False,False
4503,CSS_J213849.0+160453,EA,EA,False,False,57.00245700245701,88.32923832923832,2597,True,False,False
4504,CSS_J150152.4+074946,EW,EW,False,False,3.121536756557074,9.918729220539342,16852,True,False,False
4505,CSS_J045623.7+102642,EW,EW,False,False,45.04987070557813,15.441448097524935,16852,True,False,False
4506,CSS_J160345.3+550607,EW,EW,False,False,21.444403398596233,6.501662356852604,16852,True,False,False
4507,CSS_J164220.8+240002,EW,EW,False,False,22.05393424455116,60.1773180642778,16852,True,False,False
4508,CSS_J080452.0+115726,EW,EW,False,False,42.907277428888065,37.25526413003325,16852,True,False,False
4509,CSS_J054247.6+035228,EA,EA,False,False,38.08353808353808,79.36117936117935,2597,True,False,False
4510,CSS_J072304.2+352155,EA,EA,False,False,63.39066339066339,42.13759213759214,2597,True,False,False
4511,CSS_J094929.0+160130,RRc,EW,True,False,21.627408993576015,65.52462526766595,2917,True,False,False
4512,CSS_J170717.2+301727,RRc,EW,True,False,82.54817987152035,39.400428265524624,2917,True,False,False
4513,CSS_J220254.0+183353,EW,EW,False,False,2.5120059106021424,1.7916512744735869,16852,True,False,False
4514,CSS_J071025.2+582756,EW,EW,False,False,49.187292205393426,55.5596601403768,16852,True,False,False
4515,CSS_J021126.7+115535,RRc,RRc,False,False,19.80728051391863,30.83511777301927,2917,True,False,False
4516,CSS_J180836.2+461027,EW,EW,False,False,78.33394902105651,67.75027705947544,16852,True,False,False
4517,CSS_J050757.4+061659,EW,EW,False,False,53.76800886590322,62.726265238271154,16852,True,False,False
4518,CSS_J030327.5+044756,EW,EW,False,False,61.71038049501293,61.821204285186546,16852,True,False,False
4519,CSS_J214443.6+121407,EA,EA,False,False,88.57493857493857,35.62653562653563,2597,True,False,False
4520,CSS_J035007.7+291651,EW,EW,False,False,31.43701514591799,4.562246028814186,16852,True,False,False
4521,CSS_J165333.9+534350,EW,EW,False,False,39.8226819357222,51.200591060214265,16852,True,False,False
4522,CSS_J212036.5+083923,EW,EW,False,False,84.281492427041,63.63132619135574,16852,True,False,False
4523,CSS_J110430.4+184459,EW,EW,False,False,60.86073143701515,60.56520132988549,16852,True,False,False
4524,CSS_J075948.5+223712,EW,EW,False,False,72.88511267085335,73.67934983376432,16852,True,False,False
4525,CSS_J033614.2+275950,EW,EA,True,False,95.4192833394902,81.8987809383081,16852,True,False,False
4526,CSS_J161932.7+202552,RRab,RRab,False,False,66.49746192893402,1.015228426395939,1249,True,False,False
4527,CSS_J164107.7-194002,RRab,RRab,False,False,53.55329949238579,45.93908629441624,1249,True,False,False
4528,CSS_J133049.7+041738,RRc,RRc,False,False,77.40899357601712,12.526766595289079,2917,True,False,False
4529,CSS_J145530.1-082221,RRab,RRab,False,False,25.888324873096447,22.081218274111674,1249,True,False,False
4530,CSS_J003227.2+411407,EW,EW,False,False,80.1071296638345,92.53786479497599,16852,True,False,False
4531,CSS_J012839.7+433957,EW,EW,False,False,32.26819357222017,14.314739564093093,16852,True,False,False
4532,CSS_J145942.6+300006,EA,EA,False,False,8.968058968058969,3.8083538083538087,2597,True,False,False
4533,CSS_J160617.8-130614,EW,EW,False,False,84.79867011451792,65.20132988548208,16852,True,False,False
4534,CSS_J153018.0-112857,EW,EW,False,False,49.96305873660879,66.75286294791282,16852,True,False,False
4535,CSS_J075423.0+233839,EW,EW,False,False,46.80458071666051,18.65533801256003,16852,True,False,False
4536,CSS_J205404.3+023845,EW,EW,False,False,82.24972294052456,93.35057258958255,16852,True,False,False
4537,CSS_J064235.5+422858,EW,EW,False,False,87.31067602512006,39.8226819357222,16852,True,False,False
4538,CSS_J162015.0+582938,EW,EW,False,False,62.54155892131511,31.4924270410048,16852,True,False,False
4539,CSS_J001528.7+424723,EW,EW,False,False,28.814185445142225,52.01329885482083,16852,True,False,False
4540,CSS_J163227.0-092809,RRab,RRab,False,False,87.30964467005076,98.73096446700508,1249,True,False,False
4541,CSS_J235858.7+214748,EA,EA,False,False,67.44471744471745,92.01474201474201,2597,True,False,False
4542,CSS_J151223.3-073806,EW,EW,False,False,11.747321758404137,70.92722571111932,16852,True,False,False
4543,CSS_J074611.0+292451,RS CVn,RS CVn,False,True,63.23529411764706,73.89705882352942,846,True,False,False
4544,CSS_J005042.4+373458,RRc,RRc,False,False,21.948608137044967,33.51177730192719,2917,True,False,False
4545,CSS_J215104.2+211956,EW,EW,False,False,54.02659770964166,61.95049870705578,16852,True,False,False
4546,CSS_J041358.6+360743,EW,EW,False,False,31.215367565570745,80.71666050978943,16852,True,False,False
4547,CSS_J095755.1+053929,EW,EW,False,False,55.15330624307351,64.7765053564832,16852,True,False,False
4548,CSS_J063414.9+494021,EW,EW,False,False,63.76062061322497,48.09752493535279,16852,True,False,False
4549,CSS_J110920.2-174620,RRab,RRab,False,False,36.29441624365482,65.98984771573603,1249,True,False,False
4550,CSS_J214205.8-093800,RRc,RRc,False,False,17.34475374732334,13.276231263383298,2917,True,False,False
4551,CSS_J091743.2+162106,EA,EA,False,False,57.86240786240786,66.83046683046683,2597,True,False,False
4552,CSS_J061724.5+595435,EW,EW,False,False,32.04654599187292,50.83117842630218,16852,True,False,False
4553,CSS_J163846.8+013558,EW,EW,False,False,35.777613594384924,27.890653860362026,16852,True,False,False
4554,CSS_J170200.9+163132,RRab,RRab,False,False,12.18274111675127,33.50253807106599,1249,True,False,False
4555,CSS_J025623.0+313754,EW,RRc,True,False,63.908385666789805,77.3365349094939,16852,True,False,False
4556,CSS_J104843.0+383923,EW,EW,False,False,94.31104543775398,93.14739564093092,16852,True,False,False
4557,CSS_J005359.2-061314,RRc,RRc,False,False,18.950749464668093,16.38115631691649,2917,True,False,False
4558,CSS_J204749.4-052344,EW,EW,False,False,41.041743627632066,54.11895086811968,16852,True,False,False
4559,CSS_J215930.6+121617,EW,RS CVn,True,False,83.8381972663465,72.44181751015884,16852,True,False,False
4560,CSS_J113245.4+342031,EW,EW,False,False,33.93055042482453,94.05245659401551,16852,True,False,False
4561,CSS_J030155.4+154348,EW,EW,False,False,74.0487624676764,64.66568156630956,16852,True,False,False
4562,CSS_J004123.6+184606,EW,EW,False,False,18.396749168821575,67.76874769117104,16852,True,False,False
4563,CSS_J032121.3-021822,EW,EW,False,False,33.745844107868486,22.86664203915774,16852,True,False,False
4564,CSS_J084255.6-013332,EW,EW,False,False,40.50609530845955,70.24381233838197,16852,True,False,False
4565,CSS_J045645.2+145605,EW,EW,False,False,81.4924270410048,29.959364610269674,16852,True,False,False
4566,CSS_J180818.6+343436,EW,RRc,True,False,83.57960842260806,86.42408570373107,16852,True,False,False
4567,CSS_J234934.4+342332,EW,EW,False,False,92.53786479497599,34.29996305873661,16852,True,False,False
4568,CSS_J144604.1+335935,RRc,RRc,False,False,2.676659528907923,1.8201284796573876,2917,True,False,False
4569,CSS_J052324.4-145525,EW,EW,False,False,2.2164758034724787,35.00184706316956,16852,True,False,False
4570,CSS_J013702.7+325125,EW,EW,False,False,38.49279645363872,22.294052456594017,16852,True,False,False
4571,CSS_J210701.6+153527,EW,EW,False,False,70.61322497229405,75.82194311045438,16852,True,False,False
4572,CSS_J032901.1-081043,EW,EW,False,False,22.64499445881049,51.47765053564832,16852,True,False,False
4573,CSS_J225349.4+313104,EW,EW,False,False,77.70594754340598,35.11267085334319,16852,True,False,False
4574,CSS_J072822.3+253553,EW,EW,False,False,73.73476172885113,61.85814554857776,16852,True,False,False
4575,CSS_J152836.1+644244,RRab,RRab,False,False,28.426395939086298,32.74111675126903,1249,True,False,False
4576,CSS_J215423.0+181449,EW,EA,True,False,96.17657923900997,71.75840413742151,16852,True,False,False
4577,CSS_J082805.5+104414,EW,EW,False,False,8.773550055411896,12.061322497229405,16852,True,False,False
4578,CSS_J230434.9-013743,EA,EA,False,False,48.77149877149877,35.01228501228501,2597,True,False,False
4579,CSS_J171238.6+355932,EW,EW,False,False,7.018840044329516,6.7417805688954555,16852,True,False,False
4580,CSS_J084341.6+210848,EW,EW,False,False,80.0794237162911,85.44514222386405,16852,True,False,False
4581,CSS_J022647.3+381935,EW,EW,False,False,59.06908016254155,63.96379756187661,16852,True,False,False
4582,CSS_J012216.8+410131,EW,EW,False,False,56.53860362024381,76.8562984854082,16852,True,False,False
4583,CSS_J041851.7+360207,EW,EW,False,False,60.657554488363495,33.26560768378278,16852,True,False,False
4584,CSS_J154013.9+294127,EW,EW,False,False,92.1869227927595,78.18618396749169,16852,True,False,False
4585,CSS_J042104.5+180222,EW,EW,False,False,26.339120797931287,33.13631326191356,16852,True,False,False
4586,CSS_J140044.7+072950,RRc,RRc,False,False,85.54603854389723,8.779443254817988,2917,True,False,False
4587,CSS_J044431.3+234013,EW,EW,False,False,8.404137421499815,22.34946435168083,16852,True,False,False
4588,CSS_J015424.6+390419,EA,EA,False,False,3.0712530712530715,30.71253071253071,2597,True,False,False
4589,CSS_J212356.1+003055,EA,EA,False,False,41.27764127764127,73.34152334152334,2597,True,False,False
4590,CSS_J230520.5+383029,EW,EW,False,False,17.934983376431475,16.217214628740305,16852,True,False,False
4591,CSS_J023453.5+315345,EA,EA,False,False,20.14742014742015,43.73464373464373,2597,True,False,False
4592,CSS_J124558.1+184401,RRab,RRab,False,False,26.39593908629442,37.56345177664975,1249,True,False,False
4593,CSS_J162737.4+424719,EW,EW,False,False,22.608053195419284,60.953084595493166,16852,True,False,False
4594,CSS_J011825.0+391338,EW,EW,False,False,35.685260435906905,40.85703731067603,16852,True,False,False
4595,CSS_J022802.0+075155,EW,EW,False,False,17.97192463982268,13.557443664573329,16852,True,False,False
4596,CSS_J165549.2+081338,EW,EW,False,False,64.16697451052826,58.47801994828223,16852,True,False,False
4597,CSS_J031446.7+333659,EA,EA,False,False,14.004914004914005,64.37346437346437,2597,True,False,False
4598,CSS_J024855.1-031237,EW,EW,False,False,31.15995567048393,68.5260435906908,16852,True,False,False
4599,CSS_J063525.9+414103,EW,EW,False,False,33.98596231991134,47.35869966752863,16852,True,False,False
4600,CSS_J224019.8+133529,EW,RRc,True,False,83.96749168821573,53.69412633912079,16852,True,False,False
4601,CSS_J080758.3+214144,EW,EW,False,False,92.37162910971554,46.82305134835612,16852,True,False,False
4602,CSS_J071609.5+502618,EW,EW,False,False,4.710011082379017,1.5700036941263391,16852,True,False,False
4603,CSS_J073726.7+435043,EW,EW,False,False,14.16697451052826,22.164758034724787,16852,True,False,False
4604,CSS_J011639.3-075831,EW,EW,False,False,69.4680458071666,88.47432582194311,16852,True,False,False
4605,CSS_J073059.2+544947,EW,EW,False,False,48.83635020317695,38.30809013668268,16852,True,False,False
4606,CSS_J064535.0+561951,EW,EA,True,False,91.96527521241227,33.04396010343554,16852,True,False,False
4607,CSS_J105749.7+111839,RRc,RRc,False,False,32.33404710920771,15.203426124197003,2917,True,False,False
4608,CSS_J064031.3+480141,EA,EA,False,False,23.095823095823096,22.604422604422606,2597,True,False,False
4609,CSS_J052756.8+035128,EW,EW,False,False,25.50794237162911,41.61433321019579,16852,True,False,False
4610,CSS_J213518.5-133417,RRc,EW,True,False,47.53747323340471,76.65952890792292,2917,True,False,False
4611,CSS_J032017.0+241250,EW,EW,False,False,78.16771333579608,24.86147026228297,16852,True,False,False
4612,CSS_J052732.1+100832,EW,EW,False,False,8.478019948282231,4.617657923900998,16852,True,False,False
4613,CSS_J022447.4+280244,EA,EA,False,False,35.872235872235876,57.49385749385749,2597,True,False,False
4614,CSS_J030146.7+300620,EW,EW,False,False,12.800147765053566,67.41780568895456,16852,True,False,False
4615,CSS_J035612.2+232657,EA,EA,False,False,24.447174447174447,25.307125307125304,2597,True,False,False
4616,CSS_J205501.8-154525,EW,EW,False,False,7.554488363502032,79.49759881787956,16852,True,False,False
4617,CSS_J040005.7+123542,RS CVn,EW,True,True,32.720588235294116,33.82352941176471,846,True,False,False
4618,CSS_J174709.1+252140,RRc,RRc,False,False,39.50749464668094,43.0406852248394,2917,True,False,False
4619,CSS_J062515.7+610808,EW,EW,False,False,1.8285925378647951,82.34207609900258,16852,True,False,False
4620,CSS_J210918.5-155116,RRc,RRc,False,False,14.775160599571734,41.7558886509636,2917,True,False,False
4621,CSS_J063336.7+564914,RRc,EW,True,False,96.78800856531049,83.83297644539614,2917,True,False,False
4622,CSS_J110254.8+113554,RRab,RRab,False,False,2.284263959390863,7.3604060913705585,1249,True,False,False
4623,CSS_J173059.3+432450,EA,EA,False,False,85.01228501228502,90.04914004914005,2597,True,False,False
4624,CSS_J113649.5+031219,EW,EW,False,False,12.78167713335796,10.639083856667899,16852,True,False,False
4625,CSS_J154938.8-193007,EW,EW,False,False,59.08755079423717,77.96453638714445,16852,True,False,False
4626,CSS_J055018.3-053344,EW,EW,False,False,87.23679349833763,27.90912449205763,16852,True,False,False
4627,CSS_J165615.0+143821,EW,EW,False,False,21.7584041374215,58.847432582194315,16852,True,False,False
4628,CSS_J135540.8-111305,RRc,RRc,False,False,14.882226980728053,55.88865096359743,2917,True,False,False
4629,CSS_J230320.0+221648,EW,EW,False,False,0.8127077946065755,22.05393424455116,16852,True,False,False
4630,CSS_J121214.1+362715,RRc,EW,True,False,21.734475374732334,47.21627408993576,2917,True,False,False
4631,CSS_J072800.8+384017,EW,RS CVn,True,False,99.02105652013299,99.26117473217585,16852,True,True,False
4632,CSS_J214419.3-190535,RRc,RRc,False,False,48.28693790149893,37.47323340471092,2917,True,False,False
4633,CSS_J160315.4-074301,RS CVn,RS CVn,False,True,90.80882352941177,72.79411764705883,846,True,False,False
4634,CSS_J051051.9+191115,EW,EW,False,False,61.85814554857776,5.873660879202069,16852,True,False,False
4635,CSS_J223938.8+190543,EW,EW,False,False,24.085703731067603,73.6054673069819,16852,True,False,False
4636,CSS_J155711.9+503000,RRc,RRc,False,False,4.6038543897216275,27.51605995717345,2917,True,False,False
4637,CSS_J233121.7+333443,EA,EA,False,False,44.47174447174447,81.94103194103194,2597,True,False,False
4638,CSS_J013733.2+335643,EW,EW,False,False,33.54266715921684,28.09383080901367,16852,True,False,False
4639,CSS_J131410.8+033322,RRc,RRc,False,False,51.71306209850107,68.84368308351178,2917,True,False,False
4640,CSS_J014740.4+434845,EW,EW,False,False,4.820834872552641,1.606944957517547,16852,True,False,False
4641,CSS_J092216.9+100613,EA,EA,False,False,66.09336609336609,48.64864864864865,2597,True,False,False
4642,CSS_J082727.6+220917,EW,EW,False,False,52.2718876985593,71.27816771333579,16852,True,False,False
4643,CSS_J010256.7-065948,EA,EA,False,False,35.62653562653563,36.977886977886975,2597,True,False,False
4644,CSS_J064440.1+662837,RRab,RRab,False,False,9.644670050761421,15.736040609137056,1249,True,False,False
4645,CSS_J085326.6-133117,LPV,LPV,False,False,18.39080459770115,10.344827586206897,281,True,False,False
4646,CSS_J035327.4+174447,EW,EW,False,False,17.196158108607314,45.97340229035833,16852,True,False,False
4647,CSS_J002949.2-073212,RRc,RRc,False,False,9.850107066381156,35.65310492505353,2917,True,False,False
4648,CSS_J011718.2-075009,EW,EW,False,False,64.14850387883266,23.864056150720355,16852,True,False,False
4649,CSS_J113229.6+193548,EW,EW,False,False,59.12449205762837,57.99778352419652,16852,True,False,False
4650,CSS_J121223.3+215006,RRc,RRc,False,False,18.41541755888651,12.84796573875803,2917,True,False,False
4651,CSS_J122001.9-084927,RS CVn,RS CVn,False,True,93.38235294117648,86.76470588235294,846,True,False,False
4652,CSS_J044134.0+090205,EW,EW,False,False,73.67934983376432,57.24048762467676,16852,True,False,False
4653,CSS_J055607.9-063556,EW,EW,False,False,40.13668267454747,10.14037680088659,16852,True,False,False
4654,CSS_J022818.9+355651,EW,EW,False,False,10.916143332101957,16.84521610639084,16852,True,False,False
4655,CSS_J221652.0+301402,EW,EW,False,False,21.425932766900626,16.235685260435908,16852,True,False,False
4656,CSS_J161736.3+414900,EW,EW,False,False,9.198374584410788,56.0398965644625,16852,True,False,False
4657,CSS_J073150.5+224421,EW,EW,False,False,52.068710749907645,61.71038049501293,16852,True,False,False
4658,CSS_J042946.7+201744,EW,EW,False,False,17.02992242334688,25.87735500554119,16852,True,False,False
4659,CSS_J040625.9+213650,EW,RRc,True,False,71.11193202807536,95.16069449575176,16852,True,False,False
4660,CSS_J172520.0+203302,EW,EW,False,False,63.24344292574806,52.124122644994465,16852,True,False,False
4661,CSS_J165200.6-012624,EW,EW,False,False,79.38677502770595,52.60435906908016,16852,True,False,False
4662,CSS_J174234.8+332322,EW,EW,False,False,80.82748429996306,45.28998891762098,16852,True,False,False
4663,CSS_J234419.3+324146,EW,EW,False,False,71.13040265977097,86.1654968599926,16852,True,False,False
4664,CSS_J212110.7-131120,EW,EW,False,False,62.44920576283709,76.3575914296269,16852,True,False,False
4665,CSS_J070948.6+511157,EW,EW,False,False,94.69892870336164,69.9298115995567,16852,True,False,False
4666,CSS_J205839.3+004346,EW,EW,False,False,26.579239009974142,24.547469523457703,16852,True,False,False
4667,CSS_J214229.6+184403,EW,EW,False,False,5.578130772072405,12.190616919098634,16852,True,False,False
4668,CSS_J042528.3+244021,EW,EW,False,False,1.810121906169191,0.03694126339120798,16852,True,False,False
4669,CSS_J074052.0+462604,EA,EA,False,False,53.56265356265356,32.432432432432435,2597,True,False,False
4670,CSS_J232315.3+361031,EW,EW,False,False,75.26782415958625,96.06575544883636,16852,True,False,False
4671,CSS_J223226.2+125424,RS CVn,RS CVn,False,True,71.32352941176471,66.17647058823529,846,True,False,False
4672,CSS_J204859.9-115901,EW,EW,False,False,91.57739194680458,6.409309198374584,16852,True,False,False
4673,CSS_J051118.3+064758,EW,EW,False,False,33.52419652752124,35.86996675286295,16852,True,False,False
4674,CSS_J112702.6-092750,EW,EW,False,False,97.46952345770225,91.68821573697821,16852,True,False,False
4675,CSS_J035046.0-082426,EW,EW,False,False,54.69154045068342,91.651274473587,16852,True,False,False
4676,CSS_J092958.2+471837,EW,EW,False,False,66.91909863317326,16.10639083856668,16852,True,False,False
4677,CSS_J031309.9+360811,EW,EW,False,False,21.62910971555227,21.906169190986333,16852,True,False,False
4678,CSS_J045848.1+044033,EW,EW,False,False,42.27927595123753,50.20317694865164,16852,True,False,False
4679,CSS_J093055.2+071742,EW,EW,False,False,46.176579239009975,81.86183967491688,16852,True,False,False
4680,CSS_J035541.7+400509,EW,EW,False,False,91.61433321019578,48.429996305873665,16852,True,False,False
4681,CSS_J122922.2+095042,RRc,RRc,False,False,8.137044967880087,11.45610278372591,2917,True,False,False
4682,CSS_J233044.6+331619,EW,EW,False,False,85.94384927964536,85.51902475064648,16852,True,False,False
4683,CSS_J170724.7+100841,EW,EW,False,False,42.77798300701884,37.107499076468415,16852,True,False,False
4684,CSS_J161510.4+282421,RRc,EW,True,False,47.32334047109208,62.74089935760171,2917,True,False,False
4685,CSS_J022659.9+410211,EW,EW,False,False,67.02992242334687,44.60657554488364,16852,True,False,False
4686,CSS_J213814.5-142858,RRc,EW,True,False,87.47323340471092,97.75160599571736,2917,True,False,False
4687,CSS_J165938.1-045516,RRd,EW,True,True,60.0,65.88235294117646,258,True,False,False
4688,CSS_J033026.6+385505,EW,EW,False,False,58.99519763575915,90.57997783524196,16852,True,False,False
4689,CSS_J053214.6+010739,EW,EW,False,False,79.07277428888068,78.99889176209827,16852,True,False,False
4690,CSS_J023305.9+395111,EW,EW,False,False,0.5541189508681197,5.3749538234207614,16852,True,False,False
4691,CSS_J104939.2-071110,EW,EW,False,False,98.81787957148134,78.88806797192464,16852,True,False,False
4692,CSS_J175504.7+431626,EW,EW,False,False,95.8625785001847,59.97414111562615,16852,True,False,False
4693,CSS_J104818.3-125657,EW,EW,False,False,7.258958256372368,51.79165127447358,16852,True,False,False
4694,CSS_J135022.4-123557,RRc,EW,True,False,18.629550321199144,43.683083511777305,2917,True,False,False
4695,CSS_J102933.1+581921,EW,EW,False,False,37.9756187661618,48.780938308090136,16852,True,False,False
4696,CSS_J010226.6+252358,EA,EW,True,False,75.18427518427518,44.96314496314496,2597,True,False,False
4697,CSS_J125907.1-091523,RRc,RRc,False,False,39.29336188436831,73.982869379015,2917,True,False,False
4698,CSS_J035915.6-130819,RRab,RRab,False,False,44.67005076142132,58.629441624365484,1249,True,False,False
4699,CSS_J172102.8+100257,EW,EW,False,False,71.86922792759512,92.11304026597709,16852,True,False,False
4700,CSS_J154247.4+085828,RRc,RRd,True,False,15.417558886509635,20.985010706638114,2917,True,False,False
4701,CSS_J042114.4+260527,EW,EW,False,False,95.58551902475064,96.08422608053195,16852,True,False,False
4702,CSS_J045402.3+103552,EW,EW,False,False,81.9726634650905,84.31843369043222,16852,True,False,False
4703,CSS_J174016.1+315950,RRc,EW,True,False,47.21627408993576,78.80085653104925,2917,True,False,False
4704,CSS_J100806.2-064814,LPV,LPV,False,False,16.091954022988507,24.137931034482758,281,True,False,False
4705,CSS_J004312.0+425214,EW,EW,False,False,52.382711488732916,48.522349464351684,16852,True,False,False
4706,CSS_J141507.4+241135,RRd,EW,True,True,91.76470588235294,92.94117647058823,258,True,False,False
4707,CSS_J083312.8-013203,RS CVn,RS CVn,False,True,4.044117647058823,3.308823529411765,846,True,False,False
4708,CSS_J120943.7+481239,RRc,RRc,False,False,7.601713062098502,25.374732334047106,2917,True,False,False
4709,CSS_J134718.5+060058,RRc,RRc,False,False,71.19914346895075,54.925053533190585,2917,True,False,False
4710,CSS_J033620.0+243943,EW,EW,False,False,22.848171407462132,19.117103804950126,16852,True,False,False
4711,CSS_J083705.7-024044,EW,EW,False,False,90.26597709641669,91.35574436645733,16852,True,False,False
4712,CSS_J152813.9+172241,RRc,RRc,False,False,56.3169164882227,70.2355460385439,2917,True,False,False
4713,CSS_J011355.8+334811,EW,EW,False,False,20.576283708902846,48.79940893978574,16852,True,False,False
4714,CSS_J232454.0+392724,EW,EW,False,False,28.130772072404874,13.612855559660138,16852,True,False,False
4715,CSS_J043639.3-051442,EA,EA,False,False,68.18181818181817,66.46191646191646,2597,True,False,False
4716,CSS_J163157.7+021402,EW,EA,True,False,98.54082009604728,68.82157369782047,16852,True,False,False
4717,CSS_J045421.0+102128,EW,EW,False,False,22.2201699298116,58.330254894717406,16852,True,False,False
4718,CSS_J165233.1-052730,LPV,RS CVn,True,False,91.95402298850574,95.40229885057471,281,True,False,False
4719,CSS_J233651.3+353158,EA,EA,False,False,3.562653562653563,7.493857493857494,2597,True,False,False
4720,CSS_J205846.9+003304,EW,EW,False,False,20.114517916512746,42.68562984854082,16852,True,False,False
4721,CSS_J213603.3+162427,RRc,EW,True,False,97.21627408993577,97.10920770877945,2917,True,False,False
4722,CSS_J025737.5+273857,RRc,EW,True,False,91.54175588865097,36.723768736616705,2917,True,False,False
4723,CSS_J153656.7+314507,RRc,EW,True,False,43.147751605995715,52.569593147751604,2917,True,False,False
4724,CSS_J035853.3+004826,EW,EW,False,False,83.21019578869597,93.01810121906169,16852,True,False,False
4725,CSS_J115222.9+011809,EW,EW,False,False,21.35205024011821,32.231252308828964,16852,True,False,False
4726,CSS_J100208.3+371936,EW,EW,False,False,5.652013298854821,78.92500923531584,16852,True,False,False
4727,CSS_J121304.3+301637,RRc,EW,True,False,40.25695931477516,21.306209850107066,2917,True,False,False
4728,CSS_J160758.3+440707,EW,EW,False,False,71.40746213520502,3.10306612486147,16852,True,False,False
4729,CSS_J175538.2+370633,EW,EW,False,False,51.99482822312523,98.70705578130772,16852,True,False,False
4730,CSS_J083335.5+313314,EA,EA,False,False,58.353808353808354,46.31449631449631,2597,True,False,False
4731,CSS_J115140.8+210155,EA,EW,True,False,78.25552825552825,69.9017199017199,2597,True,False,False
4732,CSS_J010547.7+304914,EW,EW,False,False,60.823790173623934,2.4750646472109348,16852,True,False,False
4733,CSS_J002212.9+364541,EW,EW,False,False,55.41189508681197,28.814185445142225,16852,True,False,False
4734,CSS_J205028.0-134716,EW,EW,False,False,22.27558182489841,42.039157739194685,16852,True,False,False
4735,CSS_J172832.9+073313,RRab,RRab,False,False,44.16243654822335,67.51269035532995,1249,True,False,False
4736,CSS_J154818.6+085903,EW,EW,False,False,69.22792759512375,88.08644255633543,16852,True,False,False
4737,CSS_J145519.7-025713,RRc,RRc,False,False,2.2483940042826553,18.950749464668093,2917,True,False,False
4738,CSS_J211145.4+103432,EA,EW,True,False,88.45208845208845,71.99017199017199,2597,True,False,False
4739,CSS_J044741.2+245058,EW,EW,False,False,91.46656815663096,42.888806797192466,16852,True,False,False
4740,CSS_J110815.8+463803,EW,RS CVn,True,False,95.28998891762099,63.74214998152937,16852,True,False,False
4741,CSS_J224544.8+255526,EW,EW,False,False,36.94126339120798,34.7063169560399,16852,True,False,False
4742,CSS_J061113.3-111258,EW,EW,False,False,7.886959734022904,20.96416697451053,16852,True,False,False
4743,CSS_J053325.5-153027,EW,EW,False,False,37.29220539342445,57.22201699298116,16852,True,False,False
4744,CSS_J181925.4+314212,EW,EW,False,False,26.745474695234577,21.33357960842261,16852,True,False,False
4745,CSS_J024902.4+400829,EW,EW,False,False,28.352419652752126,63.09567787218323,16852,True,False,False
4746,CSS_J075743.7+181059,EW,EW,False,False,47.98670114517917,53.43553749538235,16852,True,False,False
4747,CSS_J030359.7+231924,EW,EW,False,False,37.23679349833765,87.77244181751016,16852,True,False,False
4748,CSS_J034501.0+383634,EW,EW,False,False,60.41743627632064,12.800147765053566,16852,True,False,False
4749,CSS_J160851.3+461847,EW,EW,False,False,38.954562246028814,56.59401551533062,16852,True,False,False
4750,CSS_J152344.4+294809,EW,EW,False,False,28.66642039157739,19.20945696342815,16852,True,False,False
4751,CSS_J210309.2-011210,RRc,RRd,True,False,80.83511777301928,42.61241970021413,2917,True,False,False
4752,CSS_J140903.8-142804,EW,EW,False,False,38.25267824159586,96.15810860731438,16852,True,False,False
4753,CSS_J090214.0+141004,RRc,EW,True,False,90.79229122055675,97.21627408993577,2917,True,False,False
4754,CSS_J205334.7-021002,RRd,RRd,False,True,51.76470588235295,35.294117647058826,258,True,False,False
4755,CSS_J002139.0+204512,EW,EW,False,False,60.214259327669005,51.717768747691174,16852,True,False,False
4756,CSS_J163438.7+203710,EW,EW,False,False,42.888806797192466,48.282231252308826,16852,True,False,False
4757,CSS_J162810.7+173307,EA,EA,False,False,36.977886977886975,24.324324324324326,2597,True,False,False
4758,CSS_J063739.2+663502,EW,EW,False,False,59.604728481714076,55.04248245289989,16852,True,False,False
4759,CSS_J142241.6-061205,EW,EW,False,False,25.618766161802736,23.679349833764316,16852,True,False,False
4760,CSS_J075839.9+131355,EW,EW,False,False,38.28961950498707,3.4540081270779464,16852,True,False,False
4761,CSS_J101037.6-155806,EW,EW,False,False,90.43221278167714,95.53010712966383,16852,True,False,False
4762,CSS_J142804.7+511708,EW,EW,False,False,15.626154414480975,9.49390469154045,16852,True,False,False
4763,CSS_J071311.3+425402,EW,EW,False,False,62.28297007757665,15.293683043960105,16852,True,False,False
4764,CSS_J034134.9-114255,EW,EW,False,False,93.66457332840783,76.09900258588844,16852,True,False,False
4765,CSS_J082141.9+003034,EW,EW,False,False,7.406723309937199,7.092722571111933,16852,True,False,False
4766,CSS_J213140.8+010006,EW,EW,False,False,58.47801994828223,7.055781307720724,16852,True,False,False
4767,CSS_J030800.7+235820,EW,EW,False,False,73.23605467306982,57.00036941263391,16852,True,False,False
4768,CSS_J235848.6-085313,EW,EW,False,False,44.12633912079793,91.28186183967492,16852,True,False,False
4769,CSS_J105014.5-065947,RRab,RRab,False,False,15.736040609137056,48.984771573604064,1249,True,False,False
4770,CSS_J161040.4+300742,EW,EW,False,False,98.35611377909125,95.7886959734023,16852,True,False,False
4771,CSS_J052808.1-065221,EW,EW,False,False,14.776505356483192,64.8503878832656,16852,True,False,False
4772,CSS_J073703.9+242651,EW,EW,False,False,80.79054303657185,95.28998891762099,16852,True,False,False
4773,CSS_J052324.5+044243,EW,EW,False,False,9.881787957148134,43.77539711858145,16852,True,False,False
4774,CSS_J011907.9-061809,EW,EW,False,False,48.5962319911341,22.663465090506097,16852,True,False,False
4775,CSS_J084939.0+090555,EW,EW,False,False,63.465090506095315,14.905799778352419,16852,True,False,False
4776,CSS_J224208.4+310055,EA,EW,True,False,92.75184275184274,98.52579852579852,2597,True,False,False
4777,CSS_J211032.5+005504,RRc,RRc,False,False,20.021413276231264,46.466809421841546,2917,True,False,False
4778,CSS_J005617.3+234704,EA,EA,False,False,7.985257985257984,21.375921375921376,2597,True,False,False
4779,CSS_J021809.2+285542,EW,EW,False,False,28.09383080901367,43.55374953823421,16852,True,False,False
4780,CSS_J124025.8-093502,EW,EW,False,False,28.00147765053565,31.06760251200591,16852,True,False,False
4781,CSS_J073807.7+330932,EW,EW,False,False,70.00369412633913,74.17805688954562,16852,True,False,False
4782,CSS_J180123.9+461227,RRc,EW,True,False,98.39400428265525,97.85867237687366,2917,True,False,False
4783,CSS_J170811.2+501214,EW,EW,False,False,65.97709641669745,97.06316956039896,16852,True,False,False
4784,CSS_J225548.7+400310,EW,EW,False,False,79.44218692279276,25.932766900628003,16852,True,False,False
4785,CSS_J060018.2-085935,EW,EW,False,False,32.32360546730698,40.727742888806794,16852,True,False,False
4786,CSS_J025254.6+383740,EW,EW,False,False,56.61248614702623,25.193941632803842,16852,True,False,False
4787,CSS_J131824.3+004354,EW,EW,False,False,43.47986701145179,70.8348725526413,16852,True,False,False
4788,CSS_J170931.6+155737,EW,EW,False,False,16.660509789434798,74.56594015515331,16852,True,False,False
4789,CSS_J211644.5+022233,EW,EW,False,False,92.27927595123752,42.24233468784632,16852,True,False,False
4790,CSS_J212849.3-134227,EW,EW,False,False,72.2571111932028,88.65903213889915,16852,True,False,False
4791,CSS_J221939.2+155213,EW,EW,False,False,48.92870336165497,92.70410048023643,16852,True,False,False
4792,CSS_J082202.9+085101,EW,EW,False,False,27.373476172885113,62.80014776505356,16852,True,False,False
4793,CSS_J160704.9+403537,EW,EW,False,False,88.8806797192464,50.36941263391208,16852,True,False,False
4794,CSS_J034109.6+262212,EW,EW,False,False,44.34798670114518,8.367196158108607,16852,True,False,False
4795,CSS_J162615.5-063835,RRc,RRc,False,False,52.141327623126344,79.33618843683084,2917,True,False,False
4796,CSS_J000614.3+263239,EW,EW,False,False,98.134466198744,96.2504617657924,16852,True,False,False
4797,CSS_J230046.4+163913,EW,EW,False,False,69.96675286294791,45.271518285925374,16852,True,False,False
4798,CSS_J033031.2-134916,EW,EW,False,False,43.79386775027706,58.90284447728112,16852,True,False,False
4799,CSS_J213505.7-165233,EW,EW,False,False,74.69523457702253,88.04950129294423,16852,True,False,False
4800,CSS_J084210.3+224931,EA,EA,False,False,71.007371007371,49.14004914004914,2597,True,False,False
4801,CSS_J060143.4-125506,EW,EW,False,False,3.527890653860362,77.87218322866643,16852,True,False,False
4802,CSS_J051631.3+144050,EW,RRc,True,False,16.62356852604359,97.59881787957148,16852,True,False,False
4803,CSS_J020435.6+331222,EW,RS CVn,True,False,94.20022164758035,94.4588104913188,16852,True,False,False
4804,CSS_J040842.7+202535,EW,EW,False,False,50.868119689693394,24.36276320650166,16852,True,False,False
4805,CSS_J000655.0+401222,EW,EW,False,False,56.52013298854821,31.52936830439601,16852,True,False,False
4806,CSS_J092032.4+481739,EW,EW,False,False,4.303657185075729,33.579608422608054,16852,True,False,False
4807,CSS_J094410.3-012939,EW,EW,False,False,44.71739933505726,37.36608792020687,16852,True,False,False
4808,CSS_J212310.3+111104,EW,EW,False,False,19.412633912079794,23.494643516808274,16852,True,False,False
4809,CSS_J224517.8+230327,EW,EW,False,False,59.93719985223495,12.910971555227189,16852,True,False,False
4810,CSS_J221239.7+110617,EW,EW,False,False,44.421869227927594,38.548208348725524,16852,True,False,False
4811,CSS_J204847.9-125615,RRc,RRc,False,False,28.800856531049252,35.86723768736616,2917,True,False,False
4812,CSS_J051808.6+091002,EW,EW,False,False,90.63538973032877,73.1437015145918,16852,True,False,False
4813,CSS_J162644.4+005706,RRc,RRc,False,False,3.640256959314775,6.102783725910064,2917,True,False,False
4814,CSS_J221747.0+310938,EW,EW,False,False,8.090136682674547,25.489471739933506,16852,True,False,False
4815,CSS_J075300.1+103122,EW,EW,False,False,77.59512375323237,32.67454746952346,16852,True,False,False
4816,CSS_J234847.5+413409,EW,EW,False,False,79.09124492057629,16.12486147026228,16852,True,False,False
4817,CSS_J155105.5-135131,EW,EW,False,False,9.77096416697451,29.146656815663096,16852,True,False,False
4818,CSS_J044414.4+195447,RRc,EW,True,False,99.78586723768737,99.3576017130621,2917,True,True,False
4819,CSS_J043800.8-015325,RRc,RRc,False,False,10.599571734475374,32.76231263383298,2917,True,False,False
4820,CSS_J051848.8+001221,EW,EW,False,False,97.54340598448466,99.96305873660879,16852,True,False,False
4821,CSS_J002500.9+384928,EW,EW,False,False,27.207240487624677,33.154783893609164,16852,True,False,False
4822,CSS_J033250.2-045709,EW,EW,False,False,1.0528260066494275,17.454746952345772,16852,True,False,False
4823,CSS_J014814.3+325053,RRc,RRc,False,False,40.364025695931474,44.00428265524625,2917,True,False,False
4824,CSS_J014643.0+261927,EW,EW,False,False,86.1285555966014,31.71407462135205,16852,True,False,False
4825,CSS_J041131.4+080443,EW,EW,False,False,0.7388252678241596,14.407092722571113,16852,True,False,False
4826,CSS_J073642.8+223802,EW,EW,False,False,53.69412633912079,77.68747691171039,16852,True,False,False
4827,CSS_J164927.1+153033,EA,EA,False,False,23.34152334152334,50.73710073710074,2597,True,False,False
4828,CSS_J042310.1+081733,EW,EW,False,False,33.59807905430366,28.500184706316954,16852,True,False,False
4829,CSS_J022108.7+123015,EW,EW,False,False,60.60214259327669,33.8012560029553,16852,True,False,False
4830,CSS_J210351.9-005926,EW,RRab,True,False,99.64905799778352,99.85223494643517,16852,True,True,False
4831,CSS_J220506.9+160646,EW,EW,False,False,7.739194680458071,54.93165866272627,16852,True,False,False
4832,CSS_J233023.0+141738,RRc,RRc,False,False,51.070663811563165,81.6916488222698,2917,True,False,False
4833,CSS_J212135.8+153928,RS CVn,RS CVn,False,True,34.92647058823529,30.88235294117647,846,True,False,False
4834,CSS_J075758.9+220507,EA,EA,False,False,67.56756756756756,67.19901719901719,2597,True,False,False
4835,CSS_J002702.6+032056,EW,EW,False,False,69.54192833394902,84.281492427041,16852,True,False,False
4836,CSS_J081521.3+392045,EW,EW,False,False,39.56409309198375,23.05134835611378,16852,True,False,False
4837,CSS_J025358.4+173714,EW,EW,False,False,62.26449944588105,72.6449944588105,16852,True,False,False
4838,CSS_J072708.6+384809,EW,EW,False,False,86.42408570373107,57.53601773180643,16852,True,False,False
4839,CSS_J043736.4+023332,EW,EW,False,False,83.2840783154784,53.158478019948284,16852,True,False,False
4840,CSS_J165003.9+002524,EW,EW,False,False,50.59106021425933,72.94052456594015,16852,True,False,False
4841,CSS_J172259.2+392928,RS CVn,RS CVn,False,True,56.98529411764706,51.470588235294116,846,True,False,False
4842,CSS_J050014.5+062514,EW,EW,False,False,70.05910602142593,15.45991872922054,16852,True,False,False
4843,CSS_J220018.6+221650,EW,EW,False,False,48.042113040265974,20.853343184336904,16852,True,False,False
4844,CSS_J014331.3+392949,EW,EA,True,False,86.95973402290358,83.21019578869597,16852,True,False,False
4845,CSS_J234701.7+015034,EW,EW,False,False,35.96231991134097,57.591429626893245,16852,True,False,False
4846,CSS_J055729.7-083716,EW,EW,False,False,58.755079423716296,69.19098633173255,16852,True,False,False
4847,CSS_J115643.5-164056,EW,EW,False,False,81.10454377539712,62.92944218692279,16852,True,False,False
4848,CSS_J163720.4+101823,EW,EW,False,False,32.397487994089396,31.843369043221276,16852,True,False,False
4849,CSS_J224854.7+383456,EW,EW,False,False,57.70225341706686,45.30845954931659,16852,True,False,False
4850,CSS_J173547.1+281257,EW,EW,False,False,49.83376431473957,50.97894347986701,16852,True,False,False
4851,CSS_J131801.2+324340,EW,EW,False,False,83.35796084226081,52.2903583302549,16852,True,False,False
4852,CSS_J220019.0+010408,EW,EW,False,False,39.67491688215737,25.951237532323606,16852,True,False,False
4853,CSS_J171612.7+140303,EA,EA,False,False,13.022113022113022,4.914004914004914,2597,True,False,False
4854,CSS_J170648.6+245400,EW,EW,False,False,40.22903583302549,24.5289988917621,16852,True,False,False
4855,CSS_J134244.9+030947,RRc,RRab,True,False,95.71734475374733,65.8458244111349,2917,True,False,False
4856,CSS_J165910.3-041121,RRc,RRc,False,False,70.98501070663812,89.8286937901499,2917,True,False,False
4857,CSS_J043348.8-101139,EW,EW,False,False,9.807905430365718,52.91835980790543,16852,True,False,False
4858,CSS_J083954.1+232016,EW,EW,False,False,33.3579608422608,24.732175840413742,16852,True,False,False
4859,CSS_J044621.5+005418,EW,EW,False,False,38.455855190247505,46.7861100849649,16852,True,False,False
4860,CSS_J230816.8+283122,EW,EW,False,False,39.785740672330995,32.61913557443665,16852,True,False,False
4861,CSS_J214541.5+150142,EW,EW,False,False,9.67861100849649,7.7207240487624675,16852,True,False,False
4862,CSS_J044336.7+041144,EW,EW,False,False,25.729589951976354,39.32397487994089,16852,True,False,False
4863,CSS_J220956.0+071739,EW,EW,False,False,80.84595493165865,61.93202807536018,16852,True,False,False
4864,CSS_J145500.3+020019,RRab,RRab,False,False,31.725888324873097,36.54822335025381,1249,True,False,False
4865,CSS_J090022.4+263522,EW,EW,False,False,25.120059106021426,8.607314370151459,16852,True,False,False
4866,CSS_J163755.3+473227,RRc,RRc,False,False,45.396145610278374,21.734475374732334,2917,True,False,False
4867,CSS_J055309.2-024406,EW,EW,False,False,68.11968969338751,98.04211304026597,16852,True,False,False
4868,CSS_J012753.1+041256,EW,EW,False,False,74.82452899889176,70.63169560398966,16852,True,False,False
4869,CSS_J075129.1+185823,RS CVn,RS CVn,False,True,61.76470588235294,57.720588235294116,846,True,False,False
4870,CSS_J210228.0-025157,EW,EW,False,False,38.4189139268563,17.898042113040265,16852,True,False,False
4871,CSS_J212629.6-174309,EW,EW,False,False,16.826745474695233,73.27299593646103,16852,True,False,False
4872,CSS_J091732.7-160542,EW,EA,True,False,99.48282231252308,99.70446989287034,16852,True,True,False
4873,CSS_J073222.6+470456,EW,EW,False,False,42.00221647580347,36.516438862209085,16852,True,False,False
4874,CSS_J051013.4+061034,EA,EA,False,False,19.28746928746929,52.33415233415234,2597,True,False,False
4875,CSS_J204227.4-120854,EW,EW,False,False,13.945326930181013,72.16475803472478,16852,True,False,False
4876,CSS_J220818.9+304550,EW,EW,False,False,17.011451791651275,13.74214998152937,16852,True,False,False
4877,CSS_J150810.4+103456,RRc,EW,True,False,91.97002141327623,55.46038543897216,2917,True,False,False
4878,CSS_J111744.7+474510,RRc,RRc,False,False,50.0,91.64882226980728,2917,True,False,False
4879,CSS_J133450.3+041431,EW,EW,False,False,20.317694865164388,69.20945696342815,16852,True,False,False
4880,CSS_J120439.3-191916,EW,EW,False,False,90.48762467676394,91.85445142223864,16852,True,False,False
4881,CSS_J062035.2-103259,EW,EW,False,False,16.71592168452161,83.52419652752124,16852,True,False,False
4882,CSS_J082150.7+464248,EW,EW,False,False,15.589213151089767,11.747321758404137,16852,True,False,False
4883,CSS_J112921.1-010159,EA,EA,False,False,9.090909090909092,8.476658476658477,2597,True,False,False
4884,CSS_J074259.6+624913,EW,EW,False,False,19.929811599556704,38.031030661248614,16852,True,False,False
4885,CSS_J141721.5+582148,EW,EW,False,False,11.765792390099742,21.074990764684152,16852,True,False,False
4886,CSS_J212741.2+160845,EW,EW,False,False,7.536017731806428,1.1082379017362394,16852,True,False,False
4887,CSS_J052332.2+190247,EW,EW,False,False,57.46213520502401,77.20724048762467,16852,True,False,False
4888,CSS_J012603.8-120737,RS CVn,EW,True,True,44.48529411764706,74.63235294117648,846,True,False,False
4889,CSS_J074627.1+322422,EW,EW,False,False,42.96268932397488,61.1193202807536,16852,True,False,False
4890,CSS_J220210.9+085322,EW,EW,False,False,81.52936830439602,88.01256002955301,16852,True,False,False
4891,CSS_J215300.9+200403,EW,EW,False,False,5.3749538234207614,12.837089028444773,16852,True,False,False
4892,CSS_J203124.7-130513,EW,EW,False,False,97.98670114517917,95.89951976357591,16852,True,False,False
4893,CSS_J034025.2+303303,LPV,LPV,False,False,62.06896551724138,81.60919540229885,281,True,False,False
4894,CSS_J113301.9-140136,EW,EW,False,False,59.21684521610639,86.25785001847063,16852,True,False,False
4895,CSS_J085840.9+352006,EW,EW,False,False,79.90395271518285,58.69966752862948,16852,True,False,False
4896,CSS_J010112.1+441054,EW,EW,False,False,32.02807536017732,49.77835241965275,16852,True,False,False
4897,CSS_J101902.7+271249,EA,EA,False,False,48.64864864864865,72.48157248157248,2597,True,False,False
4898,CSS_J232102.8+220109,EW,EW,False,False,18.507572958995198,26.98559290727743,16852,True,False,False
4899,CSS_J021541.5+300803,EW,EW,False,False,68.26745474695235,58.256372367934986,16852,True,False,False
4900,CSS_J173714.7+345425,EA,EA,False,False,12.162162162162163,21.253071253071255,2597,True,False,False
4901,CSS_J051840.2+163328,EW,EW,False,False,69.74510528260066,38.58514961211674,16852,True,False,False
4902,CSS_J164051.2+040108,EW,EW,False,False,9.106021425932767,30.51348356113779,16852,True,False,False
4903,CSS_J213335.1-160705,RRc,RRc,False,False,49.46466809421842,81.5845824411135,2917,True,False,False
4904,CSS_J100329.4+120828,EW,EW,False,False,5.799778352419653,49.371998522349465,16852,True,False,False
4905,CSS_J134651.7+225714,EW,EW,False,False,72.7373476172885,64.55485777613595,16852,True,False,False
4906,CSS_J073642.3+195726,EW,EW,False,False,37.64314739564093,92.81492427041005,16852,True,False,False
4907,CSS_J233340.6+371756,EW,EW,False,False,10.325083117842631,60.731437015145914,16852,True,False,False
4908,CSS_J015326.7+372843,EW,EW,False,False,19.726634650905062,27.26265238271149,16852,True,False,False
4909,CSS_J125802.5+195401,RRc,EW,True,False,92.18415417558886,75.48179871520342,2917,True,False,False
4910,CSS_J172038.7+401747,EW,EW,False,False,10.897672700406353,13.335796084226082,16852,True,False,False
4911,CSS_J201725.4-163928,RRab,EW,True,False,56.598984771573605,35.786802030456855,1249,True,False,False
4912,CSS_J210521.6+094000,EW,EW,False,False,4.691540450683413,23.309937199852236,16852,True,False,False
4913,CSS_J212808.8+151622,EW,EW,False,False,47.35869966752863,12.87403029183598,16852,True,False,False
4914,CSS_J181703.6+361700,EA,EA,False,False,57.24815724815725,47.54299754299755,2597,True,False,False
4915,CSS_J080116.9+064400,EW,EW,False,False,51.14517916512745,89.19468045807166,16852,True,False,False
4916,CSS_J064303.8+485232,EW,EW,False,False,82.17584041374215,46.7306981898781,16852,True,False,False
4917,CSS_J211739.4+100857,EW,EW,False,False,35.24196527521241,92.20539342445512,16852,True,False,False
4918,CSS_J220624.2-022713,EW,EA,True,False,96.67528629479129,58.884373845585515,16852,True,False,False
4919,CSS_J231840.1+232040,EW,EW,False,False,88.01256002955301,57.77613594384928,16852,True,False,False
4920,CSS_J090011.6-123154,EW,EW,False,False,53.934244551163644,91.96527521241227,16852,True,False,False
4921,CSS_J032335.1+292557,EW,EW,False,False,27.096416697451055,27.151828592537864,16852,True,False,False
4922,CSS_J033220.4+172418,RRc,RRc,False,False,72.91220556745182,91.43468950749465,2917,True,False,False
4923,CSS_J034741.3+275556,EW,EW,False,False,72.6634650905061,11.322497229405245,16852,True,False,False
4924,CSS_J093714.5+144552,EW,EW,False,False,28.14924270410048,14.517916512744735,16852,True,False,False
4925,CSS_J172051.1+211045,EW,EW,False,False,15.45991872922054,36.257850018470634,16852,True,False,False
4926,CSS_J070940.9+500505,EW,EW,False,False,86.5903213889915,96.36128555596602,16852,True,False,False
4927,CSS_J155929.0+053937,RRc,RRc,False,False,17.45182012847966,3.2119914346895073,2917,True,False,False
4928,CSS_J013408.2+351837,EW,EW,False,False,47.266346509050614,17.51015884743258,16852,True,False,False
4929,CSS_J163439.2+514444,EW,EW,False,False,4.636128555596601,13.926856298485408,16852,True,False,False
4930,CSS_J092506.4+001010,EW,EW,False,False,3.694126339120798,19.17251570003694,16852,True,False,False
4931,CSS_J090756.7-153836,EW,EW,False,False,62.61544144809752,59.73402290358331,16852,True,False,False
4932,CSS_J224646.2-070358,RRc,RRc,False,False,1.4989293361884368,20.342612419700217,2917,True,False,False
4933,CSS_J164010.5+032743,EW,EW,False,False,72.18322866642039,53.915773919468045,16852,True,False,False
4934,CSS_J002505.9+234143,EW,EW,False,False,9.179903952715183,0.5910602142593276,16852,True,False,False
4935,CSS_J132629.5-122804,RRab,RRab,False,False,24.61928934010152,28.680203045685282,1249,True,False,False
4936,CSS_J035200.6+140056,EW,EW,False,False,18.729220539342446,73.10676025120058,16852,True,False,False
4937,CSS_J173447.4+142219,RRc,RRc,False,False,6.9593147751606,26.873661670235542,2917,True,False,False
4938,CSS_J173141.9+190220,EW,EW,False,False,58.92131510897672,1.4407092722571113,16852,True,False,False
4939,CSS_J231152.9+244157,RS CVn,RS CVn,False,True,63.970588235294116,56.61764705882353,846,True,False,False
4940,CSS_J054215.5-041105,EW,EW,False,False,21.795345400812707,87.99408939785741,16852,True,False,False
4941,CSS_J045837.3+101923,EW,EW,False,False,94.29257480605837,91.78056889545623,16852,True,False,False
4942,CSS_J152922.7+204656,RRc,EW,True,False,96.03854389721627,64.98929336188436,2917,True,False,False
4943,CSS_J015248.7+442331,EW,RS CVn,True,False,81.27077946065755,65.27521241226451,16852,True,False,False
4944,CSS_J040908.0+303243,EW,EW,False,False,40.709272257111195,50.09235315847802,16852,True,False,False
4945,CSS_J042357.8+225653,EW,EW,False,False,37.439970446989285,57.185075729589954,16852,True,False,False
4946,CSS_J165919.0+494711,RRc,RRc,False,False,56.102783725910065,38.86509635974304,2917,True,False,False
4947,CSS_J165735.9+550927,RRc,RRc,False,False,13.9186295503212,13.704496788008566,2917,True,False,False
4948,CSS_J174320.2+191410,EW,EW,False,False,15.367565570742519,11.932028075360178,16852,True,False,False
4949,CSS_J210605.1+051909,EW,EW,False,False,27.281123014407093,3.121536756557074,16852,True,False,False
4950,CSS_J054031.7-152406,EW,EW,False,False,30.162541558921312,46.45363871444403,16852,True,False,False
4951,CSS_J210715.7+121728,EW,EW,False,False,92.20539342445512,93.84927964536386,16852,True,False,False
4952,CSS_J230146.1+074129,EA,EA,False,False,25.061425061425062,23.464373464373462,2597,True,False,False
4953,CSS_J044047.9+303656,EW,EW,False,False,12.22755818248984,22.460288141854452,16852,True,False,False
4954,CSS_J162032.6-121825,EW,EW,False,False,74.60288141854451,73.51311414850387,16852,True,False,False
4955,CSS_J212206.8+074830,EW,EW,False,False,11.285555966014037,5.153306243073513,16852,True,False,False
4956,CSS_J164627.1+411434,EW,EW,False,False,75.34170668636867,88.32656076837829,16852,True,False,False
4957,CSS_J104314.6+325214,RRc,RRc,False,False,27.73019271948608,20.8779443254818,2917,True,False,False
4958,CSS_J085655.8+042255,EW,EW,False,False,56.0398965644625,82.54525304765423,16852,True,False,False
4959,CSS_J005255.1+302635,EW,EW,False,False,81.45548577761359,83.7643147395641,16852,True,False,False
4960,CSS_J115538.5-162223,EW,EW,False,False,54.746952345770225,93.0550424824529,16852,True,False,False
4961,CSS_J135811.5+323216,EW,EW,False,False,4.913188031030661,7.646841521980052,16852,True,False,False
4962,CSS_J055347.4-081011,EA,EA,False,False,91.03194103194103,78.00982800982801,2597,True,False,False
4963,CSS_J223536.0+035947,RRc,RRc,False,False,35.76017130620985,50.32119914346895,2917,True,False,False
4964,CSS_J105951.0-132515,EW,EW,False,False,73.90099741411156,78.83265607683782,16852,True,False,False
4965,CSS_J173508.5+195835,RRc,RRc,False,False,29.978586723768736,73.34047109207708,2917,True,False,False
4966,CSS_J083327.3-040324,RRc,RRc,False,False,41.97002141327623,12.955032119914348,2917,True,False,False
4967,CSS_J053915.4+023137,RS CVn,RS CVn,False,True,74.63235294117648,83.82352941176471,846,True,False,False
4968,CSS_J082851.2+003814,EW,EW,False,False,55.85519024750647,78.37089028444773,16852,True,False,False
4969,CSS_J231237.5-093940,RRab,RRab,False,False,20.812182741116754,61.16751269035533,1249,True,False,False
4970,CSS_J162051.3+444825,RRc,RRc,False,False,29.443254817987153,19.80728051391863,2917,True,False,False
4971,CSS_J230658.5+411218,EW,EW,False,False,10.491318803103065,2.068710749907647,16852,True,False,False
4972,CSS_J172105.9+122358,EW,EW,False,False,59.53084595493166,53.324713705208715,16852,True,False,False
4973,CSS_J033054.0+224559,EW,EW,False,False,73.34687846324344,29.737717029922422,16852,True,False,False
4974,CSS_J074614.7+282747,EW,EW,False,False,80.86442556335427,63.16956039896564,16852,True,False,False
4975,CSS_J051918.2+051804,EW,EW,False,False,55.78130772072405,76.96712227558183,16852,True,False,False
4976,CSS_J093253.4+004407,EW,EW,False,False,25.914296268932397,60.41743627632064,16852,True,False,False
4977,CSS_J160058.0+104012,EW,EW,False,False,14.296268932397489,22.700406353897304,16852,True,False,False
4978,CSS_J092448.1-072602,RRc,RRc,False,False,26.33832976445396,47.75160599571734,2917,True,False,False
4979,CSS_J231302.5+285505,EW,EW,False,False,19.375692648688585,86.14702622829701,16852,True,False,False
4980,CSS_J071513.4+341822,EA,EA,False,False,58.599508599508596,77.64127764127764,2597,True,False,False
4981,CSS_J164541.3-065233,EW,EW,False,False,65.47838936091614,8.718138160325083,16852,True,False,False
4982,CSS_J214225.2-155235,RRab,RRab,False,False,55.58375634517766,64.46700507614213,1249,True,False,False
4983,CSS_J075103.6+240338,EW,EW,False,False,61.24861470262283,35.13114148503879,16852,True,False,False
4984,CSS_J160910.6-072839,LPV,LPV,False,False,27.586206896551722,43.67816091954023,281,True,False,False
4985,CSS_J075512.6+420853,EW,EW,False,False,91.17103804950129,57.258958256372374,16852,True,False,False
4986,CSS_J143635.4+240037,EW,EW,False,False,63.4466198743997,79.88548208348726,16852,True,False,False
4987,CSS_J055540.0-070219,EW,EW,False,False,92.92574806058367,85.03878832656076,16852,True,False,False
4988,CSS_J075553.1+314149,EW,EW,False,False,61.21167343923162,46.52752124122645,16852,True,False,False
4989,CSS_J020034.1+331819,EW,EW,False,False,20.13298854820835,95.10528260066494,16852,True,False,False
4990,CSS_J104315.0+090327,RRc,RRc,False,False,7.066381156316917,14.668094218415417,2917,True,False,False
4991,CSS_J042930.5+104412,RRab,RRab,False,False,26.649746192893403,15.989847715736042,1249,True,False,False
4992,CSS_J052745.4-140853,EW,EW,False,False,74.65829331363133,91.90986331732546,16852,True,False,False
4993,CSS_J161426.7+490444,RRc,RRd,True,False,87.68736616702355,52.35546038543897,2917,True,False,False
4994,CSS_J143059.4-014446,EW,EW,False,False,80.31030661248614,94.8836350203177,16852,True,False,False
4995,CSS_J024151.0+383547,EW,EA,True,False,91.83598079054303,78.2785371259697,16852,True,False,False
4996,CSS_J042549.6+152442,EA,EA,False,False,62.285012285012286,73.71007371007371,2597,True,False,False
4997,CSS_J202952.6-055506,EW,EW,False,False,21.185814554857778,57.01884004432951,16852,True,False,False
4998,CSS_J125153.6+004124,RRc,RRc,False,False,95.28907922912205,87.2591006423983,2917,True,False,False
4999,CSS_J221852.5+233006,EW,EW,False,False,7.22201699298116,6.723309937199852,16852,True,False,False
5000,CSS_J065105.3+670229,EW,EW,False,False,2.050240118212043,12.319911340967861,16852,True,False,False
5001,CSS_J044403.7+265156,EW,EW,False,False,20.22534170668637,23.66087920206871,16852,True,False,False
5002,CSS_J165732.0+171228,RRc,RRc,False,False,30.299785867237688,3.747323340471092,2917,True,False,False
5003,CSS_J092245.0+332107,EW,EW,False,False,79.05430365718507,29.497598817879574,16852,True,False,False
5004,CSS_J034226.9+285141,EW,EW,False,False,4.045068341337274,21.7584041374215,16852,True,False,False
5005,CSS_J044558.1+015643,EW,EW,False,False,20.520871813816033,6.187661618027337,16852,True,False,False
5006,CSS_J140550.2-062700,EW,EW,False,False,76.26523827114887,70.8164019209457,16852,True,False,False
5007,CSS_J224004.3+044155,EW,RRab,True,False,53.01071296638346,82.52678241595862,16852,True,False,False
5008,CSS_J090236.9+065805,EW,EW,False,False,95.77022534170668,96.7861100849649,16852,True,False,False
5009,CSS_J165416.3-034248,RRc,RRc,False,False,26.76659528907923,31.69164882226981,2917,True,False,False
5010,CSS_J224500.5+250435,EW,EW,False,False,39.120797931289246,12.670853343184337,16852,True,False,False
5011,CSS_J211543.7+060222,RRc,RRc,False,False,55.6745182012848,53.53319057815846,2917,True,False,False
5012,CSS_J041331.1+292338,EW,EW,False,False,36.27632065016624,62.78167713335796,16852,True,False,False
5013,CSS_J053944.6+052931,EA,EA,False,False,29.606879606879605,69.04176904176904,2597,True,False,False
5014,CSS_J100441.7+105314,EW,EW,False,False,61.28555596601404,45.603989656446245,16852,True,False,False
5015,CSS_J170521.0+195459,EW,EW,False,False,14.148503878832654,86.81196896933875,16852,True,False,False
5016,CSS_J051729.5+100819,EW,EW,False,False,67.49168821573697,49.87070557813077,16852,True,False,False
5017,CSS_J170825.4+593148,RRc,RRc,False,False,12.84796573875803,32.01284796573876,2917,True,False,False
5018,CSS_J223737.2+071326,EW,EW,False,False,28.90653860362025,30.938308090136683,16852,True,False,False
5019,CSS_J203242.0-154812,EW,EW,False,False,50.9420022164758,37.92020687107499,16852,True,False,False
5020,CSS_J052941.3-174247,EW,EW,False,False,57.44366457332841,69.81898780938309,16852,True,False,False
5021,CSS_J083440.9+214532,EW,EW,False,False,68.37827853712596,53.306243073513116,16852,True,False,False
5022,CSS_J074303.0+283138,EA,EW,True,False,96.43734643734643,95.0859950859951,2597,True,False,False
5023,CSS_J214242.6-102134,EW,EW,False,False,79.36830439601034,64.20391577391948,16852,True,False,False
5024,CSS_J050809.3-030204,EW,EW,False,False,84.87255264130033,74.63982268193573,16852,True,False,False
5025,CSS_J101833.7+200222,EW,RS CVn,True,False,96.37975618766161,79.1097155522719,16852,True,False,False
5026,CSS_J070200.5+500614,EW,EW,False,False,20.206871074990765,61.451791651274476,16852,True,False,False
5027,CSS_J123054.1-154815,RRc,EW,True,False,34.58244111349036,82.01284796573876,2917,True,False,False
5028,CSS_J134017.2-042242,EW,EW,False,False,74.32582194311045,92.87033616549685,16852,True,False,False
5029,CSS_J035513.8+201242,EW,EW,False,False,55.22718876985593,19.782046545991875,16852,True,False,False
5030,CSS_J015641.1-093711,EW,EW,False,False,92.5748060583672,93.4613963797562,16852,True,False,False
5031,CSS_J040335.7+105757,EW,EW,False,False,20.410048023642407,16.62356852604359,16852,True,False,False
5032,CSS_J055919.4-022133,EW,EW,False,False,69.52345770225342,64.09309198374584,16852,True,False,False
5033,CSS_J082841.5+001519,EW,EW,False,False,66.21721462874031,38.32656076837828,16852,True,False,False
5034,CSS_J035224.2+240047,EW,EW,False,False,6.3354266715921685,6.649427410417437,16852,True,False,False
5035,CSS_J161117.5+345320,RRc,RRc,False,False,17.130620985010705,24.839400428265524,2917,True,False,False
5036,CSS_J151121.8+364203,RRc,RRc,False,False,29.229122055674516,9.421841541755889,2917,True,False,False
5037,CSS_J083043.6+301009,EA,EA,False,False,80.71253071253072,65.1105651105651,2597,True,False,False
5038,CSS_J212542.7+125830,EA,EA,False,False,21.13022113022113,15.847665847665848,2597,True,False,False
5039,CSS_J022248.1+345741,EW,EW,False,False,75.08311784263022,8.625785001847062,16852,True,False,False
5040,CSS_J011020.6-142441,RRc,RRc,False,False,82.11991434689507,91.00642398286938,2917,True,False,False
5041,CSS_J230501.5+030257,RRc,RRab,True,False,85.22483940042827,96.46680942184153,2917,True,False,False
5042,CSS_J141615.3+120621,EW,EW,False,False,18.93239748799409,20.059106021425933,16852,True,False,False
5043,CSS_J175802.5+485417,EW,EW,False,False,90.7277428888068,97.93128925009236,16852,True,False,False
5044,CSS_J053349.9+042240,EW,EW,False,False,45.751754710011085,59.198374584410786,16852,True,False,False
5045,CSS_J001449.2+223926,RRc,RRc,False,False,62.41970021413277,27.08779443254818,2917,True,False,False
5046,CSS_J072708.7+371820,EW,EW,False,False,66.82674547469524,47.41411156261544,16852,True,False,False
5047,CSS_J151414.2-072807,EW,EW,False,False,99.16882157369781,99.5382342076099,16852,True,True,True
5048,CSS_J214616.0+050301,EA,EA,False,False,64.61916461916462,78.25552825552825,2597,True,False,False
5049,CSS_J082110.3+191816,EW,EW,False,False,30.772072404876248,39.711858145548575,16852,True,False,False
5050,CSS_J224256.6+190051,EW,EW,False,False,42.44551163649797,84.52161063908386,16852,True,False,False
5051,CSS_J160307.5+191204,EW,EW,False,False,0.3140007388252678,15.256741780568895,16852,True,False,False
5052,CSS_J145945.8+540353,RS CVn,EW,True,True,71.69117647058823,90.80882352941177,846,True,False,False
5053,CSS_J165909.5+004748,EW,EW,False,False,62.24602881418545,32.08348725526413,16852,True,False,False
5054,CSS_J131538.1+223426,RRc,RRc,False,False,20.770877944325484,45.28907922912205,2917,True,False,False
5055,CSS_J171421.8+144542,RRc,EW,True,False,99.46466809421841,94.00428265524626,2917,True,False,False
5056,CSS_J162647.0+001421,EW,EW,False,False,70.66863686738087,0.4432951606944958,16852,True,False,False
5057,CSS_J003019.9+164513,EA,EA,False,False,21.007371007371006,72.60442260442261,2597,True,False,False
5058,CSS_J150359.3+052946,EW,EW,False,False,21.33357960842261,20.299224233468784,16852,True,False,False
5059,CSS_J141212.7-160600,RS CVn,RS CVn,False,True,93.75,62.13235294117647,846,True,False,False
5060,CSS_J150458.5-122707,RRab,RRab,False,False,56.852791878172596,40.609137055837564,1249,True,False,False
5061,CSS_J123244.7+090010,EW,EW,False,False,63.96379756187661,66.1987439970447,16852,True,False,False
5062,CSS_J035305.2+125844,EW,EW,False,False,61.83967491688216,17.824159586257853,16852,True,False,False
5063,CSS_J233511.5+003256,EA,EA,False,False,5.282555282555283,2.457002457002457,2597,True,False,False
5064,CSS_J130623.4-124148,EW,RRc,True,False,83.89360916143332,91.79903952715182,16852,True,False,False
5065,CSS_J052217.0-043044,RRc,EW,True,False,91.1134903640257,59.421841541755896,2917,True,False,False
5066,CSS_J160032.7+343426,EW,RRab,True,False,80.38418913926856,89.85962319911341,16852,True,False,False
5067,CSS_J045823.4+102215,EW,EW,False,False,9.58625785001847,9.235315847801996,16852,True,False,False
5068,CSS_J063316.6+534146,EW,EW,False,False,83.78278537125969,31.76948651643886,16852,True,False,False
5069,CSS_J121627.2+464111,EW,EW,False,False,6.169190986331732,10.934613963797563,16852,True,False,False
5070,CSS_J090653.2+520520,EA,EA,False,False,71.49877149877149,16.33906633906634,2597,True,False,False
5071,CSS_J032634.1+255207,EW,EW,False,False,52.973771702992245,85.98079054303656,16852,True,False,False
5072,CSS_J172537.4+115233,RS CVn,EW,True,True,27.573529411764707,39.338235294117645,846,True,False,False
5073,CSS_J204211.7-123051,RS CVn,RS CVn,False,True,8.088235294117647,18.014705882352942,846,True,False,False
5074,CSS_J220600.9+133211,EW,EW,False,False,13.612855559660138,29.996305873660877,16852,True,False,False
5075,CSS_J223702.0+075718,EW,EW,False,False,47.72811230144071,71.315108976727,16852,True,False,False
5076,CSS_J065701.5+365255,EW,EW,False,False,41.35574436645733,53.87883265607684,16852,True,False,False
5077,CSS_J145438.0-051811,RRab,RRab,False,False,23.096446700507613,30.96446700507614,1249,True,False,False
5078,CSS_J110615.5+015118,RRc,EW,True,False,19.700214132762312,63.70449678800857,2917,True,False,False
5079,CSS_J034319.0-064048,EW,EW,False,False,61.61802733653491,28.961950498707058,16852,True,False,False
5080,CSS_J154051.2+534158,EW,EW,False,False,1.2560029553010712,6.704839305504248,16852,True,False,False
5081,CSS_J150739.4-182822,RRc,RRc,False,False,68.95074946466809,70.66381156316916,2917,True,False,False
5082,CSS_J150455.2+354757,LPV,LPV,False,False,10.344827586206897,37.93103448275862,281,True,False,False
5083,CSS_J002511.2+413358,EW,EW,False,False,29.386775027705948,55.63354266715922,16852,True,False,False
5084,CSS_J050101.8+241700,RS CVn,EW,True,True,60.66176470588235,59.19117647058824,846,True,False,False
5085,CSS_J045333.6+225616,EW,EW,False,False,71.68452161063908,27.521241226449945,16852,True,False,False
5086,CSS_J213415.1+075248,EW,EW,False,False,98.07905430365719,81.56630956778721,16852,True,False,False
5087,CSS_J224759.9+274323,EW,EW,False,False,38.19726634650905,55.430365718507566,16852,True,False,False
5088,CSS_J204603.1-032804,EW,EW,False,False,72.94052456594015,70.00369412633913,16852,True,False,False
5089,CSS_J214124.7-133903,EW,EW,False,False,54.359069080162534,66.82674547469524,16852,True,False,False
5090,CSS_J093743.3+520741,EW,EW,False,False,35.1865533801256,61.37790912449206,16852,True,False,False
5091,CSS_J143440.1-063725,RS CVn,EW,True,True,30.514705882352942,27.205882352941174,846,True,False,False
5092,CSS_J121146.1+195740,LPV,LPV,False,False,5.747126436781609,35.63218390804598,281,True,False,False
5093,CSS_J211737.5+080619,EW,EA,True,False,89.43479867011452,37.29220539342445,16852,True,False,False
5094,CSS_J082500.3+341932,EW,EW,False,False,2.8075360177318065,49.26117473217584,16852,True,False,False
5095,CSS_J163144.0+101418,EW,EW,False,False,5.097894347986701,7.628370890284447,16852,True,False,False
5096,CSS_J080420.7+060120,EA,EA,False,False,44.5945945945946,41.52334152334152,2597,True,False,False
5097,CSS_J062819.8+622908,EW,EW,False,False,22.95899519763576,67.36239379386775,16852,True,False,False
5098,CSS_J223309.4+195420,EA,EW,True,False,68.05896805896806,27.51842751842752,2597,True,False,False
5099,CSS_J094555.8-033050,EW,EW,False,False,19.098633173254527,17.990395271518285,16852,True,False,False
5100,CSS_J164527.5+014301,EA,EA,False,False,48.894348894348894,6.388206388206388,2597,True,False,False
5101,CSS_J142939.2+255951,RRc,EW,True,False,96.8950749464668,96.78800856531049,2917,True,False,False
5102,CSS_J170341.2+493324,RRc,RRc,False,False,67.6659528907923,48.92933618843683,2917,True,False,False
5103,CSS_J114103.7+522357,RRc,RRc,False,False,43.683083511777305,37.79443254817988,2917,True,False,False
5104,CSS_J170505.6+055951,EW,EW,False,False,78.61100849649057,40.45068341337274,16852,True,False,False
5105,CSS_J000639.4+293459,EA,EA,False,False,5.036855036855037,7.73955773955774,2597,True,False,False
5106,CSS_J164658.0+142533,EW,EW,False,False,79.53454008127078,39.50868119689693,16852,True,False,False
5107,CSS_J090304.7+002008,EW,EW,False,False,97.94975988178795,98.6147026228297,16852,True,False,False
5108,CSS_J122228.3-045309,EW,EW,False,False,39.93350572589583,58.92131510897672,16852,True,False,False
5109,CSS_J045754.5-125708,EW,EW,False,False,30.938308090136683,77.61359438492796,16852,True,False,False
5110,CSS_J102751.4-103800,EW,EW,False,False,46.416697451052826,46.7491688215737,16852,True,False,False
5111,CSS_J130539.4+101736,RS CVn,EW,True,True,80.14705882352942,77.94117647058823,846,True,False,False
5112,CSS_J105501.3+102009,EW,EW,False,False,38.862209087550795,29.40524565940155,16852,True,False,False
5113,CSS_J145544.6+340616,LPV,LPV,False,False,26.436781609195403,20.689655172413794,281,True,False,False
5114,CSS_J224516.7+262842,EW,EW,False,False,23.716291097155523,48.891762098263754,16852,True,False,False
5115,CSS_J103704.9-103740,EW,EW,False,False,99.92611747321757,99.92611747321757,16852,True,True,True
5116,CSS_J085132.6+311916,EW,EW,False,False,10.066494274104175,18.322866642039155,16852,True,False,False
5117,CSS_J183023.5+345612,EW,EW,False,False,43.62763206501663,25.988178795714813,16852,True,False,False
5118,CSS_J021625.9-045213,EW,EW,False,False,44.79128186183968,32.8592537864795,16852,True,False,False
5119,CSS_J204509.1-044739,EW,EW,False,False,46.13963797561876,43.59069080162541,16852,True,False,False
5120,CSS_J084813.1+084201,EW,EW,False,False,34.59549316586627,45.01292944218692,16852,True,False,False
5121,CSS_J032827.4+284942,EW,EW,False,False,93.59069080162541,80.80901366826745,16852,True,False,False
5122,CSS_J060128.0-152839,EW,EW,False,False,0.9789434798670114,5.467306981898782,16852,True,False,False
5123,CSS_J023127.2-172751,EW,EW,False,False,57.97931289250092,19.855929072774288,16852,True,False,False
5124,CSS_J175954.4+644414,RRab,RRab,False,False,48.73096446700508,14.213197969543149,1249,True,False,False
5125,CSS_J211440.7+053000,EW,EW,False,False,99.13188031030661,92.88880679719247,16852,True,False,False
5126,CSS_J034135.2+175833,EW,EW,False,False,47.37717029922423,0.05541189508681198,16852,True,False,False
5127,CSS_J104941.2-142927,EW,EW,False,False,85.33431843369044,86.77502770594754,16852,True,False,False
5128,CSS_J231720.4+301817,EA,EW,True,False,61.67076167076168,65.35626535626535,2597,True,False,False
5129,CSS_J021300.9-191606,EW,EW,False,False,73.5315847801995,75.56335426671592,16852,True,False,False
5130,CSS_J025126.2+302915,EW,EW,False,False,47.2294052456594,60.639083856667895,16852,True,False,False
5131,CSS_J171959.3+144821,EW,EW,False,False,2.4565940155153303,47.7096416697451,16852,True,False,False
5132,CSS_J150426.8-142505,EW,EW,False,False,74.56594015515331,76.8747691171038,16852,True,False,False
5133,CSS_J042140.3+173436,EA,EA,False,False,1.9656019656019657,4.668304668304668,2597,True,False,False
5134,CSS_J040411.4+184210,EW,EW,False,False,70.46545991872922,54.52530476542298,16852,True,False,False
5135,CSS_J012254.6-121312,EW,EW,False,False,48.540820096047284,76.02512005910602,16852,True,False,False
5136,CSS_J160323.4+012420,EW,EW,False,False,4.174362763206502,21.35205024011821,16852,True,False,False
5137,CSS_J145325.5-160025,EW,EW,False,False,79.23900997414111,72.36793498337644,16852,True,False,False
5138,CSS_J141330.8-032358,EW,EW,False,False,14.203915773919467,63.24344292574806,16852,True,False,False
5139,CSS_J223442.2+072335,EA,EA,False,False,6.6339066339066335,2.7027027027027026,2597,True,False,False
5140,CSS_J000427.4+440349,RRab,EW,True,False,95.17766497461929,96.7005076142132,1249,True,False,False
5141,CSS_J013919.7+235911,EW,EW,False,False,19.9113409678611,9.641669745105283,16852,True,False,False
5142,CSS_J220021.2+215122,RRc,EW,True,False,89.186295503212,56.3169164882227,2917,True,False,False
5143,CSS_J225440.4+362222,EW,EW,False,False,13.779091244920577,41.15256741780569,16852,True,False,False
5144,CSS_J165059.6+110708,RRc,RRc,False,False,67.45182012847965,91.86295503211991,2917,True,False,False
5145,CSS_J022112.1+373529,EW,EW,False,False,46.56446250461766,42.076099002585885,16852,True,False,False
5146,CSS_J052229.1+021829,RS CVn,RS CVn,False,True,49.26470588235294,70.58823529411765,846,True,False,False
5147,CSS_J031641.4-045509,EA,EA,False,False,74.32432432432432,49.631449631449634,2597,True,False,False
5148,CSS_J092548.1-153524,EW,EW,False,False,63.66826745474695,92.24233468784632,16852,True,False,False
5149,CSS_J081159.2+220210,EW,EW,False,False,29.79312892500924,48.67011451791651,16852,True,False,False
5150,CSS_J151348.4+123211,EW,EW,False,False,84.63243442925749,79.77465829331362,16852,True,False,False
5151,CSS_J045757.2-065437,EW,EW,False,False,35.22349464351681,14.25932766900628,16852,True,False,False
5152,CSS_J215956.1+042017,EW,EW,False,False,54.98707055781308,39.39785740672331,16852,True,False,False
5153,CSS_J220239.5+224211,EW,EW,False,False,42.149981529368304,14.758034724787588,16852,True,False,False
5154,CSS_J044906.7+091822,EW,EW,False,False,77.41041743627632,82.8961950498707,16852,True,False,False
5155,CSS_J063317.0+402530,EW,EW,False,False,49.94458810491319,24.76911710380495,16852,True,False,False
5156,CSS_J074305.8+361804,EW,EW,False,False,96.85999261174733,72.53417066863686,16852,True,False,False
5157,CSS_J180655.0+382416,EW,EW,False,False,43.0550424824529,68.74769117103806,16852,True,False,False
5158,CSS_J040228.6+332108,EW,EW,False,False,49.33505725895825,89.39785740672332,16852,True,False,False
5159,CSS_J122711.6+431159,RRc,RRc,False,False,5.2462526766595285,61.45610278372591,2917,True,False,False
5160,CSS_J165547.5+530006,EW,EW,False,False,87.19985223494643,39.287033616549685,16852,True,False,False
5161,CSS_J155306.8+171656,EW,EW,False,False,74.23346878463244,55.39342445511637,16852,True,False,False
5162,CSS_J094409.6+413908,EW,EW,False,False,17.454746952345772,52.050240118212045,16852,True,False,False
5163,CSS_J043214.1+042658,EW,EW,False,False,42.53786479497599,27.48429996305874,16852,True,False,False
5164,CSS_J044101.0-140231,RS CVn,EW,True,True,12.5,38.60294117647059,846,True,False,False
5165,CSS_J163322.3+282025,EW,EW,False,False,85.50055411895087,47.78352419652752,16852,True,False,False
5166,CSS_J065550.7+354012,EW,EW,False,False,75.45253047654231,52.3457702253417,16852,True,False,False
5167,CSS_J042022.2+084140,EW,EW,False,False,45.45622460288142,52.08718138160325,16852,True,False,False
5168,CSS_J165523.7+573029,RRc,EW,True,False,92.71948608137045,93.79014989293361,2917,True,False,False
5169,CSS_J152038.2+073821,EW,EW,False,False,17.657923900997414,33.653490949390466,16852,True,False,False
5170,CSS_J071925.2+533235,EW,EW,False,False,11.562615441448097,49.81529368304396,16852,True,False,False
5171,CSS_J160431.0-020927,RRc,RRc,False,False,35.11777301927195,47.53747323340471,2917,True,False,False
5172,CSS_J075726.3+231402,EW,EW,False,False,36.091614333210195,26.837827853712596,16852,True,False,False
5173,CSS_J151528.7+064139,EW,EW,False,False,69.28333949021057,76.91171038049501,16852,True,False,False
5174,CSS_J130159.5+625043,EW,EW,False,False,2.4381233838197267,4.710011082379017,16852,True,False,False
5175,CSS_J032815.5-131055,EW,EW,False,False,75.12005910602143,90.93091983745845,16852,True,False,False
5176,CSS_J170957.3+394550,EW,EW,False,False,99.83376431473955,92.90727742888807,16852,True,False,False
5177,CSS_J001748.1+403356,EA,EA,False,False,41.400491400491404,85.13513513513513,2597,True,False,False
5178,CSS_J031410.4+262919,EA,EA,False,False,70.88452088452088,57.125307125307124,2597,True,False,False
5179,CSS_J234125.9-102625,EW,EW,False,False,83.98596231991135,57.923900997414115,16852,True,False,False
5180,CSS_J044327.1+000717,EW,EW,False,False,25.858884373845587,80.73513114148504,16852,True,False,False
5181,CSS_J230838.0+345346,EW,EW,False,False,41.02327299593646,59.364610269671225,16852,True,False,False
5182,CSS_J124948.6+241455,RRc,RRc,False,False,95.50321199143468,75.80299785867237,2917,True,False,False
5183,CSS_J075929.9+401945,EW,EW,False,False,58.29331363132619,96.76763945326931,16852,True,False,False
5184,CSS_J230614.3+171829,EW,EW,False,False,55.171776874769115,73.36534909493905,16852,True,False,False
5185,CSS_J170735.2+072433,EW,EW,False,False,62.0428518655338,31.880310306612486,16852,True,False,False
5186,CSS_J110013.7-090308,RRc,RRc,False,False,21.199143468950748,29.229122055674516,2917,True,False,False
5187,CSS_J042959.5+243307,RS CVn,EW,True,True,100.0,98.89705882352942,846,True,True,False
5188,CSS_J020840.3+251305,RRc,RRc,False,False,72.69807280513919,74.94646680942184,2917,True,False,False
5189,CSS_J175652.3+574659,EW,EW,False,False,50.68341337273735,28.11230144070927,16852,True,False,False
5190,CSS_J071736.8+374230,EA,EA,False,False,22.235872235872236,38.82063882063882,2597,True,False,False
5191,CSS_J061146.3-060949,EW,EW,False,False,91.35574436645733,23.716291097155523,16852,True,False,False
5192,CSS_J003129.9+313149,EW,EW,False,False,83.30254894717399,38.91762098263761,16852,True,False,False
5193,CSS_J032717.2+344037,EW,EW,False,False,59.697081640192096,75.30476542297747,16852,True,False,False
5194,CSS_J051501.1-021950,EW,EW,False,False,29.996305873660877,56.0214259327669,16852,True,False,False
5195,CSS_J084427.0+125231,EW,EW,False,False,96.39822681935722,80.66124861470261,16852,True,False,False
5196,CSS_J043013.1+334404,EW,EW,False,False,2.622829700775766,59.91872922053935,16852,True,False,False
5197,CSS_J025132.5+260741,EW,EW,False,False,88.19726634650905,92.63021795345401,16852,True,False,False
5198,CSS_J214633.9+050539,EW,EW,False,False,3.5833025489471737,57.092722571111935,16852,True,False,False
5199,CSS_J023017.4+242553,EW,EW,False,False,90.3029183598079,89.41632803841891,16852,True,False,False
5200,CSS_J034329.9+220155,EW,EW,False,False,82.28666420391578,39.785740672330995,16852,True,False,False
5201,CSS_J213654.9+161248,EA,EW,True,False,90.17199017199017,99.75429975429975,2597,True,False,False
5202,CSS_J075207.5+301745,EW,EW,False,False,95.08681196896934,87.43997044698929,16852,True,False,False
5203,CSS_J093030.9+574553,EW,EW,False,False,99.113409678611,98.65164388622091,16852,True,True,True
5204,CSS_J083336.9+180944,EW,EW,False,False,29.867011451791655,69.48651643886221,16852,True,False,False
5205,CSS_J081402.9+054904,EW,EW,False,False,43.29516069449575,49.63058736608792,16852,True,False,False
5206,CSS_J132312.9+133638,EW,EW,False,False,93.73845585519025,80.43960103435538,16852,True,False,False
5207,CSS_J160209.3-123408,RRab,RRab,False,False,40.609137055837564,69.28934010152284,1249,True,False,False
5208,CSS_J051400.1-172027,RRab,RRab,False,False,7.868020304568528,11.16751269035533,1249,True,False,False
5209,CSS_J044003.3+083449,EW,EW,False,False,67.76874769117104,47.80199482822313,16852,True,False,False
5210,CSS_J135555.6+124647,EW,EW,False,False,32.37901736239379,33.37643147395641,16852,True,False,False
5211,CSS_J230902.5+355639,EW,EW,False,False,91.02327299593647,56.53860362024381,16852,True,False,False
5212,CSS_J022753.1+380929,EW,EW,False,False,46.23199113409678,44.56963428149243,16852,True,False,False
5213,CSS_J165957.0+051801,EW,EW,False,False,10.029553010712966,62.83708902844477,16852,True,False,False
5214,CSS_J030042.0+124257,EA,EA,False,False,52.08845208845209,76.78132678132678,2597,True,False,False
5215,CSS_J082202.7+040842,EW,EW,False,False,97.11858145548578,76.15441448097525,16852,True,False,False
5216,CSS_J072120.9+401110,EW,EW,False,False,92.85186553380126,68.47063169560398,16852,True,False,False
5217,CSS_J180053.4+304103,EW,EW,False,False,25.212412264499445,13.188031030661248,16852,True,False,False
5218,CSS_J212940.2+084854,EA,EA,False,False,21.867321867321866,0.85995085995086,2597,True,False,False
5219,CSS_J202354.0-181748,RRc,RRc,False,False,42.398286937901496,66.4882226980728,2917,True,False,False
5220,CSS_J011353.7+375707,RS CVn,RS CVn,False,True,1.8382352941176472,5.88235294117647,846,True,False,False
5221,CSS_J065531.5+450434,EW,EW,False,False,31.0121906169191,55.85519024750647,16852,True,False,False
5222,CSS_J051621.6-184837,EW,EW,False,False,5.8367196158108605,11.267085334318434,16852,True,False,False
5223,CSS_J082612.0+320003,EW,EW,False,False,14.462504617657924,48.00517177687477,16852,True,False,False
5224,CSS_J144801.8-141440,RRab,RRab,False,False,43.401015228426395,59.13705583756346,1249,True,False,False
5225,CSS_J094715.9-063423,EW,EW,False,False,12.578500184706318,61.913557443664565,16852,True,False,False
5226,CSS_J043325.6+391652,EW,EW,False,False,59.456963428149244,0.1847063169560399,16852,True,False,False
5227,CSS_J161859.4+155952,EW,EW,False,False,12.042851865533802,61.00849649057998,16852,True,False,False
5228,CSS_J102052.3-035819,RRc,EW,True,False,81.47751605995718,62.63383297644539,2917,True,False,False
5229,CSS_J141428.9-040852,RRab,RRab,False,False,63.70558375634518,41.370558375634516,1249,True,False,False
5230,CSS_J122325.7-061008,EW,EW,False,False,72.49722940524566,45.93646102696712,16852,True,False,False
5231,CSS_J103314.7+011703,RRc,RRc,False,False,66.91648822269806,90.89935760171306,2917,True,False,False
5232,CSS_J020428.7+381426,EW,EW,False,False,38.56667898042113,65.07203546361285,16852,True,False,False
5233,CSS_J041516.1+295849,EW,EA,True,False,77.7428888067972,17.08533431843369,16852,True,False,False
5234,CSS_J155606.1+000325,RRc,RRc,False,False,11.563169164882227,38.436830835117775,2917,True,False,False
5235,CSS_J172001.9+394541,RRc,RRc,False,False,1.8201284796573876,11.670235546038544,2917,True,False,False
5236,CSS_J213131.7+011824,EA,EA,False,False,73.71007371007371,53.07125307125307,2597,True,False,False
5237,CSS_J220638.0+060322,EW,EW,False,False,82.12042851865534,18.267454746952346,16852,True,False,False
5238,CSS_J203013.5-041711,EW,EW,False,False,41.61433321019579,41.983745844107865,16852,True,False,False
5239,CSS_J024932.6+281632,EA,EA,False,False,13.882063882063884,3.9312039312039313,2597,True,False,False
5240,CSS_J090846.2-011956,EW,EW,False,False,43.20280753601774,70.53934244551164,16852,True,False,False
5241,CSS_J091404.1+382649,RRab,RRab,False,False,41.62436548223351,47.96954314720812,1249,True,False,False
5242,CSS_J084738.3+012804,EW,EW,False,False,76.67159216845216,70.3546361285556,16852,True,False,False
5243,CSS_J232457.9+271408,EW,EW,False,False,29.71924639822682,76.57923900997415,16852,True,False,False
5244,CSS_J133517.6-061753,EW,EW,False,False,6.20613224972294,48.06058367196158,16852,True,False,False
5245,CSS_J090716.4+092030,EW,EW,False,False,59.179903952715186,79.2205393424455,16852,True,False,False
5246,CSS_J163708.4+370135,EW,EA,True,False,94.8466937569265,67.27004063538973,16852,True,False,False
5247,CSS_J134058.5+393616,EW,EW,False,False,15.072035463612856,7.018840044329516,16852,True,False,False
5248,CSS_J223047.6+044542,RRc,RRc,False,False,24.946466809421842,10.813704496788008,2917,True,False,False
5249,CSS_J045928.3+141623,EW,RS CVn,True,False,74.76911710380494,50.31400073882527,16852,True,False,False
5250,CSS_J164542.9+145814,RRc,RRc,False,False,28.693790149892934,26.76659528907923,2917,True,False,False
5251,CSS_J053524.0-112121,EW,EW,False,False,35.70373106760251,32.803841891392686,16852,True,False,False
5252,CSS_J082029.3+103802,EW,EW,False,False,47.08164019209457,31.215367565570745,16852,True,False,False
5253,CSS_J034818.2+304607,EW,EW,False,False,67.97192463982267,18.969338751385298,16852,True,False,False
5254,CSS_J110028.4-134024,EW,EW,False,False,76.56076837827854,85.20502401182121,16852,True,False,False
5255,CSS_J163613.4+053022,EW,EW,False,False,60.26967122275582,76.65312153675656,16852,True,False,False
5256,CSS_J052700.6-061029,EW,EW,False,False,34.18913926856298,25.41558921315109,16852,True,False,False
5257,CSS_J164834.2+174459,RRc,RRc,False,False,16.274089935760173,13.9186295503212,2917,True,False,False
5258,CSS_J024252.6+142659,EW,EW,False,False,77.05947543405985,64.40709272257111,16852,True,False,False
5259,CSS_J084336.8+074912,EW,EW,False,False,36.165496859992615,45.77022534170669,16852,True,False,False
5260,CSS_J111635.3+082308,EW,EW,False,False,22.072404876246768,18.84004432951607,16852,True,False,False
5261,CSS_J105221.1+432719,EW,EW,False,False,10.251200591060213,6.9449575175471,16852,True,False,False
5262,CSS_J005024.0-145516,EW,EW,False,False,65.82933136313261,88.40044329516068,16852,True,False,False
5263,CSS_J171301.7+322559,EW,EW,False,False,83.13631326191356,27.964536387144438,16852,True,False,False
5264,CSS_J090500.0+153137,EW,EW,False,False,25.175471001108242,22.423346878463242,16852,True,False,False
5265,CSS_J174715.0+504108,EA,EA,False,False,87.22358722358723,62.77641277641277,2597,True,False,False
5266,CSS_J160054.8+084625,EW,EW,False,False,39.213151089767265,31.972663465090505,16852,True,False,False
5267,CSS_J045156.7-093905,EW,RS CVn,True,False,94.4588104913188,98.83635020317695,16852,True,False,False
5268,CSS_J062601.4+551918,EW,EW,False,False,82.8592537864795,70.42851865533801,16852,True,False,False
5269,CSS_J070000.7+393605,RRc,EW,True,False,65.8458244111349,86.29550321199143,2917,True,False,False
5270,CSS_J214652.6+243317,EW,EW,False,False,53.56483191725157,91.6697451052826,16852,True,False,False
5271,CSS_J110923.8+171904,EA,EA,False,False,93.98034398034399,93.12039312039312,2597,True,False,False
5272,CSS_J045952.2+033344,EW,EW,False,False,43.86775027705948,88.36350203176949,16852,True,False,False
5273,CSS_J042653.0+390351,EW,EW,False,False,61.43332101957887,72.99593646102697,16852,True,False,False
5274,CSS_J225140.8-103006,EW,EW,False,False,50.11082379017362,73.05134835611378,16852,True,False,False
5275,CSS_J131438.2+054214,EW,EW,False,False,30.624307351311415,27.927595123753235,16852,True,False,False
5276,CSS_J025648.4+334208,EW,EW,False,False,84.04137421499816,8.164019209456963,16852,True,False,False
5277,CSS_J041046.6+255517,EW,EW,False,False,72.33099371998523,31.566309567787222,16852,True,False,False
5278,CSS_J092631.4-014206,EW,EA,True,False,97.2663465090506,74.30735131141485,16852,True,False,False
5279,CSS_J032431.7-170139,EW,EW,False,False,66.7159216845216,44.754340598448465,16852,True,False,False
5280,CSS_J092359.4+180930,RRc,RRc,False,False,59.95717344753747,16.059957173447536,2917,True,False,False
5281,CSS_J140419.1-161638,EW,EW,False,False,45.64093091983746,63.68673808644255,16852,True,False,False
5282,CSS_J053934.2+050131,EA,EA,False,False,84.27518427518427,23.832923832923832,2597,True,False,False
5283,CSS_J062032.4-092151,EW,EW,False,False,71.44440339859624,78.01994828223125,16852,True,False,False
5284,CSS_J084011.2+005702,EA,EA,False,False,16.830466830466833,12.776412776412776,2597,True,False,False
5285,CSS_J202435.4-130234,EW,EW,False,False,42.408570373106755,13.963797561876618,16852,True,False,False
5286,CSS_J222757.8+245555,EW,EW,False,False,31.751015884743257,17.63945326930181,16852,True,False,False
5287,CSS_J003734.1+144612,EW,EW,False,False,57.4251939416328,31.4739564093092,16852,True,False,False
5288,CSS_J224857.3+160444,EA,EA,False,False,59.45945945945946,85.25798525798525,2597,True,False,False
5289,CSS_J052950.9+125658,EW,EW,False,False,8.681196896933875,6.889545622460289,16852,True,False,False
5290,CSS_J014327.8+383239,EW,EW,False,False,88.03103066124861,62.31991134096786,16852,True,False,False
5291,CSS_J164535.1+273815,EW,EW,False,False,57.03731067602512,60.195788695973405,16852,True,False,False
5292,CSS_J113432.1-053834,RRc,RRc,False,False,77.19486081370451,90.5781584582441,2917,True,False,False
5293,CSS_J155010.3+513150,EW,EW,False,False,61.35943849279646,3.952715182859254,16852,True,False,False
5294,CSS_J091621.9-060913,EW,EW,False,False,19.35722201699298,11.230144070927226,16852,True,False,False
5295,CSS_J151807.3-161901,EW,RRab,True,False,99.40893978574067,99.64905799778352,16852,True,True,False
5296,CSS_J091352.0+025734,EW,EW,False,False,96.15810860731438,98.87329146656816,16852,True,False,False
5297,CSS_J100915.2-125517,EW,EW,False,False,93.42445511636498,82.36054673069819,16852,True,False,False
5298,CSS_J015623.7-094127,RRc,RRc,False,False,24.197002141327623,44.75374732334047,2917,True,False,False
5299,CSS_J124511.3-092605,RRc,RRc,False,False,47.43040685224839,39.82869379014989,2917,True,False,False
5300,CSS_J051526.7+155735,RS CVn,EW,True,True,37.5,58.08823529411765,846,True,False,False
5301,CSS_J150511.4-110719,LPV,LPV,False,False,64.36781609195403,79.3103448275862,281,True,False,False
5302,CSS_J153742.0+154649,RRc,EW,True,False,91.86295503211991,60.599571734475376,2917,True,False,False
5303,CSS_J212847.9-144335,EW,EW,False,False,31.19689693387514,37.07055781307721,16852,True,False,False
5304,CSS_J005043.6+291530,EW,EW,False,False,7.480605836719616,0.3509420022164758,16852,True,False,False
5305,CSS_J231414.5+090111,EW,EW,False,False,22.40487624676764,30.18101219061692,16852,True,False,False
5306,CSS_J003336.7+025920,EW,EW,False,False,31.67713335796084,79.6453638714444,16852,True,False,False
5307,CSS_J004155.1+180916,EW,EW,False,False,67.45474695234577,67.04839305504248,16852,True,False,False
5308,CSS_J001312.9+075804,EA,EA,False,False,96.1916461916462,96.06879606879608,2597,True,False,False
5309,CSS_J045200.5+032258,EW,EW,False,False,23.43923162172146,35.31584780199483,16852,True,False,False
5310,CSS_J212726.3+160714,EW,EW,False,False,6.686368673808644,35.38973032877725,16852,True,False,False
5311,CSS_J004914.1+181152,RRc,EW,True,False,76.55246252676659,82.65524625267666,2917,True,False,False
5312,CSS_J203454.3-193450,EW,EW,False,False,72.53417066863686,33.745844107868486,16852,True,False,False
5313,CSS_J045840.2+144953,EW,EW,False,False,6.409309198374584,25.674178056889545,16852,True,False,False
5314,CSS_J222138.7+303356,EA,EA,False,False,37.59213759213759,16.707616707616708,2597,True,False,False
5315,CSS_J102142.0+093238,EW,EW,False,False,38.75138529737717,87.4953823420761,16852,True,False,False
5316,CSS_J143136.4-131636,EW,EW,False,False,5.559660140376801,16.93756926486886,16852,True,False,False
5317,CSS_J061106.6-045503,EW,EW,False,False,15.164388622090874,20.59475434059845,16852,True,False,False
5318,CSS_J030947.4+321422,EW,EW,False,False,4.599187292205394,33.54266715921684,16852,True,False,False
5319,CSS_J151840.2+145903,LPV,LPV,False,False,6.896551724137931,36.7816091954023,281,True,False,False
5320,CSS_J043620.0-045732,EA,EA,False,False,47.54299754299755,25.184275184275183,2597,True,False,False
5321,CSS_J040546.2+260750,EW,EW,False,False,33.89360916143332,94.08939785740672,16852,True,False,False
5322,CSS_J094707.6+335133,EA,EW,True,False,88.08353808353809,93.36609336609337,2597,True,False,False
5323,CSS_J004409.2-060243,EW,EW,False,False,6.464721093461397,28.777244181751016,16852,True,False,False
5324,CSS_J103450.9+255957,EA,EA,False,False,73.34152334152334,81.08108108108108,2597,True,False,False
5325,CSS_J022807.5+370310,EW,EW,False,False,19.560398965644623,42.149981529368304,16852,True,False,False
5326,CSS_J054734.3-184408,EA,EA,False,False,63.882063882063875,90.66339066339066,2597,True,False,False
5327,CSS_J214848.7+021853,EW,EW,False,False,3.9157739194680454,74.60288141854451,16852,True,False,False
5328,CSS_J214305.6+142620,EW,EW,False,False,24.325821943110455,49.29811599556705,16852,True,False,False
5329,CSS_J041556.0+300749,EW,EW,False,False,51.07129663834503,41.39268562984854,16852,True,False,False
5330,CSS_J033522.4+272727,EW,EW,False,False,71.315108976727,78.42630217953453,16852,True,False,False
5331,CSS_J163402.6+562213,EW,EW,False,False,62.89250092353158,22.109346139637974,16852,True,False,False
5332,CSS_J050826.8+170551,EW,EW,False,False,84.41078684891023,87.86479497598818,16852,True,False,False
5333,CSS_J052446.0-130112,EW,EW,False,False,59.25378647949759,72.10934613963798,16852,True,False,False
5334,CSS_J152501.5-042555,RS CVn,EW,True,True,77.94117647058823,74.26470588235294,846,True,False,False
5335,CSS_J160555.6+124851,EA,EA,False,False,28.869778869778866,28.992628992628994,2597,True,False,False
5336,CSS_J043608.7+012831,RS CVn,EW,True,True,21.691176470588236,29.411764705882355,846,True,False,False
5337,CSS_J050521.1+034844,EW,EW,False,False,59.77096416697451,37.18138160325083,16852,True,False,False
5338,CSS_J174509.1+390715,EW,EW,False,False,3.4355374953823423,6.926486885851496,16852,True,False,False
5339,CSS_J080612.4+244721,RRc,EW,True,False,91.43468950749465,91.54175588865097,2917,True,False,False
5340,CSS_J101351.9-020256,EW,EW,False,False,41.226449944588104,70.09604728481715,16852,True,False,False
5341,CSS_J080438.6+161851,EW,EW,False,False,25.78500184706317,32.72995936461027,16852,True,False,False
5342,CSS_J044640.3+075541,EW,EW,False,False,79.57148134466199,87.60620613224972,16852,True,False,False
5343,CSS_J151017.6+243607,RRc,EW,True,False,78.05139186295503,34.26124197002141,2917,True,False,False
5344,CSS_J141413.6-113759,RRab,RRab,False,False,71.57360406091371,63.70558375634518,1249,True,False,False
5345,CSS_J164534.3+005409,EA,EW,True,False,27.027027027027028,1.71990171990172,2597,True,False,False
5346,CSS_J152041.1+123319,EW,EW,False,False,7.369782046545992,59.01366826745475,16852,True,False,False
5347,CSS_J075230.8+370124,EA,EW,True,False,63.022113022113025,58.84520884520884,2597,True,False,False
5348,CSS_J092905.5+131331,EW,EW,False,False,10.103435537495383,26.800886590321387,16852,True,False,False
5349,CSS_J001449.7+400204,EW,EW,False,False,40.37680088659032,36.590321388991505,16852,True,False,False
5350,CSS_J091317.2+602741,RRab,RRab,False,False,29.695431472081218,12.18274111675127,1249,True,False,False
5351,CSS_J033310.7+155324,RS CVn,RS CVn,False,True,22.794117647058822,15.073529411764705,846,True,False,False
5352,CSS_J001803.7+431658,RRc,EW,True,False,97.4304068522484,97.4304068522484,2917,True,False,False
5353,CSS_J154325.5-193228,EW,EW,False,False,37.421499815293686,76.78241595862578,16852,True,False,False
5354,CSS_J161537.4+332144,EW,EW,False,False,88.30809013668267,89.56409309198375,16852,True,False,False
5355,CSS_J035236.5+294704,EW,EW,False,False,91.52198005171776,68.89545622460288,16852,True,False,False
5356,CSS_J154351.8+201912,RRc,RRc,False,False,44.21841541755889,43.36188436830835,2917,True,False,False
5357,CSS_J015534.6+281829,EW,EW,False,False,75.72958995197637,75.28629479128186,16852,True,False,False
5358,CSS_J135941.7-020225,LPV,LPV,False,False,54.02298850574713,71.26436781609196,281,True,False,False
5359,CSS_J033318.2+200658,EW,EW,False,False,59.99261174732175,98.06058367196158,16852,True,False,False
5360,CSS_J230738.1-143646,RRc,RRc,False,False,0.7494646680942184,5.8886509635974305,2917,True,False,False
5361,CSS_J090359.9-063325,EW,EW,False,False,62.301440709272256,71.57369782046547,16852,True,False,False
5362,CSS_J150535.8-015821,EW,EW,False,False,74.78758773550055,36.62726265238271,16852,True,False,False
5363,CSS_J120203.3+262026,RRc,RRc,False,False,7.708779443254818,0.10706638115631692,2917,True,False,False
5364,CSS_J070524.7+393925,EW,RS CVn,True,False,93.01810121906169,87.38455855190249,16852,True,False,False
5365,CSS_J125031.3+125739,RRc,RRc,False,False,63.597430406852254,10.171306209850108,2917,True,False,False
5366,CSS_J085352.4+224229,EW,EW,False,False,23.06981898780938,4.857776135943849,16852,True,False,False
5367,CSS_J165757.6+152315,RS CVn,EW,True,True,30.14705882352941,25.735294117647058,846,True,False,False
5368,CSS_J013556.2-071426,RRc,RRc,False,False,25.802997858672377,22.483940042826553,2917,True,False,False
5369,CSS_J085552.9-131955,EW,EW,False,False,74.5289988917621,69.32028075360176,16852,True,False,False
5370,CSS_J140230.1-064908,EW,EW,False,False,33.579608422608054,73.38381972663464,16852,True,False,False
5371,CSS_J060118.0-074239,EW,EW,False,False,62.78167713335796,49.0579977835242,16852,True,False,False
5372,CSS_J015841.2+392517,EW,EW,False,False,14.000738825267826,20.502401182120426,16852,True,False,False
5373,CSS_J232825.7+131827,EW,EW,False,False,97.06316956039896,80.93830809013667,16852,True,False,False
5374,CSS_J165615.5+144830,EW,EW,False,False,44.05245659401552,32.50831178426302,16852,True,False,False
5375,CSS_J044030.3+065900,RS CVn,EW,True,True,82.35294117647058,63.970588235294116,846,True,False,False
5376,CSS_J045539.8+013538,EA,EA,False,False,68.67321867321867,74.81572481572482,2597,True,False,False
5377,CSS_J180107.4+531014,EW,EW,False,False,49.57517547100111,25.064647210934616,16852,True,False,False
5378,CSS_J160957.3+161540,EA,EA,False,False,51.105651105651106,56.388206388206385,2597,True,False,False
5379,CSS_J140239.4+084227,RRab,RRab,False,False,28.934010152284262,10.152284263959391,1249,True,False,False
5380,CSS_J171758.8+421128,RRc,RRc,False,False,32.11991434689507,61.02783725910065,2917,True,False,False
5381,CSS_J050022.2+045950,EW,EW,False,False,60.58367196158109,61.063908385666785,16852,True,False,False
5382,CSS_J221055.1+071513,EW,EA,True,False,95.7886959734023,76.59770964166974,16852,True,False,False
5383,CSS_J233925.6+384106,EW,EW,False,False,50.75729589951976,25.821943110454377,16852,True,False,False
5384,CSS_J092840.9-040746,EW,EW,False,False,47.45105282600665,34.410786848910234,16852,True,False,False
5385,CSS_J214826.4+125817,EW,EW,False,False,74.87994089397857,27.2995936461027,16852,True,False,False
5386,CSS_J122358.0+110412,RRc,RRc,False,False,33.72591006423983,19.05781584582441,2917,True,False,False
5387,CSS_J160015.8-142143,LPV,LPV,False,False,49.42528735632184,57.47126436781609,281,True,False,False
5388,CSS_J224724.9+331251,EW,EA,True,False,88.52973771702992,96.71222755818249,16852,True,False,False
5389,CSS_J024615.8+383701,EW,EW,False,False,51.57000369412634,91.7066863686738,16852,True,False,False
5390,CSS_J074525.4+142918,EW,EW,False,False,96.63834503140008,84.00443295160694,16852,True,False,False
5391,CSS_J202338.4-180653,RRc,RRc,False,False,50.74946466809421,76.55246252676659,2917,True,False,False
5392,CSS_J055039.5-121324,EW,EW,False,False,41.42962689323975,94.01551533062431,16852,True,False,False
5393,CSS_J101333.3+253445,EW,EW,False,False,12.633912079793127,20.483930550424827,16852,True,False,False
5394,CSS_J052644.6-090505,EW,RRc,True,False,54.96859992611748,49.39046915404507,16852,True,False,False
5395,CSS_J052456.7-165008,EW,EW,False,False,43.812338381972666,63.37273734761729,16852,True,False,False
5396,CSS_J143352.8+020800,RRc,RRc,False,False,43.46895074946467,14.882226980728053,2917,True,False,False
5397,CSS_J051414.4-025613,EW,RS CVn,True,False,85.57443664573329,98.28223125230883,16852,True,False,False
5398,CSS_J132506.0+620101,EW,EW,False,False,95.93646102696712,37.16291097155523,16852,True,False,False
5399,CSS_J051525.6+202749,EW,EW,False,False,45.844107868489104,41.42962689323975,16852,True,False,False
5400,CSS_J221518.2-070200,EW,EW,False,False,59.290727742888805,2.6782415958625783,16852,True,False,False
5401,CSS_J215448.0+180735,EW,EW,False,False,49.31658662726265,6.667898042113041,16852,True,False,False
5402,CSS_J054540.8+051822,EA,EA,False,False,39.189189189189186,57.98525798525799,2597,True,False,False
5403,CSS_J063434.8+470750,EW,EW,False,False,7.074251939416327,43.18433690432213,16852,True,False,False
5404,CSS_J213937.6+051152,EW,EW,False,False,1.7731806427779833,34.281492427041,16852,True,False,False
5405,CSS_J030848.7-185003,EW,EW,False,False,43.16586627262652,43.646102696712234,16852,True,False,False
5406,CSS_J060054.7-175739,EW,EW,False,False,47.04469892870336,41.37421499815294,16852,True,False,False
5407,CSS_J050831.9+112653,EW,EW,False,False,68.76616180273365,74.28888067971926,16852,True,False,False
5408,CSS_J045609.8+061728,EW,EW,False,False,95.23457702253417,90.13668267454747,16852,True,False,False
5409,CSS_J004709.6+414550,LPV,RS CVn,True,False,100.0,88.50574712643679,281,True,False,False
5410,CSS_J101807.6+095328,EW,EW,False,False,86.40561507203547,77.00406353897303,16852,True,False,False
5411,CSS_J120433.0+553604,RRab,RRab,False,False,15.989847715736042,22.33502538071066,1249,True,False,False
5412,CSS_J154004.1-131915,EW,EW,False,False,56.834133727373484,75.60029553010713,16852,True,False,False
5413,CSS_J222247.3+314651,EW,EW,False,False,0.11082379017362395,37.55079423716291,16852,True,False,False
5414,CSS_J203157.3-034042,EW,RRc,True,False,48.79940893978574,73.45770225341707,16852,True,False,False
5415,CSS_J043322.7+012650,EW,EW,False,False,69.8743997044699,24.49205762837089,16852,True,False,False
5416,CSS_J054247.1+005048,EW,EW,False,False,58.05319541928334,61.61802733653491,16852,True,False,False
5417,CSS_J203458.2-063716,RRab,EW,True,False,97.20812182741116,87.56345177664974,1249,True,False,False
5418,CSS_J022336.8+265615,EW,EW,False,False,74.80605836719616,64.79497598817879,16852,True,False,False
5419,CSS_J135612.8+363701,RRc,RRc,False,False,18.73661670235546,22.1627408993576,2917,True,False,False
5420,CSS_J052853.0-094930,EW,EW,False,False,68.19357222016993,52.93683043960103,16852,True,False,False
5421,CSS_J162902.7+270346,EW,EW,False,False,20.890284447728114,16.087920206871075,16852,True,False,False
5422,CSS_J205544.3+033850,EA,EA,False,False,10.196560196560196,21.867321867321866,2597,True,False,False
5423,CSS_J065603.2+500049,EW,EW,False,False,8.533431843369044,0.38788326560768377,16852,True,False,False
5424,CSS_J223045.7+151557,EW,EW,False,False,97.35869966752863,76.56076837827854,16852,True,False,False
5425,CSS_J024721.8+302132,EA,EA,False,False,39.434889434889435,60.073710073710075,2597,True,False,False
5426,CSS_J150123.8+183202,EW,EW,False,False,2.1795345400812707,2.733653490949391,16852,True,False,False
5427,CSS_J145211.6-153450,RRc,RRc,False,False,23.66167023554604,47.109207708779444,2917,True,False,False
5428,CSS_J174650.9+434028,EW,EW,False,False,30.107129663834503,60.214259327669005,16852,True,False,False
5429,CSS_J155048.8+055204,EW,EW,False,False,3.8788326560768382,27.983007018840045,16852,True,False,False
5430,CSS_J125515.8+503244,EW,EW,False,False,97.41411156261545,79.75618766161803,16852,True,False,False
5431,CSS_J131047.7+364408,EW,EW,False,False,96.2874030291836,92.1869227927595,16852,True,False,False
5432,CSS_J015154.3+303958,EW,EW,False,False,27.558182489841155,11.802733653490948,16852,True,False,False
5433,CSS_J205810.7-131842,EW,EW,False,False,24.36276320650166,66.54968599926117,16852,True,False,False
5434,CSS_J032555.5+055753,EW,EW,False,False,25.71111932028075,24.233468784632432,16852,True,False,False
5435,CSS_J103720.9+591654,RRc,RRc,False,False,8.779443254817988,48.394004282655246,2917,True,False,False
5436,CSS_J123041.0+071234,EW,EW,False,False,1.7177687476911712,0.5171776874769117,16852,True,False,False
5437,CSS_J164355.5-014800,EW,EW,False,False,99.24270410048024,98.98411525674177,16852,True,True,True
5438,CSS_J105525.1-064846,EW,EW,False,False,82.02807536017733,90.764684152198,16852,True,False,False
5439,CSS_J222757.6+093332,RS CVn,RS CVn,False,True,38.23529411764706,62.86764705882353,846,True,False,False
5440,CSS_J210835.1+075134,EW,EW,False,False,29.589951976357593,56.9634281492427,16852,True,False,False
5441,CSS_J095232.8+292951,EW,RRc,True,False,32.52678241595863,41.83598079054304,16852,True,False,False
5442,CSS_J094557.3-045801,EW,EW,False,False,7.388252678241596,36.97820465459919,16852,True,False,False
5443,CSS_J070147.5+485723,EW,EW,False,False,53.14000738825268,42.74104174362763,16852,True,False,False
5444,CSS_J074051.7+264733,RS CVn,RS CVn,False,True,23.161764705882355,49.26470588235294,846,True,False,False
5445,CSS_J165829.7+061308,EW,EW,False,False,10.41743627632065,49.74141115626154,16852,True,False,False
5446,CSS_J050423.4+095239,EW,EW,False,False,71.29663834503141,90.59844846693757,16852,True,False,False
5447,CSS_J180806.3+375955,EW,EW,False,False,29.03583302548947,38.51126708533432,16852,True,False,False
5448,CSS_J215458.4+025135,EW,EW,False,False,25.951237532323606,6.908016254155893,16852,True,False,False
5449,CSS_J004454.3-134122,EW,EW,False,False,52.84447728112301,32.60066494274104,16852,True,False,False
5450,CSS_J205955.3-153058,RRc,RRc,False,False,12.955032119914348,41.220556745182016,2917,True,False,False
5451,CSS_J102759.7+140340,RRc,RRc,False,False,38.22269807280514,46.78800856531049,2917,True,False,False
5452,CSS_J173258.3+182403,EW,RRc,True,False,40.85703731067603,59.12449205762837,16852,True,False,False
5453,CSS_J025240.0+364957,EA,EW,True,False,38.20638820638821,31.57248157248157,2597,True,False,False
5454,CSS_J233816.7+082812,RRc,RRc,False,False,24.73233404710921,57.81584582441114,2917,True,False,False
5455,CSS_J205956.4+071752,EW,EW,False,False,12.172146287403029,12.726265238271148,16852,True,False,False
5456,CSS_J080104.9+443848,RRc,RRc,False,False,66.38115631691649,49.143468950749465,2917,True,False,False
5457,CSS_J124712.8+350306,RRc,RRc,False,False,3.961456102783726,17.880085653104924,2917,True,False,False
5458,CSS_J220007.5-071306,EW,EW,False,False,37.56926486885852,58.21943110454377,16852,True,False,False
5459,CSS_J082130.3+134720,EA,EA,False,False,34.02948402948403,44.47174447174447,2597,True,False,False
5460,CSS_J171604.5+324706,EA,EA,False,False,68.7960687960688,24.815724815724817,2597,True,False,False
5461,CSS_J012926.8+383338,RRc,RRc,False,False,74.94646680942184,91.22055674518201,2917,True,False,False
5462,CSS_J083104.2-023655,EW,EW,False,False,85.55596601403768,94.14480975249353,16852,True,False,False
5463,CSS_J081445.6+411613,EA,EA,False,False,69.04176904176904,76.90417690417691,2597,True,False,False
5464,CSS_J221018.1+265420,EW,EW,False,False,19.855929072774288,18.212042851865533,16852,True,False,False
5465,CSS_J073506.5+504846,EW,EW,False,False,16.235685260435908,16.032508311784262,16852,True,False,False
5466,CSS_J153211.7+392411,RRc,RRc,False,False,7.28051391862955,2.355460385438972,2917,True,False,False
5467,CSS_J025134.9+385038,EW,EW,False,False,1.976357591429627,4.580716660509789,16852,True,False,False
5468,CSS_J221823.2+042214,EW,EW,False,False,50.84964905799778,24.787587735500555,16852,True,False,False
5469,CSS_J234316.1-033806,EW,EW,False,False,54.50683413372738,84.2260805319542,16852,True,False,False
5470,CSS_J021658.7+395425,EW,EW,False,False,27.798300701884003,21.001108237901736,16852,True,False,False
5471,CSS_J035722.0+230428,RS CVn,RS CVn,False,True,13.970588235294118,15.808823529411764,846,True,False,False
5472,CSS_J040135.1+240847,EW,EW,False,False,66.1618027336535,13.169560398965643,16852,True,False,False
5473,CSS_J172147.7+423934,EW,EW,False,False,89.91503509420022,25.80347247875877,16852,True,False,False
5474,CSS_J090949.2-103717,EW,EW,False,False,48.115995567048394,56.63095677872183,16852,True,False,False
5475,CSS_J165515.1+605924,EW,EW,False,False,39.97044698928703,19.135574436645733,16852,True,False,False
5476,CSS_J222936.3+170748,EW,EW,False,False,58.422608053195425,40.820096047284814,16852,True,False,False
5477,CSS_J165353.5-030417,RRc,EW,True,False,79.01498929336188,71.30620985010707,2917,True,False,False
5478,CSS_J094144.4-125521,EW,EW,False,False,62.07979312892501,72.01699298115996,16852,True,False,False
5479,CSS_J115418.0-091912,RRc,RRc,False,False,19.16488222698073,19.16488222698073,2917,True,False,False
5480,CSS_J072341.5+652256,EW,EW,False,False,40.59844846693757,78.96195049870705,16852,True,False,False
5481,CSS_J003626.0+212346,EW,EW,False,False,66.38345031400074,74.41817510158847,16852,True,False,False
5482,CSS_J065523.8+342716,EW,EW,False,False,34.96490579977835,4.063538973032878,16852,True,False,False
5483,CSS_J161109.2+020358,EW,EW,False,False,8.644255633542668,26.59770964166975,16852,True,False,False
5484,CSS_J231725.4+330535,EW,EW,False,False,34.13372737347618,41.92833394902106,16852,True,False,False
5485,CSS_J114426.4+172808,RRc,RRc,False,False,39.935760171306214,27.8372591006424,2917,True,False,False
5486,CSS_J162143.8-030757,RRd,EW,True,True,12.941176470588237,23.52941176470588,258,True,False,False
5487,CSS_J161454.3+035809,EW,EW,False,False,46.19504987070558,84.68784632434429,16852,True,False,False
5488,CSS_J032155.7+182237,RRab,RRab,False,False,41.11675126903553,58.121827411167516,1249,True,False,False
5489,CSS_J035045.6+374928,EA,EA,False,False,4.668304668304668,9.582309582309582,2597,True,False,False
5490,CSS_J175857.3+272633,EW,EW,False,False,21.647580347247874,69.52345770225342,16852,True,False,False
5491,CSS_J072346.7+304545,EW,EW,False,False,67.65792390099742,48.337643147395646,16852,True,False,False
5492,CSS_J230401.0+362546,EW,EW,False,False,27.05947543405984,30.956778721832283,16852,True,False,False
5493,CSS_J164750.4+443729,EW,EW,False,False,52.3272995936461,59.82637606206133,16852,True,False,False
5494,CSS_J170326.8+465802,EW,EW,False,False,68.78463243442926,29.626893239748796,16852,True,False,False
5495,CSS_J140255.7-022116,EW,EW,False,False,95.62246028814185,79.29442186922793,16852,True,False,False
5496,CSS_J164700.1+011154,EW,EW,False,False,78.13077207240488,88.17879571481345,16852,True,False,False
5497,CSS_J142855.6-134205,RRc,RRc,False,False,33.940042826552464,76.76659528907923,2917,True,False,False
5498,CSS_J052345.3+002057,EW,EW,False,False,44.58810491318803,60.34355374953824,16852,True,False,False
5499,CSS_J035836.3+185347,EW,EW,False,False,40.24750646472109,85.92537864794976,16852,True,False,False
5500,CSS_J050334.8+045611,EW,EW,False,False,37.624676763945324,90.80162541558921,16852,True,False,False
5501,CSS_J173122.8+343854,EW,EW,False,False,28.777244181751016,32.43442925748061,16852,True,False,False
5502,CSS_J031724.9+252514,EW,EW,False,False,54.82083487255264,6.686368673808644,16852,True,False,False
5503,CSS_J091804.8+370430,EW,EW,False,False,27.077946065755448,8.108607314370152,16852,True,False,False
5504,CSS_J040711.2+211126,EW,EW,False,False,91.55892131510898,74.86147026228296,16852,True,False,False
5505,CSS_J163708.1+103126,RRc,RRab,True,False,80.406852248394,98.60813704496788,2917,True,False,False
5506,CSS_J044918.1+104435,EA,EA,False,False,2.211302211302211,20.024570024570025,2597,True,False,False
5507,CSS_J035230.2+345220,EW,EW,False,False,41.96527521241226,18.41521980051718,16852,True,False,False
5508,CSS_J012334.6+283054,EW,EW,False,False,2.5489471739933505,0.8681196896933875,16852,True,False,False
5509,CSS_J223048.9+284440,RRab,RRab,False,False,40.86294416243655,45.68527918781726,1249,True,False,False
5510,CSS_J212220.7+043711,EW,EW,False,False,81.08607314370151,31.917251570003696,16852,True,False,False
5511,CSS_J050523.8-052621,EW,EW,False,False,36.62726265238271,42.500923531584775,16852,True,False,False
5512,CSS_J120959.9+182147,EW,EW,False,False,0.25858884373845586,60.823790173623934,16852,True,False,False
5513,CSS_J021937.5+400035,EW,EW,False,False,28.11230144070927,39.74879940893978,16852,True,False,False
5514,CSS_J045227.0+053657,EW,EW,False,False,36.95973402290358,16.97451052826007,16852,True,False,False
5515,CSS_J181032.7+403848,EW,EW,False,False,31.086073143701515,63.81603250831178,16852,True,False,False
5516,CSS_J035736.3+230553,EW,EW,False,False,45.3638714444034,63.4096786110085,16852,True,False,False
5517,CSS_J093628.3-163005,EA,EA,False,False,53.31695331695332,70.88452088452088,2597,True,False,False
5518,CSS_J005347.2+410502,EW,EW,False,False,34.04137421499816,47.72811230144071,16852,True,False,False
5519,CSS_J231959.7+335131,EW,EW,False,False,2.6690062800147762,16.52198005171777,16852,True,False,False
5520,CSS_J045829.1+040242,RS CVn,RS CVn,False,True,15.808823529411764,12.5,846,True,False,False
5521,CSS_J022738.4+410449,EW,EW,False,False,29.257480605836722,55.74436645733284,16852,True,False,False
5522,CSS_J220756.7-100840,EW,EW,False,False,35.00184706316956,33.94902105652014,16852,True,False,False
5523,CSS_J164505.9+321738,EW,EW,False,False,12.005910602142594,93.71998522349465,16852,True,False,False
5524,CSS_J032742.4+343701,EW,EW,False,False,64.25932766900628,52.659770964166974,16852,True,False,False
5525,CSS_J031249.6+205303,EW,EW,False,False,41.872922053934246,50.27705947543406,16852,True,False,False
5526,CSS_J050228.7+100947,EW,EW,False,False,90.98633173254525,79.6268932397488,16852,True,False,False
5527,CSS_J102922.1-035303,EA,EA,False,False,56.51105651105651,70.51597051597052,2597,True,False,False
5528,CSS_J222229.7+163338,EW,EW,False,False,24.39970446989287,50.51717768747691,16852,True,False,False
5529,CSS_J082351.2+635345,EW,EW,False,False,40.15515330624307,61.59955670483931,16852,True,False,False
5530,CSS_J121530.2-014658,RRc,RRc,False,False,53.104925053533194,41.54175588865097,2917,True,False,False
5531,CSS_J171714.9+430719,RRab,RRab,False,False,27.66497461928934,22.84263959390863,1249,True,False,False
5532,CSS_J212631.8+091703,EA,EA,False,False,15.601965601965603,7.985257985257984,2597,True,False,False
5533,CSS_J092147.6+530339,RRc,EW,True,False,100.0,99.89293361884368,2917,True,True,False
5534,CSS_J165323.1+415343,EW,EW,False,False,37.532323605467305,19.061691909863317,16852,True,False,False
5535,CSS_J024927.9+155124,EA,EA,False,False,53.07125307125307,47.174447174447174,2597,True,False,False
5536,CSS_J122843.3+430643,EW,EW,False,False,0.03694126339120798,4.9501292944218696,16852,True,False,False
5537,CSS_J015157.9+202008,EW,EW,False,False,46.82305134835612,73.77170299224234,16852,True,False,False
5538,CSS_J075729.9+421238,EW,EW,False,False,90.54303657185075,52.973771702992245,16852,True,False,False
5539,CSS_J155739.0-064252,EW,EW,False,False,32.84078315478389,30.88289619504987,16852,True,False,False
5540,CSS_J180202.7+383811,RRc,RRc,False,False,67.98715203426124,55.139186295503215,2917,True,False,False
5541,CSS_J052923.3+041330,RS CVn,EW,True,True,66.54411764705883,72.05882352941177,846,True,False,False
5542,CSS_J034227.7+265809,EW,EW,False,False,76.44994458810491,89.43479867011452,16852,True,False,False
5543,CSS_J142854.7+171903,EW,EW,False,False,35.426671592168454,50.64647210934614,16852,True,False,False
5544,CSS_J205115.7-040947,EW,EW,False,False,99.0764684152198,54.654599187292206,16852,True,False,False
5545,CSS_J063339.1+523942,EW,EW,False,False,82.0096047284817,46.13963797561876,16852,True,False,False
5546,CSS_J170930.4+210107,RRab,RRab,False,False,82.74111675126903,60.15228426395939,1249,True,False,False
5547,CSS_J103946.6+185958,RRc,RRc,False,False,68.52248394004282,97.00214132762312,2917,True,False,False
5548,CSS_J182456.9+490539,EA,EA,False,False,16.216216216216218,18.67321867321867,2597,True,False,False
5549,CSS_J025700.4+255428,EW,EW,False,False,9.290727742888807,19.966752862947914,16852,True,False,False
5550,CSS_J231404.4+380622,EW,EW,False,False,15.496859992611748,59.51237532323606,16852,True,False,False
5551,CSS_J123955.0-133353,EW,EW,False,False,53.78647949759882,67.54710011082379,16852,True,False,False
5552,CSS_J181611.8+494520,EW,EW,False,False,63.70520871813816,55.46730698189878,16852,True,False,False
5553,CSS_J170627.3+150624,RRc,RRab,True,False,90.25695931477516,94.53961456102785,2917,True,False,False
5554,CSS_J031204.7+324355,EW,EW,False,False,8.164019209456963,45.40081270779461,16852,True,False,False
5555,CSS_J085018.8+261100,EW,EW,False,False,52.86294791281861,34.37384558551903,16852,True,False,False
5556,CSS_J080852.1+184547,EW,EW,False,False,39.601034355374956,35.260435906908015,16852,True,False,False
5557,CSS_J034734.9+350541,RS CVn,RS CVn,False,True,36.76470588235294,41.544117647058826,846,True,False,False
5558,CSS_J202053.8-102630,EW,EW,False,False,50.14776505356483,87.53232360546731,16852,True,False,False
5559,CSS_J051432.7+005202,EW,EW,False,False,73.79017362393793,32.471370520871815,16852,True,False,False
5560,CSS_J043441.6+083601,RRc,RRc,False,False,52.03426124197003,51.71306209850107,2917,True,False,False
5561,CSS_J173500.1+233519,EW,EW,False,False,6.520132988548208,74.49205762837089,16852,True,False,False
5562,CSS_J042326.3+361416,RS CVn,RS CVn,False,True,86.39705882352942,75.0,846,True,False,False
5563,CSS_J043045.9+222016,EA,EA,False,False,51.47420147420148,54.17690417690417,2597,True,False,False
5564,CSS_J131617.8+163830,EW,EA,True,False,85.00184706316955,15.515330624307353,16852,True,False,False
5565,CSS_J205404.9-100303,EW,EW,False,False,85.16808274843,61.21167343923162,16852,True,False,False
5566,CSS_J091058.8+203746,RS CVn,RS CVn,False,True,55.51470588235294,61.76470588235294,846,True,False,False
5567,CSS_J224447.5+030012,RRd,RRd,False,True,47.05882352941176,21.176470588235293,258,True,False,False
5568,CSS_J235909.1+355136,EW,EW,False,False,6.926486885851496,14.49944588104913,16852,True,False,False
5569,CSS_J174624.9+142748,RRc,EW,True,False,57.92291220556746,81.26338329764454,2917,True,False,False
5570,CSS_J034146.3+194948,EW,EW,False,False,21.98005171776875,4.728481714074621,16852,True,False,False
5571,CSS_J103409.9+240529,EW,EW,False,False,82.67454746952346,59.475434059844844,16852,True,False,False
5572,CSS_J040846.7+201921,EW,EW,False,False,32.157369782046544,23.125230882896194,16852,True,False,False
5573,CSS_J085059.3+425159,EA,EA,False,False,77.64127764127764,20.76167076167076,2597,True,False,False
5574,CSS_J092928.7+400909,EW,EW,False,False,49.44588104913188,31.547838936091615,16852,True,False,False
5575,CSS_J211029.3-103958,EW,EW,False,False,98.04211304026597,95.49316586627262,16852,True,False,False
5576,CSS_J055521.8-125407,RRc,EW,True,False,44.11134903640257,71.62740899357601,2917,True,False,False
5577,CSS_J212108.4+031433,EW,EW,False,False,27.90912449205763,19.9113409678611,16852,True,False,False
5578,CSS_J130212.6+175022,RRc,RRc,False,False,92.50535331905782,82.76231263383298,2917,True,False,False
5579,CSS_J020818.9+314359,EW,EW,False,False,96.97081640192094,99.50129294421869,16852,True,False,False
5580,CSS_J094204.7+085519,EW,EW,False,False,21.038049501292942,13.224972294052456,16852,True,False,False
5581,CSS_J051632.0+025601,EA,EA,False,False,91.27764127764128,59.95085995085995,2597,True,False,False
5582,CSS_J174455.3+395325,RRc,RRc,False,False,20.449678800856532,49.25053533190578,2917,True,False,False
5583,CSS_J071256.7+460105,EW,EA,True,False,67.01145179165128,39.25009235315848,16852,True,False,False
5584,CSS_J004003.6+295533,EW,EW,False,False,4.617657923900998,18.710749907646843,16852,True,False,False
5585,CSS_J090417.9+122037,EW,EW,False,False,25.544883635020316,54.322127816771335,16852,True,False,False
5586,CSS_J232351.0+414106,EW,EW,False,False,3.7495382342076096,41.558921315108975,16852,True,False,False
5587,CSS_J021556.2+224844,EW,EW,False,False,70.68710749907648,9.456963428149242,16852,True,False,False
5588,CSS_J234234.8+324058,EW,EW,False,False,90.85703731067602,9.21684521610639,16852,True,False,False
5589,CSS_J170547.3+011125,RRc,RRc,False,False,14.989293361884368,39.29336188436831,2917,True,False,False
5590,CSS_J113030.3+005406,EW,EW,False,False,61.895086811968966,90.69080162541559,16852,True,False,False
5591,CSS_J090838.7-164243,EW,EA,True,False,97.63575914296268,91.44809752493536,16852,True,False,False
5592,CSS_J081927.2+223820,EW,EW,False,False,81.54783893609161,96.63834503140008,16852,True,False,False
5593,CSS_J091706.8+500547,EW,EW,False,False,51.77318064277798,9.420022164758034,16852,True,False,False
5594,CSS_J010124.7+384244,EW,EW,False,False,95.30845954931658,66.14333210195788,16852,True,False,False
5595,CSS_J063334.3+402102,EW,EW,False,False,37.73550055411895,15.367565570742519,16852,True,False,False
5596,CSS_J070553.2+350652,EW,EW,False,False,31.80642777983007,16.956039896564462,16852,True,False,False
5597,CSS_J080340.4+162645,EW,EW,False,False,85.7037310676025,69.91134096786111,16852,True,False,False
5598,CSS_J041556.0+093658,EW,EW,False,False,97.70964166974511,73.66087920206871,16852,True,False,False
5599,CSS_J013614.6+380434,EW,EW,False,False,38.21573697820465,78.90653860362025,16852,True,False,False
5600,CSS_J044706.5-011326,EA,EA,False,False,27.88697788697789,43.12039312039312,2597,True,False,False
5601,CSS_J215121.1+041716,EW,EW,False,False,63.72367934983376,71.42593276690063,16852,True,False,False
5602,CSS_J123047.6+223850,EA,EA,False,False,8.353808353808354,11.302211302211303,2597,True,False,False
5603,CSS_J201341.5-153254,RRc,RRc,False,False,37.79443254817988,67.45182012847965,2917,True,False,False
5604,CSS_J053519.9+035613,EA,EA,False,False,86.11793611793613,28.255528255528255,2597,True,False,False
5605,CSS_J012039.1+414029,EW,EW,False,False,96.47210934613963,86.57185075729589,16852,True,False,False
5606,CSS_J170146.4+383626,EW,EW,False,False,81.80642777983007,14.554857776135943,16852,True,False,False
5607,CSS_J233826.8+093003,EW,EW,False,False,70.28075360177318,66.91909863317326,16852,True,False,False
5608,CSS_J122701.0-141414,RRab,RRab,False,False,59.390862944162436,51.26903553299492,1249,True,False,False
5609,CSS_J035016.2+355846,EA,EA,False,False,62.65356265356266,57.61670761670762,2597,True,False,False
5610,CSS_J033201.5+345238,EW,EW,False,False,37.513852973771705,56.28001477650536,16852,True,False,False
5611,CSS_J050207.6-191600,EW,EW,False,False,13.040265977096416,25.360177318064274,16852,True,False,False
5612,CSS_J221058.9+251120,EW,EW,False,False,62.17214628740303,73.91946804580716,16852,True,False,False
5613,CSS_J011452.8+103934,EW,EW,False,False,44.828223125230885,18.101219061691907,16852,True,False,False
5614,CSS_J145101.8+452736,RRab,RRab,False,False,53.299492385786806,56.598984771573605,1249,True,False,False
5615,CSS_J202809.6-135128,RRc,RRc,False,False,46.14561027837259,66.05995717344754,2917,True,False,False
5616,CSS_J032004.9+194757,EW,EW,False,False,33.41337273734762,26.025120059106023,16852,True,False,False
5617,CSS_J152110.4-072234,EW,EW,False,False,12.670853343184337,68.71074990764684,16852,True,False,False
5618,CSS_J234736.1-073212,EW,EW,False,False,30.236424085703735,48.41152567417806,16852,True,False,False
5619,CSS_J141526.8+300127,EA,EA,False,False,76.16707616707616,73.09582309582309,2597,True,False,False
5620,CSS_J162549.1+344454,EW,EW,False,False,52.2903583302549,70.48393055042482,16852,True,False,False
5621,CSS_J045053.0+250734,EW,EW,False,False,83.08090136682674,34.04137421499816,16852,True,False,False
5622,CSS_J094108.1+263323,EW,EW,False,False,49.72294052456594,14.813446619874398,16852,True,False,False
5623,CSS_J043956.1+043904,RS CVn,RS CVn,False,True,67.64705882352942,48.161764705882355,846,True,False,False
5624,CSS_J211329.5+022750,EW,EW,False,False,62.726265238271154,54.248245289988915,16852,True,False,False
5625,CSS_J051325.8+221557,EW,EW,False,False,74.67676394532693,20.28075360177318,16852,True,False,False
5626,CSS_J213502.5+195641,RRab,RRab,False,False,88.83248730964468,85.0253807106599,1249,True,False,False
5627,CSS_J022342.9+355641,EW,EW,False,False,40.48762467676394,23.993350572589584,16852,True,False,False
5628,CSS_J161227.8+304347,EW,EW,False,False,26.30217953454008,44.29257480605837,16852,True,False,False
5629,CSS_J212703.7+195057,EW,EW,False,False,0.40635389730328775,8.496490579977834,16852,True,False,False
5630,CSS_J204121.0-113851,EW,EW,False,False,91.651274473587,11.765792390099742,16852,True,False,False
5631,CSS_J043535.7-090804,EW,RRc,True,False,39.85962319911341,49.85223494643517,16852,True,False,False
5632,CSS_J114227.8-160722,EW,EW,False,False,59.49390469154046,82.10195788695972,16852,True,False,False
5633,CSS_J173557.4+364204,EW,EW,False,False,8.496490579977834,15.478389360916141,16852,True,False,False
5634,CSS_J153105.4-063638,RRc,RRc,False,False,19.271948608137045,14.453961456102785,2917,True,False,False
5635,CSS_J163208.1+321649,RRc,RRc,False,False,32.97644539614561,57.066381156316915,2917,True,False,False
5636,CSS_J051730.2+165049,EW,EW,False,False,55.079423716291096,45.51163649796823,16852,True,False,False
5637,CSS_J140259.4-080942,EW,EW,False,False,33.96749168821574,33.46878463243443,16852,True,False,False
5638,CSS_J091047.5+322902,EW,EW,False,False,21.961581086073142,15.903213889915035,16852,True,False,False
5639,CSS_J022354.0+324944,EW,EW,False,False,30.12560029553011,30.993719985223496,16852,True,False,False
5640,CSS_J220733.5-071116,EW,EW,False,False,90.32138899150351,87.36608792020687,16852,True,False,False
5641,CSS_J062338.9-094229,EW,EW,False,False,78.72183228666421,43.9601034355375,16852,True,False,False
5642,CSS_J213252.2+005608,RRc,RRc,False,False,56.53104925053534,51.49892933618844,2917,True,False,False
5643,CSS_J174832.9+305623,EW,EW,False,False,42.68562984854082,88.25267824159586,16852,True,False,False
5644,CSS_J014855.9-071203,EW,EW,False,False,68.71074990764684,86.64573328407832,16852,True,False,False
5645,CSS_J132421.7+210814,RS CVn,RS CVn,False,True,75.36764705882352,87.13235294117648,846,True,False,False
5646,CSS_J152802.4-070132,RS CVn,RS CVn,False,True,51.83823529411765,31.25,846,True,False,False
5647,CSS_J234805.4+210547,EW,EW,False,False,13.252678241595865,33.302548947173996,16852,True,False,False
5648,CSS_J175109.0+392021,EW,EW,False,False,67.51015884743258,73.90099741411156,16852,True,False,False
5649,CSS_J085820.4-041908,EW,EW,False,False,46.2874030291836,62.37532323605467,16852,True,False,False
5650,CSS_J071615.9+315825,EW,EW,False,False,28.832656076837825,26.468415219800516,16852,True,False,False
5651,CSS_J171908.9+123555,EW,EW,False,False,70.3731067602512,43.498337643147394,16852,True,False,False
5652,CSS_J150249.3-121034,EW,EW,False,False,12.061322497229405,83.30254894717399,16852,True,False,False
5653,CSS_J213310.7+013929,EW,EW,False,False,6.9449575175471,82.8592537864795,16852,True,False,False
5654,CSS_J081442.8+514306,EW,EW,False,False,32.803841891392686,28.51865533801256,16852,True,False,False
5655,CSS_J174547.6+435848,EW,EW,False,False,79.1097155522719,47.08164019209457,16852,True,False,False
5656,CSS_J150315.4+180322,EW,EA,True,False,96.74916882157369,83.56113779091245,16852,True,False,False
5657,CSS_J050802.5-045859,EW,EW,False,False,40.302918359807904,50.24011821204285,16852,True,False,False
5658,CSS_J033023.3+274806,EW,EW,False,False,36.55338012560029,36.94126339120798,16852,True,False,False
5659,CSS_J080923.9+040316,RRd,EW,True,True,44.70588235294118,58.82352941176471,258,True,False,False
5660,CSS_J022313.0+304023,EW,EW,False,False,96.3058736608792,81.58478019948282,16852,True,False,False
5661,CSS_J081919.7+113637,EW,EW,False,False,20.724048762467675,4.229774658293314,16852,True,False,False
5662,CSS_J085442.6+150413,EW,EW,False,False,64.64721093461397,47.6727004063539,16852,True,False,False
5663,CSS_J094148.8+012627,EW,EW,False,False,22.6819357222017,42.18692279275951,16852,True,False,False
5664,CSS_J172424.8+174153,RRc,RRc,False,False,27.51605995717345,52.99785867237687,2917,True,False,False
5665,CSS_J165853.8+081101,RS CVn,EA,True,True,85.66176470588235,93.01470588235294,846,True,False,False
5666,CSS_J165136.8+054628,EW,EW,False,False,60.380495012929444,96.19504987070557,16852,True,False,False
5667,CSS_J033440.6+175431,EW,EW,False,False,83.93055042482452,60.49131880310307,16852,True,False,False
5668,CSS_J021154.7-125700,RS CVn,RS CVn,False,True,65.07352941176471,72.42647058823529,846,True,False,False
5669,CSS_J210615.1-110549,EW,EW,False,False,54.673069818987805,18.950868119689694,16852,True,False,False
5670,CSS_J171342.2+302424,EW,EW,False,False,19.54192833394902,56.778721832286664,16852,True,False,False
5671,CSS_J172922.8+370813,EW,EW,False,False,20.077576653121536,45.64093091983746,16852,True,False,False
5672,CSS_J230720.0+383330,EW,EW,False,False,46.02881418544514,5.855190247506465,16852,True,False,False
5673,CSS_J110151.7+155237,EW,EW,False,False,34.55855190247507,67.23309937199852,16852,True,False,False
5674,CSS_J171926.5+332002,EW,EW,False,False,80.90136682674547,81.62172146287404,16852,True,False,False
5675,CSS_J005415.5+424434,EW,EW,False,False,74.54746952345769,19.615810860731436,16852,True,False,False
5676,CSS_J030605.4+113921,EW,EW,False,False,91.68821573697821,91.6328038418914,16852,True,False,False
5677,CSS_J041827.3+311003,EW,EW,False,False,99.42741041743628,98.92870336165497,16852,True,True,True
5678,CSS_J050548.1+051249,EW,EW,False,False,6.834133727373476,20.410048023642407,16852,True,False,False
5679,CSS_J160524.5+390501,RRc,EW,True,False,55.24625267665952,41.00642398286938,2917,True,False,False
5680,CSS_J205016.2-080430,EW,EW,False,False,5.134835611377909,37.77244181751016,16852,True,False,False
5681,CSS_J070038.7+345827,EW,EW,False,False,20.668636867380865,13.003324713705208,16852,True,False,False
5682,CSS_J050852.1+030316,EW,EW,False,False,84.37384558551902,93.88622090875508,16852,True,False,False
5683,CSS_J074014.7+282349,EW,EW,False,False,87.9571481344662,63.28038418913927,16852,True,False,False
5684,CSS_J024831.2+081243,EW,EW,False,False,73.27299593646103,29.33136313261914,16852,True,False,False
5685,CSS_J094843.1+282249,EA,EA,False,False,64.74201474201475,67.32186732186733,2597,True,False,False
5686,CSS_J161804.2+093650,EW,EW,False,False,99.9445881049132,99.87070557813077,16852,True,True,True
5687,CSS_J224509.5+225311,EW,EW,False,False,81.17842630217953,79.86701145179165,16852,True,False,False
5688,CSS_J162250.2+670527,RRab,RRab,False,False,38.83248730964467,8.121827411167512,1249,True,False,False
5689,CSS_J052930.1+024337,EA,EW,True,False,95.94594594594594,92.62899262899262,2597,True,False,False
5690,CSS_J002555.1+331237,EW,EW,False,False,93.71998522349465,55.94754340598449,16852,True,False,False
5691,CSS_J111437.5+093130,EA,EA,False,False,22.604422604422606,36.11793611793612,2597,True,False,False
5692,CSS_J075033.4+264135,EW,EW,False,False,63.28038418913927,56.05836719615811,16852,True,False,False
5693,CSS_J152742.0+025944,RRc,RRc,False,False,23.98286937901499,18.52248394004283,2917,True,False,False
5694,CSS_J083214.6+132713,EW,EW,False,False,73.10676025120058,18.673808644255633,16852,True,False,False
5695,CSS_J105012.2-122541,EW,EW,False,False,30.753601773180645,61.045437753971186,16852,True,False,False
5696,CSS_J101547.1-030307,EW,EW,False,False,12.54155892131511,61.19320280753602,16852,True,False,False
5697,CSS_J081908.6+151842,EW,EW,False,False,59.789434798670115,84.96490579977835,16852,True,False,False
5698,CSS_J161728.9+042034,RRd,RRc,True,True,29.411764705882355,36.470588235294116,258,True,False,False
5699,CSS_J152746.3-182754,EW,EW,False,False,84.00443295160694,72.34946435168082,16852,True,False,False
5700,CSS_J005643.7+325335,EW,EW,False,False,59.56778721832286,57.83154783893609,16852,True,False,False
5701,CSS_J121122.4-113207,EA,EA,False,False,76.78132678132678,59.21375921375921,2597,True,False,False
5702,CSS_J175209.5+424121,EW,EW,False,False,17.78721832286664,29.608422608053196,16852,True,False,False
5703,CSS_J090318.7+351256,EW,EW,False,False,91.7159216845216,82.24972294052456,16852,True,False,False
5704,CSS_J160925.6+160749,RRc,RRc,False,False,9.421841541755889,42.184154175588866,2917,True,False,False
5705,CSS_J030552.8+022326,EW,EW,False,False,51.717768747691174,65.62615441448098,16852,True,False,False
5706,CSS_J044943.5+100049,RRc,RRc,False,False,96.46680942184153,94.43254817987152,2917,True,False,False
5707,CSS_J052752.1+051500,RS CVn,EW,True,True,58.45588235294118,22.794117647058822,846,True,False,False
5708,CSS_J084406.5+002043,EW,EW,False,False,60.398965644625044,93.33210195788696,16852,True,False,False
5709,CSS_J050419.3-121739,EW,EW,False,False,10.953084595493166,73.23605467306982,16852,True,False,False
5710,CSS_J161458.4+153927,EW,EW,False,False,25.489471739933506,30.735131141485038,16852,True,False,False
5711,CSS_J083643.6+030022,EA,EW,True,False,77.88697788697789,59.82800982800983,2597,True,False,False
5712,CSS_J114517.9+005907,EW,EW,False,False,35.20502401182121,49.15035094200222,16852,True,False,False
5713,CSS_J061055.9-075339,EW,RRc,True,False,90.04432951606945,84.89102327299594,16852,True,False,False
5714,CSS_J013318.2-110639,RRd,RRc,True,True,38.82352941176471,22.35294117647059,258,True,False,False
5715,CSS_J161750.6+044131,RRc,RRc,False,False,61.34903640256959,33.61884368308351,2917,True,False,False
5716,CSS_J212743.1+180305,EW,EW,False,False,5.892131510897673,20.779460657554488,16852,True,False,False
5717,CSS_J095443.8-010421,EW,EW,False,False,94.75434059844847,95.32693018101219,16852,True,False,False
5718,CSS_J083011.6+332717,EW,EW,False,False,12.910971555227189,70.13298854820835,16852,True,False,False
5719,CSS_J054638.1+050919,EW,EW,False,False,13.74214998152937,5.3380125600295525,16852,True,False,False
5720,CSS_J020833.8+183924,EW,EW,False,False,16.38345031400074,9.198374584410788,16852,True,False,False
5721,CSS_J224459.7+050254,EW,EW,False,False,82.98854820834872,58.18248984115256,16852,True,False,False
5722,CSS_J034835.7+293025,EW,EW,False,False,70.09604728481715,72.09087550794237,16852,True,False,False
5723,CSS_J055845.1-130330,EW,EW,False,False,18.803103066124862,33.87513852973772,16852,True,False,False
5724,CSS_J003352.7+314829,EW,EW,False,False,90.52456594015516,95.04987070557813,16852,True,False,False
5725,CSS_J234034.2+344236,RS CVn,RS CVn,False,True,50.0,21.323529411764707,846,True,False,False
5726,CSS_J090751.2+241845,EW,EW,False,False,87.18138160325083,23.734761728851126,16852,True,False,False
5727,CSS_J150737.2+145509,EW,EW,False,False,76.50535648319172,67.45474695234577,16852,True,False,False
5728,CSS_J161911.0-153605,EW,EW,False,False,1.6623568526043593,7.22201699298116,16852,True,False,False
5729,CSS_J023936.5-182907,EW,EW,False,False,50.60953084595493,51.14517916512745,16852,True,False,False
5730,CSS_J205849.7-074730,RRc,RRc,False,False,70.77087794432548,84.79657387580299,2917,True,False,False
5731,CSS_J211431.6+105130,EW,EW,False,False,44.95751754710011,64.97968230513483,16852,True,False,False
5732,CSS_J131755.0-073201,RRab,RRab,False,False,27.918781725888326,42.89340101522843,1249,True,False,False
5733,CSS_J163506.4+283852,EW,EW,False,False,2.1241226449944586,1.3852973771702992,16852,True,False,False
5734,CSS_J212410.3+185150,EW,EW,False,False,51.51459179903952,52.992242334687845,16852,True,False,False
5735,CSS_J020354.1-082556,EW,EW,False,False,15.053564831917251,53.34318433690433,16852,True,False,False
5736,CSS_J041047.1+131721,EW,RRc,True,False,58.847432582194315,56.88954562246029,16852,True,False,False
5737,CSS_J075618.0+360634,EW,EA,True,False,92.35315847801995,82.76690062800148,16852,True,False,False
5738,CSS_J230251.3+225839,RS CVn,RS CVn,False,True,24.264705882352942,16.176470588235293,846,True,False,False
5739,CSS_J044102.4+322634,EW,EW,False,False,26.56076837827854,18.93239748799409,16852,True,False,False
5740,CSS_J113819.6+262042,EW,EW,False,False,66.99298115995566,87.08902844477281,16852,True,False,False
5741,CSS_J232716.7+260052,EW,EW,False,False,14.130033247137053,97.13705208718139,16852,True,False,False
5742,CSS_J023536.1+342348,EW,EW,False,False,44.47728112301441,47.2294052456594,16852,True,False,False
5743,CSS_J095820.4-010738,EW,EW,False,False,0.4432951606944958,69.11710380495013,16852,True,False,False
5744,CSS_J005714.8+003428,EW,EW,False,False,56.16919098633173,18.027336534909495,16852,True,False,False
5745,CSS_J110632.3+162334,EW,EW,False,False,24.233468784632432,93.62763206501661,16852,True,False,False
5746,CSS_J121136.5-072126,EW,EW,False,False,67.584041374215,82.61913557443664,16852,True,False,False
5747,CSS_J224916.7+344514,EW,EW,False,False,41.24492057628371,24.196527521241226,16852,True,False,False
5748,CSS_J223058.9+032408,EW,EW,False,False,40.56150720354636,27.428888067971926,16852,True,False,False
5749,CSS_J030615.5+192817,EA,EA,False,False,60.810810810810814,52.579852579852584,2597,True,False,False
5750,CSS_J203340.5-020940,RRab,RRab,False,False,79.18781725888326,76.6497461928934,1249,True,False,False
5751,CSS_J210728.7-020902,EW,EW,False,False,39.23162172146287,35.168082748429995,16852,True,False,False
5752,CSS_J124305.8+144832,EW,EW,False,False,59.30919837458441,70.8718138160325,16852,True,False,False
5753,CSS_J012055.1+421020,RS CVn,RS CVn,False,True,32.35294117647059,14.705882352941178,846,True,False,False
5754,CSS_J031729.8+184419,RRab,RRab,False,False,31.472081218274113,66.24365482233503,1249,True,False,False
5755,CSS_J045552.5-090407,EA,EA,False,False,52.45700245700245,56.14250614250614,2597,True,False,False
5756,CSS_J180029.8+413721,RRc,RRc,False,False,22.483940042826553,44.432548179871524,2917,True,False,False
5757,CSS_J082455.4-033336,EW,EW,False,False,62.35685260435907,80.34724787587736,16852,True,False,False
5758,CSS_J090412.9+202331,EW,EW,False,False,88.97303287772442,70.59475434059846,16852,True,False,False
5759,CSS_J173736.0+480356,EW,EW,False,False,27.48429996305874,18.13816032508312,16852,True,False,False
5760,CSS_J215926.5-103030,EW,EW,False,False,49.685999261174736,40.210565201329885,16852,True,False,False
5761,CSS_J035243.2+040032,EW,EW,False,False,26.948651643886222,19.264868858514962,16852,True,False,False
5762,CSS_J072957.0+614429,EW,EW,False,False,8.51496121167344,19.634281492427043,16852,True,False,False
5763,CSS_J043524.0+070059,EW,EW,False,False,69.61581086073144,82.32360546730698,16852,True,False,False
5764,CSS_J043241.5-043820,EW,EW,False,False,93.44292574806057,60.232729959364605,16852,True,False,False
5765,CSS_J114824.5+242042,EW,EW,False,False,34.37384558551903,28.352419652752126,16852,True,False,False
5766,CSS_J143304.9+032156,EA,EA,False,False,82.30958230958231,96.92874692874693,2597,True,False,False
5767,CSS_J100539.0-060707,EW,EW,False,False,73.21758404137422,12.375323236054674,16852,True,False,False
5768,CSS_J171839.0+083419,EW,EW,False,False,17.214628740302917,65.09050609530847,16852,True,False,False
5769,CSS_J154000.8+310817,EW,EW,False,False,68.0458071666051,81.9726634650905,16852,True,False,False
5770,CSS_J223646.6+195604,EW,EW,False,False,9.918729220539342,33.70890284447728,16852,True,False,False
5771,CSS_J012913.1+343217,EW,RS CVn,True,False,93.4983376431474,93.5352789065386,16852,True,False,False
5772,CSS_J071702.6+332551,EW,EW,False,False,86.6087920206871,85.35278906538603,16852,True,False,False
5773,CSS_J084122.7-022524,EW,EW,False,False,88.64056150720354,98.39305504248246,16852,True,False,False
5774,CSS_J040016.9+363434,EW,EW,False,False,61.821204285186546,33.02548947173993,16852,True,False,False
5775,CSS_J011026.1+285359,EW,EW,False,False,67.47321758404138,62.17214628740303,16852,True,False,False
5776,CSS_J143303.4+402845,EW,EW,False,False,73.55005541189509,54.174362763206496,16852,True,False,False
5777,CSS_J042439.6-105246,EW,EW,False,False,0.2955301071296638,24.307351311414852,16852,True,False,False
5778,CSS_J004155.1+322733,EW,EW,False,False,60.140376800886585,80.18101219061691,16852,True,False,False
5779,CSS_J151033.1+124228,EW,EW,False,False,34.7247875877355,30.107129663834503,16852,True,False,False
5780,CSS_J034604.7-034436,EW,RS CVn,True,False,86.86738086442556,88.93609161433321,16852,True,False,False
5781,CSS_J055343.2-071944,EW,EW,False,False,71.07499076468416,84.05984484669375,16852,True,False,False
5782,CSS_J175205.2+310337,EW,EW,False,False,34.98337643147396,49.24270410048024,16852,True,False,False
5783,CSS_J133751.0+081256,EW,EW,False,False,56.42777983007019,44.38492796453639,16852,True,False,False
5784,CSS_J050009.1+145028,EW,EW,False,False,77.61359438492796,48.57776135943849,16852,True,False,False
5785,CSS_J050854.8+114347,EW,EW,False,False,76.04359069080162,72.92205393424454,16852,True,False,False
5786,CSS_J141326.3+334159,EW,EW,False,False,11.544144809752494,2.6967122275581823,16852,True,False,False
5787,CSS_J002523.3-031523,RRc,RRc,False,False,9.74304068522484,34.58244111349036,2917,True,False,False
5788,CSS_J155148.1+523426,EW,EW,False,False,54.30365718507573,59.715552271887695,16852,True,False,False
5789,CSS_J070727.7+411738,EW,EW,False,False,29.516069449575177,23.254525304765423,16852,True,False,False
5790,CSS_J043442.7+012852,EW,EW,False,False,10.768378278537126,63.59438492796453,16852,True,False,False
5791,CSS_J044953.0-014650,RS CVn,EW,True,True,1.1029411764705883,5.514705882352941,846,True,False,False
5792,CSS_J032041.9+330551,EW,EW,False,False,49.5197635759143,70.18840044329517,16852,True,False,False
5793,CSS_J043711.7+064606,EW,EW,False,False,34.81714074621352,40.875507942371634,16852,True,False,False
5794,CSS_J211018.4+143612,EW,EW,False,False,56.741780568895464,12.356852604359068,16852,True,False,False
5795,CSS_J091703.5+010557,EW,EW,False,False,40.57997783524196,21.924639822681936,16852,True,False,False
5796,CSS_J051612.9+081738,EW,EW,False,False,13.502031769486516,8.551902475064647,16852,True,False,False
5797,CSS_J063551.4+525908,EW,EW,False,False,70.3176948651644,66.60509789434799,16852,True,False,False
5798,CSS_J002809.2+314152,EW,EW,False,False,22.12781677133358,36.497968230513486,16852,True,False,False
5799,CSS_J221604.0+255836,EW,EW,False,False,8.256372367934983,13.668267454746951,16852,True,False,False
5800,CSS_J114013.7+131105,RRc,RRc,False,False,75.80299785867237,52.24839400428265,2917,True,False,False
5801,CSS_J175002.7+324148,EW,EA,True,False,94.77281123014407,66.80827484299962,16852,True,False,False
5802,CSS_J162809.4+041309,EW,EW,False,False,97.69117103804949,95.14222386405615,16852,True,False,False
5803,CSS_J083005.4+482305,EW,EW,False,False,90.33985962319912,93.4983376431474,16852,True,False,False
5804,CSS_J170220.6+080144,EW,EW,False,False,33.7827853712597,63.70520871813816,16852,True,False,False
5805,CSS_J103233.5+362054,EA,EA,False,False,96.80589680589681,51.842751842751845,2597,True,False,False
5806,CSS_J161539.6+124723,EW,EA,True,False,86.77502770594754,9.253786479497599,16852,True,False,False
5807,CSS_J032253.7+341309,EW,EW,False,False,11.470262282970078,51.23753232360547,16852,True,False,False
5808,CSS_J090110.2+143310,EW,EW,False,False,1.1821204285186553,15.496859992611748,16852,True,False,False
5809,CSS_J224507.9+112321,EA,EW,True,False,50.4914004914005,29.115479115479115,2597,True,False,False
5810,CSS_J235904.6+383409,EW,EW,False,False,65.25674178056889,84.46619874399704,16852,True,False,False
5811,CSS_J111851.3+192032,EW,EW,False,False,75.10158847432582,43.79386775027706,16852,True,False,False
5812,CSS_J133034.7+494409,EW,EW,False,False,76.8747691171038,16.863686738086443,16852,True,False,False
5813,CSS_J035102.8-024503,EW,EW,False,False,86.70114517916512,94.21869227927596,16852,True,False,False
5814,CSS_J011337.8+064243,RRc,RRc,False,False,25.481798715203425,49.03640256959314,2917,True,False,False
5815,CSS_J025614.5+392424,EA,EA,False,False,10.442260442260443,19.533169533169534,2597,True,False,False
5816,CSS_J172404.0+065320,RRab,RRab,False,False,1.5228426395939088,19.796954314720814,1249,True,False,False
5817,CSS_J210222.9-154254,RRc,RRc,False,False,51.82012847965739,54.17558886509636,2917,True,False,False
5818,CSS_J045253.0+000604,EW,EW,False,False,23.47617288511267,75.4710011082379,16852,True,False,False
5819,CSS_J132434.2+125756,EW,EW,False,False,30.254894717399335,67.08533431843368,16852,True,False,False
5820,CSS_J111702.4+184301,RRc,RRc,False,False,14.132762312633835,71.09207708779444,2917,True,False,False
5821,CSS_J011355.3+303033,EA,EA,False,False,84.02948402948402,78.50122850122851,2597,True,False,False
5822,CSS_J082539.0+401944,RRab,RRab,False,False,20.050761421319795,46.192893401015226,1249,True,False,False
5823,CSS_J104727.4-050211,EW,EW,False,False,70.33616549685999,77.24418175101589,16852,True,False,False
5824,CSS_J041413.2+200826,EW,EW,False,False,16.97451052826007,22.330993719985223,16852,True,False,False
5825,CSS_J155854.1+463549,EW,EW,False,False,44.31104543775397,89.58256372367936,16852,True,False,False
5826,CSS_J165239.1+145136,RRc,RRc,False,False,36.61670235546038,20.556745182012847,2917,True,False,False
5827,CSS_J045018.5+105631,RRab,RRab,False,False,84.26395939086294,93.1472081218274,1249,True,False,False
5828,CSS_J135907.5-020026,EW,EW,False,False,96.21352050240118,71.94311045437753,16852,True,False,False
5829,CSS_J154332.7+421436,EW,EW,False,False,60.749907646841514,1.2005910602142593,16852,True,False,False
5830,CSS_J014606.3+265901,EW,EW,False,False,12.338381972663464,52.881418544514226,16852,True,False,False
5831,CSS_J201536.0-121947,RRc,RRc,False,False,75.37473233404711,92.50535331905782,2917,True,False,False
5832,CSS_J030733.6+330930,EA,EA,False,False,19.164619164619165,89.1891891891892,2597,True,False,False
5833,CSS_J042733.3+251122,EW,EW,False,False,34.09678611008496,42.371629109715556,16852,True,False,False
5834,CSS_J051124.6+074413,EW,EW,False,False,51.66235685260436,54.96859992611748,16852,True,False,False
5835,CSS_J215047.4+143417,EW,EW,False,False,34.909493904691544,67.87957148134466,16852,True,False,False
5836,CSS_J091909.5+323235,EW,EW,False,False,54.08200960472848,66.64203915773919,16852,True,False,False
5837,CSS_J205653.3-133215,EA,EA,False,False,7.002457002457002,18.91891891891892,2597,True,False,False
5838,CSS_J221247.4+182410,EW,EW,False,False,23.864056150720355,43.42445511636498,16852,True,False,False
5839,CSS_J161012.7+400907,RRc,RRc,False,False,43.36188436830835,47.85867237687366,2917,True,False,False
5840,CSS_J013728.1+084637,EW,EW,False,False,21.66605097894348,21.038049501292942,16852,True,False,False
5841,CSS_J204445.1-015731,EW,EW,False,False,86.9782046545992,48.83635020317695,16852,True,False,False
5842,CSS_J174504.1+420852,EW,EW,False,False,23.309937199852236,72.42334687846325,16852,True,False,False
5843,CSS_J115034.8+384031,EW,EW,False,False,88.23420760990027,82.04654599187292,16852,True,False,False
5844,CSS_J213701.2+113019,EW,EW,False,False,17.233099371998524,37.23679349833765,16852,True,False,False
5845,CSS_J113258.7+260500,EW,EW,False,False,69.449575175471,69.35722201699298,16852,True,False,False
5846,CSS_J084420.4-101543,EW,EW,False,False,65.21980051717769,85.62984854082009,16852,True,False,False
5847,CSS_J132642.3+243230,EW,EW,False,False,33.394902105652015,28.721832286664206,16852,True,False,False
5848,CSS_J062411.3+535818,EW,EW,False,False,92.05762837089028,81.51089767270041,16852,True,False,False
5849,CSS_J205837.9+000843,EW,EW,False,False,42.09456963428149,69.8743997044699,16852,True,False,False
5850,CSS_J153447.5+362121,EW,EW,False,False,18.341337273734762,42.96268932397488,16852,True,False,False
5851,CSS_J092954.4+154935,EW,EW,False,False,76.33912079793129,59.93719985223495,16852,True,False,False
5852,CSS_J103329.1+032627,RRd,RRc,True,True,40.0,27.058823529411764,258,True,False,False
5853,CSS_J051702.4+085150,EW,EW,False,False,73.49464351680828,55.67048393055043,16852,True,False,False
5854,CSS_J085802.0+282634,EW,EW,False,False,50.29553010712966,22.55264130033247,16852,True,False,False
5855,CSS_J220408.0+025004,EW,EW,False,False,31.898780938308093,5.393424455116365,16852,True,False,False
5856,CSS_J174215.0+193625,EW,EW,False,False,42.02068710749908,28.7033616549686,16852,True,False,False
5857,CSS_J154718.5+541517,EW,EW,False,False,38.80679719246398,48.96564462504618,16852,True,False,False
5858,CSS_J231530.5+281646,EW,EW,False,False,15.330624307351313,37.79091244920576,16852,True,False,False
5859,CSS_J022808.2+040406,EW,EW,False,False,17.990395271518285,72.31252308828961,16852,True,False,False
5860,CSS_J233735.2+421306,RRc,EW,True,False,83.94004282655246,44.21841541755889,2917,True,False,False
5861,CSS_J152605.0-115200,EW,EW,False,False,36.83043960103436,76.00664942741042,16852,True,False,False
5862,CSS_J212258.6+185000,RRc,RRc,False,False,5.460385438972163,1.6059957173447537,2917,True,False,False
5863,CSS_J171921.3+352435,EW,EW,False,False,92.66715921684522,52.382711488732916,16852,True,False,False
5864,CSS_J085907.2+144938,EW,EW,False,False,51.957886959734026,41.96527521241226,16852,True,False,False
5865,CSS_J023904.4+314603,EW,EW,False,False,14.3516808274843,2.493535278906539,16852,True,False,False
5866,CSS_J180235.9+270432,RRc,EW,True,False,93.6830835117773,90.14989293361884,2917,True,False,False
5867,CSS_J103145.1+050513,EW,EW,False,False,42.131510897672705,33.062430735131144,16852,True,False,False
5868,CSS_J231016.8+264308,EW,EW,False,False,92.87033616549685,95.69634281492428,16852,True,False,False
5869,CSS_J222555.4+073909,EW,RS CVn,True,False,92.00221647580348,99.02105652013299,16852,True,False,False
5870,CSS_J211227.3-013322,EW,EW,False,False,46.84152198005172,40.13668267454747,16852,True,False,False
5871,CSS_J045331.9+043403,EW,EW,False,False,80.21795345400812,78.98042113040266,16852,True,False,False
5872,CSS_J024914.0+372558,EW,EW,False,False,26.52382711488733,83.35796084226081,16852,True,False,False
5873,CSS_J090622.9-031800,EW,EW,False,False,78.00147765053565,61.52567417805689,16852,True,False,False
5874,CSS_J042245.6+292636,EW,EW,False,False,52.53047654229774,77.05947543405985,16852,True,False,False
5875,CSS_J152733.9-125455,EW,EW,False,False,41.06021425932767,68.15663095677871,16852,True,False,False
5876,CSS_J145411.9+061324,RRc,RRc,False,False,0.9635974304068522,18.73661670235546,2917,True,False,False
5877,CSS_J213450.2+144526,EA,EW,True,False,66.46191646191646,75.67567567567568,2597,True,False,False
5878,CSS_J075322.6+090154,RRab,RRab,False,False,58.629441624365484,72.58883248730965,1249,True,False,False
5879,CSS_J170321.3+220025,EW,EW,False,False,41.891392685629846,34.18913926856298,16852,True,False,False
5880,CSS_J165508.1-041452,EA,EA,False,False,11.302211302211303,8.108108108108109,2597,True,False,False
5881,CSS_J205236.4+032752,EW,EW,False,False,95.53010712966383,17.73180642777983,16852,True,False,False
5882,CSS_J133031.2+150925,EW,EW,False,False,5.153306243073513,8.88437384558552,16852,True,False,False
5883,CSS_J232808.7+130050,EW,EW,False,False,77.52124122644994,81.9357222016993,16852,True,False,False
5884,CSS_J085827.5+421009,EW,EW,False,False,36.79349833764315,35.53749538234208,16852,True,False,False
5885,CSS_J153430.5-101651,RRc,RRc,False,False,43.79014989293361,69.70021413276231,2917,True,False,False
5886,CSS_J015016.0+384816,EW,EW,False,False,90.83856667898043,98.55929072774289,16852,True,False,False
5887,CSS_J111417.9+183425,EW,EW,False,False,23.56852604359069,11.636497968230513,16852,True,False,False
5888,CSS_J032834.4+101118,RRab,RRab,False,False,26.903553299492383,9.390862944162437,1249,True,False,False
5889,CSS_J160355.4+284726,EW,EW,False,False,72.57111193202807,80.64277798300702,16852,True,False,False
5890,CSS_J134451.9-183333,RRc,RRc,False,False,81.04925053533191,86.7237687366167,2917,True,False,False
5891,CSS_J212953.6-123805,EW,EW,False,False,47.949759881787955,35.88843738455855,16852,True,False,False
5892,CSS_J211822.0-060814,RRc,EW,True,False,78.26552462526767,66.16702355460386,2917,True,False,False
5893,CSS_J005012.5+070302,EW,EW,False,False,6.594015515330624,70.7794606575545,16852,True,False,False
5894,CSS_J061339.4-105743,EW,EW,False,False,76.72700406353897,81.36313261913557,16852,True,False,False
5895,CSS_J044821.6+002220,EW,EW,False,False,60.121906169190986,13.945326930181013,16852,True,False,False
5896,CSS_J084516.6+001901,EA,EW,True,False,96.31449631449631,87.96068796068795,2597,True,False,False
5897,CSS_J161250.3+050521,EW,EW,False,False,53.97118581455486,3.343184336904322,16852,True,False,False
5898,CSS_J072411.7+304854,EW,EW,False,False,66.45733284078315,18.544514222386404,16852,True,False,False
5899,CSS_J080030.8+292412,EA,EA,False,False,43.85749385749386,82.18673218673219,2597,True,False,False
5900,CSS_J212346.2+111011,EW,EW,False,False,7.425193941632805,35.55596601403768,16852,True,False,False
5901,CSS_J234029.5+200001,RRc,EW,True,False,76.12419700214133,17.237687366167023,2917,True,False,False
5902,CSS_J005013.5+405932,EW,EW,False,False,26.59770964166975,16.660509789434798,16852,True,False,False
5903,CSS_J220259.8+180800,EW,EW,False,False,8.995197635759142,21.093461396379755,16852,True,False,False
5904,CSS_J022227.8+295454,EW,EW,False,False,23.531584780199484,43.84927964536387,16852,True,False,False
5905,CSS_J043222.4+381346,EW,EW,False,False,54.432951606944954,58.99519763575915,16852,True,False,False
5906,CSS_J095648.1+082529,EW,EW,False,False,50.20317694865164,63.31732545253048,16852,True,False,False
5907,CSS_J054829.1-173606,EW,EW,False,False,12.098263760620613,38.56667898042113,16852,True,False,False
5908,CSS_J163725.2-111418,EW,EW,False,False,12.947912818618395,68.26745474695235,16852,True,False,False
5909,CSS_J211643.6+005102,EW,EW,False,False,72.75581824898411,42.6117473217584,16852,True,False,False
5910,CSS_J231402.9+265807,EA,EA,False,False,49.26289926289926,30.46683046683047,2597,True,False,False
5911,CSS_J090752.1+230240,EW,EW,False,False,65.92168452161063,41.02327299593646,16852,True,False,False
5912,CSS_J150940.0+214841,EA,EA,False,False,13.75921375921376,65.23341523341524,2597,True,False,False
5913,CSS_J091303.5+174344,EW,EW,False,False,39.52715182859254,41.6697451052826,16852,True,False,False
5914,CSS_J234100.8+330959,EW,EW,False,False,27.225711119320277,54.87624676763946,16852,True,False,False
5915,CSS_J084543.8-063534,EA,EA,False,False,63.26781326781327,55.528255528255535,2597,True,False,False
5916,CSS_J170149.1+124526,EW,EW,False,False,64.27779830070189,0.7942371629109716,16852,True,False,False
5917,CSS_J160449.2+161101,RRc,EW,True,False,85.11777301927195,6.423982869379015,2917,True,False,False
5918,CSS_J231651.4-192236,RRc,EW,True,False,85.01070663811564,42.398286937901496,2917,True,False,False
5919,CSS_J110247.9+431953,EW,EW,False,False,82.93313631326191,16.25415589213151,16852,True,False,False
5920,CSS_J011157.2-071957,EW,EW,False,False,37.9571481344662,49.57517547100111,16852,True,False,False
5921,CSS_J080115.8+540126,EW,EW,False,False,19.135574436645733,29.09124492057628,16852,True,False,False
5922,CSS_J085857.0+671753,EW,EW,False,False,84.18913926856298,43.904691540450685,16852,True,False,False
5923,CSS_J030556.1+295917,EW,EW,False,False,30.956778721832283,29.46065755448836,16852,True,False,False
5924,CSS_J053112.6-192248,RRc,RRc,False,False,44.53961456102783,78.37259100642399,2917,True,False,False
5925,CSS_J225404.4+240205,EW,EW,False,False,17.325452530476543,0.46176579239009974,16852,True,False,False
5926,CSS_J091536.7+154255,RRc,EW,True,False,86.0813704496788,96.25267665952892,2917,True,False,False
5927,CSS_J042340.3+275151,RRab,RRab,False,False,12.690355329949238,44.16243654822335,1249,True,False,False
5928,CSS_J211231.5+044525,EW,EW,False,False,45.179165127447355,60.02955301071297,16852,True,False,False
5929,CSS_J172350.6+504650,EW,EW,False,False,81.437015145918,97.04469892870337,16852,True,False,False
5930,CSS_J230846.5+000956,EW,EW,False,False,6.649427410417437,44.69892870336166,16852,True,False,False
5931,CSS_J230542.0+380209,EW,EW,False,False,13.557443664573329,12.615441448097526,16852,True,False,False
5932,CSS_J052507.2+090741,EW,EW,False,False,40.118212042851866,54.04506834133728,16852,True,False,False
5933,CSS_J131918.3+461325,RRab,RRab,False,False,32.48730964467005,64.9746192893401,1249,True,False,False
5934,CSS_J234502.6+371537,EW,EW,False,False,64.97968230513483,16.069449575175472,16852,True,False,False
5935,CSS_J052325.5+110332,EW,EW,False,False,58.551902475064644,67.95345400812708,16852,True,False,False
5936,CSS_J033220.7+192005,RRc,RRc,False,False,97.53747323340471,86.50963597430406,2917,True,False,False
5937,CSS_J003449.3+343709,EW,EW,False,False,78.86959734022903,59.56778721832286,16852,True,False,False
5938,CSS_J091429.9+032325,EW,EW,False,False,68.47063169560398,43.94163280384189,16852,True,False,False
5939,CSS_J163355.6+253151,RRc,RRc,False,False,14.5610278372591,63.38329764453962,2917,True,False,False
5940,CSS_J074804.4+434043,EW,EW,False,False,90.764684152198,71.20428518655338,16852,True,False,False
5941,CSS_J152328.8+442818,EA,EA,False,False,68.55036855036855,69.4103194103194,2597,True,False,False
5942,CSS_J040208.9+355330,EW,EW,False,False,54.340598448466935,63.4281492427041,16852,True,False,False
5943,CSS_J075453.7+272849,EW,EW,False,False,71.24122644994458,46.67528629479128,16852,True,False,False
5944,CSS_J152221.6+522843,RRd,EW,True,True,83.52941176470588,64.70588235294117,258,True,False,False
5945,CSS_J101533.2-121952,EW,EW,False,False,79.2205393424455,88.54820834872552,16852,True,False,False
5946,CSS_J051718.0+015005,EW,EW,False,False,93.84927964536386,42.814924270410046,16852,True,False,False
5947,CSS_J030729.9+014412,EW,EW,False,False,11.52567417805689,70.02216475803472,16852,True,False,False
5948,CSS_J165920.5+275932,EW,EW,False,False,82.26819357222017,49.44588104913188,16852,True,False,False
5949,CSS_J141208.1-015208,EW,EW,False,False,10.288141854451423,34.11525674178057,16852,True,False,False
5950,CSS_J010208.4+353518,EW,EW,False,False,24.732175840413742,29.202068710749906,16852,True,False,False
5951,CSS_J213614.2-091103,EW,EW,False,False,41.41115626154415,74.067233099372,16852,True,False,False
5952,CSS_J211630.4+084501,RRc,EW,True,False,72.80513918629549,57.70877944325482,2917,True,False,False
5953,CSS_J154851.1+390448,RRd,RRc,True,True,2.3529411764705883,1.1764705882352942,258,True,False,False
5954,CSS_J043004.2+213128,EW,EW,False,False,87.62467676394533,52.53047654229774,16852,True,False,False
5955,CSS_J041721.6+331009,EW,EW,False,False,37.31067602512006,37.80938308090136,16852,True,False,False
5956,CSS_J173905.4+191414,EW,EW,False,False,69.33875138529739,79.25748060583672,16852,True,False,False
5957,CSS_J090455.6-091747,EW,EW,False,False,65.27521241226451,69.24639822681937,16852,True,False,False
5958,CSS_J150928.5+071621,EW,EW,False,False,11.082379017362394,66.53121536756557,16852,True,False,False
5959,CSS_J140425.9+240213,RRc,RRc,False,False,5.995717344753747,31.905781584582442,2917,True,False,False
5960,CSS_J070931.0+412142,EW,EA,True,False,96.04728481714075,65.34909493904692,16852,True,False,False
5961,CSS_J042311.0+232005,EW,EW,False,False,82.08348725526413,61.137790912449205,16852,True,False,False
5962,CSS_J044626.7+221631,EW,EW,False,False,13.963797561876618,53.657185075729586,16852,True,False,False
5963,CSS_J084756.2+271333,EW,EW,False,False,41.725157000369414,70.76099002585889,16852,True,False,False
5964,CSS_J165257.2-031129,RRc,EW,True,False,84.26124197002142,84.47537473233405,2917,True,False,False
5965,CSS_J104129.3-140317,EA,EA,False,False,23.464373464373462,65.6019656019656,2597,True,False,False
5966,CSS_J172556.8+191520,RS CVn,RS CVn,False,True,82.72058823529412,60.66176470588235,846,True,False,False
5967,CSS_J141501.5+151516,EW,EW,False,False,16.438862209087553,14.647210934613963,16852,True,False,False
5968,CSS_J062617.5+494224,EW,EW,False,False,16.087920206871075,15.145917990395272,16852,True,False,False
5969,CSS_J045226.6+152519,EW,EW,False,False,28.7033616549686,12.098263760620613,16852,True,False,False
5970,CSS_J210209.6-192249,EW,EW,False,False,33.8012560029553,81.64019209456963,16852,True,False,False
5971,CSS_J040244.2+333211,EW,EW,False,False,52.19800517177687,22.18322866642039,16852,True,False,False
5972,CSS_J014308.9+165711,EW,EW,False,False,57.203546361285554,30.45807166605098,16852,True,False,False
5973,CSS_J234704.3-164059,RRc,EW,True,False,78.4796573875803,35.974304068522486,2917,True,False,False
5974,CSS_J051626.9+113341,EW,EW,False,False,75.96970816401921,10.066494274104175,16852,True,False,False
5975,CSS_J032432.8+262642,EA,EA,False,False,43.24324324324324,25.921375921375923,2597,True,False,False
5976,CSS_J131553.2-031951,EW,EW,False,False,42.500923531584775,47.266346509050614,16852,True,False,False
5977,CSS_J230646.3+344335,EA,EA,False,False,30.0982800982801,77.39557739557739,2597,True,False,False
5978,CSS_J031022.7+005515,EW,EW,False,False,11.193202807536018,64.3516808274843,16852,True,False,False
5979,CSS_J202825.3-021220,EW,EW,False,False,19.81898780938308,65.42297746582933,16852,True,False,False
5980,CSS_J083236.2+401850,EA,EW,True,False,47.174447174447174,45.33169533169533,2597,True,False,False
5981,CSS_J001339.5-172907,RRab,RRab,False,False,58.37563451776649,35.025380710659896,1249,True,False,False
5982,CSS_J132108.8+033234,LPV,RS CVn,True,False,72.41379310344827,85.0574712643678,281,True,False,False
5983,CSS_J044705.2+193601,EW,EW,False,False,19.634281492427043,63.575914296268934,16852,True,False,False
5984,CSS_J005106.2+290942,RRc,RRc,False,False,4.282655246252676,25.481798715203425,2917,True,False,False
5985,CSS_J140037.8-135609,RRab,RRc,True,False,52.79187817258884,50.50761421319797,1249,True,False,False
5986,CSS_J175657.0+570233,EW,EW,False,False,11.15626154414481,6.316956039896564,16852,True,False,False
5987,CSS_J074328.7+360725,EW,EW,False,False,99.74141115626153,93.20280753601773,16852,True,False,False
5988,CSS_J095628.2+060333,EW,EW,False,False,75.4155892131511,81.21536756557074,16852,True,False,False
5989,CSS_J202320.3-182924,EW,EW,False,False,58.90284447728112,65.2382711488733,16852,True,False,False
5990,CSS_J052054.4+003047,EW,EW,False,False,30.661248614702625,33.52419652752124,16852,True,False,False
5991,CSS_J052401.5+013704,EW,EW,False,False,84.54008127077947,84.81714074621351,16852,True,False,False
5992,CSS_J212323.9-072337,EW,EW,False,False,69.67122275581825,83.8197266346509,16852,True,False,False
5993,CSS_J182014.4+530408,EA,EA,False,False,69.77886977886978,29.975429975429975,2597,True,False,False
5994,CSS_J115758.8+331718,EW,EW,False,False,92.1499815293683,86.99667528629479,16852,True,False,False
5995,CSS_J034622.7+364531,EW,EW,False,False,27.336534909493903,40.41374214998153,16852,True,False,False
5996,CSS_J124028.9+433810,EW,EW,False,False,12.837089028444773,5.596601403768009,16852,True,False,False
5997,CSS_J231821.3+373129,EW,EW,False,False,52.807536017731806,43.01810121906169,16852,True,False,False
5998,CSS_J072317.5+400211,EW,EW,False,False,61.470262282970076,51.92094569634281,16852,True,False,False
5999,CSS_J031505.0+354202,EW,EW,False,False,0.09235315847801995,5.892131510897673,16852,True,False,False
6000,CSS_J163126.9-191757,RRab,RRab,False,False,48.47715736040609,44.41624365482234,1249,True,False,False
6001,CSS_J163823.9+415803,EW,EW,False,False,78.50018470631696,51.51459179903952,16852,True,False,False
6002,CSS_J141308.2+295943,EW,EW,False,False,26.357591429626893,41.33727373476173,16852,True,False,False
6003,CSS_J153930.8-194250,EW,EW,False,False,74.39970446989287,82.93313631326191,16852,True,False,False
6004,CSS_J070429.9+424903,EW,EW,False,False,77.66900628001477,50.9420022164758,16852,True,False,False
6005,CSS_J175124.5+361139,RRc,EW,True,False,85.86723768736617,62.41970021413277,2917,True,False,False
6006,CSS_J123201.5+352959,EW,EW,False,False,69.9852234946435,15.053564831917251,16852,True,False,False
6007,CSS_J172918.8+164008,RRc,RRc,False,False,17.880085653104924,66.80942184154176,2917,True,False,False
6008,CSS_J113334.8+220111,RRc,RRc,False,False,87.79443254817987,38.11563169164882,2917,True,False,False
6009,CSS_J135536.5-014911,EW,EW,False,False,75.9142962689324,97.02622829700775,16852,True,False,False
6010,CSS_J041521.7+100352,EA,EA,False,False,54.91400491400491,32.55528255528255,2597,True,False,False
6011,CSS_J175646.7+302459,RRab,RRab,False,False,57.61421319796954,80.71065989847716,1249,True,False,False
6012,CSS_J141604.8+295908,RRc,EW,True,False,97.00214132762312,71.41327623126338,2917,True,False,False
6013,CSS_J213949.4+182300,EW,EW,False,False,19.597340229035833,1.514591799039527,16852,True,False,False
6014,CSS_J150135.4-115639,EW,EW,False,False,27.244181751015883,92.99963058736608,16852,True,False,False
6015,CSS_J154306.4+235018,EW,EW,False,False,16.56815663095678,21.961581086073142,16852,True,False,False
6016,CSS_J082618.4+403724,EW,EW,False,False,5.282600664942741,34.650905060953086,16852,True,False,False
6017,CSS_J165748.5+091425,RRc,RRc,False,False,54.17558886509636,95.18201284796574,2917,True,False,False
6018,CSS_J041738.9+065707,EW,EW,False,False,70.02216475803472,42.981159955670485,16852,True,False,False
6019,CSS_J221356.0-144652,RRc,EW,True,False,73.23340471092077,93.36188436830835,2917,True,False,False
6020,CSS_J221805.0+281206,EW,EW,False,False,24.658293313631326,64.68415219800518,16852,True,False,False
6021,CSS_J030129.4-065806,EW,EW,False,False,67.39933505725895,2.4196527521241227,16852,True,False,False
6022,CSS_J161419.4+502157,EW,EW,False,False,10.398965644625047,4.377539711858145,16852,True,False,False
6023,CSS_J180637.9+390230,EW,EW,False,False,6.150720354636128,41.59586257850019,16852,True,False,False
6024,CSS_J145228.5-162854,RRab,RRab,False,False,27.411167512690355,24.873096446700508,1249,True,False,False
6025,CSS_J210712.3+130715,EW,EW,False,False,35.44514222386405,84.50314000738825,16852,True,False,False
6026,CSS_J080921.6+240032,EW,EW,False,False,91.87292205393425,98.09752493535278,16852,True,False,False
6027,CSS_J084023.7-045515,EW,EW,False,False,50.55411895086812,40.044329516069446,16852,True,False,False
6028,CSS_J085003.8+122719,EA,EA,False,False,80.5896805896806,76.04422604422605,2597,True,False,False
6029,CSS_J013037.9+282123,EW,EW,False,False,5.8182489841152565,8.847432582194312,16852,True,False,False
6030,CSS_J044755.2+190743,EW,EW,False,False,25.157000369412636,92.64868858514961,16852,True,False,False
6031,CSS_J225941.4+112149,EW,EW,False,False,99.75988178795716,62.81861839674917,16852,True,False,False
6032,CSS_J043846.0-015214,EW,EW,False,False,23.199113409678613,41.872922053934246,16852,True,False,False
6033,CSS_J054713.4-173042,EW,EW,False,False,26.376062061322497,17.842630217953452,16852,True,False,False
6034,CSS_J033657.0+160149,EW,RRc,True,False,52.031769486516446,49.5567048393055,16852,True,False,False
6035,CSS_J203856.0-010514,EW,EW,False,False,39.65644625046176,62.13520502401182,16852,True,False,False
6036,CSS_J045814.0+180443,EW,EW,False,False,2.733653490949391,14.462504617657924,16852,True,False,False
6037,CSS_J030638.9+303856,EW,EA,True,False,92.44551163649797,21.647580347247874,16852,True,False,False
6038,CSS_J080205.8+433228,EA,EA,False,False,72.11302211302211,23.21867321867322,2597,True,False,False
6039,CSS_J172836.6+083416,RRab,RRab,False,False,89.59390862944161,81.7258883248731,1249,True,False,False
6040,CSS_J035901.8+120702,EW,EW,False,False,24.178056889545623,6.612486147026228,16852,True,False,False
6041,CSS_J090730.2+171555,EW,EW,False,False,61.156261544144805,80.91983745844108,16852,True,False,False
6042,CSS_J082250.2+314046,EW,EW,False,False,23.974879940893977,33.21019578869597,16852,True,False,False
6043,CSS_J070249.9+345832,EA,EA,False,False,98.15724815724816,74.07862407862407,2597,True,False,False
6044,CSS_J234359.1+242335,EW,EW,False,False,4.4514222386405615,15.755448836350203,16852,True,False,False
6045,CSS_J205643.8-041131,RRab,RRab,False,False,25.380710659898476,2.030456852791878,1249,True,False,False
6046,CSS_J021407.1+201932,EW,EW,False,False,11.89508681196897,33.912079793128925,16852,True,False,False
6047,CSS_J233620.3+405546,EW,EW,False,False,52.3457702253417,2.1795345400812707,16852,True,False,False
6048,CSS_J022907.3+034314,EW,EW,False,False,6.243073513114148,72.47875877355006,16852,True,False,False
6049,CSS_J082743.4+281945,EA,EA,False,False,47.05159705159705,61.79361179361179,2597,True,False,False
6050,CSS_J160201.5+015449,EW,EW,False,False,7.8684891023273,68.69227927595124,16852,True,False,False
6051,CSS_J073223.5+263420,EW,EW,False,False,97.6727004063539,90.67233099371998,16852,True,False,False
6052,CSS_J081323.7+251602,EW,EW,False,False,29.497598817879574,29.183598079054303,16852,True,False,False
6053,CSS_J170647.7+015238,EW,EW,False,False,86.66420391577392,83.3210195788696,16852,True,False,False
6054,CSS_J134921.7+321651,EW,EW,False,False,14.037680088659032,88.8622090875508,16852,True,False,False
6055,CSS_J031411.6+385745,EW,EW,False,False,57.923900997414115,15.921684521610638,16852,True,False,False
6056,CSS_J091941.1+074124,RS CVn,RRab,True,True,64.33823529411765,79.41176470588235,846,True,False,False
6057,CSS_J232515.1+361202,EA,EW,True,False,42.13759213759214,62.65356265356266,2597,True,False,False
6058,CSS_J132321.7+241020,EW,EW,False,False,88.4373845585519,74.84299963058737,16852,True,False,False
6059,CSS_J044401.3+302308,EW,EW,False,False,77.46582933136314,1.6992981159955671,16852,True,False,False
6060,CSS_J043926.8+204349,EW,EW,False,False,61.19320280753602,44.86516438862209,16852,True,False,False
6061,CSS_J045912.6-165713,RRab,RRab,False,False,57.360406091370564,78.93401015228426,1249,True,False,False
6062,CSS_J231311.8+191602,EW,EW,False,False,8.662726265238271,7.850018470631695,16852,True,False,False
6063,CSS_J212221.3-060424,RRc,RRc,False,False,8.565310492505352,11.241970021413277,2917,True,False,False
6064,CSS_J205423.3+064809,RRc,RRc,False,False,46.680942184154176,72.05567451820129,2917,True,False,False
6065,CSS_J132610.9+174232,EW,EW,False,False,2.8444772811230146,2.5674178056889545,16852,True,False,False
6066,CSS_J064335.2+423633,EW,EW,False,False,15.940155153306243,53.86036202438124,16852,True,False,False
6067,CSS_J211314.0+131142,EW,EW,False,False,19.006280014776504,18.821573697820465,16852,True,False,False
6068,CSS_J090026.3-172548,EW,EW,False,False,73.82711488732915,85.16808274843,16852,True,False,False
6069,CSS_J223113.7+324713,RRc,RRc,False,False,13.81156316916488,9.850107066381156,2917,True,False,False
6070,CSS_J223025.1+114016,EW,EW,False,False,74.17805688954562,84.13372737347618,16852,True,False,False
6071,CSS_J092126.7+340446,EW,EW,False,False,21.813816032508313,66.12486147026229,16852,True,False,False
6072,CSS_J215732.7-121409,EA,EA,False,False,14.496314496314497,6.6339066339066335,2597,True,False,False
6073,CSS_J033034.6+303706,EW,EW,False,False,60.306612486147024,55.87366087920207,16852,True,False,False
6074,CSS_J082947.4-031642,EW,EW,False,False,40.2659770964167,21.05652013298855,16852,True,False,False
6075,CSS_J053447.4+031142,EW,RS CVn,True,False,95.64093091983746,95.3638714444034,16852,True,False,False
6076,CSS_J144719.7-125042,EW,EW,False,False,25.064647210934616,55.76283708902845,16852,True,False,False
6077,CSS_J051925.2+081309,RRab,RRab,False,False,0.25380710659898476,14.974619289340103,1249,True,False,False
6078,CSS_J015219.4+423417,EW,EW,False,False,84.85408200960472,37.90173623937939,16852,True,False,False
6079,CSS_J212124.3+004718,RRc,RRc,False,False,50.32119914346895,40.364025695931474,2917,True,False,False
6080,CSS_J180528.3+455942,EA,EA,False,False,20.515970515970515,19.77886977886978,2597,True,False,False
6081,CSS_J141555.3+364623,EW,EW,False,False,49.22423346878463,94.69892870336164,16852,True,False,False
6082,CSS_J004111.5+171757,EW,EW,False,False,82.3790173623938,90.48762467676394,16852,True,False,False
6083,CSS_J151921.5+111858,EW,EW,False,False,3.7125969708164024,17.916512744735872,16852,True,False,False
6084,CSS_J081121.4-013138,RRab,EW,True,False,98.22335025380711,88.57868020304569,1249,True,False,False
6085,CSS_J081241.2+065327,EW,EW,False,False,63.39120797931289,3.989656446250462,16852,True,False,False
6086,CSS_J160905.7+534712,EW,EW,False,False,14.388622090875508,32.24972294052456,16852,True,False,False
6087,CSS_J073808.8+375032,EW,EA,True,False,94.97598817879572,67.02992242334687,16852,True,False,False
6088,CSS_J044705.5+074117,EW,EW,False,False,16.069449575175472,63.52050240118212,16852,True,False,False
6089,CSS_J054615.3-182042,EW,EW,False,False,91.44809752493536,90.08127077946065,16852,True,False,False
6090,CSS_J204150.5-034944,RRc,RRc,False,False,36.188436830835116,37.58029978586724,2917,True,False,False
6091,CSS_J033529.9+375226,EW,EW,False,False,5.929072774288881,44.4588104913188,16852,True,False,False
6092,CSS_J213459.7+150907,EA,EA,False,False,60.319410319410316,56.26535626535627,2597,True,False,False
6093,CSS_J025014.6+371514,EW,EW,False,False,47.598817879571484,29.128186183967493,16852,True,False,False
6094,CSS_J042339.6+201851,EW,EA,True,False,55.31954192833395,42.85186553380125,16852,True,False,False
6095,CSS_J091520.3-140104,EW,EW,False,False,79.79312892500924,96.74916882157369,16852,True,False,False
6096,CSS_J122315.2+035637,RRc,RRc,False,False,2.0342612419700217,4.817987152034261,2917,True,False,False
6097,CSS_J031430.3+355443,EW,EW,False,False,57.14813446619874,9.660140376800888,16852,True,False,False
6098,CSS_J172638.9+422054,EW,EW,False,False,98.20834872552642,94.29257480605837,16852,True,False,False
6099,CSS_J020404.5+315642,RS CVn,RS CVn,False,True,26.838235294117645,59.92647058823529,846,True,False,False
6100,CSS_J161532.9+105455,RS CVn,RS CVn,False,True,29.411764705882355,44.48529411764706,846,True,False,False
6101,CSS_J013014.6+395249,EW,EW,False,False,35.592907277428885,66.08792020687108,16852,True,False,False
6102,CSS_J022359.4+315819,EW,EW,False,False,99.15035094200222,91.39268562984853,16852,True,False,False
6103,CSS_J044428.4+212113,EW,EW,False,False,67.08533431843368,44.828223125230885,16852,True,False,False
6104,CSS_J163804.2+342033,EA,EA,False,False,40.2948402948403,57.24815724815725,2597,True,False,False
6105,CSS_J094643.5+051859,EW,EW,False,False,23.180642777983007,95.88104913188032,16852,True,False,False
6106,CSS_J101524.4+004239,EW,EW,False,False,80.40265977096416,50.96047284817141,16852,True,False,False
6107,CSS_J211350.0+021407,RS CVn,RS CVn,False,True,50.36764705882353,64.70588235294117,846,True,False,False
6108,CSS_J225952.7-171340,RRc,RRc,False,False,54.49678800856531,59.63597430406852,2917,True,False,False
6109,CSS_J131402.9+213109,RRab,RRab,False,False,91.87817258883248,75.1269035532995,1249,True,False,False
6110,CSS_J203810.3-042439,EW,EW,False,False,96.08422608053195,77.798300701884,16852,True,False,False
6111,CSS_J021243.4+190928,EW,EW,False,False,14.831917251570005,4.008127077946066,16852,True,False,False
6112,CSS_J172924.7+354920,RS CVn,RS CVn,False,True,80.88235294117648,81.61764705882352,846,True,False,False
6113,CSS_J042954.3+053019,EA,EW,True,False,83.29238329238329,66.95331695331696,2597,True,False,False
6114,CSS_J225945.7+044639,EW,EW,False,False,57.166605097894355,28.98042113040266,16852,True,False,False
6115,CSS_J225701.8+205201,EW,EW,False,False,81.0676025120059,78.13077207240488,16852,True,False,False
6116,CSS_J224330.8-103646,EW,EW,False,False,21.25969708164019,55.83671961581086,16852,True,False,False
6117,CSS_J142729.9+573910,EW,EW,False,False,85.13114148503878,88.82526782415958,16852,True,False,False
6118,CSS_J154559.4+140630,EW,EW,False,False,28.42630217953454,13.686738086442556,16852,True,False,False
6119,CSS_J073055.2+461359,EW,EW,False,False,84.2260805319542,50.812707794606574,16852,True,False,False
6120,CSS_J230107.2+231508,EA,EA,False,False,46.43734643734644,39.434889434889435,2597,True,False,False
6121,CSS_J125917.7+214408,EW,EW,False,False,16.180273365349095,30.033247137052086,16852,True,False,False
6122,CSS_J090141.4+112250,EW,EW,False,False,77.37347617288512,32.17584041374215,16852,True,False,False
6123,CSS_J173054.3+392837,EW,EW,False,False,29.31289250092353,24.879940893978574,16852,True,False,False
6124,CSS_J212843.1+203537,EA,EA,False,False,5.405405405405405,2.334152334152334,2597,True,False,False
6125,CSS_J033418.6+384303,EW,EW,False,False,62.70779460657554,79.03583302548948,16852,True,False,False
6126,CSS_J050535.1-140243,RS CVn,EW,True,True,35.294117647058826,41.17647058823529,846,True,False,False
6127,CSS_J081118.8+064654,EW,EW,False,False,64.44403398596232,64.2962689323975,16852,True,False,False
6128,CSS_J041901.8+183200,EW,EW,False,False,69.08016254155892,87.033616549686,16852,True,False,False
6129,CSS_J224217.4-012100,EW,EW,False,False,84.11525674178057,59.06908016254155,16852,True,False,False
6130,CSS_J153255.8-192301,RRc,RRc,False,False,70.12847965738757,78.4796573875803,2917,True,False,False
6131,CSS_J053924.8-173623,RRab,RRab,False,False,13.19796954314721,20.812182741116754,1249,True,False,False
6132,CSS_J213537.2+070310,RRd,RRc,True,True,35.294117647058826,60.0,258,True,False,False
6133,CSS_J000215.5-171903,EW,EW,False,False,63.31732545253048,86.51643886220909,16852,True,False,False
6134,CSS_J211216.9+073357,EW,EW,False,False,87.32914665681565,75.4894717399335,16852,True,False,False
6135,CSS_J084245.2+065233,EW,EW,False,False,68.5075729589952,19.338751385297375,16852,True,False,False
6136,CSS_J205434.9-035722,EW,EW,False,False,86.90432212781677,88.80679719246399,16852,True,False,False
6137,CSS_J084149.7+311947,EW,EW,False,False,67.32545253047654,0.25858884373845586,16852,True,False,False
6138,CSS_J080642.3+181521,RS CVn,EW,True,True,33.455882352941174,56.98529411764706,846,True,False,False
6139,CSS_J022320.2+300500,EA,EA,False,False,57.37100737100738,83.41523341523342,2597,True,False,False
6140,CSS_J213223.1+155024,EW,EW,False,False,92.5932766900628,76.81935722201699,16852,True,False,False
6141,CSS_J134002.1-171340,RRab,RRab,False,False,34.263959390862944,36.04060913705584,1249,True,False,False
6142,CSS_J082034.1+093730,EW,EW,False,False,27.114887329146658,33.17325452530476,16852,True,False,False
6143,CSS_J032935.4-014911,EW,EW,False,False,70.04063538973033,44.73586996675286,16852,True,False,False
6144,CSS_J104157.7+601016,EW,EW,False,False,38.899150350942,18.43369043221278,16852,True,False,False
6145,CSS_J090134.9-055104,EW,EW,False,False,77.77983007018841,64.73956409309199,16852,True,False,False
6146,CSS_J023151.8+153300,EW,RRc,True,False,68.43369043221279,67.73180642777983,16852,True,False,False
6147,CSS_J043331.1+201455,EW,EW,False,False,7.203546361285556,21.887698559290726,16852,True,False,False
6148,CSS_J161202.3+541833,EW,EW,False,False,3.93424455116365,30.014776505356483,16852,True,False,False
6149,CSS_J204313.9-190324,EW,EW,False,False,62.5046176579239,71.40746213520502,16852,True,False,False
6150,CSS_J122858.0-085921,EW,EW,False,False,83.74584410786849,82.97007757665313,16852,True,False,False
6151,CSS_J052610.2+010129,EW,EW,False,False,59.51237532323606,68.0642777983007,16852,True,False,False
6152,CSS_J084758.8+382250,RRab,RRab,False,False,82.23350253807106,30.20304568527919,1249,True,False,False
6153,CSS_J021029.6+385330,EW,EW,False,False,57.9054303657185,27.669006280014774,16852,True,False,False
6154,CSS_J173134.5+573738,RS CVn,RS CVn,False,True,91.17647058823529,93.75,846,True,False,False
6155,CSS_J232056.0+294348,RRc,RRc,False,False,6.316916488222699,51.92719486081371,2917,True,False,False
6156,CSS_J090220.4+202549,EA,EA,False,False,89.06633906633907,75.42997542997543,2597,True,False,False
6157,CSS_J021817.3+052939,EW,EW,False,False,74.71370520871814,47.06316956039897,16852,True,False,False
6158,CSS_J180936.5+373513,RRc,RRc,False,False,22.698072805139187,59.850107066381156,2917,True,False,False
6159,CSS_J212633.9+001947,EW,EW,False,False,27.68747691171038,12.07979312892501,16852,True,False,False
6160,CSS_J173808.8+142511,EW,EW,False,False,8.958256372367936,27.650535648319174,16852,True,False,False
6161,CSS_J162419.5+010259,EW,EW,False,False,42.51939416328038,21.702992242334687,16852,True,False,False
6162,CSS_J093057.9-153559,EW,EW,False,False,85.77761359438493,96.23199113409679,16852,True,False,False
6163,CSS_J144406.4+403420,EW,EW,False,False,83.15478389360916,83.85666789804212,16852,True,False,False
6164,CSS_J054208.2+042952,EW,EW,False,False,39.74879940893978,26.911710380495013,16852,True,False,False
6165,CSS_J095313.8-153827,RRd,RRc,True,True,70.58823529411765,62.35294117647059,258,True,False,False
6166,CSS_J135941.8+150308,EW,EW,False,False,9.013668267454747,66.56815663095678,16852,True,False,False
6167,CSS_J090400.7+354916,EA,EA,False,False,60.56511056511057,91.8918918918919,2597,True,False,False
6168,CSS_J024305.7+370615,EW,EW,False,False,41.70668636867381,13.28038418913927,16852,True,False,False
6169,CSS_J171826.9+075028,EW,EW,False,False,58.108607314370154,57.29589951976357,16852,True,False,False
6170,CSS_J212626.0-144558,RRc,RRab,True,False,96.35974304068522,91.7558886509636,2917,True,False,False
6171,CSS_J083307.6+293506,EW,EW,False,False,51.86553380125601,80.27336534909495,16852,True,False,False
6172,CSS_J002509.3+181214,EW,EW,False,False,56.09530845954932,54.45142223864055,16852,True,False,False
6173,CSS_J125642.5+230906,EW,EW,False,False,60.43590690801626,96.58293313631326,16852,True,False,False
6174,CSS_J025416.9+310301,EW,EW,False,False,67.5655707425194,55.48577761359439,16852,True,False,False
6175,CSS_J160007.9+010153,EW,EW,False,False,69.39416328038419,52.43812338381972,16852,True,False,False
6176,CSS_J041037.4+324038,RRc,EW,True,False,84.47537473233405,37.04496788008566,2917,True,False,False
6177,CSS_J075419.4+430211,EW,EW,False,False,99.37199852234947,80.75360177318063,16852,True,False,False
6178,CSS_J152452.3+435640,EW,EA,True,False,88.04950129294423,32.12042851865534,16852,True,False,False
6179,CSS_J044037.4-084620,EA,EA,False,False,92.01474201474201,96.68304668304668,2597,True,False,False
6180,CSS_J174753.7+480416,RRd,RRd,False,True,49.411764705882355,20.0,258,True,False,False
6181,CSS_J075258.0+140839,EW,EW,False,False,74.15958625785002,98.72552641300332,16852,True,False,False
6182,CSS_J075352.8+210950,RS CVn,RS CVn,False,True,89.70588235294117,95.95588235294117,846,True,False,False
6183,CSS_J230912.1+185038,EW,EW,False,False,64.66568156630956,45.345400812707794,16852,True,False,False
6184,CSS_J081517.1-015050,EA,EA,False,False,59.7051597051597,51.71990171990172,2597,True,False,False
6185,CSS_J092135.9+184621,EW,EW,False,False,44.60657554488364,64.31473956409309,16852,True,False,False
6186,CSS_J225523.5+232343,EW,EW,False,False,85.83302548947174,62.57850018470632,16852,True,False,False
6187,CSS_J234014.5+344421,EW,EW,False,False,57.8684891023273,77.48429996305873,16852,True,False,False
6188,CSS_J090226.8-164205,EW,EW,False,False,77.90912449205763,94.20022164758035,16852,True,False,False
6189,CSS_J140645.5+430644,EW,EW,False,False,24.935352789065384,37.14444033985963,16852,True,False,False
6190,CSS_J223546.0+271026,EW,EW,False,False,75.9512375323236,83.8381972663465,16852,True,False,False
6191,CSS_J135406.1+121324,EW,EW,False,False,23.088289619504987,15.663095677872182,16852,True,False,False
6192,CSS_J102823.1+445845,EW,EW,False,False,66.43886220908755,41.50350942002217,16852,True,False,False
6193,CSS_J035505.5+201012,EW,EW,False,False,55.04248245289989,25.71111932028075,16852,True,False,False
6194,CSS_J215727.4+161044,EW,EW,False,False,22.663465090506097,22.40487624676764,16852,True,False,False
6195,CSS_J154829.6+091140,RRc,RRc,False,False,89.40042826552462,56.85224839400428,2917,True,False,False
6196,CSS_J142910.0+410704,EW,EW,False,False,6.2984854082009605,41.2079793128925,16852,True,False,False
6197,CSS_J072209.5+395913,EW,EW,False,False,72.10934613963798,48.31917251570004,16852,True,False,False
6198,CSS_J230433.3+273030,EW,EW,False,False,15.533801256002954,15.127447358699667,16852,True,False,False
6199,CSS_J205652.2+012624,EW,EW,False,False,91.04174362763206,58.108607314370154,16852,True,False,False
6200,CSS_J090956.4+210417,EW,EW,False,False,72.81123014407093,55.68895456224603,16852,True,False,False
6201,CSS_J071308.3+494928,EW,EW,False,False,85.38973032877725,84.33690432212782,16852,True,False,False
6202,CSS_J212436.1-065647,RRc,EW,True,False,57.28051391862955,58.45824411134903,2917,True,False,False
6203,CSS_J233925.0+301419,EA,EA,False,False,39.31203931203931,60.56511056511057,2597,True,False,False
6204,CSS_J144635.4+125312,EW,EW,False,False,14.758034724787588,38.75138529737717,16852,True,False,False
6205,CSS_J173731.7+200013,EW,EW,False,False,11.728851126708534,4.8947173993350575,16852,True,False,False
6206,CSS_J133840.2+081436,RRab,RRab,False,False,67.51269035532995,78.1725888324873,1249,True,False,False
6207,CSS_J071655.7+613728,EA,EA,False,False,70.02457002457002,40.909090909090914,2597,True,False,False
6208,CSS_J212927.5-063212,EW,EW,False,False,18.9878093830809,60.103435537495386,16852,True,False,False
6209,CSS_J134358.3+141107,EW,EW,False,False,7.7576653121536765,90.37680088659033,16852,True,False,False
6210,CSS_J032132.8+261650,RS CVn,RS CVn,False,True,6.985294117647059,6.61764705882353,846,True,False,False
6211,CSS_J163059.9+182314,EW,EW,False,False,56.29848540820096,65.70003694126339,16852,True,False,False
6212,CSS_J084805.5+340504,EW,EW,False,False,49.113409678611006,12.78167713335796,16852,True,False,False
6213,CSS_J075407.3+225614,EW,EW,False,False,66.62356852604358,79.55301071296638,16852,True,False,False
6214,CSS_J011544.4+385404,EW,EW,False,False,0.4248245289988918,7.314370151459181,16852,True,False,False
6215,CSS_J030304.2+003029,RRab,RRab,False,False,91.6243654822335,60.659898477157356,1249,True,False,False
6216,CSS_J093108.3-125413,EW,EW,False,False,20.33616549685999,68.80310306612486,16852,True,False,False
6217,CSS_J143433.3+010208,RRc,RRc,False,False,93.25481798715204,52.46252676659529,2917,True,False,False
6218,CSS_J051801.6+203726,EW,EW,False,False,82.8223125230883,28.832656076837825,16852,True,False,False
6219,CSS_J230310.2+342507,RRc,RRc,False,False,58.565310492505354,72.37687366167023,2917,True,False,False
6220,CSS_J013446.0+353243,EW,EW,False,False,33.61654968599926,61.76579239009974,16852,True,False,False
6221,CSS_J001319.5+063825,EW,EA,True,False,85.6113779091245,71.99852234946435,16852,True,False,False
6222,CSS_J212641.1+054443,EW,EW,False,False,24.270410048023642,40.15515330624307,16852,True,False,False
6223,CSS_J204449.5-091808,EA,EA,False,False,52.702702702702695,15.601965601965603,2597,True,False,False
6224,CSS_J110021.5+360319,RRc,RRc,False,False,23.447537473233403,92.93361884368309,2917,True,False,False
6225,CSS_J041155.4+000322,EA,EW,True,False,82.67813267813267,45.7002457002457,2597,True,False,False
6226,CSS_J113556.7+041009,EW,EW,False,False,20.96416697451053,50.55411895086812,16852,True,False,False
6227,CSS_J052606.3+013711,EW,EW,False,False,99.09493904691541,88.60362024381234,16852,True,False,False
6228,CSS_J211943.7-102314,EW,EW,False,False,67.91651274473587,85.81455485777613,16852,True,False,False
6229,CSS_J075153.6+550929,EA,EW,True,False,88.20638820638821,51.105651105651106,2597,True,False,False
6230,CSS_J132753.8-085014,RRc,EW,True,False,85.76017130620986,85.65310492505354,2917,True,False,False
6231,CSS_J075410.0+351431,EA,EW,True,False,96.06879606879608,96.1916461916462,2597,True,False,False
6232,CSS_J030636.6+144331,EW,EW,False,False,36.81196896933875,22.792759512375323,16852,True,False,False
6233,CSS_J171210.8+571345,RRab,RRab,False,False,58.88324873096447,71.06598984771574,1249,True,False,False
6234,CSS_J050930.8+042407,EW,EW,False,False,28.315478389360916,34.54008127077946,16852,True,False,False
6235,CSS_J080534.0+380135,EA,EA,False,False,18.42751842751843,24.078624078624077,2597,True,False,False
6236,CSS_J042717.2+093449,EW,EW,False,False,2.105652013298855,35.27890653860362,16852,True,False,False
6237,CSS_J212427.2+005227,RRd,RRc,True,True,78.82352941176471,82.35294117647058,258,True,False,False
6238,CSS_J103639.1-182734,RRc,EW,True,False,69.05781584582441,68.62955032119913,2917,True,False,False
6239,CSS_J170740.6+462900,RRc,RRc,False,False,41.220556745182016,47.43040685224839,2917,True,False,False
6240,CSS_J013536.0+091658,EW,EW,False,False,5.947543405984485,4.340598448466937,16852,True,False,False
6241,CSS_J150405.4-074630,EW,EW,False,False,70.07757665312153,76.06206132249723,16852,True,False,False
6242,CSS_J234427.8+404346,RRab,RRab,False,False,55.83756345177665,3.2994923857868024,1249,True,False,False
6243,CSS_J045845.8+132057,EW,EW,False,False,33.007018840044324,47.007757665312155,16852,True,False,False
6244,CSS_J160603.3+333140,EW,EW,False,False,48.22681935722202,30.49501292944219,16852,True,False,False
6245,CSS_J181919.3+344030,EW,EW,False,False,48.65164388622091,67.80568895456224,16852,True,False,False
6246,CSS_J081534.5+111941,EW,EW,False,False,34.50314000738825,5.966014037680089,16852,True,False,False
6247,CSS_J012049.6+194735,EW,EW,False,False,0.49870705578130775,63.94532693018101,16852,True,False,False
6248,CSS_J080731.9+041418,EW,EW,False,False,31.049131880310306,42.1130402659771,16852,True,False,False
6249,CSS_J123653.4-130427,EW,EW,False,False,54.93165866272627,34.96490579977835,16852,True,False,False
6250,CSS_J085525.5-040730,RRd,RRc,True,True,48.23529411764706,51.76470588235295,258,True,False,False
6251,CSS_J031938.7+164018,EW,EW,False,False,38.123383819726634,61.895086811968966,16852,True,False,False
6252,CSS_J205548.3+032637,EW,EW,False,False,93.64610269671223,99.61211673439232,16852,True,False,False
6253,CSS_J142433.8-074450,RS CVn,RS CVn,False,True,87.86764705882352,70.22058823529412,846,True,False,False
6254,CSS_J172938.1+181333,EW,EW,False,False,31.4739564093092,14.185445142223866,16852,True,False,False
6255,CSS_J051819.8+134759,EW,EW,False,False,25.89582563723679,50.53564831917251,16852,True,False,False
6256,CSS_J013441.8+214459,RRc,RRc,False,False,25.588865096359743,51.605995717344754,2917,True,False,False
6257,CSS_J045031.0+152647,EW,EW,False,False,45.253047654229775,62.65238271148873,16852,True,False,False
6258,CSS_J042140.9+304442,EW,EW,False,False,90.13668267454747,72.6634650905061,16852,True,False,False
6259,CSS_J123051.8+330105,EW,EW,False,False,9.660140376800888,30.91983745844108,16852,True,False,False
6260,CSS_J043316.0+331452,EW,EW,False,False,41.92833394902106,82.3974879940894,16852,True,False,False
6261,CSS_J135945.3+412519,EW,EW,False,False,68.91392685629849,36.36867380864425,16852,True,False,False
6262,CSS_J020520.1+285901,EW,EW,False,False,48.81787957148134,85.29737717029923,16852,True,False,False
6263,CSS_J021335.8-183640,RRc,RRc,False,False,0.8565310492505354,8.458244111349037,2917,True,False,False
6264,CSS_J031813.3+282148,EW,EW,False,False,24.565940155153307,43.516808274843,16852,True,False,False
6265,CSS_J221204.1-094325,EA,EA,False,False,91.52334152334153,85.995085995086,2597,True,False,False
6266,CSS_J041135.4+053954,RRc,RRc,False,False,55.139186295503215,45.82441113490364,2917,True,False,False
6267,CSS_J103844.7+134551,EW,EW,False,False,96.87846324344292,91.13409678611009,16852,True,False,False
6268,CSS_J052856.6-182935,EW,EW,False,False,4.543775397118582,41.891392685629846,16852,True,False,False
6269,CSS_J051707.5-125145,EW,EW,False,False,54.80236424085704,21.370520871813817,16852,True,False,False
6270,CSS_J161920.0+235144,EW,EW,False,False,30.864425563354263,20.871813816032507,16852,True,False,False
6271,CSS_J215853.7-121053,EW,EW,False,False,53.417066863686735,46.58293313631326,16852,True,False,False
6272,CSS_J005742.9+203750,EW,EW,False,False,86.05467306981899,88.73291466568156,16852,True,False,False
6273,CSS_J213000.5+152559,EW,EW,False,False,72.201699298116,50.90506095308459,16852,True,False,False
6274,CSS_J042007.8+292334,EW,EW,False,False,89.28703361654968,27.558182489841155,16852,True,False,False
6275,CSS_J053054.6+021449,EW,EW,False,False,98.74399704469893,97.32175840413743,16852,True,False,False
6276,CSS_J174032.6+440434,EW,EW,False,False,43.09198374584411,48.65164388622091,16852,True,False,False
6277,CSS_J205931.4+035910,EW,EW,False,False,19.652752124122642,80.82748429996306,16852,True,False,False
6278,CSS_J152202.3+162442,EW,EW,False,False,39.47173993350573,36.81196896933875,16852,True,False,False
6279,CSS_J160641.1+233447,EW,EW,False,False,30.58736608792021,28.27853712596971,16852,True,False,False
6280,CSS_J044631.6+301150,EW,EW,False,False,59.82637606206133,53.398596231991135,16852,True,False,False
6281,CSS_J001625.9+162843,RRc,RRc,False,False,12.633832976445397,57.17344753747323,2917,True,False,False
6282,CSS_J035426.6+104932,EW,EW,False,False,95.99187292205393,81.0676025120059,16852,True,False,False
6283,CSS_J052641.4-105841,EW,EW,False,False,71.37052087181381,65.18285925378649,16852,True,False,False
6284,CSS_J050910.0+185037,RRc,EW,True,False,55.46038543897216,87.90149892933619,2917,True,False,False
6285,CSS_J014946.0+273142,EW,EW,False,False,50.9235315847802,32.32360546730698,16852,True,False,False
6286,CSS_J051241.1+201545,EW,EW,False,False,21.241226449944588,84.54008127077947,16852,True,False,False
6287,CSS_J051752.9+050951,EW,EW,False,False,38.67750277059475,22.072404876246768,16852,True,False,False
6288,CSS_J140720.8-013114,RRab,RRab,False,False,18.527918781725887,11.928934010152284,1249,True,False,False
6289,CSS_J031504.6+223741,EA,EW,True,False,65.72481572481573,65.47911547911548,2597,True,False,False
6290,CSS_J104952.9-031544,EW,RS CVn,True,False,87.88326560768378,97.63575914296268,16852,True,False,False
6291,CSS_J162347.9+275645,EW,EW,False,False,19.449575175471,58.459549316586624,16852,True,False,False
6292,CSS_J032122.4-100114,EW,EW,False,False,63.53897303287772,80.97524935352789,16852,True,False,False
6293,CSS_J155320.6-062226,EW,EW,False,False,60.08496490579978,77.2626523827115,16852,True,False,False
6294,CSS_J211822.8-072528,RRc,RRc,False,False,58.886509635974306,56.74518201284796,2917,True,False,False
6295,CSS_J074109.2+191928,RRc,RRc,False,False,64.77516059957173,81.90578158458244,2917,True,False,False
6296,CSS_J043943.9+330435,EW,EW,False,False,50.25858884373846,13.114148503878834,16852,True,False,False
6297,CSS_J043158.9+102107,EW,EW,False,False,3.620243812338382,2.161063908385667,16852,True,False,False
6298,CSS_J164231.5+433413,EW,EW,False,False,70.59475434059846,81.65866272626523,16852,True,False,False
6299,CSS_J055718.5-122743,EW,EW,False,False,14.702622829700775,56.55707425193942,16852,True,False,False
6300,CSS_J065206.2+363122,EW,EW,False,False,87.27373476172885,53.1954192833395,16852,True,False,False
6301,CSS_J090751.9-040416,EW,EW,False,False,43.38751385297377,73.06981898780938,16852,True,False,False
6302,CSS_J033329.8-112516,EW,EW,False,False,4.562246028814186,46.87846324344292,16852,True,False,False
6303,CSS_J042641.0+075347,EW,EW,False,False,89.19468045807166,90.43221278167714,16852,True,False,False
6304,CSS_J024754.8+374622,EW,EW,False,False,9.752493535278907,11.451791651274473,16852,True,False,False
6305,CSS_J153508.8+140407,EW,EW,False,False,18.65533801256003,43.14739564093092,16852,True,False,False
6306,CSS_J035843.9+230625,EW,RRc,True,False,94.25563354266716,77.81677133357961,16852,True,False,False
6307,CSS_J203738.8-144505,EW,EW,False,False,57.36978204654599,57.75766531215367,16852,True,False,False
6308,CSS_J083337.7+454204,EW,EW,False,False,31.62172146287403,52.62282970077577,16852,True,False,False
6309,CSS_J205718.2+122453,LPV,LPV,False,False,55.172413793103445,26.436781609195403,281,True,False,False
6310,CSS_J021453.3-142146,EW,EW,False,False,15.2752124122645,40.65386036202438,16852,True,False,False
6311,CSS_J225837.1-104717,EW,EW,False,False,43.57222016992981,17.306981898780936,16852,True,False,False
6312,CSS_J233018.6+342056,EW,EW,False,False,10.676025120059105,2.234946435168083,16852,True,False,False
6313,CSS_J111745.6+472118,RRc,EW,True,False,80.94218415417559,89.61456102783725,2917,True,False,False
6314,CSS_J181216.3+471551,RRab,RRab,False,False,83.24873096446701,90.1015228426396,1249,True,False,False
6315,CSS_J232755.0+131610,RRc,RRc,False,False,33.08351177730193,34.04710920770878,2917,True,False,False
6316,CSS_J024609.6+340535,EA,EA,False,False,30.71253071253071,36.24078624078624,2597,True,False,False
6317,CSS_J221621.1+181058,EA,EA,False,False,14.864864864864865,1.9656019656019657,2597,True,False,False
6318,CSS_J053645.2-011935,EW,EW,False,False,98.1714074621352,92.16845216106391,16852,True,False,False
6319,CSS_J080327.5+170522,EW,EW,False,False,97.15552271887698,72.40487624676763,16852,True,False,False
6320,CSS_J084214.3+195820,EW,EW,False,False,55.67048393055043,32.34207609900259,16852,True,False,False
6321,CSS_J082717.3+051925,EW,EW,False,False,74.067233099372,98.96564462504618,16852,True,False,False
6322,CSS_J001610.2+273430,EW,EW,False,False,75.23088289619506,51.32988548208349,16852,True,False,False
6323,CSS_J163902.3+444212,RRab,RRab,False,False,13.451776649746192,34.77157360406091,1249,True,False,False
6324,CSS_J160840.8-113725,EW,EW,False,False,96.13963797561877,97.89434798670115,16852,True,False,False
6325,CSS_J095626.5+121424,EA,EA,False,False,40.909090909090914,24.692874692874692,2597,True,False,False
6326,CSS_J224029.0+120056,RRc,RRc,False,False,34.1541755888651,8.35117773019272,2917,True,False,False
6327,CSS_J170341.2+041640,EW,EW,False,False,46.490579977835246,34.85408200960473,16852,True,False,False
6328,CSS_J163114.8-035752,EW,EW,False,False,42.83339490210565,57.07425193941633,16852,True,False,False
6329,CSS_J084746.5-031003,EW,EW,False,False,88.36350203176949,65.90321388991504,16852,True,False,False
6330,CSS_J034056.9+192526,EW,EW,False,False,88.38197266346509,65.7739194680458,16852,True,False,False
6331,CSS_J131734.3-121612,EW,EW,False,False,19.02475064647211,84.90949390469153,16852,True,False,False
6332,CSS_J092014.7-094318,EW,EW,False,False,12.41226449944588,77.3180642777983,16852,True,False,False
6333,CSS_J210724.7+081018,RRc,EW,True,False,64.02569593147751,89.07922912205566,2917,True,False,False
6334,CSS_J070031.8+435456,EW,EW,False,False,61.876616180273366,80.60583671961581,16852,True,False,False
6335,CSS_J032105.8+390941,EW,EW,False,False,48.6331732545253,37.347617288511266,16852,True,False,False
6336,CSS_J072730.9+243841,EW,EW,False,False,43.88622090875508,32.74842999630587,16852,True,False,False
6337,CSS_J170118.6-014601,EW,EW,False,False,95.51163649796823,78.48171407462135,16852,True,False,False
6338,CSS_J145730.9-115323,EW,EW,False,False,10.546730698189878,57.9054303657185,16852,True,False,False
6339,CSS_J100520.2+222545,EW,EW,False,False,61.96896933875139,22.257111193202807,16852,True,False,False
6340,CSS_J091452.6-125220,EW,EW,False,False,56.79719246398227,84.92796453638715,16852,True,False,False
6341,CSS_J031543.1-040112,EW,EW,False,False,19.615810860731436,46.04728481714075,16852,True,False,False
6342,CSS_J152303.5-014120,RRab,RRab,False,False,48.223350253807105,74.8730964467005,1249,True,False,False
6343,CSS_J161402.1+535845,EW,EW,False,False,70.42851865533801,28.14924270410048,16852,True,False,False
6344,CSS_J121846.5+124631,RRc,RRc,False,False,10.278372591006423,0.21413276231263384,2917,True,False,False
6345,CSS_J172516.5+392430,EA,EW,True,False,64.4963144963145,25.061425061425062,2597,True,False,False
6346,CSS_J045409.9+120208,EW,EW,False,False,87.07055781307722,94.10786848910233,16852,True,False,False
6347,CSS_J084340.7+325933,EA,EA,False,False,78.86977886977887,56.75675675675676,2597,True,False,False
6348,CSS_J074850.1+194501,EA,EA,False,False,0.7371007371007371,4.422604422604422,2597,True,False,False
6349,CSS_J210034.5-113846,EW,EW,False,False,76.30217953454009,85.31584780199482,16852,True,False,False
6350,CSS_J202639.1-162602,EW,EW,False,False,36.36867380864425,15.422977465829332,16852,True,False,False
6351,CSS_J041252.3+295703,EW,EW,False,False,19.15404506834134,26.117473217584042,16852,True,False,False
6352,CSS_J224852.8+154210,RRc,EW,True,False,64.5610278372591,53.96145610278372,2917,True,False,False
6353,CSS_J220544.9+215326,RS CVn,RS CVn,False,True,8.823529411764707,18.38235294117647,846,True,False,False
6354,CSS_J234231.6-055753,EW,EW,False,False,51.92094569634281,96.93387513852973,16852,True,False,False
6355,CSS_J003436.7+415607,EW,EW,False,False,3.2323605467306984,6.85260435906908,16852,True,False,False
6356,CSS_J011342.0+402626,EW,EW,False,False,64.20391577391948,94.73586996675286,16852,True,False,False
6357,CSS_J172143.5+340115,RRc,RRc,False,False,14.453961456102785,22.055674518201286,2917,True,False,False
6358,CSS_J160613.9+335731,RS CVn,RS CVn,False,True,51.470588235294116,41.911764705882355,846,True,False,False
6359,CSS_J085005.0+241900,EW,EA,True,False,99.0025858884374,90.7277428888068,16852,True,False,False
6360,CSS_J161609.7+265624,EW,EW,False,False,45.493165866272626,20.09604728481714,16852,True,False,False
6361,CSS_J172644.9+484208,EW,EW,False,False,47.524935352789065,90.26597709641669,16852,True,False,False
6362,CSS_J043322.0+204906,EW,EW,False,False,53.731067602512006,46.54599187292205,16852,True,False,False
6363,CSS_J205100.5-194448,EW,EW,False,False,63.74214998152937,71.83228666420392,16852,True,False,False
6364,CSS_J230821.8+303540,EA,EA,False,False,49.01719901719901,79.85257985257985,2597,True,False,False
6365,CSS_J041508.1+281912,EW,EW,False,False,61.34096786110085,35.22349464351681,16852,True,False,False
6366,CSS_J095828.5-010738,EW,EW,False,False,10.990025858884374,51.108237901736246,16852,True,False,False
6367,CSS_J162224.1+081906,EW,EW,False,False,27.613594384927964,36.775027705947544,16852,True,False,False
6368,CSS_J070150.7+410727,EA,EA,False,False,33.78378378378378,53.68550368550369,2597,True,False,False
6369,CSS_J211310.3-013742,EW,EW,False,False,40.00738825267825,72.27558182489841,16852,True,False,False
6370,CSS_J045334.9+171405,EA,EA,False,False,59.09090909090909,16.584766584766587,2597,True,False,False
6371,CSS_J075941.0+530152,EW,EW,False,False,45.93646102696712,46.084226080531955,16852,True,False,False
6372,CSS_J005051.0+002341,EW,EW,False,False,20.262282970077578,35.075729589951976,16852,True,False,False
6373,CSS_J105730.7+650754,RRab,RRab,False,False,59.89847715736041,37.309644670050766,1249,True,False,False
6374,CSS_J155058.6+330935,EW,EW,False,False,47.691171038049504,28.740302918359806,16852,True,False,False
6375,CSS_J005041.0+395641,EW,EW,False,False,46.7306981898781,25.655707425193942,16852,True,False,False
6376,CSS_J151111.9+164121,EW,EW,False,False,2.6967122275581823,20.04063538973033,16852,True,False,False
6377,CSS_J214337.9+012300,EW,EW,False,False,12.5046176579239,30.070188400443293,16852,True,False,False
6378,CSS_J145024.0+071000,RRc,RRc,False,False,49.57173447537473,52.141327623126344,2917,True,False,False
6379,CSS_J072735.6+385639,EW,EW,False,False,79.55301071296638,82.45289988917621,16852,True,False,False
6380,CSS_J105747.3-184152,RRab,RRab,False,False,32.233502538071065,33.24873096446701,1249,True,False,False
6381,CSS_J141444.4-131841,EW,EW,False,False,27.81677133357961,23.93793867750277,16852,True,False,False
6382,CSS_J212947.2-162430,RRc,RRc,False,False,16.916488222698074,15.952890792291221,2917,True,False,False
6383,CSS_J151316.9+320640,EW,EW,False,False,33.21019578869597,39.194680458071666,16852,True,False,False
6384,CSS_J034339.5+351831,RS CVn,LPV,True,True,96.69117647058823,76.10294117647058,846,True,False,False
6385,CSS_J145908.1-030626,RRab,RRab,False,False,28.17258883248731,29.949238578680205,1249,True,False,False
6386,CSS_J105233.5-060509,RRab,RRab,False,False,42.13197969543147,41.878172588832484,1249,True,False,False
6387,CSS_J053834.2+000821,EW,EW,False,False,63.52050240118212,28.167713335796087,16852,True,False,False
6388,CSS_J203655.7-073904,EW,EW,False,False,8.69966752862948,12.947912818618395,16852,True,False,False
6389,CSS_J234630.5+181252,RRc,RRc,False,False,3.1049250535331905,15.417558886509635,2917,True,False,False
6390,CSS_J145731.3-154550,RRc,EW,True,False,74.08993576017131,83.61884368308351,2917,True,False,False
6391,CSS_J014509.3+352949,EW,EW,False,False,6.2800147765053564,66.47580347247876,16852,True,False,False
6392,CSS_J095840.2-175426,RRc,RRab,True,False,98.50107066381156,99.78586723768737,2917,True,True,False
6393,CSS_J045207.6+145004,EW,EW,False,False,72.79275951237533,81.10454377539712,16852,True,False,False
6394,CSS_J073720.0+370454,EW,EW,False,False,59.364610269671225,47.24787587735501,16852,True,False,False
6395,CSS_J032830.0+263218,EW,EW,False,False,77.2995936461027,59.900258588843734,16852,True,False,False
6396,CSS_J051452.7+205515,EW,EA,True,False,87.29220539342447,93.66457332840783,16852,True,False,False
6397,CSS_J134208.0-121702,RRc,RRc,False,False,38.97216274089936,61.24197002141327,2917,True,False,False
6398,CSS_J162327.8+055426,EW,EW,False,False,57.29589951976357,53.17694865164388,16852,True,False,False
6399,CSS_J210403.3-100545,EW,EW,False,False,41.6697451052826,68.30439601034355,16852,True,False,False
6400,CSS_J085730.8+065928,EW,RRc,True,False,55.76283708902845,94.62504617657925,16852,True,False,False
6401,CSS_J033040.1+360907,EW,EW,False,False,70.24381233838197,83.2840783154784,16852,True,False,False
6402,CSS_J071816.2+501711,EW,EW,False,False,77.94606575544883,40.469154045068336,16852,True,False,False
6403,CSS_J142626.3-180654,RRc,RRc,False,False,48.7152034261242,60.064239828693786,2917,True,False,False
6404,CSS_J032723.6-010935,EA,EA,False,False,93.24324324324324,28.501228501228503,2597,True,False,False
6405,CSS_J130412.3-042344,RRc,RRc,False,False,17.558886509635975,19.593147751605997,2917,True,False,False
6406,CSS_J215843.3+173239,EW,EW,False,False,32.71148873291467,64.57332840783154,16852,True,False,False
6407,CSS_J231532.4-070350,EW,EW,False,False,32.970077576653125,51.90247506464721,16852,True,False,False
6408,CSS_J031947.9+311830,EW,EW,False,False,89.7672700406354,18.248984115256743,16852,True,False,False
6409,CSS_J180612.8+485829,RRd,EW,True,True,76.47058823529412,85.88235294117646,258,True,False,False
6410,CSS_J111107.8+135611,RRc,RRc,False,False,52.99785867237687,71.84154175588866,2917,True,False,False
6411,CSS_J145319.1-065831,EW,EW,False,False,11.950498707055782,79.51606944957518,16852,True,False,False
6412,CSS_J041603.2-163021,EW,EW,False,False,72.47875877355006,30.476542297746583,16852,True,False,False
6413,CSS_J064014.7+473257,EW,EW,False,False,80.51348356113779,79.92242334687847,16852,True,False,False
6414,CSS_J160536.6+424157,EW,EW,False,False,86.75655707425194,82.21278167713336,16852,True,False,False
6415,CSS_J133201.0+291639,EW,EW,False,False,32.896195049870705,68.63686738086443,16852,True,False,False
6416,CSS_J021550.1+091310,RRc,RRc,False,False,19.593147751605997,46.680942184154176,2917,True,False,False
6417,CSS_J041702.6+324018,EW,EW,False,False,41.59586257850019,18.008865903213888,16852,True,False,False
6418,CSS_J151503.5-060900,RRab,RRab,False,False,63.45177664974619,49.23857868020304,1249,True,False,False
6419,CSS_J213608.6+085915,EW,EW,False,False,12.449205762837089,86.05467306981899,16852,True,False,False
6420,CSS_J164335.1+171702,EW,EW,False,False,35.02031769486516,23.42076099002586,16852,True,False,False
6421,CSS_J225831.7+055223,EW,EW,False,False,90.11821204285187,91.46656815663096,16852,True,False,False
6422,CSS_J163412.4+292232,EW,EW,False,False,54.266715921684515,28.444772811230145,16852,True,False,False
6423,CSS_J110321.0+484144,EW,EW,False,False,40.69080162541559,92.03915773919468,16852,True,False,False
6424,CSS_J172626.6+315205,RRc,RRc,False,False,25.69593147751606,1.7130620985010707,2917,True,False,False
6425,CSS_J052342.3+030656,EA,EW,True,False,69.9017199017199,63.26781326781327,2597,True,False,False
6426,CSS_J085942.7+190007,EW,EW,False,False,89.67491688215738,61.488732914665675,16852,True,False,False
6427,CSS_J075423.7+120445,EW,EW,False,False,76.06206132249723,88.23420760990027,16852,True,False,False
6428,CSS_J015404.1+382805,EW,EW,False,False,23.42076099002586,27.114887329146658,16852,True,False,False
6429,CSS_J210116.6-050902,EA,EA,False,False,51.22850122850123,88.6977886977887,2597,True,False,False
6430,CSS_J225148.3+153203,EW,EW,False,False,18.230513483561136,82.91466568156632,16852,True,False,False
6431,CSS_J072704.9+543548,EW,EW,False,False,38.17879571481345,48.374584410786845,16852,True,False,False
6432,CSS_J040224.4+121232,EW,EW,False,False,45.8256372367935,87.88326560768378,16852,True,False,False
6433,CSS_J110123.7-113244,LPV,LPV,False,False,65.51724137931035,51.724137931034484,281,True,False,False
6434,CSS_J032004.1+170718,EW,EW,False,False,25.341706686368674,31.603250831178425,16852,True,False,False
6435,CSS_J074938.4+205559,EW,EW,False,False,53.2138899150351,30.64277798300702,16852,True,False,False
6436,CSS_J032925.7-141634,EW,EW,False,False,49.5382342076099,52.77059475434059,16852,True,False,False
6437,CSS_J154441.1+480651,RRc,RRc,False,False,37.152034261241965,32.97644539614561,2917,True,False,False
6438,CSS_J130613.6+164657,RRc,RRc,False,False,27.40899357601713,77.94432548179871,2917,True,False,False
6439,CSS_J095711.4-105834,EW,EW,False,False,39.028444772811234,21.499815293683046,16852,True,False,False
6440,CSS_J220640.6+062747,EW,EW,False,False,94.01551533062431,82.71148873291466,16852,True,False,False
6441,CSS_J173731.9+232634,RRc,RRc,False,False,1.6059957173447537,2.462526766595289,2917,True,False,False
6442,CSS_J135502.4+345858,RRab,EW,True,False,77.91878172588832,92.89340101522842,1249,True,False,False
6443,CSS_J233659.3+042854,EW,EW,False,False,58.14554857776136,78.38936091614333,16852,True,False,False
6444,CSS_J021251.9+303834,EW,EW,False,False,45.991872922053936,60.25120059106022,16852,True,False,False
6445,CSS_J022854.6+285332,EW,EW,False,False,36.5718507572959,13.095677872183229,16852,True,False,False
6446,CSS_J045658.1-065355,EA,EA,False,False,22.11302211302211,57.00245700245701,2597,True,False,False
6447,CSS_J133650.3+104116,RRc,EW,True,False,42.50535331905782,86.0813704496788,2917,True,False,False
6448,CSS_J160102.2-074335,RRc,RRc,False,False,7.173447537473233,43.79014989293361,2917,True,False,False
6449,CSS_J070020.5+512116,EW,EW,False,False,45.78869597340229,11.414850387883266,16852,True,False,False
6450,CSS_J174829.7+310859,RRab,EW,True,False,98.47715736040608,89.34010152284264,1249,True,False,False
6451,CSS_J090830.7+245411,EW,EW,False,False,18.766161802733652,9.106021425932767,16852,True,False,False
6452,CSS_J015712.7+181212,EW,EW,False,False,9.715552271887699,6.2984854082009605,16852,True,False,False
6453,CSS_J033100.7-015355,EW,EW,False,False,83.8197266346509,58.58884373845585,16852,True,False,False
6454,CSS_J083322.7+463909,EW,EW,False,False,9.512375323236055,34.13372737347618,16852,True,False,False
6455,CSS_J162606.5+123953,RRc,RRc,False,False,22.1627408993576,32.54817987152035,2917,True,False,False
6456,CSS_J043822.9+102633,EW,EW,False,False,51.200591060214265,70.11451791651274,16852,True,False,False
6457,CSS_J232449.1+360356,RRc,RRc,False,False,12.098501070663811,42.82655246252677,2917,True,False,False
6458,CSS_J073217.3+250312,EW,EW,False,False,50.09235315847802,60.67602512005911,16852,True,False,False
6459,CSS_J074734.2+345315,EW,EW,False,False,72.40487624676763,62.46767639453269,16852,True,False,False
6460,CSS_J205109.6+060641,EW,EW,False,False,7.000369412633913,25.600295530107132,16852,True,False,False
6461,CSS_J104310.7+324809,RRab,RRab,False,False,68.2741116751269,68.2741116751269,1249,True,False,False
6462,CSS_J102714.4+521800,EW,EW,False,False,5.984484669375693,4.783893609161433,16852,True,False,False
6463,CSS_J052756.2-161815,EW,EW,False,False,55.83671961581086,35.20502401182121,16852,True,False,False
6464,CSS_J024415.0+320644,EA,EA,False,False,29.85257985257985,15.47911547911548,2597,True,False,False
6465,CSS_J234805.5+210547,EW,EW,False,False,13.252678241595865,33.321019578869596,16852,True,False,False
6466,CSS_J112034.0+241709,EW,EW,False,False,90.50609530845955,69.80051717768748,16852,True,False,False
6467,CSS_J021930.6-102122,EW,EW,False,False,52.475064647210935,53.38012560029553,16852,True,False,False
6468,CSS_J004950.9+150133,RRc,RRc,False,False,75.91006423982869,59.20770877944326,2917,True,False,False
6469,CSS_J091003.7-164908,EW,EW,False,False,43.12892500923532,26.320650166235687,16852,True,False,False
6470,CSS_J211215.7-153037,RS CVn,RS CVn,False,True,38.970588235294116,28.308823529411764,846,True,False,False
6471,CSS_J072522.4+435156,EW,EW,False,False,84.39231621721463,74.36276320650165,16852,True,False,False
6472,CSS_J032939.4+262709,EW,EW,False,False,46.21352050240118,21.795345400812707,16852,True,False,False
6473,CSS_J161342.3+125054,EA,EW,True,False,91.64619164619164,91.64619164619164,2597,True,False,False
6474,CSS_J163105.2-012058,EW,EW,False,False,46.95234577022534,9.992611747321758,16852,True,False,False
6475,CSS_J151411.1+401643,RRc,RRc,False,False,5.8886509635974305,0.5353319057815845,2917,True,False,False
6476,CSS_J021110.7+354956,EW,RS CVn,True,False,90.2844477281123,93.77539711858147,16852,True,False,False
6477,CSS_J154726.4-103442,RRd,RRc,True,True,74.11764705882354,72.94117647058823,258,True,False,False
6478,CSS_J235307.7-181324,RRab,RRab,False,False,35.53299492385787,41.62436548223351,1249,True,False,False
6479,CSS_J212936.0+104526,EW,EW,False,False,20.003694126339123,32.36054673069819,16852,True,False,False
6480,CSS_J163450.7-021556,RRc,RRc,False,False,98.17987152034262,80.19271948608136,2917,True,False,False
6481,CSS_J165757.0+202615,RRc,RRc,False,False,83.19057815845824,73.01927194860814,2917,True,False,False
6482,CSS_J044813.0+091832,RRab,RRab,False,False,38.07106598984771,33.756345177664976,1249,True,False,False
6483,CSS_J050529.6+115446,EW,EW,False,False,8.588843738455855,38.695973402290356,16852,True,False,False
6484,CSS_J131639.9+243632,EW,EW,False,False,20.8348725526413,43.12892500923532,16852,True,False,False
6485,CSS_J135411.1+035149,EW,EW,False,False,36.14702622829701,77.52124122644994,16852,True,False,False
6486,CSS_J010857.9-132314,RS CVn,RS CVn,False,True,0.3676470588235294,0.3676470588235294,846,True,False,False
6487,CSS_J173649.6+185355,EW,EW,False,False,97.28481714074621,95.60398965644626,16852,True,False,False
6488,CSS_J040357.4+331812,EW,EW,False,False,44.97598817879572,90.02585888437385,16852,True,False,False
6489,CSS_J153803.7+570210,EW,EW,False,False,52.216475803472484,9.530845954931658,16852,True,False,False
6490,CSS_J013341.8+344642,EW,EW,False,False,30.365718507572957,7.074251939416327,16852,True,False,False
6491,CSS_J202509.8-090010,EW,EW,False,False,23.956409309198374,20.3731067602512,16852,True,False,False
6492,CSS_J205621.7-073518,EW,RS CVn,True,False,93.75692648688585,99.0395271518286,16852,True,False,False
6493,CSS_J231343.5+284906,EW,EW,False,False,91.07868489102327,52.19800517177687,16852,True,False,False
6494,CSS_J173943.9+145630,EW,EW,False,False,37.25526413003325,97.34022903583302,16852,True,False,False
6495,CSS_J161103.6-143447,EW,EW,False,False,37.107499076468415,62.0243812338382,16852,True,False,False
6496,CSS_J022608.6+083424,EW,EW,False,False,48.50387883265608,24.418175101588474,16852,True,False,False
6497,CSS_J070118.9+383001,LPV,LPV,False,False,80.45977011494253,33.33333333333333,281,True,False,False
6498,CSS_J234040.2+192217,EA,EA,False,False,26.412776412776413,5.036855036855037,2597,True,False,False
6499,CSS_J114537.3-172006,RRab,EW,True,False,98.73096446700508,83.50253807106598,1249,True,False,False
6500,CSS_J042218.1+180600,EA,EA,False,False,24.078624078624077,32.8009828009828,2597,True,False,False
6501,CSS_J080936.7+085035,EA,EA,False,False,38.943488943488944,13.636363636363635,2597,True,False,False
6502,CSS_J181905.0+531004,RRab,RRab,False,False,25.12690355329949,23.3502538071066,1249,True,False,False
6503,CSS_J144903.6+415148,RRc,RRc,False,False,35.86723768736616,34.475374732334046,2917,True,False,False
6504,CSS_J110843.5+045109,EA,EA,False,False,69.28746928746928,63.14496314496314,2597,True,False,False
6505,CSS_J013406.6+173303,EA,EA,False,False,11.056511056511056,10.442260442260443,2597,True,False,False
6506,CSS_J041851.8+281306,EW,EW,False,False,43.03657185075729,85.1496121167344,16852,True,False,False
6507,CSS_J082341.0-072416,EW,EW,False,False,53.47247875877355,60.380495012929444,16852,True,False,False
6508,CSS_J160849.4-154241,EW,EW,False,False,60.36202438123384,41.134096786110085,16852,True,False,False
6509,CSS_J064801.4+432936,EW,EW,False,False,78.14924270410049,51.25600295530107,16852,True,False,False
6510,CSS_J165846.3-012449,RRc,RRc,False,False,8.029978586723768,41.648822269807276,2917,True,False,False
6511,CSS_J082803.3+031432,RRc,RRc,False,False,82.97644539614562,34.796573875803,2917,True,False,False
6512,CSS_J153949.3-070223,EW,EW,False,False,48.466937569264864,65.49685999261175,16852,True,False,False
6513,CSS_J030642.7-041339,EW,EW,False,False,34.20760990025859,91.57739194680458,16852,True,False,False
6514,CSS_J164644.9+084811,EW,EW,False,False,71.66605097894349,7.979312892500924,16852,True,False,False
6515,CSS_J211902.0+180440,RS CVn,EW,True,True,79.77941176470588,80.51470588235294,846,True,False,False
6516,CSS_J031016.4+245221,EW,EW,False,False,3.361654968599926,31.363132619135577,16852,True,False,False
6517,CSS_J035410.1+340934,RS CVn,RS CVn,False,True,98.52941176470588,93.38235294117648,846,True,False,False
6518,CSS_J044704.6+214435,EW,EW,False,False,7.665312153675656,4.746952345770225,16852,True,False,False
6519,CSS_J154645.6-081556,RRab,RRab,False,False,47.96954314720812,16.49746192893401,1249,True,False,False
6520,CSS_J215757.7+193231,EW,EW,False,False,99.18729220539343,70.74251939416328,16852,True,False,False
6521,CSS_J235035.9+282259,EW,EW,False,False,96.91540450683414,94.97598817879572,16852,True,False,False
6522,CSS_J155647.9+191239,EW,EW,False,False,90.41374214998153,11.211673439231621,16852,True,False,False
6523,CSS_J045805.6+043509,EW,EW,False,False,64.51791651274473,55.98448466937569,16852,True,False,False
6524,CSS_J141131.4+533035,RRab,RRab,False,False,30.20304568527919,44.67005076142132,1249,True,False,False
6525,CSS_J135435.9+502715,RRab,RRab,False,False,48.984771573604064,57.360406091370564,1249,True,False,False
6526,CSS_J084051.7+000751,EW,EW,False,False,0.8496490579977836,3.213889915035094,16852,True,False,False
6527,CSS_J061200.9-101438,EW,EW,False,False,31.326191355744363,37.421499815293686,16852,True,False,False
6528,CSS_J104239.0+601155,RRc,RRc,False,False,15.845824411134904,11.777301927194861,2917,True,False,False
6529,CSS_J104447.6-071153,RRc,EW,True,False,94.86081370449678,89.29336188436831,2917,True,False,False
6530,CSS_J125324.2+511843,EW,EW,False,False,16.143332101957885,2.9368304396010343,16852,True,False,False
6531,CSS_J210405.5-052221,EW,EW,False,False,50.387883265607684,64.62874030291836,16852,True,False,False
6532,CSS_J224552.8+225140,EW,EW,False,False,22.940524565940155,86.95973402290358,16852,True,False,False
6533,CSS_J020320.5+172833,EA,EA,False,False,90.2948402948403,65.72481572481573,2597,True,False,False
6534,CSS_J054915.4-015320,EW,EW,False,False,39.8411525674178,52.73365349094939,16852,True,False,False
6535,CSS_J210354.1+094538,EW,EW,False,False,85.72220169929811,84.39231621721463,16852,True,False,False
6536,CSS_J080125.3+311644,EW,EW,False,False,66.29109715552272,97.37717029922423,16852,True,False,False
6537,CSS_J110713.1+324232,EW,EW,False,False,46.915404506834136,6.058367196158108,16852,True,False,False
6538,CSS_J234019.1+180535,RRc,EW,True,False,71.41327623126338,15.738758029978586,2917,True,False,False
6539,CSS_J211756.9+010421,LPV,LPV,False,False,39.08045977011494,18.39080459770115,281,True,False,False
6540,CSS_J012842.1+433218,LPV,LPV,False,False,32.18390804597701,21.839080459770116,281,True,False,False
6541,CSS_J030642.0+170735,EW,EW,False,False,64.61026967122275,41.00480236424085,16852,True,False,False
6542,CSS_J050554.2+043249,EW,EW,False,False,66.86368673808644,65.05356483191726,16852,True,False,False
6543,CSS_J023437.7+303310,EW,EW,False,False,51.8840044329516,51.292944218692284,16852,True,False,False
6544,CSS_J035038.2+185755,RRd,RRc,True,True,42.35294117647059,68.23529411764706,258,True,False,False
6545,CSS_J221444.9+183101,EW,EW,False,False,51.8470631695604,47.15552271887699,16852,True,False,False
6546,CSS_J214844.0+212738,EW,EW,False,False,66.53121536756557,79.07277428888068,16852,True,False,False
6547,CSS_J094611.1+214114,EA,EA,False,False,36.24078624078624,8.230958230958231,2597,True,False,False
6548,CSS_J012331.7+050832,RRab,RRab,False,False,12.944162436548224,0.7614213197969544,1249,True,False,False
6549,CSS_J230337.7+173636,EW,EW,False,False,44.846693756926484,95.75175471001108,16852,True,False,False
6550,CSS_J135629.9+610437,RRd,RRc,True,True,4.705882352941177,18.823529411764707,258,True,False,False
6551,CSS_J204550.2-053458,RRc,RRc,False,False,42.29122055674518,43.46895074946467,2917,True,False,False
6552,CSS_J094749.7+125902,EA,EW,True,False,97.42014742014742,99.26289926289927,2597,True,False,False
6553,CSS_J023749.7+303931,EW,EW,False,False,70.53934244551164,30.21795345400813,16852,True,False,False
6554,CSS_J164054.4+262210,EA,EA,False,False,71.62162162162163,78.74692874692875,2597,True,False,False
6555,CSS_J224026.7+313044,EW,EW,False,False,95.17916512744736,89.21315108976728,16852,True,False,False
6556,CSS_J014925.2+412434,EW,EW,False,False,49.09493904691541,61.96896933875139,16852,True,False,False
6557,CSS_J203052.0-163003,EW,EW,False,False,24.510528260066494,91.26339120797931,16852,True,False,False
6558,CSS_J113415.1-131113,EW,EW,False,False,20.74251939416328,86.46102696712228,16852,True,False,False
6559,CSS_J074200.2+613641,EA,EA,False,False,65.47911547911548,42.874692874692876,2597,True,False,False
6560,CSS_J092329.9+090428,EW,EW,False,False,62.63391207979313,12.707794606575545,16852,True,False,False
6561,CSS_J082744.1+435048,EW,EW,False,False,65.718507572959,19.57886959734023,16852,True,False,False
6562,CSS_J083650.2+272024,EW,EW,False,False,12.652382711488732,14.998152936830438,16852,True,False,False
6563,CSS_J003955.4+434851,EW,EW,False,False,28.223125230882896,46.10269671222756,16852,True,False,False
6564,CSS_J233710.0+402710,EW,EW,False,False,53.657185075729586,70.66863686738087,16852,True,False,False
6565,CSS_J030831.0+152619,EW,EW,False,False,67.21462874030291,49.796823051348355,16852,True,False,False
6566,CSS_J222607.9-010308,EW,EW,False,False,13.021795345400813,50.18470631695604,16852,True,False,False
6567,CSS_J084341.7+320513,RS CVn,RS CVn,False,True,0.7352941176470588,3.6764705882352944,846,True,False,False
6568,CSS_J094922.2-023219,EW,EW,False,False,19.94828223125231,29.07277428888068,16852,True,False,False
6569,CSS_J163420.3+201903,RRc,RRc,False,False,70.02141327623126,19.37901498929336,2917,True,False,False
6570,CSS_J050759.9+221459,EW,EW,False,False,65.95862578500184,73.5869966752863,16852,True,False,False
6571,CSS_J170244.2+402103,RRc,RRc,False,False,42.82655246252677,46.25267665952891,2917,True,False,False
6572,CSS_J155433.0+065059,EW,EW,False,False,99.70446989287034,96.21352050240118,16852,True,False,False
6573,CSS_J053933.0+041034,EW,EW,False,False,12.560029553010713,39.93350572589583,16852,True,False,False
6574,CSS_J091627.4+495544,EA,EA,False,False,35.25798525798526,36.85503685503686,2597,True,False,False
6575,CSS_J050031.4-091413,EA,EW,True,False,92.62899262899262,77.51842751842752,2597,True,False,False
6576,CSS_J022249.1+064100,EW,EW,False,False,4.192833394902105,9.161433321019578,16852,True,False,False
6577,CSS_J230625.7+173414,EW,EW,False,False,10.177318064277799,59.64166974510528,16852,True,False,False
6578,CSS_J024639.7+321516,EW,EW,False,False,61.69190986331733,26.690062800147764,16852,True,False,False
6579,CSS_J121246.7+210023,RRd,RRc,True,True,34.11764705882353,49.411764705882355,258,True,False,False
6580,CSS_J134512.0+034251,EW,EW,False,False,18.544514222386404,14.831917251570005,16852,True,False,False
6581,CSS_J070422.5+540019,EW,EW,False,False,18.599926117473217,26.874769117103803,16852,True,False,False
6582,CSS_J164621.6+285219,EW,EW,False,False,2.9553010712966383,32.822312523088286,16852,True,False,False
6583,CSS_J090648.3+515447,EW,EW,False,False,76.3945326930181,37.82785371259697,16852,True,False,False
6584,CSS_J070910.0+315814,EA,EA,False,False,49.50859950859951,13.75921375921376,2597,True,False,False
6585,CSS_J153228.6+063838,EW,EW,False,False,88.58514961211674,23.402290358330255,16852,True,False,False
6586,CSS_J173426.0+355716,EW,EW,False,False,8.311784263021796,9.512375323236055,16852,True,False,False
6587,CSS_J092737.4+033332,EA,EA,False,False,27.395577395577398,22.972972972972975,2597,True,False,False
6588,CSS_J054255.7+033657,EW,EW,False,False,33.09937199852235,16.401920945696343,16852,True,False,False
6589,CSS_J165450.7+470901,RRc,RRc,False,False,27.8372591006424,22.376873661670235,2917,True,False,False
6590,CSS_J210113.6+073706,EW,EW,False,False,1.2375323236054674,3.1400073882526782,16852,True,False,False
6591,CSS_J154720.9+395756,EW,EW,False,False,8.016254155892131,75.96970816401921,16852,True,False,False
6592,CSS_J102917.3-155544,EW,EW,False,False,69.24639822681937,95.17916512744736,16852,True,False,False
6593,CSS_J211919.4+024830,EW,EW,False,False,29.75618766161803,38.08644255633543,16852,True,False,False
6594,CSS_J051915.1-025408,EW,EW,False,False,88.78832656076838,93.16586627262652,16852,True,False,False
6595,CSS_J053311.5-085105,EW,EW,False,False,43.70151459179904,26.93018101219062,16852,True,False,False
6596,CSS_J053111.9+025459,EW,EW,False,False,56.9634281492427,91.06021425932767,16852,True,False,False
6597,CSS_J025404.7+302145,EW,EW,False,False,22.922053934244552,74.23346878463244,16852,True,False,False
6598,CSS_J205601.6+040316,EW,RRc,True,False,51.643886220908755,66.03250831178427,16852,True,False,False
6599,CSS_J060131.0-115522,EW,EW,False,False,42.223864056150724,5.707425193941633,16852,True,False,False
6600,CSS_J072451.9+375312,EA,EA,False,False,57.61670761670762,76.65847665847666,2597,True,False,False
6601,CSS_J105230.2+175013,EA,EA,False,False,37.83783783783784,70.14742014742015,2597,True,False,False
6602,CSS_J160740.7+262716,EW,EW,False,False,41.134096786110085,94.64351680827484,16852,True,False,False
6603,CSS_J145141.0+193148,EA,EA,False,False,66.95331695331696,88.94348894348894,2597,True,False,False
6604,CSS_J173009.8+164642,EW,RRc,True,False,23.01440709272257,91.72515700036942,16852,True,False,False
6605,CSS_J020224.3+200717,RRd,RRc,True,True,87.05882352941177,61.1764705882353,258,True,False,False
6606,CSS_J030027.1+304328,EW,EW,False,False,80.67971924639824,54.340598448466935,16852,True,False,False
6607,CSS_J141550.9+292853,EW,EW,False,False,30.0886590321389,37.56926486885852,16852,True,False,False
6608,CSS_J205753.0-102606,EA,EA,False,False,74.69287469287468,88.20638820638821,2597,True,False,False
6609,CSS_J010226.8-134427,RRc,RRc,False,False,41.434689507494646,64.13276231263383,2917,True,False,False
6610,CSS_J145832.0-143310,RRc,EW,True,False,59.421841541755896,80.08565310492506,2917,True,False,False
6611,CSS_J021927.9-100507,EA,EA,False,False,26.9041769041769,49.877149877149876,2597,True,False,False
6612,CSS_J012013.3+411526,EW,EW,False,False,18.821573697820465,30.809013668267454,16852,True,False,False
6613,CSS_J093351.7-023513,RRc,EW,True,False,93.89721627408993,86.18843683083512,2917,True,False,False
6614,CSS_J091743.8+095722,EW,EW,False,False,96.61987439970447,90.87550794237163,16852,True,False,False
6615,CSS_J040721.8+351739,RRc,RRc,False,False,54.925053533190585,86.93790149892934,2917,True,False,False
6616,CSS_J093240.8-191314,EW,EW,False,False,43.36904322127817,65.53380125600296,16852,True,False,False
6617,CSS_J161130.2+160521,EW,EW,False,False,52.401182120428516,77.76135943849279,16852,True,False,False
6618,CSS_J145244.0-021905,EW,EW,False,False,6.11377909124492,11.654968599926118,16852,True,False,False
6619,CSS_J210122.3+055507,EW,EW,False,False,48.374584410786845,24.565940155153307,16852,True,False,False
6620,CSS_J140437.0-080835,EW,EW,False,False,96.49057997783524,98.85482083487254,16852,True,False,False
6621,CSS_J030450.6+331044,EW,EW,False,False,11.581086073143702,11.174732175840415,16852,True,False,False
6622,CSS_J103757.2+060712,EW,EW,False,False,20.760990025858884,68.39674916882157,16852,True,False,False
6623,CSS_J222417.2+283950,EW,EW,False,False,98.6331732545253,38.67750277059475,16852,True,False,False
6624,CSS_J023248.6+342156,EW,EW,False,False,34.281492427041,58.016254155892135,16852,True,False,False
6625,CSS_J020957.6+342454,EW,EW,False,False,31.86183967491688,9.567787218322866,16852,True,False,False
6626,CSS_J023251.9+353949,EW,EW,False,False,1.3668267454746954,41.743627632065014,16852,True,False,False
6627,CSS_J153839.5+084507,EW,EW,False,False,41.76209826376062,44.661987439970446,16852,True,False,False
6628,CSS_J134734.3-072149,RRc,EW,True,False,64.98929336188436,24.73233404710921,2917,True,False,False
6629,CSS_J071456.4+432904,EA,EW,True,False,83.53808353808354,81.57248157248156,2597,True,False,False
6630,CSS_J091637.7+071125,RRc,EW,True,False,66.05995717344754,93.04068522483941,2917,True,False,False
6631,CSS_J215420.8+202424,EW,EW,False,False,7.111193202807536,19.504987070557814,16852,True,False,False
6632,CSS_J012834.0+362723,EW,EW,False,False,25.637236793498335,63.61285555966014,16852,True,False,False
6633,CSS_J123001.3+462611,EW,EW,False,False,28.537125969708164,48.30070188400443,16852,True,False,False
6634,CSS_J032737.0+222359,EW,EW,False,False,63.889915035094205,60.749907646841514,16852,True,False,False
6635,CSS_J141003.6+160629,EA,EA,False,False,0.6142506142506142,6.756756756756757,2597,True,False,False
6636,CSS_J155458.3+075328,RRc,EW,True,False,29.871520342612417,20.12847965738758,2917,True,False,False
6637,CSS_J110155.5+485545,RRab,RRab,False,False,33.756345177664976,63.1979695431472,1249,True,False,False
6638,CSS_J150231.9-174712,EW,EW,False,False,67.73180642777983,66.77133357960842,16852,True,False,False
6639,CSS_J115216.8+190906,RRc,EW,True,False,97.96573875802997,98.28693790149893,2917,True,False,False
6640,CSS_J055939.8-173532,EW,EW,False,False,1.1636497968230515,41.79903952715183,16852,True,False,False
6641,CSS_J213100.3-013933,EA,EA,False,False,22.48157248157248,66.09336609336609,2597,True,False,False
6642,CSS_J162055.7-153015,EW,EW,False,False,97.2109346139638,96.69375692648688,16852,True,False,False
6643,CSS_J035419.7+350701,EW,EW,False,False,63.09567787218323,89.49021056520134,16852,True,False,False
6644,CSS_J070837.0+430528,RRab,RRab,False,False,73.09644670050761,77.15736040609137,1249,True,False,False
6645,CSS_J073624.6+325017,EA,EA,False,False,45.7002457002457,44.717444717444714,2597,True,False,False
6646,CSS_J170013.0+320148,RRab,RRab,False,False,20.304568527918782,25.380710659898476,1249,True,False,False
6647,CSS_J171534.3+534239,EW,EW,False,False,32.138899150350944,83.02548947173993,16852,True,False,False
6648,CSS_J130128.7+003135,RRc,RRc,False,False,50.21413276231264,64.45396145610277,2917,True,False,False
6649,CSS_J085435.5-060637,EW,EW,False,False,77.81677133357961,88.62209087550794,16852,True,False,False
6650,CSS_J070206.0+374529,EW,EW,False,False,57.79460657554488,6.871074990764685,16852,True,False,False
6651,CSS_J221725.6-063410,EW,EW,False,False,11.839674916882158,30.97524935352789,16852,True,False,False
6652,CSS_J225507.4+244324,EW,EW,False,False,87.90173623937939,85.6113779091245,16852,True,False,False
6653,CSS_J174516.9+264706,EA,EA,False,False,57.49385749385749,39.31203931203931,2597,True,False,False
6654,CSS_J084508.8-044936,EW,EW,False,False,22.995936461026968,63.18803103066125,16852,True,False,False
6655,CSS_J041250.1+314753,EW,EW,False,False,78.51865533801255,93.29516069449575,16852,True,False,False
6656,CSS_J213719.2-113747,EW,EW,False,False,85.24196527521242,80.5873660879202,16852,True,False,False
6657,CSS_J073841.4+245641,EW,EW,False,False,45.086811968969336,28.260066494274106,16852,True,False,False
6658,CSS_J140056.9+175933,EW,EW,False,False,31.843369043221276,86.86738086442556,16852,True,False,False
6659,CSS_J165737.5+045000,EW,RS CVn,True,False,92.83339490210565,97.15552271887698,16852,True,False,False
6660,CSS_J045004.8+242828,EW,EW,False,False,98.18987809383081,75.34170668636867,16852,True,False,False
6661,CSS_J121043.3+151457,RRc,RRc,False,False,44.00428265524625,74.83940042826552,2917,True,False,False
6662,CSS_J225305.5+382411,EW,EW,False,False,39.287033616549685,66.38345031400074,16852,True,False,False
6663,CSS_J151257.7-043853,LPV,RS CVn,True,False,73.5632183908046,82.75862068965517,281,True,False,False
6664,CSS_J212233.4-010502,EW,RRab,True,False,64.3886220908755,93.75692648688585,16852,True,False,False
6665,CSS_J161746.2-113536,EW,EW,False,False,70.65016623568526,32.37901736239379,16852,True,False,False
6666,CSS_J214833.7+243235,EW,EW,False,False,5.079423716291097,16.328038418913927,16852,True,False,False
6667,CSS_J113726.0+003727,RRab,RRab,False,False,93.90862944162437,91.6243654822335,1249,True,False,False
6668,CSS_J004335.5+433354,RRab,RRab,False,False,24.36548223350254,19.035532994923855,1249,True,False,False
6669,CSS_J094225.6+121629,EW,EW,False,False,6.132249722940525,22.2201699298116,16852,True,False,False
6670,CSS_J205645.0-193846,RS CVn,RS CVn,False,True,26.10294117647059,47.794117647058826,846,True,False,False
6671,CSS_J153553.0+151631,EW,EW,False,False,25.84041374214998,9.272257111193202,16852,True,False,False
6672,CSS_J010756.4+050110,EW,EW,False,False,23.69782046545992,44.68045807166605,16852,True,False,False
6673,CSS_J135558.9+641925,RS CVn,RS CVn,False,True,41.911764705882355,55.88235294117647,846,True,False,False
6674,CSS_J085956.1+245528,EW,EW,False,False,43.18433690432213,24.067233099371997,16852,True,False,False
6675,CSS_J075234.8+405138,LPV,LPV,False,False,9.195402298850574,32.18390804597701,281,True,False,False
6676,CSS_J101419.6+030950,EW,EW,False,False,60.25120059106022,76.4314739564093,16852,True,False,False
6677,CSS_J071220.3+345058,EA,EA,False,False,36.36363636363637,42.62899262899263,2597,True,False,False
6678,CSS_J065536.6+383457,EW,EW,False,False,80.77207240487625,66.58662726265239,16852,True,False,False
6679,CSS_J125715.1-161151,RRab,RRab,False,False,30.710659898477154,38.3248730964467,1249,True,False,False
6680,CSS_J001659.5-153136,RRc,RRc,False,False,40.899357601713064,67.34475374732334,2917,True,False,False
6681,CSS_J155245.4+440438,EW,EW,False,False,63.151089767270044,81.52936830439602,16852,True,False,False
6682,CSS_J171912.5+081539,RRc,EW,True,False,34.36830835117773,69.48608137044968,2917,True,False,False
6683,CSS_J212314.8-192758,RRc,RRc,False,False,19.914346895074946,55.6745182012848,2917,True,False,False
6684,CSS_J164254.3+120657,EW,EW,False,False,8.29331363132619,10.509789434798671,16852,True,False,False
6685,CSS_J161500.3+243759,EW,RS CVn,True,False,92.42704100480236,98.00517177687476,16852,True,False,False
6686,CSS_J172802.5+115135,EW,EW,False,False,95.60398965644626,92.1315108976727,16852,True,False,False
6687,CSS_J013059.5+014024,RRc,RRc,False,False,79.44325481798715,43.147751605995715,2917,True,False,False
6688,CSS_J220254.7+123027,EW,EW,False,False,47.78352419652752,52.2718876985593,16852,True,False,False
6689,CSS_J224003.3+251533,LPV,LPV,False,False,24.137931034482758,31.03448275862069,281,True,False,False
6690,CSS_J232735.9+174030,EW,EW,False,False,4.876246767639453,11.470262282970078,16852,True,False,False
6691,CSS_J105314.7+011201,RRc,RRc,False,False,30.19271948608137,32.441113490364025,2917,True,False,False
6692,CSS_J180946.9+410425,EW,EW,False,False,98.50387883265608,97.80199482822313,16852,True,False,False
6693,CSS_J134152.3-163439,RRab,RRab,False,False,1.7766497461928936,17.258883248730964,1249,True,False,False
6694,CSS_J205627.2-121129,EW,EW,False,False,44.16328038418914,48.1529368304396,16852,True,False,False
6695,CSS_J010154.3+212137,EW,EW,False,False,31.991134096786112,90.32138899150351,16852,True,False,False
6696,CSS_J040515.2+211715,EW,EW,False,False,56.13224972294052,33.69043221278168,16852,True,False,False
6697,CSS_J150517.0+112732,RRc,RRc,False,False,29.1220556745182,7.815845824411134,2917,True,False,False
6698,CSS_J205936.3-155455,RS CVn,RS CVn,False,True,48.89705882352941,68.75,846,True,False,False
6699,CSS_J231503.6+270240,EW,EW,False,False,87.71702992242335,78.40783154783894,16852,True,False,False
6700,CSS_J113447.9+202651,EW,EW,False,False,55.94754340598449,64.75803472478758,16852,True,False,False
6701,CSS_J005952.1+325035,EW,EW,False,False,48.06058367196158,24.178056889545623,16852,True,False,False
6702,CSS_J164216.7+050608,EW,EW,False,False,0.9974141115626155,27.244181751015883,16852,True,False,False
6703,CSS_J223705.0+370453,EW,EW,False,False,25.452530476542297,66.51274473586997,16852,True,False,False
6704,CSS_J140004.2-051005,EW,EW,False,False,57.258958256372374,44.846693756926484,16852,True,False,False
6705,CSS_J155524.0+270449,EA,EW,True,False,91.15479115479116,79.72972972972973,2597,True,False,False
6706,CSS_J033722.7+391731,EA,EA,False,False,3.3169533169533167,15.970515970515969,2597,True,False,False
6707,CSS_J165528.6+294254,EW,EW,False,False,50.0184706316956,9.013668267454747,16852,True,False,False
6708,CSS_J035820.0+310803,RS CVn,RS CVn,False,True,72.42647058823529,65.07352941176471,846,True,False,False
6709,CSS_J171604.4+055919,EW,EW,False,False,37.71702992242334,94.8466937569265,16852,True,False,False
6710,CSS_J034632.5+373507,EA,EA,False,False,57.98525798525799,47.05159705159705,2597,True,False,False
6711,CSS_J095849.2+152235,EW,EW,False,False,15.386036202438124,74.73217584041375,16852,True,False,False
6712,CSS_J163519.2-102858,EW,EW,False,False,42.70410048023642,49.704469892870335,16852,True,False,False
6713,CSS_J221449.2+141754,EW,EW,False,False,85.20502401182121,84.59549316586627,16852,True,False,False
6714,CSS_J020456.8+120702,EW,EA,True,False,88.99150350942003,17.233099371998524,16852,True,False,False
6715,CSS_J021421.3+185225,EW,EW,False,False,65.86627262652382,83.06243073513114,16852,True,False,False
6716,CSS_J112019.5+084928,EA,EA,False,False,6.8181818181818175,27.88697788697789,2597,True,False,False
6717,CSS_J052521.0-163920,EW,EW,False,False,29.017362393793867,64.27779830070189,16852,True,False,False
6718,CSS_J214048.8+113924,EW,EW,False,False,3.601773180642778,4.654599187292206,16852,True,False,False
6719,CSS_J134811.5-120507,EW,EW,False,False,64.09309198374584,48.023642408570375,16852,True,False,False
6720,CSS_J071752.9+441626,EW,EW,False,False,48.780938308090136,26.50535648319173,16852,True,False,False
6721,CSS_J210635.9-175301,EA,EA,False,False,55.77395577395578,81.2039312039312,2597,True,False,False
6722,CSS_J023318.0+335502,EW,EW,False,False,61.100849649058,19.35722201699298,16852,True,False,False
6723,CSS_J122830.7-053244,RRc,RRc,False,False,17.237687366167023,26.33832976445396,2917,True,False,False
6724,CSS_J045626.8+213950,EW,EW,False,False,5.504248245289989,17.473217584041375,16852,True,False,False
6725,CSS_J235520.5+443907,RRc,RRc,False,False,35.33190578158458,30.94218415417559,2917,True,False,False
6726,CSS_J081614.2+283200,EA,EA,False,False,84.8894348894349,87.83783783783784,2597,True,False,False
6727,CSS_J100553.6+380433,EW,EW,False,False,73.5869966752863,16.180273365349095,16852,True,False,False
6728,CSS_J081613.1+385858,EA,EA,False,False,30.83538083538084,3.3169533169533167,2597,True,False,False
6729,CSS_J232144.0+395707,EW,EW,False,False,14.68415219800517,18.636867380864423,16852,True,False,False
6730,CSS_J020059.0+193415,EW,EW,False,False,17.36239379386775,43.75692648688585,16852,True,False,False
6731,CSS_J032951.2+381908,EA,EA,False,False,61.17936117936118,32.923832923832926,2597,True,False,False
6732,CSS_J083729.5+062118,EW,EW,False,False,9.789434798670115,18.581455485777614,16852,True,False,False
6733,CSS_J143352.3+040342,EW,EW,False,False,48.337643147395646,17.95345400812708,16852,True,False,False
6734,CSS_J065705.3+420939,EW,EW,False,False,61.17473217584042,12.855559660140376,16852,True,False,False
6735,CSS_J045454.2+243008,EW,EW,False,False,25.13852973771703,23.29146656815663,16852,True,False,False
6736,CSS_J174323.1+475140,EW,EW,False,False,88.56667898042113,95.01292944218692,16852,True,False,False
6737,CSS_J032042.7+035254,EA,EA,False,False,9.582309582309582,8.5995085995086,2597,True,False,False
6738,CSS_J022434.9+023940,EW,EW,False,False,87.45844107868488,62.54155892131511,16852,True,False,False
6739,CSS_J234310.7-163626,EW,EW,False,False,4.063538973032878,63.72367934983376,16852,True,False,False
6740,CSS_J031817.5-013536,EW,EW,False,False,25.655707425193942,77.04100480236424,16852,True,False,False
6741,CSS_J144005.8+124654,EA,EA,False,False,61.302211302211305,49.26289926289926,2597,True,False,False
6742,CSS_J145159.7-183644,EW,EW,False,False,28.370890284447732,44.77281123014407,16852,True,False,False
6743,CSS_J054418.2-191630,EW,EW,False,False,21.832286664203913,52.69671222755819,16852,True,False,False
6744,CSS_J104125.5-145842,EW,EW,False,False,33.819726634650905,88.58514961211674,16852,True,False,False
6745,CSS_J122650.6+333601,EW,EW,False,False,98.1529368304396,97.91281861839674,16852,True,False,False
6746,CSS_J045453.0+234603,EW,EW,False,False,67.43627632065017,98.94717399335057,16852,True,False,False
6747,CSS_J230240.2+011942,EW,EW,False,False,71.64758034724787,51.4222386405615,16852,True,False,False
6748,CSS_J070557.0+570009,EW,EA,True,False,87.4769117103805,23.513114148503877,16852,True,False,False
6749,CSS_J083554.9-063131,EW,EW,False,False,63.92685629848541,73.73476172885113,16852,True,False,False
6750,CSS_J073436.3+290946,EW,EW,False,False,76.13594384927964,2.1241226449944586,16852,True,False,False
6751,CSS_J211702.5+115226,EW,EW,False,False,93.79386775027706,79.57148134466199,16852,True,False,False
6752,CSS_J035544.5+322130,EW,EW,False,False,43.664573328407826,15.847801994828222,16852,True,False,False
6753,CSS_J233310.5+235611,EA,EA,False,False,36.60933660933661,33.415233415233416,2597,True,False,False
6754,CSS_J082855.0+504559,EW,EW,False,False,0.3509420022164758,4.469892870336166,16852,True,False,False
6755,CSS_J145811.1-152127,EW,EW,False,False,72.95899519763576,90.7092722571112,16852,True,False,False
6756,CSS_J212955.4-074446,EW,EW,False,False,11.802733653490948,13.058736608792021,16852,True,False,False
6757,CSS_J003528.6+355422,EW,EW,False,False,37.12596970816402,20.92722571111932,16852,True,False,False
6758,CSS_J234936.6+381405,EW,EW,False,False,45.659401551533065,51.66235685260436,16852,True,False,False
6759,CSS_J221103.8+143923,EW,EW,False,False,75.54488363502033,32.656076837827854,16852,True,False,False
6760,CSS_J085341.4-115848,EW,EW,False,False,51.219061691909864,64.72109346139638,16852,True,False,False
6761,CSS_J065040.0+380503,EA,EA,False,False,87.34643734643734,26.535626535626534,2597,True,False,False
6762,CSS_J205003.6+082544,EW,EW,False,False,71.92463982268194,99.13188031030661,16852,True,False,False
6763,CSS_J162501.0+055244,EW,EW,False,False,66.69745105282601,74.12264499445881,16852,True,False,False
6764,CSS_J165642.5+224254,RRd,EW,True,True,94.11764705882352,78.82352941176471,258,True,False,False
6765,CSS_J013331.4+082439,EW,EW,False,False,21.518285925378645,58.274842999630586,16852,True,False,False
6766,CSS_J110346.1-184640,EW,EW,False,False,73.84558551902475,83.22866642039158,16852,True,False,False
6767,CSS_J021512.0+304203,EW,EW,False,False,57.517547100110825,26.062061322497232,16852,True,False,False
6768,CSS_J070656.7+344920,EW,EW,False,False,71.70299224233469,24.39970446989287,16852,True,False,False
6769,CSS_J160227.2+092224,EA,EA,False,False,17.1990171990172,17.69041769041769,2597,True,False,False
6770,CSS_J085533.0-151910,RRab,RRab,False,False,49.23857868020304,39.59390862944163,1249,True,False,False
6771,CSS_J013212.9+373016,EW,EW,False,False,18.15663095677872,18.230513483561136,16852,True,False,False
6772,CSS_J232510.6-031913,EW,EW,False,False,43.516808274843,52.86294791281861,16852,True,False,False
6773,CSS_J165656.6+264110,EW,EA,True,False,89.65644625046177,11.34096786110085,16852,True,False,False
6774,CSS_J005314.5+170751,RRab,RRab,False,False,75.88832487309645,66.49746192893402,1249,True,False,False
6775,CSS_J150834.0+484838,RRc,EW,True,False,97.32334047109208,75.16059957173448,2917,True,False,False
6776,CSS_J234807.7+014736,EW,EA,True,False,89.41632803841891,17.49168821573698,16852,True,False,False
6777,CSS_J173227.2+265720,RRc,RRc,False,False,13.597430406852249,8.029978586723768,2917,True,False,False
6778,CSS_J212329.2-153410,RRab,RRab,False,False,23.604060913705585,31.472081218274113,1249,True,False,False
6779,CSS_J154257.8+091209,EW,EW,False,False,26.727004063538974,29.109715552271886,16852,True,False,False
6780,CSS_J222726.1+045004,EW,EW,False,False,11.691909863317324,13.021795345400813,16852,True,False,False
6781,CSS_J011908.9+001940,EW,EW,False,False,10.583671961581086,74.93535278906539,16852,True,False,False
6782,CSS_J025921.4+100341,EW,EW,False,False,57.24048762467676,82.28666420391578,16852,True,False,False
6783,CSS_J004708.9+125335,EW,EW,False,False,21.536756557074252,23.217584041374213,16852,True,False,False
6784,CSS_J140510.8+142211,EW,EW,False,False,80.29183598079054,49.5012929442187,16852,True,False,False
6785,CSS_J053346.9-171346,EW,EW,False,False,74.84299963058737,27.68747691171038,16852,True,False,False
6786,CSS_J080720.3+333919,EW,EW,False,False,89.47173993350572,93.5722201699298,16852,True,False,False
6787,CSS_J035846.1+375930,EW,EW,False,False,82.91466568156632,13.760620613224972,16852,True,False,False
6788,CSS_J135232.0+041925,RRc,EW,True,False,76.017130620985,50.0,2917,True,False,False
6789,CSS_J055902.9-124850,EW,EW,False,False,78.42630217953453,37.73550055411895,16852,True,False,False
6790,CSS_J113030.8-010156,EW,EW,False,False,24.196527521241226,56.16919098633173,16852,True,False,False
6791,CSS_J032838.1+034019,EW,EW,False,False,55.81824898411526,33.24713705208718,16852,True,False,False
6792,CSS_J234435.1+284831,EW,EW,False,False,94.99445881049132,98.89176209826375,16852,True,False,False
6793,CSS_J182746.6+432315,EW,EW,False,False,52.881418544514226,86.4979682305135,16852,True,False,False
6794,CSS_J093142.6-132146,RRc,RRc,False,False,41.648822269807276,21.413276231263385,2917,True,False,False
6795,CSS_J024919.2+250029,EW,EW,False,False,38.973032877724414,57.72072404876247,16852,True,False,False
6796,CSS_J115224.9-102950,EW,EW,False,False,10.842260805319542,79.31289250092352,16852,True,False,False
6797,CSS_J213706.7+160718,EA,EA,False,False,74.2014742014742,67.69041769041769,2597,True,False,False
6798,CSS_J160613.1-162522,EW,EW,False,False,76.24676763945327,95.3454008127078,16852,True,False,False
6799,CSS_J155623.6+384222,EA,EA,False,False,45.94594594594595,46.43734643734644,2597,True,False,False
6800,CSS_J093710.8+432546,RRc,RRc,False,False,90.36402569593149,49.892933618843685,2917,True,False,False
6801,CSS_J133431.0+494848,EW,EW,False,False,14.628740302918361,74.9907646841522,16852,True,False,False
6802,CSS_J174959.0+322658,EW,EW,False,False,55.02401182120429,14.794975988178797,16852,True,False,False
6803,CSS_J055431.9-192906,RRab,RRab,False,False,78.68020304568529,23.096446700507613,1249,True,False,False
6804,CSS_J220338.0+015346,EW,EW,False,False,38.38197266346509,11.52567417805689,16852,True,False,False
6805,CSS_J143843.7+485949,RRc,EW,True,False,88.86509635974305,63.276231263383295,2917,True,False,False
6806,CSS_J013101.8+441449,EW,EW,False,False,64.46250461765793,98.07905430365719,16852,True,False,False
6807,CSS_J034657.1+332649,EW,EW,False,False,58.64425563354266,32.00960472848172,16852,True,False,False
6808,CSS_J222642.1+142243,RS CVn,RS CVn,False,True,30.88235294117647,78.67647058823529,846,True,False,False
6809,CSS_J072134.3+375224,EW,EW,False,False,82.50831178426303,87.79091244920576,16852,True,False,False
6810,CSS_J033934.5-044224,EW,EW,False,False,48.522349464351684,18.766161802733652,16852,True,False,False
6811,CSS_J151031.3-110845,EW,EW,False,False,3.8418913926856297,66.45733284078315,16852,True,False,False
6812,CSS_J145149.3+515053,EW,EW,False,False,31.52936830439601,44.070927225711124,16852,True,False,False
6813,CSS_J074928.9+473432,EA,EA,False,False,7.2481572481572485,5.159705159705159,2597,True,False,False
6814,CSS_J222710.0-183656,RRab,RRab,False,False,18.274111675126903,11.6751269035533,1249,True,False,False
6815,CSS_J213653.9+064748,EW,EW,False,False,34.39231621721463,72.38640561507204,16852,True,False,False
6816,CSS_J034625.2+294443,EW,EW,False,False,97.45105282600665,99.46435168082749,16852,True,False,False
6817,CSS_J165500.2+152327,EW,EW,False,False,59.66014037680088,71.01957886959734,16852,True,False,False
6818,CSS_J033938.4+391343,EW,EW,False,False,79.58995197635758,49.35352789065386,16852,True,False,False
6819,CSS_J092759.1+032530,EW,EW,False,False,32.28666420391577,21.684521610639084,16852,True,False,False
6820,CSS_J073827.2+213317,EW,RS CVn,True,False,99.79682305134835,99.9445881049132,16852,True,True,False
6821,CSS_J135205.0+524819,RRc,RRc,False,False,37.687366167023555,74.30406852248393,2917,True,False,False
6822,CSS_J113514.2-102653,EW,EW,False,False,22.718876985592907,84.98337643147396,16852,True,False,False
6823,CSS_J044850.6-012507,EW,EW,False,False,22.146287403029184,0.01847063169560399,16852,True,False,False
6824,CSS_J004730.6+252236,EA,EA,False,False,18.181818181818183,6.142506142506143,2597,True,False,False
6825,CSS_J032842.8+230011,EW,EW,False,False,33.727373476172886,81.0121906169191,16852,True,False,False
6826,CSS_J044834.8+051543,EW,EW,False,False,65.81086073143702,26.782415958625784,16852,True,False,False
6827,CSS_J090811.2-064456,EW,EW,False,False,59.807905430365714,46.85999261174732,16852,True,False,False
6828,CSS_J041216.6+221115,EW,EW,False,False,96.26893239748799,37.38455855190247,16852,True,False,False
6829,CSS_J215658.4+143714,EW,EA,True,False,97.52493535278907,87.21832286664204,16852,True,False,False
6830,CSS_J052213.1-024311,EW,EW,False,False,76.59770964166974,88.71444403398596,16852,True,False,False
6831,CSS_J024636.8-031252,EW,EW,False,False,36.70114517916513,53.10306612486148,16852,True,False,False
6832,CSS_J080058.2+231537,EW,EW,False,False,33.228666420391576,30.624307351311415,16852,True,False,False
6833,CSS_J080303.6+233051,EW,EW,False,False,41.68821573697821,33.89360916143332,16852,True,False,False
6834,CSS_J214741.8+204150,EW,EW,False,False,14.66568156630957,30.67971924639823,16852,True,False,False
6835,CSS_J201125.1-125956,RRab,RRab,False,False,76.6497461928934,80.96446700507614,1249,True,False,False
6836,CSS_J230145.4+350726,EW,EW,False,False,3.1769486516438863,48.87329146656816,16852,True,False,False
6837,CSS_J171424.4+223048,EW,EW,False,False,20.299224233468784,36.424085703731066,16852,True,False,False
6838,CSS_J093804.9+044759,EW,EW,False,False,32.78537125969708,71.86922792759512,16852,True,False,False
6839,CSS_J170637.4+410550,EW,EW,False,False,46.52752124122645,56.37236793498338,16852,True,False,False
6840,CSS_J053313.9+032842,EW,EW,False,False,80.5873660879202,97.247875877355,16852,True,False,False
6841,CSS_J052632.7+034935,EW,EW,False,False,66.95603989656446,69.4311045437754,16852,True,False,False
6842,CSS_J165300.8+265356,EW,EW,False,False,98.42999630587366,87.32914665681565,16852,True,False,False
6843,CSS_J172849.9+182018,EW,EW,False,False,1.4591799039527151,74.19652752124122,16852,True,False,False
6844,CSS_J092818.7+111956,EW,EW,False,False,55.48577761359439,36.1285555966014,16852,True,False,False
6845,CSS_J041638.4+241856,EW,EW,False,False,68.00886590321389,17.214628740302917,16852,True,False,False
6846,CSS_J152104.0+264919,EW,EW,False,False,68.80310306612486,97.82046545991872,16852,True,False,False
6847,CSS_J085216.8+114831,EW,EW,False,False,87.0520871813816,67.19615810860732,16852,True,False,False
6848,CSS_J220415.9+012801,EW,EA,True,False,86.88585149612116,12.282970077576653,16852,True,False,False
6849,CSS_J045008.3-111628,EW,EW,False,False,4.4144809752493535,48.688585149612116,16852,True,False,False
6850,CSS_J075536.7+153702,RRab,RRab,False,False,85.27918781725889,49.746192893401016,1249,True,False,False
6851,CSS_J075022.9+264429,EW,EW,False,False,42.87033616549686,56.98189878093831,16852,True,False,False
6852,CSS_J040106.9-124914,EW,EW,False,False,15.977096416697451,30.310306612486148,16852,True,False,False
6853,CSS_J163103.0+624639,EW,EW,False,False,65.73697820465459,31.67713335796084,16852,True,False,False
6854,CSS_J073000.3+300150,EW,EW,False,False,84.94643516808274,64.42556335426671,16852,True,False,False
6855,CSS_J050422.0+165706,EW,EA,True,False,90.45068341337273,89.91503509420022,16852,True,False,False
6856,CSS_J065137.1+385406,EW,EW,False,False,68.41521980051718,75.8958256372368,16852,True,False,False
6857,CSS_J220715.4+220318,EW,EW,False,False,29.940893978574067,84.57702253417067,16852,True,False,False
6858,CSS_J152320.8+071237,EW,EW,False,False,99.77835241965275,58.09013668267454,16852,True,False,False
6859,CSS_J215635.1-041027,EW,EW,False,False,97.7281123014407,99.5567048393055,16852,True,False,False
6860,CSS_J113043.3+515425,EW,EW,False,False,19.985223494643517,41.78056889545623,16852,True,False,False
6861,CSS_J175541.8+342625,EW,EW,False,False,23.513114148503877,6.20613224972294,16852,True,False,False
6862,CSS_J051544.2+203746,EW,EW,False,False,65.05356483191726,60.528260066494276,16852,True,False,False
6863,CSS_J230656.4+382923,EW,EW,False,False,46.010343553749536,27.595123753232357,16852,True,False,False
6864,CSS_J085125.5-050404,RS CVn,RS CVn,False,True,11.397058823529411,8.823529411764707,846,True,False,False
6865,CSS_J164138.4+084437,RRc,RRc,False,False,60.064239828693786,26.017130620985014,2917,True,False,False
6866,CSS_J224135.5+384022,EW,EW,False,False,66.03250831178427,97.6727004063539,16852,True,False,False
6867,CSS_J214158.6-030319,EW,EW,False,False,64.99815293683045,53.583302548947174,16852,True,False,False
6868,CSS_J082754.0+152157,EW,EW,False,False,79.66383450314001,96.54599187292206,16852,True,False,False
6869,CSS_J011833.0+441606,EW,EW,False,False,55.430365718507566,49.64905799778352,16852,True,False,False
6870,CSS_J085359.2+331538,EA,EA,False,False,46.56019656019656,31.941031941031937,2597,True,False,False
6871,CSS_J225442.2+220823,EW,EW,False,False,36.590321388991505,3.7495382342076096,16852,True,False,False
6872,CSS_J052358.7-020538,EW,EW,False,False,67.78721832286664,64.13003324713705,16852,True,False,False
6873,CSS_J222341.2+232414,EW,EW,False,False,12.07979312892501,30.273365349094938,16852,True,False,False
6874,CSS_J215405.2-050804,RRc,EW,True,False,59.20770877944326,11.349036402569594,2917,True,False,False
6875,CSS_J204238.6-181345,RRc,RRc,False,False,59.314775160599574,52.890792291220556,2917,True,False,False
6876,CSS_J235634.2-192057,RRab,RRab,False,False,15.228426395939088,18.02030456852792,1249,True,False,False
6877,CSS_J082812.0+371348,EW,EW,False,False,15.995567048393056,29.75618766161803,16852,True,False,False
6878,CSS_J035642.8-192717,EW,EW,False,False,93.0365718507573,65.75544883635021,16852,True,False,False
6879,CSS_J052412.4+002010,EW,EW,False,False,51.75471001108238,31.123014407092725,16852,True,False,False
6880,CSS_J161743.2+265931,EW,EW,False,False,91.48503878832656,54.765422977465825,16852,True,False,False
6881,CSS_J025200.5+061758,EW,EW,False,False,36.922792759512376,8.090136682674547,16852,True,False,False
6882,CSS_J080724.7+164610,EW,EW,False,False,31.547838936091615,6.981898780938309,16852,True,False,False
6883,CSS_J170137.5-021801,RRc,EW,True,False,82.65524625267666,88.0085653104925,2917,True,False,False
6884,CSS_J003909.9+410422,EW,EW,False,False,18.581455485777614,39.213151089767265,16852,True,False,False
6885,CSS_J041938.4+255141,EW,EW,False,False,94.27410417436276,76.24676763945327,16852,True,False,False
6886,CSS_J153122.4+154249,EA,EW,True,False,85.5036855036855,72.97297297297297,2597,True,False,False
6887,CSS_J090318.8+351256,EW,EW,False,False,91.7159216845216,82.23125230882896,16852,True,False,False
6888,CSS_J230314.0+040103,EW,EW,False,False,19.57886959734023,8.681196896933875,16852,True,False,False
6889,CSS_J225923.1+041017,EW,EW,False,False,42.92574806058367,78.33394902105651,16852,True,False,False
6890,CSS_J173430.9+271806,EW,EW,False,False,20.04063538973033,53.841891392685625,16852,True,False,False
6891,CSS_J232701.0+254514,EW,EW,False,False,81.14148503878833,42.33468784632434,16852,True,False,False
6892,CSS_J214811.4-010102,EW,EW,False,False,63.59438492796453,58.367196158108605,16852,True,False,False
6893,CSS_J002906.8+292916,EW,EW,False,False,63.02179534540081,26.449944588104913,16852,True,False,False
6894,CSS_J110236.2+205117,EW,EW,False,False,88.4189139268563,61.34096786110085,16852,True,False,False
6895,CSS_J113516.4+153035,RRc,RRc,False,False,6.745182012847965,26.552462526766597,2917,True,False,False
6896,CSS_J220227.1+072341,EW,EW,False,False,8.718138160325083,8.071666050978942,16852,True,False,False
6897,CSS_J083149.4+253555,EW,EW,False,False,96.98928703361655,77.50277059475434,16852,True,False,False
6898,CSS_J230119.1+193357,EA,EA,False,False,45.57739557739558,17.813267813267814,2597,True,False,False
6899,CSS_J102545.6-142013,RRab,RRab,False,False,53.80710659898477,41.11675126903553,1249,True,False,False
6900,CSS_J214106.5-092259,EW,EW,False,False,73.80864425563354,53.232360546730696,16852,True,False,False
6901,CSS_J011435.1+395617,EW,EW,False,False,5.688954562246029,7.499076468415219,16852,True,False,False
6902,CSS_J011846.7+324846,EW,EW,False,False,54.765422977465825,95.12375323236054,16852,True,False,False
6903,CSS_J211646.6-051715,EA,EA,False,False,78.74692874692875,76.41277641277642,2597,True,False,False
6904,CSS_J102411.7+121254,EW,EW,False,False,93.5352789065386,83.19172515700038,16852,True,False,False
6905,CSS_J052052.6+110739,EW,EW,False,False,19.689693387513856,10.842260805319542,16852,True,False,False
6906,CSS_J072031.9+433903,EW,EW,False,False,65.45991872922053,93.90469154045068,16852,True,False,False
6907,CSS_J100314.8+025402,EW,EW,False,False,78.96195049870705,66.40192094569635,16852,True,False,False
6908,CSS_J153952.0-065033,EW,EW,False,False,49.279645363871445,85.85149612116734,16852,True,False,False
6909,CSS_J160519.8-082814,RS CVn,EW,True,True,51.10294117647059,36.39705882352941,846,True,False,False
6910,CSS_J003604.4-010814,EW,EW,False,False,36.46102696712227,73.6424085703731,16852,True,False,False
6911,CSS_J165346.0+104245,EW,EW,False,False,29.534540081270777,8.182489841152567,16852,True,False,False
6912,CSS_J161726.1-080457,EW,EA,True,False,84.17066863686739,78.57406723309937,16852,True,False,False
6913,CSS_J203522.1-041821,EW,RRc,True,False,49.00258588843738,91.2449205762837,16852,True,False,False
6914,CSS_J043250.0+105240,EW,EW,False,False,18.692279275951236,21.98005171776875,16852,True,False,False
6915,CSS_J224327.9+342148,EA,EA,False,False,94.96314496314497,87.46928746928747,2597,True,False,False
6916,CSS_J052400.7-021241,RS CVn,EW,True,True,56.61764705882353,82.72058823529412,846,True,False,False
6917,CSS_J165313.5-015737,RRab,EW,True,False,96.44670050761421,96.44670050761421,1249,True,False,False
6918,CSS_J062939.5+592749,EW,EW,False,False,6.612486147026228,4.765422977465829,16852,True,False,False
6919,CSS_J163841.9+001612,EW,EW,False,False,2.7890653860362025,19.745105282600665,16852,True,False,False
6920,CSS_J040828.3-042552,EW,EW,False,False,29.626893239748796,39.360916143332105,16852,True,False,False
6921,CSS_J024224.3+231103,EW,EW,False,False,68.63686738086443,56.57554488363502,16852,True,False,False
6922,CSS_J151547.2-131040,RRc,RRc,False,False,31.69164882226981,28.37259100642398,2917,True,False,False
6923,CSS_J173158.4+261754,EW,EW,False,False,37.32914665681567,30.199482822312522,16852,True,False,False
6924,CSS_J074720.8+232444,EW,EW,False,False,56.37236793498338,20.74251939416328,16852,True,False,False
6925,CSS_J113933.0+252629,RRc,RRc,False,False,23.768736616702355,49.78586723768736,2917,True,False,False
6926,CSS_J111234.9+034225,EW,EW,False,False,0.6280014776505356,22.829700775766533,16852,True,False,False
6927,CSS_J144550.5+002619,EW,EW,False,False,1.4961211673439232,2.5489471739933505,16852,True,False,False
6928,CSS_J035353.7+275401,EW,EW,False,False,46.61987439970447,11.193202807536018,16852,True,False,False
6929,CSS_J223500.3-020713,RRc,RRab,True,False,99.3576017130621,99.67880085653104,2917,True,True,False
6930,CSS_J003013.1+425110,EW,EW,False,False,29.682305134835612,47.74658293313631,16852,True,False,False
6931,CSS_J232915.7+135239,EW,EW,False,False,0.46176579239009974,44.237162910971556,16852,True,False,False
6932,CSS_J114038.8-112855,EW,EW,False,False,29.66383450314001,76.8008865903214,16852,True,False,False
6933,CSS_J002234.2+364349,EW,EW,False,False,47.50646472109346,79.38677502770595,16852,True,False,False
6934,CSS_J220341.8+054506,RRab,RRab,False,False,53.045685279187815,55.58375634517766,1249,True,False,False
6935,CSS_J014741.7+373209,EW,EW,False,False,76.65312153675656,1.884004432951607,16852,True,False,False
6936,CSS_J111241.7-065541,EW,EW,False,False,61.30402659770964,69.8928703361655,16852,True,False,False
6937,CSS_J025644.1+035236,EW,EW,False,False,62.20908755079424,46.02881418544514,16852,True,False,False
6938,CSS_J013707.4-051103,EW,EW,False,False,60.1773180642778,94.75434059844847,16852,True,False,False
6939,CSS_J173031.6+372257,EW,EW,False,False,57.05578130772072,50.9235315847802,16852,True,False,False
6940,CSS_J063649.6+495205,EW,EW,False,False,87.79091244920576,98.33764314739564,16852,True,False,False
6941,CSS_J214839.5+084340,EW,EW,False,False,0.5356483191725157,3.638714444033986,16852,True,False,False
6942,CSS_J212619.4+061915,EW,EW,False,False,65.58921315108977,57.44366457332841,16852,True,False,False
6943,CSS_J143403.8-032246,EA,EA,False,False,27.51842751842752,64.61916461916462,2597,True,False,False
6944,CSS_J044157.2+273706,EW,EW,False,False,35.61137790912449,43.46139637975619,16852,True,False,False
6945,CSS_J160948.4+164603,EW,EW,False,False,84.7063169560399,99.5197635759143,16852,True,False,False
6946,CSS_J165908.2+542731,EW,EW,False,False,13.409678611008497,56.39083856667898,16852,True,False,False
6947,CSS_J215842.8-053537,EW,EW,False,False,41.26339120797931,38.4004432951607,16852,True,False,False
6948,CSS_J005227.1+185149,EW,EW,False,False,71.96158108607314,80.9937199852235,16852,True,False,False
6949,CSS_J132252.4-021304,EW,EW,False,False,78.31547838936092,52.84447728112301,16852,True,False,False
6950,CSS_J180905.3+355533,EW,EW,False,False,38.60362024381234,61.78426302179535,16852,True,False,False
6951,CSS_J041346.9+264326,EW,EW,False,False,19.892870336165497,24.104174362763207,16852,True,False,False
6952,CSS_J232028.1+381709,EA,EA,False,False,22.358722358722357,21.007371007371006,2597,True,False,False
6953,CSS_J122229.9+030454,RRab,RRab,False,False,97.96954314720813,99.74619289340102,1249,True,False,False
6954,CSS_J161121.0-131605,RRc,RRc,False,False,43.25481798715203,71.73447537473233,2917,True,False,False
6955,CSS_J142743.8+575952,EW,EW,False,False,81.69560398965645,49.94458810491319,16852,True,False,False
6956,CSS_J225551.7-095704,EW,EW,False,False,23.827114887329145,58.40413742149981,16852,True,False,False
6957,CSS_J012840.6+385930,EW,EW,False,False,20.46545991872922,76.4684152198005,16852,True,False,False
6958,CSS_J144001.1+071530,EW,EW,False,False,37.75397118581456,66.84521610639084,16852,True,False,False
6959,CSS_J052646.8+102254,EW,EA,True,False,69.70816401920946,51.939416328038426,16852,True,False,False
6960,CSS_J030015.7+234349,EW,EW,False,False,26.15441448097525,68.43369043221279,16852,True,False,False
6961,CSS_J073442.7+631508,EW,EW,False,False,3.6571850757295903,89.74879940893979,16852,True,False,False
6962,CSS_J043921.1+171630,EW,EW,False,False,32.21278167713336,41.26339120797931,16852,True,False,False
6963,CSS_J114841.5-025110,RRab,RRab,False,False,70.55837563451777,22.588832487309645,1249,True,False,False
6964,CSS_J235033.5+440613,RRc,RRc,False,False,20.8779443254818,57.28051391862955,2917,True,False,False
6965,CSS_J120439.2+120852,EA,EA,False,False,42.997542997543,66.70761670761671,2597,True,False,False
6966,CSS_J162905.6+200905,RRc,RRc,False,False,62.74089935760171,28.26552462526767,2917,True,False,False
6967,CSS_J010752.0+230217,EW,EW,False,False,78.94347986701146,45.19763575914296,16852,True,False,False
6968,CSS_J142907.8+391357,EW,EW,False,False,56.85260435906908,98.68858514961212,16852,True,False,False
6969,CSS_J163054.1-140622,RRab,RRab,False,False,17.512690355329948,35.27918781725889,1249,True,False,False
6970,CSS_J153141.7+632014,RRab,RRab,False,False,31.979695431472084,2.7918781725888326,1249,True,False,False
6971,CSS_J154911.6-164332,RRab,RRab,False,False,72.84263959390863,56.09137055837563,1249,True,False,False
6972,CSS_J082741.4+492615,EW,EW,False,False,0.6095308459549317,43.60916143332102,16852,True,False,False
6973,CSS_J154522.1+404212,EW,EW,False,False,29.737717029922422,18.599926117473217,16852,True,False,False
6974,CSS_J162023.9-161606,RRc,RRc,False,False,3.4261241970021414,3.3190578158458246,2917,True,False,False
6975,CSS_J011349.3+414813,EW,EW,False,False,35.51902475064647,2.1425932766900626,16852,True,False,False
6976,CSS_J012107.1+414953,EW,EA,True,False,73.38381972663464,2.050240118212043,16852,True,False,False
6977,CSS_J214820.2+014236,EW,EW,False,False,61.52567417805689,5.984484669375693,16852,True,False,False
6978,CSS_J104843.1+171922,EW,EW,False,False,51.3852973771703,12.41226449944588,16852,True,False,False
6979,CSS_J153311.9-175822,RRab,RRab,False,False,43.65482233502538,45.17766497461929,1249,True,False,False
6980,CSS_J150333.0+125339,EW,EW,False,False,58.127077946065754,64.22238640561507,16852,True,False,False
6981,CSS_J084501.6+375152,EW,EW,False,False,34.835611377909125,3.3247137052087186,16852,True,False,False
6982,CSS_J115359.1+101258,RRab,RRab,False,False,23.85786802030457,20.558375634517766,1249,True,False,False
6983,CSS_J052748.1+120316,EW,EW,False,False,64.37015145917991,61.35943849279646,16852,True,False,False
6984,CSS_J060128.9+642417,EW,EW,False,False,6.723309937199852,12.042851865533802,16852,True,False,False
6985,CSS_J074857.0+411127,EW,EW,False,False,74.73217584041375,38.14185445142224,16852,True,False,False
6986,CSS_J033128.9+341747,EW,EW,False,False,89.26856298485409,85.94384927964536,16852,True,False,False
6987,CSS_J212721.1-190758,RRc,RRd,True,False,86.18843683083512,94.9678800856531,2917,True,False,False
6988,CSS_J034957.0+365519,EW,EW,False,False,54.54377539711858,69.30181012190617,16852,True,False,False
6989,CSS_J225852.4+204336,EW,EW,False,False,49.15035094200222,34.004432951606944,16852,True,False,False
6990,CSS_J144345.3+052542,RRd,RRc,True,True,24.705882352941178,55.294117647058826,258,True,False,False
6991,CSS_J214409.8+151443,EW,EW,False,False,46.36128555596601,15.386036202438124,16852,True,False,False
6992,CSS_J140550.1+165216,RRab,RRab,False,False,14.467005076142131,12.436548223350254,1249,True,False,False
6993,CSS_J012819.2+210928,EA,EA,False,False,15.970515970515969,36.486486486486484,2597,True,False,False
6994,CSS_J051930.2+214406,EW,EW,False,False,58.66272626523828,71.92463982268194,16852,True,False,False
6995,CSS_J152234.7-133233,EW,EW,False,False,3.47247875877355,61.43332101957887,16852,True,False,False
6996,CSS_J222528.5-064258,EA,EA,False,False,10.073710073710075,58.599508599508596,2597,True,False,False
6997,CSS_J073737.6+413535,EW,EW,False,False,81.8987809383081,86.07314370151458,16852,True,False,False
6998,CSS_J213213.3-131540,EW,EW,False,False,48.448466937569265,28.85112670853343,16852,True,False,False
6999,CSS_J213621.7+071608,EW,EW,False,False,44.55116364979682,28.647949759881786,16852,True,False,False
7000,CSS_J081235.0+562037,RRab,RRab,False,False,20.558375634517766,26.649746192893403,1249,True,False,False
7001,CSS_J044750.1+123321,EW,EW,False,False,36.53490949390469,64.99815293683045,16852,True,False,False
7002,CSS_J040800.1+245353,EW,EW,False,False,49.796823051348355,49.205762837089026,16852,True,False,False
7003,CSS_J171031.2+092631,EW,EW,False,False,19.800517177687478,82.84078315478389,16852,True,False,False
7004,CSS_J010515.8-094010,EW,EW,False,False,97.89434798670115,98.52234946435168,16852,True,False,False
7005,CSS_J201323.9-143703,RRab,RRab,False,False,35.025380710659896,21.573604060913706,1249,True,False,False
7006,CSS_J081026.6+040257,EW,EW,False,False,91.31880310306613,86.22090875507944,16852,True,False,False
7007,CSS_J143148.6+262952,EW,EW,False,False,37.07055781307721,69.17251570003694,16852,True,False,False
7008,CSS_J043011.9-143202,EW,EW,False,False,62.76320650166236,14.3516808274843,16852,True,False,False
7009,CSS_J162939.8-061552,EW,EW,False,False,92.29774658293314,35.94384927964536,16852,True,False,False
7010,CSS_J104456.5-081219,EW,EW,False,False,58.40413742149981,94.47728112301441,16852,True,False,False
7011,CSS_J084706.4-072822,EW,EW,False,False,11.02696712227558,24.03029183598079,16852,True,False,False
7012,CSS_J112651.8-084110,EW,EW,False,False,48.07905430365719,75.36017731806427,16852,True,False,False
7013,CSS_J072438.5+434534,EW,EW,False,False,84.50314000738825,92.44551163649797,16852,True,False,False
7014,CSS_J171014.3+303403,EW,EW,False,False,68.74769117103806,79.33136313261913,16852,True,False,False
7015,CSS_J231752.6+312741,EW,EW,False,False,80.19948282231252,87.66161802733653,16852,True,False,False
7016,CSS_J144201.6-072945,EW,EW,False,False,89.60103435537495,78.72183228666421,16852,True,False,False
7017,CSS_J170612.8+284058,EW,EW,False,False,14.056150720354635,21.48134466198744,16852,True,False,False
7018,CSS_J092550.8-122621,EW,EW,False,False,62.43073513114149,80.29183598079054,16852,True,False,False
7019,CSS_J050000.3-053328,EW,EW,False,False,13.483561137790911,73.86405615072036,16852,True,False,False
7020,CSS_J142226.3-044350,RRab,RRab,False,False,30.456852791878177,30.710659898477154,1249,True,False,False
7021,CSS_J041310.2+250416,EW,EW,False,False,81.30772072404876,84.63243442925749,16852,True,False,False
7022,CSS_J080633.5+075519,EA,EA,False,False,79.72972972972973,82.80098280098281,2597,True,False,False
7023,CSS_J023514.9-123930,EW,EW,False,False,5.3564831917251565,47.857406723309936,16852,True,False,False
7024,CSS_J083745.8+092102,EA,EA,False,False,13.267813267813267,51.5970515970516,2597,True,False,False
7025,CSS_J164649.5+251019,EW,EW,False,False,89.00997414111562,62.33838197266347,16852,True,False,False
7026,CSS_J042652.1+071337,EA,EA,False,False,79.36117936117935,29.238329238329236,2597,True,False,False
7027,CSS_J113949.1-065206,EW,EW,False,False,76.22829700775766,87.58773550055412,16852,True,False,False
7028,CSS_J150033.6+154624,RRab,RRab,False,False,56.34517766497462,55.83756345177665,1249,True,False,False
7029,CSS_J020011.9+304132,EW,EW,False,False,14.314739564093093,1.2929442186922793,16852,True,False,False
7030,CSS_J064256.7+404137,EW,EW,False,False,4.100480236424086,10.325083117842631,16852,True,False,False
7031,CSS_J212708.0-042049,EW,EW,False,False,32.60066494274104,40.32138899150351,16852,True,False,False
7032,CSS_J002003.1+112338,RRc,RRc,False,False,36.0813704496788,47.00214132762313,2917,True,False,False
7033,CSS_J165506.3+492831,EW,EW,False,False,46.509050609530846,65.14591799039528,16852,True,False,False
7034,CSS_J003509.4-155006,RRc,EW,True,False,65.31049250535332,84.36830835117773,2917,True,False,False
7035,CSS_J032140.2+371636,EW,EW,False,False,32.08348725526413,22.27558182489841,16852,True,False,False
7036,CSS_J050548.2-151744,EW,EW,False,False,13.538973032877724,45.3638714444034,16852,True,False,False
7037,CSS_J042152.3+301217,EW,EW,False,False,18.082748429996307,1.0158847432582194,16852,True,False,False
7038,CSS_J050954.6+183511,EW,EW,False,False,50.40635389730329,39.41632803841891,16852,True,False,False
7039,CSS_J003401.9+051557,EA,EA,False,False,11.793611793611793,28.00982800982801,2597,True,False,False
7040,CSS_J054353.0+014433,EW,EW,False,False,14.573328407831548,37.439970446989285,16852,True,False,False
7041,CSS_J154057.0+150855,RRc,RRc,False,False,5.353319057815846,12.312633832976445,2917,True,False,False
7042,CSS_J050302.6-074527,EW,EW,False,False,27.428888067971926,81.78795714813447,16852,True,False,False
7043,CSS_J100957.3+064430,EA,EA,False,False,17.56756756756757,7.002457002457002,2597,True,False,False
7044,CSS_J145412.9+161932,RRc,RRc,False,False,76.76659528907923,6.852248394004283,2917,True,False,False
7045,CSS_J050212.9+101627,EA,EA,False,False,73.21867321867322,64.12776412776412,2597,True,False,False
7046,CSS_J213927.5+202145,EW,EW,False,False,22.34946435168083,2.9737717029922424,16852,True,False,False
7047,CSS_J032438.6-020932,RRc,RRc,False,False,94.64668094218416,99.25053533190578,2917,True,False,False
7048,CSS_J000713.9-134225,EW,EW,False,False,52.08718138160325,76.72700406353897,16852,True,False,False
7049,CSS_J170310.4+030544,EW,EA,True,False,73.6239379386775,35.999261174732176,16852,True,False,False
7050,CSS_J155535.6-064243,RRab,RRab,False,False,45.68527918781726,13.451776649746192,1249,True,False,False
7051,CSS_J041949.3+285140,EW,EW,False,False,42.66715921684522,20.16992981159956,16852,True,False,False
7052,CSS_J161829.6+450324,RRc,RRc,False,False,27.62312633832976,79.1220556745182,2917,True,False,False
7053,CSS_J035928.4+304606,EW,RRc,True,False,49.59364610269672,32.397487994089396,16852,True,False,False
7054,CSS_J073416.6+475401,EW,EW,False,False,17.1407462135205,25.969708164019213,16852,True,False,False
7055,CSS_J040218.2+360825,EA,EA,False,False,78.992628992629,80.46683046683046,2597,True,False,False
7056,CSS_J033633.8-132658,EW,EW,False,False,32.563723679349835,2.4381233838197267,16852,True,False,False
7057,CSS_J151955.8-085813,RRc,RRc,False,False,78.37259100642399,82.86937901498929,2917,True,False,False
7058,CSS_J024155.4+212754,RS CVn,RS CVn,False,True,13.23529411764706,34.55882352941176,846,True,False,False
7059,CSS_J233019.9+045908,EW,EW,False,False,22.478758773550055,44.99445881049132,16852,True,False,False
7060,CSS_J211846.4-024909,EA,EA,False,False,80.95823095823096,82.43243243243244,2597,True,False,False
7061,CSS_J163637.6+072747,EW,EW,False,False,26.616180273365348,60.657554488363495,16852,True,False,False
7062,CSS_J071533.7+661925,EW,EW,False,False,13.132619135574435,29.922423346878464,16852,True,False,False
7063,CSS_J133040.3+073903,EW,EW,False,False,23.23605467306982,39.453269301810124,16852,True,False,False
7064,CSS_J150113.9-181844,EW,EW,False,False,63.61285555966014,69.13557443664573,16852,True,False,False
7065,CSS_J051517.9+005435,EW,EW,False,False,80.75360177318063,66.86368673808644,16852,True,False,False
7066,CSS_J120457.1+515129,RRab,RRab,False,False,19.796954314720814,28.934010152284262,1249,True,False,False
7067,CSS_J114916.5-192142,EW,EW,False,False,71.59216845216106,68.08274842999631,16852,True,False,False
7068,CSS_J203023.5-183940,EW,EW,False,False,82.06501662356852,56.13224972294052,16852,True,False,False
7069,CSS_J050801.8+063213,EW,EW,False,False,88.95456224602881,83.98596231991135,16852,True,False,False
7070,CSS_J170008.8-014456,RRc,RRc,False,False,60.81370449678801,90.79229122055675,2917,True,False,False
7071,CSS_J061147.9-062540,EW,EW,False,False,43.830809013668265,65.12744735869967,16852,True,False,False
7072,CSS_J012617.1-104441,EW,EW,False,False,72.23864056150721,67.86110084964906,16852,True,False,False
7073,CSS_J145814.8+162425,EW,EW,False,False,15.035094200221646,23.199113409678613,16852,True,False,False
7074,CSS_J042335.9+340209,EW,EW,False,False,10.509789434798671,2.031769486516439,16852,True,False,False
7075,CSS_J152005.7+445857,RRc,RRc,False,False,13.383297644539615,5.995717344753747,2917,True,False,False
7076,CSS_J154718.1+362157,EW,EW,False,False,94.14480975249353,15.2752124122645,16852,True,False,False
7077,CSS_J203743.9-124104,EW,EW,False,False,47.007757665312155,15.88474325821943,16852,True,False,False
7078,CSS_J100612.8-174421,EW,EW,False,False,71.7768747691171,62.5046176579239,16852,True,False,False
7079,CSS_J024247.2+221247,EW,RRc,True,False,52.124122644994465,76.28370890284448,16852,True,False,False
7080,CSS_J173945.0+603916,RRab,RRab,False,False,21.065989847715734,56.852791878172596,1249,True,False,False
7081,CSS_J170603.2-070702,LPV,LPV,False,False,29.88505747126437,49.42528735632184,281,True,False,False
7082,CSS_J074829.0+315632,EA,EA,False,False,26.044226044226043,34.76658476658477,2597,True,False,False
7083,CSS_J235501.6+400040,EW,EW,False,False,39.91503509420022,64.16697451052826,16852,True,False,False
7084,CSS_J100757.0-053218,EW,EW,False,False,34.11525674178057,77.55818248984116,16852,True,False,False
7085,CSS_J054013.9+071557,EW,EW,False,False,94.56963428149243,87.0151459179904,16852,True,False,False
7086,CSS_J035910.4+344618,EW,EW,False,False,17.842630217953452,10.712966383450313,16852,True,False,False
7087,CSS_J081246.0+013550,EW,EW,False,False,96.54599187292206,55.31954192833395,16852,True,False,False
7088,CSS_J005146.8+073452,EA,EA,False,False,48.52579852579852,77.76412776412776,2597,True,False,False
7089,CSS_J163305.4-130204,EW,EW,False,False,17.343923162172146,71.66605097894349,16852,True,False,False
7090,CSS_J234022.9+324930,EW,EW,False,False,71.99852234946435,38.363502031769485,16852,True,False,False
7091,CSS_J011821.0+375709,EW,EW,False,False,60.01108237901737,67.82415958625785,16852,True,False,False
7092,CSS_J153629.4+395611,EW,EW,False,False,44.9021056520133,65.66309567787218,16852,True,False,False
7093,CSS_J084741.9+293150,EA,EA,False,False,26.289926289926292,14.250614250614252,2597,True,False,False
7094,CSS_J124802.5+373813,RRc,RRc,False,False,31.049250535331907,8.137044967880087,2917,True,False,False
7095,CSS_J081003.0+210524,EW,EW,False,False,88.89915035094201,46.915404506834136,16852,True,False,False
7096,CSS_J230910.2+282625,EW,EW,False,False,43.997044698928704,20.391577391946804,16852,True,False,False
7097,CSS_J180758.5+265201,RRab,RRab,False,False,84.51776649746193,91.37055837563452,1249,True,False,False
7098,CSS_J234125.6+244706,EW,EW,False,False,4.137421499815294,1.4591799039527151,16852,True,False,False
7099,CSS_J172019.0+092540,RRc,EW,True,False,49.25053533190578,92.07708779443254,2917,True,False,False
7100,CSS_J084234.5+402010,EW,EW,False,False,0.27705947543405984,4.11895086811969,16852,True,False,False
7101,CSS_J110504.3+232649,EW,EW,False,False,91.33727373476172,22.995936461026968,16852,True,False,False
7102,CSS_J044402.7+254342,RS CVn,RS CVn,False,True,5.88235294117647,2.941176470588235,846,True,False,False
7103,CSS_J002746.4+405042,EW,EW,False,False,18.027336534909495,61.470262282970076,16852,True,False,False
7104,CSS_J135356.3-102621,RRd,RRc,True,True,31.76470588235294,42.35294117647059,258,True,False,False
7105,CSS_J155854.8+122404,RS CVn,RS CVn,False,True,29.044117647058826,36.76470588235294,846,True,False,False
7106,CSS_J085643.0+432021,RRc,RRc,False,False,83.40471092077088,83.40471092077088,2917,True,False,False
7107,CSS_J064409.7+435634,EW,EW,False,False,76.74547469523458,40.02585888437385,16852,True,False,False
7108,CSS_J070728.9+441108,EW,EW,False,False,90.17362393793867,80.23642408570373,16852,True,False,False
7109,CSS_J170850.3+344427,EW,EW,False,False,20.705578130772075,13.723679349833764,16852,True,False,False
7110,CSS_J003156.3+353951,EW,EW,False,False,28.961950498707058,16.438862209087553,16852,True,False,False
7111,CSS_J004633.4-105136,EW,EW,False,False,80.42113040265977,79.66383450314001,16852,True,False,False
7112,CSS_J103821.1+134124,EW,EW,False,False,89.93350572589583,75.80347247875878,16852,True,False,False
7113,CSS_J170049.4+065038,EW,EW,False,False,3.10306612486147,2.2164758034724787,16852,True,False,False
7114,CSS_J083809.9+172931,EW,EA,True,False,98.72552641300332,94.31104543775398,16852,True,False,False
7115,CSS_J162244.1+220040,RRab,RRab,False,False,80.71065989847716,78.68020304568529,1249,True,False,False
7116,CSS_J083152.1+383214,RRc,EW,True,False,86.7237687366167,73.66167023554604,2917,True,False,False
7117,CSS_J094623.9-105107,EW,EW,False,False,37.47691171038049,58.73660879202068,16852,True,False,False
7118,CSS_J001505.0+224800,RRc,EW,True,False,84.79657387580299,4.389721627408994,2917,True,False,False
7119,CSS_J174219.6+504237,EW,EW,False,False,16.919098633173256,26.727004063538974,16852,True,False,False
7120,CSS_J093315.7-133529,EW,EA,True,False,92.11304026597709,78.59253786479498,16852,True,False,False
7121,CSS_J043637.1+222449,EA,EA,False,False,85.13513513513513,35.749385749385745,2597,True,False,False
7122,CSS_J151047.0+133453,EW,EW,False,False,54.89471739933506,50.75729589951976,16852,True,False,False
7123,CSS_J121002.7+292746,EW,EW,False,False,16.12486147026228,76.48688585149613,16852,True,False,False
7124,CSS_J034532.8-192725,EW,EW,False,False,64.01920945696344,87.68008865903214,16852,True,False,False
7125,CSS_J235244.9+361808,EW,EW,False,False,81.12301440709273,93.38751385297377,16852,True,False,False
7126,CSS_J232110.0+390215,EW,EW,False,False,69.48651643886221,9.124492057628371,16852,True,False,False
7127,CSS_J215129.8+105653,EW,EW,False,False,63.00332471370521,70.05910602142593,16852,True,False,False
7128,CSS_J055714.1-010431,EW,EW,False,False,61.98743997044699,73.84558551902475,16852,True,False,False
7129,CSS_J120117.2+353128,RRc,RRc,False,False,32.22698072805139,23.340471092077088,2917,True,False,False
7130,CSS_J125541.8+171045,EW,EW,False,False,4.654599187292206,10.87920206871075,16852,True,False,False
7131,CSS_J133218.9+073822,RRab,RRab,False,False,47.20812182741117,35.53299492385787,1249,True,False,False
7132,CSS_J090708.0+264440,EW,EW,False,False,1.2190616919098634,30.328777244181747,16852,True,False,False
7133,CSS_J081401.2+161935,EW,EW,False,False,61.5626154414481,39.120797931289246,16852,True,False,False
7134,CSS_J163232.4+504953,EW,EW,False,False,29.645363871444403,97.58034724787588,16852,True,False,False
7135,CSS_J221017.2+242549,EW,EW,False,False,12.319911340967861,2.6043590690801626,16852,True,False,False
7136,CSS_J153616.0+520641,RRab,RRab,False,False,22.84263959390863,4.314720812182741,1249,True,False,False
7137,CSS_J165718.6+040409,EW,EW,False,False,28.94347986701145,29.34983376431474,16852,True,False,False
7138,CSS_J212457.8+154441,EW,EW,False,False,28.444772811230145,24.806058367196158,16852,True,False,False
7139,CSS_J110821.1-123151,EW,EW,False,False,41.37421499815294,83.39490210565201,16852,True,False,False
7140,CSS_J205357.5-122012,EW,EW,False,False,65.60768378278537,54.6361285555966,16852,True,False,False
7141,CSS_J213415.9-012743,EW,EW,False,False,13.354266715921684,72.29405245659402,16852,True,False,False
7142,CSS_J012438.6-021620,EW,EW,False,False,83.46878463243443,82.80384189139268,16852,True,False,False
7143,CSS_J103820.3+124614,EW,EW,False,False,90.82009604728482,70.3176948651644,16852,True,False,False
7144,CSS_J043449.6+220703,EW,EW,False,False,18.710749907646843,45.8256372367935,16852,True,False,False
7145,CSS_J225415.1+391519,EW,EW,False,False,56.778721832286664,75.02770594754341,16852,True,False,False
7146,CSS_J003837.9+301352,EW,EW,False,False,42.5748060583672,7.406723309937199,16852,True,False,False
7147,CSS_J045805.0-035452,EW,EW,False,False,16.90062800147765,27.502770594754338,16852,True,False,False
7148,CSS_J220334.8+201111,EW,EW,False,False,11.414850387883266,5.097894347986701,16852,True,False,False
7149,CSS_J070430.9+583922,EW,EW,False,False,35.79608422608053,53.731067602512006,16852,True,False,False
7150,CSS_J164928.8-031417,EW,EW,False,False,23.346878463243442,13.483561137790911,16852,True,False,False
7151,CSS_J081617.5+043621,EW,EW,False,False,73.97487994089398,62.301440709272256,16852,True,False,False
7152,CSS_J052419.4-034422,EW,EW,False,False,30.199482822312522,79.05430365718507,16852,True,False,False
7153,CSS_J094150.3+325329,RRc,EW,True,False,99.67880085653104,97.53747323340471,2917,True,False,False
7154,CSS_J092927.6+075652,EW,EW,False,False,69.50498707055782,25.027705947543406,16852,True,False,False
7155,CSS_J123011.4-130058,RRc,RRc,False,False,73.01927194860814,56.42398286937902,2917,True,False,False
7156,CSS_J161045.6+275849,EW,EW,False,False,95.73328407831548,75.15700036941263,16852,True,False,False
7157,CSS_J211613.4+074419,RRc,RRc,False,False,49.892933618843685,29.657387580299787,2917,True,False,False
7158,CSS_J211644.2-063343,EW,EW,False,False,96.65681566309567,98.42999630587366,16852,True,False,False
7159,CSS_J092954.5+143151,EW,EW,False,False,72.34946435168082,75.69264868858515,16852,True,False,False
7160,CSS_J172754.4+182327,EW,EW,False,False,11.488732914665682,47.21093461396379,16852,True,False,False
7161,CSS_J213155.2-055002,RS CVn,RS CVn,False,True,54.779411764705884,76.47058823529412,846,True,False,False
7162,CSS_J095327.9+263520,EA,EW,True,False,53.8083538083538,9.213759213759214,2597,True,False,False
7163,CSS_J230942.0+254511,EW,EW,False,False,33.24713705208718,9.142962689323975,16852,True,False,False
7164,CSS_J173252.8+633928,EW,EW,False,False,1.4776505356483192,9.62319911340968,16852,True,False,False
7165,CSS_J183401.5+361058,EW,EW,False,False,64.79497598817879,37.08902844477281,16852,True,False,False
7166,CSS_J112717.2+103511,EW,EW,False,False,78.88806797192464,75.72958995197637,16852,True,False,False
7167,CSS_J071836.3+570308,EA,EA,False,False,29.484029484029485,37.223587223587224,2597,True,False,False
7168,CSS_J164850.3+000418,EW,EW,False,False,49.371998522349465,19.652752124122642,16852,True,False,False
7169,CSS_J204957.3+043133,RS CVn,EW,True,True,47.794117647058826,45.588235294117645,846,True,False,False
7170,CSS_J221012.5-055002,EW,EW,False,False,96.3243442925748,64.01920945696344,16852,True,False,False
7171,CSS_J221311.2-061419,EA,EA,False,False,53.68550368550369,81.44963144963145,2597,True,False,False
7172,CSS_J103037.6-140509,EW,EW,False,False,79.81159955670483,92.0945696342815,16852,True,False,False
7173,CSS_J054424.8-044740,EW,EW,False,False,75.32323605467307,11.285555966014037,16852,True,False,False
7174,CSS_J172244.3+420315,EW,EW,False,False,14.610269671222756,26.653121536756558,16852,True,False,False
7175,CSS_J012123.9+210753,EW,EW,False,False,77.65053564831918,95.8441078684891,16852,True,False,False
7176,CSS_J102916.5-123651,RRc,RRc,False,False,39.400428265524624,73.55460385438973,2917,True,False,False
7177,CSS_J100350.2+505251,EW,EW,False,False,78.57406723309937,23.550055411895087,16852,True,False,False
7178,CSS_J160142.6-124944,LPV,LPV,False,False,63.2183908045977,66.66666666666666,281,True,False,False
7179,CSS_J093006.1+413415,EA,EA,False,False,94.84029484029483,79.48402948402948,2597,True,False,False
7180,CSS_J094945.6+130711,EW,EW,False,False,18.304396010343556,79.83007018840044,16852,True,False,False
7181,CSS_J100316.2+312921,EA,EA,False,False,83.16953316953317,79.11547911547912,2597,True,False,False
7182,CSS_J032626.6+232631,EW,EW,False,False,63.502031769486514,46.601403768008865,16852,True,False,False
7183,CSS_J083402.2+181121,EW,EW,False,False,99.33505725895826,57.8684891023273,16852,True,False,False
7184,CSS_J213306.0-014903,EW,EW,False,False,13.446619874399705,68.5075729589952,16852,True,False,False
7185,CSS_J041638.7+221223,EW,EW,False,False,1.606944957517547,26.17288511267085,16852,True,False,False
7186,CSS_J160658.8-112950,RRc,RRc,False,False,37.901498929336185,53.854389721627406,2917,True,False,False
7187,CSS_J123917.3-033041,EW,EW,False,False,25.193941632803842,68.58145548577761,16852,True,False,False
7188,CSS_J003721.7-051455,EW,EA,True,False,89.13926856298485,51.16364979682305,16852,True,False,False
7189,CSS_J171117.7+084515,EW,EW,False,False,63.37273734761729,95.8256372367935,16852,True,False,False
7190,CSS_J082915.8+244545,EW,EW,False,False,50.99741411156261,11.008496490579978,16852,True,False,False
7191,CSS_J175536.0+383737,RS CVn,EW,True,True,73.89705882352942,82.35294117647058,846,True,False,False
7192,CSS_J080333.0+440415,EW,EW,False,False,80.550424824529,87.5138529737717,16852,True,False,False
7193,CSS_J231823.3-022107,EW,EW,False,False,66.40192094569635,82.50831178426303,16852,True,False,False
7194,CSS_J211404.2+052141,RRc,RRc,False,False,9.635974304068522,10.385438972162742,2917,True,False,False
7195,CSS_J232556.6+290511,RRc,RRc,False,False,46.78800856531049,35.76017130620985,2917,True,False,False
7196,CSS_J230744.1+383047,EW,EW,False,False,33.63502031769487,17.1407462135205,16852,True,False,False
7197,CSS_J085738.2+384033,EW,EW,False,False,75.43405984484669,19.54192833394902,16852,True,False,False
7198,CSS_J151421.0-062429,EW,EA,True,False,97.43258219431105,91.98374584410787,16852,True,False,False
7199,CSS_J163116.1-091723,RRab,EW,True,False,77.41116751269035,94.16243654822335,1249,True,False,False
7200,CSS_J003526.9+232131,EW,EW,False,False,28.85112670853343,3.8418913926856297,16852,True,False,False
7201,CSS_J012642.4+340407,RRab,RRab,False,False,97.71573604060913,98.22335025380711,1249,True,False,False
7202,CSS_J084320.3+502545,EW,EW,False,False,26.431473956409306,6.021425932766901,16852,True,False,False
7203,CSS_J050516.2+094104,EW,EW,False,False,3.675655707425194,9.807905430365718,16852,True,False,False
7204,CSS_J115256.5+382741,EW,EW,False,False,60.56520132988549,89.00997414111562,16852,True,False,False
7205,CSS_J023103.2-031738,RRc,RRc,False,False,8.458244111349037,7.708779443254818,2917,True,False,False
7206,CSS_J041707.6+060524,EW,EW,False,False,14.942741041743627,24.325821943110455,16852,True,False,False
7207,CSS_J145244.4+004135,EW,EW,False,False,13.908385666789805,35.96231991134097,16852,True,False,False
7208,CSS_J045352.2+173424,EW,EW,False,False,35.27890653860362,66.69745105282601,16852,True,False,False
7209,CSS_J001437.0+035128,EW,RRc,True,False,60.232729959364605,71.2596970816402,16852,True,False,False
7210,CSS_J070433.2+360708,RS CVn,EW,True,True,98.89705882352942,97.42647058823529,846,True,False,False
7211,CSS_J223136.7-073959,EW,EW,False,False,96.89693387513853,74.01182120428518,16852,True,False,False
7212,CSS_J162457.3+101609,RRc,RRc,False,False,10.385438972162742,7.601713062098502,2917,True,False,False
7213,CSS_J074519.7+091446,RRab,RRab,False,False,69.03553299492386,63.95939086294417,1249,True,False,False
7214,CSS_J024915.3+321610,EW,EW,False,False,48.41152567417806,23.47617288511267,16852,True,False,False
7215,CSS_J035821.5+224100,EW,EW,False,False,25.74806058367196,40.37680088659032,16852,True,False,False
7216,CSS_J013426.3+070003,RRab,RRab,False,False,35.27918781725889,37.81725888324873,1249,True,False,False
7217,CSS_J074618.2+321742,EW,EW,False,False,42.057628370890285,61.83967491688216,16852,True,False,False
7218,CSS_J052018.8-045747,EW,EW,False,False,28.18618396749169,21.832286664203913,16852,True,False,False
7219,CSS_J070144.1+501434,EA,EA,False,False,36.73218673218673,54.91400491400491,2597,True,False,False
7220,CSS_J021644.3-053251,EA,EA,False,False,48.402948402948404,68.67321867321867,2597,True,False,False
7221,CSS_J164335.9+124623,RS CVn,RS CVn,False,True,42.64705882352941,23.161764705882355,846,True,False,False
7222,CSS_J222420.0+010811,EW,EW,False,False,46.30587366087921,2.7890653860362025,16852,True,False,False
7223,CSS_J135836.1+132612,EW,EW,False,False,14.998152936830438,64.3332101957887,16852,True,False,False
7224,CSS_J013117.0+302708,EW,EW,False,False,87.93867750277059,73.40229035833026,16852,True,False,False
7225,CSS_J053500.4+012330,EW,EW,False,False,32.61913557443665,67.97192463982267,16852,True,False,False
7226,CSS_J142102.1+045339,EW,EW,False,False,58.8289619504987,40.33985962319912,16852,True,False,False
7227,CSS_J012950.3+314550,EW,EW,False,False,18.56298485408201,8.200960472848172,16852,True,False,False
7228,CSS_J171355.1+344253,EW,EW,False,False,49.66752862947913,36.110084964905795,16852,True,False,False
7229,CSS_J234539.6+181456,EW,EW,False,False,59.64166974510528,45.12375323236055,16852,True,False,False
7230,CSS_J040212.7+292511,EW,EW,False,False,38.51126708533432,16.457332840783153,16852,True,False,False
7231,CSS_J172931.6+401030,EW,EW,False,False,80.49501292944218,62.09826376062061,16852,True,False,False
7232,CSS_J203543.6-163950,EW,EW,False,False,18.636867380864423,20.8348725526413,16852,True,False,False
7233,CSS_J223234.7-115237,EW,EW,False,False,44.77281123014407,45.179165127447355,16852,True,False,False
7234,CSS_J180015.5+360538,EA,EA,False,False,16.461916461916463,7.2481572481572485,2597,True,False,False
7235,CSS_J090132.2+010101,EW,EW,False,False,88.08644255633543,90.21056520132989,16852,True,False,False
7236,CSS_J071823.0+370546,EW,EW,False,False,4.839305504248245,17.17768747691171,16852,True,False,False
7237,CSS_J171842.4+234206,EW,EW,False,False,82.60066494274105,41.81751015884743,16852,True,False,False
7238,CSS_J163250.5-090909,EW,EW,False,False,35.72220169929812,27.539711858145548,16852,True,False,False
7239,CSS_J110328.6+093520,EW,EW,False,False,28.33394902105652,79.46065755448836,16852,True,False,False
7240,CSS_J081804.4+204151,EW,EW,False,False,77.09641669745105,59.623199113409676,16852,True,False,False
7241,CSS_J083214.7+345900,EW,EW,False,False,18.28592537864795,0.11082379017362395,16852,True,False,False
7242,CSS_J113148.0+120406,EW,EW,False,False,10.14037680088659,70.26228297007758,16852,True,False,False
7243,CSS_J141342.7-130929,RRab,RRab,False,False,39.08629441624365,32.48730964467005,1249,True,False,False
7244,CSS_J010734.0+193529,EW,EW,False,False,38.936091614333215,24.602881418544513,16852,True,False,False
7245,CSS_J043629.1+370224,EW,EW,False,False,79.01736239379386,7.12966383450314,16852,True,False,False
7246,CSS_J065256.0+395601,EW,EW,False,False,36.86738086442556,39.97044698928703,16852,True,False,False
7247,CSS_J045501.0+142415,EW,EW,False,False,29.146656815663096,24.12264499445881,16852,True,False,False
7248,CSS_J022523.2+342432,EW,EW,False,False,78.2785371259697,46.89693387513853,16852,True,False,False
7249,CSS_J165701.8+033511,RRc,RRc,False,False,89.93576017130621,98.7152034261242,2917,True,False,False
7250,CSS_J022012.7+143700,RS CVn,EW,True,True,39.705882352941174,9.926470588235293,846,True,False,False
7251,CSS_J094859.9+244144,EW,EW,False,False,9.235315847801996,43.313631326191356,16852,True,False,False
7252,CSS_J051015.1-014950,EW,EW,False,False,28.740302918359806,53.2508311784263,16852,True,False,False
7253,CSS_J092148.9-161736,RRab,RRab,False,False,14.974619289340103,62.43654822335025,1249,True,False,False
7254,CSS_J214030.4+124257,RRc,RRc,False,False,62.20556745182013,12.740899357601712,2917,True,False,False
7255,CSS_J024906.1+015130,EW,EW,False,False,84.20760990025859,50.07388252678242,16852,True,False,False
7256,CSS_J210421.9+045936,EW,EW,False,False,91.59586257850019,84.26302179534541,16852,True,False,False
7257,CSS_J173523.8+422155,EW,EW,False,False,85.31584780199482,38.4373845585519,16852,True,False,False
7258,CSS_J090010.9-073610,EW,EW,False,False,97.13705208718139,96.80458071666051,16852,True,False,False
7259,CSS_J153009.1+050644,EW,EW,False,False,43.84927964536387,59.43849279645364,16852,True,False,False
7260,CSS_J093850.8-132632,EW,EW,False,False,30.993719985223496,49.33505725895825,16852,True,False,False
7261,CSS_J074636.2+362525,EW,EW,False,False,32.12042851865534,18.082748429996307,16852,True,False,False
7262,CSS_J030638.4+242806,EW,EW,False,False,73.1437015145918,74.25193941632804,16852,True,False,False
7263,CSS_J023659.4+375657,EW,EW,False,False,79.83007018840044,44.20022164758034,16852,True,False,False
7264,CSS_J205918.0-160559,RRc,RRc,False,False,22.055674518201286,51.17773019271949,2917,True,False,False
7265,CSS_J161136.6-075954,EW,EW,False,False,95.89951976357591,76.8378278537126,16852,True,False,False
7266,CSS_J094538.5+385049,EW,EW,False,False,21.407462135205023,13.852973771702992,16852,True,False,False
7267,CSS_J215739.2+050953,EW,EW,False,False,95.16069449575176,71.44440339859624,16852,True,False,False
7268,CSS_J053247.2+032541,RS CVn,RS CVn,False,True,25.36764705882353,34.19117647058824,846,True,False,False
7269,CSS_J174928.5+365535,EW,EW,False,False,73.93793867750277,35.14961211673439,16852,True,False,False
7270,CSS_J083238.8+242457,EW,EW,False,False,24.344292574806058,6.39083856667898,16852,True,False,False
7271,CSS_J215202.1+110827,EW,EW,False,False,6.963428149242704,7.960842260805319,16852,True,False,False
7272,CSS_J082004.6-014325,EW,EW,False,False,30.88289619504987,81.69560398965645,16852,True,False,False
7273,CSS_J172824.0+265917,EW,EW,False,False,21.499815293683046,97.78352419652751,16852,True,False,False
7274,CSS_J063607.7+430503,RS CVn,RS CVn,False,True,44.11764705882353,9.558823529411764,846,True,False,False
7275,CSS_J031910.8-082556,RRc,RRc,False,False,12.205567451820128,33.940042826552464,2917,True,False,False
7276,CSS_J003847.6+365807,EW,EW,False,False,23.36534909493905,10.435906908016253,16852,True,False,False
7277,CSS_J120124.3-072210,RRc,RRc,False,False,33.190578158458244,73.44753747323341,2917,True,False,False
7278,CSS_J171652.7+255903,EW,EW,False,False,18.41521980051718,72.86664203915774,16852,True,False,False
7279,CSS_J064340.2+424604,EW,EW,False,False,18.045807166605098,71.70299224233469,16852,True,False,False
7280,CSS_J164516.6+132434,EW,EW,False,False,62.91097155522719,40.801625415589214,16852,True,False,False
7281,CSS_J090424.3+375256,EW,EW,False,False,58.459549316586624,37.71702992242334,16852,True,False,False
7282,CSS_J160534.2-013625,EW,EW,False,False,39.25009235315848,74.82452899889176,16852,True,False,False
7283,CSS_J115333.6+292749,EW,EW,False,False,10.69449575175471,7.425193941632805,16852,True,False,False
7284,CSS_J213938.8+083841,EW,EW,False,False,85.09420022164758,39.49021056520133,16852,True,False,False
7285,CSS_J204131.8-173035,EW,EA,True,False,97.58034724787588,87.82785371259698,16852,True,False,False
7286,CSS_J141601.9+015644,RRab,RRab,False,False,29.949238578680205,8.629441624365482,1249,True,False,False
7287,CSS_J140751.9-165432,RRab,RRab,False,False,54.82233502538071,68.52791878172589,1249,True,False,False
7288,CSS_J215248.0-065249,EW,EW,False,False,42.482452899889175,41.35574436645733,16852,True,False,False
7289,CSS_J030214.5+301301,EW,EW,False,False,15.312153675655708,13.64979682305135,16852,True,False,False
7290,CSS_J124739.0-102808,RRc,RRc,False,False,10.813704496788008,48.60813704496788,2917,True,False,False
7291,CSS_J050329.5-135127,EW,EW,False,False,9.530845954931658,20.908755079423717,16852,True,False,False
7292,CSS_J172357.9+411108,RRc,RRc,False,False,6.209850107066381,0.9635974304068522,2917,True,False,False
7293,CSS_J075658.3+111821,EW,EW,False,False,56.0029553010713,68.562984854082,16852,True,False,False
7294,CSS_J024314.3+303137,EW,RRc,True,False,34.54008127077946,41.52198005171777,16852,True,False,False
7295,CSS_J162327.1+031900,EW,EW,False,False,13.668267454746951,30.550424824529,16852,True,False,False
7296,CSS_J103042.1-155054,EW,RRab,True,False,88.93609161433321,94.07092722571112,16852,True,False,False
7297,CSS_J034225.7+380649,EW,EW,False,False,46.7676394532693,83.8012560029553,16852,True,False,False
7298,CSS_J030354.7+160612,EW,EW,False,False,23.254525304765423,53.14000738825268,16852,True,False,False
7299,CSS_J212122.2-175006,EW,EW,False,False,58.256372367934986,68.72922053934245,16852,True,False,False
7300,CSS_J150117.5-125744,RS CVn,EW,True,True,10.661764705882353,10.294117647058822,846,True,False,False
7301,CSS_J045537.4+322029,EW,EW,False,False,63.982268193572224,77.11488732914665,16852,True,False,False
7302,CSS_J135602.3-013626,LPV,LPV,False,False,19.54022988505747,22.988505747126435,281,True,False,False
7303,CSS_J151713.2+452114,EA,EA,False,False,32.8009828009828,23.955773955773957,2597,True,False,False
7304,CSS_J073210.0+215457,EW,EW,False,False,80.34724787587736,38.25267824159586,16852,True,False,False
7305,CSS_J205204.9+014450,EA,EA,False,False,44.34889434889435,68.05896805896806,2597,True,False,False
7306,CSS_J220448.8+075228,RRc,RRc,False,False,67.55888650963597,28.90792291220557,2917,True,False,False
7307,CSS_J073040.0+343154,EW,EW,False,False,91.79903952715182,40.35833025489472,16852,True,False,False
7308,CSS_J122139.4+261454,EW,EW,False,False,25.249353527890655,78.07536017731806,16852,True,False,False
7309,CSS_J173111.6+515000,RRab,RRab,False,False,4.568527918781726,4.568527918781726,1249,True,False,False
7310,CSS_J214158.1-033026,RRc,RRc,False,False,17.987152034261243,16.916488222698074,2917,True,False,False
7311,CSS_J162430.6-161216,RRd,RRc,True,True,25.882352941176475,14.117647058823529,258,True,False,False
7312,CSS_J015723.4-042604,EW,EW,False,False,23.125230882896194,18.692279275951236,16852,True,False,False
7313,CSS_J022623.6+240455,EW,EW,False,False,55.35648319172516,47.04469892870336,16852,True,False,False
7314,CSS_J023124.3-041218,EW,EW,False,False,63.26191355744366,15.810860731437016,16852,True,False,False
7315,CSS_J213032.7+084551,EW,EW,False,False,13.926856298485408,12.68932397487994,16852,True,False,False
7316,CSS_J105118.7+051356,EW,EW,False,False,58.958256372367934,43.11045437753972,16852,True,False,False
7317,CSS_J212702.8+160300,RS CVn,RS CVn,False,True,6.25,15.441176470588236,846,True,False,False
7318,CSS_J024612.1+342021,EW,EW,False,False,39.73032877724418,58.441078684891025,16852,True,False,False
7319,CSS_J050647.3-145556,RRc,EW,True,False,98.82226980728052,99.14346895074947,2917,True,True,False
7320,CSS_J030208.6+362234,EA,EA,False,False,43.48894348894349,86.36363636363636,2597,True,False,False
7321,CSS_J121134.4+431744,EW,EW,False,False,41.651274473586994,55.89213151089767,16852,True,False,False
7322,CSS_J163314.6+432304,EW,EW,False,False,87.36608792020687,32.52678241595863,16852,True,False,False
7323,CSS_J145029.8-022205,RRab,RRab,False,False,14.720812182741117,14.720812182741117,1249,True,False,False
7324,CSS_J053751.4+044128,EA,EA,False,False,66.33906633906635,87.34643734643734,2597,True,False,False
7325,CSS_J021508.8+033648,EW,EW,False,False,0.5725895825637236,7.609900258588843,16852,True,False,False
7326,CSS_J165922.6+112807,EW,EW,False,False,76.15441448097525,78.05688954562247,16852,True,False,False
7327,CSS_J170001.2+084814,EW,EW,False,False,31.935722201699296,43.35057258958256,16852,True,False,False
7328,CSS_J092121.3+205923,EW,EW,False,False,64.53638714444034,41.24492057628371,16852,True,False,False
7329,CSS_J145311.6-173353,RRc,RRc,False,False,92.07708779443254,88.11563169164882,2917,True,False,False
7330,CSS_J075639.7+090853,EW,RS CVn,True,False,84.90949390469153,99.31658662726265,16852,True,False,False
7331,CSS_J180738.9+425601,EW,EW,False,False,45.585519024750646,93.47986701145179,16852,True,False,False
7332,CSS_J034700.2-141935,RRc,RRc,False,False,24.839400428265524,6.9593147751606,2917,True,False,False
7333,CSS_J092858.4-045633,EW,EW,False,False,3.0661248614702625,39.15773919468046,16852,True,False,False
7334,CSS_J005236.4+142230,EA,EA,False,False,23.710073710073708,7.371007371007371,2597,True,False,False
7335,CSS_J114747.0+294820,EW,EW,False,False,60.89767270040636,42.77798300701884,16852,True,False,False
7336,CSS_J211106.0+053922,EW,EW,False,False,11.43332101957887,10.362024381233837,16852,True,False,False
7337,CSS_J064750.9+550808,EW,EW,False,False,38.104913188031034,1.551533062430735,16852,True,False,False
7338,CSS_J125731.8+145638,RS CVn,RS CVn,False,True,55.88235294117647,28.676470588235293,846,True,False,False
7339,CSS_J164246.6+233750,RRc,RRc,False,False,3.5331905781584587,7.066381156316917,2917,True,False,False
7340,CSS_J100919.0-034009,RRc,RRc,False,False,0.32119914346895073,0.8565310492505354,2917,True,False,False
7341,CSS_J134510.0+154138,RRc,RRc,False,False,82.76231263383298,26.98072805139186,2917,True,False,False
7342,CSS_J080955.1+514948,EA,EA,False,False,7.616707616707617,8.845208845208845,2597,True,False,False
7343,CSS_J025018.0+081821,EW,EW,False,False,92.81492427041005,69.83745844107868,16852,True,False,False
7344,CSS_J215259.1+205135,EW,EW,False,False,74.97229405245659,56.9449575175471,16852,True,False,False
7345,CSS_J032805.1+264920,EW,EW,False,False,51.25600295530107,45.585519024750646,16852,True,False,False
7346,CSS_J162621.5+352753,EW,EW,False,False,51.01588474325822,3.509420022164758,16852,True,False,False
7347,CSS_J103350.4+374829,EW,RRc,True,False,92.07609900258589,98.48540820096048,16852,True,False,False
7348,CSS_J210531.2+021507,EA,EA,False,False,50.24570024570024,83.53808353808354,2597,True,False,False
7349,CSS_J220027.4+234927,EW,EW,False,False,1.514591799039527,2.253417066863687,16852,True,False,False
7350,CSS_J052231.3+045607,RRc,RRc,False,False,12.419700214132762,63.91862955032121,2917,True,False,False
7351,CSS_J054808.0+031512,EW,EW,False,False,26.782415958625784,57.36978204654599,16852,True,False,False
7352,CSS_J170913.5+041531,RRc,EW,True,False,91.64882226980728,74.7323340471092,2917,True,False,False
7353,CSS_J041724.4+333244,EW,EW,False,False,53.749538234207606,51.736239379386774,16852,True,False,False
7354,CSS_J165511.8+531546,EW,EW,False,False,64.00073882526782,74.43664573328408,16852,True,False,False
7355,CSS_J170549.9+020758,EW,EW,False,False,41.11562615441448,23.43923162172146,16852,True,False,False
7356,CSS_J024139.3+034917,EW,EW,False,False,22.885112670853346,51.07129663834503,16852,True,False,False
7357,CSS_J031021.2+320546,EW,EW,False,False,53.158478019948284,34.09678611008496,16852,True,False,False
7358,CSS_J173729.8+322640,EW,EW,False,False,34.76172885112671,54.617657923901,16852,True,False,False
7359,CSS_J013255.0+293645,EW,EW,False,False,10.454377539711858,8.736608792020688,16852,True,False,False
7360,CSS_J133130.5+000733,RRab,RRab,False,False,16.243654822335024,10.65989847715736,1249,True,False,False
7361,CSS_J223437.4+273347,EW,EW,False,False,71.46287403029183,18.19357222016993,16852,True,False,False
7362,CSS_J091003.1-092017,EW,EW,False,False,65.12744735869967,93.86775027705949,16852,True,False,False
7363,CSS_J072830.0+232041,EW,EW,False,False,64.73956409309199,54.39601034355375,16852,True,False,False
7364,CSS_J051623.2+222005,EW,EW,False,False,55.57813077207241,59.10602142593277,16852,True,False,False
7365,CSS_J004333.0+345030,EW,EW,False,False,26.062061322497232,0.20317694865164387,16852,True,False,False
7366,CSS_J211046.5+071939,EW,EW,False,False,12.68932397487994,53.804950129294426,16852,True,False,False
7367,CSS_J001226.4+384325,EW,EW,False,False,50.0,49.113409678611006,16852,True,False,False
7368,CSS_J235151.3+035409,EA,EA,False,False,89.92628992628993,89.43488943488943,2597,True,False,False
7369,CSS_J211415.1-192538,EW,EW,False,False,81.40007388252678,60.048023642408566,16852,True,False,False
7370,CSS_J151058.9-112508,RRc,RRc,False,False,19.48608137044968,22.805139186295502,2917,True,False,False
7371,CSS_J173044.3+135419,EW,EW,False,False,66.58662726265239,49.13188031030661,16852,True,False,False
7372,CSS_J090144.4+215754,EW,EW,False,False,47.026228297007755,27.835241965275216,16852,True,False,False
7373,CSS_J152617.8+171816,EW,EW,False,False,40.98633173254525,36.848910232729956,16852,True,False,False
7374,CSS_J034225.1+293839,EA,EA,False,False,59.95085995085995,87.22358722358723,2597,True,False,False
7375,CSS_J100952.6+425914,EW,EW,False,False,19.745105282600665,1.1636497968230515,16852,True,False,False
7376,CSS_J224315.1+332955,EA,EW,True,False,86.85503685503686,70.39312039312038,2597,True,False,False
7377,CSS_J234701.4-113628,RRab,RRab,False,False,6.598984771573605,13.705583756345177,1249,True,False,False
7378,CSS_J083843.6+140930,EW,EW,False,False,48.263760620613226,53.45400812707795,16852,True,False,False
7379,CSS_J122101.1+263207,RRc,RRc,False,False,81.5845824411135,61.34903640256959,2917,True,False,False
7380,CSS_J161843.5+120448,EA,EA,False,False,13.513513513513514,62.8992628992629,2597,True,False,False
7381,CSS_J153007.4+471117,RRc,EW,True,False,99.14346895074947,94.64668094218416,2917,True,False,False
7382,CSS_J071710.8+374242,EA,EA,False,False,98.8943488943489,86.48648648648648,2597,True,False,False
7383,CSS_J080247.0+194641,EA,EA,False,False,24.201474201474202,13.513513513513514,2597,True,False,False
7384,CSS_J024119.0+265204,EW,EW,False,False,39.305504248245285,2.5858884373845585,16852,True,False,False
7385,CSS_J031251.4+252155,EW,EW,False,False,89.54562246028814,80.5319541928334,16852,True,False,False
7386,CSS_J215740.1+001706,RRc,RRc,False,False,3.747323340471092,2.890792291220557,2917,True,False,False
7387,CSS_J162717.5+321027,EW,EW,False,False,70.85334318433691,10.731437015145918,16852,True,False,False
7388,CSS_J104122.9+191424,EW,EW,False,False,63.05873660879202,28.038418913926854,16852,True,False,False
7389,CSS_J164057.0+523013,RRab,RRab,False,False,71.8274111675127,8.375634517766498,1249,True,False,False
7390,CSS_J154015.0-184441,RRab,RRab,False,False,92.89340101522842,89.84771573604061,1249,True,False,False
7391,CSS_J203556.7-175126,EW,EW,False,False,24.067233099371997,48.20834872552641,16852,True,False,False
7392,CSS_J220857.7+074243,EW,EW,False,False,60.78684891023273,30.347247875877354,16852,True,False,False
7393,CSS_J030925.1+152718,RS CVn,EW,True,True,98.16176470588235,88.60294117647058,846,True,False,False
7394,CSS_J205353.0-145521,EA,EA,False,False,12.8992628992629,30.22113022113022,2597,True,False,False
7395,CSS_J044126.8+030704,EW,EW,False,False,74.63982268193573,62.26449944588105,16852,True,False,False
7396,CSS_J095707.3+300839,EW,EW,False,False,11.396379756187661,5.301071296638344,16852,True,False,False
7397,CSS_J130027.8-125417,EW,EW,False,False,13.317325452530476,47.89434798670115,16852,True,False,False
7398,CSS_J065252.1+410418,EW,EW,False,False,87.64314739564092,95.73328407831548,16852,True,False,False
7399,CSS_J101308.3+411817,EW,EW,False,False,9.974141115626155,64.24085703731068,16852,True,False,False
7400,CSS_J024921.0+324417,EA,EA,False,False,2.457002457002457,0.4914004914004914,2597,True,False,False
7401,CSS_J133935.9-045757,EW,EW,False,False,30.384189139268564,89.97044698928704,16852,True,False,False
7402,CSS_J090448.5+472315,RRc,RRc,False,False,8.886509635974305,59.52890792291221,2917,True,False,False
7403,CSS_J020245.8+261334,EA,EA,False,False,50.61425061425061,89.8034398034398,2597,True,False,False
7404,CSS_J235808.5+414327,EW,EW,False,False,63.87144440339859,9.900258588843739,16852,True,False,False
7405,CSS_J051639.7+033423,EW,EW,False,False,53.490949390469154,93.31363132619136,16852,True,False,False
7406,CSS_J151433.1-063920,EW,EW,False,False,74.95382342076098,63.889915035094205,16852,True,False,False
7407,CSS_J172802.9+195835,EW,EA,True,False,98.52234946435168,99.113409678611,16852,True,True,False
7408,CSS_J020244.7+275633,EW,RRab,True,False,95.95493165866273,99.16882157369781,16852,True,False,False
7409,CSS_J095547.9+071949,RRc,RRc,False,False,0.6423982869379015,9.100642398286936,2917,True,False,False
7410,CSS_J123950.4+135404,EA,EA,False,False,3.8083538083538087,8.353808353808354,2597,True,False,False
7411,CSS_J110442.2+260525,EW,EW,False,False,73.06981898780938,59.58625785001848,16852,True,False,False
7412,CSS_J211854.8-120544,RRc,EW,True,False,97.75160599571736,93.46895074946467,2917,True,False,False
7413,CSS_J221304.9-133131,RS CVn,EW,True,True,57.35294117647059,92.27941176470588,846,True,False,False
7414,CSS_J223412.1+074330,EW,EW,False,False,86.20243812338381,90.46915404506835,16852,True,False,False
7415,CSS_J141505.9-193524,EW,EW,False,False,68.9693387513853,78.44477281123015,16852,True,False,False
7416,CSS_J050134.6+185728,EW,EW,False,False,40.32138899150351,59.30919837458441,16852,True,False,False
7417,CSS_J084647.2-053126,RS CVn,EW,True,True,27.941176470588236,11.76470588235294,846,True,False,False
7418,CSS_J022152.5+383741,EW,EW,False,False,80.25489471739934,89.32397487994089,16852,True,False,False
7419,CSS_J171544.2+333849,EW,EW,False,False,91.92833394902105,72.22016992981159,16852,True,False,False
7420,CSS_J102951.7+133740,EW,EW,False,False,81.15995567048392,71.35205024011822,16852,True,False,False
7421,CSS_J155930.3-080524,RRc,RRc,False,False,68.09421841541756,81.79871520342613,2917,True,False,False
7422,CSS_J221224.2+071408,RS CVn,EW,True,True,16.544117647058822,20.955882352941178,846,True,False,False
7423,CSS_J175050.6+500249,EA,EA,False,False,99.75429975429975,99.5085995085995,2597,True,True,True
7424,CSS_J090825.9-015120,EW,EW,False,False,37.606206132249724,21.425932766900626,16852,True,False,False
7425,CSS_J050925.4-031217,RS CVn,RS CVn,False,True,45.955882352941174,70.95588235294117,846,True,False,False
7426,CSS_J015535.7+221430,EW,EW,False,False,72.22016992981159,86.79349833764314,16852,True,False,False
7427,CSS_J092553.0-142313,EW,EW,False,False,81.78795714813447,88.4558551902475,16852,True,False,False
7428,CSS_J010342.7+242737,EW,EW,False,False,31.65866272626524,95.95493165866273,16852,True,False,False
7429,CSS_J155306.2-035300,EW,EW,False,False,24.713705208718135,0.33247137052087183,16852,True,False,False
7430,CSS_J074117.8+250133,EW,EW,False,False,27.465829331363135,14.296268932397489,16852,True,False,False
7431,CSS_J051103.7+164622,EW,EA,True,False,78.90653860362025,79.40524565940154,16852,True,False,False
7432,CSS_J124320.0+133403,EW,EW,False,False,91.20797931289249,99.0579977835242,16852,True,False,False
7433,CSS_J170611.1+370527,EW,EW,False,False,5.670483930550425,0.6464721093461396,16852,True,False,False
7434,CSS_J105957.1+375020,RRd,RRd,False,True,1.1764705882352942,11.76470588235294,258,True,False,False
7435,CSS_J095445.1-032042,EW,EW,False,False,45.345400812707794,44.36645733284078,16852,True,False,False
7436,CSS_J211940.5+040632,EW,EW,False,False,10.823790173623937,29.054303657185077,16852,True,False,False
7437,CSS_J201249.0-130727,RRc,EW,True,False,90.04282655246253,78.90792291220556,2917,True,False,False
7438,CSS_J082417.3+160904,EW,EW,False,False,90.06280014776506,46.30587366087921,16852,True,False,False
7439,CSS_J100015.7+244934,EW,EW,False,False,70.50240118212044,53.52789065386037,16852,True,False,False
7440,CSS_J051901.4-152919,EW,EW,False,False,68.67380864425563,49.02105652013299,16852,True,False,False
7441,CSS_J161230.7+070046,EW,EW,False,False,2.8814185445142226,2.3642408570373106,16852,True,False,False
7442,CSS_J081103.0+151417,EW,EW,False,False,42.648688585149614,55.13483561137791,16852,True,False,False
7443,CSS_J133726.1+373459,EW,EW,False,False,51.49612116734392,51.77318064277798,16852,True,False,False
7444,CSS_J021335.4-042542,EW,EW,False,False,58.773550055411896,36.66420391577392,16852,True,False,False
7445,CSS_J040258.0+153335,EW,EW,False,False,28.57406723309937,26.26523827114887,16852,True,False,False
7446,CSS_J133758.8-124619,RRab,RRc,True,False,41.370558375634516,48.223350253807105,1249,True,False,False
7447,CSS_J080639.7+572901,RRc,RRc,False,False,1.284796573875803,0.7494646680942184,2917,True,False,False
7448,CSS_J041826.3-083406,EA,EA,False,False,31.818181818181817,21.62162162162162,2597,True,False,False
7449,CSS_J003616.9+114207,EW,EW,False,False,59.032138899150354,88.75138529737717,16852,True,False,False
7450,CSS_J090823.8-054345,EW,EW,False,False,34.318433690432215,65.2936830439601,16852,True,False,False
7451,CSS_J042024.1+262629,EW,EW,False,False,45.30845954931659,68.78463243442926,16852,True,False,False
7452,CSS_J165050.8+502326,RRab,RRab,False,False,3.0456852791878175,24.111675126903553,1249,True,False,False
7453,CSS_J072312.6+423337,EW,EW,False,False,92.64868858514961,96.61987439970447,16852,True,False,False
7454,CSS_J222753.3+291442,RRc,RRc,False,False,30.513918629550325,19.271948608137045,2917,True,False,False
7455,CSS_J224315.1+195401,RS CVn,RS CVn,False,True,95.22058823529412,85.29411764705883,846,True,False,False
7456,CSS_J095543.6+350639,RRc,RRc,False,False,47.109207708779444,36.0813704496788,2917,True,False,False
7457,CSS_J002532.4+200135,EW,EW,False,False,57.96084226080532,82.17584041374215,16852,True,False,False
7458,CSS_J102024.5+430641,EW,EW,False,False,24.547469523457703,17.694865164388624,16852,True,False,False
7459,CSS_J135929.8+421520,EW,EW,False,False,17.805688954562246,19.431104543775398,16852,True,False,False
7460,CSS_J123411.6+055538,EW,RS CVn,True,False,93.31363132619136,97.65422977465829,16852,True,False,False
7461,CSS_J170214.9+063632,RRc,RRc,False,False,48.60813704496788,64.02569593147751,2917,True,False,False
7462,CSS_J161639.7+070938,EA,EA,False,False,30.34398034398034,25.552825552825553,2597,True,False,False
7463,CSS_J083235.2-100450,EW,EW,False,False,53.2508311784263,75.17547100110824,16852,True,False,False
7464,CSS_J092514.7-065009,EW,EW,False,False,76.8562984854082,64.00073882526782,16852,True,False,False
7465,CSS_J030124.9+323155,RRab,RRab,False,False,42.38578680203046,56.34517766497462,1249,True,False,False
7466,CSS_J140253.9-032656,EW,EW,False,False,78.99889176209827,74.14111562615442,16852,True,False,False
7467,CSS_J163915.6+075138,EW,EW,False,False,81.76948651643886,83.63502031769487,16852,True,False,False
7468,CSS_J091106.9+180638,EW,EW,False,False,67.34392316217215,36.682674547469524,16852,True,False,False
7469,CSS_J162229.5+130736,RS CVn,RS CVn,False,True,37.86764705882353,4.411764705882353,846,True,False,False
7470,CSS_J225933.5+293935,RRc,RRc,False,False,41.113490364025694,36.402569593147746,2917,True,False,False
7471,CSS_J095257.6-084212,EW,EW,False,False,73.43923162172146,46.84152198005172,16852,True,False,False
7472,CSS_J225100.5+090956,EW,EW,False,False,71.75840413742151,42.463982268193575,16852,True,False,False
7473,CSS_J034909.8+112234,EW,EW,False,False,5.855190247506465,1.2560029553010712,16852,True,False,False
7474,CSS_J045132.2+080326,EW,EW,False,False,51.4222386405615,14.721093461396379,16852,True,False,False
7475,CSS_J073916.7+530707,RRc,RRc,False,False,77.94432548179871,17.987152034261243,2917,True,False,False
7476,CSS_J123645.5+132022,RRc,RRc,False,False,1.070663811563169,2.9978586723768736,2917,True,False,False
7477,CSS_J031851.7+262121,EW,EW,False,False,44.21869227927595,12.578500184706318,16852,True,False,False
7478,CSS_J234406.3+255947,EW,EW,False,False,25.4710011082379,41.632803841891395,16852,True,False,False
7479,CSS_J102424.0-164933,EW,EW,False,False,88.76985592907278,89.25009235315848,16852,True,False,False
7480,CSS_J222244.6+143926,EW,EW,False,False,86.0916143332102,47.45105282600665,16852,True,False,False
7481,CSS_J021204.8+215645,EW,EW,False,False,31.34466198743997,60.87920206871075,16852,True,False,False
7482,CSS_J162626.9+411231,RRc,RRc,False,False,16.70235546038544,8.993576017130621,2917,True,False,False
7483,CSS_J071933.3+304650,EW,EW,False,False,13.169560398965643,46.71222755818249,16852,True,False,False
7484,CSS_J072021.3+515952,EA,EA,False,False,2.8255528255528257,19.656019656019655,2597,True,False,False
7485,CSS_J094603.3-060332,RRc,EW,True,False,79.22912205567452,75.69593147751607,2917,True,False,False
7486,CSS_J122426.6-121947,RRc,RRc,False,False,28.37259100642398,76.33832976445396,2917,True,False,False
7487,CSS_J212952.1+021900,EA,EA,False,False,71.37592137592138,94.22604422604422,2597,True,False,False
7488,CSS_J162534.9+431106,EW,EW,False,False,21.05652013298855,75.4155892131511,16852,True,False,False
7489,CSS_J062704.8+601128,EW,EW,False,False,57.185075729589954,90.83856667898043,16852,True,False,False
7490,CSS_J172410.1+412706,EW,EW,False,False,4.008127077946066,72.51570003694127,16852,True,False,False
7491,CSS_J084902.2-042215,EW,EW,False,False,57.11119320280753,17.584041374214998,16852,True,False,False
7492,CSS_J043841.9-105016,EW,EW,False,False,23.845585519024752,20.98263760620613,16852,True,False,False
7493,CSS_J091853.3+350532,EW,EW,False,False,68.65533801256004,26.191355744366458,16852,True,False,False
7494,CSS_J225805.6-015059,RRc,RRc,False,False,6.102783725910064,16.809421841541756,2917,True,False,False
7495,CSS_J233832.5+005123,RRc,RRc,False,False,92.61241970021413,46.14561027837259,2917,True,False,False
7496,CSS_J172000.6+405129,EW,EW,False,False,20.022164758034723,14.333210195788695,16852,True,False,False
7497,CSS_J120903.9+201050,EW,EW,False,False,96.7861100849649,93.9601034355375,16852,True,False,False
7498,CSS_J222806.8+212848,EW,EW,False,False,70.41004802364242,55.57813077207241,16852,True,False,False
7499,CSS_J172310.5+220312,RS CVn,RS CVn,False,True,14.705882352941178,30.514705882352942,846,True,False,False
7500,CSS_J085031.9+582639,EW,EW,False,False,51.82859253786479,7.351311414850388,16852,True,False,False
7501,CSS_J102540.2-121319,RRd,EW,True,True,37.64705882352941,32.94117647058823,258,True,False,False
7502,CSS_J074058.1+335457,EW,EW,False,False,99.72294052456594,96.87846324344292,16852,True,False,False
7503,CSS_J144006.0-172525,EW,EW,False,False,7.979312892500924,60.78684891023273,16852,True,False,False
7504,CSS_J101638.3-034037,EW,RS CVn,True,False,84.74325821943111,70.46545991872922,16852,True,False,False
7505,CSS_J214958.6-105258,EW,EW,False,False,23.272995936461026,7.369782046545992,16852,True,False,False
7506,CSS_J025651.3-075702,EW,EW,False,False,80.43960103435538,40.57997783524196,16852,True,False,False
7507,CSS_J123357.8+031949,RRc,RRc,False,False,53.747323340471084,2.7837259100642395,2917,True,False,False
7508,CSS_J234602.2+360741,EW,EW,False,False,91.42962689323974,93.0365718507573,16852,True,False,False
7509,CSS_J174737.6+160839,EW,EW,False,False,64.8134466198744,74.0857037310676,16852,True,False,False
7510,CSS_J152808.5+155854,RRc,RRc,False,False,27.08779443254818,68.73661670235546,2917,True,False,False
7511,CSS_J102323.5+264856,RRd,RRc,True,True,14.117647058823529,8.235294117647058,258,True,False,False
7512,CSS_J034931.0+222725,EW,EW,False,False,75.04617657923902,96.01034355374954,16852,True,False,False
7513,CSS_J083456.5+330210,RS CVn,RS CVn,False,True,26.47058823529412,21.691176470588236,846,True,False,False
7514,CSS_J123428.4+361307,EW,EW,False,False,40.820096047284814,75.12005910602143,16852,True,False,False
7515,CSS_J135951.0+470636,EW,EW,False,False,78.2231252308829,22.940524565940155,16852,True,False,False
7516,CSS_J001217.5+054653,EW,EW,False,False,1.0158847432582194,44.71739933505726,16852,True,False,False
7517,CSS_J205942.2+035706,RRab,RRab,False,False,36.54822335025381,62.944162436548226,1249,True,False,False
7518,CSS_J210144.3-160432,EW,EW,False,False,64.90579977835242,35.02031769486516,16852,True,False,False
7519,CSS_J054212.6+011216,EW,EW,False,False,44.08939785740672,6.57554488363502,16852,True,False,False
7520,CSS_J042547.0+212957,EW,EW,False,False,86.51643886220909,69.37569264868858,16852,True,False,False
7521,CSS_J084006.8+501824,EW,EW,False,False,13.64979682305135,15.958625785001848,16852,True,False,False
7522,CSS_J013029.0+445142,RRc,EW,True,False,80.08565310492506,88.32976445396146,2917,True,False,False
7523,CSS_J053458.7-092828,LPV,LPV,False,False,86.20689655172413,65.51724137931035,281,True,False,False
7524,CSS_J122423.2+155707,EW,EW,False,False,21.55522718876986,67.32545253047654,16852,True,False,False
7525,CSS_J161853.3+084432,EA,EA,False,False,31.44963144963145,92.38329238329239,2597,True,False,False
7526,CSS_J130758.0+115153,RRc,RRc,False,False,83.29764453961455,14.132762312633835,2917,True,False,False
7527,CSS_J210708.5-033922,EA,EA,False,False,19.656019656019655,28.132678132678134,2597,True,False,False
7528,CSS_J012743.2+130530,EW,EW,False,False,49.0764684152198,37.64314739564093,16852,True,False,False
7529,CSS_J101811.4+174906,EA,EA,False,False,17.813267813267814,3.6855036855036856,2597,True,False,False
7530,CSS_J093350.2+114537,EW,EW,False,False,58.330254894717406,76.54229774658293,16852,True,False,False
7531,CSS_J160802.5+125746,EW,EW,False,False,53.841891392685625,76.33912079793129,16852,True,False,False
7532,CSS_J093247.9-153304,EW,RRc,True,False,63.35426671592168,88.69597340229036,16852,True,False,False
7533,CSS_J011409.4+330110,EW,EW,False,False,57.73919468045807,34.61396379756187,16852,True,False,False
7534,CSS_J075240.7+150554,EW,EW,False,False,99.5567048393055,42.5932766900628,16852,True,False,False
7535,CSS_J015038.7-132155,RRc,RRc,False,False,35.974304068522486,23.554603854389722,2917,True,False,False
7536,CSS_J234734.4+203331,EA,EA,False,False,14.127764127764127,45.20884520884521,2597,True,False,False
7537,CSS_J111323.0-115947,RRc,RRc,False,False,7.494646680942184,49.46466809421842,2917,True,False,False
7538,CSS_J161013.8+042112,RRab,RRc,True,False,27.157360406091367,61.6751269035533,1249,True,False,False
7539,CSS_J232030.8+442310,EW,RRc,True,False,42.814924270410046,67.43627632065017,16852,True,False,False
7540,CSS_J150438.4-022318,EA,EW,True,False,65.6019656019656,71.49877149877149,2597,True,False,False
7541,CSS_J084405.7+581116,EW,EW,False,False,26.449944588104913,18.359807905430365,16852,True,False,False
7542,CSS_J123742.0+215753,RRc,RRc,False,False,90.89935760171306,69.16488222698072,2917,True,False,False
7543,CSS_J103908.7+221633,EW,EW,False,False,36.35020317694865,37.12596970816402,16852,True,False,False
7544,CSS_J050522.5+080025,EA,EA,False,False,25.429975429975432,91.76904176904176,2597,True,False,False
7545,CSS_J074824.7+104309,RRab,RRab,False,False,69.28934010152284,73.60406091370558,1249,True,False,False
7546,CSS_J030637.7+145222,EW,EW,False,False,0.7203546361285557,22.478758773550055,16852,True,False,False
7547,CSS_J030455.4+384305,EW,EW,False,False,56.64942741041744,40.50609530845955,16852,True,False,False
7548,CSS_J210809.5-035348,EW,EW,False,False,25.821943110454377,67.65792390099742,16852,True,False,False
7549,CSS_J105833.8-084600,EW,EW,False,False,73.75323236054673,66.42039157739194,16852,True,False,False
7550,CSS_J213331.7+060333,EW,EW,False,False,15.810860731437016,24.898411525674177,16852,True,False,False
7551,CSS_J144842.2+352650,EA,EW,True,False,28.746928746928745,49.385749385749385,2597,True,False,False
7552,CSS_J095238.7-032230,EW,EW,False,False,80.1256002955301,74.21499815293683,16852,True,False,False
7553,CSS_J163446.9-013003,LPV,LPV,False,False,45.97701149425287,42.5287356321839,281,True,False,False
7554,CSS_J073702.1+220154,EA,EA,False,False,55.8968058968059,68.42751842751844,2597,True,False,False
7555,CSS_J053836.0-144047,EW,EW,False,False,64.13003324713705,5.8367196158108605,16852,True,False,False
7556,CSS_J231646.4+270019,EW,EW,False,False,96.01034355374954,71.64758034724787,16852,True,False,False
7557,CSS_J172715.5+460850,EW,EW,False,False,16.457332840783153,61.30402659770964,16852,True,False,False
7558,CSS_J082436.5+155633,EW,EW,False,False,44.68045807166605,0.8311784263021796,16852,True,False,False
7559,CSS_J042240.2+061202,EW,EW,False,False,77.57665312153675,91.50350942002217,16852,True,False,False
7560,CSS_J224948.9+075844,EA,EW,True,False,76.65847665847666,34.3980343980344,2597,True,False,False
7561,CSS_J095144.1-121132,EW,EA,True,False,98.26376062061323,92.94421869227928,16852,True,False,False
7562,CSS_J161741.8-044805,RRd,EW,True,True,55.294117647058826,54.11764705882353,258,True,False,False
7563,CSS_J093206.9+043302,EW,EW,False,False,81.99113409678611,89.08385666789805,16852,True,False,False
7564,CSS_J164051.0+014622,EW,EW,False,False,19.17251570003694,70.20687107499076,16852,True,False,False
7565,CSS_J044240.5+302008,EW,EW,False,False,47.7096416697451,11.839674916882158,16852,True,False,False
7566,CSS_J162128.0+061226,EW,EW,False,False,2.8260066494274105,6.427779830070188,16852,True,False,False
7567,CSS_J153228.5+190308,EW,EW,False,False,30.64277798300702,15.607683782785372,16852,True,False,False
7568,CSS_J134451.7+072628,RRc,EW,True,False,96.68094218415418,72.48394004282656,2917,True,False,False
7569,CSS_J082924.8+511046,EW,EW,False,False,0.7572958995197635,7.8684891023273,16852,True,False,False
7570,CSS_J052225.5-033143,RRc,EW,True,False,83.5117773019272,69.80728051391864,2917,True,False,False
7571,CSS_J221422.3+130539,EW,EW,False,False,13.982268193572219,4.913188031030661,16852,True,False,False
7572,CSS_J233506.0+410610,RRab,RRab,False,False,73.60406091370558,92.38578680203045,1249,True,False,False
7573,CSS_J220910.4+022323,RS CVn,RS CVn,False,True,79.04411764705883,56.25,846,True,False,False
7574,CSS_J160059.5+361256,EA,EA,False,False,30.22113022113022,31.08108108108108,2597,True,False,False
7575,CSS_J035605.2+233701,EW,EW,False,False,70.48393055042482,12.929442186922794,16852,True,False,False
7576,CSS_J052734.1+013034,EW,EW,False,False,86.44255633542667,95.51163649796823,16852,True,False,False
7577,CSS_J155651.5+202650,RRc,RRc,False,False,79.33618843683084,45.396145610278374,2917,True,False,False
7578,CSS_J105756.3-091830,EW,EW,False,False,34.68784632434429,56.335426671592174,16852,True,False,False
7579,CSS_J154220.4+402931,EW,EW,False,False,71.94311045437753,26.339120797931287,16852,True,False,False
7580,CSS_J141812.1+015643,EW,EW,False,False,37.80938308090136,78.64794975988178,16852,True,False,False
7581,CSS_J171618.1+195018,EW,EW,False,False,26.911710380495013,17.380864425563356,16852,True,False,False
7582,CSS_J143935.5+154421,EW,EW,False,False,70.18840044329517,94.79128186183968,16852,True,False,False
7583,CSS_J135543.2-160639,EW,EW,False,False,77.76135943849279,93.79386775027706,16852,True,False,False
7584,CSS_J023636.3+255739,EW,EW,False,False,56.0214259327669,64.61026967122275,16852,True,False,False
7585,CSS_J184022.4+470712,RRc,RRc,False,False,50.642398286937905,83.72591006423983,2917,True,False,False
7586,CSS_J175934.8+433321,EW,RRc,True,False,62.83708902844477,72.6819357222017,16852,True,False,False
7587,CSS_J091136.4+365614,EW,EW,False,False,54.28518655338013,48.854820834872555,16852,True,False,False
7588,CSS_J221251.7+172016,EW,EW,False,False,87.99408939785741,79.01736239379386,16852,True,False,False
7589,CSS_J165128.2+163809,RRc,RRc,False,False,26.017130620985014,1.070663811563169,2917,True,False,False
7590,CSS_J171538.0+090552,LPV,LPV,False,False,88.50574712643679,90.80459770114942,281,True,False,False
7591,CSS_J174744.4+485438,EW,EW,False,False,51.736239379386774,26.486885851496123,16852,True,False,False
7592,CSS_J082519.0-051750,EW,EW,False,False,40.91244920576283,31.049131880310306,16852,True,False,False
7593,CSS_J115526.8+254904,EA,EA,False,False,7.125307125307126,13.267813267813267,2597,True,False,False
7594,CSS_J223658.1+164106,EW,EW,False,False,87.033616549686,63.66826745474695,16852,True,False,False
7595,CSS_J032346.7+331919,EA,EA,False,False,91.76904176904176,88.45208845208845,2597,True,False,False
7596,CSS_J173135.5+061805,EW,EW,False,False,76.69006280014776,77.85371259697081,16852,True,False,False
7597,CSS_J104306.7+152631,EW,EW,False,False,73.01440709272256,98.6701145179165,16852,True,False,False
7598,CSS_J173019.6+291607,EW,EW,False,False,22.18322866642039,7.997783524196528,16852,True,False,False
7599,CSS_J221413.1+172645,EW,EW,False,False,30.144070927225712,5.04248245289989,16852,True,False,False
7600,CSS_J133915.7-105458,RRc,RRc,False,False,91.00642398286938,62.95503211991434,2917,True,False,False
7601,CSS_J075611.5+054258,EW,EW,False,False,25.397118581455487,72.7004063538973,16852,True,False,False
7602,CSS_J025426.8+293045,EW,EW,False,False,84.02290358330255,45.382342076099,16852,True,False,False
7603,CSS_J091755.3+394025,EW,EW,False,False,43.923162172146284,82.4344292574806,16852,True,False,False
7604,CSS_J071404.7+443843,EA,EA,False,False,71.13022113022113,66.58476658476658,2597,True,False,False
7605,CSS_J070535.2+431152,EW,EW,False,False,25.267824159586254,2.9922423346878464,16852,True,False,False
7606,CSS_J051729.2+083846,EW,EW,False,False,35.55596601403768,12.596970816401921,16852,True,False,False
7607,CSS_J031209.5+264902,EW,EW,False,False,29.70077576653122,32.10195788695974,16852,True,False,False
7608,CSS_J174840.3+634447,RRab,RRab,False,False,17.00507614213198,12.944162436548224,1249,True,False,False
7609,CSS_J111644.9+235928,RRc,RRc,False,False,41.7558886509636,13.597430406852249,2917,True,False,False
7610,CSS_J110237.3+031909,EW,RRc,True,False,22.571111932028074,61.02696712227558,16852,True,False,False
7611,CSS_J135516.9+470111,RRab,RRab,False,False,46.192893401015226,87.05583756345177,1249,True,False,False
7612,CSS_J021902.9+265350,EW,EW,False,False,97.247875877355,86.33173254525305,16852,True,False,False
7613,CSS_J171639.4+251404,EW,EW,False,False,53.509420022164754,65.45991872922053,16852,True,False,False
7614,CSS_J042840.7-042207,EW,EA,True,False,94.8836350203177,63.85297377170299,16852,True,False,False
7615,CSS_J053341.0-031328,EW,EW,False,False,36.424085703731066,69.449575175471,16852,True,False,False
7616,CSS_J140745.3-130430,RRc,RRc,False,False,90.14989293361884,87.58029978586723,2917,True,False,False
7617,CSS_J070635.6+425758,EW,EW,False,False,80.69818987809383,74.97229405245659,16852,True,False,False
7618,CSS_J161807.6+314831,EW,EW,False,False,61.0823790173624,18.28592537864795,16852,True,False,False
7619,CSS_J082655.3+272214,EW,EW,False,False,22.977465829331365,87.10749907646841,16852,True,False,False
7620,CSS_J221728.5-093701,EW,EW,False,False,27.188769855929074,84.17066863686739,16852,True,False,False
7621,CSS_J034243.4+381719,EW,EW,False,False,24.806058367196158,75.19394163280384,16852,True,False,False
7622,CSS_J100758.8-052155,RRc,RRc,False,False,60.92077087794433,67.23768736616702,2917,True,False,False
7623,CSS_J161707.3+213134,EW,EW,False,False,30.310306612486148,5.005541189508681,16852,True,False,False
7624,CSS_J010935.8+245410,EW,EW,False,False,31.76948651643886,10.04802364240857,16852,True,False,False
7625,CSS_J210152.7+065259,EW,EW,False,False,20.853343184336904,21.462874030291836,16852,True,False,False
7626,CSS_J205911.9-112242,EW,EW,False,False,21.093461396379755,40.118212042851866,16852,True,False,False
7627,CSS_J014050.8-134326,EW,EW,False,False,11.34096786110085,14.66568156630957,16852,True,False,False
7628,CSS_J033818.6+180648,EW,EW,False,False,91.11562615441449,88.38197266346509,16852,True,False,False
7629,CSS_J011745.6+102718,RRc,RRc,False,False,55.99571734475375,56.63811563169164,2917,True,False,False
7630,CSS_J233640.7+231807,EW,EW,False,False,0.3694126339120798,7.000369412633913,16852,True,False,False
7631,CSS_J001510.0+332157,EW,EW,False,False,82.34207609900258,90.98633173254525,16852,True,False,False
7632,CSS_J003654.3+105917,EA,EA,False,False,0.2457002457002457,0.6142506142506142,2597,True,False,False
7633,CSS_J072032.8+655559,EW,EW,False,False,21.462874030291836,28.20465459918729,16852,True,False,False
7634,CSS_J043626.6+370326,EW,EW,False,False,65.09050609530847,18.87698559290728,16852,True,False,False
7635,CSS_J053009.1+043733,EW,EW,False,False,83.52419652752124,73.18064277798301,16852,True,False,False
7636,CSS_J035401.6+351131,EW,EW,False,False,45.95493165866273,94.95751754710011,16852,True,False,False
7637,CSS_J170211.1+175334,EW,EW,False,False,96.84152198005171,97.94975988178795,16852,True,False,False
7638,CSS_J030201.5+305954,RS CVn,RS CVn,False,True,46.32352941176471,46.32352941176471,846,True,False,False
7639,CSS_J232556.1+414306,LPV,LPV,False,False,58.620689655172406,72.41379310344827,281,True,False,False
7640,CSS_J164411.6-051736,EW,EW,False,False,4.506834133727374,71.18581455485777,16852,True,False,False
7641,CSS_J180416.0+341051,EW,EW,False,False,89.61950498707056,2.9553010712966383,16852,True,False,False
7642,CSS_J084655.1+265010,EW,EW,False,False,33.11784263021795,26.099002585888435,16852,True,False,False
7643,CSS_J222206.7+220848,LPV,LPV,False,False,22.988505747126435,5.747126436781609,281,True,False,False
7644,CSS_J050000.6+155731,EW,EW,False,False,36.497968230513486,36.75655707425194,16852,True,False,False
7645,CSS_J090058.9-125705,EW,EW,False,False,42.24233468784632,68.34133727373477,16852,True,False,False
7646,CSS_J164746.0+144525,EW,EW,False,False,79.33136313261913,89.3055042482453,16852,True,False,False
7647,CSS_J010653.4+353001,RS CVn,RS CVn,False,True,59.55882352941176,61.39705882352941,846,True,False,False
7648,CSS_J005333.3+145615,EW,EW,False,False,34.02290358330255,15.108976727004064,16852,True,False,False
7649,CSS_J124237.4+380108,EA,EW,True,False,38.697788697788695,6.2653562653562656,2597,True,False,False
7650,CSS_J231118.6-172113,RRab,RRab,False,False,3.5532994923857872,9.137055837563452,1249,True,False,False
7651,CSS_J062015.1-091435,RRc,EW,True,False,70.34261241970022,81.37044967880087,2917,True,False,False
7652,CSS_J050334.3-063825,EW,EW,False,False,2.5858884373845585,8.127077946065755,16852,True,False,False
7653,CSS_J002727.7+365008,EW,EW,False,False,35.14961211673439,39.73032877724418,16852,True,False,False
7654,CSS_J024135.0+364921,EW,EW,False,False,75.84041374214998,29.257480605836722,16852,True,False,False
7655,CSS_J154125.3+155813,EA,EA,False,False,46.31449631449631,75.7985257985258,2597,True,False,False
7656,CSS_J045741.4-015347,RS CVn,RS CVn,False,True,13.602941176470587,57.35294117647059,846,True,False,False
7657,CSS_J180125.0+371751,EW,EW,False,False,79.1281861839675,92.02068710749907,16852,True,False,False
7658,CSS_J221127.7-052301,EA,EW,True,False,78.62407862407862,63.63636363636363,2597,True,False,False
7659,CSS_J072018.6+345751,EW,EW,False,False,61.32249722940525,32.563723679349835,16852,True,False,False
7660,CSS_J112401.9-085130,RRd,EW,True,True,90.58823529411765,90.58823529411765,258,True,False,False
7661,CSS_J210642.5+041605,RRc,RRc,False,False,35.4389721627409,38.97216274089936,2917,True,False,False
7662,CSS_J142204.1+342249,EW,EW,False,False,19.30181012190617,11.488732914665682,16852,True,False,False
7663,CSS_J020448.4+011051,EW,EW,False,False,81.71407462135205,98.26376062061323,16852,True,False,False
7664,CSS_J034618.4+092952,RRab,RRab,False,False,63.95939086294417,46.44670050761421,1249,True,False,False
7665,CSS_J021911.0+402916,RRd,EW,True,True,81.17647058823529,81.17647058823529,258,True,False,False
7666,CSS_J055914.0+041039,EA,EA,False,False,40.54054054054054,50.24570024570024,2597,True,False,False
7667,CSS_J031142.9+204242,EW,EW,False,False,0.01847063169560399,16.919098633173256,16852,True,False,False
7668,CSS_J014803.2+134246,EW,EW,False,False,85.46361285555966,16.882157369782046,16852,True,False,False
7669,CSS_J084645.9+614345,RRc,RRc,False,False,25.267665952890795,30.406852248394006,2917,True,False,False
7670,CSS_J075710.6+390142,EW,EW,False,False,74.25193941632804,64.3886220908755,16852,True,False,False
7671,CSS_J031350.0+192448,RRc,EW,True,False,58.13704496788008,65.95289079229121,2917,True,False,False
7672,CSS_J050840.9+011309,EW,EW,False,False,68.562984854082,24.45511636497968,16852,True,False,False
7673,CSS_J161134.3+471612,EW,EW,False,False,85.44514222386405,42.53786479497599,16852,True,False,False
7674,CSS_J102816.9+100325,EA,EW,True,False,23.21867321867322,25.675675675675674,2597,True,False,False
7675,CSS_J030411.2+352900,EW,EW,False,False,59.900258588843734,3.250831178426302,16852,True,False,False
7676,CSS_J090837.7+301534,EW,EW,False,False,42.26080531954193,46.490579977835246,16852,True,False,False
7677,CSS_J055817.2-132423,EW,EW,False,False,0.6834133727373477,13.317325452530476,16852,True,False,False
7678,CSS_J145525.2-094117,RRd,EW,True,True,96.47058823529412,95.29411764705881,258,True,False,False
7679,CSS_J224952.0+305055,EW,EW,False,False,94.95751754710011,94.403398596232,16852,True,False,False
7680,CSS_J232038.9+224831,EW,EW,False,False,65.70003694126339,56.52013298854821,16852,True,False,False
7681,CSS_J214139.8+185508,EW,EW,False,False,93.22127816771334,93.59069080162541,16852,True,False,False
7682,CSS_J025114.1+100320,RRc,RRc,False,False,2.569593147751606,27.62312633832976,2917,True,False,False
7683,CSS_J025939.5+360857,EW,EW,False,False,47.15552271887699,37.624676763945324,16852,True,False,False
7684,CSS_J041836.7+015110,EW,EW,False,False,63.4096786110085,55.30107129663835,16852,True,False,False
7685,CSS_J102008.0-095827,EW,EW,False,False,35.05725895825637,90.56150720354637,16852,True,False,False
7686,CSS_J081507.5+040655,EW,EW,False,False,83.85666789804212,35.426671592168454,16852,True,False,False
7687,CSS_J072506.3+411054,EA,EA,False,False,54.54545454545454,75.92137592137593,2597,True,False,False
7688,CSS_J001531.7-084634,EW,EW,False,False,56.63095677872183,62.76320650166236,16852,True,False,False
7689,CSS_J171747.2+150125,EW,EW,False,False,42.29774658293314,96.47210934613963,16852,True,False,False
7690,CSS_J173002.6+100322,EA,EW,True,False,84.15233415233415,94.96314496314497,2597,True,False,False
7691,CSS_J160450.1+520159,EA,LPV,True,False,100.0,100.0,2597,True,True,False
7692,CSS_J140106.0-145309,EW,EW,False,False,53.95271518285926,85.57443664573329,16852,True,False,False
7693,CSS_J090804.5+321154,EW,EW,False,False,51.4037680088659,22.885112670853346,16852,True,False,False
7694,CSS_J112349.6-125648,RRab,RRab,False,False,7.1065989847715745,26.903553299492383,1249,True,False,False
7695,CSS_J163710.4+561702,EW,EW,False,False,72.77428888067972,82.67454746952346,16852,True,False,False
7696,CSS_J112533.3-110615,EW,EW,False,False,35.759142962689324,78.55559660140376,16852,True,False,False
7697,CSS_J104011.7-022408,RS CVn,RS CVn,False,True,3.6764705882352944,4.044117647058823,846,True,False,False
7698,CSS_J133730.1+104648,EW,EW,False,False,66.84521610639084,90.09974141115626,16852,True,False,False
7699,CSS_J163007.4+012512,EW,EW,False,False,86.47949759881787,36.073143701514596,16852,True,False,False
7700,CSS_J120118.9-072633,EW,EW,False,False,27.983007018840045,11.71038049501293,16852,True,False,False
7701,CSS_J163238.3-024553,EW,EW,False,False,51.81012190616919,6.7971924639822685,16852,True,False,False
7702,CSS_J014209.2+130413,EW,EW,False,False,30.291835980790545,8.404137421499815,16852,True,False,False
7703,CSS_J064903.8+370332,EW,EW,False,False,53.02918359807906,12.26449944588105,16852,True,False,False
7704,CSS_J052316.7+161748,EW,EW,False,False,33.13631326191356,9.346139637975618,16852,True,False,False
7705,CSS_J033122.1+363124,EW,EW,False,False,89.84115256741781,77.77983007018841,16852,True,False,False
7706,CSS_J230102.9+154115,EA,EA,False,False,17.32186732186732,21.13022113022113,2597,True,False,False
7707,CSS_J054623.4+013155,EW,EW,False,False,46.10269671222756,60.546730698189876,16852,True,False,False
7708,CSS_J212601.4+123056,EW,EW,False,False,27.72441817510159,20.114517916512746,16852,True,False,False
7709,CSS_J091446.2+173114,EW,EW,False,False,29.553010712966383,34.66937569264869,16852,True,False,False
7710,CSS_J125917.6-122915,RRc,RRc,False,False,32.65524625267666,82.22698072805139,2917,True,False,False
7711,CSS_J040036.3-190207,EW,EW,False,False,83.56113779091245,47.13705208718138,16852,True,False,False
7712,CSS_J024548.0-165226,RRc,RRc,False,False,60.38543897216274,82.44111349036403,2917,True,False,False
7713,CSS_J055949.9-191055,EW,EW,False,False,0.9604728481714074,14.979682305134837,16852,True,False,False
7714,CSS_J171503.6+155722,RS CVn,EW,True,True,40.07352941176471,50.36764705882353,846,True,False,False
7715,CSS_J125209.1+294938,EA,EA,False,False,38.32923832923833,55.28255528255528,2597,True,False,False
7716,CSS_J073635.7+361137,EA,EA,False,False,93.61179361179362,75.55282555282555,2597,True,False,False
7717,CSS_J161802.3-040053,RRab,RRab,False,False,45.17766497461929,29.695431472081218,1249,True,False,False
7718,CSS_J204330.6-163216,EA,EA,False,False,60.68796068796068,84.76658476658476,2597,True,False,False
7719,CSS_J030731.7+292618,EW,EW,False,False,62.00591060214259,37.532323605467305,16852,True,False,False
7720,CSS_J100005.5+355119,RS CVn,RS CVn,False,True,40.44117647058824,8.455882352941178,846,True,False,False
7721,CSS_J035235.5+371654,EW,EW,False,False,10.380495012929442,34.39231621721463,16852,True,False,False
7722,CSS_J005336.6+350702,EW,EW,False,False,69.13557443664573,84.07831547838937,16852,True,False,False
7723,CSS_J012014.3+154942,EW,EW,False,False,4.322127816771334,7.480605836719616,16852,True,False,False
7724,CSS_J040242.1-042455,EW,EW,False,False,50.16623568526044,46.97081640192094,16852,True,False,False
7725,CSS_J172835.5+085504,RRc,RRc,False,False,47.644539614561026,81.04925053533191,2917,True,False,False
7726,CSS_J161022.7+214826,RRc,RRd,True,False,61.88436830835118,31.47751605995717,2917,True,False,False
7727,CSS_J022253.3+321729,EA,EA,False,False,55.15970515970516,79.97542997542998,2597,True,False,False
7728,CSS_J213830.8+153052,EW,EW,False,False,32.656076837827854,22.755818248984117,16852,True,False,False
7729,CSS_J044651.8+022955,EA,EA,False,False,56.14250614250614,50.0,2597,True,False,False
7730,CSS_J151113.8-172630,EW,EW,False,False,77.48429996305873,87.5507942371629,16852,True,False,False
7731,CSS_J015203.6+365712,EW,EW,False,False,62.37532323605467,94.12633912079794,16852,True,False,False
7732,CSS_J131131.8+073916,RRc,RRc,False,False,78.90792291220556,46.57387580299786,2917,True,False,False
7733,CSS_J212942.3+043629,EW,EW,False,False,77.89065386036202,57.166605097894355,16852,True,False,False
7734,CSS_J080147.9+335333,EA,EA,False,False,67.19901719901719,65.97051597051598,2597,True,False,False
7735,CSS_J043219.1+103910,EW,EW,False,False,43.239748799408936,51.551533062430735,16852,True,False,False
7736,CSS_J213727.0-092148,EW,EW,False,False,55.190247506464715,27.133357960842257,16852,True,False,False
7737,CSS_J211950.0-182448,EW,EW,False,False,44.56963428149243,59.456963428149244,16852,True,False,False
7738,CSS_J113218.4+173039,EW,EW,False,False,39.76727004063539,25.618766161802736,16852,True,False,False
7739,CSS_J212621.0-091624,RS CVn,RS CVn,False,True,99.26470588235294,98.16176470588235,846,True,True,False
7740,CSS_J022410.9+013059,EW,EW,False,False,57.48060583671961,58.16401920945696,16852,True,False,False
7741,CSS_J085643.9+071032,EW,EW,False,False,52.493535278906535,72.07240487624676,16852,True,False,False
7742,CSS_J080418.2+143507,EW,EW,False,False,58.607314370151464,57.05578130772072,16852,True,False,False
7743,CSS_J170052.3+121419,EW,EW,False,False,82.84078315478389,93.18433690432212,16852,True,False,False
7744,CSS_J060306.4-033206,EA,EA,False,False,16.707616707616708,22.235872235872236,2597,True,False,False
7745,CSS_J080447.7+035806,EA,EA,False,False,52.33415233415234,26.78132678132678,2597,True,False,False
7746,CSS_J212431.2-080130,EW,EW,False,False,94.86516438862209,94.42186922792759,16852,True,False,False
7747,CSS_J123353.8-080738,EW,EW,False,False,69.11710380495013,77.92759512375324,16852,True,False,False
7748,CSS_J223504.5+243353,EW,EW,False,False,17.76874769117104,8.311784263021796,16852,True,False,False
7749,CSS_J033012.2+052238,EW,EW,False,False,85.75914296268932,88.49279645363872,16852,True,False,False
7750,CSS_J214809.7-120100,EW,EW,False,False,33.37643147395641,48.48540820096047,16852,True,False,False
7751,CSS_J215905.4+205224,RRc,EW,True,False,73.66167023554604,93.89721627408993,2917,True,False,False
7752,CSS_J141226.4-032751,RRab,RRab,False,False,16.49746192893401,29.441624365482234,1249,True,False,False
7753,CSS_J164647.6+405117,RRc,RRc,False,False,34.26124197002141,7.387580299785867,2917,True,False,False
7754,CSS_J044749.0+124226,EW,EW,False,False,64.72109346139638,40.96786110084965,16852,True,False,False
7755,CSS_J110500.8-092814,EW,EW,False,False,73.95640930919838,78.2046545991873,16852,True,False,False
7756,CSS_J093250.9-022720,EW,EW,False,False,47.83893609161433,53.60177318064277,16852,True,False,False
7757,CSS_J094635.2+585539,EW,EW,False,False,90.80162541558921,50.62800147765053,16852,True,False,False
7758,CSS_J204408.0-022627,EW,EW,False,False,29.608422608053196,41.57739194680458,16852,True,False,False
7759,CSS_J174118.5+221940,EW,EW,False,False,79.46065755448836,75.5264130033247,16852,True,False,False
7760,CSS_J051753.4+051640,EW,RRc,True,False,71.33357960842261,81.4924270410048,16852,True,False,False
7761,CSS_J035658.2+295950,EW,EW,False,False,86.22090875507944,98.1529368304396,16852,True,False,False
7762,CSS_J122634.4-142720,EW,EW,False,False,52.78906538603621,69.57886959734023,16852,True,False,False
7763,CSS_J024329.0+360645,EW,EA,True,False,96.82305134835612,66.93756926486886,16852,True,False,False
7764,CSS_J081433.2-013206,EW,EW,False,False,24.639822681935723,1.4776505356483192,16852,True,False,False
7765,CSS_J012110.7+164138,EW,EW,False,False,2.862947912818618,8.865903213889915,16852,True,False,False
7766,CSS_J234527.6+115404,EW,EW,False,False,57.75766531215367,67.1407462135205,16852,True,False,False
7767,CSS_J221146.3+100200,EW,EW,False,False,53.67565570742519,45.677872183228665,16852,True,False,False
7768,CSS_J221120.7+132121,EW,EW,False,False,2.1980051717768747,54.839305504248244,16852,True,False,False
7769,CSS_J084224.7+522451,EW,EW,False,False,20.446989287033617,50.443295160694504,16852,True,False,False
7770,CSS_J044459.7+201322,EW,EW,False,False,90.46915404506835,93.22127816771334,16852,True,False,False
7771,CSS_J165609.7+424219,EW,EW,False,False,60.93461396379756,95.43775397118581,16852,True,False,False
7772,CSS_J143312.8+501622,EW,EW,False,False,48.282231252308826,23.032877724418174,16852,True,False,False
7773,CSS_J155107.6+261911,EW,EW,False,False,72.46028814185446,93.11045437753971,16852,True,False,False
7774,CSS_J222430.3+100153,EW,EW,False,False,83.63502031769487,18.15663095677872,16852,True,False,False
7775,CSS_J105241.9-090858,RRc,EW,True,False,94.53961456102785,90.25695931477516,2917,True,False,False
7776,CSS_J141218.4+030448,RRc,RRc,False,False,21.841541755888652,19.914346895074946,2917,True,False,False
7777,CSS_J100857.8+012430,EW,EW,False,False,41.1895086811969,78.35241965275213,16852,True,False,False
7778,CSS_J075749.0+461624,EW,EW,False,False,67.67639453269302,38.123383819726634,16852,True,False,False
7779,CSS_J163640.3+071056,EW,EW,False,False,5.264130033247137,59.84484669375693,16852,True,False,False
7780,CSS_J180318.9+394011,EW,EW,False,False,19.061691909863317,24.62135205024012,16852,True,False,False
7781,CSS_J121309.2+064431,RRc,RRc,False,False,79.65738758029978,25.802997858672377,2917,True,False,False
7782,CSS_J235734.2+272344,EW,EW,False,False,14.53638714444034,40.43221278167714,16852,True,False,False
7783,CSS_J043406.2+295317,EW,EW,False,False,71.88769855929073,37.4953823420761,16852,True,False,False
7784,CSS_J073712.8+505845,EW,EW,False,False,13.797561876616179,2.8260066494274105,16852,True,False,False
7785,CSS_J202342.3-143151,EA,EW,True,False,96.56019656019656,95.2088452088452,2597,True,False,False
7786,CSS_J052716.2+092852,EW,EW,False,False,69.68969338751386,89.54562246028814,16852,True,False,False
7787,CSS_J005949.9+303154,EW,EW,False,False,9.21684521610639,23.23605467306982,16852,True,False,False
7788,CSS_J074909.7+500153,RRc,RRc,False,False,36.77730192719486,31.049250535331907,2917,True,False,False
7789,CSS_J142259.4+245025,EW,EW,False,False,3.823420760990026,23.06981898780938,16852,True,False,False
7790,CSS_J142642.5-132337,EW,EW,False,False,49.63058736608792,45.21610639083857,16852,True,False,False
7791,CSS_J172053.0+075002,EW,EW,False,False,71.7399335057259,56.81566309567787,16852,True,False,False
7792,CSS_J175152.3+482556,EW,EW,False,False,38.33579608422608,21.25969708164019,16852,True,False,False
7793,CSS_J052304.5+113704,EW,EW,False,False,40.43221278167714,80.42113040265977,16852,True,False,False
7794,CSS_J074256.5+500846,EW,EW,False,False,98.46693756926487,80.9567787218323,16852,True,False,False
7795,CSS_J224931.9+314743,EW,EW,False,False,93.81233838197267,86.71961581086073,16852,True,False,False
7796,CSS_J211636.2+093034,RRc,EW,True,False,56.85224839400428,89.72162740899357,2917,True,False,False
7797,CSS_J152928.2-130607,RRab,RRab,False,False,46.954314720812185,53.80710659898477,1249,True,False,False
7798,CSS_J153537.9-033330,LPV,RS CVn,True,False,75.86206896551724,77.01149425287356,281,True,False,False
7799,CSS_J231337.3+302214,EA,EA,False,False,56.87960687960688,40.2948402948403,2597,True,False,False
7800,CSS_J140935.5+000302,RRab,RRab,False,False,49.49238578680203,55.32994923857868,1249,True,False,False
7801,CSS_J211018.2+163412,RRab,RRab,False,False,74.8730964467005,67.00507614213198,1249,True,False,False
7802,CSS_J083907.1-040753,EW,EW,False,False,47.857406723309936,6.261544144809752,16852,True,False,False
7803,CSS_J153547.0+010845,EW,EW,False,False,16.512744735869965,49.187292205393426,16852,True,False,False
7804,CSS_J083247.3+105306,RS CVn,RS CVn,False,True,41.544117647058826,12.132352941176471,846,True,False,False
7805,CSS_J042436.2+000621,EW,EW,False,False,54.155892131510896,71.7768747691171,16852,True,False,False
7806,CSS_J051738.6-094757,EW,EW,False,False,83.7643147395641,97.52493535278907,16852,True,False,False
7807,CSS_J164820.2+000707,RRc,EW,True,False,95.82441113490364,85.86723768736617,2917,True,False,False
7808,CSS_J082324.1+241532,EW,EW,False,False,84.29996305873661,36.79349833764315,16852,True,False,False
7809,CSS_J203000.3-054035,EW,EW,False,False,28.795714813446622,40.78315478389361,16852,True,False,False
7810,CSS_J040432.0+073357,EW,EW,False,False,89.50868119689693,63.87144440339859,16852,True,False,False
7811,CSS_J042618.9+064523,EA,EW,True,False,31.941031941031937,58.23095823095823,2597,True,False,False
7812,CSS_J172129.5+315302,EW,EW,False,False,87.08902844477281,95.30845954931658,16852,True,False,False
7813,CSS_J014945.6+300514,EW,EW,False,False,23.79017362393794,50.05541189508681,16852,True,False,False
7814,CSS_J160013.7+283451,EW,EW,False,False,47.24787587735501,36.53490949390469,16852,True,False,False
7815,CSS_J044912.6-143920,EW,EW,False,False,5.190247506464721,21.019578869597343,16852,True,False,False
7816,CSS_J023415.8+320113,EW,EW,False,False,18.618396749168824,38.973032877724414,16852,True,False,False
7817,CSS_J222626.6+225405,RRc,RRc,False,False,56.63811563169164,57.38758029978587,2917,True,False,False
7818,CSS_J085348.9+114353,EW,EW,False,False,50.36941263391208,23.642408570373107,16852,True,False,False
7819,CSS_J001542.2-043220,RRc,RRc,False,False,86.50963597430406,64.34689507494646,2917,True,False,False
7820,CSS_J114443.3+044121,EW,EW,False,False,90.00738825267824,95.8625785001847,16852,True,False,False
7821,CSS_J160733.9+605712,RRab,RRab,False,False,18.02030456852792,7.614213197969544,1249,True,False,False
7822,CSS_J075715.1+185709,EW,EW,False,False,27.521241226449945,26.080531954192832,16852,True,False,False
7823,CSS_J174850.7+350642,EW,EW,False,False,93.20280753601773,2.4565940155153303,16852,True,False,False
7824,CSS_J230649.9+400121,EW,EW,False,False,89.87809383080901,81.30772072404876,16852,True,False,False
7825,CSS_J031441.1+181306,EW,EW,False,False,7.794606575544884,82.78537125969709,16852,True,False,False
7826,CSS_J051358.4-121550,EW,EW,False,False,88.32656076837829,73.82711488732915,16852,True,False,False
7827,CSS_J172448.6+354651,EA,EW,True,False,93.85749385749385,98.8943488943489,2597,True,False,False
7828,CSS_J223018.9-074740,EW,EW,False,False,6.261544144809752,0.5356483191725157,16852,True,False,False
7829,CSS_J151415.1-102025,LPV,LPV,False,False,33.33333333333333,47.12643678160919,281,True,False,False
7830,CSS_J031156.9+320159,EA,EA,False,False,75.7985257985258,30.95823095823096,2597,True,False,False
7831,CSS_J101412.1-061320,EA,EA,False,False,2.334152334152334,51.96560196560197,2597,True,False,False
7832,CSS_J120316.2-175157,EW,EW,False,False,78.07536017731806,83.45031400073883,16852,True,False,False
7833,CSS_J053118.9+130922,EA,EA,False,False,28.00982800982801,28.37837837837838,2597,True,False,False
7834,CSS_J222502.6+161550,RRc,RRc,False,False,31.370449678800856,10.492505353319057,2917,True,False,False
7835,CSS_J090714.1+132720,EW,EW,False,False,79.49759881787956,98.30070188400444,16852,True,False,False
7836,CSS_J150118.1-092529,RRab,RRab,False,False,9.898477157360407,30.456852791878177,1249,True,False,False
7837,CSS_J221211.6+192833,EA,EA,False,False,67.69041769041769,87.1007371007371,2597,True,False,False
7838,CSS_J043659.2+045103,EW,EW,False,False,46.93387513852974,58.034724787587734,16852,True,False,False
7839,CSS_J232730.7+360355,EW,EW,False,False,24.307351311414852,12.652382711488732,16852,True,False,False
7840,CSS_J215158.9+151945,EW,EA,True,False,94.53269301810123,55.15330624307351,16852,True,False,False
7841,CSS_J162245.9-041119,EW,EW,False,False,35.334318433690434,28.01994828223125,16852,True,False,False
7842,CSS_J165233.3+291459,EW,EW,False,False,36.29479128186184,34.87255264130033,16852,True,False,False
7843,CSS_J070514.3+544024,RRab,RRab,False,False,32.74111675126903,53.299492385786806,1249,True,False,False
7844,CSS_J075839.0+134338,EW,EW,False,False,71.85075729589951,6.11377909124492,16852,True,False,False
7845,CSS_J024256.8+344313,EW,EW,False,False,6.501662356852604,18.47063169560399,16852,True,False,False
7846,CSS_J095535.4+484353,EW,EW,False,False,11.06390838566679,10.953084595493166,16852,True,False,False
7847,CSS_J205212.0+044430,EW,EW,False,False,38.4004432951607,60.43590690801626,16852,True,False,False
7848,CSS_J094627.8+430043,EW,EW,False,False,89.12079793128925,83.87513852973771,16852,True,False,False
7849,CSS_J154243.9+524442,EW,EW,False,False,81.51089767270041,47.432582194311045,16852,True,False,False
7850,CSS_J163838.6+023121,RRc,RRc,False,False,23.340471092077088,68.4154175588865,2917,True,False,False
7851,CSS_J075227.8+295119,EW,EW,False,False,54.617657923901,36.22090875507942,16852,True,False,False
7852,CSS_J125011.4+070903,EW,EW,False,False,48.48540820096047,34.81714074621352,16852,True,False,False
7853,CSS_J155435.7-162847,LPV,LPV,False,False,68.96551724137932,52.87356321839081,281,True,False,False
7854,CSS_J080819.4+213001,EW,EW,False,False,64.75803472478758,85.7037310676025,16852,True,False,False
7855,CSS_J075749.4+153407,EW,EW,False,False,67.1407462135205,47.28481714074621,16852,True,False,False
7856,CSS_J034145.4+305200,RRc,RRc,False,False,62.31263383297645,88.86509635974305,2917,True,False,False
7857,CSS_J033759.8+384304,EW,RRc,True,False,78.59253786479498,78.61100849649057,16852,True,False,False
7858,CSS_J150940.1+010327,EW,EW,False,False,65.51533062430735,60.86073143701515,16852,True,False,False
7859,CSS_J084949.1+050040,EA,EA,False,False,85.74938574938575,58.72235872235873,2597,True,False,False
7860,CSS_J100540.1-010800,EW,EW,False,False,19.431104543775398,11.045437753971186,16852,True,False,False
7861,CSS_J052740.6+010357,RS CVn,RS CVn,False,True,43.01470588235294,25.36764705882353,846,True,False,False
7862,CSS_J054253.6+013427,EW,EW,False,False,10.195788695973402,79.34983376431474,16852,True,False,False
7863,CSS_J215711.7-021144,EA,EA,False,False,45.33169533169533,31.695331695331696,2597,True,False,False
7864,CSS_J084141.8+420622,EW,EW,False,False,77.39194680458071,12.449205762837089,16852,True,False,False
7865,CSS_J034740.9-024658,EW,RS CVn,True,False,82.45289988917621,93.55374953823421,16852,True,False,False
7866,CSS_J060534.5-054821,EA,EA,False,False,21.62162162162162,5.405405405405405,2597,True,False,False
7867,CSS_J013129.9+401754,EW,EW,False,False,64.22238640561507,31.455485777613596,16852,True,False,False
7868,CSS_J164001.7+202158,EW,EW,False,False,11.71038049501293,20.68710749907647,16852,True,False,False
7869,CSS_J023834.5+291832,EW,EW,False,False,64.59179903952716,4.155892131510898,16852,True,False,False
7870,CSS_J091917.9+481939,EW,EW,False,False,20.945696342814923,19.412633912079794,16852,True,False,False
7871,CSS_J125216.6+481916,EW,EW,False,False,0.8311784263021796,0.7757665312153675,16852,True,False,False
7872,CSS_J045318.7+243448,EW,EW,False,False,46.32434429257481,47.340229035833026,16852,True,False,False
7873,CSS_J044139.7+303724,EW,EW,False,False,7.295899519763576,55.190247506464715,16852,True,False,False
7874,CSS_J005607.4+214639,EW,EW,False,False,50.886590321388994,13.982268193572219,16852,True,False,False
7875,CSS_J035456.5+303733,EW,EW,False,False,44.144809752493536,26.967122275581822,16852,True,False,False
7876,CSS_J173328.2+102639,EW,EW,False,False,69.26486885851496,98.78093830809014,16852,True,False,False
7877,CSS_J053703.0+010517,EW,EW,False,False,67.54710011082379,38.954562246028814,16852,True,False,False
7878,CSS_J211259.5+021625,EW,EW,False,False,1.5330624307351313,13.502031769486516,16852,True,False,False
7879,CSS_J150527.7+191605,EW,EW,False,False,72.60805319541929,21.94311045437754,16852,True,False,False
7880,CSS_J124710.0-102044,RRc,RRc,False,False,28.4796573875803,58.2441113490364,2917,True,False,False
7881,CSS_J132609.7+242657,EW,EW,False,False,4.266715921684522,47.37717029922423,16852,True,False,False
7882,CSS_J045525.7+041449,EW,EW,False,False,54.5991872922054,60.121906169190986,16852,True,False,False
7883,CSS_J091430.7-155217,RRc,EW,True,False,69.91434689507494,54.389721627408996,2917,True,False,False
7884,CSS_J234331.2-010354,EA,EA,False,False,81.81818181818183,90.2948402948403,2597,True,False,False
7885,CSS_J170106.7+370801,EW,EW,False,False,48.31917251570004,37.40302918359808,16852,True,False,False
7886,CSS_J042707.9-123847,EW,EW,False,False,92.1315108976727,87.42149981529369,16852,True,False,False
7887,CSS_J163321.3+543928,EW,EW,False,False,45.567048393055046,67.93498337643148,16852,True,False,False
7888,CSS_J055946.0-065211,RRc,EW,True,False,72.59100642398288,80.62098501070663,2917,True,False,False
7889,CSS_J025139.4+191053,EW,EW,False,False,76.32065016623568,48.72552641300332,16852,True,False,False
7890,CSS_J085306.7+100212,EW,EW,False,False,40.33985962319912,22.31252308828962,16852,True,False,False
7891,CSS_J085648.6+025504,EW,EW,False,False,93.16586627262652,0.9420022164758035,16852,True,False,False
7892,CSS_J045256.5+125211,EW,EW,False,False,3.4540081270779464,5.522718876985593,16852,True,False,False
7893,CSS_J170713.8+311403,RRc,RRc,False,False,78.80085653104925,10.06423982869379,2917,True,False,False
7894,CSS_J035811.1+312037,EW,EW,False,False,32.76690062800148,1.9024750646472108,16852,True,False,False
7895,CSS_J112743.9+361941,RRc,RRc,False,False,26.445396145610278,63.597430406852254,2917,True,False,False
7896,CSS_J101913.4+301035,EA,EW,True,False,95.82309582309583,95.82309582309583,2597,True,False,False
7897,CSS_J070417.2+413236,EW,EW,False,False,73.08828961950499,71.53675655707426,16852,True,False,False
7898,CSS_J032710.6+342945,EW,EW,False,False,59.97414111562615,52.364240857037316,16852,True,False,False
7899,CSS_J074300.2+451225,EA,EA,False,False,41.154791154791155,55.77395577395578,2597,True,False,False
7900,CSS_J130512.7+102839,RRc,RRc,False,False,12.526766595289079,40.79229122055675,2917,True,False,False
7901,CSS_J115157.3+072341,EA,EA,False,False,29.115479115479115,26.9041769041769,2597,True,False,False
7902,CSS_J234320.3+265120,EW,EW,False,False,13.816032508311785,27.465829331363135,16852,True,False,False
7903,CSS_J031747.5+355149,EW,EW,False,False,2.2903583302548944,18.803103066124862,16852,True,False,False
7904,CSS_J012944.3+441143,EW,EW,False,False,44.237162910971556,33.28407831547839,16852,True,False,False
7905,CSS_J051109.1+035924,EW,EW,False,False,12.393793867750277,45.71481344661987,16852,True,False,False
7906,CSS_J050050.6-105047,RS CVn,EW,True,True,42.279411764705884,17.27941176470588,846,True,False,False
7907,CSS_J210400.3+064509,EW,EW,False,False,48.20834872552641,79.95936461026967,16852,True,False,False
7908,CSS_J015341.9+381641,EW,EW,False,False,16.58662726265238,3.620243812338382,16852,True,False,False
7909,CSS_J210807.8+112543,EW,EW,False,False,37.90173623937939,86.88585149612116,16852,True,False,False
7910,CSS_J102437.4-100318,EW,EA,True,False,92.79645363871445,74.71370520871814,16852,True,False,False
7911,CSS_J021447.8+300644,EW,EW,False,False,29.83007018840044,76.69006280014776,16852,True,False,False
7912,CSS_J071727.2+283904,EW,EW,False,False,57.27742888806797,30.901366826745473,16852,True,False,False
7913,CSS_J064758.7+551615,EW,EW,False,False,33.154783893609164,77.07794606575546,16852,True,False,False
7914,CSS_J155635.5-151603,EW,EW,False,False,78.2046545991873,63.4466198743997,16852,True,False,False
7915,CSS_J165842.0+054307,EW,EW,False,False,65.55227188769855,51.957886959734026,16852,True,False,False
7916,CSS_J021504.7+230113,LPV,RS CVn,True,False,78.16091954022988,62.06896551724138,281,True,False,False
7917,CSS_J230614.8+085712,EA,EA,False,False,20.638820638820636,50.859950859950864,2597,True,False,False
7918,CSS_J170113.2+193034,EW,EW,False,False,10.528260066494274,9.290727742888807,16852,True,False,False
7919,CSS_J111531.0+143444,RRab,RRab,False,False,45.93908629441624,6.852791878172589,1249,True,False,False
7920,CSS_J025144.7+404958,EW,EW,False,False,72.27558182489841,14.07462135205024,16852,True,False,False
7921,CSS_J172054.3+452127,RRc,RRc,False,False,34.68950749464668,67.88008565310493,2917,True,False,False
7922,CSS_J054630.5+015741,EW,EW,False,False,41.743627632065014,51.69929811599556,16852,True,False,False
7923,CSS_J105038.5+212149,LPV,RS CVn,True,False,74.71264367816092,73.5632183908046,281,True,False,False
7924,CSS_J051317.3+163213,EW,EW,False,False,23.032877724418174,38.99150350942002,16852,True,False,False
7925,CSS_J015016.5+030304,EA,EA,False,False,72.23587223587224,80.95823095823096,2597,True,False,False
7926,CSS_J045345.1+180413,LPV,LPV,False,False,31.03448275862069,8.045977011494253,281,True,False,False
7927,CSS_J085904.4-085529,EW,EW,False,False,78.18618396749169,97.10011082379017,16852,True,False,False
7928,CSS_J044850.0+080919,EW,EW,False,False,3.28777244181751,42.94421869227927,16852,True,False,False
7929,CSS_J150942.6+344755,EW,EA,True,False,86.99667528629479,12.966383450314002,16852,True,False,False
7930,CSS_J224017.7-031552,RRc,RRc,False,False,45.610278372591004,61.563169164882225,2917,True,False,False
7931,CSS_J104015.3+005240,EW,EW,False,False,14.222386405615072,56.20613224972294,16852,True,False,False
7932,CSS_J004923.0+034640,EA,EW,True,False,45.20884520884521,7.616707616707617,2597,True,False,False
7933,CSS_J150544.8+232258,EW,EW,False,False,11.987439970446989,7.185075729589951,16852,True,False,False
7934,CSS_J231834.1+363828,RRab,EW,True,False,99.23857868020305,95.93908629441624,1249,True,False,False
7935,CSS_J053311.1-133559,EW,EW,False,False,6.353897303287773,50.59106021425933,16852,True,False,False
7936,CSS_J125736.7+303028,EW,EW,False,False,60.45437753971186,41.90986331732545,16852,True,False,False
7937,CSS_J011554.8+333206,EW,EW,False,False,31.40007388252678,51.60694495751754,16852,True,False,False
7938,CSS_J034948.3-140853,RRab,RRab,False,False,18.781725888324875,5.32994923857868,1249,True,False,False
7939,CSS_J071918.3+515750,EW,EW,False,False,97.91281861839674,85.53749538234207,16852,True,False,False
7940,CSS_J160301.3+162520,EW,EW,False,False,46.7861100849649,67.25157000369413,16852,True,False,False
7941,CSS_J113923.2+181058,EA,EW,True,False,62.8992628992629,42.01474201474201,2597,True,False,False
7942,CSS_J230902.7+333153,EW,EW,False,False,79.31289250092352,82.74842999630587,16852,True,False,False
7943,CSS_J054229.1+032713,EW,EW,False,False,23.919468045807164,23.69782046545992,16852,True,False,False
7944,CSS_J131855.0+002721,EW,EW,False,False,62.11673439231622,77.13335796084226,16852,True,False,False
7945,CSS_J023702.4+301405,EW,EW,False,False,99.39046915404506,99.0025858884374,16852,True,True,True
7946,CSS_J111442.8-130214,RRab,RRab,False,False,16.751269035532996,32.233502538071065,1249,True,False,False
7947,CSS_J094450.6+272917,RRab,RRab,False,False,61.6751269035533,72.08121827411168,1249,True,False,False
7948,CSS_J164715.7+162525,EW,EW,False,False,2.9922423346878464,5.559660140376801,16852,True,False,False
7949,CSS_J030957.9+320506,EW,EW,False,False,19.782046545991875,28.88806797192464,16852,True,False,False
7950,CSS_J071205.6+310630,EW,EW,False,False,99.88917620982637,99.59364610269671,16852,True,True,True
7951,CSS_J050855.3+132320,EW,RRc,True,False,53.45400812707795,46.435168082748426,16852,True,False,False
7952,CSS_J161702.1+494124,EW,EW,False,False,92.26080531954193,88.78832656076838,16852,True,False,False
7953,CSS_J103428.6+391518,RRc,RRc,False,False,28.90792291220557,12.419700214132762,2917,True,False,False
7954,CSS_J043451.1+030709,EW,EW,False,False,22.31252308828962,29.165127447358703,16852,True,False,False
7955,CSS_J110002.0+044206,EW,EW,False,False,62.59697081640192,78.31547838936092,16852,True,False,False
7956,CSS_J033331.4+011646,EA,EW,True,False,90.9090909090909,58.108108108108105,2597,True,False,False
7957,CSS_J080319.4+114221,EW,EW,False,False,92.50092353158477,64.83191725157,16852,True,False,False
7958,CSS_J133456.3-152103,RRc,EW,True,False,78.69379014989293,76.44539614561027,2917,True,False,False
7959,CSS_J152101.4+331423,EW,EW,False,False,51.18212042851865,53.36165496859992,16852,True,False,False
7960,CSS_J131714.9+335515,RRc,EW,True,False,19.37901498929336,29.336188436830835,2917,True,False,False
7961,CSS_J014715.3+211203,EW,EW,False,False,58.17325452530476,65.79239009974141,16852,True,False,False
7962,CSS_J011251.4+433653,EW,EW,False,False,47.89434798670115,60.712966383450315,16852,True,False,False
7963,CSS_J080406.4+100253,EA,EW,True,False,87.96068796068795,85.74938574938575,2597,True,False,False
7964,CSS_J121705.4-162555,EW,EW,False,False,91.76209826376062,89.87809383080901,16852,True,False,False
7965,CSS_J041036.3+340258,EW,EW,False,False,95.01292944218692,89.73032877724418,16852,True,False,False
7966,CSS_J062007.1-093952,EW,EW,False,False,70.79793128925009,67.49168821573697,16852,True,False,False
7967,CSS_J133240.8+175045,RRc,RRc,False,False,85.33190578158458,10.920770877944326,2917,True,False,False
7968,CSS_J130146.8+163145,EW,EW,False,False,6.021425932766901,49.039527151828594,16852,True,False,False
7969,CSS_J003435.7+100316,EW,EW,False,False,91.98374584410787,86.01773180642778,16852,True,False,False
7970,CSS_J134619.9+512424,RRc,RRc,False,False,53.96145610278372,61.77730192719486,2917,True,False,False
7971,CSS_J015105.9-033241,EA,EA,False,False,52.579852579852584,60.810810810810814,2597,True,False,False
7972,CSS_J073937.7+202105,EW,EW,False,False,82.56372367934983,65.57074251939416,16852,True,False,False
7973,CSS_J112336.3+623808,RRab,RRab,False,False,3.807106598984772,3.5532994923857872,1249,True,False,False
7974,CSS_J162432.9+371701,RRab,EW,True,False,93.1472081218274,79.18781725888326,1249,True,False,False
7975,CSS_J072530.1+375949,EA,EA,False,False,46.06879606879607,56.01965601965602,2597,True,False,False
7976,CSS_J234717.2-054353,EW,EW,False,False,66.49427410417437,74.65829331363133,16852,True,False,False
7977,CSS_J080914.7+325742,RS CVn,RS CVn,False,True,11.029411764705882,29.044117647058826,846,True,False,False
7978,CSS_J180035.0+363407,EW,EW,False,False,16.01403768008866,31.58478019948282,16852,True,False,False
7979,CSS_J223026.7+333012,EW,EW,False,False,8.625785001847062,3.8788326560768382,16852,True,False,False
7980,CSS_J050704.7-014127,EA,EA,False,False,83.78378378378379,84.15233415233415,2597,True,False,False
7981,CSS_J094636.9-034212,RRc,RRc,False,False,17.77301927194861,13.062098501070663,2917,True,False,False
7982,CSS_J042822.8+374431,EA,EA,False,False,33.415233415233416,30.83538083538084,2597,True,False,False
7983,CSS_J154157.3+085622,RRab,EW,True,False,99.49238578680203,94.41624365482234,1249,True,False,False
7984,CSS_J233202.0+220241,EW,EW,False,False,1.2744735869966752,13.372737347617289,16852,True,False,False
7985,CSS_J145155.6-022947,RRab,RRab,False,False,39.847715736040605,52.28426395939086,1249,True,False,False
7986,CSS_J000633.3+320602,EW,EW,False,False,68.32286664203916,25.0092353158478,16852,True,False,False
7987,CSS_J130212.2+100733,RRab,RRab,False,False,81.47208121827411,82.99492385786802,1249,True,False,False
7988,CSS_J120601.2+314955,RRab,RRab,False,False,72.58883248730965,60.913705583756354,1249,True,False,False
7989,CSS_J020451.3+052201,EW,EW,False,False,2.031769486516439,47.87587735500554,16852,True,False,False
7990,CSS_J055610.1-081349,EW,EW,False,False,76.17288511267085,57.62837089028445,16852,True,False,False
7991,CSS_J160228.8+201557,EW,EW,False,False,4.02659770964167,50.99741411156261,16852,True,False,False
7992,CSS_J045726.9+024553,EW,EW,False,False,21.074990764684152,86.38714444033985,16852,True,False,False
7993,CSS_J033608.0-100015,RRc,EW,True,False,44.3254817987152,78.26552462526767,2917,True,False,False
7994,CSS_J083603.8-050335,EW,EW,False,False,37.4953823420761,41.68821573697821,16852,True,False,False
7995,CSS_J040852.3+133014,EW,EW,False,False,4.968599926117473,6.169190986331732,16852,True,False,False
7996,CSS_J221837.6+211925,EA,EA,False,False,0.12285012285012285,5.282555282555283,2597,True,False,False
7997,CSS_J084946.0+130302,EW,EW,False,False,45.62246028814185,49.279645363871445,16852,True,False,False
7998,CSS_J085536.2-090546,EW,EW,False,False,29.77465829331363,83.43184336904322,16852,True,False,False
7999,CSS_J042215.1+292417,EW,EW,False,False,27.669006280014774,17.934983376431475,16852,True,False,False
